bitstring,energy,prob
11011010101001001010,23.155189089597904,9.765625e-05
01001001111110101100,28.851360313182724,9.765625e-05
00101101010100001000,19.900005329559445,9.765625e-05
10101100001000001010,22.77893312189236,9.765625e-05
00000101011011010110,32.39373494165073,9.765625e-05
10010010000101011110,34.37368282735481,9.765625e-05
00101100001010101000,20.002151521977357,9.765625e-05
01011011101100000001,20.6306078205404,9.765625e-05
10110110011000000110,26.849166308346675,9.765625e-05
11111000001010001010,17.736561306812103,9.765625e-05
00100100110100101111,37.402526219285505,9.765625e-05
11011010000110111011,22.184693325699723,9.765625e-05
00001100101111000100,26.897124045336746,9.765625e-05
01111010111111001000,20.050895973289794,9.765625e-05
00001100100010010111,26.341428059149244,9.765625e-05
00100011101010011010,25.173007153590543,9.765625e-05
11100010001011010111,37.07882407031468,9.765625e-05
00100101010100111111,28.090242730764334,9.765625e-05
00001110111101101100,33.63747495526293,9.765625e-05
00010101100100001011,31.520819353179164,9.765625e-05
01000011001010110000,20.343348670490688,9.765625e-05
10100000101111010000,42.62580936941987,9.765625e-05
11100011011110110010,25.426364590218924,9.765625e-05
11100101100101100010,14.844154947789026,9.765625e-05
00010100101100010100,28.051131237454438,9.765625e-05
10110110001011100100,26.86792378508204,9.765625e-05
00011000010100101010,24.41796277058982,9.765625e-05
11101100101000010100,13.728418085054667,9.765625e-05
00100101110110100000,23.71925120347601,9.765625e-05
01010001101000010001,32.08815875598608,9.765625e-05
10001001110101100100,27.909180253668872,9.765625e-05
11110011110101011011,17.196975955343987,9.765625e-05
01010011001000001010,25.411125722666483,9.765625e-05
10110000000000000000,16.118563817365718,9.765625e-05
11101100001001011011,18.42805773536806,9.765625e-05
01010001111101010000,25.95446373403828,9.765625e-05
00001111111100011101,22.630598047376246,9.765625e-05
10000011100101010100,26.378754671969954,9.765625e-05
10110011111000010111,23.537588758501183,9.765625e-05
00100000011001101011,49.240941502273856,9.765625e-05
10011100000010101110,19.47039217717561,9.765625e-05
00010000000111001010,35.09570247700617,9.765625e-05
11010011000111110100,15.423265612968073,9.765625e-05
01000101111010001010,45.25165339125009,9.765625e-05
01000101111010001110,43.6696587318258,9.765625e-05
11101110101110101010,21.848400217708793,9.765625e-05
01110010001110101010,20.442543408591458,9.765625e-05
10000000001111111010,53.92940464518946,9.765625e-05
11010010100000000000,12.917260368883131,9.765625e-05
00010011101011010111,30.39719620686101,9.765625e-05
01100011000111111101,26.160661537006312,9.765625e-05
01000001001011010101,28.560879025343805,9.765625e-05
10010010010101000000,27.229738439647676,9.765625e-05
10001101100111111001,16.88332765957748,9.765625e-05
11001011010001010100,26.339590922637207,9.765625e-05
01001110111011000000,14.914991840833565,9.765625e-05
01010100111111000010,33.547366529824544,9.765625e-05
11100111100010010010,23.068143105877752,9.765625e-05
01001111101101101101,18.279372757702532,9.765625e-05
10111000101000000010,17.805268123521692,9.765625e-05
10000101101110000010,28.407257123206943,9.765625e-05
01001111111001011010,15.759156474659545,9.765625e-05
01011011011011110100,13.390605888440502,9.765625e-05
10111101100000100001,22.253757832281593,9.765625e-05
01101110001000001111,24.627797527960414,9.765625e-05
10001101100001100001,12.95038369398376,9.765625e-05
00000010100000010100,34.71620375866676,9.765625e-05
00011001110010000110,20.025265033111346,9.765625e-05
01011010111101001000,20.60761311641604,9.765625e-05
00010001100011111100,40.98541409151915,9.765625e-05
10100010000011111110,50.374870966428375,9.765625e-05
00100010011111011001,57.35255815453124,9.765625e-05
00001111010010000000,14.248075941515857,9.765625e-05
00000101100001111110,36.111622159429665,9.765625e-05
11000110101010100101,21.18217588581545,9.765625e-05
11110110110100110101,13.821273081712013,9.765625e-05
11000110000000111011,17.24864957214671,9.765625e-05
01011001111111010101,21.10856338507727,9.765625e-05
10100111011000101101,26.661963134343274,9.765625e-05
01000100100110100000,30.256140901348907,9.765625e-05
01000101010100001111,24.695479656160455,9.765625e-05
10011010010000001011,32.598892830423964,9.765625e-05
11001101011010101101,15.230814660598824,9.765625e-05
00111101010001111101,17.443568097101007,9.765625e-05
00000001110100111110,50.53745186316556,9.765625e-05
11100110110010010101,20.682882553514013,9.765625e-05
11001100100111110010,12.489168302403641,9.765625e-05
00110010000110111010,27.469196240129715,9.765625e-05
10111100011101101100,20.325088401858565,9.765625e-05
11101001111100011000,20.326447789468475,9.765625e-05
01110011001101111111,21.349710886264845,9.765625e-05
01111101001010000001,27.971259760079704,9.765625e-05
00001111111111011000,18.090242730764334,9.765625e-05
10111000010011111001,36.02052370873189,9.765625e-05
11110001010001110100,11.2106240945883,9.765625e-05
11010100110111101110,22.99484123611185,9.765625e-05
01010011110000010100,12.046708477404973,9.765625e-05
10100111000000100010,28.919784050360754,9.765625e-05
11100111100111110001,18.75127361388317,9.765625e-05
00101111111100111110,23.92532740228467,9.765625e-05
11010001010010100011,19.931883770239892,9.765625e-05
11010001101000110100,21.93076038121569,9.765625e-05
00010110111011001111,31.792900277165163,9.765625e-05
00111111110011100101,17.777127236662885,9.765625e-05
11110011011100101101,17.135056297622327,9.765625e-05
01100110001000111110,21.6345608742185,9.765625e-05
11000110111011101010,23.048471177830695,9.765625e-05
10101001110100010000,34.52026781548459,9.765625e-05
10110100001111000110,19.446979386248685,9.765625e-05
00101000000010010110,35.489747206035055,9.765625e-05
01000000110110011111,52.80883933166257,9.765625e-05
01110011101111100000,19.91264690109621,9.765625e-05
00001000100101000000,35.58353342522851,9.765625e-05
10101000010010101000,40.08625407227494,9.765625e-05
00100111000000111000,21.484469340870014,9.765625e-05
10110100101011010000,16.42417122183692,9.765625e-05
11010000111000101010,22.006906271104636,9.765625e-05
11011101011100010001,13.512370795539319,9.765625e-05
00111110011110111100,22.14108183910431,9.765625e-05
01101101001100001011,19.740058057230478,9.765625e-05
00001000001111011100,49.738761553241496,9.765625e-05
10011000010011111110,33.828627738500835,9.765625e-05
11111010110111101100,29.586237219321514,9.765625e-05
10100101000000010001,19.393901815022158,9.765625e-05
11010011010101000001,13.599056280987973,9.765625e-05
10001101001000010101,18.01628021811336,9.765625e-05
00011000001010111101,32.449302156762386,9.765625e-05
01011111101100110010,27.090055445834295,9.765625e-05
10110101011010011100,21.512940660427645,9.765625e-05
00001000010000010101,43.38222373515258,9.765625e-05
11001100010010110000,8.720554596352205,9.765625e-05
10100100010101100100,30.65473623617997,9.765625e-05
11001101111000100101,13.1279190395944,9.765625e-05
01001010011111100000,28.83471803003217,9.765625e-05
10100111111001000000,19.39477284776804,9.765625e-05
11110001110001001100,8.112084507982498,9.765625e-05
10011100110001101010,15.055139355144943,9.765625e-05
11111111001101111110,30.320241498917063,9.765625e-05
00010001110011111111,48.01555400907501,9.765625e-05
10100010000010111111,49.729863777119725,9.765625e-05
10110000001010100000,19.692663121987117,9.765625e-05
11010010010011101011,19.254039355434163,9.765625e-05
00010011111100000000,16.9597956345274,9.765625e-05
01100001000000100001,19.69177344074857,9.765625e-05
10110011011010101110,22.110143790146076,9.765625e-05
00100010010000101111,47.32034781190018,9.765625e-05
01011010110110011010,18.54267028915328,9.765625e-05
11101101110111001001,18.51387842966418,9.765625e-05
01001110101110000000,14.876068688173689,9.765625e-05
10001100000111011110,27.959847166969,9.765625e-05
11111001001010000001,24.86051135425828,9.765625e-05
10100000011000101000,33.60551936847363,9.765625e-05
10000110000111110101,31.13043116860663,9.765625e-05
11100011001011111010,22.703823701754608,9.765625e-05
10001111010100001010,25.76143124430246,9.765625e-05
00100100000000000010,16.60325781643848,9.765625e-05
11110011001111000000,21.82305950733072,9.765625e-05
00100000101101010110,48.24416372719026,9.765625e-05
00101110011111101010,30.129711179525447,9.765625e-05
00001110100001010100,25.16809153896657,9.765625e-05
00001000000101111111,54.735584619173345,9.765625e-05
01011100000011101100,21.045806312979735,9.765625e-05
10110111011100101101,20.087442211348506,9.765625e-05
10011110110110010101,23.106608088849477,9.765625e-05
11100111111101111110,15.802983667841826,9.765625e-05
11010011010000110111,16.450872141373168,9.765625e-05
11111000011111000000,19.08834782021735,9.765625e-05
10111100010001011100,28.15271973771162,9.765625e-05
01101111011110111111,18.623607664988157,9.765625e-05
10001010011011101000,41.76884367512622,9.765625e-05
11111110010000110111,33.209566794760896,9.765625e-05
01001111001000000001,20.970282130879824,9.765625e-05
10100111110101111011,25.005218643967595,9.765625e-05
11100110100100100000,19.652850288088693,9.765625e-05
00101110010010010001,33.87586443073318,9.765625e-05
01000001101000000010,31.82567439611907,9.765625e-05
00001011101101010100,29.361499632646268,9.765625e-05
10001000100100101111,41.63747495526294,9.765625e-05
00000101101100010000,27.71307117388573,9.765625e-05
11101000110000001111,28.09246596796565,9.765625e-05
01011111110100000100,17.889370673819272,9.765625e-05
10100101001111110000,19.651276135453056,9.765625e-05
00001010101100000001,38.01253933945131,9.765625e-05
01001010010011111101,34.5063399431853,9.765625e-05
00010101011011111001,34.97134868743019,9.765625e-05
11000011110011100101,16.495547169389347,9.765625e-05
00001000111000011100,47.37505814259502,9.765625e-05
11011001010111110011,16.00045765324697,9.765625e-05
10100101110000100110,18.49135967350453,9.765625e-05
11110111100010011011,29.371400972524455,9.765625e-05
00000000110110101111,72.90826933392798,9.765625e-05
10001001110101110101,37.58961583166032,9.765625e-05
11001000011000011101,26.540586227247825,9.765625e-05
01110101111100111000,25.657263362101197,9.765625e-05
00110111000100101011,20.20284781942611,9.765625e-05
10111111000010100110,39.874065696182186,9.765625e-05
11011111000100110111,27.093835450038632,9.765625e-05
10110100110000100100,13.988710018100807,9.765625e-05
10101100000010101000,24.77893312189236,9.765625e-05
10111010110000000100,43.65164351136229,9.765625e-05
10001100000001001001,20.309472472359936,9.765625e-05
01111001011111000000,11.624511287415714,9.765625e-05
10001000100000010101,38.54058622724783,9.765625e-05
00100000001111111101,61.14564307250457,9.765625e-05
01001000101111010110,36.1535962013424,9.765625e-05
11111110100101011111,27.555024095944127,9.765625e-05
11001110011011101010,17.280326454569376,9.765625e-05
00100101111001111100,27.80238683929899,9.765625e-05
10010001110100010101,20.00111714743085,9.765625e-05
00100011100011110011,30.372515519105796,9.765625e-05
10110110011100111110,26.14108183910431,9.765625e-05
11000010111101011101,38.818668722554726,9.765625e-05
11100100010001000101,16.80053721960026,9.765625e-05
00001110001001111100,25.911252741472747,9.765625e-05
01001100010010101010,17.713033066191954,9.765625e-05
01010011111000110111,25.70954183378568,9.765625e-05
00100000001001111110,47.689781837764414,9.765625e-05
01110010010010010011,15.951787539644176,9.765625e-05
01000111000101101111,20.44428464173859,9.765625e-05
10100011101101100101,32.493690573676204,9.765625e-05
01000110111010001000,22.786287778681178,9.765625e-05
11111110100010110111,26.439636489065315,9.765625e-05
00011111111001001101,16.247834435757866,9.765625e-05
11110100011011111010,16.423194621325365,9.765625e-05
11100100100010110011,16.82768924568305,9.765625e-05
10001110110110010000,29.719679074282546,9.765625e-05
10011001111011000001,18.831614699252594,9.765625e-05
00100101111001101011,29.152227127695536,9.765625e-05
00011001011110101010,23.618932461533177,9.765625e-05
01100101110101111110,21.289638051092176,9.765625e-05
11001101000001000001,16.49639872129793,9.765625e-05
00110101111001111100,24.49410250601261,9.765625e-05
10011111110001111101,18.604740881776245,9.765625e-05
00010100111010101111,50.786937804807984,9.765625e-05
11100111001111001010,22.17699754271333,9.765625e-05
11110000100001111011,17.13312871026647,9.765625e-05
10010011011010111001,21.37743713076469,9.765625e-05
00010001011010110101,35.16011624090508,9.765625e-05
00101101100001011100,17.80526812352169,9.765625e-05
10000001101111110000,36.64406963805199,9.765625e-05
10110000111011010000,26.556712789597515,9.765625e-05
01101101101111111111,19.117758895452813,9.765625e-05
10100000101101010101,48.818668722554726,9.765625e-05
01011111111110100000,20.62187776138417,9.765625e-05
00010011100011000000,16.540415713132543,9.765625e-05
10000111111111111000,22.221946149727977,9.765625e-05
11111100000000011111,21.262231280007448,9.765625e-05
10010100111010101000,27.871431886679744,9.765625e-05
00011001101000001000,23.528095710215574,9.765625e-05
11011000010000010010,12.928514022389784,9.765625e-05
00110001110101010000,16.032125278946666,9.765625e-05
01000110110100000000,14.590120924863092,9.765625e-05
10000000111011110001,57.21473965232692,9.765625e-05
10100011001100111101,37.10660808884948,9.765625e-05
01100000011011111100,38.04753340859416,9.765625e-05
01111000010001000001,16.322204407613327,9.765625e-05
01011010011111101010,20.405933340408332,9.765625e-05
00101101001000101010,18.453143379445276,9.765625e-05
11100100001011111101,20.80018306129879,9.765625e-05
10011111001010000011,27.38043749462809,9.765625e-05
01111000011011010101,17.64732216185002,9.765625e-05
01011100111010000100,17.583280345368948,9.765625e-05
10001101011000101001,17.237648998499623,9.765625e-05
11100101000110010101,17.391640262987007,9.765625e-05
01111100101101110100,10.566638062218395,9.765625e-05
10100101001110100100,21.471294341600853,9.765625e-05
10101111001110001000,32.09725193589949,9.765625e-05
00001000101111111000,53.24743124295492,9.765625e-05
01011101101111111101,28.528669635113687,9.765625e-05
00011000010110111110,35.51326838351359,9.765625e-05
00110110100011101010,21.86296032701851,9.765625e-05
10110110110001101010,19.91176690589462,9.765625e-05
11101000100101010001,34.84448340529603,9.765625e-05
01010101101010000011,54.367208165767586,9.765625e-05
10001000110110100011,43.71462336443777,9.765625e-05
01000001111011001111,45.71960371827129,9.765625e-05
01111110101110010011,12.94027487514371,9.765625e-05
01101101000110111101,20.234237709351945,9.765625e-05
00000111101001000001,18.18402903708499,9.765625e-05
10100011111001010101,36.75333342215666,9.765625e-05
10111111010100111110,34.69058466522097,9.765625e-05
10110100011111111010,22.021471164005387,9.765625e-05
10111100010011100010,18.360253083083713,9.765625e-05
01100111101111101100,21.157867172056626,9.765625e-05
10111011101001010100,34.64560130782894,9.765625e-05
11011111110100000101,21.1841000287277,9.765625e-05
10000111100000101000,16.32364373848183,9.765625e-05
01010111100101010101,16.132598705341493,9.765625e-05
00001001101010100010,28.555358707917282,9.765625e-05
10000011011111101010,32.666478353314034,9.765625e-05
00110011011000010111,19.537588758501183,9.765625e-05
00111000010011010010,25.555807180728667,9.765625e-05
00101110010011110010,32.28909211853689,9.765625e-05
10101110010111101101,52.01502564765623,9.765625e-05
10110100011101111000,16.625873385048163,9.765625e-05
00100000111000010010,38.50885530950108,9.765625e-05
00111000010001110000,26.87761369557126,9.765625e-05
00000011101010010000,25.71925120347601,9.765625e-05
01001101100111111111,23.980496109807746,9.765625e-05
01101001101011010000,16.487241525756232,9.765625e-05
00010001110011101001,37.7619568956987,9.765625e-05
10001101110000011000,16.904983071747093,9.765625e-05
11110100011100101100,10.787406569618218,9.765625e-05
00101100011100100111,26.189710840723524,9.765625e-05
01010000110100101010,31.91718937724042,9.765625e-05
10101101000111101111,23.202776827783403,9.765625e-05
11000001000101001000,14.064268129029823,9.765625e-05
10010010000011111111,35.13957775818644,9.765625e-05
00111100010011000110,15.427874727226268,9.765625e-05
01100011001111111111,28.372515519105796,9.765625e-05
01000001100101111010,38.42456369497223,9.765625e-05
11110011110101101001,15.281990356103767,9.765625e-05
01101010100000010000,29.090025037736183,9.765625e-05
11100011110001010100,19.104700695115795,9.765625e-05
00100010010011000101,48.723445675375245,9.765625e-05
00110111010000011100,18.619016670783648,9.765625e-05
10111111011001011111,32.21250940622553,9.765625e-05
00011010100101111110,37.289638051092176,9.765625e-05
11110000101110100111,19.353530576178127,9.765625e-05
11001111100010111110,17.262123959972193,9.765625e-05
10100010001010110101,48.98271934700905,9.765625e-05
01001110100011101000,17.471294341600853,9.765625e-05
01100101111111100001,25.86502928325158,9.765625e-05
11100101000100110101,15.820350516524531,9.765625e-05
11011110000000010101,26.80910934620458,9.765625e-05
10001000100011110110,41.51799304584167,9.765625e-05
00110010011110100010,24.93205617241979,9.765625e-05
01000001000010101100,28.228287534677595,9.765625e-05
11100010011011100100,32.813637782783104,9.765625e-05
01001111110101000100,12.737530931309244,9.765625e-05
01000000000111111001,44.20126806165117,9.765625e-05
00110100010010100000,16.24705125300631,9.765625e-05
10110010010111101010,33.97556532855308,9.765625e-05
11100011101001010010,19.423265612968073,9.765625e-05
01000110100001010100,15.39227685352617,9.765625e-05
10010001100101100110,21.66179253310079,9.765625e-05
00110000011010101001,28.556712789597515,9.765625e-05
10011101100111111000,15.45594398598831,9.765625e-05
11100101111010010101,15.45177775024202,9.765625e-05
00010111001100000000,17.202318450955183,9.765625e-05
00110000011110110111,38.527214278647854,9.765625e-05
11110001100100000100,10.422727292881255,9.765625e-05
11011101010101000000,14.76071469966488,9.765625e-05
01011110111010010111,14.533936785553442,9.765625e-05
00001000001001011100,41.58353342522851,9.765625e-05
01011100011011101010,20.527417480411827,9.765625e-05
10011101000001100001,15.922738127163583,9.765625e-05
10110011000100001010,23.618053287879853,9.765625e-05
10100100000000010101,24.87993375606242,9.765625e-05
01101100011110000100,13.66632812035779,9.765625e-05
11110100010100010000,6.640356239485634,9.765625e-05
11001111000011111001,17.480457055154652,9.765625e-05
01010010101010001000,23.8289818968023,9.765625e-05
01110101101011101000,42.68105884174981,9.765625e-05
00001000011100000100,40.36247623315783,9.765625e-05
01101100101011011001,17.343897411035528,9.765625e-05
10110110111010010000,19.213434387168288,9.765625e-05
11010011100010001000,17.772648258957467,9.765625e-05
10011000010000101010,19.93599120326291,9.765625e-05
10111111001101101100,30.558817230629025,9.765625e-05
10111010100100101101,40.598892830423964,9.765625e-05
10001111011100000111,28.473821467522086,9.765625e-05
11101100000001000011,23.018876556376064,9.765625e-05
11101001000101011000,28.822574695286974,9.765625e-05
01010001101000111010,47.4600922205358,9.765625e-05
01010101011100100111,31.205100332718168,9.765625e-05
01000011010101101000,18.670683420335344,9.765625e-05
00010001010110011110,33.15877278092548,9.765625e-05
00110001011011010101,22.04599028926121,9.765625e-05
11100010011001110110,36.942588683201706,9.765625e-05
00110110111000011110,20.791594065503038,9.765625e-05
00110111110010110011,19.710330523709516,9.765625e-05
11111010100110001111,29.369863871862602,9.765625e-05
01000101111000111111,42.31297714035385,9.765625e-05
11111101010011101101,21.545539177316485,9.765625e-05
00011011100101110001,22.563637061900945,9.765625e-05
01111011011010111101,19.13600030845221,9.765625e-05
00101000101111001000,39.495008114881465,9.765625e-05
10000100010000000010,20.696138426763085,9.765625e-05
00011010101101011111,39.24374210881689,9.765625e-05
10010000100011111010,36.149426521152506,9.765625e-05
10011011001101001111,27.360027504956026,9.765625e-05
01111110011001000111,19.250461905699936,9.765625e-05
00111110101101000001,16.154218730679695,9.765625e-05
01110100001000110101,16.54095214515474,9.765625e-05
00110010101111100000,26.003210895373257,9.765625e-05
01010111100000001111,33.63907855824372,9.765625e-05
01001100000101110001,13.026612982414726,9.765625e-05
11011001100100111010,18.67924306375297,9.765625e-05
00011100000101101111,18.68096120775151,9.765625e-05
10000000111110101111,65.52763589702123,9.765625e-05
10111010011101101110,46.932418351615844,9.765625e-05
01000101110101011010,27.66096333591973,9.765625e-05
01011100001100111100,16.33238620453738,9.765625e-05
00010011110001010001,18.488300899152133,9.765625e-05
01110010011000001010,13.431992874974563,9.765625e-05
01111011101100100111,20.586336839761103,9.765625e-05
10101001100101010000,32.156483727158445,9.765625e-05
01011111111100010000,17.328981156983048,9.765625e-05
11100011000101010010,28.509276291420406,9.765625e-05
10000000101001000010,37.121309359896344,9.765625e-05
10110100001001111101,19.67348402687838,9.765625e-05
00100001111010111001,43.064428048023025,9.765625e-05
10010110010110001000,13.33863098417702,9.765625e-05
01001001001111001000,21.62492592977467,9.765625e-05
01011001001110001100,21.08875351096042,9.765625e-05
00111100111000101000,14.188156870870246,9.765625e-05
00010101011010011101,32.45397184220526,9.765625e-05
10001010101111101101,49.77909304088557,9.765625e-05
01011100110010111011,20.755373026011604,9.765625e-05
01001100110000010100,12.453095291447283,9.765625e-05
00100011110010111110,32.093113409025136,9.765625e-05
10010010110101010000,30.26614967043538,9.765625e-05
00011111110011001111,16.17871568671186,9.765625e-05
10100110000011100111,36.36800030013504,9.765625e-05
10100100000110110110,29.07735620902597,9.765625e-05
11101100110101001110,19.868280653406053,9.765625e-05
11101001110101010001,28.26900180942001,0.0001953125
11110100101100100111,13.106608088849477,9.765625e-05
00010110110100010001,14.252723370607884,9.765625e-05
00111001100010111011,24.135929316809502,9.765625e-05
10101100000010101011,25.299444331199556,9.765625e-05
11110001101110001111,20.234876922376795,9.765625e-05
11000100001011101111,28.881398085780326,9.765625e-05
10110000010100000001,21.289992209393645,9.765625e-05
00110000110001000001,20.35435530022725,9.765625e-05
11001110100011001111,20.57689720114189,9.765625e-05
10101101011111101001,22.533936785553443,9.765625e-05
00111110010010111000,22.630607820540398,9.765625e-05
00100001100010100001,28.130328103723436,9.765625e-05
11100111111100110100,16.3270605456416,9.765625e-05
11101111111010101110,21.417933712478955,9.765625e-05
10010101000110100110,24.747902821152895,9.765625e-05
00000001011010100000,34.851360313182724,9.765625e-05
00100101100001111111,26.335385855615893,9.765625e-05
10011010101001011110,36.42417122183693,9.765625e-05
01101110011111111110,23.66594210679571,9.765625e-05
10101101000010110000,24.200088030599392,9.765625e-05
01110111101011011101,22.34091315989665,9.765625e-05
10001000000001010001,40.60042806465738,9.765625e-05
11110110011101010110,19.775448131079433,9.765625e-05
11101001011010111011,22.515785823397863,9.765625e-05
00011010100010010000,22.181228430541957,9.765625e-05
11100101010010010101,16.182795618003,9.765625e-05
00000101101111100010,42.49698120022563,9.765625e-05
11011111100111100011,22.99873335478229,9.765625e-05
00101101001010000001,16.110391537497417,9.765625e-05
10100110001011010100,33.91779942339102,9.765625e-05
11110111010011001111,23.25810680312894,9.765625e-05
10000110101011111000,26.341428059149244,9.765625e-05
01000100101011111010,47.78134210973401,9.765625e-05
00101101100001010101,15.96265401510538,9.765625e-05
10101111011000001110,36.11265037951003,9.765625e-05
00100100000010101010,27.764292149399104,9.765625e-05
10001010110110011110,54.75130442426361,9.765625e-05
00111100111011100011,12.66927271826372,9.765625e-05
00110110100001101010,20.355464405127336,9.765625e-05
01101110000001111010,25.10664275209964,9.765625e-05
11101100000100011011,21.692405579835437,9.765625e-05
10111001110101101100,21.178808760451027,9.765625e-05
11110101010110100000,20.17250814454988,9.765625e-05
01000011100100100101,21.581978731793985,9.765625e-05
01101101101100011101,16.886173338988883,9.765625e-05
11110001000000000101,16.534362669918686,9.765625e-05
10111001000010101000,24.12579071552902,9.765625e-05
11110011011101110001,21.193336465582938,9.765625e-05
00001110110101000000,26.00972904687132,9.765625e-05
00101110001100010011,29.201973989530487,9.765625e-05
00000111111111001100,25.158772780925478,9.765625e-05
10100011000000001010,27.980876703324736,9.765625e-05
01001011000001100100,16.398517170873696,9.765625e-05
11100010001001111101,35.28312154310031,9.765625e-05
11110001010001001101,12.099766393130146,9.765625e-05
01011001100000000101,19.8896085604696,0.0001953125
11001111011011111010,14.124491088395354,9.765625e-05
11101101100100101101,19.696504344670004,9.765625e-05
01101100011001100111,15.406967714954837,9.765625e-05
00001110101010001000,19.757843101479136,9.765625e-05
00000101110001111110,37.99901715789509,9.765625e-05
11101110100101010001,35.847075281266626,9.765625e-05
00000100001101001100,33.04921686770634,9.765625e-05
01001011111000100001,20.03979868556935,9.765625e-05
10100101010011110100,21.885181534428266,9.765625e-05
00100010110101000000,43.66972348187515,9.765625e-05
10100100101011001000,22.725780929075643,9.765625e-05
10001001110011100111,30.348425847614052,9.765625e-05
11100110010110100111,28.30910591799897,9.765625e-05
11011011101110000101,20.333607227559874,9.765625e-05
10110111110001111111,19.282934366933645,9.765625e-05
00110101010111110100,17.13312871026647,9.765625e-05
11110011011111110111,21.542460209341908,9.765625e-05
10011011000001010110,32.69608970231105,9.765625e-05
00010011110011011111,28.367243710030234,9.765625e-05
00010001000011100010,29.844010988902127,9.765625e-05
01011010100110100000,16.916906210581658,9.765625e-05
10110101111011011110,21.32453530778499,9.765625e-05
01100111001101010101,14.493870871795457,9.765625e-05
01000101000110000100,21.991526552274145,9.765625e-05
01010111101111011000,28.212190547628275,9.765625e-05
01110011010010010111,14.643503206357797,9.765625e-05
11110111010101110110,21.336471849731197,9.765625e-05
00100100011111101000,35.40252621928551,9.765625e-05
11011001011101111011,17.122743613654876,9.765625e-05
00100000101110110100,50.03849873713676,9.765625e-05
00001101101110101000,26.946710275393613,9.765625e-05
10101111110100000101,39.94550629581695,9.765625e-05
11011010011000000011,23.074927761983208,9.765625e-05
11100100010100010000,12.777038135057996,9.765625e-05
10001011010001011010,36.79366655330692,9.765625e-05
10001111010100010110,30.791848065287546,9.765625e-05
01100111000101101001,21.268738101962363,9.765625e-05
00011010001111101010,26.405933340408332,9.765625e-05
10100100101000100000,17.698948719343075,9.765625e-05
10101111011000010000,40.01232716443526,9.765625e-05
10100001100111000010,24.251238748891126,9.765625e-05
01001011000011111001,20.202844287855303,9.765625e-05
11011100001011000100,16.204168805074985,9.765625e-05
11011101111111000101,12.888226269214982,9.765625e-05
00101001011111010000,30.88139808578033,9.765625e-05
00000011011001101111,36.343701185285965,9.765625e-05
11000101001110100100,22.102262474908876,9.765625e-05
01110100111010110111,23.196121780949717,9.765625e-05
00010111110000010000,16.762327167134348,9.765625e-05
10011000110100111111,34.22882305761467,9.765625e-05
01000110110111011110,26.707485273612107,9.765625e-05
00110011010000101101,19.096718213899827,9.765625e-05
00100101111010110101,30.81928147872786,9.765625e-05
11001000001011010010,22.741288679162725,9.765625e-05
10110100000100010100,15.900005329559447,9.765625e-05
10100110000111111000,32.013136902415205,9.765625e-05
11110111011001001111,22.370814858706893,9.765625e-05
01010010111101000000,20.051310615648752,9.765625e-05
11111011101010011101,27.377505412384863,9.765625e-05
01101110001100010110,22.01723120495766,9.765625e-05
00000101111101010100,30.906853092208067,9.765625e-05
11000111101110110101,18.67888266385815,9.765625e-05
10100111010010111000,25.816512825412453,9.765625e-05
01100100011010111101,26.69917962997899,9.765625e-05
01101101101110000101,16.599846527290808,9.765625e-05
11110111001000001111,33.54851456396666,9.765625e-05
01011011110011111110,18.160661537006312,9.765625e-05
00001011101001010100,25.229796213682622,9.765625e-05
10011000010001111101,34.1734217959495,9.765625e-05
01001110110000001010,17.268388111685752,9.765625e-05
01000010110011111100,36.04753340859416,9.765625e-05
10111000010011110000,33.089301517084195,9.765625e-05
01000001100101111110,37.999017157895096,9.765625e-05
00110011001011110100,21.116766883752135,9.765625e-05
10011011011010010110,26.360253083083713,9.765625e-05
10000010111100011001,49.604286890952764,9.765625e-05
11100111011101011010,19.25333341675848,9.765625e-05
00111100101000001100,16.963017859443806,9.765625e-05
01011110010100101000,13.484816523157072,9.765625e-05
01011110111101011111,16.421331784018868,9.765625e-05
10110010000110111110,34.93117346719566,9.765625e-05
11001100001000101011,14.787084277417177,9.765625e-05
11010101110010010100,20.870201264747497,9.765625e-05
01000100010011111101,31.513268383513587,9.765625e-05
10011000010001010100,32.38834777000914,9.765625e-05
01010110111000000000,18.185346578290257,9.765625e-05
10011011011000010110,29.074927761983204,9.765625e-05
10101001011110111101,41.72776649760651,9.765625e-05
01111001100010000011,20.31065790141096,9.765625e-05
01000100101110000010,36.53825368356996,9.765625e-05
11000110110101000010,17.581978731793985,9.765625e-05
10011010011011011101,40.693079652410695,9.765625e-05
01110111001000011110,28.15614631803556,9.765625e-05
11110001000000001100,16.752982376203516,9.765625e-05
10101000010001011001,58.67857971669936,9.765625e-05
11110100001001100001,14.630607820540405,9.765625e-05
01010011101010100100,28.542816658443435,9.765625e-05
11001000010010110101,24.7528902493775,9.765625e-05
10000101001001110101,19.790158364582012,9.765625e-05
11011001000000010010,20.919793736397708,9.765625e-05
11101011101011010010,26.724913722167834,9.765625e-05
11110101011111100000,17.77544813107944,9.765625e-05
10001001111111000000,28.56088871138076,9.765625e-05
11000010110010011101,25.27459376578311,9.765625e-05
11111011100101111111,29.483405908212646,9.765625e-05
01011111111100110101,15.913763939763673,9.765625e-05
11001001010111100100,15.907076819689504,9.765625e-05
11110000001010100000,15.04484564009848,9.765625e-05
01110101101011110011,35.30214833243262,9.765625e-05
00111101001111110100,12.869831178815724,9.765625e-05
10100110000010111110,33.24443283264715,9.765625e-05
10101000010100000101,59.02698408619501,9.765625e-05
11001100110101101010,14.150830258049536,9.765625e-05
00001100000111111100,28.390407774626325,9.765625e-05
11110010111110000001,16.1139662772091,9.765625e-05
10001101011000100001,15.871982406525818,9.765625e-05
10000111000111010001,16.696121775551532,9.765625e-05
10011111100110101011,18.982426494313337,9.765625e-05
10011011011110111001,23.561543313958538,9.765625e-05
10001000011100001101,48.629290915789184,9.765625e-05
01011000000011001010,20.798275667565107,9.765625e-05
00000011100111010100,28.198961218767774,9.765625e-05
01010001110110111001,36.717378680132555,9.765625e-05
00111001111011101101,22.565869076054096,9.765625e-05
01001101010111100101,13.212525246728632,9.765625e-05
01101111010100110011,25.248408251892585,9.765625e-05
11111010100000000000,34.371406991195556,9.765625e-05
00100110100001011111,29.298008444774656,9.765625e-05
00110001101011101001,30.686389098732732,9.765625e-05
10100011101001010100,27.884227837561426,9.765625e-05
10001001100000000000,17.87456625076201,9.765625e-05
00110011011110101000,17.44697938624868,9.765625e-05
11011101111111010101,11.288073671620694,9.765625e-05
11111111111100101010,26.046473398744205,9.765625e-05
01001100101011101110,29.57351591166621,9.765625e-05
01000111000001011101,12.832864965889828,9.765625e-05
00001101101000001011,25.38258965305949,9.765625e-05
00101010010011101001,52.51004969016799,9.765625e-05
01101101011011000101,12.57689720114189,9.765625e-05
01110001011011010100,14.050895973289794,9.765625e-05
10110000100100000111,20.91267251476347,9.765625e-05
11001100010001010100,13.301008710671038,9.765625e-05
10000001100010101100,26.876105016566232,9.765625e-05
00101101010010101010,20.22978652764567,9.765625e-05
10011101110000010001,15.14235336588007,9.765625e-05
10010110110000111100,19.211038736947256,9.765625e-05
00100011000111010011,31.775187166120332,9.765625e-05
10001100110111100110,29.51799304584167,9.765625e-05
01111001011010101000,17.349009115614017,9.765625e-05
10000010101011100000,36.29375619884048,9.765625e-05
11001101110100110100,8.7205545963522,9.765625e-05
11011101100111000011,20.633398741046484,9.765625e-05
00011101100100001111,21.51519252642584,9.765625e-05
01000111000001111010,20.47382146752208,9.765625e-05
11010001111010011111,28.04526217052205,9.765625e-05
01010001111000010111,30.690732824608716,9.765625e-05
11000000010010101010,24.196867470825364,9.765625e-05
11100110110101001010,20.54459163491579,9.765625e-05
11100010000010111110,28.972575657778776,9.765625e-05
00010100110110011101,33.34699711186762,9.765625e-05
11110100111111000000,9.57780281001074,9.765625e-05
11110000010000010101,12.800537219600258,9.765625e-05
01010001100000101111,39.4885341877153,9.765625e-05
11010100101000001111,26.220463171517416,9.765625e-05
10101101011011010001,23.490093664740858,9.765625e-05
10100000101101011111,52.59311777879187,9.765625e-05
01101111111001010101,16.86702088623573,9.765625e-05
01010011001110010111,22.135929316809502,9.765625e-05
00010001000100100000,19.97742003620161,9.765625e-05
11110001001110100001,19.775448131079436,9.765625e-05
01110011111111010010,15.111861199723547,9.765625e-05
11100111101110100101,21.602647133833838,9.765625e-05
10010010001010000011,25.978543425225812,9.765625e-05
11111000011010101000,13.80526812352169,9.765625e-05
01100100011010110000,19.012438995430472,9.765625e-05
10100000101111000000,37.495008114881465,9.765625e-05
11100010101100001001,26.739381285429047,9.765625e-05
10000110101010001000,21.69477279755983,9.765625e-05
00111111010001100010,23.03011157222987,9.765625e-05
01111110011000011111,17.88805313261401,9.765625e-05
01100111010001111110,17.42326561296807,9.765625e-05
00011110000011111010,18.202844287855303,9.765625e-05
00011110010111110000,15.470038018874142,9.765625e-05
11101101000101001000,24.622238161278993,9.765625e-05
10100111000111001111,25.866786356492156,9.765625e-05
01010000111001000001,27.072573772662942,9.765625e-05
11100100000011000100,16.914998816847984,9.765625e-05
00010001000001011010,27.2745903213395,9.765625e-05
11001001111111001111,26.268480570607046,9.765625e-05
00110001001001010100,16.27644691705265,9.765625e-05
01110110011101100010,15.35647587602912,9.765625e-05
11111011111101001100,24.005203232778477,9.765625e-05
00010111101110000101,22.020594700374602,9.765625e-05
11100101000100010000,15.924427740741908,9.765625e-05
10100111000011110111,28.083603062234108,9.765625e-05
01111010011110111010,19.288073671620698,9.765625e-05
01101011100111011010,24.37733407672131,9.765625e-05
01110110111000100000,16.44560218294385,9.765625e-05
10001110110111100010,29.522714263726147,9.765625e-05
10100001111111101011,39.86853927291391,9.765625e-05
00100101011000011010,21.907076819689504,9.765625e-05
00010010110001010100,31.321253420769025,9.765625e-05
10011110110010100000,17.631571203444196,9.765625e-05
00001101010001010101,15.804538361276347,9.765625e-05
00011101110011101111,24.948004090996236,9.765625e-05
11100011001000000010,23.602105369303413,9.765625e-05
10100010001010111100,43.489747206035055,9.765625e-05
01010001101100000000,29.614047880211892,9.765625e-05
10000011101011101000,23.10744623764642,9.765625e-05
10001110000010101110,26.44967431626265,9.765625e-05
01010001110111111000,36.004576524576514,9.765625e-05
11110111011111110110,19.416616171273688,9.765625e-05
10100101010101010000,18.76045184664116,9.765625e-05
10101111000110101101,36.35284065225995,9.765625e-05
00111000011110101000,22.58287465462588,9.765625e-05
00010100100111101000,34.5123209282401,9.765625e-05
01100100011100110101,20.107876818475503,9.765625e-05
00011010111010010100,28.582874654625876,9.765625e-05
00101110000010000000,27.466936331600753,9.765625e-05
10100101101011101000,21.64087311393005,9.765625e-05
00111110001011111110,22.85751306396337,9.765625e-05
01001101001111000000,14.54095214515474,9.765625e-05
01011001011011000100,13.352621963019473,9.765625e-05
00000111011010100000,21.182175885815447,9.765625e-05
01111001110110101011,19.002305286504413,9.765625e-05
00000110111100101100,37.3364662445919,9.765625e-05
10111011010011100000,35.54616161952657,9.765625e-05
10011001101101000000,16.411278458505212,9.765625e-05
00000011011111001100,31.09570247700617,9.765625e-05
10101111011111110100,35.13893583513905,9.765625e-05
11001110110011111111,19.80112083053532,9.765625e-05
10001111001000001000,23.43624874001641,9.765625e-05
00110101011011111101,24.83636526951519,9.765625e-05
11010000100110110000,18.01253933945131,9.765625e-05
10100010110001110111,60.106469637134865,9.765625e-05
00100100101011110100,34.090532139016446,9.765625e-05
11010101100110111110,32.73154994625445,9.765625e-05
10111001000001111110,26.583484700776474,9.765625e-05
11011000010110001000,12.409531892849856,9.765625e-05
10001110100101110010,28.760135796033467,9.765625e-05
10011000000010101010,20.11820965906425,9.765625e-05
10000111001010001011,23.07108309485671,9.765625e-05
01001111001101100011,17.57950074959073,9.765625e-05
01110110000010011101,17.88103476872291,9.765625e-05
10110111000110100010,26.89963533075487,9.765625e-05
11001001010001011001,20.11185931165893,9.765625e-05
00001010001011010001,39.72776649760651,9.765625e-05
01101011011010111000,21.299444331199556,9.765625e-05
01110011111010100000,17.040653790684928,9.765625e-05
10110010110111101001,31.655627805483135,9.765625e-05
01011001010101111101,18.623132440604692,9.765625e-05
00010010110110011011,35.62903619242343,9.765625e-05
01111000010111111100,24.130328103723436,9.765625e-05
11100111001110111101,21.659716786357176,0.0001953125
00010001000000101110,30.380669776139115,9.765625e-05
11101110000101001110,40.24250417877494,9.765625e-05
00110111001111111100,18.671212788806276,9.765625e-05
01110000101110100000,22.26614967043538,9.765625e-05
10000000111111111100,68.22072687897506,9.765625e-05
10110101000001000000,18.509630449721875,9.765625e-05
11111110111111100100,20.360253083083713,9.765625e-05
01010011100000000000,19.57360636251003,9.765625e-05
00011111011001111101,16.186729299607183,9.765625e-05
11100101100001100001,15.807179048826178,9.765625e-05
11111011010011111010,29.325114407760097,9.765625e-05
10110010000000111110,33.693620350424766,9.765625e-05
01111001011010010111,12.069152797478313,9.765625e-05
01010000101001000010,32.42265630123855,9.765625e-05
11101001100101111010,21.157096483331586,9.765625e-05
11010010101011111001,23.26483212923011,9.765625e-05
00010011111100010100,22.11438091956806,9.765625e-05
01011000101100101010,25.921011875143265,9.765625e-05
01001000111010000000,22.847907177630404,9.765625e-05
00010100101001010100,30.46220813770186,9.765625e-05
01010100111111010011,32.37549706022213,9.765625e-05
10100001011111000011,35.47067025588458,9.765625e-05
00111001111010000101,15.342818480061839,9.765625e-05
11011010010101101000,23.483450893953815,9.765625e-05
11000010011011000100,26.254534675472783,9.765625e-05
10001110001111111101,32.15803769701173,9.765625e-05
01101100110111001011,20.206428713603945,9.765625e-05
11010000111010100000,20.006906271104636,9.765625e-05
01111000101010000000,12.800537219600258,9.765625e-05
10001110101100001000,23.524298102398745,9.765625e-05
01100010101100111010,30.01050869805207,9.765625e-05
00000000101111000010,57.46457183469527,9.765625e-05
01111111111111101100,16.979494412070114,9.765625e-05
01111000100110101101,20.97574281868278,9.765625e-05
00000100101111010110,48.35579557265689,9.765625e-05
00110000010001111100,33.321253420769025,9.765625e-05
00110000001010111110,35.16191432816222,9.765625e-05
11011011010111111000,17.602647133833834,9.765625e-05
11011001010011111110,14.783821234784455,9.765625e-05
11110100001001001001,14.849166308346675,9.765625e-05
10011100110011011100,20.292808743566983,9.765625e-05
01011000110000010010,14.611789038199284,9.765625e-05
11100000000101000000,22.78459003544488,9.765625e-05
00111111111111011110,14.530891228808812,9.765625e-05
11100010100110010101,32.9224600700908,9.765625e-05
01111101101001010111,16.63339874104648,9.765625e-05
11111000000010101000,19.821627240013484,9.765625e-05
11110010101111011111,24.82646217695779,9.765625e-05
10110101111010000000,18.72964255252077,9.765625e-05
11111011011011110100,27.167384043911895,9.765625e-05
11110011001010110111,24.747779660614537,9.765625e-05
00110010001101011110,32.60342126700249,9.765625e-05
01100101111011101101,30.04526217052205,9.765625e-05
10111111110100101111,26.202847819426115,9.765625e-05
01110010110010111110,20.271541233024063,9.765625e-05
11111001101110101110,17.151395954913006,9.765625e-05
00010000010011111001,42.42718400339601,9.765625e-05
11110001110101111011,14.72381804201557,9.765625e-05
01110010000000101010,19.7365613068121,9.765625e-05
11110011111101010000,14.887028444104459,9.765625e-05
10011010011111101110,36.488643619147076,9.765625e-05
00001101001111011001,18.926274857558166,9.765625e-05
11011100101010010100,15.724394039733859,9.765625e-05
11011001110001111110,14.193362813671266,9.765625e-05
10011100011000110000,12.61453709445221,9.765625e-05
00100000010111001001,52.09568999381948,9.765625e-05
01001010000001110101,31.86227302599567,9.765625e-05
01011110111100100000,13.625911492741936,9.765625e-05
10001111110111010100,23.106608088849473,9.765625e-05
01101010101110110001,31.882373962710638,9.765625e-05
10100000010100100101,48.098433735412684,9.765625e-05
11010001100000000101,15.798989502180145,9.765625e-05
00110111000110100101,18.46716379779306,9.765625e-05
00000001011000000000,24.716203758666758,9.765625e-05
01101100011111101000,18.315742142085593,9.765625e-05
11100111010100111100,20.632531876325448,9.765625e-05
11000100101111111100,27.834105273859038,9.765625e-05
11000001100011111101,24.560879025343805,9.765625e-05
01011011110111101110,17.389513739859048,9.765625e-05
00101100000101000011,21.106608088849477,9.765625e-05
11100111011110100010,23.604798655811194,9.765625e-05
00101000101111101100,46.51602714365198,9.765625e-05
00111001111110100010,15.043450865657157,9.765625e-05
01000010010010110110,28.60041837862042,9.765625e-05
11011010010100110010,23.981523301199772,9.765625e-05
01000110110111000000,18.008363417668065,9.765625e-05
01100110001110101110,23.95333525706429,9.765625e-05
11001110011000101110,19.658528647283617,9.765625e-05
10111001010011010001,28.98820501202523,9.765625e-05
01101001101010101111,24.262015595056777,9.765625e-05
10011000001111000000,23.166725909763315,9.765625e-05
00110101111001110100,19.84909531670396,9.765625e-05
01010110110010100010,24.57908151994098,9.765625e-05
11110101111100100101,13.472245328445151,9.765625e-05
00100011001010101110,25.643846857074045,9.765625e-05
01101001101011110011,21.913638912796888,9.765625e-05
01111000111000101001,14.916848436546715,9.765625e-05
01000110010010100111,22.717378680132555,9.765625e-05
11111001010101101110,17.81233690362921,9.765625e-05
11011101110101110101,8.09737552650015,9.765625e-05
00011110100101000000,14.737530931309248,9.765625e-05
11010110010111100110,16.69134558078185,9.765625e-05
10000100011111011001,36.64687368903863,9.765625e-05
00111100110100010000,10.326447789468473,9.765625e-05
01110010010101110010,22.331679640204012,9.765625e-05
10101110110010011010,36.46867665566276,9.765625e-05
10110010001011111000,31.066352190935277,9.765625e-05
01010001111110011100,35.94062622545562,9.765625e-05
10001100110010110110,26.18343492940452,0.0001953125
00101000010000000111,41.405413745101555,9.765625e-05
11011000001000010110,16.086870272891684,9.765625e-05
11110110011011010111,19.949921257894072,9.765625e-05
01111010100010001010,20.37768823502278,9.765625e-05
01100001100101111110,26.864091514015044,9.765625e-05
11110101001010101001,34.46071474987309,9.765625e-05
10011010110010101100,26.437687161799786,9.765625e-05
10100000100000000000,23.383190649627178,9.765625e-05
00001010101101001010,41.80238683929899,9.765625e-05
10100010101010110100,41.55652372536625,9.765625e-05
11100011010110111001,27.93660843256798,9.765625e-05
01110011000111101000,19.960331979012743,9.765625e-05
11011001000100000011,19.78897031263565,9.765625e-05
10010011101011101010,24.981273774547198,9.765625e-05
01011110000100000100,17.85425408059212,9.765625e-05
01110001101111111010,34.0022342948617,9.765625e-05
10110100011000000100,15.565077850771768,9.765625e-05
10110011011000111110,25.04539093619971,9.765625e-05
10101101101100000001,18.611505871540523,9.765625e-05
10001101110101010101,19.825551148453513,9.765625e-05
00100110011111101111,40.344918676737656,9.765625e-05
01100101010011110010,19.45080114973046,9.765625e-05
01010110100011000001,19.46806940666191,9.765625e-05
01111000110000000100,10.94761941583327,9.765625e-05
01000000110111101101,55.98068589762026,9.765625e-05
11001111110101100100,15.241114617238633,9.765625e-05
01011011001110100000,18.06935246767148,9.765625e-05
00100010100001010110,41.541716592286434,9.765625e-05
10011000110010101001,22.008363417668065,9.765625e-05
01101100000100110101,16.78708427741718,9.765625e-05
01000110100110000110,21.764292149399104,9.765625e-05
00010101101100001101,33.4659756587195,9.765625e-05
01001100010101000010,13.170901831546558,9.765625e-05
00001111001110101010,16.726834246382076,9.765625e-05
11011101010010011100,18.778686283626143,9.765625e-05
11110010100100000101,19.95011541007514,9.765625e-05
10000111111110000000,19.229796213682622,9.765625e-05
01001110101011000011,18.533936785553443,9.765625e-05
11110011111001011100,12.781913841050775,9.765625e-05
11100101110111110100,12.800183061298792,9.765625e-05
00010111111100010100,18.471294341600853,9.765625e-05
10001000010101111000,49.429889353868,9.765625e-05
00000010011110000011,47.69066183296601,9.765625e-05
10100001000000011010,23.897743777524298,9.765625e-05
11111001101100001001,19.647862859864087,9.765625e-05
11100000010101000111,34.8631378171482,9.765625e-05
10110010000011111110,36.88405034743173,9.765625e-05
10000111000111110100,17.157096483331586,9.765625e-05
01100111001010100001,25.715252135368416,9.765625e-05
11110010011111010100,26.466148795320464,9.765625e-05
10101101010110001010,25.076161915486267,9.765625e-05
10110101010001010101,15.017119395598627,9.765625e-05
01100100000001100100,16.78740656961822,9.765625e-05
10101001011001011111,40.02052370873189,9.765625e-05
11001001111010111010,19.872985856533024,9.765625e-05
01001011111100100100,18.691734315206286,9.765625e-05
10010011011110110111,28.40495673989677,9.765625e-05
10100001010000010100,26.78459003544488,9.765625e-05
01010110100001000001,17.693620350424766,9.765625e-05
00000100101111110010,50.176510875080965,9.765625e-05
10001110011100000110,36.65290806212364,9.765625e-05
11110100101011101100,21.59415568490919,9.765625e-05
10100101011011101011,25.0690818058356,9.765625e-05
10001101010111111010,18.76009768833969,9.765625e-05
10001000100101101111,47.18863461977237,9.765625e-05
11110011010010111111,19.88314473856288,9.765625e-05
00001111001111111001,15.612076999288895,9.765625e-05
01111001010111111101,19.8363652695152,9.765625e-05
01111100111000111101,12.428347143620169,9.765625e-05
01000111101000010101,20.213565862868485,9.765625e-05
00001010001110110000,36.54501523973045,9.765625e-05
01001000111000001010,26.847907177630404,9.765625e-05
11101101001111010100,16.53593807457455,9.765625e-05
11100101010101010000,12.077176830831661,9.765625e-05
11001000011011000101,28.258240890884665,9.765625e-05
11001001100111011000,18.962663701142336,9.765625e-05
00111111101100010110,18.669494644807735,9.765625e-05
01110010000111011010,20.89338412401801,9.765625e-05
11001111100110101111,18.315449289389875,9.765625e-05
00001111110000111000,19.069615233567998,9.765625e-05
01111100111110010000,5.970147123608811,9.765625e-05
11000011110001110110,16.80018306129879,9.765625e-05
11010111100000010101,22.450394392471047,9.765625e-05
00001000101111000100,45.16706685045702,9.765625e-05
00101001011110111101,39.615161496071934,9.765625e-05
10111000011100100101,30.759014284234066,9.765625e-05
10011101000100000001,16.49639872129793,9.765625e-05
11110111011001111100,20.55222973099444,9.765625e-05
00100011101110001010,24.61389436024327,9.765625e-05
11001001010100101101,18.631760267675467,9.765625e-05
00101101010010010111,19.736207148510633,9.765625e-05
01110000010000110100,12.833164060178895,9.765625e-05
10110000010000101001,20.183980949087,9.765625e-05
00000001110111001110,49.27873243924887,9.765625e-05
00001110100000111111,28.87957959776095,9.765625e-05
11111001001001100000,21.46439505735045,9.765625e-05
00110010000100111111,33.19805560989892,9.765625e-05
11011010001011010011,26.517638974667403,9.765625e-05
11110101000010011001,28.61588688315237,9.765625e-05
10011000101001110101,30.11327806710114,9.765625e-05
11100010110110010001,34.2774466391888,9.765625e-05
01000011111100000001,22.358689340066277,9.765625e-05
10110111000111110101,22.74777966061454,9.765625e-05
00100101101000111110,30.407257123206943,9.765625e-05
11110010000001101101,26.00520323277848,9.765625e-05
11110000010110010010,14.055071895073041,9.765625e-05
10000101111110100000,27.788347783298363,9.765625e-05
01111010100010101100,22.517042880545635,9.765625e-05
10111000011101000000,30.811733099071965,9.765625e-05
10001001101010000100,21.389460319352832,9.765625e-05
10101101010101001010,25.037021276938297,9.765625e-05
10100011101000100001,25.99778653596284,9.765625e-05
01010011101010010101,24.020594700374602,9.765625e-05
01111001001000100111,17.140793165273266,9.765625e-05
11100011101111000000,19.624511287415714,9.765625e-05
11110111011001011011,21.81648376730159,9.765625e-05
01101101001100111111,17.39354765672069,9.765625e-05
00101101100001000101,15.183075340218153,9.765625e-05
01010000011010100000,26.006906271104633,9.765625e-05
11011011000000010110,29.374836281542024,9.765625e-05
11000100111000111010,23.439287146082567,9.765625e-05
00000001101110000010,42.57717683622984,9.765625e-05
10010010101010111000,26.80238683929899,9.765625e-05
00011100110110010010,16.341428059149244,9.765625e-05
01110000011010101000,19.937809691282283,9.765625e-05
10001101101111000101,17.074234328130405,9.765625e-05
00000101111010000101,36.5123209282401,9.765625e-05
01000001011011100101,32.80979031850687,9.765625e-05
10111010111001010000,43.15141812413666,9.765625e-05
10100101101101011011,18.879151737794235,9.765625e-05
00101111101111011100,18.783821234784455,9.765625e-05
00100100001101011010,26.103700896692256,9.765625e-05
01100110011111011000,19.37926157694997,9.765625e-05
10010010010000101010,22.45308560541033,9.765625e-05
11100000101100110101,26.390407774626325,9.765625e-05
10000000101001000111,45.941515906694164,9.765625e-05
00111001111010010001,17.13312871026647,9.765625e-05
00010100100000101111,37.508608471234865,9.765625e-05
10110111101100000001,19.02072346605226,9.765625e-05
11111010110111110001,33.64461148970962,9.765625e-05
00010111111111001000,20.094796868137323,9.765625e-05
10011110100101100010,20.234237709351948,9.765625e-05
00101010010110011100,59.5491057873702,9.765625e-05
00011011011101111000,21.906100219177944,9.765625e-05
11001110110011100000,16.055203370773235,9.765625e-05
10100101000000011011,21.39164026298701,9.765625e-05
00110010011000011010,24.098019093053725,9.765625e-05
00111100101010101100,20.932240638563904,9.765625e-05
01100100111101011000,20.780432762154298,9.765625e-05
01010010111111010100,27.10923808331021,9.765625e-05
10110000010010101100,24.926188454726336,9.765625e-05
00011110101100000100,17.346519362965495,9.765625e-05
11011000110111100111,20.348425847614052,9.765625e-05
11101000001101000101,36.27274341166331,9.765625e-05
00011110001011100111,18.92586021519921,9.765625e-05
01011010011110100001,15.406967714954837,9.765625e-05
01010010110000000000,11.610835341332443,0.0001953125
11010010010101000000,16.138223458526326,9.765625e-05
01111101111110001101,17.468069406661908,9.765625e-05
11010111100101010110,18.77736874242088,9.765625e-05
10001010000110111100,46.488918743275065,9.765625e-05
11110101001011101010,33.63810195773217,9.765625e-05
01100110100100101111,23.70103278124853,9.765625e-05
01000001110000111110,34.29506405400878,9.765625e-05
01001110110000101111,21.340538377910697,9.765625e-05
01111000111010001000,13.385284397569588,9.765625e-05
01000110100000000011,20.388158705777872,9.765625e-05
00101000010111101101,59.10923808331021,9.765625e-05
00110110011101111110,25.264832129230115,9.765625e-05
10100001000010101000,23.09246596796565,9.765625e-05
11110110001010111101,21.53587061450265,9.765625e-05
00111110010000000000,25.817921024601603,9.765625e-05
00001110101001100010,22.816560826283244,9.765625e-05
00101010100011011111,51.72657753657503,9.765625e-05
11110011001100111110,21.221066241653595,9.765625e-05
10000011001010001010,22.718287820572215,9.765625e-05
11100010100010001101,25.573996984999084,9.765625e-05
00111111010001110111,23.4003280464246,9.765625e-05
11001000111010111101,29.232045282531075,9.765625e-05
01100110001100111100,20.39128058667344,9.765625e-05
00100111101101110000,17.651276135453053,9.765625e-05
00000001011110100100,40.8971178037434,9.765625e-05
11011011101111001011,21.949921257894072,9.765625e-05
01001011101101001100,19.516098135294687,9.765625e-05
10000000101101010111,57.438931208479865,9.765625e-05
01011100111010000010,19.441818734295914,9.765625e-05
10011111110011101111,17.42308188124503,9.765625e-05
10110011101010111100,22.355464405127332,9.765625e-05
00000000001011100000,44.8971178037434,9.765625e-05
01101101011001100111,12.342991802166678,9.765625e-05
00011101101100010000,18.322705245664046,9.765625e-05
11110011011111110101,20.395468376825516,9.765625e-05
10111111010011011101,35.34140326703025,9.765625e-05
10100011100010010000,25.702954127011036,9.765625e-05
01111100001101010000,8.611505871540526,9.765625e-05
01011101100000010101,24.35912624961591,9.765625e-05
11100110101111111100,20.680961207751505,9.765625e-05
10101101011110101010,20.945398975781696,9.765625e-05
00010011101101000000,18.098019093053725,9.765625e-05
01011011111101110010,19.27900611621436,9.765625e-05
11110100010101010100,9.044845640098476,9.765625e-05
11001100111111011000,16.150824016456188,9.765625e-05
01000110100101000000,15.39227685352617,9.765625e-05
01100101101101011110,20.54329273136337,9.765625e-05
00110101011011000101,15.644408815226651,9.765625e-05
11111101010011100110,21.2486638184428,9.765625e-05
11001101011111101001,13.925327402284672,9.765625e-05
11000010010000111110,24.910636540856007,9.765625e-05
00001111100100000000,15.484816523157072,9.765625e-05
01000110111010100000,24.998368073329416,9.765625e-05
11110101010001000001,17.03635979631312,9.765625e-05
01000001110011111011,46.08351677941514,9.765625e-05
00000000100011001101,54.42025182435685,9.765625e-05
01100011101111011010,22.743394001206713,9.765625e-05
10001110101010010111,29.925327402284672,9.765625e-05
00010001100011110100,35.73834691088254,9.765625e-05
01010110110111001000,15.695970622670345,9.765625e-05
10001010000110101111,46.942588683201706,9.765625e-05
10000011100101010101,30.62483901050166,9.765625e-05
11100001101011000101,18.050895973289794,9.765625e-05
01010010110100010000,14.23391436143092,9.765625e-05
00100001110111111110,47.69108804942654,9.765625e-05
00100001010000010100,23.43240751733352,9.765625e-05
11100110101111101000,19.70103278124853,9.765625e-05
10111100010100111111,22.555036492003623,9.765625e-05
11011101101000110101,22.310172158645912,9.765625e-05
01100000111000000111,26.828021223921045,9.765625e-05
11111101100111100110,19.55502409594413,9.765625e-05
10010001001011010100,24.098019093053725,9.765625e-05
10100110000001011000,31.381688223055317,9.765625e-05
01110110000010101111,24.190475374982423,9.765625e-05
01011100101001110000,19.168107477436692,9.765625e-05
10010110010001110100,22.388158705777872,9.765625e-05
11001001011110000000,15.770151530294534,9.765625e-05
10011100011100001101,15.757843101479137,9.765625e-05
00110110010100011110,20.54459163491579,9.765625e-05
00111001111010000011,14.049919372778236,9.765625e-05
10110001001101000000,14.230689426491974,9.765625e-05
00011001010011001111,22.434165657090453,9.765625e-05
11100000110000010100,17.871749716588674,9.765625e-05
10010101011110001001,20.408214351644588,9.765625e-05
11100100000000000001,15.058367821654695,9.765625e-05
00001010000111101000,37.914991840833565,9.765625e-05
10000100010011011000,26.415146236416486,9.765625e-05
11011001011101101011,15.927016193905082,9.765625e-05
11001101110111101101,13.074234328130405,9.765625e-05
10110110000110101110,25.06384380063391,9.765625e-05
10100011001101111110,36.331679640204015,9.765625e-05
10100011010101110000,41.90248810619355,9.765625e-05
11011011111110011001,17.35647587602912,9.765625e-05
11110111111111111100,14.67121278880627,9.765625e-05
00101111001011111100,20.556889643273166,9.765625e-05
01100110001110011001,18.242511203457198,9.765625e-05
00001101110110000100,18.654736236179968,9.765625e-05
00010011110010111101,27.09101966108273,9.765625e-05
01101110101011100001,20.202844287855303,9.765625e-05
01110001000000000101,15.182180151807323,9.765625e-05
10001101010011101010,16.3107280715054,9.765625e-05
01000100110001111110,35.69581435526081,9.765625e-05
00110011011011111011,24.521312414893735,9.765625e-05
01110011010101110010,17.202776827783396,9.765625e-05
00001011111111100000,28.579697720557725,9.765625e-05
00001001100000000000,18.272506259434046,9.765625e-05
00101110110111111000,34.74031281307223,9.765625e-05
00110010100101111010,30.733268090252988,9.765625e-05
01100110010000101111,23.60670750754719,9.765625e-05
10110010011011100010,31.402065562497057,9.765625e-05
10011100000110000011,12.844154947789027,9.765625e-05
10111101100101110010,14.899358318562264,9.765625e-05
10100111100101011001,20.40982058836053,9.765625e-05
11110101001010100001,32.705023170371305,9.765625e-05
10001000100101101100,40.68163590598444,9.765625e-05
10010110000000000000,18.27225942116783,9.765625e-05
01011001110011101111,25.889600675370062,9.765625e-05
11100111000011111001,22.857304333390925,9.765625e-05
11110101000000000111,27.45604859600102,9.765625e-05
10011110110010110101,21.75915647465954,9.765625e-05
01011100101001011010,23.38258965305949,9.765625e-05
01001111100101110100,13.354667074046702,9.765625e-05
00011011110010010000,17.151418124136658,9.765625e-05
10101110011101100111,51.30100454264618,9.765625e-05
11100111011111110010,20.623607664988157,9.765625e-05
00111101001110001111,16.00237627814713,9.765625e-05
11100101001111011001,18.176772062962318,9.765625e-05
00111011011011110101,25.493570857581453,9.765625e-05
01001011011101001010,20.48724152575623,9.765625e-05
00101001101001000000,17.51609813529469,9.765625e-05
00010110000100010110,18.740341223889235,9.765625e-05
11101100110110000101,19.825333455425366,9.765625e-05
01000010111011000100,31.233444655059557,9.765625e-05
00101011101010101110,24.04184463978103,9.765625e-05
00101111111101000100,21.151418124136658,9.765625e-05
11100111000011101000,24.508328836146916,9.765625e-05
10111110110011111100,31.531139710581215,9.765625e-05
00100101010010001110,24.1988740923547,9.765625e-05
10001101001011101011,18.159890848281268,9.765625e-05
00111001101010011001,22.13690591732106,9.765625e-05
01011011011000001000,16.20135851249499,9.765625e-05
00001100101011101101,34.68887967333917,9.765625e-05
10100101001011101010,23.087371219705794,9.765625e-05
10010001110010111000,25.06862342900738,9.765625e-05
01111010110010000000,17.294720403292537,9.765625e-05
11100001000101110110,18.73154994625445,9.765625e-05
00011000110101110000,32.09365401991201,9.765625e-05
01101101101111000001,15.514838368124371,9.765625e-05
11110001111001011011,14.283839975802502,9.765625e-05
00001011100100000101,27.22698592110263,9.765625e-05
10001001000000000010,20.504881855060745,9.765625e-05
10110011001001101000,21.624576037465076,9.765625e-05
01000111100101111110,21.646551473124973,9.765625e-05
10101100110100010000,28.76955471259152,9.765625e-05
01100110100001110101,20.3107280715054,9.765625e-05
00000101110100101000,32.051131237454435,9.765625e-05
00000001110101101110,48.783153414598914,9.765625e-05
01000111111001000111,21.198055609898923,9.765625e-05
00011000111101100100,34.447261535058935,9.765625e-05
01000100110011011000,29.47120368361697,9.765625e-05
10010111000110011110,20.58348470077647,9.765625e-05
11111011111010101010,20.321340645149117,9.765625e-05
11111011101110111101,24.2696243387573,9.765625e-05
10110010100010010100,28.765966656895397,9.765625e-05
00110101001010100100,27.54282914163013,9.765625e-05
10001111010000010111,31.382306486400736,9.765625e-05
00111001000001011110,21.867866011047095,9.765625e-05
10001101001000010010,17.5703886269174,9.765625e-05
10100100000101010010,23.920670934449557,9.765625e-05
11110011001110110101,22.2696243387573,9.765625e-05
01001101100101100111,18.236419318128497,9.765625e-05
10111101001010111010,24.42805429092445,9.765625e-05
01011100010011001100,14.960756307408657,9.765625e-05
01000001101111010000,35.67163087560884,9.765625e-05
00100010100000001110,33.36827348648958,9.765625e-05
01011101101010000001,35.243457875641774,9.765625e-05
11001001011011100100,12.890776211653726,9.765625e-05
00010100111011011101,42.366034310818144,9.765625e-05
10001011110100001001,34.33299718140928,9.765625e-05
00001010101100110100,44.418325891346996,9.765625e-05
01000111100010000001,22.649381224906076,9.765625e-05
00101101100111111011,20.878175137282675,9.765625e-05
11010010111010000000,13.448354701488896,9.765625e-05
01010000110010100010,31.97421468047664,9.765625e-05
10100011000010100001,31.041684720787828,9.765625e-05
11101001100000000100,18.871502878322456,9.765625e-05
11010101001110100011,34.976860886038565,9.765625e-05
11101100010000000001,23.255004381844145,9.765625e-05
00001111100001110101,17.685749885707885,9.765625e-05
11110000001100000010,11.757596263212921,9.765625e-05
01001110100001111010,18.640002081184164,9.765625e-05
10010111110010101010,22.72866595200921,9.765625e-05
00000001000000111011,37.58292618706748,9.765625e-05
00110110110000001110,18.660845077827297,9.765625e-05
11000001010011001010,18.91267251476347,9.765625e-05
11101011001100110011,38.55854573644851,9.765625e-05
11101001010101001010,26.79271285644008,9.765625e-05
10100100110000000010,19.001197825110516,9.765625e-05
10110100000111000000,14.308820677771724,9.765625e-05
00000101101000001001,34.534682475429086,9.765625e-05
00011110100100001110,19.757596263212925,9.765625e-05
10010011010000010101,20.67253033001154,9.765625e-05
01000010100101010011,34.77351774657384,9.765625e-05
11010110100111111001,12.739971137957461,9.765625e-05
00100111000101111110,21.73620714851063,9.765625e-05
11111010100000000011,33.74982696406514,9.765625e-05
11001001110100100000,13.421090893078738,9.765625e-05
00110001111011100101,26.453264074519524,9.765625e-05
00011110110000110000,17.069615233567998,9.765625e-05
01010101110110100100,34.417093490113515,9.765625e-05
10100001010011110100,32.130328103723436,9.765625e-05
00111101111000011101,16.362456861083913,9.765625e-05
00110101101110101111,33.33339778420255,9.765625e-05
11001010000110111000,26.544074026050307,9.765625e-05
01100101001101101001,23.498891183968993,9.765625e-05
01111111000101100001,30.971213745650203,9.765625e-05
11000000110111101011,42.16852493858158,9.765625e-05
11101001001111111010,22.515785823397863,9.765625e-05
01100011111010100000,18.183004348575437,9.765625e-05
10011110111110001100,19.803353753773592,9.765625e-05
10110100000001011010,17.155189089597904,9.765625e-05
10100001011010110001,32.32982648893447,9.765625e-05
11101010011000011111,46.77867035599584,9.765625e-05
00010011101010010001,24.689431211033757,9.765625e-05
10010101111001001111,25.135229434223294,9.765625e-05
01101000011100011000,27.385098777781927,9.765625e-05
11100001001001111011,22.09023928632073,9.765625e-05
00011110110101111000,19.18498617839544,9.765625e-05
00011000100101011100,34.55461904165511,9.765625e-05
10000101111010100111,34.96733777258995,9.765625e-05
10110010001111001010,29.64440881522665,9.765625e-05
01010000011111100000,30.62580936941987,9.765625e-05
10101101010011000000,24.30325786664669,9.765625e-05
00001100110000010101,26.474757163190127,9.765625e-05
00101110000010001000,27.491668551797567,9.765625e-05
10000111000001111111,20.202844287855303,9.765625e-05
01111101111110010100,12.599846527290804,9.765625e-05
01011111100110010100,20.22299653903199,9.765625e-05
11000011110000010100,10.78740656961822,9.765625e-05
11100111011011101001,21.13600030845221,9.765625e-05
01111001110101010001,14.840541191298442,9.765625e-05
10110011010100010111,31.775374429414185,9.765625e-05
00011011011000011101,21.698222488668538,9.765625e-05
11100110100101111111,23.02626681797618,9.765625e-05
10000101001000100000,19.727515920629425,9.765625e-05
01011011111101101000,18.193362813671264,9.765625e-05
10010110110010101000,16.24705125300631,9.765625e-05
01001111111001111101,15.92532740228467,9.765625e-05
10100000001001010001,39.48757622485659,9.765625e-05
00100011100110111010,30.18845712964268,9.765625e-05
11111110000111110110,30.950181499271928,9.765625e-05
11010010010111001001,16.80472471548508,9.765625e-05
11011000000000010100,15.47662624208997,9.765625e-05
10010110000010111000,17.898703715984485,9.765625e-05
11110010110100101010,15.228832830778824,9.765625e-05
01011111000011101101,23.698332616693357,9.765625e-05
11111000011001001110,19.2102865983382,9.765625e-05
11110110001010111100,22.719312509081764,9.765625e-05
10100110011000001111,35.9607466213717,9.765625e-05
01000000100010001010,37.18512371018511,9.765625e-05
10100001100000110000,19.770151530294534,9.765625e-05
00001111010010111000,16.327060545641604,9.765625e-05
01001110110011010100,15.581978731793985,9.765625e-05
10101111101111111001,25.011870159230472,9.765625e-05
10001101100000101111,19.230814660598824,9.765625e-05
10110011101000101010,20.10750130165883,9.765625e-05
00001010101111010000,42.933188093837394,9.765625e-05
01101010101100001001,31.825333455425366,9.765625e-05
01010110010110000101,10.48628782888939,9.765625e-05
10101101001001001010,20.172508144549884,9.765625e-05
00001011100000000010,20.6039646750391,9.765625e-05
10100010001111010101,60.50255378451482,9.765625e-05
10111001110100001000,19.645951934559598,9.765625e-05
01101010100111101111,38.83636526951519,9.765625e-05
00001101101011000000,17.934161249905348,9.765625e-05
10001111101010101010,20.121963962474126,9.765625e-05
00001110010100001111,31.934161249905344,9.765625e-05
00111101000010101001,23.506472240433766,9.765625e-05
01000110110010001010,22.016026218328854,0.0001953125
10111001111101110100,21.976596171528776,9.765625e-05
11111111101011110000,31.7181815075891,9.765625e-05
11100110001111110011,25.492845459704654,9.765625e-05
00010111100111011100,18.255073729980666,9.765625e-05
11001011100110010100,20.250886234095844,9.765625e-05
10000001111000111100,34.00345313555232,9.765625e-05
01010010011001101100,22.130302195788914,9.765625e-05
11110011001000110111,24.915649974982152,9.765625e-05
01110001010101010101,11.643846857074045,9.765625e-05
00010101001001001001,27.300986628574584,9.765625e-05
01000101001110000111,32.61894494471987,9.765625e-05
01100000100111110100,35.40252621928551,9.765625e-05
10110100110001010101,15.384307797058032,9.765625e-05
00111011100101111010,25.202776827783396,9.765625e-05
11000100101100111100,20.769807792451086,9.765625e-05
00001110011100100100,27.315131165213693,9.765625e-05
11001100011010101101,14.75007995679751,9.765625e-05
00001101101101100101,19.701389660412357,9.765625e-05
01100110100110011000,16.137649680263078,9.765625e-05
11100000001010100000,19.30947247235994,9.765625e-05
11110001111111010000,13.07005840634716,9.765625e-05
11010101000001000010,28.242504178774944,9.765625e-05
00010101111111010011,35.209547357195966,9.765625e-05
11101101000100001101,26.622238161278993,9.765625e-05
00100000100000010010,30.16044999844431,9.765625e-05
01101011110001110111,27.4507914636935,9.765625e-05
11000101100001111100,15.02324154239058,9.765625e-05
10011000001111110000,26.660957094326385,9.765625e-05
11100110110001101110,21.228832830778824,9.765625e-05
00010000100010100000,33.072735335162335,9.765625e-05
10010101110111111110,27.15222712769554,9.765625e-05
00000011100000000100,17.610835341332443,9.765625e-05
00101011000001010111,39.931880325796286,9.765625e-05
11000001101101011111,29.604773678597983,9.765625e-05
00010111001110001101,19.46806940666191,9.765625e-05
11101111100001111001,29.54257366220712,9.765625e-05
11100110001011101100,23.183075340218153,9.765625e-05
11110011110001101111,15.585099790731626,9.765625e-05
10011110010010101110,22.83286496588983,9.765625e-05
10010000000111111111,41.13113710728231,9.765625e-05
01011001111011110001,24.020870901858764,9.765625e-05
01110110011000111101,15.997786535962844,9.765625e-05
10110110111010000100,21.43199287497456,9.765625e-05
00011101110101010110,15.074234328130405,9.765625e-05
10111011110011010111,36.34488316989338,9.765625e-05
10000111000100110000,17.14956675216835,9.765625e-05
10011101011001010101,14.84834244367384,9.765625e-05
11011100100010111101,14.540952145154744,9.765625e-05
10011010010111101100,36.348519008480416,9.765625e-05
11000100101111110001,24.834757079287073,9.765625e-05
01100110100100111110,21.351972144032732,9.765625e-05
01011010111010000010,15.495049961286107,9.765625e-05
01110110101001010100,15.996832839096001,9.765625e-05
01110100101100011110,19.416603382979915,9.765625e-05
10101000000001000000,42.36377440228918,9.765625e-05
01111010100011111011,25.349710886264837,9.765625e-05
01111011001111111111,21.563550229755137,9.765625e-05
11100100000011000001,17.155189089597904,9.765625e-05
01001100111111111101,31.332069316189575,9.765625e-05
10100101000010010000,20.398517170873696,9.765625e-05
00101011101100101110,28.008411505666054,9.765625e-05
11111110000100000100,42.68064855291958,9.765625e-05
11101111100010001111,31.056084187523098,9.765625e-05
00110001001010010100,19.82115753364212,9.765625e-05
11101110000101110010,37.25157894436741,9.765625e-05
11011101110011111101,14.309105917998973,9.765625e-05
00001010100100010010,39.62528905053185,9.765625e-05
01101000111110010000,25.26837562849905,9.765625e-05
00100101011000100110,22.202241217719124,9.765625e-05
00111010101011110000,27.84593086582251,9.765625e-05
10000011100111110110,32.30872678248429,9.765625e-05
01001000110000110000,22.167747801123124,9.765625e-05
11111000101111001100,19.337265354973763,9.765625e-05
00100001110101101110,37.64822777071886,9.765625e-05
11100000011001010100,25.674801568083645,9.765625e-05
00101000001001010110,37.914991840833565,9.765625e-05
10001000101100001010,34.49482873668715,9.765625e-05
10010001110001111111,28.891803718949202,9.765625e-05
11000000110011111101,37.577176836229846,9.765625e-05
00111101000011111111,19.37080090667807,9.765625e-05
10010101011000000110,23.04580631297973,9.765625e-05
00100101110100000000,15.19564029333672,9.765625e-05
00111001111000110001,17.21252524672863,9.765625e-05
01000001110110111011,47.99673614665883,9.765625e-05
00001111101101111001,19.021618578175705,9.765625e-05
01000001011011011001,34.43101898448555,9.765625e-05
01100110001111110011,22.86969544796347,9.765625e-05
10000101011010000110,26.378754671969954,9.765625e-05
11010111011101000000,16.627797527960418,9.765625e-05
00100001010011011111,38.95125652766706,9.765625e-05
00001110100101000110,26.471294341600853,9.765625e-05
00100101101010101010,35.58554649549126,9.765625e-05
11110000101111100011,20.979352428784694,9.765625e-05
11011111100101010110,23.736342155781642,9.765625e-05
01010000000100101111,29.758485944451465,9.765625e-05
01100000001010101000,27.554619041655105,9.765625e-05
01110101101010101101,42.6810588417498,9.765625e-05
00010100001100100101,24.778920638705667,9.765625e-05
01010011001111001100,18.540415713132546,9.765625e-05
00101000111111110010,50.99616523689034,9.765625e-05
01011000110000001000,15.383190649627178,9.765625e-05
10001100100110001001,20.372205280029146,9.765625e-05
10011110011000101010,20.840415848428208,9.765625e-05
00100000000111101001,48.0863562172332,9.765625e-05
11001010010100000000,34.762985937736985,9.765625e-05
00110110110000101011,18.112109681495955,9.765625e-05
10000001111100001110,35.766316549204994,9.765625e-05
10110101101111111100,20.689431211033757,9.765625e-05
10010000011110100000,26.65754028716661,9.765625e-05
01000000001111101010,48.6402408985558,9.765625e-05
01100100001011100100,22.378754671969954,9.765625e-05
10110101011101111110,17.37743713076469,9.765625e-05
01101011011000011101,27.0370212769383,9.765625e-05
00101100101011111101,30.217221487399897,9.765625e-05
10100101011111110000,22.334551151262556,9.765625e-05
11000101001111010110,19.646551473124973,9.765625e-05
00010111111001110111,26.990099922572206,9.765625e-05
00101011010111010010,39.60667565228658,9.765625e-05
00100101111111010010,25.631904259038368,9.765625e-05
00100100000101100100,24.65473623617997,9.765625e-05
10001110101111111010,26.50544674121577,9.765625e-05
10000111010010001000,15.894933484944307,9.765625e-05
00011001111111110011,32.40897548518535,9.765625e-05
01111001111101110000,13.212525246728632,9.765625e-05
00001011110101110001,37.76688767695337,9.765625e-05
01110011011101011010,15.116766883752135,9.765625e-05
11111011000000101101,39.906333594868315,9.765625e-05
10101000000101011111,61.31857283542782,9.765625e-05
00001101111110000000,20.01253933945131,9.765625e-05
01011110011111001000,11.15141812413666,9.765625e-05
11011101101000001001,30.486169756300825,9.765625e-05
01010000111000000010,27.072735335162335,9.765625e-05
01110110010110010010,11.547298139031332,9.765625e-05
01000111100111010001,15.752179222752023,9.765625e-05
01111110010011011111,19.527249763446292,9.765625e-05
00011011101101111101,26.405216795770748,9.765625e-05
00111111010011111100,22.46716379779305,9.765625e-05
11011101101101101010,24.032370327115288,9.765625e-05
00111011101100000011,19.13600030845221,9.765625e-05
10110111010000111010,26.00065813414858,9.765625e-05
00001111100001000101,16.163010008314476,9.765625e-05
10110100010101100110,18.42417122183692,9.765625e-05
01100000011000101000,24.049216867706342,9.765625e-05
00001011000000001010,21.26814127341953,9.765625e-05
00011111111000010100,18.250886234095844,0.0001953125
01110011001110111111,22.39546837682552,9.765625e-05
11111001001011111011,22.083603062234108,9.765625e-05
10001101111011101000,17.959847166969,9.765625e-05
01111010111110010010,16.288015897585748,9.765625e-05
10111010101001001110,37.59000818478276,9.765625e-05
11111111100101010111,31.83571719200166,9.765625e-05
01001110101011010010,16.016842383406022,9.765625e-05
01011110110101000000,12.737530931309244,9.765625e-05
00001001100110110000,28.528698693224552,9.765625e-05
11001101010110001001,15.631571203444203,9.765625e-05
00001111101110010000,15.136044570612134,9.765625e-05
10101001000000111010,29.69931463724999,9.765625e-05
11111001001111010101,21.368000300135034,9.765625e-05
00010101100111111110,42.106469637134865,9.765625e-05
11010001010000101010,17.04580631297973,9.765625e-05
01000100101100111111,43.32738276155527,9.765625e-05
10110010010000010010,33.82347414968967,9.765625e-05
01001101010101010101,10.09651864208334,9.765625e-05
00101010101100001110,42.00118813907356,9.765625e-05
01011001101010101011,37.165885992504954,9.765625e-05
11110011011111110010,20.349768660299787,9.765625e-05
01111011011111101001,19.597738739782713,9.765625e-05
00010100010010001010,27.27549593020835,9.765625e-05
00001101100100101010,22.707132758816826,9.765625e-05
11110001101011010100,15.91362350160777,9.765625e-05
00110110001111010110,19.772399042764,9.765625e-05
00100100101101010001,24.565658664557095,9.765625e-05
00010100111111100010,42.14006777819284,9.765625e-05
00111000000000010000,20.741649079057545,9.765625e-05
00100100011010111010,34.94366118707817,9.765625e-05
00110001011110100010,21.353530576178127,9.765625e-05
00010011100001011100,20.0798103568632,9.765625e-05
11001011001101010011,30.568188587628068,9.765625e-05
01010000111100000000,23.114143767338795,9.765625e-05
01000001101000100000,32.533161313237365,9.765625e-05
00000011110001000100,22.347906252307283,9.765625e-05
00110000010000000000,13.414198781142993,9.765625e-05
00100101001001110101,19.787036483686446,9.765625e-05
00110011100011111010,23.045084680392357,9.765625e-05
10110111110011100010,20.193275981525453,9.765625e-05
00100010001001101111,46.16157338746851,9.765625e-05
01000110111010011100,23.45608496222159,9.765625e-05
10011001100010101110,21.553116615083244,9.765625e-05
10110010110100101010,25.2745903213395,9.765625e-05
11011011100110101011,21.246742472680285,0.0001953125
10110101110010001100,19.163569169317338,9.765625e-05
00010110111101100101,26.455751204682358,9.765625e-05
11000010011001101001,27.71925120347601,9.765625e-05
11111011111100010010,25.62373715424706,9.765625e-05
01100001000100111011,27.40696771495484,9.765625e-05
10101100001110111101,30.52368462264436,9.765625e-05
01000100000100110011,23.348994880157743,9.765625e-05
00100111110000111011,23.87820428252074,9.765625e-05
00000101110101101100,32.95166312749525,9.765625e-05
11110000011001101110,16.4335049984232,9.765625e-05
00111000011010101110,24.12746899956421,9.765625e-05
01111001000000000101,19.935119212764064,9.765625e-05
00111000101101101001,26.077882769507344,9.765625e-05
11011100010101010101,9.406598352604313,9.765625e-05
11100101000000110000,18.587649907834432,9.765625e-05
01100111000000110101,21.250603067437083,9.765625e-05
00001111100001010101,16.942588683201706,0.0001953125
00010110100111000100,18.91267251476347,9.765625e-05
00011110110101100100,19.907076819689504,9.765625e-05
00101110010111011010,36.19840977904021,9.765625e-05
10100101111110101000,23.719251203476013,9.765625e-05
00001111001000101000,17.623107441755295,9.765625e-05
01010011111110010000,18.97669651554962,9.765625e-05
01001101110100101010,22.707132758816826,9.765625e-05
01111111101111011001,19.737112120925435,9.765625e-05
10000010000000010111,43.934161249905344,9.765625e-05
11000001111001111101,25.955353415276825,9.765625e-05
10000000100011111011,51.38995149300278,9.765625e-05
11011000101010110110,18.474143683435745,9.765625e-05
11011001010011011111,17.03863563247239,9.765625e-05
10100000000101000000,36.22828753467759,0.0001953125
11101101111111110000,12.076822672530188,9.765625e-05
01111001010010000001,15.73059353936507,9.765625e-05
01010101101101011010,42.05519368473628,9.765625e-05
00001110101010000000,18.002151521977357,0.0001953125
01101000001110101000,24.400091530649394,9.765625e-05
10101101101110111000,19.136044570612132,9.765625e-05
01001110100001000100,17.343709070385508,9.765625e-05
00101101111001101000,17.581978731793985,9.765625e-05
10110110010110111010,23.026517187813205,9.765625e-05
11111001010101001100,21.365210114050022,9.765625e-05
00110110001000111010,21.390959312320906,9.765625e-05
01011011010001111011,19.731430230159702,9.765625e-05
11100011001101011111,28.023389065324288,9.765625e-05
11000110011111000101,21.77257653289369,9.765625e-05
01001101010010110101,13.59424459062349,9.765625e-05
11001100011111010100,15.548770266721576,9.765625e-05
00011111101101110000,15.913763939763674,9.765625e-05
11000010010000110000,20.481350904418058,9.765625e-05
01010100011100110000,19.108194648384426,9.765625e-05
10111000111010101100,24.325082160265215,9.765625e-05
01101011010111101011,30.303953395704163,9.765625e-05
00111000100001010100,26.183980949087,9.765625e-05
00011011110000100011,19.3906058884405,9.765625e-05
01001101101111011001,23.242999841748667,9.765625e-05
10101111001010111000,30.86706523552286,9.765625e-05
00110111011001001100,15.271433580893525,9.765625e-05
01000001100111100101,36.22594530496278,9.765625e-05
11010001111011110101,24.086642191881516,9.765625e-05
10101100010000000100,34.09037222002324,9.765625e-05
00000111110010100010,25.604773678597983,9.765625e-05
11110010110111100111,24.605093396571526,9.765625e-05
10001110001001010110,34.1706186648878,9.765625e-05
11100011001101111111,28.24667148103758,9.765625e-05
01000111111000010100,16.372211521622496,9.765625e-05
11100101001101010001,13.931972675954203,9.765625e-05
10111110001101011110,36.24023565072538,9.765625e-05
10001001101011010010,26.329826488934472,9.765625e-05
00010100010101111010,28.86826119420494,9.765625e-05
01110110010000010101,13.461614117148592,9.765625e-05
01010100111111100010,39.65061278839945,9.765625e-05
11110000011101010000,14.378754671969954,9.765625e-05
11000110011001011111,21.596063078642864,9.765625e-05
11111111001010011100,39.881601374671504,9.765625e-05
10010011010001010101,22.180026251902714,9.765625e-05
00111110101110110100,18.945398975781696,9.765625e-05
00101010010111001111,63.99281412628342,9.765625e-05
00000011111111001100,36.18721745812752,9.765625e-05
00001011100000010000,22.32645403106182,9.765625e-05
11101001001111001001,26.88702844410446,9.765625e-05
00001010101001011011,45.615161496071934,9.765625e-05
11011111111111111100,12.869831178815721,9.765625e-05
00001100101101111110,36.123262778899345,9.765625e-05
00101101101000110000,15.809966143494188,9.765625e-05
11101111001110101111,28.439636489065315,9.765625e-05
11111100110010101010,13.204094368988667,9.765625e-05
10010100011011111110,33.37085307557371,9.765625e-05
00011011110000000001,17.210624094588297,9.765625e-05
11001110111010110100,15.704279896250945,9.765625e-05
11101101100101101000,17.696504344670004,9.765625e-05
01100110001110100100,20.76064370802217,9.765625e-05
10100101001101010101,18.58572679361051,9.765625e-05
11101101001110110011,18.723418494942283,9.765625e-05
11111101011100000000,22.314923452489758,9.765625e-05
00001100001011111000,24.528698693224552,9.765625e-05
11001001101111000000,17.581978731793985,9.765625e-05
00111110110100001101,23.104700695115795,9.765625e-05
11001110011111101010,18.6810767558214,9.765625e-05
00011010110101000100,32.97565840229225,9.765625e-05
11011011000000101101,25.280346648191554,9.765625e-05
01100100011010110100,20.55934370398319,9.765625e-05
11111010010101001000,41.65448044629786,9.765625e-05
11110111011101111100,17.221066241653592,9.765625e-05
10110001001111001100,19.704341016352828,9.765625e-05
11000010111001010011,33.615161496071934,9.765625e-05
01001100011010000101,14.611789038199284,9.765625e-05
11011010011100001010,20.76232716713435,9.765625e-05
10111110110000000010,32.11265037951002,9.765625e-05
10001001100111101100,26.008363417668065,9.765625e-05
11101111011101100000,31.301091461919192,9.765625e-05
10100111101001010100,20.241141259594222,9.765625e-05
01101111101001101101,21.888053132614008,9.765625e-05
01110011110111001000,12.736546972979156,9.765625e-05
01100110011010111111,24.40521679577075,9.765625e-05
10000111010010110011,23.12257047705391,9.765625e-05
11110001011001011001,13.66493687748727,9.765625e-05
10110001101101100111,18.845699046101473,9.765625e-05
11110001110101010000,8.451155308031927,9.765625e-05
10101011001011111101,43.202776827783396,9.765625e-05
10001101011100010110,20.049543660070974,9.765625e-05
10001101000111110110,16.07682267253019,9.765625e-05
01001010111111100011,38.088292974184824,9.765625e-05
10111101011010111111,19.915578983339437,9.765625e-05
11110000010001010100,14.737466915680951,9.765625e-05
00101111111110111100,23.21252524672863,9.765625e-05
11011001100010111100,18.733818474304012,9.765625e-05
11011011101111101100,17.273340974627207,9.765625e-05
01110011000001111001,22.121900033973027,9.765625e-05
00110111011010101000,21.263949424005983,9.765625e-05
01011100100101010000,11.540303060589066,9.765625e-05
00110010010111000110,31.456151600335566,9.765625e-05
01001110100101010111,20.44715615279713,9.765625e-05
10111001010001011101,32.1314522271687,9.765625e-05
11000111011001010000,12.611505871540523,0.0001953125
10110101010001000000,14.6469029214039,9.765625e-05
01011010101010000000,17.04484564009848,9.765625e-05
01000100011001010000,18.633119655285377,9.765625e-05
01010100011011100000,28.442779407177166,9.765625e-05
01000101001010000101,30.08971344942061,9.765625e-05
11110000011011110001,18.31058961979079,9.765625e-05
00011110110101000000,15.226985921102635,9.765625e-05
00010100101011111011,49.65712585194771,9.765625e-05
10101101001011100010,17.761061158370687,9.765625e-05
11111001100100010001,21.585804026846567,9.765625e-05
01001110100110001111,19.70103278124853,9.765625e-05
11111110111100010010,21.106642752099642,9.765625e-05
11010011110111010000,11.978543425225809,9.765625e-05
00011111011000101010,20.069352467671475,9.765625e-05
01100111100000011101,17.99274655744813,9.765625e-05
00011001001100011110,23.581978731793985,9.765625e-05
11110001111111111001,19.21327303180896,9.765625e-05
00100000001000110000,32.16462592022756,9.765625e-05
00110111000101001110,16.449851718855495,9.765625e-05
11110011011100101111,18.183614394726035,9.765625e-05
10010001000001110111,23.607487158727942,9.765625e-05
00110001011001110101,22.050166211044452,9.765625e-05
01011001011111111111,24.969009902158987,9.765625e-05
11010010111010000010,17.384307797058028,9.765625e-05
01010011110011011100,16.169063785949398,9.765625e-05
00010011101011000001,22.196934108939345,9.765625e-05
11100110011111111110,26.665884332760765,9.765625e-05
11001100011011101101,16.2097246401856,9.765625e-05
00000111111110000000,21.71925120347601,9.765625e-05
01001111100101010100,12.611505871540524,9.765625e-05
11110000100011100010,16.734228763134244,9.765625e-05
01111110110111101010,15.857455289928417,9.765625e-05
00001100001011011000,22.193777456030222,9.765625e-05
01110111001000001001,31.128662313714763,9.765625e-05
00001010000111001000,37.311978152638765,9.765625e-05
11111011110001010100,31.6848360488044,9.765625e-05
11110111001010100101,33.771796979679955,9.765625e-05
00010001111100110100,36.46219565451516,9.765625e-05
01001111100100010001,17.210433278087454,9.765625e-05
01110001110001111100,18.322204407613324,9.765625e-05
00110000011111101000,33.64822777071887,9.765625e-05
11010011101010011001,21.20375342829496,9.765625e-05
00001110101101100100,26.513306491207363,9.765625e-05
01011110000110111101,13.87176147619412,9.765625e-05
10001001100010111001,26.741288679162725,9.765625e-05
01000010101010000101,28.78226373336037,9.765625e-05
10111000010011100010,27.56993587686467,9.765625e-05
10101010001000100010,47.21674207335539,9.765625e-05
11010000110000010000,8.60551936847363,9.765625e-05
10101001101000001101,27.09246596796565,9.765625e-05
11111100100100011000,14.400778722908846,9.765625e-05
00100011100101001100,23.830491310228393,9.765625e-05
00100110001011011101,29.298008444774656,9.765625e-05
10101111111100010111,35.226738359255165,9.765625e-05
11100110011011011001,22.563400644092752,9.765625e-05
11100001010111011111,27.72060623755719,9.765625e-05
00011111001111101111,15.285796191955246,9.765625e-05
01101100010110101101,21.581978731793985,0.0001953125
11110001111100110000,10.428347143620169,9.765625e-05
10001100011000100000,17.54052399092076,9.765625e-05
10101111101010110101,28.89935831856226,9.765625e-05
00011010100011110101,32.806632109218754,9.765625e-05
11001111010111111010,14.79147797935577,9.765625e-05
00110110100011111010,22.465974015213312,9.765625e-05
00011011101001001011,21.951787539644176,9.765625e-05
01001101010000011111,16.055203370773235,9.765625e-05
10100000000001001101,40.60946347053584,9.765625e-05
11110001110010100011,15.912646901096211,9.765625e-05
10010000101110010000,29.49918403666471,9.765625e-05
00010110110000100000,18.188156870870245,9.765625e-05
11011010101001110001,23.894536756656944,9.765625e-05
01111010100111010000,24.2210022260253,9.765625e-05
00100000100111101000,46.586523096002814,9.765625e-05
10000010100111011111,54.77709872787887,9.765625e-05
11011010100001110110,25.56910741410468,9.765625e-05
01010100011100011000,18.904983071747093,9.765625e-05
01101110111010000111,18.88726559633372,9.765625e-05
01001001111011110101,27.74024182142952,9.765625e-05
00111100101011010100,15.640873113930049,9.765625e-05
00001000111101001010,51.78451904380217,9.765625e-05
01011110110011101010,17.930923097358637,9.765625e-05
00011001000001010101,19.15560562002148,9.765625e-05
00110001011011000101,18.371095353171143,9.765625e-05
11101101111111000100,13.151418124136656,9.765625e-05
01011010001010010101,17.997786535962845,9.765625e-05
10011011011100000010,25.074927761983204,9.765625e-05
10011101010110001111,16.576897201141893,9.765625e-05
00100011000101010110,30.108397224490723,9.765625e-05
11100001100001111011,19.84593086582251,9.765625e-05
00000010100011011100,43.61317592754107,9.765625e-05
00111100000001101010,16.241141259594222,9.765625e-05
01010101110111010100,24.453971842205263,9.765625e-05
00100101000001010101,15.163957463587968,9.765625e-05
11111000010100011010,20.733818474304016,9.765625e-05
00000010110111000101,55.53562276918429,9.765625e-05
10101001001111110001,35.5825561011357,9.765625e-05
01000011001111110101,26.132213328233462,9.765625e-05
00111001001101111011,21.393672999590926,9.765625e-05
00110100011111101000,22.619783093516823,9.765625e-05
10101111001001111111,32.8993486325253,9.765625e-05
01010110101100101100,26.98403688821432,9.765625e-05
11110100101110100101,15.283121543100306,9.765625e-05
00110001001101001111,20.82743877746935,9.765625e-05
01000001011000000101,21.399137833782554,9.765625e-05
00100011101010100000,22.183004348575437,9.765625e-05
10110001010010000100,16.561509177989375,9.765625e-05
01111110010110011110,17.623917266862446,9.765625e-05
01000100100101111010,34.15363430903618,9.765625e-05
01011001010001011110,16.65432159382101,9.765625e-05
11101110000011101111,33.899635330754876,9.765625e-05
01111011010100101010,23.020723466052253,9.765625e-05
10100111100011010100,20.960399439084643,9.765625e-05
01011000111001110001,22.63454214943846,9.765625e-05
10011111111001000111,21.09199906958385,9.765625e-05
01000101111101000011,31.47031149949595,9.765625e-05
01101011111110011000,22.193362813671264,9.765625e-05
11001101100111110001,11.894646063133493,9.765625e-05
00100101010000111010,23.97014712360881,9.765625e-05
10101011011110011110,47.148893806204995,9.765625e-05
11011011011000010111,23.165537134235706,9.765625e-05
01010001110101111000,29.95446373403828,9.765625e-05
11001011010110110100,22.1706186648878,9.765625e-05
11101111000111000011,37.1696909739225,9.765625e-05
11001100000001010100,12.459371202766286,9.765625e-05
10111000111100010101,33.2460843385317,9.765625e-05
11101101000111111101,19.76106115837069,9.765625e-05
11101101001110000101,21.620936547704027,9.765625e-05
00011001110011111111,33.34958556503079,9.765625e-05
01110000011010000000,11.385284397569588,9.765625e-05
10010010010001110000,28.87761369557126,9.765625e-05
11010011100010111101,17.531139710581215,9.765625e-05
10010110010101000000,16.201293762445633,9.765625e-05
00011000010001111010,30.699179629978985,9.765625e-05
11001011100110101111,21.35647587602912,9.765625e-05
00110101111111101011,28.149168353343146,9.765625e-05
10110111011110001000,19.624576037465076,9.765625e-05
01110011100000011001,19.030057242638534,9.765625e-05
10111001101110010101,22.643673720473082,9.765625e-05
01111011001001010011,25.504495928625865,9.765625e-05
10001001101111000001,28.007386817156505,9.765625e-05
10100111011001001011,24.97949441207011,9.765625e-05
10111111111101111101,23.193336465582938,9.765625e-05
10100100111100000000,20.38600094220717,9.765625e-05
10001101011000101000,15.977393393846025,9.765625e-05
01000101111011000011,38.106469637134865,9.765625e-05
11010011011000010101,14.163010008314476,9.765625e-05
11011100010110101111,10.310728071505402,9.765625e-05
11111011001100101110,30.15811846181859,9.765625e-05
11000100101100101111,27.788347783298363,9.765625e-05
10011100110010000010,14.491359673504528,9.765625e-05
11000100111001001111,25.558078418800772,9.765625e-05
11101111011101010000,33.44914775578128,9.765625e-05
10011100000010111110,19.89684087867799,9.765625e-05
10101110100010000011,35.46561879039549,9.765625e-05
01001000010100010001,27.431803723616092,9.765625e-05
10010011101010101100,21.72963006933407,9.765625e-05
01111011100111011001,23.820125967085175,9.765625e-05
01000001101100100101,35.972740664721776,0.0001953125
01111011100001111110,24.046341923044004,9.765625e-05
10100111100110100001,22.450872141373168,9.765625e-05
11110110010110101110,19.06384380063391,9.765625e-05
10100011101101010100,32.01593125652507,9.765625e-05
01110011110010010101,12.27884256727368,9.765625e-05
10100100010100010110,31.022275362337044,9.765625e-05
00110111001000101010,26.70399848186176,9.765625e-05
10111001001100011101,27.204094368988667,9.765625e-05
10101100010011110110,34.29758149389306,9.765625e-05
10111010010110000010,43.99341883992579,9.765625e-05
01010101101010100101,52.50027794835555,9.765625e-05
01100011000000001100,16.268135766247248,9.765625e-05
01010011111111011000,22.161573387468508,9.765625e-05
10010001100111101010,28.133064694638172,9.765625e-05
11111100110011011001,12.513878429664182,9.765625e-05
01110111110110111010,22.20824553648094,9.765625e-05
10011101101111010100,16.141081839104306,9.765625e-05
01100010100001101110,28.56740875094344,9.765625e-05
00001100110011000010,24.246084338531702,9.765625e-05
01101010101101001100,34.09246596796565,9.765625e-05
10011010111110010101,38.506339943185296,9.765625e-05
11101101010100011110,20.63253187632545,9.765625e-05
01100101111000011001,21.33735426068807,9.765625e-05
00011000000101111010,30.341428059149244,9.765625e-05
00101111010101001011,27.88611659364226,9.765625e-05
00111110011001110111,24.946891727156423,9.765625e-05
11110010110101101010,19.00328188701597,0.0001953125
11101100001010101000,17.716816514839895,9.765625e-05
10101000010101010010,59.4600922205358,9.765625e-05
11010010010010101110,15.83369687309343,9.765625e-05
10011010101111111100,35.289638051092176,9.765625e-05
00010100111111000010,36.03682151961793,9.765625e-05
00010001111100000000,25.79707784245459,9.765625e-05
01000001001011010011,33.86502928325158,9.765625e-05
00100110101011010111,30.06425055789333,9.765625e-05
10110000000011011011,29.278771575630973,9.765625e-05
01010010001010011100,20.183980949087,9.765625e-05
00001010100010111001,38.69361057726061,9.765625e-05
11000110011000001010,17.268388111685752,9.765625e-05
11000001000010100011,23.106608088849477,9.765625e-05
11000000100011100011,31.370853075573716,9.765625e-05
11110100011101101100,11.516098135294687,9.765625e-05
10100111110110000000,21.702954127011036,9.765625e-05
11111001100010100111,19.579756316140937,9.765625e-05
11110010110010001000,12.729542942920997,9.765625e-05
10010111000011101111,21.527249763446292,9.765625e-05
10001111010101011010,26.621877761384173,9.765625e-05
11100001111101001000,16.096172183377533,9.765625e-05
10111101011110010100,19.50833154616945,9.765625e-05
00001101110011010111,22.30872678248429,9.765625e-05
10001110101000101000,21.59766212136451,9.765625e-05
01001111111101110000,13.80589328659414,9.765625e-05
01110100010101000000,6.958899711695507,9.765625e-05
00101010000010011111,49.30719228267195,9.765625e-05
11000101101111110110,26.841312712821228,9.765625e-05
01011010101010010100,18.491359673504526,9.765625e-05
11110011000111001010,22.710351451752764,9.765625e-05
01011010111100110010,20.217311127535268,9.765625e-05
01011100101000001011,25.444706260111957,9.765625e-05
01100000001010110011,30.587512397680946,9.765625e-05
10110000001001010101,28.253500300926277,9.765625e-05
11110010101000011101,18.30882067777172,9.765625e-05
01011011010101101111,18.27502903182655,9.765625e-05
01010010010000001000,10.766381299254355,9.765625e-05
10001011101100101010,25.947323031566746,9.765625e-05
01000111100010001011,28.9706346456751,9.765625e-05
11010000100010101010,24.81963563702933,9.765625e-05
01011101111100100101,20.099400660727103,9.765625e-05
11100100010010001000,15.521076611903405,9.765625e-05
10101000001101110000,46.28912117664777,9.765625e-05
11100010011000111101,33.93416124990535,9.765625e-05
00110010111011001111,32.76469434598974,9.765625e-05
10110001001000100000,16.204168805074982,9.765625e-05
10001101001110010101,18.50643582491402,9.765625e-05
01000111101000000001,24.696504344670007,9.765625e-05
10100101000100000100,17.897195036979454,9.765625e-05
10110011001101111001,25.744908062428795,9.765625e-05
10111011111110001000,24.822108520486424,9.765625e-05
01001010100101101100,31.438034344086844,9.765625e-05
00001010111010000000,33.309472472359936,9.765625e-05
00011011001011100000,15.88012562828325,9.765625e-05
11001001000111110101,20.016842383406022,9.765625e-05
10001001011111000001,32.09890179827786,9.765625e-05
10100011110100100111,36.68943121103375,9.765625e-05
10010011101011011100,22.050895973289794,9.765625e-05
01111111100101111101,22.99120808591117,9.765625e-05
01010000111010101001,41.441760960260964,9.765625e-05
00011110110111100110,20.40593334040833,9.765625e-05
01100000101010101010,34.86742212548305,9.765625e-05
01110101011110101000,29.15141812413666,9.765625e-05
11001111101010001000,21.85013593284382,9.765625e-05
10000110011010101000,24.400091530649394,9.765625e-05
00101110100101110010,29.551281465012494,9.765625e-05
11101100011110001111,21.007457808799217,9.765625e-05
10100100010101000000,25.583280345368948,9.765625e-05
11000110111101100100,20.193777456030222,9.765625e-05
00111001001100100101,15.95378529709448,9.765625e-05
10110000001001110100,27.166725909763315,9.765625e-05
01001111000111000101,13.221066241653594,9.765625e-05
01111010000010101000,24.201348826458034,9.765625e-05
10100001000101010000,26.755727184313074,9.765625e-05
10110011110011110101,25.045084680392357,9.765625e-05
10010010110010111010,28.050334015137192,9.765625e-05
10001000000111100010,36.83471803003217,9.765625e-05
00011101110110101010,24.39194309598694,9.765625e-05
00101100110100010000,22.815312203152196,9.765625e-05
01000000101010001011,48.13904838971551,9.765625e-05
10011110000110010111,25.936678689789623,9.765625e-05
01011110011011100110,15.610169605555216,9.765625e-05
10101011100101111001,46.729671181317656,9.765625e-05
00110110111101010010,16.556754636002157,9.765625e-05
01101101100101111010,16.968001119643557,9.765625e-05
01001100101010111101,26.528698693224552,9.765625e-05
11110101101101110100,15.207929350078203,9.765625e-05
01000000001101101010,42.6729324891838,9.765625e-05
00101110100100111110,32.144203719999865,9.765625e-05
00011011111000011110,23.220051239180997,9.765625e-05
11110001010000010100,10.554436953438248,9.765625e-05
01001111100111111100,13.759156474659545,9.765625e-05
01100110111011100111,26.10066803027438,9.765625e-05
11110111000011100001,33.18599231637934,9.765625e-05
11101101000001101101,23.184100028727702,9.765625e-05
01010001110001001111,28.90307132448468,9.765625e-05
01110011010000111110,16.820251924773267,9.765625e-05
11100011001011010011,26.662723413450113,9.765625e-05
00010100110100111010,33.83410527385904,9.765625e-05
01011111111110100101,17.491054337622117,9.765625e-05
00011010100011011111,34.60801371920931,9.765625e-05
10000110101010011101,28.14665433626629,9.765625e-05
00000001101100110111,51.39699621582203,9.765625e-05
11110010001000001010,20.6469029214039,9.765625e-05
10011010010011101010,29.56993587686467,9.765625e-05
11100011100101110111,26.246671481037577,9.765625e-05
10111111010110101100,31.74982696406515,9.765625e-05
10101101101100000011,17.871761476194123,9.765625e-05
10100111010111101000,24.2210022260253,0.0001953125
10110101010101011001,12.753744630911829,9.765625e-05
00000011010011100001,26.38108557214162,9.765625e-05
00011101101110000000,21.444706260111957,9.765625e-05
00100100010110001011,30.40112499611078,9.765625e-05
11011000001111000000,16.075210928641965,9.765625e-05
11101011001001010011,40.04927400528724,9.765625e-05
11100001110000101111,16.97574281868278,9.765625e-05
10001111010010101000,19.69650434467,9.765625e-05
10110011000010001010,23.838358341341483,9.765625e-05
01010100101001111100,38.83637035746499,9.765625e-05
01011110001001100001,18.292547756971697,9.765625e-05
11100110010011111110,24.888226269214975,9.765625e-05
10010001100011111101,28.955840937343115,9.765625e-05
10110110000111101100,24.82210852048642,9.765625e-05
01001111000111110110,12.124491088395352,9.765625e-05
11100001000010100010,19.204094368988667,9.765625e-05
10000110000001011100,24.741642837464195,9.765625e-05
11110011001111111101,21.282934366933652,9.765625e-05
10000100010111100000,26.85417684735606,9.765625e-05
01100111000000101101,24.415862868181264,9.765625e-05
11101111000100110111,37.44601796815,9.765625e-05
00110110011110111010,20.40521679577075,9.765625e-05
11000010100010100011,24.717378680132555,9.765625e-05
10011111000110101100,21.262231280007448,9.765625e-05
11011101001100011100,20.33996652658108,9.765625e-05
10000000100011111001,46.79860339065105,9.765625e-05
11001010000101011001,40.79872591473536,9.765625e-05
01011010111010000000,13.692663121987115,0.0001953125
01011010110100100100,17.93599120326291,9.765625e-05
00001011011011011111,34.0022342948617,9.765625e-05
10001010010100011110,60.346915367671606,9.765625e-05
01110001111000010101,13.274590321339499,9.765625e-05
10100110101000000100,26.81906378569971,9.765625e-05
11100011001100010110,24.6306078205404,9.765625e-05
10100010001111011101,59.129345996039596,9.765625e-05
01010011011101010100,13.14191998790125,9.765625e-05
00011110110100010100,19.16809153896657,9.765625e-05
01000100101001010101,27.621518085070605,9.765625e-05
01010001111111111101,44.791838400886775,9.765625e-05
00001111111000000010,17.896840878677985,9.765625e-05
11111111111011111101,20.437648417651964,9.765625e-05
11010110011111100011,17.471804250870672,9.765625e-05
00000110110011010101,33.30778277165441,9.765625e-05
00110000111011110000,34.63888151094589,9.765625e-05
00001100111101000010,27.232045282531075,9.765625e-05
00000111110111000010,20.381085572141625,9.765625e-05
00000011100010010010,25.23624526160259,9.765625e-05
10100001101111101000,28.619783093516823,9.765625e-05
01101010111101001110,37.32034781190018,9.765625e-05
01000011100101010000,16.962663701142336,9.765625e-05
01001110101100110111,20.67513108131064,9.765625e-05
00001101110110001010,23.71925120347601,9.765625e-05
11110110011111111100,17.310660611433498,9.765625e-05
10001010011010101000,36.449684002299605,9.765625e-05
00011110001001010101,19.39095931232091,9.765625e-05
10001000000011111110,42.22793337637613,9.765625e-05
11100111001110100011,27.446152997057187,9.765625e-05
01010010111110000100,20.58562717317092,9.765625e-05
10101010101111010001,60.857604369241116,9.765625e-05
11110010011111100010,23.28389774983745,9.765625e-05
00001100101010001000,25.185593416556472,9.765625e-05
10010010001111110100,35.289638051092176,9.765625e-05
00001110111111000100,29.80238683929899,9.765625e-05
01011001101101011000,24.62337123634014,9.765625e-05
10001000001011110001,39.769778647213016,9.765625e-05
11001110100011100110,18.85669428724033,9.765625e-05
00100100111011001000,31.86305340075767,9.765625e-05
00111111010010010101,23.90906945136198,9.765625e-05
01001011110001111110,20.80018306129879,9.765625e-05
11010010011011101100,18.4335049984232,9.765625e-05
11101110110111101010,26.30910591799897,9.765625e-05
01100011010110010000,18.682882553514013,9.765625e-05
11001011001001011111,25.602647133833838,9.765625e-05
11111001011111000101,17.91159910180188,9.765625e-05
11110011010100100010,21.02072346605226,9.765625e-05
00011101100100100011,19.303266829102395,9.765625e-05
01101001100001110011,20.515785823397863,9.765625e-05
01010110111111110000,22.040708033149066,9.765625e-05
10110001010101101110,19.59269595327844,9.765625e-05
10100001010001011100,30.070473783127184,9.765625e-05
10110111110100011110,18.960399439084647,9.765625e-05
11110110011111001110,18.552893834105298,9.765625e-05
00100010010010011101,49.03589697882897,9.765625e-05
10011001010100100010,15.737150865073257,9.765625e-05
00000001001000001110,32.87610501656623,9.765625e-05
10100000000101000010,37.311978152638765,9.765625e-05
11111000010000010001,22.39984469238318,9.765625e-05
01111110011100010110,16.366291842173453,9.765625e-05
10101001010001011101,45.02182532230685,9.765625e-05
00111100111010000000,10.247051253006308,9.765625e-05
00100010100111111011,53.43552525184042,9.765625e-05
01101010001010101000,25.13481216937865,9.765625e-05
10110000001010001101,24.85337317630541,9.765625e-05
01001110110100100001,18.049543660070974,9.765625e-05
10110000010000011010,22.78232848340973,9.765625e-05
01011111011101011100,13.296634038619565,9.765625e-05
10001010100001111100,45.81590902085521,9.765625e-05
01010010110000010000,12.833164060178893,9.765625e-05
00100101101110100000,26.407257123206943,9.765625e-05
11110001010111110000,14.643673720473078,9.765625e-05
00010111010000110001,16.614306478083552,9.765625e-05
00101010110110110100,55.884928454568694,9.765625e-05
00100101001010111010,30.599675191627256,9.765625e-05
01010111101101010100,21.25087654805889,9.765625e-05
01000100100011000000,25.480981542067532,9.765625e-05
00110010101011111110,36.24165993497605,9.765625e-05
01100110101111100110,24.641023346886293,9.765625e-05
11000111001111011110,15.986084621727233,9.765625e-05
00001010110010110111,50.093384278001075,9.765625e-05
10001100010110000011,24.806215578795182,9.765625e-05
10110110011110011001,20.563400644092752,9.765625e-05
10101101000011010010,22.915659661019106,9.765625e-05
11100000000011110101,29.772576532893694,9.765625e-05
11110011011011110011,21.56355022975513,9.765625e-05
00100111001111111000,19.87820428252074,9.765625e-05
11101101101110001000,20.391935912832466,9.765625e-05
10001110100011111111,29.801120830535325,0.0001953125
10111100001100000010,15.696504344670004,9.765625e-05
01000011101011010100,20.130328103723436,9.765625e-05
01010110011001010101,13.67348402687838,9.765625e-05
10100101011000000000,17.343709070385508,9.765625e-05
00111000011111101000,27.4030812014237,9.765625e-05
11110010111101001000,16.735205363645804,9.765625e-05
01001110111011010110,18.118128981384583,9.765625e-05
01110101110101111100,18.408214351644588,9.765625e-05
10110111011111111010,20.062513041820885,9.765625e-05
01010100110111101100,33.84719063299283,9.765625e-05
01011001110111100000,18.43294033024805,9.765625e-05
01101110100110101101,24.16582030089446,9.765625e-05
10011110101010110000,19.66479831700927,9.765625e-05
11110010110110011000,15.352621963019473,9.765625e-05
00101101111001111100,20.31574214208559,9.765625e-05
11100111001100101011,26.2991611645408,9.765625e-05
10111101010110111101,20.867020886235732,9.765625e-05
01011011111010010101,15.310660611433496,9.765625e-05
10011101011000101011,17.930065282220518,9.765625e-05
11111100101101110000,9.354667074046702,9.765625e-05
00101110001110111101,32.2364193181285,9.765625e-05
01100100010000001101,17.371251583162305,9.765625e-05
10100011010100001111,40.35360854383525,9.765625e-05
11100000101001111011,28.217221487399897,9.765625e-05
11111101101111011110,17.738060299780173,9.765625e-05
11001001011011111100,16.2097246401856,9.765625e-05
00110010010110101111,32.55653529946782,9.765625e-05
11100001011011111111,26.0022342948617,9.765625e-05
10110111001111111000,20.450862455336214,9.765625e-05
01111011110101010011,22.12462964887335,9.765625e-05
10111000101101000011,24.4936905736762,9.765625e-05
10000000000111011000,42.65472375299327,9.765625e-05
00000100101100111101,47.851723433939895,9.765625e-05
11011110101010010101,18.9567599493236,9.765625e-05
11100000001010110111,28.118128981384583,9.765625e-05
11001001100111001000,17.803353753773596,9.765625e-05
01010001101111001010,45.44505877490724,9.765625e-05
01011011011000011001,17.296634038619565,9.765625e-05
11111100100100000000,15.85425408059212,9.765625e-05
01101001000011011001,24.51387842966418,9.765625e-05
01000101100010110001,35.66479831700927,9.765625e-05
01110101010011111001,23.90704776157864,9.765625e-05
11111000000010010101,24.303257866646693,9.765625e-05
11001011001000111010,20.981523301199772,9.765625e-05
01111000001010000001,13.394772847768042,9.765625e-05
00100101111010110110,31.93867646887611,9.765625e-05
11001001010000100000,11.803638699733588,9.765625e-05
11000001111100001011,27.80238683929899,9.765625e-05
11001111110110101011,17.2304508162604,9.765625e-05
11011010011010111101,19.514848054161327,9.765625e-05
00011101010011111101,18.288015897585744,9.765625e-05
01101110010010000010,21.993665678192002,0.0001953125
10001010100101110011,54.05015735780523,9.765625e-05
00111110110100011101,25.05989065982861,9.765625e-05
00011011100010000000,16.61524570532241,9.765625e-05
00011110010001101010,18.36026276912067,9.765625e-05
00101111001011111110,19.703881475789554,9.765625e-05
11100001011110001100,18.65433127985797,9.765625e-05
11100101000111010000,15.39164026298701,9.765625e-05
11101111010011111011,28.998733354782285,9.765625e-05
11110001010101000100,10.01302759593866,9.765625e-05
11111000011101001010,19.08834782021735,9.765625e-05
01101110001110111011,20.246660777152115,9.765625e-05
10011101100011101111,20.479639121616074,9.765625e-05
11010010010100000101,16.138223458526326,9.765625e-05
01000101001110100101,33.158398096906545,9.765625e-05
10011111100100100001,20.86706523552286,9.765625e-05
11010001011110111010,25.72776649760651,9.765625e-05
10011100000100101011,12.32706054564161,9.765625e-05
11101101110101010010,14.428057735368064,9.765625e-05
10011010110011111111,39.38759239409654,9.765625e-05
00011111100011010100,17.041684720787824,9.765625e-05
01100110010110000010,18.004791300442065,9.765625e-05
10110000010100000000,19.00877535000448,9.765625e-05
01111010110110101000,19.22883283077882,9.765625e-05
11000001101010000110,24.81963563702933,9.765625e-05
00101100101101011100,26.611782796605937,9.765625e-05
01100010010000011011,28.922460070090803,9.765625e-05
10010001101101001111,28.318259396465994,9.765625e-05
00110000010110101111,35.165221828845446,9.765625e-05
10010101111000111111,30.758527790856103,9.765625e-05
01101110000001001011,28.196334755877842,9.765625e-05
00010010111001001100,32.693069672106475,9.765625e-05
10101010100001000000,53.90943600572295,9.765625e-05
00101010100100111110,50.08904843722462,9.765625e-05
10111010110011111101,47.07280123885525,9.765625e-05
00111010110111111000,37.08545060836434,9.765625e-05
00110011110100100000,14.486287828889388,9.765625e-05
10011110010111101000,18.599846527290804,9.765625e-05
01101111101010110000,21.20659485255431,9.765625e-05
10111001111101001110,19.59269595327844,9.765625e-05
11100101101110100111,22.977634284786156,9.765625e-05
00100010010100001111,51.4749338313619,9.765625e-05
00001010111110100101,50.96169054507438,9.765625e-05
00101101100100000000,14.504881855060745,9.765625e-05
01010111100100011001,23.247750204871206,9.765625e-05
11010011011111110110,18.940240211893542,9.765625e-05
01001111101101000000,15.69931463724999,9.765625e-05
00101101101101100000,12.566638062218395,9.765625e-05
01011000111101001000,22.490652814903903,9.765625e-05
00001111111100000011,19.470038018874142,9.765625e-05
01010010100100101000,20.231104068850932,9.765625e-05
11110100010001010000,9.157450641633051,9.765625e-05
01001000110101101010,35.877052471839725,9.765625e-05
00110010011010110100,29.34136684067069,9.765625e-05
00101111110101101111,26.135929316809495,9.765625e-05
01110010010100111000,17.825333455425362,9.765625e-05
11100110011111000100,25.960746621371698,9.765625e-05
11010011111111100011,21.595798669240153,9.765625e-05
00011011100100000101,19.2106240945883,0.0001953125
01101101111111011001,16.879151737794235,9.765625e-05
10001000001011110011,41.51673048152161,9.765625e-05
10111000101101001101,30.505234369856026,9.765625e-05
10011011100010101010,20.820303457214866,9.765625e-05
01101011010101110110,31.315449289389875,9.765625e-05
01011010011000110000,15.432091466725826,9.765625e-05
11001011100111100111,23.211207705523364,9.765625e-05
01001110100001010101,17.89684087867799,9.765625e-05
11001011110111000000,21.151418124136658,9.765625e-05
00101001100110101011,30.31058961979079,9.765625e-05
01101011001111110111,26.57495920416783,9.765625e-05
11101100011100001100,20.22674876887337,9.765625e-05
01000011100111010000,18.73711275737948,9.765625e-05
11010001101101010110,21.849095316703966,9.765625e-05
01111010110001101110,24.25884469544191,9.765625e-05
10100000000101010111,52.41008781654917,9.765625e-05
11011110110001011010,17.508331546169455,9.765625e-05
10100011001100101101,33.15141812413666,9.765625e-05
01100100011000011110,18.364569981100235,9.765625e-05
10100101000111010000,18.07491527879651,9.765625e-05
01111100101100111100,14.32926432364181,9.765625e-05
11000101001101000000,14.625301533718542,9.765625e-05
10000010000111010110,50.690732824608716,9.765625e-05
10000100101111100100,34.6729324891838,9.765625e-05
10101001010110111100,39.934161249905344,9.765625e-05
11000101111100101010,26.946710275393613,9.765625e-05
01100010101111000001,30.38294216785477,9.765625e-05
11010010010101110000,18.51986212474152,9.765625e-05
00111111001000101010,27.085708139719664,9.765625e-05
00111010010000010000,35.685250691163354,9.765625e-05
10010010111100110101,36.22882305761467,9.765625e-05
10111110000110000011,34.14209413155436,9.765625e-05
01001010111101100001,36.54835209279181,9.765625e-05
10101000100011110000,39.269984651524915,9.765625e-05
00100110001010101010,25.95333525706429,9.765625e-05
10011100100010111101,18.42834714362017,9.765625e-05
11011110000001110011,23.42492794773677,9.765625e-05
01010010000010111101,21.64087311393005,9.765625e-05
00111111011111111010,15.062570815855832,9.765625e-05
01100011001001010011,20.78195495303435,9.765625e-05
10111000100000001010,21.20225443532689,9.765625e-05
10100100000011010100,26.739381285429047,9.765625e-05
11010101111001001111,25.95219947198059,9.765625e-05
10001101111101110000,16.066743646222072,9.765625e-05
10000110101101001011,28.08551806843625,9.765625e-05
11010011111001011001,14.509390919565357,9.765625e-05
11011110001111000010,20.535928388537595,9.765625e-05
01111110001000011110,23.184100028727702,9.765625e-05
00000000000110110101,53.47162279910786,9.765625e-05
10101101011010110111,23.409826095532814,9.765625e-05
11101000110000001101,29.00877535000448,9.765625e-05
01010001111111101110,47.154013466187045,9.765625e-05
10000010010001101011,45.46615150534301,9.765625e-05
00100111101100101010,22.324111801347005,9.765625e-05
11001101111010000000,15.724394039733859,9.765625e-05
01101101100101001001,18.832864965889833,9.765625e-05
10001111100011111111,19.56153362792158,9.765625e-05
10111101110100000001,16.270941879962564,9.765625e-05
01111111100011001110,28.701972106454406,9.765625e-05
11011010011011111011,22.6759242335266,9.765625e-05
00011011101100011111,25.37743713076469,9.765625e-05
10110010000001110110,39.20375342829496,9.765625e-05
10100101010001010100,19.044845640098476,9.765625e-05
10110010111100000101,30.91267251476347,9.765625e-05
11011011110111111111,18.041423021407656,9.765625e-05
10101001011010111110,31.82998368166713,9.765625e-05
10100000001011110011,45.417548335370924,9.765625e-05
01100010000011001101,29.34844604123623,0.0001953125
01000001001101001000,26.57570906206833,9.765625e-05
01110000101010011100,23.99572373419592,9.765625e-05
11000100111011110000,22.76827620980134,9.765625e-05
11100100010000001000,13.208533791089499,9.765625e-05
01010011111101100001,21.84706467530473,9.765625e-05
10111001001000001011,22.997783825940303,9.765625e-05
00110101011000110110,21.10660808884947,9.765625e-05
11110101011100100010,19.331818091918628,9.765625e-05
00110101011011011111,22.605093396571522,9.765625e-05
01100100101110111000,28.493978964079798,9.765625e-05
10011101100111101000,15.472245328445155,9.765625e-05
11010111011011111101,16.612308720633255,9.765625e-05
10000011100011110101,28.31058961979079,9.765625e-05
10111101010011010111,21.74772188657959,9.765625e-05
10111111010111111000,29.711529992326227,9.765625e-05
01001000010111100000,27.637474955262935,9.765625e-05
00011001100010000001,19.9607466213717,9.765625e-05
01010011000001000001,16.641172306186128,9.765625e-05
01111010111111000010,18.283839975802504,9.765625e-05
00100010001101001000,38.22602598264245,9.765625e-05
00100110111111110010,35.77462865241134,9.765625e-05
01001101011010011001,18.70774551498996,9.765625e-05
00110111101010000101,19.960331979012743,9.765625e-05
00011011101010110000,21.111332751177557,9.765625e-05
10011100110011101011,16.55675463600216,9.765625e-05
01101101011111010000,10.917512725161451,9.765625e-05
11011111000001100011,33.695270289133965,9.765625e-05
00101110101001111111,31.801120830535325,9.765625e-05
11111001001000101001,24.097251935899493,9.765625e-05
10010010000101010111,38.02052370873189,9.765625e-05
11001101100110100101,14.67924306375297,9.765625e-05
00000100111101100101,48.481294071944234,9.765625e-05
00110101010001010101,11.664936877487266,9.765625e-05
01000101111101011110,33.67163087560884,9.765625e-05
10001001000010010010,23.586709635715415,9.765625e-05
11100001000001000100,13.46848478344193,9.765625e-05
11101011101110100100,25.631561517407242,9.765625e-05
10100100001100001000,19.745666882785002,9.765625e-05
10000000111100111110,60.373831906667505,9.765625e-05
10101101001000111011,22.108212649583226,9.765625e-05
01111110010011010000,20.19633475587785,9.765625e-05
00100101100101011001,18.892667677757103,9.765625e-05
10101011000101111100,52.30421156351353,9.765625e-05
00100010100000011101,40.67630473991639,9.765625e-05
10000111101100001010,20.388158705777872,9.765625e-05
00111110000010110010,22.227948667552376,9.765625e-05
00000101101100001000,32.322994653916155,9.765625e-05
11100110111111010111,26.171280265116177,9.765625e-05
11011000010101101010,15.907076819689506,9.765625e-05
01000110001101101000,21.17090183154656,9.765625e-05
00011111101101001010,17.775448131079436,9.765625e-05
00011100111010100100,23.122315323625852,9.765625e-05
00000000100010000000,36.319159672826615,9.765625e-05
00110011101011100100,19.34746944072467,9.765625e-05
01011110101100110110,18.53403611172577,9.765625e-05
11100101100010001111,22.613785973691666,9.765625e-05
01110010001001110110,22.69134558078185,9.765625e-05
10111000101011110111,30.475452692247604,9.765625e-05
00001001100110000101,28.114380919568056,9.765625e-05
00001101111001001000,20.064268129029823,9.765625e-05
10110010011000100110,31.465284004167934,9.765625e-05
01101100000001000011,15.508331546169456,9.765625e-05
11111011111101010010,26.269624338757296,9.765625e-05
01100100101111001000,24.978468694872234,9.765625e-05
00001100101001110101,28.653779018582142,9.765625e-05
01011001011100010011,15.925327402284674,9.765625e-05
10100000000000010101,39.58328034536895,9.765625e-05
10010000101101111011,41.06666743083452,9.765625e-05
10111100111101101001,13.165749309251758,9.765625e-05
10000000110110101101,54.42952623311082,9.765625e-05
10111010001000010100,48.33498878439343,9.765625e-05
01010100111010100011,41.16115779860606,9.765625e-05
01001000011010111101,33.232045282531075,9.765625e-05
00001010101111000010,39.60477367859798,9.765625e-05
00000011110100010101,33.533333715417264,9.765625e-05
00010100110111000010,29.10923808331021,9.765625e-05
10111101001111010101,18.36805807416998,9.765625e-05
10101000100101101000,40.65473623617997,9.765625e-05
00000000111000010101,56.57604376116869,9.765625e-05
11000100010111001111,24.19896121876777,9.765625e-05
11011010010100011110,26.6460159501879,9.765625e-05
10001010100000110110,43.14708771424511,9.765625e-05
11001000010111111100,32.85417684735606,9.765625e-05
11111001001010010101,22.552229730994437,9.765625e-05
00001101110111000011,20.308726782484293,9.765625e-05
10100001001010100000,22.491359673504526,0.0001953125
00101110011011101111,33.83642304355015,9.765625e-05
10110100110000111010,15.229796213682622,9.765625e-05
10101111011110101100,31.80717904882618,9.765625e-05
00100111011000101010,22.229786527645665,9.765625e-05
10100101100110101111,24.4936905736762,9.765625e-05
11001111010000011111,22.046483084781165,9.765625e-05
00111001010001010000,18.67253033001154,9.765625e-05
00110000101010111100,37.27171872315376,9.765625e-05
10000101111011011100,28.62863214518655,9.765625e-05
01100001000000000000,13.519320360211093,9.765625e-05
11010001101110000011,29.550238128010285,9.765625e-05
10010110001001110100,23.480692133815424,9.765625e-05
00101010011000101000,41.534682475429086,9.765625e-05
00111011011010101010,18.014915617598433,9.765625e-05
11011000011010100000,9.847280273128199,9.765625e-05
11011000110010000010,11.692663121987115,9.765625e-05
00001101010001010001,14.096518642083337,9.765625e-05
10110110110101101111,23.07280123885525,9.765625e-05
10011101110000101000,17.090025037736183,9.765625e-05
11000011010110001110,16.27644691705265,9.765625e-05
11001000100000000001,18.298198418091047,9.765625e-05
11100010010010101110,28.972575657778776,9.765625e-05
10101100100000100001,21.48762681573706,9.765625e-05
10001111110010101010,18.942588683201706,9.765625e-05
01011011110101110000,16.972947730151844,9.765625e-05
01110010001001010100,18.72964255252077,9.765625e-05
11101111101101101110,22.535928388537595,9.765625e-05
10001110001011110100,28.66479831700927,9.765625e-05
00000111101000110001,25.04266675218429,0.0001953125
01110011101101110101,18.591218700220033,9.765625e-05
10101001101000001000,22.36377440228918,9.765625e-05
10011101000000001110,24.50778354004568,9.765625e-05
01110111100011001001,26.407761405291623,9.765625e-05
01100110101100000011,18.441383691174714,9.765625e-05
00101000101001010010,33.15737964999035,9.765625e-05
11011101010110100100,14.632531876325451,9.765625e-05
11010001111000110111,22.74031281307223,9.765625e-05
10001000000101010000,41.91845466242284,9.765625e-05
10110000101110011100,28.169478428308356,0.0001953125
01101101000101010001,15.886215185393528,9.765625e-05
00001100111010011000,29.502305917560275,9.765625e-05
10010111111001000110,20.84779443755007,9.765625e-05
10011011101010101110,21.936602190974632,9.765625e-05
11110001111101110001,12.664923659879506,9.765625e-05
10010111010100011001,13.410180253834284,9.765625e-05
11011110010110111010,13.354657388009745,9.765625e-05
10110100111010101100,21.937809691282283,9.765625e-05
11111100010000011110,17.88937067381928,9.765625e-05
00100010000001101101,44.91267251476347,9.765625e-05
11111001010101111000,20.786089028412952,0.0001953125
00100010100101100101,48.61978309351682,9.765625e-05
11110101100101110101,12.510473382109858,9.765625e-05
10001110110111101111,35.86502928325157,9.765625e-05
00111101011001011100,15.183075340218148,9.765625e-05
00001001100111000000,24.114380919568056,9.765625e-05
00000111010101010100,16.202241217719124,9.765625e-05
11010101101001101011,38.343732279137306,9.765625e-05
01010011100101000000,16.139174445370625,9.765625e-05
01000101010001011100,16.512696532183966,9.765625e-05
10111101111110000100,15.394772847768039,9.765625e-05
10010101010011011110,23.003281887015966,9.765625e-05
10100101000000010000,18.400778722908846,9.765625e-05
11100000011010000010,20.536400619427624,9.765625e-05
01111011100111111000,23.136000308452203,9.765625e-05
10001111100110111110,19.68574988570788,9.765625e-05
11111101101000011100,26.289231293832763,9.765625e-05
01111100101001111110,17.106608088849477,9.765625e-05
00010100011101010000,20.50891308353603,9.765625e-05
00100000011100110011,51.39699621582203,9.765625e-05
00010111010100111111,20.090239286320724,9.765625e-05
00100111011010100100,21.24985185954934,9.765625e-05
00010101000001000111,22.508501972747883,9.765625e-05
00111111100100101111,21.60078782809815,9.765625e-05
01000100111001101010,41.46881250652787,9.765625e-05
01101001001010000000,15.711838772652246,0.0001953125
10110110111101000110,23.003281887015973,9.765625e-05
10100010001111100000,45.6277265363177,9.765625e-05
11101100010000101110,19.534682475429086,9.765625e-05
10001111100110101110,18.942588683201706,9.765625e-05
10001100110100111110,29.347772164961217,9.765625e-05
10101101000010111100,25.409248726191098,9.765625e-05
01111111101010110111,25.506397080766206,9.765625e-05
10100001000010000111,26.959380992168445,9.765625e-05
00000101110111001110,38.25028776204683,9.765625e-05
11111011001010001110,31.538114263306028,9.765625e-05
10010110100011111010,22.423194621325365,9.765625e-05
00000000100011111011,65.27734649146821,9.765625e-05
11000111010111101110,14.643673720473078,9.765625e-05
00001100101100000101,24.164625920227557,9.765625e-05
01110111010110010100,15.073004440619219,9.765625e-05
10011110011001001111,26.720757172458498,9.765625e-05
01010001011101010101,20.74921527440836,9.765625e-05
11101101001111010000,17.744782719558557,9.765625e-05
11100011100000111101,20.241141259594222,9.765625e-05
01011011000010000000,20.43221574307971,9.765625e-05
10011000000110100111,25.343897411035528,9.765625e-05
10110110010011111101,27.912646901096213,9.765625e-05
10001000000001010100,40.787653407884434,9.765625e-05
01000110110011001010,22.928866537185062,9.765625e-05
11100011101100101101,21.15141812413666,9.765625e-05
11110000010111100000,15.577802810010741,9.765625e-05
00011101011000011100,19.176873130564395,9.765625e-05
10101000001011011001,47.1247528094117,9.765625e-05
11100011010010110010,23.46746841009422,9.765625e-05
11101001110001011001,24.84723247939747,9.765625e-05
01101100011011111100,18.315742142085593,9.765625e-05
11100111000111011110,20.248505700387014,9.765625e-05
10001111010000110100,26.590460200414423,9.765625e-05
00001111011010100000,14.503625532334034,9.765625e-05
00011001100011000111,22.780779122483434,9.765625e-05
01101100011010101010,15.804538361276352,9.765625e-05
00110101101111011001,22.27693642556023,9.765625e-05
10101001010101100000,36.035976187666506,9.765625e-05
00110000001010111000,29.160138410128734,9.765625e-05
01100110000001001111,22.114031027258463,9.765625e-05
11010101010110101000,22.646015950187895,9.765625e-05
11011011110011011110,17.049990364420943,9.765625e-05
10101111101000001010,29.1841000287277,9.765625e-05
10010110100101000100,17.09246596796565,9.765625e-05
01110001001111111101,26.8363652695152,9.765625e-05
11110110011001111111,19.202776827783403,9.765625e-05
00100001001010101001,32.130328103723436,9.765625e-05
00000101011101111010,36.648794300380075,9.765625e-05
10110101011100000001,12.316699370523239,9.765625e-05
01001000111010111101,39.47162279910786,9.765625e-05
01100110100000011011,18.10422652645232,9.765625e-05
10100111000001011101,27.01789444869223,9.765625e-05
10110100010101000001,12.736490315169393,9.765625e-05
01010111000101010000,17.300469019709105,9.765625e-05
01010111101010000101,34.191603851956415,9.765625e-05
00010011100100111111,29.264832129230115,9.765625e-05
10001000001101011100,47.38222373515258,9.765625e-05
00000000110000100010,45.62371562147746,9.765625e-05
00110000011011000101,28.758413102162507,9.765625e-05
11110110101110111000,16.201806174597927,9.765625e-05
01010100110110111001,30.278415529264883,9.765625e-05
11000010111110000001,28.91307122949212,9.765625e-05
00010111010000110000,17.699314637249987,9.765625e-05
10010010001101111001,31.60758397117797,9.765625e-05
11001110100100110101,20.129495178671327,9.765625e-05
11010001110110111010,24.506339943185303,9.765625e-05
10111000110010001110,26.064411913252666,9.765625e-05
00010000001010001000,31.702350322453793,9.765625e-05
01111000010111010111,21.935457775530516,9.765625e-05
01011010000010100100,16.96553874377169,9.765625e-05
00000110001111110000,28.12196116532438,9.765625e-05
11110111000110001010,32.906165790775574,9.765625e-05
01000100110011100010,35.19654339932309,9.765625e-05
11110011010101110100,21.133199701909177,9.765625e-05
00110001011110101000,23.465197808476166,9.765625e-05
10011101100110111000,18.170618664887797,9.765625e-05
00101111101010011100,20.371796879263538,9.765625e-05
11001011010001011110,24.661963134343274,9.765625e-05
11011111000111111010,22.568256134827166,9.765625e-05
00111110000000000110,28.666136346103976,9.765625e-05
00001101001110111000,21.210710203152864,9.765625e-05
01001111111111010000,11.651276135453056,9.765625e-05
00101010100110101100,44.001188139073555,9.765625e-05
11001011110111111011,25.913638912796884,9.765625e-05
00101011101101001100,29.821157533642122,9.765625e-05
10110111010100011111,23.579756316140934,9.765625e-05
00010011110100010101,20.228761839136116,9.765625e-05
10101000101110101111,43.60477367859798,9.765625e-05
10100011000101100001,36.5979162299124,9.765625e-05
11100110100100100111,23.299444331199552,9.765625e-05
11101110100011011011,27.801088768134658,9.765625e-05
11110010010110111010,20.888226269214975,0.0001953125
10110110100101101110,21.91176690589462,9.765625e-05
11111011110100010001,33.41680063741781,9.765625e-05
10111101001110101001,19.623737154247063,9.765625e-05
11110100011101100000,8.740341223889233,9.765625e-05
11100100010100001101,17.522124411197737,9.765625e-05
11010110010001111010,14.844154947789024,9.765625e-05
10100001101010100001,25.772576532893694,9.765625e-05
00110100110100011000,14.16017027622916,9.765625e-05
01011110101010110001,18.189427674064767,9.765625e-05
01110001011111010000,15.07005840634716,9.765625e-05
10001101110000111111,20.87957959776095,9.765625e-05
01111111001110111101,23.253393987943166,9.765625e-05
10011110011100001010,21.140201843902716,9.765625e-05
00110010001111001000,23.279748176142533,9.765625e-05
10111011101111001000,25.960331979012746,9.765625e-05
10001010001010011001,41.47039217717561,9.765625e-05
01101111101110011101,18.707330872630997,9.765625e-05
01110110010110000011,12.064392541178751,9.765625e-05
00001111001110000010,14.103761467876947,9.765625e-05
01011101110101010100,12.225431227668103,9.765625e-05
10110001100001010100,15.431992874974561,9.765625e-05
01110001101001101001,27.95219947198059,9.765625e-05
10100111000110101100,25.073351622906273,9.765625e-05
11010110101001010101,16.74033153785228,9.765625e-05
01111000000100100000,14.504881855060745,9.765625e-05
01111100111100101100,12.188156870870246,9.765625e-05
10111001010000010101,30.626772839450865,9.765625e-05
01101010001010111100,28.22543122766811,9.765625e-05
10110000001111111010,32.197984618256214,9.765625e-05
00001101110111110000,20.409216783803288,9.765625e-05
01011000111011000000,19.27459376578311,9.765625e-05
11101001001000100000,19.80153526575422,9.765625e-05
00011011110101010001,23.19732584765358,9.765625e-05
00001111011100101010,18.50643582491402,9.765625e-05
01010001111101000000,24.935301300980917,9.765625e-05
01101101101110100101,18.555036492003623,9.765625e-05
00001100000110111110,28.029745567195757,9.765625e-05
11001100101001111001,13.351195213714341,9.765625e-05
00110011100001110011,21.349710886264845,9.765625e-05
11110001110000010101,8.384378788700737,9.765625e-05
00101100101010100010,17.825551148453513,9.765625e-05
10110010100011111111,35.534539670185744,9.765625e-05
01000100111111111000,44.63278934218975,9.765625e-05
01010001111011010001,33.218358094031856,9.765625e-05
00010100100010001100,34.06201626303163,9.765625e-05
00001110101000100000,20.156768673118442,9.765625e-05
11100000111010000101,24.27549593020835,9.765625e-05
00000010100001010011,43.37085307557371,9.765625e-05
01100111100110111001,22.234686105875948,9.765625e-05
01011101000001101001,28.082492890817676,9.765625e-05
00100011000111010100,28.735189436015496,9.765625e-05
10110001001001110101,20.627558732224966,9.765625e-05
10110010000011110010,34.36800030013504,9.765625e-05
10010011100111101010,20.049919372778234,9.765625e-05
01001011001110000011,20.202844287855307,9.765625e-05
01101011100110001111,25.21802412935257,9.765625e-05
11010001111110000000,19.311978152638765,9.765625e-05
00010011010011100111,22.48086091688766,9.765625e-05
00001111110001001010,17.15141812413666,9.765625e-05
01010000010101111011,33.29085898698747,9.765625e-05
11111100001111011101,15.5998305996605,9.765625e-05
10001110001000100110,29.04861140884654,9.765625e-05
10001000000110011100,42.13612346899057,9.765625e-05
11011001010011000011,16.064392541178748,9.765625e-05
01110000011110101101,24.556712789597515,9.765625e-05
11110000001110110000,15.474104634180843,9.765625e-05
11110010010011101011,23.068031296518733,9.765625e-05
11100011111100001011,22.358274697707323,9.765625e-05
00100110100010101010,25.736575590936216,9.765625e-05
10001101100010101000,17.72439403973386,0.0001953125
00011100010011111100,22.071433721587372,9.765625e-05
00001101000011110100,14.566638062218393,9.765625e-05
00110101111110100011,24.908856476433854,9.765625e-05
11001000011001000111,28.998591800810853,9.765625e-05
11011011011000010110,21.983412780861855,9.765625e-05
10110001010000111001,19.24985185954934,9.765625e-05
11100110000001001011,26.22106697607466,9.765625e-05
01110111111101111100,16.199976221240366,9.765625e-05
10100111001000000011,28.00065813414858,9.765625e-05
00001100010011111001,28.714623364437774,9.765625e-05
00111110111100111100,22.428347143620165,9.765625e-05
00100001110111100100,35.64822777071887,9.765625e-05
00000101111100001001,34.73501900943707,9.765625e-05
01011011101111010111,20.393605539519022,9.765625e-05
00001000000111111101,54.597293700575115,9.765625e-05
00100000001110111000,45.75783061829244,9.765625e-05
11100011000000101011,26.55222973099444,9.765625e-05
01101101010001011101,16.516139981699332,9.765625e-05
11000111000010100101,19.01887655637607,9.765625e-05
11000001101111110101,30.735574933136387,9.765625e-05
01011010111010000100,15.075204687048616,9.765625e-05
00011110111111010101,20.752424281717005,9.765625e-05
01001110110000010100,15.524298102398742,9.765625e-05
01000011110010111100,21.160138410128734,9.765625e-05
00010110111000000000,18.231104068850932,9.765625e-05
10001001001000000000,18.74848341695834,9.765625e-05
00010010010101101010,31.4030812014237,9.765625e-05
11111111100000100101,42.28427228726497,9.765625e-05
11011011011101010110,22.700749614589768,9.765625e-05
01110111001001001001,26.45312827336324,9.765625e-05
00001000001111001101,49.09329089915484,9.765625e-05
00000000100010111101,59.78451904380217,9.765625e-05
01011010101110111010,23.297504260657,9.765625e-05
01101011001111001001,26.97949441207011,9.765625e-05
10110011111000101100,17.404106624354313,9.765625e-05
01001111100110010101,14.234237709351945,9.765625e-05
00011000000101111110,34.699179629978985,9.765625e-05
11001111000110111111,18.10820296354627,9.765625e-05
00100110011110101010,30.41901245794877,9.765625e-05
01111010101010110101,21.356475876029123,9.765625e-05
00011000100110101100,30.87891530914622,9.765625e-05
01111001100101000000,16.09341695480995,9.765625e-05
00111110110100010101,24.74790282115289,9.765625e-05
10100101000101110001,18.038879859092738,9.765625e-05
11110110100011000001,20.00429762390963,9.765625e-05
11001111101010101111,21.000638674947478,9.765625e-05
10001100000011111111,26.755373026011608,9.765625e-05
01110111011000010101,17.02072346605226,9.765625e-05
11001100010011011100,14.188156870870245,9.765625e-05
01100100110001100000,16.654736236179968,9.765625e-05
01110010100101111000,21.220051239180997,9.765625e-05
11001111011100000110,21.326170864403064,9.765625e-05
01010001010101111010,27.915871836035155,9.765625e-05
11100101000100000101,17.27005564316763,9.765625e-05
01111100110110000110,8.718287820572215,9.765625e-05
11001100111000001010,13.698948719343075,9.765625e-05
10110011100000110010,23.22106624165359,9.765625e-05
11011100011000111101,9.237648998499623,9.765625e-05
10101101110110101010,20.232596820225655,9.765625e-05
11001011000000000000,26.41055658135941,9.765625e-05
10101100101000100000,17.597662121364515,9.765625e-05
11111101101101100001,18.228909340433646,9.765625e-05
11110111001110110111,26.400385820459555,9.765625e-05
10001111010110101000,19.69931463724999,9.765625e-05
00000000011111001100,62.684076836213904,9.765625e-05
00011001101000000000,19.197892893755977,9.765625e-05
00000001000000101110,32.231097827257585,9.765625e-05
01110010011110101101,20.538494367370035,9.765625e-05
10111101010100001101,23.088743824923466,9.765625e-05
01010111101001000000,31.686201678007656,0.0001953125
11001110111111111100,19.119157114337742,9.765625e-05
01010011111111000001,20.017545612059166,9.765625e-05
11111110010000001100,38.38775986609399,9.765625e-05
00101011101100001100,28.046708477404977,9.765625e-05
11100110001101000011,26.200994668156568,9.765625e-05
00001111110000000110,18.6039646750391,9.765625e-05
11011011110101110010,19.726493305688365,9.765625e-05
11111000100011111000,19.15141812413666,9.765625e-05
00000011100111111111,43.377221445814016,9.765625e-05
01000010111100111001,40.58703185162908,9.765625e-05
11011010011001001100,23.842156896071465,9.765625e-05
00000111010111111011,26.005147652324887,9.765625e-05
10110001000101010001,19.394027157892392,9.765625e-05
01111010010100010101,31.832901294282376,9.765625e-05
00101101010111011000,20.75819029460601,9.765625e-05
10001000110111101011,51.992011484330746,9.765625e-05
10001101000011010111,18.202844287855303,9.765625e-05
00111000010010101000,21.606717193584146,9.765625e-05
11011010011010101010,16.057997735722925,9.765625e-05
01100101111111011000,23.155640196144446,9.765625e-05
01010110010111111111,20.11297645908978,9.765625e-05
10000111111000110000,20.049543660070977,9.765625e-05
01001101100101010101,12.765426144385204,0.0001953125
10100001000101010100,28.932240638563904,9.765625e-05
00000000100100111010,54.89275626217249,9.765625e-05
01101110100001111010,22.03979524112574,9.765625e-05
00100001001101100000,24.071433721587372,9.765625e-05
00100100101011100101,34.149426521152506,9.765625e-05
01111100111101000010,5.885181534428268,9.765625e-05
01101011001011101011,24.282992140968602,9.765625e-05
11011101100111111100,17.207929350078203,9.765625e-05
00010001110010100100,31.51794224782114,9.765625e-05
00001000100011000010,34.4702696530913,9.765625e-05
01010001011011110011,35.67337493838171,9.765625e-05
00011101111011010001,18.12971117952544,9.765625e-05
11001101000101111011,13.655068546556707,9.765625e-05
01010011110100010001,14.008411505666055,9.765625e-05
01001100101001011100,19.653191228782397,9.765625e-05
10101010000111101000,57.42367754530449,9.765625e-05
00101100100100010110,21.58510061268955,9.765625e-05
10011001000001010111,23.785921224320212,9.765625e-05
01010110101111010100,20.97669651554962,9.765625e-05
00011010000111010100,31.64087311393005,9.765625e-05
01110111000100000111,23.842292932030794,9.765625e-05
11001110000110111100,17.350254000034194,9.765625e-05
01010100100100101011,34.22422716096424,9.765625e-05
00111101101010100111,19.907129380819427,9.765625e-05
00001110101111100000,22.031348348628274,9.765625e-05
10000000111000101110,48.316394671094876,9.765625e-05
00100010000000011111,43.38622914282054,9.765625e-05
00100010000011111011,46.768615594116056,9.765625e-05
01100100001110101000,25.121215257468855,9.765625e-05
00011111110100010101,14.942588683201704,9.765625e-05
11110001000101001010,16.64464136936875,9.765625e-05
01010101100001101000,44.523483885934844,9.765625e-05
00000110010100000010,23.73406531257023,9.765625e-05
00000111001011110100,20.442431490469044,9.765625e-05
00001100110010101111,35.35490589141834,9.765625e-05
11110010010000001000,18.620318284358614,9.765625e-05
10101111001100100010,33.539736727271546,9.765625e-05
00101100100111011110,28.570212801930083,9.765625e-05
10110000111000100010,18.051362148090348,9.765625e-05
01010001001111111111,42.87277025870955,9.765625e-05
11110101000100000111,21.749826964065143,9.765625e-05
10101111110011011110,30.768757577401477,9.765625e-05
10100010001101101001,49.17051654156573,9.765625e-05
10101010001001011110,61.42367754530449,9.765625e-05
10010111010000000000,18.863678515162277,9.765625e-05
00100000000101000000,32.87610501656623,9.765625e-05
10101010011100010001,73.48398629193566,9.765625e-05
00011001111011111101,34.66761216279625,0.0001953125
10110010001111100001,32.206425269160334,9.765625e-05
01110010110000010000,11.33863098417702,9.765625e-05
10100111010101111110,29.48632967529403,9.765625e-05
11100111001101111100,18.535938074574553,9.765625e-05
00010101001101010000,19.938233383224148,9.765625e-05
00010100101111010101,35.0484711778307,9.765625e-05
10100110110101011111,41.92995067571175,9.765625e-05
11110010011111101000,21.003281887015973,9.765625e-05
11001100001010111011,14.851650777154816,9.765625e-05
10100101110110000000,17.59131874997361,9.765625e-05
11111110100001000101,35.547563577122375,9.765625e-05
11101110101110101111,24.446436163715944,9.765625e-05
01100100010001100000,15.211038736947256,9.765625e-05
11101000010010111001,31.47039217717561,9.765625e-05
00110001001011110110,26.49175403470445,9.765625e-05
11000100010110101101,20.055486537431996,9.765625e-05
10110000111000101000,18.080224999222157,9.765625e-05
11110101010101100001,13.46465811751424,9.765625e-05
01100100000111011010,20.48107651471113,9.765625e-05
10001111100001011111,22.867020886235736,9.765625e-05
10100011010010010001,37.81934351875468,0.0001953125
11010110011010101111,19.93092309735864,9.765625e-05
11001110110110101111,19.787036483686443,9.765625e-05
01001101101010101101,31.220514703959015,9.765625e-05
00011100110011101011,23.842089643139623,9.765625e-05
10001110001101011111,37.24303617014121,9.765625e-05
11100110011011111111,26.302100244434627,9.765625e-05
10010011010010001100,14.561509177989375,9.765625e-05
11100100010000010100,13.097849400896367,9.765625e-05
00010011011001111100,24.192344366755066,9.765625e-05
01011011001100100101,18.738101851917556,9.765625e-05
01100100010000110100,14.967995601631454,9.765625e-05
10111111010110001010,32.36250921507378,9.765625e-05
10101111001101100111,34.28470673176014,9.765625e-05
01011000111010000000,16.231097827257585,0.0001953125
10011011110011111101,24.465974015213305,9.765625e-05
01100110000010100011,22.604740881776248,9.765625e-05
11011110101000111110,21.059928033101322,9.765625e-05
00010100110111100111,38.66263713063115,9.765625e-05
01001000010000000110,19.25525122011036,9.765625e-05
01110100110110110000,14.459602113402198,9.765625e-05
11010100111111001010,24.619783093516823,9.765625e-05
00000101110011110110,38.900496503209396,9.765625e-05
10010101010010011110,25.08834782021735,9.765625e-05
01011010010011100010,17.101493674248445,9.765625e-05
00110001111110100000,22.994841236111846,9.765625e-05
01110000110110100010,19.16191432816222,9.765625e-05
01010000111000000001,23.79707784245459,9.765625e-05
10100001001011100101,28.495547169389347,9.765625e-05
10101100100001011101,30.755727184313074,9.765625e-05
01000100111010000000,30.629290915789184,9.765625e-05
01000111100010100111,29.039750891838622,9.765625e-05
10100111101000000101,22.90531785797465,9.765625e-05
01011101110111111011,23.7687889162209,9.765625e-05
01110011110110100100,13.269512235131014,9.765625e-05
11100011001010100101,23.95387595507836,9.765625e-05
11100111000101010100,22.795645673104374,9.765625e-05
00011111111100111101,17.92532740228467,9.765625e-05
00101101101010100101,19.106608088849477,9.765625e-05
11110000100100111111,16.374636524221657,9.765625e-05
10001111101100010011,23.57951043562769,9.765625e-05
01110010011111111000,22.733268090252988,9.765625e-05
10110010001011110010,33.346968053756754,9.765625e-05
01100110100110101000,20.75267091284316,9.765625e-05
11111100010101000110,17.507377849302614,9.765625e-05
01000111101001010101,17.498891183968993,9.765625e-05
11111011011110011110,25.87669569064292,9.765625e-05
01101101000001011001,19.681147747464106,9.765625e-05
11101001110101011100,24.932240638563904,9.765625e-05
00010101110001111101,31.16824530349362,9.765625e-05
01001001100010100101,22.20320189060038,9.765625e-05
00100111110001010001,17.136951208169307,9.765625e-05
01100000111110111101,47.66778965292595,9.765625e-05
00100100010010100010,26.09173620572031,9.765625e-05
00000101111110000000,34.10124402799267,0.0001953125
00010001101000100010,38.41617884250158,9.765625e-05
10000101101011110001,27.2985227075732,9.765625e-05
10011001010010000100,16.9902194315269,9.765625e-05
00110101001011010000,19.203753428294956,9.765625e-05
10110010100100100111,30.13690591732106,9.765625e-05
10010110110000000100,17.565077850771768,9.765625e-05
01110111111011100111,22.494789083454204,9.765625e-05
10111100001101001011,16.154218730679695,9.765625e-05
11100110010110100101,27.472245328445155,9.765625e-05
11111000001011010000,20.66196313434327,9.765625e-05
01011101110001101001,24.459342879076488,9.765625e-05
00000100100101111010,41.791151834285,9.765625e-05
00111111100110100101,19.600787828098145,9.765625e-05
01100010100011100010,26.488300899152133,9.765625e-05
11001001010101101110,17.907076819689504,9.765625e-05
11011101001101101000,20.74633470297055,9.765625e-05
00011100110000000100,15.473809707916635,9.765625e-05
01010010110110001110,22.35435530022725,9.765625e-05
11110000010001010001,14.736490315169393,0.0001953125
01000111010100010111,14.917512725161446,9.765625e-05
01011001111011010001,21.129653405490497,9.765625e-05
01000001101111000100,33.84719063299283,9.765625e-05
00000110111010110100,37.4640452742139,9.765625e-05
01011011001101110101,19.10831832611229,9.765625e-05
11010001000010100010,25.3663156873793,9.765625e-05
10101000000000011000,42.2459119363518,9.765625e-05
10100100000101000100,24.784590035444882,0.0001953125
01011001011101011000,17.158583716694206,9.765625e-05
11011001011101000001,14.029522786217811,9.765625e-05
11101110011101000000,38.11361376241382,9.765625e-05
01011011001100101101,19.816512825412453,9.765625e-05
11011110011101001010,18.110391537497414,0.0001953125
11100111001011111011,23.22752080758566,9.765625e-05
00110101010110100110,19.820180933130565,9.765625e-05
11010100111011110000,21.04579309537197,9.765625e-05
00000101001000101110,36.759845332061374,9.765625e-05
00100000111110101111,64.80403399165482,9.765625e-05
01010011111010011111,26.60801371920931,9.765625e-05
00111010111111001000,29.142410954411144,9.765625e-05
00101111000100100110,26.280403687805425,9.765625e-05
01100110100100000000,15.29970783151714,9.765625e-05
10001010001110110100,46.612764915129596,9.765625e-05
01011111000111110110,17.876466766448292,9.765625e-05
00111110000000110010,25.441576472480666,9.765625e-05
10100010010111110000,60.329268796773746,9.765625e-05
01001100000111111000,16.470359293226675,9.765625e-05
00110101011011010101,16.2838399758025,9.765625e-05
10011111111001000110,21.988005967489745,9.765625e-05
11110010000111101000,22.82210852048642,9.765625e-05
10011001000011010100,21.210624094588297,9.765625e-05
10011100010011101111,18.921093706466483,9.765625e-05
10011101111110001000,17.135470939981282,9.765625e-05
11011000110000101010,11.52775123795106,9.765625e-05
01100110100011111010,21.94887961306589,9.765625e-05
00100000001110010001,41.741218421941085,9.765625e-05
01100101001101011011,19.752179222752023,9.765625e-05
01011000010110001011,18.130328103723436,9.765625e-05
01101101011100111100,15.069615233567998,9.765625e-05
10001010001101010111,62.75537302601161,9.765625e-05
10001011100001011111,35.087371219705794,9.765625e-05
00000010100101000000,35.72055905864432,9.765625e-05
00111000011010110000,20.784235877143413,9.765625e-05
01001011001000101000,18.04111278233101,9.765625e-05
10000001111110000011,40.28112994011615,9.765625e-05
01110011011000010101,12.820251924773268,9.765625e-05
01011100110011000001,13.050405006779904,9.765625e-05
00101010001110101100,43.13481216937865,9.765625e-05
11001101010000101000,14.284720585821958,9.765625e-05
10110011101101111110,23.604365277832375,9.765625e-05
01100110111011110110,24.041773648138317,9.765625e-05
10110001001001010100,18.230689426491974,9.765625e-05
11101110001110000010,30.890522484500302,9.765625e-05
01011100111010000000,16.98403688821432,9.765625e-05
11101111000111101010,30.858608744115628,9.765625e-05
01100111011011011000,14.727338430499728,9.765625e-05
10001101100000101010,17.862684958332085,9.765625e-05
11001100001000010110,12.471579287560845,9.765625e-05
01110111100001101011,30.256417277087472,9.765625e-05
10010001110000011111,24.809802801693564,9.765625e-05
01001111101000100101,21.060888705982578,9.765625e-05
10000011011110110110,37.251746770096325,9.765625e-05
00111000010000100001,20.325088401858565,9.765625e-05
10101110001111011110,42.685124733475256,9.765625e-05
00011101001011000100,17.805259171905803,9.765625e-05
00010010011111000110,35.814953680482176,9.765625e-05
01010100101000111100,39.46824065519826,9.765625e-05
11110100001001000100,15.221423844398672,9.765625e-05
11100111001101111110,19.58449617167826,9.765625e-05
00111000110011111001,32.99943368831867,9.765625e-05
11111100000110101101,18.172508144549887,9.765625e-05
11011000010101000000,15.296832788887793,0.00029296875
11100010001111110110,38.129711179525444,9.765625e-05
10011001110110100010,16.935657445723677,9.765625e-05
11100111100111010100,15.988005967489741,9.765625e-05
00000000111111010010,70.83495060581046,9.765625e-05
10011011010011111101,26.57857901674788,9.765625e-05
10000111001010111001,20.968001119643557,9.765625e-05
10111100001011000000,18.90531785797465,9.765625e-05
00011000101001011101,36.56017216674318,9.765625e-05
10110011010010101110,22.710354161775307,9.765625e-05
10000110001010001110,27.536400619427624,9.765625e-05
10001001000000001001,23.575709062068327,9.765625e-05
00101110001111110001,29.741930798553806,9.765625e-05
01101000000001011010,25.825333455425366,9.765625e-05
10111011001000000000,39.14688073594225,9.765625e-05
10110101011010000000,19.63812757139942,9.765625e-05
01010101000001101111,38.12416232042924,9.765625e-05
01000010100101000000,24.276861559411607,0.0001953125
00101010100001101010,40.40821435164459,9.765625e-05
01011001100111100000,22.295667858566027,9.765625e-05
11001101100110001100,15.94576906171347,9.765625e-05
10010010011001001101,30.938206555364687,9.765625e-05
01110101111100011101,18.128499929667104,9.765625e-05
00001001100100101000,26.76387561897553,9.765625e-05
10010100011000100010,20.283494349894436,9.765625e-05
11001110111010000101,19.02759684236814,9.765625e-05
01001101001111011100,15.49890087000595,9.765625e-05
11000100010010110110,18.38283024973236,9.765625e-05
01111101010101000101,13.018086310073244,9.765625e-05
00110101010110100010,19.087371219705794,9.765625e-05
11100111011111100011,23.062570815855832,9.765625e-05
00110010011000001110,24.064411913252663,9.765625e-05
01011101001111001000,25.97998004607178,9.765625e-05
11101101001110101001,22.58642646905666,9.765625e-05
10100110101101011111,34.7571559200595,9.765625e-05
11110100011000010101,8.603964675039103,9.765625e-05
00110001111011110101,30.128159010609586,9.765625e-05
00000010000100011010,38.11379034345839,9.765625e-05
00100000110111000101,55.6537905818439,9.765625e-05
11110001001010100000,21.655434143164705,9.765625e-05
01010111110110100110,27.170500613935424,9.765625e-05
01000001100101111100,33.19597154799347,9.765625e-05
01101100010100110000,14.36465962123561,9.765625e-05
01010011111110101000,25.903326254990496,9.765625e-05
00100010100100011000,37.031609138923315,9.765625e-05
00001011100110000000,20.181228430541957,9.765625e-05
11101010001100111110,41.27693806906642,9.765625e-05
11111110011011010101,28.998727836770193,9.765625e-05
00101010001111101101,53.178886200827144,9.765625e-05
11110011100000110111,21.600787828098145,9.765625e-05
11110100010010000001,11.819365687978333,9.765625e-05
10011011110000000100,23.54652193229419,9.765625e-05
00111110001110101100,20.316699370523246,9.765625e-05
01001101101100001100,22.206683436969698,9.765625e-05
11010100101111111010,30.04070803314907,9.765625e-05
01000100001111110001,30.834757079287073,9.765625e-05
11110110101101011100,15.155189089597904,9.765625e-05
01000000101010010001,39.08117245449565,9.765625e-05
11011011010010111111,18.45086245533621,9.765625e-05
10100001111111000100,31.09570247700617,9.765625e-05
01110101011110000100,18.72964255252077,9.765625e-05
00110001001000000010,15.104700695115795,9.765625e-05
00011111111011111110,21.13406023790965,9.765625e-05
01000001001010100000,30.759845332061374,9.765625e-05
10110111001011110010,26.48346368224759,9.765625e-05
10001100010010111010,22.744410560058295,9.765625e-05
10110100001100011100,16.547822811448086,9.765625e-05
11111111101011100001,33.1696909739225,9.765625e-05
11101001001101011000,24.871148720020987,9.765625e-05
00110100011000001000,14.212895332660406,9.765625e-05
11001111011101000010,20.58642646905666,9.765625e-05
10110100010001010001,14.84723247939747,9.765625e-05
11100101010001000100,12.554436953438248,9.765625e-05
01011010100010111111,23.68756837372726,9.765625e-05
01100111011010101000,22.25452498943583,9.765625e-05
11011010011010011101,21.15141812413666,9.765625e-05
11011000111000111010,14.707126517223475,9.765625e-05
11110111001001001011,31.631546411325203,9.765625e-05
00010001111001011101,38.0438965413188,9.765625e-05
01101111010101010010,23.272566841458556,9.765625e-05
10001001110100101111,32.699179629978985,9.765625e-05
01011110110001000010,16.241141259594222,9.765625e-05
00001010001001110001,42.13226112196419,9.765625e-05
01100100000001000000,12.545012518868093,9.765625e-05
10101100001010101011,22.945398975781696,9.765625e-05
01011011111110000110,14.84497092736232,9.765625e-05
11011000110111100000,14.146654336266291,9.765625e-05
01101100100100000101,15.346519362965495,9.765625e-05
00100000101101010100,45.962946867801094,9.765625e-05
00110111111101111010,17.781883961391642,9.765625e-05
11011011010101000010,24.69608970231105,9.765625e-05
11110000010110101000,13.138223458526326,9.765625e-05
01111101010010010101,17.020723466052264,9.765625e-05
01011000111111000000,20.850000925572814,0.0001953125
11110110010101011110,20.10846197454008,0.0001953125
00011011100000010001,21.296634038619565,9.765625e-05
00001011100111100010,24.469003644327636,9.765625e-05
01110100111111101000,24.619783093516823,9.765625e-05
01110011110011001000,13.226066712821904,9.765625e-05
01101111110101101101,22.15421873067969,9.765625e-05
00001001110110100100,30.65754028716661,9.765625e-05
00100110110111000011,30.131034053238935,9.765625e-05
11101111000101010110,37.84523470031098,9.765625e-05
10011011010011111011,25.71033052370952,9.765625e-05
11111000100100011000,17.900005329559445,9.765625e-05
11110011100010010101,20.00429762390963,9.765625e-05
11101011011100001101,39.70119787531873,9.765625e-05
11111001011111010001,19.74490806242879,9.765625e-05
01000010110111000101,37.046167779390906,9.765625e-05
00111000100111110100,30.864091514015044,9.765625e-05
00100111010000001010,19.70014383443105,9.765625e-05
01111000101010111100,20.378754671969954,9.765625e-05
00000001100111111100,49.13347933699713,9.765625e-05
10101001011100100000,29.714622422876648,9.765625e-05
00111111000101010010,23.38043749462809,9.765625e-05
01001011100000100100,16.640356239485634,9.765625e-05
10001111110111101010,18.090239286320724,9.765625e-05
11010000001001101011,24.432940330248055,9.765625e-05
00111011100100010111,26.533940317124248,9.765625e-05
00110100010000011011,15.161705597589775,9.765625e-05
11100010000011111111,37.07882407031468,9.765625e-05
10110000001000010110,23.803353753773596,9.765625e-05
10110010110110000101,31.631930694253892,9.765625e-05
11011111010110100011,22.147434260078114,9.765625e-05
01111101110011011111,16.488910945302727,9.765625e-05
00011111010011110011,13.95661108799078,9.765625e-05
10100010100111010101,57.12934599603959,9.765625e-05
01010000010100101110,26.87891530914622,9.765625e-05
01110100011110001101,15.695970622670348,9.765625e-05
10011000000101000110,28.443256214518172,9.765625e-05
00010110010111000100,16.91267251476347,9.765625e-05
01100101000110111101,24.660622395226028,9.765625e-05
00000100011011110100,43.47162279910786,9.765625e-05
11011101100001100101,20.09182666740395,9.765625e-05
11110111011111101001,19.304024387346885,9.765625e-05
01010101111101111111,40.145097139949286,9.765625e-05
00101101101111011001,18.879151737794235,9.765625e-05
10101000011001001001,49.18020374203241,9.765625e-05
01011001110111101010,25.35449124905938,9.765625e-05
10000101110111111000,25.51799304584167,9.765625e-05
01011010111001110101,24.535702723282707,9.765625e-05
00000000111101011011,75.01151559250289,9.765625e-05
11101110111101101110,27.498891183968993,9.765625e-05
00101111000100101010,25.5246543342687,9.765625e-05
11111100110011101110,13.801076274108144,9.765625e-05
11101110010001011111,41.65733882687584,9.765625e-05
01100010010011011010,29.431818829288474,9.765625e-05
00101100101010101011,23.60758397117797,9.765625e-05
01010011110100010000,12.649722165599778,9.765625e-05
01001100110001100111,20.166771200611564,9.765625e-05
11110101110111110000,13.51483836812437,9.765625e-05
10000101111001001010,25.06862342900738,9.765625e-05
11001001111100111100,18.01566122034688,9.765625e-05
11100101000101000000,15.270055643167627,9.765625e-05
11001101001110111101,14.803089235607498,9.765625e-05
01001000100111011000,32.65754028716661,9.765625e-05
01001110101101110011,20.422082915619228,9.765625e-05
11111101001110010100,23.733541549238602,9.765625e-05
01010100010000111111,25.26998465152492,0.0001953125
11110001011000010101,11.18307534021815,9.765625e-05
00000001101111000111,50.0432705675379,9.765625e-05
01011010111000101000,17.52775123795106,9.765625e-05
00100010000000111100,40.307622852661204,9.765625e-05
11000001000100010101,15.735019009437071,9.765625e-05
10110111011010110110,26.36805807416998,9.765625e-05
01111001001100111111,18.869831178815723,9.765625e-05
00010010101101000000,26.051310615648752,9.765625e-05
11111001111010110101,13.736207148510628,9.765625e-05
00100111100111011100,17.422763757068843,0.0001953125
00011011010001110111,24.702425188602415,9.765625e-05
10000011111100110101,37.45024961203588,9.765625e-05
00100100111110000001,29.47774683396443,9.765625e-05
00001100001010101001,23.548770266721576,9.765625e-05
11111011110101000101,32.461378852983955,9.765625e-05
00000101000101111011,29.724965167482228,9.765625e-05
10111001010011111101,29.13015061359374,9.765625e-05
01010000110010110100,29.917189377240422,9.765625e-05
01000100100011101101,38.5123209282401,9.765625e-05
01100010000001001010,24.7659666568954,9.765625e-05
10011010001111101000,27.45177775024202,9.765625e-05
10101000000111101101,54.130328103723436,9.765625e-05
10110011011001111100,25.27232876930435,9.765625e-05
11110011000001010111,26.65621388147266,9.765625e-05
11100111101011011000,17.442003423362266,9.765625e-05
00001111101110000100,15.471294341600853,9.765625e-05
01110111101110010111,21.162478359883313,9.765625e-05
10100100000111001100,27.877614429992327,9.765625e-05
10000011001101111010,30.755373026011604,9.765625e-05
10010100111010110000,25.788347783298363,9.765625e-05
01000011111011110100,25.370853075573713,9.765625e-05
10110111000110101111,24.34793225820882,9.765625e-05
01111111110111100001,18.437648417651967,9.765625e-05
11111010011000101010,26.501772468191692,9.765625e-05
01100011110100011000,17.972958150609866,9.765625e-05
10000011000101010111,35.52920588163201,9.765625e-05
10101000011100011011,54.46289627152244,9.765625e-05
10111001100101000101,22.961474740110855,9.765625e-05
00110111010011111111,19.744672798264148,9.765625e-05
10000101011001100101,20.545792170048845,9.765625e-05
10011111110010111111,19.915578983339437,9.765625e-05
10111000110011111111,36.6747902385405,9.765625e-05
01011010111101010100,23.719251203476013,9.765625e-05
11100001111001010101,16.228761839136116,9.765625e-05
10110010111000111010,27.117181526111093,0.0001953125
00111101010010110111,15.915578983339438,9.765625e-05
10111110010100110000,38.90445306682213,9.765625e-05
10100111100010100010,23.999870597868295,9.765625e-05
00110111001000101011,24.998727836770186,9.765625e-05
01100000011010001110,28.41396622700089,9.765625e-05
11111100011001011001,13.916896524544708,9.765625e-05
10110010000011011111,38.870434797869095,9.765625e-05
10110101001110001001,19.628346268505254,9.765625e-05
10110011001010100111,25.820125967085175,9.765625e-05
10111111000110000101,39.102960469020815,9.765625e-05
10101100011101001011,32.39194309598694,9.765625e-05
11101001110110111101,25.596063078642867,9.765625e-05
00011100000111011100,18.537117164065204,9.765625e-05
10100010011100111110,57.8849284545687,9.765625e-05
11010100000111000000,13.313898763980205,9.765625e-05
11110101011100111101,14.055193684736281,9.765625e-05
11100111001011101010,24.878545310341647,9.765625e-05
00000000011100110001,56.57985377588483,9.765625e-05
10100110000011010010,32.603845693365415,9.765625e-05
10101101110110101100,22.181228430541957,9.765625e-05
10111011111001010010,31.738060299780173,9.765625e-05
01010100010110110010,23.21067209545909,9.765625e-05
00001110001011010111,25.801120830535325,9.765625e-05
00101101011101100010,13.651276135453056,9.765625e-05
00110111010011101111,19.1052416376883,9.765625e-05
01001101101111101010,29.926311185950706,9.765625e-05
00010100001101001100,25.91057876682106,9.765625e-05
11110101000000000001,29.130923865749907,9.765625e-05
00001001010110101100,30.279671851991594,9.765625e-05
11001101100011001010,18.66196313434327,9.765625e-05
00001100010010110011,24.126685827652466,9.765625e-05
00011010010101101111,37.91030364269307,9.765625e-05
10101101111110101000,19.47410463418084,9.765625e-05
00000011111101001000,30.828021223921045,9.765625e-05
11010000101100001010,21.674801568083645,9.765625e-05
01001111100001010000,15.32617086440306,9.765625e-05
01011110100111000100,15.394772847768039,9.765625e-05
11001111110001111101,14.103761467876945,9.765625e-05
01111000011100111010,14.741288679162729,9.765625e-05
11111000011101000000,19.720218117950616,9.765625e-05
00111100011101111000,15.184986178395441,9.765625e-05
11110001010100010001,12.516139981699332,9.765625e-05
11010010001011001011,22.58520284477501,9.765625e-05
00001111101100010000,15.9912042600731,9.765625e-05
00100010101010011100,38.5055459581716,9.765625e-05
11011111101010101101,28.37200381973838,9.765625e-05
00100000001000001010,30.00209374794241,9.765625e-05
00100010001111111000,47.16011624090508,9.765625e-05
11111001111011011111,15.999327189831684,9.765625e-05
01101101000101010000,14.794658357867533,9.765625e-05
11101011110010001011,30.034994167109872,9.765625e-05
10110101010110000101,15.734299754776956,9.765625e-05
10100101010100000011,20.55408279513678,9.765625e-05
01010000100001101100,32.714896637919516,9.765625e-05
10101001100010101110,24.45115530803193,9.765625e-05
00010000100001111110,47.691638433477564,9.765625e-05
11011011010111101100,15.812336903629205,9.765625e-05
11110011011110110011,21.062570815855832,9.765625e-05
00001001110101111110,42.468400574191456,9.765625e-05
01111110110110011100,15.702954127011038,9.765625e-05
01010000110001111111,39.76115778531684,9.765625e-05
01011010100100100000,18.086870272891684,0.0001953125
11100001001001000111,17.624511287415714,9.765625e-05
11101100001000001011,19.409248726191095,9.765625e-05
11000110010001010100,16.14239938030957,9.765625e-05
01110110100000111111,21.07108309485671,9.765625e-05
00001111101101110100,17.199108632938092,9.765625e-05
01001011100001010111,21.490042132299266,9.765625e-05
11100101011111110011,18.988917301510753,9.765625e-05
11000110000111111011,19.27900611621437,9.765625e-05
10101110000111011110,47.66039324769951,9.765625e-05
10100101101011111101,24.335385855615897,9.765625e-05
11110001010001011100,11.564656966819463,9.765625e-05
01001110101001100110,20.392928658954204,9.765625e-05
11110010111010000010,14.846117220031237,9.765625e-05
01000100100110111111,42.43574709125724,9.765625e-05
01011001110011100101,18.968049756558734,9.765625e-05
10001110111110010101,36.161202147893185,9.765625e-05
11000111000111100011,19.230441130223443,9.765625e-05
00011110001111100100,16.25238242991418,9.765625e-05
10011000010000011001,26.19686747082536,9.765625e-05
01111111110001101111,22.594097274420186,9.765625e-05
01010010110011010101,22.073706847724097,9.765625e-05
10101110000001010100,54.55078851206132,9.765625e-05
00100010101101111011,53.39274585795247,9.765625e-05
10110001000000010111,20.82025192477327,9.765625e-05
00101010001001101110,44.12849992966711,9.765625e-05
11101011110000000011,35.50647224043376,9.765625e-05
01101101101110111101,20.855396118108978,9.765625e-05
00010111100110000101,17.468069406661908,9.765625e-05
01110001011111111000,23.622583700059856,9.765625e-05
01001111110111101110,15.687568373727256,9.765625e-05
10001111011011110101,22.770387958942546,9.765625e-05
01010100001000111110,36.341839991485664,9.765625e-05
10100110000101011010,33.90059665092999,9.765625e-05
10110100011111100000,16.374636524221657,9.765625e-05
00100010000100111100,45.77330005354568,9.765625e-05
10110101111011101100,21.09294100684524,9.765625e-05
00000101101000010100,29.209493729549685,9.765625e-05
10110101011001011101,15.664936877487266,9.765625e-05
11101101111110011101,16.252382429914178,9.765625e-05
01111111001111101111,21.58279063046963,9.765625e-05
00000010110001000001,41.27171872315376,9.765625e-05
11010001001111111110,28.306877162785558,9.765625e-05
10100011000011110000,31.775448131079433,9.765625e-05
01010101110100101111,37.155520344254654,9.765625e-05
00000001100010101010,44.15354466890081,9.765625e-05
00101001100000100010,18.91690621058166,9.765625e-05
00010000001100110110,39.788341541705016,9.765625e-05
01110010000011111010,23.038635632472392,9.765625e-05
11001100100110101000,12.572865885539407,9.765625e-05
11011011001010110101,22.124504306003118,9.765625e-05
00110101011001110101,16.288015897585744,9.765625e-05
10000100000010011111,30.14665433626629,9.765625e-05
01011100001010011101,18.58389934313543,9.765625e-05
00001010001111111000,43.35873463091453,9.765625e-05
11110011100101110101,19.368000300135034,9.765625e-05
01100110011111110001,23.360221140695906,9.765625e-05
00110001010001111111,26.109060593180516,9.765625e-05
00011011111000010100,20.075210928641965,9.765625e-05
11111001110001001000,17.273695132928673,9.765625e-05
11101000010111010001,44.11917751509998,9.765625e-05
10000010000111101000,37.06862342900738,9.765625e-05
01001000000001111111,32.341428059149244,9.765625e-05
00011011101011010100,20.358274697707323,9.765625e-05
11010010101101011111,26.06628119929257,9.765625e-05
01011001000010010011,21.511132152712488,9.765625e-05
11100001010101010100,18.932240638563904,9.765625e-05
00100110001000010000,20.63463531030482,9.765625e-05
00000111111010010000,22.459602113402198,9.765625e-05
01011011111001110011,20.492787685669704,9.765625e-05
11101111001101001010,32.465445653794525,0.0001953125
10000001110100111011,39.55626087234253,9.765625e-05
01100001011010101000,24.736506242799695,9.765625e-05
10111110100000010000,35.95902847737317,9.765625e-05
00011100111110000000,15.453426546104035,9.765625e-05
10111001101111101101,21.134817501886875,9.765625e-05
01011010011011010000,16.487241525756232,9.765625e-05
10101100001010001110,26.001188139073562,9.765625e-05
01100011101010110000,20.324111801347,9.765625e-05
01011010011110001111,19.07005840634716,9.765625e-05
11001110011010011100,17.44873030543277,9.765625e-05
00010001001010101000,36.729081328789235,9.765625e-05
01000111000111111011,21.751202622240463,9.765625e-05
11110000110111000100,14.546948148754721,9.765625e-05
10001110000001101111,32.22951304702386,9.765625e-05
10101001100110001101,32.79827566756511,9.765625e-05
01000110000100011100,14.198762174232288,9.765625e-05
11100010000011101001,31.976693805527077,9.765625e-05
00001111111100001010,19.47410463418084,9.765625e-05
00110010100111000010,22.82743877746935,9.765625e-05
11010100011111000110,19.10744623764642,9.765625e-05
10110000100011111100,30.00418749588482,9.765625e-05
10010111000110111110,21.602647133833838,9.765625e-05
00110100111100010000,12.417962770589822,9.765625e-05
01001011111100010011,24.76009768833969,9.765625e-05
00011001010110101000,18.916848436546715,9.765625e-05
11011110110110101110,13.962654015105379,9.765625e-05
10110100000101000011,12.887028444104462,9.765625e-05
11010111001110000111,26.998727836770186,9.765625e-05
10111000100111010100,34.37368282735481,9.765625e-05
00011110100001000101,19.2106240945883,0.0001953125
01010000010010001011,26.00418749588482,9.765625e-05
10001100101111110011,26.58451296458231,9.765625e-05
01001100110110111001,22.84822148680834,9.765625e-05
10110110100111101100,20.959380992168445,9.765625e-05
10001101110001101010,15.720269650392211,9.765625e-05
11100110010000100000,24.28947813209897,9.765625e-05
00010100001010101000,35.82567439611907,0.0001953125
00101111010111110010,23.930032692538838,9.765625e-05
10100010001100101111,49.62772653631771,9.765625e-05
10110011010011110111,30.346732789592114,0.0001953125
00110011000000011101,20.53395073758227,9.765625e-05
10100010110001101011,48.04526217052205,9.765625e-05
11010011110111111010,17.0690818058356,9.765625e-05
11101010101101111111,44.75536333997465,9.765625e-05
01111111111101110010,16.124481402358395,9.765625e-05
00000101011001101111,37.16011624090508,9.765625e-05
10010000001100010001,24.110973074863992,9.765625e-05
01000000101110111111,62.260497142887594,9.765625e-05
11110000010010010000,11.33863098417702,9.765625e-05
10110100010100010100,16.741642837464198,9.765625e-05
01011100110011000010,16.01593125652507,9.765625e-05
01011010110111111110,26.666478353314034,9.765625e-05
10010010010101000011,32.69307965241069,9.765625e-05
10101001011111101110,34.874375543024556,9.765625e-05
11001100100010011101,14.13262776345236,9.765625e-05
11011100100101000001,9.827491218996071,9.765625e-05
11111001111101010000,14.229786527645665,9.765625e-05
01101111010010001111,23.545539177316485,9.765625e-05
00010001100001111100,34.93530130098092,9.765625e-05
10000011010010101000,19.803353753773596,9.765625e-05
11001010100001100001,29.730569607032024,9.765625e-05
01000001111111110000,42.883647154628775,9.765625e-05
10110111100001101110,22.800177641253708,9.765625e-05
11110011111000111111,16.06915279747831,9.765625e-05
11010011110101111110,14.84587309178756,9.765625e-05
00011001010100000010,14.075210928641964,9.765625e-05
01110001111111100000,22.133064694638172,9.765625e-05
11110010011110011010,19.648584737009894,9.765625e-05
11001010001110101100,25.44968400229961,9.765625e-05
10100010111111010011,61.53783029673518,9.765625e-05
11101101011001000001,19.852936539386853,9.765625e-05
10111110110111011111,32.90223691439861,9.765625e-05
10110111011110010100,22.33360722755987,9.765625e-05
11011001010110001101,14.230689426491976,9.765625e-05
11011000110101101010,16.146654336266295,9.765625e-05
00001111001010000101,15.508331546169455,9.765625e-05
11010100000000110111,16.67924306375297,9.765625e-05
11111011011000101010,28.15811846181859,9.765625e-05
00100111010110011111,24.608990330560687,9.765625e-05
01100001111101010110,22.75148651248047,9.765625e-05
10001010101111010010,48.40448243543825,9.765625e-05
10000100100010101110,33.08426246929079,9.765625e-05
10011000010011111011,31.669288645894024,9.765625e-05
01111000110101000000,14.183980949087001,0.0001953125
10011010111111001000,30.669317791132087,9.765625e-05
01111011011011111001,20.416558397238745,9.765625e-05
10011101010001010101,15.57648526880547,0.0001953125
00001111101101000000,13.586709635715417,9.765625e-05
01011101110000101010,32.020171928357684,9.765625e-05
00110011011001111010,21.604365277832372,9.765625e-05
01000011100111101001,27.622583700059856,9.765625e-05
00100001101010110101,36.39373494165073,9.765625e-05
10110001010101000001,16.77926970905734,9.765625e-05
11110110001110000101,20.997783825940303,0.0001953125
00110000010111110010,34.08537961672164,9.765625e-05
11100011101100101111,22.643673720473082,9.765625e-05
10101000101111110101,53.32604304028653,9.765625e-05
11100111011010110010,22.947209557065346,9.765625e-05
01110011011110101010,18.07971999314658,9.765625e-05
01011001111010111101,27.624903760551017,9.765625e-05
10110110000011001000,23.82402362465558,9.765625e-05
00011000110000110110,30.375009331015786,9.765625e-05
00101100101001010010,16.45403306068382,9.765625e-05
10110111001001101001,23.387240700849528,9.765625e-05
00101110001100011101,34.82915595332821,9.765625e-05
01110000001111010000,18.31156622030235,9.765625e-05
00011010100101010010,30.61894494471988,9.765625e-05
11100011000110010001,29.140793165273262,9.765625e-05
11000100000011110110,19.18498617839544,9.765625e-05
11110001000010000101,18.532101117883535,9.765625e-05
00010000010000101110,34.863516865535686,9.765625e-05
01000111101011110000,25.470038018874142,9.765625e-05
00111010011100101001,31.08930151708419,9.765625e-05
00010001100010011001,35.46145526467174,9.765625e-05
10110101000001010000,17.937032848091086,9.765625e-05
11101111000110100111,35.0627865008065,9.765625e-05
10000110001101010000,25.263429017990767,9.765625e-05
11100011100101011111,24.65018127684906,9.765625e-05
10010011000011101101,18.159620713726397,9.765625e-05
00011100000100110100,13.980203686426016,9.765625e-05
11100010010010101011,30.931173467195663,9.765625e-05
11100110010011010101,27.81934351875468,9.765625e-05
11011010100010100010,19.410180253834284,9.765625e-05
01100000000110101001,32.008363417668065,9.765625e-05
01100001110111110100,26.75148651248047,9.765625e-05
00010111001000010001,19.724101187038137,9.765625e-05
00001111101011010101,16.090239286320728,9.765625e-05
11101101101101110101,12.57979015784284,9.765625e-05
11101010001010110000,35.48105805172234,9.765625e-05
00011110111101001011,18.31058961979079,9.765625e-05
11001011011000001010,20.716569676573677,9.765625e-05
11010000110011111011,28.085379616721642,9.765625e-05
01110010110000101010,15.919591269054802,9.765625e-05
11100100001111101110,22.60663651590448,9.765625e-05
00011010010000000110,26.550292163334365,9.765625e-05
10111000011011010100,36.1798628013387,9.765625e-05
11011000001100000100,13.94978686544093,9.765625e-05
00011011000001111111,24.91261057270367,9.765625e-05
01101100101110101100,19.88954652044278,9.765625e-05
00110111011110100000,16.15421873067969,9.765625e-05
01111010011100010010,21.207929350078203,9.765625e-05
11110001001110000111,18.447930373092984,9.765625e-05
00011001111000010111,24.920538724328292,9.765625e-05
01011010011101000000,18.325088401858565,9.765625e-05
00101100100101010000,20.28349434989444,9.765625e-05
01100011000010001010,18.720041362241986,9.765625e-05
10111100000010101000,21.22238378285886,9.765625e-05
10101010111000101111,53.768833989089266,9.765625e-05
10000111000011110101,18.202844287855303,9.765625e-05
11000100110111111000,21.5945215156889,9.765625e-05
01101110111011011111,21.483280586978594,9.765625e-05
01100011111011011111,24.00949213920049,9.765625e-05
00111011011011100111,20.832101497737632,9.765625e-05
01001111111001011110,14.731549946254448,9.765625e-05
00000010100011111100,48.04753340859416,9.765625e-05
00101111001011011110,19.30403407338384,9.765625e-05
10100111010100001000,26.40175979655234,9.765625e-05
11100100101101110100,14.150830258049536,9.765625e-05
11011011011011010011,21.731420544122745,9.765625e-05
11111111011101001010,31.39673883708494,9.765625e-05
11011100100011110111,14.15989084828127,9.765625e-05
11001110111010000000,16.114756523511932,9.765625e-05
11000110011111100111,26.60070706329128,9.765625e-05
00110001110101011000,20.016726835336126,9.765625e-05
00011110110100100011,15.651276135453056,9.765625e-05
01100111100011101011,25.245556221671347,9.765625e-05
10100101011111100000,20.618944944719875,9.765625e-05
00100000000001000010,29.183980949087,9.765625e-05
01111100111111100010,9.708581160904426,9.765625e-05
10110111101100001111,19.514777884066888,9.765625e-05
10110010011101110011,42.22371862331786,9.765625e-05
01111111011111111110,15.41661617127369,9.765625e-05
01001010010000101010,23.44968400229961,9.765625e-05
11110110010001000100,24.079073286508155,9.765625e-05
10001111100010100111,21.761061158370683,9.765625e-05
00001010000101111101,54.914018684765615,9.765625e-05
11111010000010111100,34.11265037951003,9.765625e-05
10001010001011011100,46.579168439214,9.765625e-05
00110100010100110100,16.611789038199284,9.765625e-05
00101010111001010000,48.775798757810094,9.765625e-05
11111100100000000001,18.73292879306547,9.765625e-05
10000100101111011001,34.611416155117766,9.765625e-05
00110111110100010110,14.470879699241895,9.765625e-05
00101111000010000010,24.01911099858279,9.765625e-05
11110010101010001000,16.01302759593866,9.765625e-05
10110011001010000000,22.951066396919437,9.765625e-05
11010000110111101010,26.0863562172332,9.765625e-05
11110010001110111000,20.165820300894467,9.765625e-05
00010011100010000101,18.540415713132543,9.765625e-05
00000100100101110100,36.33837437274665,9.765625e-05
11111011100000000101,37.43502332563716,9.765625e-05
11001101111001011111,13.787036483686446,9.765625e-05
11111001000101011000,26.222367855228555,9.765625e-05
00011001111000100110,22.864169405384782,9.765625e-05
01000101101111111010,48.53488768527054,9.765625e-05
00000111101001000101,19.0504050067799,9.765625e-05
11010001100111111010,28.21907463866944,9.765625e-05
10011001110100111111,24.14567773575473,9.765625e-05
01011011011101001001,16.624748439644975,9.765625e-05
01000101100111001110,35.27137778246006,9.765625e-05
11110010110110100010,16.509390919565355,9.765625e-05
01011111101011100000,29.66206348920393,9.765625e-05
10001101010010100011,17.76388113698763,9.765625e-05
01111010011110001010,17.10960129119459,9.765625e-05
01001011101010100100,16.76045184664116,9.765625e-05
11111100110111101000,11.151418124136658,9.765625e-05
00010100101011011110,47.10923808331021,9.765625e-05
10010101001111110100,22.51895027427932,9.765625e-05
10000100000101011010,24.32925184045511,9.765625e-05
11001110110111101110,19.82998368166713,0.0001953125
01000101011011110101,28.404482435438247,9.765625e-05
00110000001001111111,36.26848057060705,9.765625e-05
10100110110100101010,29.15954438957546,9.765625e-05
11111001001101111101,20.604740881776248,9.765625e-05
00001111101010110001,18.683607326186234,9.765625e-05
11100000111111110010,35.06666743083453,9.765625e-05
01010111110111001111,21.205303768200764,9.765625e-05
11101100010111111000,21.18786122102479,9.765625e-05
10001101100010000110,18.44560218294385,9.765625e-05
11000010000011110000,22.42834714362017,9.765625e-05
11000100001111000000,17.213849029527246,9.765625e-05
10011110110101100110,24.660622395226028,9.765625e-05
10110000110000110010,20.358689340066277,9.765625e-05
01010000011100010000,18.49482873668715,9.765625e-05
10100001010010010100,28.78232848340973,9.765625e-05
11011000110000101011,13.055139355144942,9.765625e-05
01001011101110101111,25.708581160904426,9.765625e-05
10101000011001011101,60.10778717834013,9.765625e-05
00110111000000101101,23.59332106768304,9.765625e-05
11000100100110101111,27.248894631111693,9.765625e-05
01100010011010111001,30.920538724328292,9.765625e-05
01011011000010011001,21.02072346605226,9.765625e-05
10000101110101000100,16.065164051861718,9.765625e-05
01000101001111101110,39.67727810312441,9.765625e-05
11100001000101000000,16.31108222980687,9.765625e-05
10001111101111111000,16.07682267253019,9.765625e-05
01111000100001010101,18.718287820572215,9.765625e-05
01101010100111001111,38.196934108939345,9.765625e-05
00000010000011101001,38.61978309351682,9.765625e-05
01111000000010111101,21.15141812413666,9.765625e-05
10100011010101000110,40.8678660110471,9.765625e-05
11001010110000011111,33.93416124990535,9.765625e-05
01001011000000101101,20.142058439615866,9.765625e-05
01001101000111000111,14.444284641738589,9.765625e-05
10001000101101100000,35.53457933425851,9.765625e-05
00100000001101011010,44.62580936941987,9.765625e-05
10100011000001001010,28.709568269001203,9.765625e-05
11101100101000000011,14.745072127810667,9.765625e-05
10011000011100000100,25.245421829218202,9.765625e-05
10101110001010001001,36.93888944380424,9.765625e-05
01110000011000111111,22.26203152268708,9.765625e-05
00010001111011000110,38.659402215387985,9.765625e-05
10001010001100001100,44.718124370008205,9.765625e-05
01010011011000010101,13.606707507547187,9.765625e-05
00000000100101101000,50.379413442572584,9.765625e-05
10000001001010100001,27.959847166969,9.765625e-05
00110110110111111010,22.06425055789333,0.0001953125
00010011111111010000,24.555736189085955,9.765625e-05
00010001011011110111,41.43552525184042,9.765625e-05
10011111110110101011,15.915578983339437,9.765625e-05
11101100111111111001,18.60172895465109,9.765625e-05
01001001110110011100,24.279671851991598,9.765625e-05
01100101101010010010,27.032653618729267,9.765625e-05
00111000111000101000,20.037277801241473,9.765625e-05
11001101010111011000,11.52369086423771,9.765625e-05
01110010111001101011,22.187191844460262,9.765625e-05
10111010100001111010,39.26682373221427,9.765625e-05
01000100011000010000,17.304130591566604,9.765625e-05
01000000110011001011,46.73974275184022,9.765625e-05
11101101010111011101,21.443376235720002,9.765625e-05
00000101001100010110,26.752890249377497,9.765625e-05
10100100000001000000,19.340892536212166,0.0001953125
11000010110001111000,23.453426546104033,0.0001953125
00001000000011010110,39.80238683929899,9.765625e-05
01110111001011110000,27.336471849731197,9.765625e-05
01101101110011011010,15.635758699329019,9.765625e-05
00001110000011110110,24.681076755821397,9.765625e-05
10011110101101110000,19.561591107689267,9.765625e-05
11001101001001011011,16.11040674154647,9.765625e-05
01110110000100001111,17.624576037465076,9.765625e-05
11111110100110110110,24.227948667552383,9.765625e-05
00101111000100001010,26.097251935899486,9.765625e-05
10001101000010001011,20.110391537497417,9.765625e-05
10100000010100111010,45.972740664721776,9.765625e-05
11100011010101010110,29.9711247528087,9.765625e-05
10100010000010000000,37.79898950218015,9.765625e-05
01011101111111110101,19.020928675893714,9.765625e-05
11010010000111110000,18.73154994625445,9.765625e-05
01111011110001111011,22.416558397238738,9.765625e-05
11100011001111111101,27.113047450732488,9.765625e-05
10111000100110011010,26.05507189507304,9.765625e-05
01011100100110111110,23.628683677628153,9.765625e-05
11011001010010100000,12.94451971500117,9.765625e-05
11101110001001100011,33.6388195472499,9.765625e-05
01000100001111011001,30.530201130636232,9.765625e-05
01001110111100110011,20.211355766987552,9.765625e-05
11011110111011000101,16.470879699241898,9.765625e-05
10110000010100011111,32.81737408499418,9.765625e-05
10100000101000000010,26.065164051861718,9.765625e-05
01000111001110100101,22.555036492003623,9.765625e-05
11001010101010111110,24.494458650755377,9.765625e-05
00000011111001010101,34.983486504163295,9.765625e-05
00000100111101101010,51.71120031568465,9.765625e-05
01011110000101011000,15.585813712883525,9.765625e-05
10001111001001111110,21.08060612117813,9.765625e-05
00101100000101010101,28.844483405296035,9.765625e-05
10110110010101100010,25.266823732214267,9.765625e-05
01001110011100110000,14.868237065571652,9.765625e-05
10101101001010000000,22.804378442283145,9.765625e-05
10001101010001000000,14.870448103013711,9.765625e-05
01100101101110101111,36.40210460091214,9.765625e-05
11011100011000000101,10.385660001513461,9.765625e-05
10001001010101101010,28.459602113402198,9.765625e-05
11001111100101011110,16.535938074574553,9.765625e-05
01111000011101100010,13.34389741103553,9.765625e-05
11100001011100000100,14.409531892849856,9.765625e-05
10001101010111001010,17.885181534428266,9.765625e-05
01101111111000111000,20.087483029064817,9.765625e-05
11000100100000101101,17.65038093620241,9.765625e-05
10110010011011010000,34.466148795320464,9.765625e-05
10111101110000011100,21.821627240013477,9.765625e-05
11100110101100000101,20.983695947520616,9.765625e-05
10011000110011110100,31.23816931738764,9.765625e-05
00001101101101010011,19.261196094752492,9.765625e-05
10010011001111000111,23.89330968793169,9.765625e-05
00011011111100000000,16.075210928641965,9.765625e-05
11000110100000010001,13.008459299396787,9.765625e-05
10100001101011100010,25.353530576178127,9.765625e-05
10101110010111100011,47.833793049089415,9.765625e-05
10001110101001110011,28.154905112230693,9.765625e-05
00010000010100111010,37.69581435526081,9.765625e-05
10011010011100001101,36.811733099071965,9.765625e-05
01111100110001111111,13.37743713076469,9.765625e-05
11110110100110100001,17.535870614502645,9.765625e-05
11101110101100111011,24.414531091519727,9.765625e-05
00100000000101010000,38.00690627110463,9.765625e-05
10100011001010001000,24.720209166334723,0.00029296875
01000111101000010000,21.47504490629986,9.765625e-05
10000001101000100011,31.314833736067,9.765625e-05
11010111011101011011,16.03880895457723,9.765625e-05
10110101111001101000,15.960746621371701,9.765625e-05
00100100001010111000,29.370190566260213,9.765625e-05
01000010001100001011,30.071433721587372,9.765625e-05
01010011001100111011,27.470028332837188,9.765625e-05
11101100001110000101,20.250886234095844,9.765625e-05
00110001000010000011,18.097604450694767,9.765625e-05
10101111000011110101,38.04927400528724,9.765625e-05
10110011011011110110,27.46787869892445,9.765625e-05
11000101101110000001,25.6572633621012,9.765625e-05
00110110111011111011,24.35142549869257,9.765625e-05
01101111001000100111,25.542573662207126,9.765625e-05
01010011111011000000,19.092941006845237,9.765625e-05
00100111110100001101,20.13787003464592,9.765625e-05
00011100110111110000,18.404492121475204,9.765625e-05
10001000100101000101,44.73675308106591,9.765625e-05
01100110101011100100,22.183004348575437,9.765625e-05
10111011000010010001,43.77179697967996,9.765625e-05
00111101011110101011,14.24667148103758,9.765625e-05
10110100010100010001,12.760451846641159,9.765625e-05
01001010111010010100,24.798031539321432,9.765625e-05
01101011011101001010,25.531139710581215,9.765625e-05
11110110010111001110,19.709400464908462,9.765625e-05
01111101111110010000,14.229513047023861,0.0001953125
01010001101011110010,47.540879385050616,9.765625e-05
11011100010110111010,8.640002081184164,9.765625e-05
11011011100110101110,18.820303457214866,9.765625e-05
00011001110100110111,26.102724296180696,9.765625e-05
10011010011001011001,38.65239400646516,9.765625e-05
01101110000100011011,26.739114057240407,9.765625e-05
11011110110110101100,12.6039646750391,9.765625e-05
11001010101101110001,35.534925792964316,9.765625e-05
10001001011001010100,29.121215257468855,9.765625e-05
00100100011001110001,28.714623364437774,9.765625e-05
01001111110101010000,12.503625532334034,0.0001953125
10010011101110000010,21.82018093313056,9.765625e-05
01001001110000011001,22.73501900943707,9.765625e-05
11011111111000011100,21.758620951722477,9.765625e-05
11100011010010101010,21.06384380063391,9.765625e-05
11100100010000000000,12.428052217355962,0.00029296875
11110010100000110110,20.31669937052324,9.765625e-05
10110001000101111111,23.8363652695152,9.765625e-05
10001101000011110101,15.685749885707885,9.765625e-05
00010101110100101111,34.690732824608716,9.765625e-05
00100001100101111000,32.29375619884047,9.765625e-05
01011011110001001101,16.765798852802657,9.765625e-05
11100111000101011010,22.457518149463766,9.765625e-05
11010101001101011110,23.25087654805889,9.765625e-05
11010010111111000010,22.00321089537326,9.765625e-05
10100100000101011111,31.44146531041551,9.765625e-05
10101000000101111110,54.22422716096425,9.765625e-05
01010010010100010010,15.581978731793985,9.765625e-05
10110100111011010000,16.31156622030235,9.765625e-05
10000000000110110010,41.223565593211866,9.765625e-05
11000010110111001001,30.51094905744349,9.765625e-05
00110100101111111101,31.155933343107424,9.765625e-05
10000111010110100010,20.945398975781696,9.765625e-05
11110110100010111100,19.766926595355585,9.765625e-05
01011101110110101010,29.90248810619355,9.765625e-05
11011011011100011011,22.31544928938988,9.765625e-05
00110101010000000000,14.110739454205536,9.765625e-05
10000011010111110000,31.72776649760651,9.765625e-05
11011101011110011000,16.769868363635773,9.765625e-05
10011110110111000101,23.15786717205663,9.765625e-05
11100110001110101000,21.567784354887312,9.765625e-05
00010000101001111111,56.93490623783593,9.765625e-05
11010011000000111111,19.88805313261401,9.765625e-05
01011000110100101110,22.415146236416483,9.765625e-05
11000101000101110110,13.59424459062349,9.765625e-05
11100110010101000100,29.395178538511104,9.765625e-05
01010010010101110100,21.71925120347601,9.765625e-05
10011100010011111010,17.04449148179701,9.765625e-05
01011111110101010101,12.443625871135957,9.765625e-05
01101110011111111000,22.236419318128497,9.765625e-05
00101111111100101000,21.586709635715415,9.765625e-05
01110010011011101110,22.384688733510128,9.765625e-05
11110110001000111011,22.2991611645408,9.765625e-05
00010111100010001001,24.051024738967453,9.765625e-05
10100100001011100101,28.374636524221657,9.765625e-05
10110010001010101101,29.427874727226264,9.765625e-05
11000000111110001010,35.53263309840999,9.765625e-05
11100111010010100001,26.000658134148587,9.765625e-05
01000010000101111110,35.15737964999034,9.765625e-05
11000100101100011001,17.964856775257076,9.765625e-05
01001110110101000000,17.16809153896657,9.765625e-05
01110111010000101111,24.775445421056894,9.765625e-05
11111001001001011110,20.997783825940303,9.765625e-05
00110000010110001101,29.21764125512702,9.765625e-05
11011101001111010110,17.93667868978962,9.765625e-05
10011111100111111010,17.23044113022344,9.765625e-05
11100100011101000000,14.188156870870245,9.765625e-05
00001101101101001110,22.423616239698735,9.765625e-05
00000010101010010101,45.40252621928551,9.765625e-05
10011001110011001101,20.596646296933997,9.765625e-05
01000101001000000111,29.44470626011196,9.765625e-05
11111001001111000100,19.624576037465076,9.765625e-05
01011110011001110010,14.551903907222588,9.765625e-05
00101010111111010010,53.14503936591434,9.765625e-05
10100011000010101110,28.2651472491165,9.765625e-05
01010100100010011111,36.7198061856142,9.765625e-05
10110100111100100011,12.329826488934472,9.765625e-05
00101010101011110001,45.08645583767279,9.765625e-05
11100111001101101101,21.221066241653595,9.765625e-05
10001110110101000001,35.023813393720204,9.765625e-05
00001100100110111111,35.40729617246184,9.765625e-05
01001110111010100011,19.16866266671494,9.765625e-05
10110000010011110011,32.0022342948617,9.765625e-05
10010111101111010010,21.450791463693506,9.765625e-05
11000111101111110100,15.470038018874142,9.765625e-05
00100001010001111111,38.99943368831867,9.765625e-05
11110000010110010000,12.739381285429047,9.765625e-05
11100011001010111011,25.731430230159702,9.765625e-05
11111011101110110101,25.584486485641303,9.765625e-05
11101111011000111001,31.30581612424728,9.765625e-05
10011010110011111110,36.87437554302455,0.0001953125
00000010100001110000,38.85417684735606,9.765625e-05
11100111000110111101,22.570058400948973,9.765625e-05
10011010100010111110,30.008411505666054,0.0001953125
11000001000001000000,10.81906378569971,9.765625e-05
01111110011000101111,19.268738101962363,9.765625e-05
10011011011000111101,26.201806174597927,9.765625e-05
01101111001000100101,26.761148077643696,9.765625e-05
11101110100100000100,35.32871287307443,9.765625e-05
10110100001111011100,20.736159060512644,9.765625e-05
11111000011000000000,15.101315019635383,9.765625e-05
01000100001110110001,29.588572396734534,9.765625e-05
01011010111100001011,20.374636524221657,9.765625e-05
01011111100010000101,27.212693872369634,9.765625e-05
00001000001110000101,39.49918403666471,9.765625e-05
00001101101000110100,20.95641965592376,9.765625e-05
10110000000110000100,22.764119747219205,9.765625e-05
11001100000111101010,13.899651171257975,9.765625e-05
11010001101101000111,22.490222244914644,9.765625e-05
10110111010111110010,22.083603062234104,9.765625e-05
01110011011110111100,16.11210968149595,9.765625e-05
00111011100000101010,23.174348812632722,9.765625e-05
11100010000000100010,28.20165968035255,9.765625e-05
01110101111011100101,26.54354757433233,9.765625e-05
00100111010010000010,18.804136936525154,9.765625e-05
00011011001001101010,19.88012562828325,9.765625e-05
01101111110101010001,21.604606794430183,9.765625e-05
00011000011100001001,24.64523809994456,9.765625e-05
11111001110101111000,16.229786527645665,9.765625e-05
00101100000101010100,26.520267815484587,9.765625e-05
11110010110001100010,18.561498757531353,9.765625e-05
00111000110011111111,37.6079427275666,9.765625e-05
01011000101000011101,24.064268129029827,9.765625e-05
10001111100010001010,20.71931250908176,9.765625e-05
00101111011111100011,20.57495920416783,9.765625e-05
10011100110010001000,14.409531892849856,9.765625e-05
11001101111000000001,14.897158708586915,9.765625e-05
10001100101010000000,17.698948719343072,9.765625e-05
00010000010110111000,38.34082154456946,9.765625e-05
00011101110011111100,23.84909531670396,9.765625e-05
00011001010101000100,15.709665940827529,9.765625e-05
10011011001111101100,20.72733843049973,9.765625e-05
01101101111010001000,19.720218117950616,9.765625e-05
10110011100001101111,21.58509979073163,9.765625e-05
11000001101011001100,23.052271288530008,9.765625e-05
11100001010101110001,23.29469396807701,9.765625e-05
00111001001011101100,19.65582476565376,9.765625e-05
10111100011011111110,21.84593086582251,9.765625e-05
00011000101011111101,42.695328721259145,9.765625e-05
00111010010010000110,30.316596316479863,9.765625e-05
00011011001111110000,18.409768321497868,9.765625e-05
00010010010111110010,36.19612178094972,9.765625e-05
00111111111101110001,14.687573891739357,9.765625e-05
01010010100000000100,15.743499433177345,9.765625e-05
00001100101001001111,30.91307122949212,9.765625e-05
11110001100100001101,12.677261968354038,9.765625e-05
01010010111010000000,17.937809691282283,0.0001953125
01111001111111011001,18.660747738096262,9.765625e-05
11111100100011111100,16.661963134343274,9.765625e-05
11010011110000110101,12.165820300894463,9.765625e-05
11100110110111001000,19.352621963019473,9.765625e-05
01010011110001000101,12.811556343363332,9.765625e-05
10010001101000000010,23.88744382088448,9.765625e-05
11110110011111101100,17.91176690589462,0.0001953125
01110000110001110001,18.050334015137192,9.765625e-05
01000100001010001000,29.613898713772,9.765625e-05
11100101000100000100,16.453497537746745,9.765625e-05
11111001100010111111,20.533940317124248,9.765625e-05
01000001000100001001,24.51269653218397,9.765625e-05
11010110010100000110,15.26814127341953,9.765625e-05
01110000000010110110,20.18300434857544,9.765625e-05
10011001110111111110,26.09196711635622,9.765625e-05
11001111111101011000,14.503625532334036,9.765625e-05
10100010001110011110,49.596551335130215,9.765625e-05
11110110010001100011,22.20284781942611,9.765625e-05
00001010110101101101,58.69816118306279,9.765625e-05
01000111111000111101,24.297591179930013,9.765625e-05
01000111110111100110,22.018660871425396,9.765625e-05
01011110101000011110,22.02759684236814,9.765625e-05
01001001000001010000,14.114756523511932,9.765625e-05
00001011100000100001,23.480692133815424,9.765625e-05
11001000101000001000,17.090619058289455,9.765625e-05
01100111101110110101,20.659645794714464,9.765625e-05
10111010110001111101,50.2036246626173,9.765625e-05
11011100000010110001,12.06933206690924,9.765625e-05
00101011111001000111,32.458159338090084,9.765625e-05
00010000110000111010,41.738761553241496,0.0001953125
11100000011010010001,25.294716871721732,9.765625e-05
10001110111001011011,33.130431168606634,9.765625e-05
01111000010010101000,14.958899711695508,0.0001953125
10100010001111111010,50.90546184933755,9.765625e-05
01010101010000101111,34.62216445961374,9.765625e-05
00001000110011101101,55.033030887815514,9.765625e-05
10010101111100111010,28.073399623777064,9.765625e-05
10110010010111110101,47.333397784202546,9.765625e-05
01010101001000111100,42.06158036053415,9.765625e-05
10111010110100101101,43.69040781154531,9.765625e-05
00110000101101011100,33.23344465505956,9.765625e-05
00110011000100101101,19.86786601104709,9.765625e-05
10100111011011000001,24.97949441207011,9.765625e-05
01110010001110100000,17.24985185954934,9.765625e-05
01010011101111000001,23.436575641144426,9.765625e-05
00010110110001110110,28.08551806843625,9.765625e-05
00111001100110011101,23.494651246557456,9.765625e-05
10110101000001000011,18.120050414274296,9.765625e-05
01001101111101011000,17.830362730054613,9.765625e-05
00011101110100111101,19.93912306446269,9.765625e-05
01000110111001111101,28.86826119420494,9.765625e-05
10001111100111111011,18.657824803812613,9.765625e-05
10111000000001010010,32.66196313434327,9.765625e-05
10100000000001010110,41.311978152638765,0.0001953125
10001101101101011011,18.883327659577482,9.765625e-05
10000110100001101111,28.374636524221657,9.765625e-05
10110010110110100111,33.37535495692385,9.765625e-05
10111111010111010110,34.7879813160646,9.765625e-05
10101010010100110001,76.13653467774574,9.765625e-05
01100111110000100100,17.711838772652243,9.765625e-05
10110001010010101000,17.64369038252445,9.765625e-05
00110011000001110001,21.368000300135034,9.765625e-05
11010000110100010000,10.006269669725654,9.765625e-05
01000101111011010000,30.38629586847137,9.765625e-05
11100011010110110010,26.4473968365972,9.765625e-05
10111000100000000000,21.519320360211093,9.765625e-05
10110010011011010100,39.00513848272912,9.765625e-05
10100100011000010101,28.566025306045262,9.765625e-05
11101010110111011110,48.1488297905767,9.765625e-05
01011011110111000010,15.116766883752135,9.765625e-05
00111111101110000101,16.467163797793063,9.765625e-05
11001111000100010111,25.30581612424728,9.765625e-05
11011100111010100000,12.237736859333761,9.765625e-05
01110001011011110000,19.198055609898923,9.765625e-05
01110001111011010011,21.88857180799584,9.765625e-05
01110010000010101011,21.28199035610377,9.765625e-05
11011000010110101111,16.73711275737948,9.765625e-05
10010000000110001101,26.033101879458226,9.765625e-05
00001010110001000101,49.34694557942603,9.765625e-05
11100001011011011110,20.251238748891126,9.765625e-05
00110010011011111110,37.35426493651063,9.765625e-05
00011000011001011110,35.099878398789414,9.765625e-05
01011011000100011111,21.221066241653595,9.765625e-05
10100101010111000001,20.84497092736232,9.765625e-05
00100001000101101011,32.06628119929257,9.765625e-05
11010001010011101000,16.587538832896474,9.765625e-05
11110101001111110101,18.214426485996167,9.765625e-05
10110000000110100101,25.57780281001074,9.765625e-05
00001011111001011111,37.24374210881689,9.765625e-05
01010110110011111001,20.335385855615897,9.765625e-05
01010000101110101100,43.914372843067085,9.765625e-05
10001101100100010001,15.822505482945497,9.765625e-05
10110011001010110000,25.22106624165359,9.765625e-05
01110100101100100101,17.934161249905344,9.765625e-05
11100111001110101101,23.53587061450265,9.765625e-05
10010010000111110000,28.618944944719875,9.765625e-05
11011010110110110000,17.45595367202526,9.765625e-05
10001001101010000000,20.188156870870245,9.765625e-05
01001010111110000100,27.309472472359936,9.765625e-05
01010101101100011011,44.15335393952716,9.765625e-05
01000111000001010010,15.740058057230474,9.765625e-05
01010101010010001111,34.8678660110471,9.765625e-05
11101001010101010011,32.72967118131765,9.765625e-05
00000000001010010111,52.932169646921196,9.765625e-05
00101010000011010001,51.07994630569533,9.765625e-05
00110101111001000100,14.811724147456074,9.765625e-05
10100111100101110100,21.82127308171201,9.765625e-05
01110001011111101111,25.75961466598389,9.765625e-05
01110110100011000100,18.317191071454204,9.765625e-05
10111010101000000100,37.36253129717023,9.765625e-05
01100110010111111010,23.564533719153907,9.765625e-05
11101101000101110111,18.839156081257894,9.765625e-05
00110110001110111101,21.271419628864695,9.765625e-05
00001111100101000001,14.942588683201707,9.765625e-05
01101111110001101101,22.0874422113485,9.765625e-05
10011000111000001100,24.106228746194734,9.765625e-05
10001110001011111111,30.695161102670284,9.765625e-05
00101010111101001101,61.352592806941594,9.765625e-05
01010001011100010100,18.064268129029823,9.765625e-05
11111001011101101100,15.600649082116275,9.765625e-05
11111001001010000101,22.88524357445509,9.765625e-05
00011000111100100000,24.906827184273546,9.765625e-05
00001111111110101110,22.738391467309725,9.765625e-05
00111101010101011010,13.599830599660502,9.765625e-05
00011011000101001111,21.911599101801883,9.765625e-05
11001101011100001001,15.14236305191703,9.765625e-05
00010011110110001000,17.030840327423075,0.0001953125
10100011001000001100,26.422727292881255,9.765625e-05
10100101000001010001,17.410180253834284,0.0001953125
10101110001000001110,40.93076317836544,9.765625e-05
11000100101111100000,23.788347783298363,9.765625e-05
10101010111101100111,68.47930360096746,9.765625e-05
10010100010100101010,16.611789038199284,9.765625e-05
01001111001010001011,21.715252135368416,9.765625e-05
10100100100001010100,21.389460319352832,9.765625e-05
10001010100001110000,42.51331273280071,9.765625e-05
10001111100101010000,21.059928033101322,9.765625e-05
00000000101111010110,67.66120215329137,9.765625e-05
00000101001110011000,31.14573177107881,9.765625e-05
10100110011011011111,40.948004090996236,9.765625e-05
01001110100101011100,18.32644778946847,9.765625e-05
01001101010011010101,10.386286182434418,9.765625e-05
01000110111000010100,18.411693100864166,9.765625e-05
10001011100010001011,26.57689720114189,9.765625e-05
00111110001110111110,20.446436163715948,9.765625e-05
11000110111011111000,18.341428059149244,9.765625e-05
11101101100001001000,21.332172250220097,9.765625e-05
00101011000111111100,37.662843129544854,9.765625e-05
00101111001111111100,20.869831178815723,9.765625e-05
01110000111100000100,12.304410313781755,9.765625e-05
10110011111011101000,17.814055047627743,9.765625e-05
11111000110100100100,14.35400278543197,9.765625e-05
11111100011111000000,12.661963134343267,9.765625e-05
01100011111110100000,20.606636515904476,9.765625e-05
00001000101101110101,55.224449032857066,9.765625e-05
00110100101101111110,28.393734941650727,9.765625e-05
11101011010100010000,46.68907943065955,9.765625e-05
11010110010101101010,13.997786535962842,9.765625e-05
11111000000110001010,20.093416954809953,9.765625e-05
10111001011000100001,19.71420778051769,9.765625e-05
01000100000010001111,30.255430598304677,9.765625e-05
00110011010010010000,16.114031027258463,9.765625e-05
00101111011000001010,22.627797527960414,9.765625e-05
00111100110110111111,20.021471164005387,9.765625e-05
11110101000100000110,23.455097609156724,9.765625e-05
11010101010001010001,12.904954013636228,9.765625e-05
11001110111010111000,13.550590534042183,9.765625e-05
10000110001110110011,30.40415390164386,9.765625e-05
11000001100001010100,11.57570906206833,9.765625e-05
10010011001000000000,18.201358512494995,9.765625e-05
01110010000001001010,19.271433580893525,9.765625e-05
00010101111110010111,37.752424281717005,9.765625e-05
10010000101101111110,43.17833466313256,9.765625e-05
00000101101111110010,43.41670738942424,9.765625e-05
11010100011011000100,16.78232848340973,9.765625e-05
11110001110111111000,15.07005840634716,9.765625e-05
11011011110010110111,17.675995225169302,9.765625e-05
00011001001100111101,25.07735620902597,9.765625e-05
11001100100110001010,14.63176026767547,9.765625e-05
01101101010101010000,13.477933373677033,9.765625e-05
10111100000101011101,26.199414997508836,9.765625e-05
00101111010110000101,28.083729754343274,9.765625e-05
11011111111011000101,18.88136257893605,9.765625e-05
00101111110100000000,23.892180966399263,9.765625e-05
00101111010110000010,23.46561879039549,9.765625e-05
11010001110110111101,20.560879025343805,9.765625e-05
11100010011000010000,28.885905055080265,0.0001953125
01010011111101000100,15.32687129590646,9.765625e-05
00100101100110100000,22.87761369557126,9.765625e-05
00001101110100101001,22.89337525993897,9.765625e-05
01000001100110111000,38.841594937918856,9.765625e-05
01011001111101000011,19.84706467530473,9.765625e-05
01001011101000100010,20.34717116839353,9.765625e-05
11011110011111111000,12.18470301173668,9.765625e-05
10111001000101111000,26.786089028412956,9.765625e-05
00000110110101000000,25.07555186933567,9.765625e-05
11000101001100100101,18.54407402605031,9.765625e-05
01010000110010101010,37.35484811738339,9.765625e-05
10001101101011000000,15.092523742000596,0.0001953125
11010111101001001011,29.78518070952157,9.765625e-05
10000110000010101000,19.26838811168575,9.765625e-05
00011101011010100110,21.331793125545232,9.765625e-05
00111110101111110010,15.972908898876822,9.765625e-05
10110010000111010100,40.35360854383525,9.765625e-05
11111101010110000000,25.324347887059915,9.765625e-05
10101101100100011100,22.640356239485634,9.765625e-05
11011011101100101011,22.807779321812614,9.765625e-05
10011101010011111110,17.736207148510626,0.00029296875
01001100000000111110,16.711156804137634,9.765625e-05
01001011101011000001,19.310660611433498,9.765625e-05
10110000111100110101,30.090532139016442,9.765625e-05
10111101011010111110,20.86702088623573,9.765625e-05
00101011101000000100,24.469444721902118,9.765625e-05
11111010011001011011,35.93188032579629,9.765625e-05
01100111100001110001,18.521483641793893,9.765625e-05
01100110001101001111,22.358274697707323,9.765625e-05
00111001110100110100,19.229796213682622,9.765625e-05
00101101101110001000,18.325088401858565,9.765625e-05
10010100001101010111,22.118128981384586,9.765625e-05
10100001000101001101,29.587467841253765,9.765625e-05
11100000000010001000,18.828397562285986,9.765625e-05
11110011001100101001,22.55222973099444,9.765625e-05
10110110011001000010,24.376554425540558,9.765625e-05
10100000000001111001,41.48757622485659,9.765625e-05
01011000000101101011,22.680961207751505,9.765625e-05
11101101010111110000,17.876486138522203,9.765625e-05
01101001110111101000,24.130328103723436,9.765625e-05
10110100000001010100,18.31108222980687,0.00029296875
11011101000010101011,31.130569707448444,9.765625e-05
01001000010000010001,22.07681715451809,9.765625e-05
11101011010110100010,35.133623393851046,9.765625e-05
10001111011101101010,20.968001119643553,9.765625e-05
10010000101111010101,40.42718400339601,9.765625e-05
00010000101011011111,57.60514212102357,9.765625e-05
11110111001101010110,24.66763533907205,9.765625e-05
00101001110111011110,38.2703371663202,9.765625e-05
10000101011110100010,27.872985856533024,9.765625e-05
00001110111111000011,29.417548335370924,9.765625e-05
00001011100100000010,23.02759684236814,9.765625e-05
00111011110011011101,26.58221850650893,9.765625e-05
11110101100111000011,20.51000096571596,9.765625e-05
11010010010101111100,19.716440910896022,9.765625e-05
10001111100001010111,24.315449289389882,9.765625e-05
00110011001000010110,18.82025192477327,9.765625e-05
01010110100101000100,16.046708477404973,9.765625e-05
01010100100110011110,34.508118364101264,9.765625e-05
01111111100010101001,35.396738837084925,9.765625e-05
00000110101110010101,32.65622619040495,9.765625e-05
01100111000000000101,21.636335725735634,9.765625e-05
10011010011100101010,28.931930829549557,9.765625e-05
11111001110010010101,16.820251924773267,9.765625e-05
10000010111001001011,47.10923808331021,9.765625e-05
00110011010100001010,15.448900732011193,9.765625e-05
00001001111001011101,39.422828703418446,9.765625e-05
00010011001010000010,21.040653790684928,9.765625e-05
00110110001101111110,23.37743713076469,9.765625e-05
10011000000000000001,20.20531780776644,9.765625e-05
11110100010111011100,12.137870034645921,9.765625e-05
11100111010010101110,23.018086310073237,9.765625e-05
11011010110110111010,17.787036483686443,9.765625e-05
11110110110011010110,17.218024129352568,9.765625e-05
11001000100111101000,24.055486537431996,9.765625e-05
10001111101001011111,22.202844287855307,9.765625e-05
11101111000101011110,35.08666881260092,9.765625e-05
11100000010011010000,25.581018793333797,9.765625e-05
01101001001001000011,17.423265612968073,9.765625e-05
01011100010011111111,17.088318674979288,9.765625e-05
10001111100110101111,20.2028442878553,9.765625e-05
10100010001111101000,44.49410250601262,9.765625e-05
00000110100111011011,32.61560365100259,9.765625e-05
10011001111110000001,18.54267028915328,9.765625e-05
00101111111011110100,20.090239286320724,9.765625e-05
01010001100110100111,38.50255378451482,9.765625e-05
00010010100100000000,18.45528938341053,9.765625e-05
00101001001101100111,27.413416762874807,9.765625e-05
01011111100001101100,28.224289200991066,9.765625e-05
10101011000110100101,48.333671243188164,9.765625e-05
00111000111100101101,29.099878398789414,9.765625e-05
10111101011110010110,18.556889643273163,9.765625e-05
11100111010011101110,20.70102038518903,9.765625e-05
10110001100010000000,15.46622323140678,9.765625e-05
01011110100101100110,19.16086744879283,9.765625e-05
00101111101001011101,21.599830599660503,9.765625e-05
01111011111101111111,20.041423021407656,9.765625e-05
11110011100000110100,19.8138028768533,9.765625e-05
01111011111010101000,18.10750130165883,9.765625e-05
01110111000110101111,27.393689748769496,9.765625e-05
11000100101110110101,25.08780524497848,9.765625e-05
00100011100110010110,26.831614699252594,9.765625e-05
00011011101101000100,18.442286590021027,9.765625e-05
01011010110011001100,19.03461129288432,9.765625e-05
11101110000110110110,33.34367554998253,9.765625e-05
01010000111011010100,34.93870561411418,9.765625e-05
00010001100111111010,45.039622126160964,9.765625e-05
00100111000000111100,22.142058439615862,9.765625e-05
10111101101110100111,15.869815251185418,9.765625e-05
11110111111110000010,22.05972565288561,9.765625e-05
00100110001111111101,35.24475431413974,9.765625e-05
10000000000001010001,36.305689023712,9.765625e-05
11111101010110111000,21.250603067437083,9.765625e-05
00011011111111110100,24.096691778684303,9.765625e-05
00010000110110011111,52.2693861794759,9.765625e-05
11000010111010010000,22.223520302363617,9.765625e-05
00100111110101111111,26.669272718263716,9.765625e-05
01111010111010100010,14.621080539066927,9.765625e-05
01000001001101010101,26.60041837862042,9.765625e-05
00011010111000000010,22.766027140952886,9.765625e-05
10110101111111111100,19.622583700059856,9.765625e-05
01011110001000100101,19.554120902830558,9.765625e-05
01100100111110111010,31.90908709280251,9.765625e-05
10111001010110000000,23.638127571399423,9.765625e-05
10001100110110101000,22.164625920227557,9.765625e-05
11101101010101111010,17.876486138522207,9.765625e-05
10100001010101010000,32.041062191450536,9.765625e-05
00101101101010000000,15.783288421869921,9.765625e-05
11111000011111101110,19.90102837456281,9.765625e-05
00000100110010111000,42.94600341679299,9.765625e-05
11101001110101111011,26.554949572730607,9.765625e-05
00111000111001111110,33.1139627456383,9.765625e-05
01001011100101100000,19.480692133815424,9.765625e-05
00010011100000101011,26.108397224490723,9.765625e-05
01101001001100111101,23.89965117125798,9.765625e-05
10001101111010000000,17.16809153896657,9.765625e-05
01001100110011010000,14.193777456030222,9.765625e-05
00111111110011101001,17.883144738562876,9.765625e-05
11100000110111101101,37.046167779390906,9.765625e-05
00000010100001010100,39.72055905864432,9.765625e-05
00001111111000000000,16.32645403106182,9.765625e-05
11101010101011100101,37.45176806420506,9.765625e-05
01010001011111100100,27.901370049677578,9.765625e-05
01010011000101000100,12.720209166334723,9.765625e-05
01000111101100010101,18.707745514989956,9.765625e-05
01011110111111100100,14.935657445723677,9.765625e-05
10000000100101111010,47.47162279910786,9.765625e-05
01000111111101011110,21.28963805109218,9.765625e-05
11001011100110100111,22.250516148164074,9.765625e-05
11001000110001111110,27.637474955262938,9.765625e-05
00000101111011011111,47.64538833290081,9.765625e-05
11111001000110101101,22.997783825940303,9.765625e-05
00100111000011110010,19.731430230159702,9.765625e-05
11100110001110111101,23.465277762574583,9.765625e-05
10001101110100101110,18.75007995679751,9.765625e-05
10010010110010010010,26.585617487133966,9.765625e-05
10111001100001010100,24.1849319359313,9.765625e-05
00100001011000100000,22.23391436143092,9.765625e-05
11010010110000111100,12.833164060178895,9.765625e-05
01010000011101100011,31.81073777378036,9.765625e-05
10111100011001100000,16.575984321991367,9.765625e-05
01101101000101010100,13.585813712883525,0.0001953125
11000101100110101111,28.61894494471988,9.765625e-05
10011010010001001010,34.71706064308357,9.765625e-05
10001111011010001000,20.248075941515857,9.765625e-05
00110100111100111100,25.49918403666471,9.765625e-05
01110011110101011000,12.896362220690733,9.765625e-05
10010111111011011101,18.2838399758025,9.765625e-05
00100101101010001000,27.531960903059534,9.765625e-05
11111011111100001100,23.460660420281748,9.765625e-05
00111101100111010111,11.818204621322668,9.765625e-05
11100101010101000001,14.516139981699332,9.765625e-05
11100100011011110000,16.45403306068382,9.765625e-05
11011001111011010001,16.288015897585744,9.765625e-05
11101001111001000000,16.072400636061975,9.765625e-05
11011100011001001100,12.425790665320811,9.765625e-05
10110010001011011010,31.707479119145958,9.765625e-05
10000100101000000000,20.181238116578914,9.765625e-05
11111110011001100010,29.035805859055102,9.765625e-05
11010110000100000101,15.222383782858856,9.765625e-05
01101111011000011111,20.915659661019106,9.765625e-05
10011010110001110110,39.75213737634738,9.765625e-05
00100111100000100001,20.110391537497414,9.765625e-05
01001110111001010101,19.18498617839544,9.765625e-05
00011101110100000001,12.225431227668105,0.0001953125
11011000110100100111,14.466183371443433,9.765625e-05
10100000010011111000,46.600123452356215,9.765625e-05
10001011101000000010,25.6315712034442,9.765625e-05
11110011111001110001,16.703823701754605,9.765625e-05
00010010101111010001,34.99757085101217,9.765625e-05
01101100000011111100,18.740341223889235,9.765625e-05
11101100010000001010,20.42022785419578,9.765625e-05
01101110001000010101,24.501782154228646,9.765625e-05
10001110110011111011,30.489120508672908,9.765625e-05
10110010010111111101,45.77895187914841,9.765625e-05
01000111010010101001,20.599846527290808,9.765625e-05
10010101011000000000,18.818167862867814,9.765625e-05
00101101000011001111,19.04999036442095,9.765625e-05
01011101010100010010,15.328981156983048,9.765625e-05
00010011100101000101,17.052989721232205,9.765625e-05
10001000100011110011,41.330767702614615,9.765625e-05
01000100101001010000,24.791482147380627,9.765625e-05
11110111010111001010,22.26479735680691,9.765625e-05
01100011001100011010,19.95378529709448,9.765625e-05
11100011011111001000,22.60348601705185,9.765625e-05
00001010001011011100,41.06862342900738,9.765625e-05
10000111000100010010,19.91282617052714,9.765625e-05
10111101010101001001,20.369301913709997,9.765625e-05
00101101101011101000,19.283121543100304,9.765625e-05
10111101001110101011,18.98242649431334,9.765625e-05
11101011001111111000,31.93667868978962,9.765625e-05
11111000010101000010,22.598892830423964,9.765625e-05
11111001001110000001,22.55222973099444,9.765625e-05
11010111000100001100,22.371406991195556,9.765625e-05
10000110010001110101,33.62868367762815,9.765625e-05
10001111101001001010,19.508331546169458,9.765625e-05
01010011101101010101,20.33096309556643,9.765625e-05
10100111000010101010,26.600080969497526,9.765625e-05
00000000001011110100,54.11662998841651,0.0001953125
01100111011101011111,16.45264181781331,9.765625e-05
00110001110100101010,21.465197808476162,9.765625e-05
00101111001111110110,19.19811890194597,9.765625e-05
11111011000010111011,35.52558594903909,9.765625e-05
10101111110111111000,29.491054337622113,9.765625e-05
10011110011100010110,28.170618664887805,9.765625e-05
00000011011110111011,43.151305504069185,9.765625e-05
01000111001101110101,16.819367674419627,9.765625e-05
00000101101010001000,40.083041533395495,9.765625e-05
01100100101011011101,26.5488555424884,9.765625e-05
10010011001001110111,26.804730233497178,9.765625e-05
11000111000000000101,18.73292879306547,9.765625e-05
11111000011010000000,14.469444721902118,0.0001953125
00011100111111000000,16.913071229492125,9.765625e-05
01001101111111010101,17.251746770096325,9.765625e-05
10011000111110101000,24.65754028716661,9.765625e-05
11101001011001011011,25.198113383933872,9.765625e-05
10100010000010010101,50.64689667981055,9.765625e-05
10000011101010000010,24.18300434857544,9.765625e-05
01000111011110110101,19.36215767966765,9.765625e-05
10000000001011111111,57.38995149300278,9.765625e-05
10100000001011111010,42.84902432506126,9.765625e-05
01110001011111111011,27.592923626610805,9.765625e-05
10101100101010100011,19.568471754286822,9.765625e-05
10111001010011101000,22.363908500475063,9.765625e-05
00111101111101101001,12.28801589758575,9.765625e-05
00000111100000111110,26.51986212474152,9.765625e-05
10100111100001111011,21.675995225169302,9.765625e-05
00010100010111001011,27.094725876494614,9.765625e-05
11011110011111011001,13.490093664740861,9.765625e-05
10101001010000111100,35.76734123771455,9.765625e-05
01100100000111111000,22.46618337144343,9.765625e-05
10111011110001111000,33.13319970190918,9.765625e-05
11100111110001110110,16.55688964327316,9.765625e-05
11111010100000101000,29.332172250220097,9.765625e-05
01100110000001001110,20.720209166334726,9.765625e-05
10100011010111101010,35.43657564114443,0.0001953125
01000001111010001111,44.444107788062944,9.765625e-05
10000101101001001111,26.494102506012617,9.765625e-05
00000011101111000000,26.619783093516823,9.765625e-05
01010011101101010100,19.0504050067799,9.765625e-05
10001101100011111101,17.787036483686446,9.765625e-05
10000000101101011000,45.62371562147746,9.765625e-05
00110101011011111100,25.55580718072866,0.0001953125
11011000011000001000,11.075869699244597,9.765625e-05
00000111100001110101,19.787036483686446,9.765625e-05
01110001011111010010,17.139577758186437,9.765625e-05
00011111110000101010,21.46256781401543,9.765625e-05
01011001010111011000,17.295609350110013,0.0001953125
00000111100010110110,26.76594646327322,9.765625e-05
01111000111000000000,7.988710018100807,0.0001953125
10100111000111111011,25.75901458934114,9.765625e-05
10100000100110111101,48.62580936941987,9.765625e-05
01110010100000101010,19.271773787166165,9.765625e-05
00101011111111000110,31.375354956923854,9.765625e-05
00101100101001111101,28.02662368630019,9.765625e-05
00100001011101100001,32.94053930618261,9.765625e-05
01111101011100101100,17.892180966399266,9.765625e-05
11110000000100000000,10.917260368883131,9.765625e-05
01001001101000000011,23.47039217717561,9.765625e-05
11110100000110000000,14.451235985711598,9.765625e-05
10001100100010101000,17.698948719343075,0.00029296875
01010111100100001111,27.932856926307846,9.765625e-05
01011110010110100011,11.096884559990256,9.765625e-05
00010101101110111000,46.69553118860205,9.765625e-05
00101101111110000000,15.229796213682622,9.765625e-05
11001101011100001000,14.015673703533576,9.765625e-05
11100010100101111100,32.666970963330115,9.765625e-05
01001111010111100100,11.025393064367936,9.765625e-05
11100001010110000000,17.33863098417702,9.765625e-05
10100100000101111000,24.283494349894436,9.765625e-05
10100011001111000000,29.976693805527077,9.765625e-05
11110110100101010001,15.714343729349821,9.765625e-05
10111101100001010100,21.60210536930341,9.765625e-05
00001001010101010100,31.77694151890821,9.765625e-05
01001110010010101010,15.47344586357821,9.765625e-05
11010001111011100101,23.207627273135525,9.765625e-05
10100111011000111010,26.039795241125745,9.765625e-05
11001110100111110110,18.819367674419624,9.765625e-05
11101110111110011000,23.95319472098482,9.765625e-05
10101000001001001010,37.35965625454088,9.765625e-05
00110001000101011110,20.963087207580326,9.765625e-05
11100000000101010100,27.583280345368948,9.765625e-05
01011000110000101010,19.767328754527846,9.765625e-05
01101000100110110101,30.693610577260607,9.765625e-05
01101111010101011010,23.11606094507645,9.765625e-05
01111001101010101110,23.680079444088502,9.765625e-05
10111111010000010111,42.53036286739002,9.765625e-05
01011111110011111110,19.577834970378426,9.765625e-05
11010011000111101011,19.949921257894072,9.765625e-05
11011001001101011000,17.82749121899607,9.765625e-05
11000110111001110000,16.289121176647765,9.765625e-05
10001101110000010000,15.597662121364513,9.765625e-05
00110111011110110100,17.490042132299262,9.765625e-05
10011101011100110001,12.124712018727049,9.765625e-05
10111100000101001100,24.998134452670964,9.765625e-05
10100101010011001001,20.896362220690737,9.765625e-05
10100111100001111010,20.450872141373168,9.765625e-05
10110001011010110001,21.37743713076469,9.765625e-05
10010110000101001110,20.729642552520772,9.765625e-05
01010001111101111000,36.8180809435948,9.765625e-05
01000001110001001011,32.85556029225424,9.765625e-05
00110111110010000100,16.317191071454197,9.765625e-05
11100111010110101010,23.204951253405476,9.765625e-05
00000101111001000001,27.95446373403828,9.765625e-05
10011010110010101000,22.453085605410323,9.765625e-05
11101110100110010101,32.23834690548436,9.765625e-05
10111101100100101001,18.363481549593466,9.765625e-05
11011010100000101000,19.058367821654695,9.765625e-05
11111100010001010001,17.871139033984033,9.765625e-05
00110110101011101110,26.97267780273703,9.765625e-05
11010000011111101010,27.30778277165441,9.765625e-05
00101111010111101001,25.577834970378422,9.765625e-05
01001001100101100110,21.012185915570907,9.765625e-05
00010000110111101000,46.03022059523553,9.765625e-05
10001010100001110110,48.15144301422267,9.765625e-05
01011011100001000000,20.96081137142106,9.765625e-05
11010110011101100000,13.480692133815424,9.765625e-05
10010011001110000001,18.57689720114189,9.765625e-05
01010111010011111000,21.266823732214267,9.765625e-05
11100110010011111111,26.902310616063854,9.765625e-05
11001110111010111110,16.76631582562375,9.765625e-05
10101111001001101000,31.733541549238602,9.765625e-05
01000111100110011010,23.512401741714804,9.765625e-05
01100100011010010100,16.364569981100235,9.765625e-05
11100110010011100001,25.775448131079436,9.765625e-05
10110001101010101101,23.09294100684524,9.765625e-05
01011010100000101000,19.900005329559445,9.765625e-05
01001001001010101101,24.20320189060038,9.765625e-05
10111101010011111100,22.0874422113485,9.765625e-05
11000101101101111111,25.298522707573206,9.765625e-05
11011100000010110101,12.439665547176183,9.765625e-05
10111111101010101101,27.90906945136198,9.765625e-05
10010111011011110110,23.405027731539477,9.765625e-05
11111110101011100100,26.489210959516733,9.765625e-05
11010011000110100001,17.88805313261401,9.765625e-05
00111001000101000001,17.599056280987977,9.765625e-05
10110001001011110001,22.591218700220033,9.765625e-05
10111000110000101100,25.177431557146193,9.765625e-05
11001011011001111011,24.770387958942543,9.765625e-05
00100111010100100000,20.250886234095844,9.765625e-05
00100111000011110111,22.062513041820885,9.765625e-05
11110001000100000101,14.6469029214039,9.765625e-05
10110011001001010101,28.190475374982423,9.765625e-05
01000101000100011101,20.749147705573073,9.765625e-05
11000111101111110101,16.69516110267028,9.765625e-05
01100111000001100011,23.336471849731197,9.765625e-05
01110100101111001100,23.63290031875104,9.765625e-05
01111001110101010010,12.643673720473078,9.765625e-05
00101010000111111100,57.15552034425465,9.765625e-05
01001010110000111010,26.893375259938974,9.765625e-05
10010010010011111010,31.622583700059856,9.765625e-05
11110101000110101000,29.017922859509227,9.765625e-05
11110110100000111110,20.71931250908176,9.765625e-05
11100010010010100111,34.576238430539256,9.765625e-05
01100010100010000000,18.277654428200123,9.765625e-05
11010111001101111001,18.852942057398955,9.765625e-05
00001010101101110101,55.05511365435048,9.765625e-05
01011010011101100000,18.828665846194607,9.765625e-05
01101111001100001111,24.000658134148587,9.765625e-05
01110001111110110001,23.86502928325158,9.765625e-05
00000101101011000111,38.97284560682978,9.765625e-05
00101111110100000011,24.200994668156568,9.765625e-05
00110010100011111110,34.045990289261205,9.765625e-05
11110010101110100000,17.249851859549338,9.765625e-05
11011000011001001100,15.81671157568068,9.765625e-05
10110010010111101110,38.69579313254065,9.765625e-05
01011010010110110000,15.455953672025263,9.765625e-05
11001001110001101011,18.680961207751505,9.765625e-05
11010100111101101110,23.534294388298516,9.765625e-05
10010011001001000101,19.745733520898987,9.765625e-05
01101100110000010100,12.544363434302417,9.765625e-05
11001011011100000110,24.391993686867412,9.765625e-05
00000001101000000000,29.06838627677812,0.0001953125
10100001000010000000,20.91499881684798,9.765625e-05
00100011001111111010,32.2810102240214,9.765625e-05
01000101010001111001,23.163366153057236,9.765625e-05
01000001111011010110,38.03682151961793,9.765625e-05
00110011010111111000,22.049919372778234,9.765625e-05
10111101000001001001,26.388542314424484,9.765625e-05
01111000011111011101,23.844848403278014,9.765625e-05
11110011000110101010,23.609505404067683,9.765625e-05
10010011010100110101,22.324111801347005,9.765625e-05
11110011011001111110,18.183614394726035,9.765625e-05
11110111010100010110,24.308939757412418,9.765625e-05
11011010110010101010,15.163957463587966,9.765625e-05
01110011000110001110,17.623448294912148,9.765625e-05
11110111011011111100,20.467163797793056,9.765625e-05
01101101110111110100,13.04449148179701,9.765625e-05
00100001101010101110,37.25061277511023,9.765625e-05
01001001100001011000,20.42207747389451,9.765625e-05
10101000100111111111,55.658988689254215,9.765625e-05
11110000110010111110,16.29925779148695,9.765625e-05
11110001010100000110,10.552175401403101,9.765625e-05
11101110000010111001,32.75733527661764,9.765625e-05
00010001110110111100,41.00177591803349,9.765625e-05
10000101110010111000,25.397897438686147,9.765625e-05
01101111110001101010,21.22106624165359,9.765625e-05
00001001100111101010,33.37085307557371,9.765625e-05
10011000000001111101,30.63820931559544,9.765625e-05
10100001010100010100,31.583280345368944,9.765625e-05
00100001100000000000,16.212895332660406,9.765625e-05
11001101010000010000,12.96014459611569,9.765625e-05
01111110110101010101,18.839408116237287,9.765625e-05
01001001101111111000,31.35873463091453,9.765625e-05
01010000011011001001,30.505234369856026,9.765625e-05
01110011000101001100,16.071084563698843,9.765625e-05
01110010110111000010,16.82743877746935,9.765625e-05
11001110001000101110,20.658528647283617,9.765625e-05
10110111001100101000,23.683053154756493,0.0001953125
11101011011111011011,38.43385872741068,9.765625e-05
01110010000100111010,20.165820300894467,9.765625e-05
10100011111100000100,30.09246596796565,9.765625e-05
10000111010101000100,18.201293762445633,9.765625e-05
00111100111111001000,14.067257799804128,9.765625e-05
00111100100111111110,20.31058961979079,9.765625e-05
00100011001001101010,23.97854342522581,9.765625e-05
01010001101101101110,43.40161510324438,9.765625e-05
10001101000001010101,17.075505854906172,0.0001953125
01101001111011001000,18.91267251476347,9.765625e-05
10110111110011010101,18.82006819305022,9.765625e-05
00101001100010110000,23.47410463418084,9.765625e-05
01111000111101111100,22.560888711380763,9.765625e-05
01000111100001011001,16.97678271124138,9.765625e-05
00001100111111010000,30.587031851629078,9.765625e-05
11011001111011011101,17.5121434381104,9.765625e-05
11110001101110101001,22.020594700374602,9.765625e-05
10100010001101110000,51.158398096906545,9.765625e-05
11011010010011111101,24.606295575210773,9.765625e-05
11010000010111100111,24.34370118528597,9.765625e-05
01001010101010000000,19.309472472359936,9.765625e-05
10010010010000100010,23.480692133815424,9.765625e-05
11111010010000100000,36.143083128125426,9.765625e-05
01111000001100101111,17.645597776258132,9.765625e-05
11001011000111111000,21.269701484866157,9.765625e-05
11100111000100110101,25.25532772976517,9.765625e-05
11000010110010101000,18.065164051861718,9.765625e-05
00111100100111110110,16.421331784018868,9.765625e-05
11001111111000111000,15.5703886269174,9.765625e-05
01011000111110010001,20.86826119420494,9.765625e-05
00100111010100110111,26.159890848281265,9.765625e-05
01110011110001011000,12.829585701359543,9.765625e-05
00000000100110010100,50.27339594067259,9.765625e-05
00011011111000110110,23.121620224630675,9.765625e-05
00100010101111000101,47.2301487284779,9.765625e-05
11110101000001001111,24.00936675850223,9.765625e-05
00010110111101100000,22.449302156762386,9.765625e-05
10100100001010001100,25.426686588152705,0.0001953125
01011110110110101001,12.731549946254448,9.765625e-05
01111111011000011111,22.66763533907205,9.765625e-05
00100111010101011000,19.557841277411327,9.765625e-05
10010001001001001010,22.58753883289647,9.765625e-05
10011101010100010111,16.103761467876943,9.765625e-05
10000010010011100111,51.965890524145905,9.765625e-05
01010101111001000001,31.187485704208115,9.765625e-05
11111011100110001010,29.186833909619907,9.765625e-05
00001011111101000110,31.82862773850083,9.765625e-05
11001100111110110010,14.33392144961061,9.765625e-05
00101010000111010111,60.892010659424045,9.765625e-05
00000010110000101010,41.19686747082536,9.765625e-05
11101000110000000101,28.409531892849856,9.765625e-05
10101000001111000010,41.62772653631771,9.765625e-05
11111000011111101010,17.782860561903203,9.765625e-05
11100001010001110101,19.162939016671764,9.765625e-05
11010011110001011110,12.959380992168445,9.765625e-05
11101100000000010101,23.995355291770338,9.765625e-05
00100101001001011111,21.7828605619032,9.765625e-05
10001000001101010100,46.25614090134891,9.765625e-05
11011000011000010111,15.970147123608811,9.765625e-05
11001011010101111001,29.6142292448475,9.765625e-05
00010011111110001000,22.00418749588482,9.765625e-05
00010010110100000010,24.338566234127658,9.765625e-05
01001110110100010000,15.203486836560371,9.765625e-05
01111111000110000100,31.41029110544035,9.765625e-05
10110010000110111000,29.917799423391013,9.765625e-05
00100001001000001011,25.57780281001074,9.765625e-05
01001111010111101001,14.202844287855303,9.765625e-05
10001011001010000010,25.631561517407242,9.765625e-05
11010001000111100000,17.917799423391013,9.765625e-05
00100011100101111110,32.733268090252984,9.765625e-05
01001101100100000001,18.254968053451602,9.765625e-05
00110000101001101010,30.51094905744349,9.765625e-05
10110010110001101010,27.121449699675576,9.765625e-05
11101010001010010010,36.68640250184438,9.765625e-05
01110100010000000010,11.046708477404977,9.765625e-05
00111001011110110100,18.80018306129879,9.765625e-05
11110111110100111010,19.165537134235702,9.765625e-05
00010001000011110101,30.310833748034465,9.765625e-05
01011001110001100011,19.743922216034083,9.765625e-05
00101111111101011000,21.844142464602328,9.765625e-05
10100110001111011101,37.24667565990225,9.765625e-05
10010001101100000111,24.89670940297779,9.765625e-05
10110000011011100010,26.232120872260946,9.765625e-05
11010010010110011101,16.929979086528753,9.765625e-05
11010010111100011000,14.23391436143092,9.765625e-05
10100010000010000001,41.84820636988648,9.765625e-05
01011001000101001010,20.51704912213899,9.765625e-05
11001000001001000101,24.568689963756164,9.765625e-05
01010010001100100000,18.32644778946847,9.765625e-05
00011010000111000000,23.08834782021735,9.765625e-05
11111111010011010011,35.624970671296076,9.765625e-05
10100000010001010000,42.4249178532737,9.765625e-05
11011110110110100011,13.096884559990254,9.765625e-05
11011001110010010111,15.310660611433496,9.765625e-05
11011110110110101111,13.35647587602912,0.0001953125
01110001010110111101,21.07005840634716,9.765625e-05
10011101010110100100,13.724046857446805,9.765625e-05
11011000101100111010,17.266239310570754,9.765625e-05
01100011001010100000,19.204094368988667,9.765625e-05
11011001000101110101,15.90349772644909,9.765625e-05
00111101011000011101,16.31669937052324,9.765625e-05
11101101010101001101,23.155520344254654,9.765625e-05
10001000000111001010,39.06862342900738,9.765625e-05
10001110110011010001,31.79460776698706,9.765625e-05
11011000010100000011,14.388158705777872,9.765625e-05
10100000001110101000,36.553723118823214,9.765625e-05
01001010000101011111,38.39194309598694,9.765625e-05
00110011001010111000,21.622654691702564,9.765625e-05
10100110100110100110,30.37236528614955,9.765625e-05
10110001010001010111,21.862960327018506,9.765625e-05
11001001011000111011,19.199108632938092,9.765625e-05
00101101101001101000,17.092523742000598,0.0001953125
11111110111100111110,18.614306478083556,9.765625e-05
00110101011001110100,17.00745780879921,9.765625e-05
10100100001011001101,28.491850640014423,9.765625e-05
10110100000111011100,20.137870034645925,9.765625e-05
00011100010001111110,22.2097246401856,9.765625e-05
11110111100010111111,27.731433761730514,9.765625e-05
10101000110111010000,54.68235692375396,9.765625e-05
11000100011110110100,20.393529655521892,9.765625e-05
11101101001110001101,22.353746261128798,9.765625e-05
10110000010111100100,31.389545595119657,9.765625e-05
00010111010101011000,11.163957463587968,9.765625e-05
11011100100000110100,12.533695894613313,9.765625e-05
10010110000001010111,24.154218730679695,9.765625e-05
10101100100101110100,28.707132758816826,9.765625e-05
00110101000011000110,19.98506419920956,9.765625e-05
10111101111111001001,13.192324994681153,9.765625e-05
10011001000011111111,24.197945579841132,9.765625e-05
10111001010000100100,23.30975470829739,9.765625e-05
11100010001110000001,31.917799423391013,9.765625e-05
10101001110001011111,38.753333422156665,9.765625e-05
10011011100010110010,23.76106115837068,9.765625e-05
10001100111100011111,33.74539434372433,9.765625e-05
00100010001110101010,38.749215274408364,9.765625e-05
11010100110010111111,22.506339943185303,9.765625e-05
11101101011101111100,15.058013663353229,9.765625e-05
00010010010011101010,30.121378708032868,9.765625e-05
01000000110001101110,44.36837029893961,9.765625e-05
10100111010001011100,27.546600107091372,9.765625e-05
11111000111110100110,12.434847723981733,9.765625e-05
01010110000101101001,16.740331537852278,9.765625e-05
00111001000110101101,21.624511287415714,0.0001953125
01100101001101100100,17.092523742000598,9.765625e-05
01110001000110000001,17.8926622468722,9.765625e-05
00001110101011001111,28.06628119929257,9.765625e-05
00011000110010000000,20.080224999222157,9.765625e-05
11100111001111010100,19.361213755964968,9.765625e-05
01011011010110010001,14.867020886235732,9.765625e-05
00100000111100100101,51.78451904380217,9.765625e-05
00001010110010000001,37.06862342900738,9.765625e-05
01000001011000001110,26.876105016566232,9.765625e-05
11100111011111111100,17.736207148510637,9.765625e-05
00000101001000001000,26.718124370008205,9.765625e-05
00001010101101100000,39.95700399044007,9.765625e-05
01100000101111101011,46.06428959630841,9.765625e-05
01010011111001010100,16.098019093053722,9.765625e-05
00011110101111110101,20.13693799056155,9.765625e-05
01011010100110000000,15.75759626321292,9.765625e-05
00101100111100000001,20.989657473374297,9.765625e-05
11100111001010100011,29.92909147885871,9.765625e-05
00101010110100001101,57.97614850942584,9.765625e-05
01010011110101010110,16.60156467128934,9.765625e-05
11001010010100100111,39.46816799841317,9.765625e-05
01011000110001110101,22.08100465040291,9.765625e-05
10110100010000100110,17.805268123521692,9.765625e-05
11110110110001100110,18.86792378508204,9.765625e-05
10101100111101111111,36.12664771995869,9.765625e-05
00101100110000111111,30.693610577260607,9.765625e-05
11110001000100000000,15.462921972316906,9.765625e-05
11000011001101110000,18.640002081184164,9.765625e-05
10100101111110011000,22.58435118410304,9.765625e-05
10001011001000001011,30.110391537497417,9.765625e-05
01111111011010100101,23.22393159824599,9.765625e-05
10000011010011110111,36.71503645041774,9.765625e-05
00011000101110110011,34.393825523347225,9.765625e-05
00001110001011100100,21.569448354798382,9.765625e-05
10100111011001111110,26.444284641738587,9.765625e-05
00100111010100110110,24.27937275770253,9.765625e-05
11100100101001111011,17.53867113391848,9.765625e-05
11100110010001100100,26.82444377418682,9.765625e-05
11100101010000000001,17.27005564316763,9.765625e-05
11101111010111111001,30.80782116821726,9.765625e-05
10101100010111111101,42.47788278279656,9.765625e-05
10101010011000101111,59.43774149139113,9.765625e-05
11010000110001101110,20.971939703693664,9.765625e-05
10110111110001011111,18.820068193050222,9.765625e-05
10011111101011100000,21.116060945076455,9.765625e-05
11100010110101100011,38.21907463866944,9.765625e-05
00111001011010010000,15.151418124136661,9.765625e-05
00011100001101011010,16.74128867916273,9.765625e-05
00110100110100011100,18.021879357630933,9.765625e-05
10110100010000001000,13.69774194261667,9.765625e-05
01100100001100001010,18.568689963756164,9.765625e-05
01010110110000111111,22.618944944719875,9.765625e-05
00000101000001010101,17.78076681396079,9.765625e-05
11101101100111001110,17.13505629762233,9.765625e-05
01001100011011110011,18.31733516119377,9.765625e-05
10001010100111111111,56.37179084481025,9.765625e-05
11011100010011011111,12.643673720473082,9.765625e-05
10011110001110111110,21.83943924791665,9.765625e-05
00100000001010010101,40.850000925572814,0.0001953125
00000100000001001011,28.58287465462588,9.765625e-05
00110001011011110111,28.486848350675864,9.765625e-05
11100100001111100000,17.474104634180843,9.765625e-05
01011100000000101011,20.741359670805434,9.765625e-05
11100011011000101001,22.661963134343274,9.765625e-05
01011011101111111111,24.41461832669619,9.765625e-05
00100101111111100000,26.393734941650727,9.765625e-05
11111010101110001100,25.29472040329254,9.765625e-05
01101011011010101001,23.710521231446982,9.765625e-05
11011000001011100111,19.488695886009737,9.765625e-05
10010100100110111110,29.248894631111696,0.0001953125
01010011111111010000,19.622583700059856,9.765625e-05
11110010011101000000,22.729642552520772,9.765625e-05
11001011001110100111,23.325794536877943,9.765625e-05
10110111011111101100,19.049990364420943,9.765625e-05
01110011111010110101,17.00230528650441,9.765625e-05
10100011001010000010,27.06384380063391,9.765625e-05
00111001011111111100,24.38108557214162,9.765625e-05
11011000011010111011,16.33455115126256,9.765625e-05
00010111101101111100,24.982719347009056,9.765625e-05
11111011010101010001,43.203172832489514,9.765625e-05
10000011000000000000,18.318016911728506,9.765625e-05
10011100100111011111,20.17702336352065,9.765625e-05
10010111010010110011,21.23044113022344,9.765625e-05
01110011111001111111,19.46404371783491,9.765625e-05
10001111100110101010,18.103761467876943,9.765625e-05
00101000011010101011,39.60477367859799,9.765625e-05
00011111011001100000,14.738101851917556,9.765625e-05
00010010101011000001,28.740693738684516,9.765625e-05
11100111010110001010,23.121816352003563,9.765625e-05
11001000010111100011,31.42606613238391,9.765625e-05
00000101100111111100,37.67163087560884,9.765625e-05
00111101011010010100,14.66196313434327,9.765625e-05
10011111110011010100,20.087442211348495,9.765625e-05
00110110001000001110,20.784175393085924,9.765625e-05
11001101011101011000,11.034482712710538,9.765625e-05
00000101100101010110,26.227933376376125,9.765625e-05
00001010111110001001,45.754708737396875,9.765625e-05
11011010111000010110,21.677328694004878,9.765625e-05
00101011010111000000,36.32887632363844,9.765625e-05
01001111101100111101,18.803089235607494,9.765625e-05
10100001101010001010,24.505234369856026,9.765625e-05
11101110000010110011,33.354676123629616,9.765625e-05
11010011010100101101,11.210624094588301,9.765625e-05
00010101101110000010,40.56845655023777,9.765625e-05
10111100101001110110,16.917512725161448,9.765625e-05
01101110100100101010,22.701408385192398,9.765625e-05
10101011010111100111,54.134929605513165,9.765625e-05
10011001001000011101,22.69386718869098,9.765625e-05
00011100101011101101,28.672517846824846,9.765625e-05
10000011101010001000,20.183980949087,0.0001953125
00010110101001100001,23.385326243974234,9.765625e-05
11011000100011101000,16.739381285429047,0.0001953125
10011110001101110110,26.35808388120648,9.765625e-05
11101101111101110000,11.246786734840212,9.765625e-05
01010010010010110110,20.339504003364194,9.765625e-05
11101111111010101011,23.81648647732413,9.765625e-05
01001011101101111001,26.548400180789802,9.765625e-05
01000100110011101101,39.00177591803349,9.765625e-05
10100101110110001010,21.181619053031014,9.765625e-05
01101111001100011111,22.124504306003114,9.765625e-05
00010000110000010000,27.049216867706342,9.765625e-05
00010000000100111110,38.897124045336746,9.765625e-05
11111010011011101010,26.331640601788934,9.765625e-05
10110001111010100111,21.720606237557188,9.765625e-05
00000101110111101100,39.00177591803349,9.765625e-05
11111000011011111010,17.84593086582251,9.765625e-05
00011100000001101010,17.963624374023592,9.765625e-05
10100101110111011000,20.149111204965877,9.765625e-05
11010011111111011000,15.07005840634716,9.765625e-05
11111000000111110011,23.561533627921584,9.765625e-05
11010010000010111000,14.737530931309244,9.765625e-05
10100010001100111111,54.75852779085611,9.765625e-05
01001111111000011111,17.759156474659548,9.765625e-05
10010100001111100100,23.294716871721732,9.765625e-05
01001111000111101000,14.956759949323601,9.765625e-05
10011011000011111110,25.498476541610035,9.765625e-05
00000111000110111001,20.194990485189795,9.765625e-05
10101110000010101000,37.623442227982856,9.765625e-05
00110010001110110100,29.11718152611109,9.765625e-05
11010011011100001110,14.308820677771722,9.765625e-05
10001100011101111111,35.85571833402264,9.765625e-05
11100010001110101001,31.007457808799217,9.765625e-05
10110010010001011010,36.35360854383525,9.765625e-05
01101101111010000100,14.201293762445633,9.765625e-05
01001000001000101110,24.590166215711342,9.765625e-05
00011110100110001110,18.718287820572215,9.765625e-05
10101000001001110001,44.9710945788823,9.765625e-05
11111110011010101011,22.991208085911172,9.765625e-05
00110011000001100010,18.67313413456878,9.765625e-05
00001011101000100001,24.03979868556935,9.765625e-05
00100111000101110011,21.01187015923047,9.765625e-05
11001001010000101010,14.086870272891685,9.765625e-05
11001000000101110100,26.469658676219403,9.765625e-05
00111101111010101101,20.108397224490723,9.765625e-05
00000000100001111110,59.18245905247421,9.765625e-05
01000111111001010101,15.82998368166713,9.765625e-05
11100111101001100000,21.018876556376064,9.765625e-05
00010100001010100101,32.44277940717717,9.765625e-05
11100111100111001001,18.79602660955647,9.765625e-05
11100110000001011000,23.14211070647853,9.765625e-05
01000011100001000100,12.960756307408655,9.765625e-05
10101100000111101100,31.135470939981285,9.765625e-05
00101110001011110100,29.455943985988306,9.765625e-05
01001000010111111010,36.64406963805199,9.765625e-05
10001111110010111111,22.51578582339786,9.765625e-05
01100000000101010100,26.23109782725758,9.765625e-05
10000011011001111010,30.931886480262435,9.765625e-05
11101100110100000000,16.498605943741744,9.765625e-05
00100011110110100110,30.534058389712808,9.765625e-05
11001001001001110011,18.745623589217868,9.765625e-05
11011101001101111110,17.665749303853573,9.765625e-05
01111010110011001001,22.724396662219544,9.765625e-05
11001000010000010000,19.453095291447283,9.765625e-05
10011001010100001111,21.347896566270325,9.765625e-05
10000101100010101010,29.802386839298993,9.765625e-05
00010100100100111110,36.85417684735606,9.765625e-05
01000001110010101010,40.15354466890081,0.0001953125
11111110111110100001,17.871751790157163,9.765625e-05
01001100000001000100,11.87456625076201,9.765625e-05
01010100110111001010,31.76083277225344,9.765625e-05
01001001101111000001,25.91587183603516,9.765625e-05
01011011011101001100,14.439476297441036,9.765625e-05
01101001101111110000,20.755373026011604,9.765625e-05
11010110110110110001,9.651276135453056,9.765625e-05
00111000100000101000,19.988710018100804,9.765625e-05
11101001001000000000,21.85425408059212,9.765625e-05
11011100010010000001,10.248075941515857,9.765625e-05
10001000101111010101,52.597293700575115,9.765625e-05
11010010101101000110,22.73615906051264,9.765625e-05
01111110110101101000,18.661963134343267,9.765625e-05
11100000101011110011,30.463305825931602,9.765625e-05
00111001001011010101,19.038635632472392,9.765625e-05
10001010110000111010,43.40392027014558,9.765625e-05
10000110011011100001,28.931886480262435,9.765625e-05
01010000110101101011,37.76115778531684,9.765625e-05
01110110011111001000,12.85336349026845,9.765625e-05
00100111010001110100,21.395726544634876,9.765625e-05
11110111001011101000,32.63817294937488,9.765625e-05
11110111000010101110,36.53434329784477,9.765625e-05
11011011110000000000,20.75766101326228,9.765625e-05
01101111101110000101,19.53587061450265,9.765625e-05
00100010011111100101,58.60149367964663,9.765625e-05
01111101110100000101,13.647862859864087,9.765625e-05
00010100100001011100,29.26838811168575,9.765625e-05
01111110011110011010,12.786939671236418,9.765625e-05
10101101011011101011,20.848731472365543,9.765625e-05
01000001100111111000,39.67163087560884,9.765625e-05
11011000110111110110,20.579697720557725,9.765625e-05
10010000000011111101,34.12082996748803,9.765625e-05
00101000001110000101,39.06862342900739,9.765625e-05
10101111111110100111,28.772572364868836,9.765625e-05
10001001100101011010,28.62587338504816,9.765625e-05
11011100000101010110,12.745072127810667,9.765625e-05
10100101100010011010,21.682392446380415,9.765625e-05
00100000100100111111,53.17833466313256,9.765625e-05
11101111101110100101,25.984356791691738,9.765625e-05
10111000110101010101,42.00355183606697,9.765625e-05
00101110110010111001,31.1027952878234,9.765625e-05
01101010100011101001,33.06635219093528,9.765625e-05
00101010110111101101,62.53471716031544,9.765625e-05
01000100101000000010,30.984283726480538,9.765625e-05
10110101101110001010,22.92014625119299,9.765625e-05
11111010011100001010,30.158407870070704,9.765625e-05
11111110000100011101,37.10207070065506,9.765625e-05
11111100011110000001,11.508331546169451,9.765625e-05
01100101011011111100,22.976696515549612,9.765625e-05
11110001011100010000,10.603964675039101,9.765625e-05
01011100011111000000,9.581978731793985,9.765625e-05
11011010100000100010,21.393901815022158,9.765625e-05
11011000011011101011,18.211153375932028,9.765625e-05
11010001111000001101,17.538321965190136,9.765625e-05
11111011010001110110,34.83629154621377,9.765625e-05
10001111000110111010,20.276246414514848,9.765625e-05
01110010011010101011,19.17123497426793,9.765625e-05
01111000101100100111,14.93565744572368,9.765625e-05
11100111101100000101,20.353746261128798,9.765625e-05
11111100110100000101,11.711838772652246,9.765625e-05
11101111100110010111,28.9595152758582,9.765625e-05
10100101111010001101,23.695970622670348,9.765625e-05
10110011010000000100,25.174359233090748,9.765625e-05
10010111001110010101,19.025383378330982,9.765625e-05
00000000101101101010,62.3562075049933,9.765625e-05
11001111001010110101,18.822877642445764,9.765625e-05
00110100101111110000,22.819281478727863,9.765625e-05
11000100111100110101,21.304818725387182,9.765625e-05
11111100011010000001,14.172508144549884,9.765625e-05
11110001010110000000,12.552175401403101,9.765625e-05
11011001100010111101,19.47224532844515,9.765625e-05
01100110010110000100,18.62894102347959,9.765625e-05
00110010100011110111,34.33226930722856,9.765625e-05
01001100100001100111,19.677316210818177,9.765625e-05
01000011011010110010,23.297504260657,9.765625e-05
10010101101111100010,30.85760436924112,9.765625e-05
00001010101001110111,50.295303927100406,9.765625e-05
11011000000001010001,18.36270369935013,9.765625e-05
01110000111101111110,30.638881510945893,9.765625e-05
00010000101011110110,56.07699747427353,9.765625e-05
10001110101001011110,30.42834714362017,9.765625e-05
11001010110011001010,27.2745903213395,9.765625e-05
01101100001011100001,15.157096483331586,9.765625e-05
10000011100111111111,36.444068956787916,9.765625e-05
00000101100000111010,37.35495024070546,9.765625e-05
01100000111000001000,22.678825613404452,9.765625e-05
01010011101001010110,24.108397224490723,9.765625e-05
10111100110111101011,15.069081805835605,9.765625e-05
11110011110011010101,16.001248535594193,9.765625e-05
00101101001010000000,15.293833432076536,0.0001953125
01010000110001111110,37.691638433477564,9.765625e-05
11100011011111000000,23.976693805527077,9.765625e-05
10100111010111101010,25.191429071849257,9.765625e-05
01000110000111111001,20.276205509671332,9.765625e-05
00110110110000101000,17.09246596796565,9.765625e-05
01101110011100000100,24.68741814077101,9.765625e-05
10111001010010101101,24.363908500475063,9.765625e-05
01011000101011011011,31.15222712769554,9.765625e-05
01110000111100110111,23.50255649453736,9.765625e-05
10100010010010100010,43.302836248273316,9.765625e-05
10011101010100000101,14.295927180018943,9.765625e-05
00010000001110001101,38.321253420769025,9.765625e-05
11010001101101011010,25.627726536317702,9.765625e-05
11100100000111011001,18.0394390200956,9.765625e-05
10110001001101001010,16.959380992168445,9.765625e-05
01110110101000110001,18.473821467522086,9.765625e-05
11101110111011001000,24.517049122138992,9.765625e-05
00010101100011000110,34.843063533628644,9.765625e-05
10001101101101010000,13.704279896250945,9.765625e-05
11110010011000100010,18.832864965889833,0.0001953125
11101011000110101111,35.899635330754876,9.765625e-05
00110100100101010000,10.766027140952888,9.765625e-05
00001010100011010100,41.06862342900738,9.765625e-05
11000110110011011111,20.206428713603945,9.765625e-05
01011001100000111101,25.6243319092214,9.765625e-05
00000001110010101011,50.03682151961793,9.765625e-05
00101010000010011101,50.64689667981055,9.765625e-05
00000000001011111100,59.18245905247421,9.765625e-05
01101011100011011111,24.71027972568899,9.765625e-05
11110001010000000010,12.858600428953785,9.765625e-05
01110010110100001110,15.308662559715936,9.765625e-05
01101001111001101001,22.54267028915328,9.765625e-05
00000101100011101000,36.02286593844671,9.765625e-05
01010100100000101111,38.417093490113515,9.765625e-05
01010011110101001110,17.279748176142533,9.765625e-05
01011011111110100101,16.073880904250004,9.765625e-05
00000010111000000000,35.04921686770634,9.765625e-05
00100010000010010101,41.38622914282054,9.765625e-05
00011111101101110010,17.660715774072266,9.765625e-05
00000001110110101010,50.02087433546255,9.765625e-05
00000111000111110011,20.98891730151075,9.765625e-05
00001111010111001001,15.930923097358638,9.765625e-05
11100111001111011100,17.98800596748974,9.765625e-05
11010011101111010101,18.34691027972181,9.765625e-05
10110110100101111010,19.73620714851063,9.765625e-05
01010001001011001001,34.77844477786815,9.765625e-05
10011101010100000100,15.113802826645092,9.765625e-05
11010100111010100000,22.759845332061374,9.765625e-05
01010100111010011111,39.955606495136394,9.765625e-05
10111001010000101011,22.583484700776474,9.765625e-05
01111111110001010111,19.768811906992816,9.765625e-05
01011010111000010100,17.39227685352617,9.765625e-05
01001001001101010001,20.766315825623746,9.765625e-05
01110111110101111110,16.671212788806272,0.0001953125
10011000011011011001,31.53978900493058,9.765625e-05
11101100010001001101,26.15271973771162,9.765625e-05
01001111101101000101,15.299444331199556,9.765625e-05
00011110111100010100,19.17090183154656,9.765625e-05
11100000010001000101,27.8289818968023,9.765625e-05
10100101110010011010,21.921969962957203,9.765625e-05
00111101100101010100,12.316699370523242,9.765625e-05
10001010000101010111,65.23831150781312,9.765625e-05
11010000100000010100,12.18188720114459,9.765625e-05
01011010111011100100,20.149111204965877,9.765625e-05
00000001100001111111,47.69066183296601,9.765625e-05
00000101001110100000,30.946710275393613,9.765625e-05
11011001011100011000,14.114756523511932,9.765625e-05
01111001100111101011,22.883073746920175,9.765625e-05
10001000100001111011,41.45024961203588,9.765625e-05
00100010101001111111,52.08537961672164,9.765625e-05
11111000110101000000,18.138223458526326,9.765625e-05
10110011011101101101,25.094629064044582,9.765625e-05
11011110001101101000,18.751659627445246,9.765625e-05
00100011010101101100,32.91267251476347,9.765625e-05
01111110011000001111,19.28503944441921,9.765625e-05
11110110111111100000,14.643673720473078,9.765625e-05
11001010010010111111,32.297581493893055,9.765625e-05
11001101110011110101,9.925327402284672,9.765625e-05
00001101101011010001,19.522714263726147,9.765625e-05
01111011101010001000,23.39476389615215,9.765625e-05
11101010010111100010,48.02101839231647,9.765625e-05
00111110110100000001,19.037021276938297,9.765625e-05
10100001010111101010,33.09101966108273,9.765625e-05
00010110100111111101,26.666478353314037,9.765625e-05
10011011100011111111,25.243693384364846,9.765625e-05
01101000000110101000,25.666328120357786,9.765625e-05
11010111011000011010,24.222996539031996,9.765625e-05
00000011011110111000,34.58100557572603,9.765625e-05
10100101101010000000,19.720218117950616,9.765625e-05
00001001100010000110,23.58005812045254,9.765625e-05
10000010000101010010,45.7099696937524,9.765625e-05
01000111000110110100,15.974878027530242,9.765625e-05
00000000100011011001,54.632332119005085,9.765625e-05
11001101001110000001,17.32898115698305,9.765625e-05
11110010111100111010,17.074234328130405,9.765625e-05
11011110111111001010,14.64367372047308,9.765625e-05
01111001111011010011,14.282863375290944,9.765625e-05
11000110010000111010,15.237648998499623,9.765625e-05
01001101111101010000,13.50015991359502,9.765625e-05
00000111110000000110,20.24705125300631,9.765625e-05
10011001010101101101,20.574971207583392,9.765625e-05
10010011001111001101,19.735923796348,9.765625e-05
00011110110000100000,16.086870272891684,9.765625e-05
10010010110111010101,38.778000892304114,9.765625e-05
01011001001000001101,21.8896085604696,9.765625e-05
11011010111110110110,20.926274857558166,9.765625e-05
11111001000100101111,22.44621222909445,9.765625e-05
11000001000100011011,21.569448354798382,9.765625e-05
10001111101101111011,20.21886165294494,9.765625e-05
00100010000100000111,43.40444412060441,9.765625e-05
00010111011010011101,20.13690591732106,9.765625e-05
00111010101101001110,31.12144969967558,9.765625e-05
00010011101011010100,24.60342126700249,9.765625e-05
01001101101111010100,16.297591179930016,9.765625e-05
01000110110000101010,23.88954652044278,9.765625e-05
01111010001000000000,23.332172250220097,9.765625e-05
10001111001000110101,24.638738575302977,9.765625e-05
10111000100110111010,25.074234328130405,9.765625e-05
10011011100110111111,24.84873147236554,9.765625e-05
11110011111111000100,13.326456653547504,9.765625e-05
01000010100101000111,34.61978309351682,9.765625e-05
01100001101101010101,22.38526149392487,9.765625e-05
01000100100001101110,35.871431886679744,9.765625e-05
01011000110101010011,22.449221479082723,9.765625e-05
11110001000101010100,13.7365613068121,9.765625e-05
10101000000011010100,50.220463171517416,9.765625e-05
11111100010010010001,16.17723280687797,9.765625e-05
00001101011011001000,17.62492592977467,9.765625e-05
01110011010111111011,20.12158056055791,9.765625e-05
01010010110100001000,14.25865282322108,9.765625e-05
01000010111101001000,33.766316549204994,9.765625e-05
00101001111111110010,33.438561122548094,9.765625e-05
11011000010001010110,18.325088401858565,9.765625e-05
01000000101101101010,50.91251000576059,9.765625e-05
01001110111101110110,22.595179562710285,9.765625e-05
10100010010100110000,54.993830685135,9.765625e-05
00110110110101111010,20.556754636002157,9.765625e-05
11100110011011101101,25.066352190935277,9.765625e-05
11010011000101110000,16.457806823294803,9.765625e-05
00001100111010111100,36.78207187197936,9.765625e-05
01001110000010110011,15.50137918434794,9.765625e-05
11001101100111100001,13.594234904586536,9.765625e-05
11110000010100000100,10.766381299254355,0.0001953125
11101100111000000010,12.114756523511932,9.765625e-05
11010111010110001000,17.329910698184946,9.765625e-05
10010011101111010101,24.325820259308585,9.765625e-05
00110101001100001011,19.20375342829496,0.0001953125
01001111010010011100,12.142058439615864,9.765625e-05
00111110000001111000,27.018876556376064,9.765625e-05
11011011000011000110,25.20661951930842,9.765625e-05
01110011100111101010,21.955426294984157,9.765625e-05
01011011101101110011,23.492845459704654,9.765625e-05
00010001001000001001,26.91152975366536,9.765625e-05
00000011111001011111,41.488888678112055,9.765625e-05
01110110101010111101,22.606295575210773,9.765625e-05
11100011011100101100,21.31389876398021,9.765625e-05
00101011001000001010,25.647862859864087,9.765625e-05
10111110111010100100,26.83286496588983,9.765625e-05
01110000110000011110,16.347906252307283,9.765625e-05
10010101001011010001,21.954170881342563,9.765625e-05
11000100101110110000,22.073620554108764,9.765625e-05
01110110111111100110,18.946082745233724,9.765625e-05
10010111110001010100,15.183075340218146,9.765625e-05
11011001100110101101,17.917799423391013,9.765625e-05
00011100010111101110,22.022447764516947,9.765625e-05
10011101100100001111,18.071495027193127,9.765625e-05
01111010100001111011,27.202776827783396,9.765625e-05
10000110111111101001,33.50255649453736,9.765625e-05
01111110001001111011,20.899348632525307,9.765625e-05
01101011110101000001,30.72866595200921,9.765625e-05
01110110000011100000,21.72873694365192,9.765625e-05
10011111001000011011,27.6532642939936,9.765625e-05
10110011000011100000,24.00429762390963,9.765625e-05
10010010011100100000,24.178385254013033,9.765625e-05
10101010001011101010,46.17835619590217,9.765625e-05
00110101000011101101,24.46137885298395,9.765625e-05
01000111111111011001,21.970666718915584,9.765625e-05
00101101110110000010,15.701032781248529,0.0001953125
10001001111111000001,32.94053930618261,9.765625e-05
10010011000000000101,18.67445167577405,9.765625e-05
11110000011101101110,18.429734032961957,9.765625e-05
01001101110111111000,20.189710840723524,9.765625e-05
11100111001100000011,27.630324653881644,9.765625e-05
00100101011010111100,29.71925120347601,9.765625e-05
11110101001110011100,23.073974065116367,9.765625e-05
11111100111111000000,9.151418124136658,9.765625e-05
01101110011000010110,21.564135913510377,9.765625e-05
10110000010100010111,31.903326254990496,9.765625e-05
00111001000100101011,19.423265612968073,9.765625e-05
01010001111000001010,35.97614850942584,9.765625e-05
10001001000000000000,19.47662624208997,9.765625e-05
00010100100000001101,27.51174283531713,9.765625e-05
00001010001100111101,48.52869869322455,9.765625e-05
10011011110010010101,25.622654691702564,9.765625e-05
00001111000010010000,14.75165962744525,9.765625e-05
10001100011101010010,27.644107745745764,9.765625e-05
00100001011101110110,38.10461648586532,9.765625e-05
01001011000010001001,18.90531785797465,9.765625e-05
01011001101111111010,33.526440879900264,9.765625e-05
00001111001111101000,13.157096483331586,9.765625e-05
01000100111010101010,47.56903808760434,9.765625e-05
00111101000100010010,15.250603067437087,9.765625e-05
10001000100000000100,29.783298107906877,9.765625e-05
01101100101000111100,16.572865885539407,9.765625e-05
00000011010100001011,29.10744623764642,9.765625e-05
11101100011000001010,16.77893312189236,9.765625e-05
10100011101010100000,23.249851859549338,9.765625e-05
01110010011010000111,15.889613158556765,9.765625e-05
10110110110100101010,17.60670750754719,9.765625e-05
11001110110010101011,16.945398975781693,9.765625e-05
00101010001001011011,48.77166468243149,9.765625e-05
00000111100000000000,15.945769061713468,0.0001953125
00111010110010101001,27.003281887015966,9.765625e-05
10010111000110100110,22.508315618539154,9.765625e-05
10000110101110010111,34.102724296180696,9.765625e-05
01100111010111010000,13.88012562828325,9.765625e-05
11010001111101010010,19.915871836035155,9.765625e-05
00010101011010000010,32.81181127386915,9.765625e-05
01101110010000000111,28.53628254683906,9.765625e-05
01000101101100010000,28.075553648636898,9.765625e-05
01000100100101101010,34.85417684735606,9.765625e-05
00111001110110100000,15.220051239180997,9.765625e-05
00010111011111101110,24.49175403470445,9.765625e-05
10000011000111101010,25.13312871026647,9.765625e-05
01110000111110000000,15.321253420769025,9.765625e-05
11110011011001010110,19.51477788406688,9.765625e-05
01010000101001110000,33.972740664721776,9.765625e-05
01010010010000000100,10.94761941583327,9.765625e-05
00000101100010101010,43.689781837764414,0.0001953125
01111100110111101010,13.576826209499181,9.765625e-05
01000010011010011101,30.850000925572814,9.765625e-05
01010110001110010010,19.666522702601156,9.765625e-05
01110110011000101011,18.154218730679695,9.765625e-05
00111001110100010011,17.68756837372726,9.765625e-05
00010011111111010100,26.62623214143679,9.765625e-05
10111011010010100100,36.096904753612435,9.765625e-05
11111110011100001011,26.35284065225995,9.765625e-05
11111110000100100001,37.29457495392733,9.765625e-05
11100100010001100001,15.471294341600853,9.765625e-05
10110010011011111100,38.09479686813732,9.765625e-05
01001101101011010101,18.297581493893055,9.765625e-05
10110011100100100010,19.95387595507836,9.765625e-05
11110000111101111111,23.131137107282314,9.765625e-05
11110111100110000101,24.469085143555567,9.765625e-05
11001110111101001110,22.471294341600853,9.765625e-05
00001001111101000001,33.09262588695886,9.765625e-05
00110110001101001100,17.643690382524454,9.765625e-05
00111011011110101000,19.04539093619971,9.765625e-05
10000100111111001101,42.40342214211741,9.765625e-05
01100101111111101011,33.64818893944384,9.765625e-05
11011101110001111010,17.346220268676433,9.765625e-05
00000000101000000101,45.15990125789947,9.765625e-05
11101111001000010101,38.27169308785031,9.765625e-05
11111100001010000101,19.813802876853302,9.765625e-05
11110001011100010001,11.962654015105382,9.765625e-05
10101010100111111101,66.05699968956895,9.765625e-05
10000101100000000001,16.534682475429086,9.765625e-05
00100001010010110010,30.007386817156505,9.765625e-05
00001111111110100001,18.76009768833969,9.765625e-05
10101100110100001001,29.11951127263921,9.765625e-05
01011000010110101110,20.051362148090348,9.765625e-05
11111100001010011100,19.537188155707913,9.765625e-05
11111110110000000101,31.455097609156724,9.765625e-05
11011010011100010010,24.1706186648878,9.765625e-05
11110111011011010001,21.81648376730159,9.765625e-05
00001110111011101100,30.293756198840477,9.765625e-05
10011101110000000000,16.42022785419578,9.765625e-05
01111100001010010100,13.293833432076536,9.765625e-05
00100101100110001110,25.918141223461014,9.765625e-05
11001110001111111111,20.699885764998367,9.765625e-05
10111000001011110101,33.52129710208129,9.765625e-05
00101010001100110110,48.900010847571544,9.765625e-05
01011100110100001110,16.231104068850932,9.765625e-05
11100000011100101011,29.157379649990343,9.765625e-05
10011111001110000110,24.177223120841013,9.765625e-05
01101111110000000011,24.000658134148587,9.765625e-05
00011010111000101000,24.175568719839696,9.765625e-05
11010011010000111010,15.508331546169451,9.765625e-05
00011111001011101101,17.194304114478612,9.765625e-05
11100110000010110011,25.129408346525512,9.765625e-05
01001100101011111101,27.35873463091453,9.765625e-05
00100000001101110000,42.62998529120311,9.765625e-05
11001110011110010010,19.491339283582107,9.765625e-05
00001101111111110000,23.76420335290129,9.765625e-05
01110011011111100000,15.116766883752135,9.765625e-05
01000000110011011111,52.2693861794759,9.765625e-05
11011101101010100011,32.68780718030252,9.765625e-05
00010001010000101011,28.896709402977788,9.765625e-05
01101100111011000000,12.670683420335346,9.765625e-05
11001001000010101010,16.871148720020987,9.765625e-05
01101011101111011010,22.197945579841132,9.765625e-05
01100100011010101100,25.554619041655105,9.765625e-05
00000101001100001010,29.81590902085521,9.765625e-05
00010100001100101110,34.80560282262205,9.765625e-05
10111100001010110101,19.871761476194123,9.765625e-05
00010110000100010100,15.346519362965495,9.765625e-05
10010001101001101111,31.20762727313553,9.765625e-05
10100111001101111000,22.42805773536806,9.765625e-05
01110100001010011101,20.654944036031104,9.765625e-05
10101111011110000000,35.09539534018634,9.765625e-05
11101100010111001111,26.108397224490723,9.765625e-05
00000110001010000010,23.693796197048272,9.765625e-05
01110000111011110100,26.0863562172332,9.765625e-05
00001001001111010000,26.026623686300187,9.765625e-05
00010100001111001000,27.89486873489495,9.765625e-05
01001110000010010101,14.991237144022037,9.765625e-05
11010001111100010110,18.423616239698735,9.765625e-05
00111010100101111011,36.57776397873572,9.765625e-05
11010010110100010100,14.231104068850932,9.765625e-05
10101110001100110111,45.31834922210524,9.765625e-05
01111100110000010101,8.603964675039103,9.765625e-05
01110011010000101000,16.858600428953785,9.765625e-05
11010110000010011111,18.583484700776474,9.765625e-05
01101110000111010011,24.5120280863842,9.765625e-05
00100111001010001000,18.995778798208324,9.765625e-05
01010100110010111111,38.39373494165073,9.765625e-05
10101011001101010110,50.46537466215181,9.765625e-05
01010011110100101010,22.01593125652507,9.765625e-05
11101011100000101100,29.332172250220097,9.765625e-05
01111111011010110101,20.651333996615207,9.765625e-05
01000010100011111011,38.95462365303149,9.765625e-05
01001110111101000010,18.741288679162725,9.765625e-05
01110001101101001110,21.631930694253896,9.765625e-05
01000000001100110010,35.74851622461989,9.765625e-05
11011010011101001000,23.720218117950616,9.765625e-05
11110011011111000011,20.34488316989338,9.765625e-05
00100010001011111100,46.02931498636668,9.765625e-05
11111001101111010010,17.202776827783403,9.765625e-05
00000000110100101111,66.62615655170693,9.765625e-05
10001111011111101001,19.561543313958538,9.765625e-05
00010101010100111001,23.16336615305724,9.765625e-05
01001100111001000000,14.76387561897553,0.0001953125
00101010011110111111,60.145097139949286,9.765625e-05
00000110101011010100,30.56088871138076,9.765625e-05
10110011010010100110,24.1312338105593,9.765625e-05
00110111011111101100,16.585202844775008,9.765625e-05
01001100111100101111,27.745394343724328,9.765625e-05
11000001011110010000,20.193777456030226,9.765625e-05
00110111011001101010,18.97949441207011,9.765625e-05
00011111100101000100,15.073351622906277,9.765625e-05
11000111111010101001,20.731549946254454,9.765625e-05
10110001011000001100,15.211588211913162,9.765625e-05
01010111110011010100,17.468069406661908,9.765625e-05
10011001110001111011,22.405216795770748,9.765625e-05
00111111000000001101,31.120218952788093,9.765625e-05
11110110011101101010,17.710521231446982,9.765625e-05
11010110101101001011,18.19997622124037,9.765625e-05
10101001101111101000,26.374636524221653,9.765625e-05
01000110000010111101,19.97014712360881,9.765625e-05
11110011011111100110,18.559458430095162,9.765625e-05
11111001111111100001,14.197945579841129,9.765625e-05
10111110011010001110,31.684177278201766,9.765625e-05
01000100011011111111,42.611378047424,9.765625e-05
10100000000100110001,40.900946543239584,9.765625e-05
10011000101001110100,28.043758715261866,9.765625e-05
10010010000011110101,32.4936905736762,9.765625e-05
01011110101000110101,18.99877209893011,9.765625e-05
11101110000111100000,35.433139353147354,9.765625e-05
11011000010000000000,10.677929690572562,9.765625e-05
11111001100000010101,21.602105369303416,0.0001953125
01001101111000011111,22.297591179930013,9.765625e-05
11010010010010101010,14.451155308031929,9.765625e-05
00111100010010101101,18.48628782888939,9.765625e-05
01101000111001000001,25.160138410128734,9.765625e-05
11111110111110100100,19.631561517407242,9.765625e-05
10001101101011010100,16.428347143620165,9.765625e-05
10111101010100101000,20.804378442283145,0.0001953125
10000110101110011101,30.103700896692256,9.765625e-05
00010001101001111100,41.79891851053743,9.765625e-05
11101111001101000011,35.7181815075891,9.765625e-05
00001001101100010101,32.17871026707643,9.765625e-05
00100100001100010100,22.237036242326486,9.765625e-05
00001101011001010110,16.454033060683816,9.765625e-05
00011000010001010100,28.786287778681178,9.765625e-05
01101111000100011010,26.9633118549867,9.765625e-05
10100111001100101010,24.457806823294806,0.0001953125
01101011100010001011,24.728569139559184,9.765625e-05
01010000001010100000,29.359088789215996,0.0001953125
11110001010100000000,10.554436953438248,9.765625e-05
11100010111010100101,29.341366840670688,9.765625e-05
10011111100011110010,21.87646676644829,9.765625e-05
00101111100001111110,22.55688964327316,9.765625e-05
11100110001010000001,24.234524407581514,9.765625e-05
11100100000111000000,15.897743777524296,9.765625e-05
10001101100111111100,16.74128867916273,9.765625e-05
11110010010000101010,18.849166308346675,0.0001953125
11001010100011011011,31.021542155648092,9.765625e-05
11001010110011011100,31.311978152638762,9.765625e-05
01011000101100111010,26.903756835819575,9.765625e-05
00001000110100010100,47.84073534347951,9.765625e-05
00011001100010111101,29.849095316703966,9.765625e-05
01001111101100100110,19.92916582781782,9.765625e-05
10111001100000101000,20.20135851249499,9.765625e-05
01010010111011000001,22.740693738684513,0.0001953125
11010100110110111010,19.98924554103788,9.765625e-05
10101000110000001000,37.735373167738544,9.765625e-05
00110110101011100000,19.82018093313056,9.765625e-05
11110101000101010100,15.937032848091093,9.765625e-05
01010010110001011101,22.1026212312975,9.765625e-05
01010011111000111101,23.849095316703963,9.765625e-05
11100010011010101100,27.091807197363018,9.765625e-05
00011100000111010011,12.71331206482586,9.765625e-05
00110101010011011100,19.125220665136816,9.765625e-05
11100100001100111001,15.570376143730703,9.765625e-05
01011101001100011111,23.12485148829017,9.765625e-05
01101100111001010100,12.611789038199284,9.765625e-05
00000001100000011010,35.48379183464752,9.765625e-05
10010010111010001000,22.033101879458226,9.765625e-05
10101100100001010000,24.280690298907796,9.765625e-05
10010011000001010100,20.1849319359313,9.765625e-05
10000111011000000010,21.58389934313543,9.765625e-05
10000110111010100000,26.110973074863992,9.765625e-05
11111101001101010000,22.83670618857272,9.765625e-05
01010001110000011111,29.320347811900174,9.765625e-05
00001111101100001010,18.63246712627609,9.765625e-05
10100100110011100111,32.555736189085955,9.765625e-05
11011101101111110111,18.197210495927383,9.765625e-05
11000101011000100101,17.095645622896164,9.765625e-05
00000000100111111011,71.36328617827783,9.765625e-05
01010001000100000101,17.91152975366536,9.765625e-05
01000111001110000110,21.719241517439055,9.765625e-05
11001001110111001000,18.292808743566983,9.765625e-05
01100111111111110110,18.770522987849738,9.765625e-05
01010110011111110001,16.42419360904045,9.765625e-05
00011011010101101101,22.331369645685793,9.765625e-05
11111101011010111101,19.623737154247067,9.765625e-05
10001011100101001000,28.201293762445633,9.765625e-05
10100011111110011101,38.583343451912114,9.765625e-05
01100000010000110100,23.094078435435122,9.765625e-05
10111000000101010101,43.02464185648019,9.765625e-05
11100100000101011100,15.66041532979596,9.765625e-05
10110101100110111111,21.52128741604434,9.765625e-05
11010010000100101000,13.343709070385506,9.765625e-05
11001100100100010100,10.50825057422253,9.765625e-05
10101011110111001011,45.39355474149849,9.765625e-05
00100101011010010101,22.73711275737948,9.765625e-05
10100101000001010100,17.15745064163305,9.765625e-05
10101011001101011100,49.83290129428237,9.765625e-05
00001111101011111101,19.801120830535325,9.765625e-05
00101111101100001000,20.142058439615866,9.765625e-05
01100101101110011101,26.472365180334947,9.765625e-05
00111101111011010101,12.346910279721806,9.765625e-05
00110111010100010100,15.461614117148589,9.765625e-05
10111010000010101000,37.31395382799262,9.765625e-05
00111001010100010001,20.247989022242844,9.765625e-05
00000010100101010000,40.851360313182724,9.765625e-05
11010010110111001101,18.750033756864138,9.765625e-05
01000110001011100100,22.202241217719124,0.0001953125
11111100110011111110,12.643673720473082,9.765625e-05
01100110011000100010,19.47344586357821,9.765625e-05
00100011000101000001,27.040653790684928,9.765625e-05
01011001110100010100,13.666328120357786,9.765625e-05
01110011100011011101,17.569701347121093,9.765625e-05
00100010111010111100,48.958112175415216,9.765625e-05
10110100010010000000,14.914998816847984,9.765625e-05
11010110010101100000,11.898703715984482,9.765625e-05
11001001010001101101,16.75267091284316,9.765625e-05
11100101101001011001,14.97678271124138,9.765625e-05
11011010110111101010,19.7828605619032,9.765625e-05
11100110011011101000,21.60670750754719,9.765625e-05
00101101000010000110,17.137317849657478,9.765625e-05
01111011110101111010,21.202776827783396,9.765625e-05
01110011111011111001,20.353359327641776,9.765625e-05
11100101011101010101,12.585726793610512,9.765625e-05
10100010111011000001,47.092876256795876,9.765625e-05
10011111001001001011,24.83566910400367,9.765625e-05
10101000100000010101,44.98403688821432,9.765625e-05
11011011001110101111,20.586336839761106,9.765625e-05
11110001001110010010,19.07108309485671,9.765625e-05
00100011010001111011,35.444139948430625,9.765625e-05
01100111110101111010,17.87820428252074,9.765625e-05
00100010101101101010,43.4940315143699,9.765625e-05
00110000011000110000,22.055486537431996,9.765625e-05
10011110110111101010,17.845930865822506,0.0001953125
00100001101010100000,28.26614967043538,9.765625e-05
10100010110110010101,59.40161510324438,9.765625e-05
01110110000110001000,17.064476663302024,9.765625e-05
01000001100101111111,41.801403997194086,9.765625e-05
11001010001101001010,32.58389934313543,9.765625e-05
00100100110111010000,29.859386234600688,9.765625e-05
00001010101100110110,46.16527772565559,9.765625e-05
00110010111011110000,30.555736189085955,9.765625e-05
11000010111001011111,36.149426521152506,9.765625e-05
11011001010001001101,14.583911651658067,9.765625e-05
01001101101011000000,21.444706260111957,9.765625e-05
01110011010100111001,17.5998305996605,9.765625e-05
11111100010101011001,16.49139527831582,9.765625e-05
01001110101010100001,18.34807333281877,9.765625e-05
01101001001101111011,25.138858601902992,9.765625e-05
01000010001011000011,30.06628119929257,9.765625e-05
10101110000100011001,49.65270100753339,9.765625e-05
00100111111001010001,17.314418359286975,9.765625e-05
01111000010100110000,14.329264323641809,9.765625e-05
11011011110111111010,16.848731472365536,9.765625e-05
01010001100101111010,37.8243568549138,9.765625e-05
00101101110101010000,16.206965880047207,9.765625e-05
10110011110011111011,23.72358277785093,9.765625e-05
10110111001100111100,23.62093654770403,9.765625e-05
01010100100011101101,38.84814161983713,9.765625e-05
11001110101001010100,19.48762681573706,9.765625e-05
00010011110010010101,20.538494367370035,9.765625e-05
01001000010111001010,31.558078418800772,9.765625e-05
11000010110001111110,29.80238683929899,9.765625e-05
10110111010000011111,25.93380167155879,9.765625e-05
10101011001001011110,43.99592723022715,9.765625e-05
00011100111010111000,25.788347783298363,9.765625e-05
01000101111011111111,47.65712585194771,9.765625e-05
00100111100100000010,16.371796879263538,9.765625e-05
10011100000011110100,17.480692133815424,9.765625e-05
10101100101010000100,22.575709062068327,9.765625e-05
11101101001111000011,19.584486485641307,9.765625e-05
11111011010011100101,32.85241884298452,9.765625e-05
01101011101111110101,25.89262612561972,9.765625e-05
01100010011010101000,24.536400619427624,9.765625e-05
00111100100001000000,12.000950986844302,9.765625e-05
11110110001110101111,21.368000300135037,9.765625e-05
01001001010101111011,28.277432687159976,9.765625e-05
10001001100110101011,28.329826488934472,9.765625e-05
11101101011011010101,16.86702088623573,9.765625e-05
00001101101000110000,20.29883055717791,9.765625e-05
01010001101111010110,38.97284560682978,9.765625e-05
11100010000111101011,37.07882407031468,9.765625e-05
11001110100100111100,17.138566178521266,9.765625e-05
11110101010100010100,13.270055643167627,9.765625e-05
11001110000110111111,19.913763939763676,9.765625e-05
01010100111111010110,34.28112994011615,9.765625e-05
11100110000010000001,26.121984156096303,9.765625e-05
10111011101111101111,26.10714903142198,9.765625e-05
01010010101001101110,33.134086585997984,9.765625e-05
11101101011101010100,16.45314337944528,9.765625e-05
00001101000110100101,16.566638062218395,9.765625e-05
11011011100001110110,22.570058400948977,9.765625e-05
11000011001001011011,21.356475876029123,9.765625e-05
10110000001010100010,21.495049961286107,9.765625e-05
11110000011101100010,14.737112757379482,9.765625e-05
11100010011000111110,30.623371236340148,9.765625e-05
00001010111100101101,53.08117245449564,9.765625e-05
11010011010111011011,16.707456215501235,9.765625e-05
11010111011001000100,18.96081137142106,9.765625e-05
00100111111111110110,26.055857994987196,9.765625e-05
10101011101010100000,29.631561517407242,9.765625e-05
11011101110110001010,20.66196313434327,9.765625e-05
00001110100000111101,27.309192750144785,9.765625e-05
01100101001111100101,22.331679640204015,9.765625e-05
00111011001111011001,24.570183743819214,9.765625e-05
10100010001101011011,55.30315846418698,9.765625e-05
01111000111100111001,18.02662368630019,9.765625e-05
00001111100101110100,16.640002081184164,9.765625e-05
11110110111101101010,14.64367372047308,9.765625e-05
00110010000101000011,25.983142853447045,9.765625e-05
11010101110100101011,24.049566857982953,9.765625e-05
10110010001000100010,26.832864965889833,9.765625e-05
01010100011011111010,37.01310150474397,9.765625e-05
00000110101011010101,32.57497305822964,9.765625e-05
00010101111011011100,39.366105302460845,9.765625e-05
11110011011110000000,17.730593539365067,9.765625e-05
00100000110101011001,56.0905134142364,9.765625e-05
00001111010111010000,15.111332751177558,9.765625e-05
00010111111101100101,19.84706467530473,9.765625e-05
11111000010010101000,16.46944472190212,0.0001953125
00010000101101010100,41.44111811728864,9.765625e-05
10011111010111000011,19.483405908212642,9.765625e-05
01011100101000001001,23.085358149443046,9.765625e-05
01101011101010100000,19.916896524544704,9.765625e-05
00101110000111010010,30.402593777324434,9.765625e-05
01110010110010001010,13.752192254855911,9.765625e-05
10011000010101001000,27.09360872906376,9.765625e-05
11010000110010101000,16.876105016566232,9.765625e-05
00011111110110010110,15.490042132299262,9.765625e-05
00001010000111111000,43.04579309537197,9.765625e-05
10001100100000101000,16.055155282775246,9.765625e-05
10011011000011111100,24.583484700776467,9.765625e-05
11101110110011100000,27.80717904882618,9.765625e-05
01111010110111101001,25.07280123885524,9.765625e-05
10001101111111101000,18.693610577260607,9.765625e-05
11110101111011011111,18.62618341698475,9.765625e-05
10010101110011111100,24.49410250601261,9.765625e-05
11011110110110101010,12.942588683201704,9.765625e-05
00011011000101110101,23.926061762617174,9.765625e-05
11100111010001010001,24.02076875690051,9.765625e-05
10010100011011001000,21.183980949087,9.765625e-05
11100110011111000000,23.917799423391013,9.765625e-05
11001011101101010111,27.561543313958538,9.765625e-05
01010110101111001010,28.69307965241069,9.765625e-05
00111001011000111110,19.645597776258132,9.765625e-05
11001101000110100111,15.876486138522207,9.765625e-05
11001001011101000111,21.97659617152878,9.765625e-05
00011100101000011110,26.00972904687132,9.765625e-05
11000110010000000000,13.828808760201333,9.765625e-05
11111011101111111111,23.563550229755133,9.765625e-05
10101010110011011110,63.395896971213304,9.765625e-05
00100100001011110111,34.4633058259316,9.765625e-05
01110100011111110000,14.931886480262433,9.765625e-05
11111000010000101011,17.445261242250147,9.765625e-05
10110110100101010111,24.02338906532429,9.765625e-05
01011000110100000001,14.155783110151175,9.765625e-05
11100101000001010001,15.681147747464106,9.765625e-05
10100010001110111001,48.74031281307224,9.765625e-05
00101010101100101101,47.914991840833565,9.765625e-05
00011011100000010010,21.50833154616945,9.765625e-05
10000000101111100101,55.667789652925954,9.765625e-05
00001100010101000000,20.540586227247825,9.765625e-05
11001001000010101011,19.821273081712015,9.765625e-05
01011010000000111011,21.871761476194123,9.765625e-05
00100100100010101011,32.77145774195665,9.765625e-05
10101011000111111011,48.45679836752264,9.765625e-05
01110111110110101110,22.771445345897156,9.765625e-05
00100110011011111110,37.108563385077275,9.765625e-05
11111000000001111110,23.445261242250147,9.765625e-05
01010101000001101001,36.20857572462134,9.765625e-05
00111010001011111000,30.19997622124037,9.765625e-05
01100111010111011111,16.98775124412399,9.765625e-05
10101110001111001100,41.82347414968968,9.765625e-05
10100001111101100011,32.95462365303148,9.765625e-05
00111010001011101110,29.4058365279583,9.765625e-05
01010001110010100100,29.222307284043865,9.765625e-05
11011001110011010110,14.358274697707321,9.765625e-05
00011101100110101111,26.771664682431496,9.765625e-05
01011100100011101001,24.313882836349904,9.765625e-05
00100011000001011011,28.65018127684906,9.765625e-05
10110011000110110111,29.370800906678067,9.765625e-05
10001010011000001111,50.8538421482557,9.765625e-05
11001110011111111000,17.551291151049455,9.765625e-05
00011100101010100111,26.192535292472403,9.765625e-05
11011111110111100010,18.14078274481524,9.765625e-05
01110111101101010111,16.441354633063852,9.765625e-05
11110100110001110000,7.0275968423681405,9.765625e-05
00000100011101111110,51.24743124295492,9.765625e-05
00010010100101000100,26.347906252307283,9.765625e-05
11101101110110100010,16.103761467876947,9.765625e-05
11010011110110101101,12.113966277209101,9.765625e-05
00111010010011000100,36.19392477182387,9.765625e-05
00111001010010000010,13.734299754776952,9.765625e-05
00000000000111111101,64.08393839778851,9.765625e-05
10100001111100000001,26.42451216253063,9.765625e-05
10010000111011101101,42.44586403975525,9.765625e-05
01111011111000111111,18.781954953034347,9.765625e-05
10110100001011100000,18.128536258059647,0.0001953125
00111110000111010100,26.083729754343274,9.765625e-05
01000100100011011100,30.491275257113998,9.765625e-05
10001001110010101001,26.071433721587372,9.765625e-05
00010101100100101011,36.8912043658877,9.765625e-05
10110000100000001100,17.53146442937736,9.765625e-05
00110000011100011111,34.086356217233195,9.765625e-05
01000110001111111110,28.587512397680946,9.765625e-05
00000011000001100110,23.161705597589773,9.765625e-05
00001000101111101000,48.11662998841651,0.0001953125
00100100100111111100,37.47774683396443,9.765625e-05
11101011101010001000,26.04765946424928,9.765625e-05
00000110000010000010,20.229079669045042,9.765625e-05
11001111101011101000,17.331818091918628,9.765625e-05
00001100111010110111,36.75760961167336,9.765625e-05
00110100111111000001,17.094725876494614,9.765625e-05
01111000101100010000,11.770151530294534,9.765625e-05
10100011010010110110,36.35205311597966,9.765625e-05
00000011110101001100,29.124616860579575,9.765625e-05
10010011110010111101,20.60156467128934,9.765625e-05
01001101101110101001,30.788064616639605,9.765625e-05
11010101100111101010,34.01502564765623,9.765625e-05
00010001100000101010,36.729081328789235,9.765625e-05
10000100101011110100,34.62998529120311,9.765625e-05
11110111100011010010,27.910822258610686,9.765625e-05
00000010011111100101,59.55388303781641,9.765625e-05
10111111111001111110,24.450862455336207,9.765625e-05
11110101110110011111,15.466661207472761,9.765625e-05
01110000111001101110,26.20829499535405,9.765625e-05
00101110000010000010,25.993665678192002,0.0001953125
11011011000000000110,29.884415111695105,9.765625e-05
11011000100100111010,15.309192750144787,9.765625e-05
10000010100101010011,48.96733777258995,9.765625e-05
11110001010101000000,10.784175393085924,9.765625e-05
00100000010101000100,45.74810781301447,9.765625e-05
01010110010000010101,10.603964675039101,9.765625e-05
11110111110001001011,20.83930859376472,9.765625e-05
00111111011000001010,22.193524463297855,9.765625e-05
11111000010000101010,15.917873125056266,0.0001953125
01000111100011010001,16.947868327667976,9.765625e-05
11001110100111111011,17.991808271770402,9.765625e-05
10010001001100001111,24.098019093053725,9.765625e-05
10001000110110001101,49.16425655787703,9.765625e-05
00000111111110011100,27.23816931738764,9.765625e-05
11000011010111010000,17.839417802274244,9.765625e-05
10110010001000001010,25.294720403292537,9.765625e-05
11000010111011100000,26.293756198840473,9.765625e-05
01001010011101100010,31.62274080026713,9.765625e-05
00111101011100011011,12.250516148164076,9.765625e-05
11110111111110100111,20.12462964887335,9.765625e-05
11010001101101010111,23.129653405490497,9.765625e-05
10001010110110111010,48.17779841661424,9.765625e-05
01000110100001101101,23.62492592977467,9.765625e-05
01001101000110001011,22.229513047023865,9.765625e-05
10100010100111011010,47.20762727313552,9.765625e-05
11000011000000100001,17.409248726191095,9.765625e-05
10100011100000001101,26.44334136532977,9.765625e-05
00100000011010011111,54.01289185424659,9.765625e-05
11000111000100010100,13.801535265754218,9.765625e-05
10101111101110101010,23.604798655811194,9.765625e-05
00111100101110011100,17.166725909763315,9.765625e-05
01100010010000110000,25.244610322776843,9.765625e-05
01001110011101000100,18.372211521622496,9.765625e-05
10101010101101010010,57.82537530183001,9.765625e-05
01100001001010101000,26.69074875223902,9.765625e-05
11101110111101001010,27.47224532844515,9.765625e-05
11110000000000000000,11.470746335477081,9.765625e-05
01001111101001000011,19.93667868978962,9.765625e-05
01110101001010111011,39.72175895732334,9.765625e-05
10101011011101010111,61.042551498381656,9.765625e-05
00101110000111001110,32.50850197274788,9.765625e-05
11001110111101111011,21.63406014538427,9.765625e-05
01001101011001001110,15.825333455425364,9.765625e-05
00001000101001011001,45.79424809067349,9.765625e-05
10000010010100111110,52.172193759084564,9.765625e-05
11010011101100100001,19.61053624704338,9.765625e-05
11110100010010000110,14.784175393085924,9.765625e-05
00001101000010101001,20.54095214515474,9.765625e-05
00101001010001111111,37.356347110351464,9.765625e-05
01010010010100010001,14.202241217719124,9.765625e-05
01001010110111001101,37.95465279826955,9.765625e-05
00101001001010101010,22.293746512803523,9.765625e-05
01001111111100000001,16.614316164120517,9.765625e-05
01100111000101101010,21.535870614502645,0.0001953125
10010001001111110010,29.77631835311687,9.765625e-05
01000011000100010100,13.346519362965495,9.765625e-05
11110100111111100100,13.107446237646423,9.765625e-05
10101000100101010101,56.727153741433376,9.765625e-05
01010111001101111001,23.694579565303705,9.765625e-05
10110100100001000000,11.20225443532689,9.765625e-05
01110000001101010101,18.22876183913612,9.765625e-05
10111001100001010101,25.599056280987977,9.765625e-05
00011000000000001010,19.988710018100807,0.0001953125
01110010110011111110,24.04599028926121,9.765625e-05
00100000001010010111,42.91952027741209,9.765625e-05
01101001110000010001,18.91690621058166,9.765625e-05
01110001101111111000,31.178886200827144,9.765625e-05
11001001101011000000,15.825333455425364,9.765625e-05
00101101010100010101,22.161208389486532,9.765625e-05
01000110111100010000,18.090881835025797,9.765625e-05
11100111001111100001,23.5844864856413,9.765625e-05
01000001110101111100,35.08336654645889,9.765625e-05
01111010010110111000,23.472245328445148,9.765625e-05
10100010001101110011,56.841303026784274,9.765625e-05
10010010100011111100,30.06725779980413,9.765625e-05
10110101010000010101,16.870185337117185,9.765625e-05
11110101111011000101,16.461378852983948,9.765625e-05
10110011001000011111,26.912717892738918,9.765625e-05
01010000110010100000,27.072735335162335,9.765625e-05
00011010101010100000,21.408269328529798,9.765625e-05
10001101000101000000,13.716816514839895,9.765625e-05
10001001010111011110,37.65997153135912,9.765625e-05
11111111000000011001,50.43987601922183,9.765625e-05
10011010110110111111,37.86502928325157,9.765625e-05
00110100010000001010,14.608573789297294,9.765625e-05
11001110000100011110,23.412370607086665,9.765625e-05
00100001101101011000,30.699179629978985,9.765625e-05
10111101010010101010,22.86236097395701,9.765625e-05
01101101101111011000,16.660622395226028,9.765625e-05
00000011110101010010,33.37085307557371,9.765625e-05
11011100001000011101,14.227361525046508,9.765625e-05
11100110110000100000,18.778933121892358,9.765625e-05
01010110100001010001,15.677319007967919,9.765625e-05
00110100011011101100,26.98130562980781,9.765625e-05
01111010001110101100,21.51800281900583,9.765625e-05
10011101110011111100,17.00745780879921,9.765625e-05
10000111000011010100,16.241141259594222,9.765625e-05
11000001110010101010,24.26614967043538,9.765625e-05
00011110000001111111,22.51764866070436,9.765625e-05
00010100100101111111,37.801403997194086,9.765625e-05
11100101101010000101,20.598892830423967,9.765625e-05
00110101010101111001,15.465534581145015,9.765625e-05
10011101101011010000,19.207929350078203,9.765625e-05
11011011000010101101,22.333671977609228,9.765625e-05
01001010010011110101,33.5339464715904,9.765625e-05
00110011000000001010,17.57785860844421,9.765625e-05
11110011001010010101,23.377505412384856,9.765625e-05
00010001011011110001,34.88437182892432,9.765625e-05
01010101011011001001,34.6201463014012,9.765625e-05
10100000111010010100,42.88859282357594,9.765625e-05
10010110110001010101,20.183004348575444,9.765625e-05
11001010101000101100,22.393542138708586,9.765625e-05
11010100111101001100,15.91057876682106,9.765625e-05
00010010001101110101,37.07883022478083,9.765625e-05
00011101101101110100,18.768237171386257,9.765625e-05
01110100111010001000,21.949966243635245,9.765625e-05
10110001000101000010,15.867866011047095,9.765625e-05
00111010101010111111,30.72381804201557,9.765625e-05
10011010100011010000,31.151418124136658,9.765625e-05
10111011110110100110,28.331640601788934,9.765625e-05
11101001010001001010,23.638127571399423,9.765625e-05
01110110110100001011,11.699731902094634,9.765625e-05
10111100000111111100,23.395726544634883,9.765625e-05
11011011010111111011,20.108328306416503,9.765625e-05
10100111000001010101,29.126728484765557,9.765625e-05
00111011011010101110,19.110201564181025,9.765625e-05
00100001110111001110,37.84992808328386,9.765625e-05
00001100000010000111,20.914991840833565,9.765625e-05
00101010011001001110,50.792618754012594,9.765625e-05
10001111011111010000,22.559761154331703,9.765625e-05
11011110110111010000,13.821273081712011,9.765625e-05
01100110000101111100,21.96362437402359,9.765625e-05
01011110000110101000,16.140201843902716,9.765625e-05
00011000011010000000,18.03727780124147,9.765625e-05
00001000110011010110,51.13347933699713,9.765625e-05
00000110011011110000,30.4044921214752,9.765625e-05
10111110110000010000,34.80066598527792,9.765625e-05
10001110001010100100,25.658528647283617,9.765625e-05
10011010001111111111,39.6090767225527,9.765625e-05
01010100110000100010,28.759845332061374,9.765625e-05
01110111110101011100,11.963209731664634,9.765625e-05
01010100001111101000,34.775798757810094,9.765625e-05
00001111101100111100,20.049543660070974,9.765625e-05
00101000111100101111,50.9569658827463,9.765625e-05
10101001011010101000,26.649722165599776,9.765625e-05
11110011010111101000,17.960331979012743,9.765625e-05
10000111000101110000,15.664798317009271,9.765625e-05
01000100000100001000,18.65721527410321,9.765625e-05
01100011001010101001,23.622654691702564,9.765625e-05
00000010100111010100,47.691638433477564,9.765625e-05
11111010001111001010,31.21156539539565,9.765625e-05
10100111010110001010,25.96345385990831,9.765625e-05
10100110010111111101,45.30315846418698,9.765625e-05
10000110000010000000,19.51174283531713,9.765625e-05
11111001000000111111,24.000658134148587,9.765625e-05
01010011101100000101,19.960746621371698,9.765625e-05
01101111001111111011,19.031889476704656,9.765625e-05
10101100000111000100,32.776765672284704,9.765625e-05
11100111011010010000,21.576935308835665,9.765625e-05
01100001011100001011,24.31156622030235,9.765625e-05
00000111110101110000,20.03134834862827,9.765625e-05
00001111100000101001,19.69931463724999,9.765625e-05
01100110110100010001,16.733425924881328,9.765625e-05
00001100011011100111,30.84687552394626,9.765625e-05
10011101001011110110,19.67701711652911,9.765625e-05
11000011010111101010,19.13312871026647,9.765625e-05
11101011110010100100,26.584850329979727,9.765625e-05
01011011010011110101,14.912610572703667,9.765625e-05
11011110110101111100,14.63246712627609,9.765625e-05
11001110010011110110,20.95204424945122,9.765625e-05
01011101001101110100,17.243324647672004,9.765625e-05
11100101011110101000,20.388158705777872,9.765625e-05
10011110110000100000,19.847292756314896,9.765625e-05
10011101001010011001,21.724101187038137,9.765625e-05
01001011111100011110,22.315742142085593,9.765625e-05
01001101110101111000,17.50015991359502,9.765625e-05
11001001100011010011,20.090239286320728,9.765625e-05
11010101010101010100,9.134812169378648,9.765625e-05
11110010001110000000,20.09341695480995,9.765625e-05
00010111001101111011,22.483453909083433,9.765625e-05
01010010100100011010,21.166725909763315,9.765625e-05
01100011001100101000,20.737530931309248,9.765625e-05
01101010101010010011,26.426306816183974,9.765625e-05
10110100100000010101,13.805268123521692,9.765625e-05
11000001110011100111,25.491763720741407,9.765625e-05
11010001111111100100,21.901370049677578,9.765625e-05
11010000001010101110,26.821543765184078,9.765625e-05
10100011100010000100,23.92151261481731,9.765625e-05
01100100000110100111,23.165749309251755,9.765625e-05
01010011101010100101,29.10467852589214,9.765625e-05
10100101101101010100,14.962663701142338,9.765625e-05
11001000011010100000,16.46408962350102,9.765625e-05
01011101101010100001,38.134675372010044,9.765625e-05
00110100001100010110,15.229796213682624,9.765625e-05
01001111110000011101,15.6315712034442,9.765625e-05
01100001000010100010,22.13724685801477,9.765625e-05
01110001011111011110,20.859747788139057,9.765625e-05
10001001000101111001,30.699468314649845,9.765625e-05
00000111110111111001,26.55864954654914,9.765625e-05
11111000100011110100,19.332656240715572,9.765625e-05
00000010100111011010,48.947062790188895,9.765625e-05
11000101010111010010,15.406967714954837,9.765625e-05
10111010101010101000,27.518002819005826,9.765625e-05
11110011000111101011,23.763913198978642,9.765625e-05
00111010000101111110,41.75627872200765,9.765625e-05
10101100001101110101,32.373759249882426,9.765625e-05
01010000111011001001,38.5509918604167,9.765625e-05
10110001010101100110,18.43906436510462,9.765625e-05
01010011001010000110,23.238244782162287,9.765625e-05
00110100010110110111,22.021471164005387,9.765625e-05
00000101101000100000,34.115155972661654,9.765625e-05
01110111100000110101,25.844216253394784,9.765625e-05
10101101110100000000,21.30076187240482,9.765625e-05
01000100100100001011,30.224142744573708,9.765625e-05
11110100010100000100,8.917260368883131,9.765625e-05
01011110101110000110,18.247989022242844,9.765625e-05
11110010110000001100,14.298494813197388,9.765625e-05
00001011011111100001,30.27607329955007,9.765625e-05
11110010011111000000,21.91362350160777,9.765625e-05
00100100001111101100,34.60383590936145,9.765625e-05
00111010110110011001,33.84401098890213,9.765625e-05
00001011010100111001,35.03134834862827,0.0001953125
10111101000001001000,27.861812967833238,9.765625e-05
11000011010011111110,17.13312871026647,9.765625e-05
01111011100010001101,24.337311467370277,9.765625e-05
00001110011100100000,22.984928348754096,9.765625e-05
00101010101011110100,45.27368118089984,9.765625e-05
01010100101000110101,32.931714078082535,9.765625e-05
00111111111111100001,12.062513041820884,9.765625e-05
11101001101010101000,18.44560218294385,9.765625e-05
10101000100011111011,44.37365368211675,9.765625e-05
11011011111010010101,17.423265612968073,9.765625e-05
01111000110100000100,12.212895332660406,9.765625e-05
10001101100000111100,16.685470887073983,9.765625e-05
10000010110110111011,53.377759346678346,9.765625e-05
11100111000100001110,25.517113872188347,9.765625e-05
10011101010111010100,14.229786527645667,9.765625e-05
10010011011100100000,16.815561838568154,9.765625e-05
01010001101101111101,40.03186251305014,9.765625e-05
10100111000111011011,25.67587968793923,9.765625e-05
00000111110001000000,13.803353753773594,9.765625e-05
01011000000011011011,23.13312871026647,9.765625e-05
01000101100101101011,37.13921900179781,9.765625e-05
01101001010011100011,20.317167433388416,9.765625e-05
11011001011010110101,13.46527776257458,9.765625e-05
10111010110001100000,40.767549037565686,9.765625e-05
11111110000111110111,30.308870839338205,9.765625e-05
01110001010101111011,20.72381804201557,9.765625e-05
01001100001001010001,11.704279896250945,9.765625e-05
00110111110001011100,14.82958570135954,9.765625e-05
11101110110100010000,33.67769879077647,9.765625e-05
01001101001110001101,20.58389934313543,9.765625e-05
10010001000001101010,20.544591634915786,9.765625e-05
10100001000000000001,22.31108222980687,9.765625e-05
10100010100100111010,42.20439971571089,0.0001953125
00000000100010110111,59.438931208479865,9.765625e-05
01111010100010101101,23.73429975477695,9.765625e-05
01110110111101111100,16.374636524221653,9.765625e-05
01110101000000010100,23.490534742315347,9.765625e-05
10001100010001111101,29.87228523952575,9.765625e-05
11011100110010100010,12.161208389486534,9.765625e-05
10010011001011111100,22.358274697707323,9.765625e-05
01010010110001000001,16.413719388734677,9.765625e-05
10110111111100011111,17.829569039308176,0.0001953125
11110011011101101010,18.183614394726035,9.765625e-05
00110111001100101010,21.664763740886304,9.765625e-05
00100000100100010101,42.65472375299327,9.765625e-05
01001101001111001000,18.58389934313543,9.765625e-05
10110100010101101010,15.640873113930049,9.765625e-05
00000000110110100100,57.689544685535154,9.765625e-05
11011010010110101010,17.677319007967917,9.765625e-05
10111000110100011101,36.81963563702933,9.765625e-05
01110110010001111111,18.06915279747831,9.765625e-05
00001001101000001000,24.670446268106083,9.765625e-05
00011000101011010001,30.849024325061258,9.765625e-05
00011010100011111101,34.38108557214162,9.765625e-05
01101010100000000010,26.465975658719497,9.765625e-05
11001101110000100000,12.533695894613317,9.765625e-05
10101101010011111100,25.39572654463488,9.765625e-05
00011010110101110001,36.679027378802296,9.765625e-05
10010000010101010100,32.044074031448496,9.765625e-05
11010011000100010111,19.221066241653595,9.765625e-05
11001001000000101100,13.301969383552292,9.765625e-05
11011111110110101110,18.508315618539147,9.765625e-05
01101111001111110101,18.1244814023584,9.765625e-05
01001111101000101101,22.741359670805437,9.765625e-05
11011000100010101000,14.741642837464195,9.765625e-05
00010010001111100100,32.14061557717655,9.765625e-05
01000111101011000101,22.020594700374602,9.765625e-05
11011100111101101010,11.677316210818177,9.765625e-05
00110100110100111100,22.279671851991594,9.765625e-05
00001100111010111111,41.77576681542229,9.765625e-05
11001101000110101111,17.26970148486616,0.0001953125
10000011111110001101,32.55671278959752,9.765625e-05
10000100100000101000,20.181238116578914,9.765625e-05
11101011000111110000,39.003526200763524,9.765625e-05
01001000000010101000,21.006269669725654,9.765625e-05
10100011111011011000,29.474521899025483,9.765625e-05
00110011000110101111,21.511728795751445,9.765625e-05
11011000010110010000,13.168091538966571,9.765625e-05
01010001110110101101,34.985414091519154,9.765625e-05
01011100111111101010,24.96733777258995,9.765625e-05
01001001100101010101,22.202478369948384,9.765625e-05
01001101011111110000,13.443410811842966,9.765625e-05
10010111100100001110,19.638127571399423,9.765625e-05
00111000101000111100,26.23391436143092,9.765625e-05
11001001001101010001,20.97043580827967,9.765625e-05
01100011001101110000,21.157096483331586,9.765625e-05
10110111101100010100,20.353746261128798,9.765625e-05
11011111010010111111,20.651333996615204,9.765625e-05
01000000011110000010,36.572821536252285,9.765625e-05
11100110001010000000,23.206268794610743,9.765625e-05
10001001111111000100,31.099878398789414,9.765625e-05
01010001110101111101,31.1471552830804,9.765625e-05
00100111011111000101,20.049919372778234,9.765625e-05
00011011110001010101,23.20571841055971,9.765625e-05
11010110100111000101,13.911766905894622,9.765625e-05
10100010011011101001,50.04526217052205,9.765625e-05
01111000011000010100,11.389466560946182,9.765625e-05
11010111100110110010,26.990873299683606,9.765625e-05
10111001001110000000,20.90531785797465,9.765625e-05
00111110011000001010,19.64786285986409,9.765625e-05
00000111101000000001,20.58389934313543,9.765625e-05
01011110111000010101,13.586709635715417,9.765625e-05
01001000011100001100,27.090619058289455,9.765625e-05
11110001000000010101,16.201348826458037,9.765625e-05
00100010101100111110,47.955353415276825,9.765625e-05
10011011011100010110,30.229513047023865,9.765625e-05
10110011101110100001,20.06915279747831,9.765625e-05
11100011010010111101,24.2210022260253,9.765625e-05
11011110100000010111,23.06936495085818,9.765625e-05
10100011000111110110,38.499703719098676,9.765625e-05
10100111000111010010,25.801088768134655,9.765625e-05
01001110100100000111,19.586709635715415,9.765625e-05
11000101110101011101,12.494458650755378,9.765625e-05
01011100111101011111,18.959766489289336,9.765625e-05
01000110100001000011,20.487241525756232,9.765625e-05
10011101111011010100,17.00745780879921,9.765625e-05
00011111110100110111,17.122570477053905,9.765625e-05
10001010010010101000,37.534682475429086,9.765625e-05
01101110010011000010,22.906505997048214,9.765625e-05
00110110000100101011,17.423265612968073,9.765625e-05
00100010101101001011,44.270337166320196,9.765625e-05
11111010111100000000,26.82444377418682,9.765625e-05
10110110001001001011,22.91271789273892,9.765625e-05
00000111110111010110,24.09196711635622,9.765625e-05
01000110101111011001,25.304650186873378,9.765625e-05
11110100000101010110,12.241141259594222,9.765625e-05
01110111011110101100,21.263949424005983,9.765625e-05
01110001011001001100,13.377360424809634,9.765625e-05
11011001011100101110,13.197201239204414,9.765625e-05
10110011010110010110,28.524449156903255,9.765625e-05
01000101100100000101,23.534682475429086,9.765625e-05
00011110011010100000,13.52369086423771,0.0001953125
10111010110110111011,39.608525271985314,9.765625e-05
10010100100011111000,23.914991840833565,9.765625e-05
01000101100111011110,33.63480771248472,9.765625e-05
01110011101011100101,20.799938845518255,9.765625e-05
11100011001010101000,21.137317849657478,9.765625e-05
11000110101011110001,19.362157679667654,9.765625e-05
01111100001100000100,11.297951579824833,9.765625e-05
11111000011101100010,16.660622395226028,9.765625e-05
11001110101110010001,17.386934249151587,9.765625e-05
00111011001001011101,28.190475374982423,9.765625e-05
00010110000101010110,19.88518153442827,9.765625e-05
11100111101010110110,22.140011136165256,9.765625e-05
10100111111000000101,23.39477284776804,9.765625e-05
11000001101101101010,28.199424683545786,9.765625e-05
00111110110111100000,18.199976221240362,9.765625e-05
10000100101101010110,33.232045282531075,9.765625e-05
11111011010001111100,34.15614631803555,9.765625e-05
01010110011100101101,17.581978731793985,9.765625e-05
10000101000110111001,22.17904330103442,9.765625e-05
10110011101100111011,22.848731472365543,9.765625e-05
00110110010111101111,23.534539670185747,9.765625e-05
01010100000110011101,22.12850961570406,9.765625e-05
10000010110001000001,41.225961232593086,9.765625e-05
11011010011111000010,23.451768064205062,9.765625e-05
01100110101110100000,20.5677133632446,9.765625e-05
11110111010011111011,22.78691061312555,9.765625e-05
01000110111000000000,17.74189591732376,9.765625e-05
11110110110000101011,16.087442211348502,9.765625e-05
11001100110001000000,10.298198418091047,0.0001953125
10100000001101010101,50.77291123199405,9.765625e-05
01000000101111000000,40.98582873387811,9.765625e-05
10101111101010111110,25.604798655811194,9.765625e-05
01100001011001101011,26.733268090252984,9.765625e-05
11111010010111001010,35.27834889074125,9.765625e-05
10101101001011010101,22.86702088623573,9.765625e-05
01001010101001111101,34.341428059149244,9.765625e-05
00011100110111100000,16.44930215676239,9.765625e-05
01010100011101100010,25.314833736067,9.765625e-05
00111101110001000100,12.720209166334726,9.765625e-05
01110101110011001111,25.215604459261638,9.765625e-05
11111110010100001011,32.05906228419582,9.765625e-05
11110111010010110100,26.062774741201054,9.765625e-05
00011010010000111111,34.004303043954714,9.765625e-05
00101000001111100000,36.22793337637613,9.765625e-05
11011100000101010000,10.74442304324499,9.765625e-05
01000111100000001101,20.62780721399737,9.765625e-05
01010101001011110000,40.89222281280391,9.765625e-05
10011011001101011100,28.25452498943583,9.765625e-05
01100001000101011000,19.50075122412575,9.765625e-05
00100110000000100010,23.827491218996066,9.765625e-05
11001001011001000110,14.331669659899797,9.765625e-05
10101000000100100111,47.657263362101205,9.765625e-05
01110010011000101010,16.45115530803193,9.765625e-05
11000101101001001011,26.694574047291603,9.765625e-05
00001100100000001000,19.692679049617418,9.765625e-05
10001000101101110010,42.6240299306554,9.765625e-05
11110010000011111000,23.48723881573369,9.765625e-05
10001001010010111110,28.784235877143413,9.765625e-05
11001100010111011100,16.566025306045262,9.765625e-05
10100101001010110100,22.632467126276094,9.765625e-05
10001110110000101110,29.44968400229961,9.765625e-05
10001111100001111111,21.2304508162604,9.765625e-05
10100101100001100000,13.69177344074857,9.765625e-05
11111011001001111011,33.42141806683783,9.765625e-05
11110001010001010001,13.017119395598634,0.0001953125
01001000111111101001,44.70797809076824,9.765625e-05
00110101110001100000,15.9607466213717,9.765625e-05
10101111101110001000,26.234524407581517,9.765625e-05
00100010011111000001,50.020459693103604,9.765625e-05
11100101010101100001,14.942588683201706,9.765625e-05
10010010000100111110,30.471294341600853,9.765625e-05
11000110011000110010,18.15737518769823,9.765625e-05
11010101110111110100,16.982719347009052,9.765625e-05
11011111110001110101,17.968241803443625,9.765625e-05
11000110000110001101,15.897743777524294,9.765625e-05
00111100010101010000,14.15648372715845,9.765625e-05
01001011100001000100,15.894933484944307,9.765625e-05
01010100100010001101,34.054191899871455,9.765625e-05
10111000010010101000,25.11726220379076,9.765625e-05
00100010001010110000,35.22632090890665,9.765625e-05
00001111001001011011,17.096884559990258,9.765625e-05
00001110101010000001,19.47410463418084,9.765625e-05
11100110000100011101,25.70121725823246,9.765625e-05
10001111100110111010,18.607338912212985,9.765625e-05
01111111011010111001,23.25339398794317,9.765625e-05
10110111001100101001,22.287913752627496,9.765625e-05
11110010011011101001,21.18726283610297,9.765625e-05
00011111101010100101,21.799335960885948,9.765625e-05
10111010001010101010,31.288144663263406,9.765625e-05
01101001010011111001,25.68756837372726,9.765625e-05
11010110010010101000,13.711838772652246,9.765625e-05
10100100001101111000,24.707126517223475,9.765625e-05
00000001101001011101,44.001117147430854,9.765625e-05
10001110101011010110,29.787036483686446,9.765625e-05
01101101100111111000,18.72369269914534,9.765625e-05
00000010101011110011,55.16759362891827,9.765625e-05
11110111011111000000,21.377505412384863,9.765625e-05
11101001011001001111,23.27232876930435,9.765625e-05
00000110110101010101,35.61927340222688,9.765625e-05
00111010111111010101,40.86861026455661,9.765625e-05
00010000010010100000,26.87891530914622,9.765625e-05
11111001010101010000,23.15833687842799,9.765625e-05
10010001100110111101,28.560879025343805,9.765625e-05
00101101110100000000,15.346519362965495,9.765625e-05
00111011110010101110,20.110143790146072,9.765625e-05
11101000101011011011,28.556754636002157,9.765625e-05
01101000100000111000,22.967995601631454,9.765625e-05
11001001011111011000,20.625873385048163,9.765625e-05
00111001110010000011,14.585202844775008,9.765625e-05
00001100010010111110,30.178710267076436,9.765625e-05
00100101101110101000,31.36706868536465,9.765625e-05
00011000111111110111,48.24089363225574,9.765625e-05
01001110100100010101,17.62591149274194,9.765625e-05
01001000110000010001,24.474757163190127,9.765625e-05
10110010010101101111,41.92659529911296,9.765625e-05
10010100110010101000,21.674801568083645,9.765625e-05
00110010100111101010,28.04599028926121,9.765625e-05
01010000101001111011,45.93125779645899,9.765625e-05
01010000011001010100,22.490652814903903,9.765625e-05
00001111110011101110,19.022438078479986,9.765625e-05
10110001001100010100,17.75759626321292,9.765625e-05
11010111111011011101,16.304929996215726,9.765625e-05
01110001110100010011,13.7828605619032,9.765625e-05
00111111011011011110,17.883144738562883,9.765625e-05
10001001001001100010,19.875435542078137,9.765625e-05
10010100111110100101,26.688879673339176,9.765625e-05
11100101000111000100,15.819365687978333,9.765625e-05
10001100101111111001,26.676394587191822,9.765625e-05
00100000000110100101,43.55807841880077,9.765625e-05
01100010011111101101,41.58047465087612,9.765625e-05
00100110000101101110,31.0504050067799,9.765625e-05
10100111010000100010,28.363481549593466,9.765625e-05
00110000110011110100,35.64822777071887,9.765625e-05
00100000100011001100,41.09849310324499,9.765625e-05
10101011001000000110,41.651697840953624,9.765625e-05
11111110000101110110,35.209566794760896,9.765625e-05
10010101100111111010,27.533936785553443,9.765625e-05
11001011011001101010,19.569107414104675,9.765625e-05
10000100000000010100,19.362476233157828,9.765625e-05
01100101011110111101,25.896422704748222,9.765625e-05
11110000010100010000,10.741642837464195,9.765625e-05
00101011101001011010,27.310660611433498,9.765625e-05
01001011111110010011,24.13693799056155,9.765625e-05
11110100000110001100,15.964527272869901,9.765625e-05
00100000101001011100,44.1717399803435,9.765625e-05
00001100110111010101,35.44084557822796,9.765625e-05
00110111001110101101,20.002376278147125,9.765625e-05
11011000110111101100,18.12653123032767,9.765625e-05
10000010111111101101,59.73039649206724,9.765625e-05
10111100110110101010,13.67348402687838,9.765625e-05
00001000011100000111,47.08117245449565,9.765625e-05
11100100000101001001,16.25087375090915,9.765625e-05
01111110000101101110,25.020723466052253,9.765625e-05
00011101101101010110,18.51895027427932,9.765625e-05
00001110100000000000,18.854500918858335,0.0001953125
10000110011110110111,40.142964266464595,9.765625e-05
01010001110111101010,40.0204596931036,9.765625e-05
10000011000110100000,21.02759684236814,9.765625e-05
01010110111101100010,24.284062756780447,9.765625e-05
00001110001011111110,26.410109262191575,9.765625e-05
01010110101100100101,23.47039217717561,9.765625e-05
00110111110100001000,12.914651634560926,9.765625e-05
10110110110111010010,21.66266908385877,9.765625e-05
11000000111101011111,46.083938397788515,9.765625e-05
10001101010000010010,18.227977725663248,9.765625e-05
10010000000010100010,23.40354466620171,9.765625e-05
01010000110100111010,33.69581435526081,0.0001953125
00011100110100010101,16.110973074863992,9.765625e-05
10100111010001011110,28.10846197454008,9.765625e-05
00000010001011110101,50.10461648586532,9.765625e-05
11001011101011000101,20.470879699241898,9.765625e-05
11010111010000000100,21.482091381388685,9.765625e-05
00100000001100000101,37.72055905864432,9.765625e-05
00000101100100101110,36.85136655477607,9.765625e-05
10011000111110111000,29.232045282531075,9.765625e-05
11100010001010101000,24.001188139073562,9.765625e-05
00010010111110001101,36.18721745812752,9.765625e-05
10001110111100010110,36.65289557893695,9.765625e-05
11011010010101000010,28.649381224906076,9.765625e-05
01000000100010100000,32.689544685535154,9.765625e-05
01011000110011000001,18.23529156473575,9.765625e-05
01011010111000001010,17.692663121987117,9.765625e-05
01110110100011000011,18.29132068824644,9.765625e-05
11110010111101111010,21.264832129230115,9.765625e-05
10011000111010111100,30.65754028716661,9.765625e-05
10100011001000101010,26.316699370523242,9.765625e-05
01011011000111000001,17.96821067176426,9.765625e-05
01011001111111010000,19.915871836035155,9.765625e-05
00001011011110100111,31.43167703150693,9.765625e-05
01100111000001101010,23.597987221555112,9.765625e-05
10110011010000110110,28.11223844717361,9.765625e-05
11000011010001110100,14.38815870577787,9.765625e-05
00011011101110010101,21.37743713076469,9.765625e-05
01101101000001001100,19.4629219723169,9.765625e-05
00110001011010011100,23.030840327423075,9.765625e-05
10101101110000010000,22.04111278233101,9.765625e-05
11110100011101001000,8.958899711695507,9.765625e-05
11110011010101011110,20.335390121607766,9.765625e-05
00001100100101001100,26.049216867706342,9.765625e-05
11010011100101010101,14.463633429004684,9.765625e-05
01100101100000000101,18.62780721399737,9.765625e-05
10001011010101101010,34.718968036817245,9.765625e-05
01011010001100001010,18.6039646750391,9.765625e-05
01101111100010101001,27.648475616037217,9.765625e-05
11100110011000000010,23.15865470833692,9.765625e-05
11110101000001100110,25.481734513064673,9.765625e-05
01100100101011000111,25.18253464220408,9.765625e-05
11001001010010011101,18.491359673504526,9.765625e-05
10001100110010111101,28.390407774626325,9.765625e-05
01100101001110010100,17.667499303112713,9.765625e-05
11110101010100011110,15.26779409113248,9.765625e-05
01011100101010010101,19.382589653059494,9.765625e-05
01011111011111111110,14.53865176184457,9.765625e-05
00101100100100001100,23.473809707916637,9.765625e-05
10010001111101010010,26.849024325061254,0.0001953125
11100100000001010110,14.983695947520614,9.765625e-05
01101001101101110101,22.25641989998281,9.765625e-05
11100000010111100011,35.15222712769554,9.765625e-05
10110011010111100001,25.509872200038295,9.765625e-05
00010101110110110100,32.111622159429665,9.765625e-05
11010110000101110110,17.871761476194123,9.765625e-05
00000110100101000000,20.23391436143092,9.765625e-05
11011001010111110000,12.972947730151844,9.765625e-05
10100100011101100100,30.65754652875996,9.765625e-05
11001000100000101010,17.144560588323884,9.765625e-05
01101100111111101000,20.203137140551018,9.765625e-05
00011000110111101000,33.941515906694164,9.765625e-05
01110000011000010010,10.670683420335346,9.765625e-05
00101110001010101100,27.13481216937865,9.765625e-05
10111101010010111101,23.22106624165359,9.765625e-05
11011001011101011000,14.760643708022169,9.765625e-05
10101000001110101111,45.27368118089984,9.765625e-05
11010010011100100000,14.132627763452358,9.765625e-05
00100011010111011000,32.65204131700582,9.765625e-05
00001000101001110101,48.7176874712984,9.765625e-05
11100111000000101101,27.324347887059915,9.765625e-05
01101000010111101001,37.65997153135912,9.765625e-05
11100010010010010100,32.28754856914164,9.765625e-05
01011010100101011010,23.88518153442827,9.765625e-05
00110001101111110001,28.74291645944464,9.765625e-05
10000110001010000000,21.26838811168575,9.765625e-05
01110011111111001101,14.842331920737049,9.765625e-05
00111010110010110110,31.555206184160973,9.765625e-05
10001100011011110100,27.31199680113143,9.765625e-05
10111001101000110100,19.7240468574468,9.765625e-05
00101111111111111000,21.093043337307368,9.765625e-05
11101111000101110110,34.23717332316599,9.765625e-05
10010110000000100000,18.45912436450007,9.765625e-05
10011000100111010110,32.864091514015044,9.765625e-05
10101101000110101100,24.248075941515857,9.765625e-05
11111110111101101010,19.02538337833098,9.765625e-05
11011011100111100001,20.331640601788926,9.765625e-05
00010100010000101111,29.758485944451465,9.765625e-05
00011000010100000111,26.258240890884665,9.765625e-05
11111110110100111111,21.936678689789623,9.765625e-05
10101101010000000110,26.778686283626143,9.765625e-05
01111110110001010111,18.533940317124248,9.765625e-05
11110001010000010011,13.95387595507836,9.765625e-05
01111001101110110010,18.667554574265182,9.765625e-05
00100110000100111001,27.819378094877646,9.765625e-05
00110000111001011101,36.285651193540204,9.765625e-05
00010101001111011110,35.178886200827144,9.765625e-05
10110100001011101010,21.820180933130562,9.765625e-05
10100101001011110101,22.090239286320728,9.765625e-05
11100000000111110001,32.28406275678045,9.765625e-05
01110001100111011111,25.03806558208019,9.765625e-05
00110010100101101000,24.91267251476347,9.765625e-05
01001101111001010010,15.833822107200277,9.765625e-05
01100010001111100111,37.21327303180896,9.765625e-05
10000100100011011100,28.685095283130106,9.765625e-05
01001101101101010100,13.60804025280151,9.765625e-05
11010000101001101100,23.782633830131964,9.765625e-05
10110011011011010101,27.955426294984157,9.765625e-05
00100111001011111101,22.317167433388413,0.0001953125
11011100110010111101,10.428347143620169,9.765625e-05
10000110111000001110,30.065164051861718,9.765625e-05
01010001011010110101,29.624903760551014,9.765625e-05
11010100101000101111,29.35126442605582,9.765625e-05
01010000011101010000,22.685426537786856,9.765625e-05
11110011010011010100,19.84779172752753,9.765625e-05
00100111010010001010,19.745733520898987,9.765625e-05
01110001100110001111,24.66784910788546,9.765625e-05
11101100000011110010,17.35465738800975,9.765625e-05
00010101111011111111,50.15810526584701,9.765625e-05
00000000100100101100,49.88649907563353,9.765625e-05
01111010011111101000,22.136905917321062,9.765625e-05
00000001100010001010,38.3670109113297,9.765625e-05
00100000001001110100,41.49918403666471,9.765625e-05
01110001111111111000,28.112038689853243,9.765625e-05
10001011111100011100,36.00972904687132,9.765625e-05
11010111011000100100,23.250944742551866,9.765625e-05
00000011111101110100,40.468400574191456,9.765625e-05
10100110001000101010,27.827491218996073,9.765625e-05
01010110110111000000,13.577802810010738,9.765625e-05
00101100000110111100,27.58510061268955,9.765625e-05
11101101000000010101,26.254721215185384,9.765625e-05
11000100000100111000,11.540523990920763,9.765625e-05
11001001001100010001,19.90839987890687,9.765625e-05
01111010110111101000,23.003281887015966,9.765625e-05
00101110111100111000,31.055502475902117,9.765625e-05
00111100110011111110,22.06628119929257,9.765625e-05
10111100100011110110,19.356475876029123,9.765625e-05
00000110100000011000,20.846579656120923,9.765625e-05
11010001010101111000,13.158583716694206,9.765625e-05
01101011011111101000,24.19997622124037,9.765625e-05
10110111001110001011,22.843974747636793,9.765625e-05
10001100110101000001,24.998368073329416,9.765625e-05
11001011110000100100,17.048596204797484,9.765625e-05
11110001111111100011,17.905878379761127,9.765625e-05
01111001011101100101,12.730328101274035,9.765625e-05
10101000100001010100,45.62904407752297,0.0001953125
11100100101100111100,14.86478839231145,9.765625e-05
01111010011000101010,18.832864965889833,9.765625e-05
01001101101111101100,25.709969693752402,9.765625e-05
00111000001111010100,28.130328103723436,9.765625e-05
10110001010110001011,19.814055047627747,9.765625e-05
10001111100010100010,20.392931456103945,0.0001953125
11111101010001010111,20.89963533075487,9.765625e-05
00000110110011101101,37.10923808331021,9.765625e-05
11110111011011010011,22.78691061312555,9.765625e-05
10100111011111000101,27.91264690109621,9.765625e-05
10110100100100110100,13.770151530294534,9.765625e-05
11100111101101011011,17.798887700156996,9.765625e-05
10010110001000010000,19.484816523157072,9.765625e-05
11010000111100101011,24.688879673339176,9.765625e-05
01100100000111001000,19.288664687884165,9.765625e-05
10110000000001010101,28.806986267520227,9.765625e-05
10000101010011010001,18.631484284171183,9.765625e-05
01110000110110001010,18.98396404592536,9.765625e-05
11101111100101010100,31.085717825756618,9.765625e-05
00110001011010000100,15.830491310228394,9.765625e-05
01010110110010000000,16.138223458526326,9.765625e-05
00011110101001011010,20.73154994625445,9.765625e-05
00001100000011101111,28.08551806843625,9.765625e-05
00100111010100101001,22.55408279513678,9.765625e-05
01100100011111011011,26.615603651002587,9.765625e-05
10101100110101100001,29.628683677628153,9.765625e-05
00011001010100010100,17.75784310147914,9.765625e-05
01001010110000110101,30.7528902493775,9.765625e-05
10100000011010100000,35.309472472359936,9.765625e-05
00000101100010100101,34.775798757810094,9.765625e-05
11001010111101010100,40.01253933945131,9.765625e-05
01000110111101010000,20.150824016456188,9.765625e-05
01100011000100000000,18.201358512494995,9.765625e-05
11011010101111000000,21.332656240715572,9.765625e-05
10001111100001100110,20.47759243298333,9.765625e-05
01010111011111011101,15.28389774983745,9.765625e-05
11101011100100110111,35.85360082800159,9.765625e-05
01111000011011110100,16.737112757379485,9.765625e-05
00000010001111010110,51.69066183296601,9.765625e-05
01011110011111100010,12.452767051920153,9.765625e-05
01010111110001111010,27.398527151177912,9.765625e-05
01101011101000000010,20.270941879962564,9.765625e-05
00111011110010111100,23.911766905894616,9.765625e-05
01110010111111100000,20.003210895373257,9.765625e-05
11100100011100100000,13.52710839497873,9.765625e-05
01100101001101011110,17.45177775024202,9.765625e-05
01100010101111011110,34.856282169400046,9.765625e-05
00110110011010101000,18.718287820572215,9.765625e-05
10011001110101011000,21.001117147430847,9.765625e-05
11111110101010110001,23.614023311424802,9.765625e-05
11101000010010010110,29.954534725680993,9.765625e-05
01001101100101100110,17.18786122102479,9.765625e-05
11011011010110111001,18.315449289389875,9.765625e-05
00000001011111110000,45.92940464518946,0.0001953125
10111100101110111000,14.21445554410703,9.765625e-05
11100000011000010100,20.670446268106083,9.765625e-05
11111101100001111101,21.48574813792746,9.765625e-05
10111101100100000001,19.337789390936464,9.765625e-05
11111010100011100011,29.953756238983615,9.765625e-05
10011111100010101011,23.711529992326223,9.765625e-05
11110101010101010100,10.870185337117189,9.765625e-05
00100011101000011010,23.350706858850312,9.765625e-05
11101110010000001000,39.34506574797287,9.765625e-05
01001110000111111000,14.886167097395534,9.765625e-05
11111001111111110010,13.471804250870667,0.0001953125
00010101011010001000,33.04670847740498,9.765625e-05
01010101101110000111,45.902420646121655,9.765625e-05
10111011101101000111,32.02700470987949,9.765625e-05
01000110000000100101,18.32645403106182,9.765625e-05
11111010111001010000,30.661963134343267,9.765625e-05
10100000000001010011,41.1247528094117,9.765625e-05
00001100100010101010,26.998368073329416,9.765625e-05
10110110011010111000,22.165820300894467,0.0001953125
00101100100010000110,19.536400619427624,9.765625e-05
11001101010000001000,15.718124370008205,9.765625e-05
01110000000000101000,16.963017859443806,9.765625e-05
01001000011000000000,16.362476233157828,9.765625e-05
10100101001010000010,22.25452498943583,9.765625e-05
00001101101001000001,16.29316841988055,9.765625e-05
00111011100001000110,22.81232795201332,9.765625e-05
10001001100111110011,32.15795077773871,9.765625e-05
00010001011010010111,34.620663088718416,9.765625e-05
01001101100101101001,21.608030566764555,9.765625e-05
10000101100000101101,21.574813139236436,9.765625e-05
10100001011111100100,33.403081201423696,9.765625e-05
11011001111101010010,15.212525246728632,9.765625e-05
01110011011111111110,18.797056826874492,9.765625e-05
10101011100101110100,46.84415494778903,9.765625e-05
10110011110001101111,21.370189744302294,9.765625e-05
11010100000100101110,18.14239938030957,9.765625e-05
11011010110110011010,19.007457808799213,9.765625e-05
01011110111101100101,15.000490242928645,9.765625e-05
10111001110100000010,17.996832839096,9.765625e-05
00001010000101001100,44.45528938341053,9.765625e-05
01011101100101110111,20.006561162386074,9.765625e-05
00010110110000000000,14.409531892849856,9.765625e-05
11001110101111111000,15.199108632938096,9.765625e-05
01000101011000111111,34.073399623777064,9.765625e-05
11011010001000001010,23.270055643167627,9.765625e-05
10110010010011111010,35.43657564114443,9.765625e-05
01001110010110011000,13.860728753019165,9.765625e-05
01111000110100000000,10.409531892849856,9.765625e-05
00001101111111000000,19.157379649990343,9.765625e-05
10010011110100010101,20.18300434857544,9.765625e-05
11010001110101101110,18.125561605830526,9.765625e-05
01110110111110000010,13.205718410559713,9.765625e-05
11001100000110101010,13.301615225250824,9.765625e-05
11111111101010010111,32.57134343959977,9.765625e-05
00101101000001011011,18.493870871795455,9.765625e-05
11011001100000110001,18.01723120495766,9.765625e-05
10100000010001010100,47.6719850339103,9.765625e-05
10011111001011101111,21.134092191137288,9.765625e-05
10110011010101001011,25.842886043498943,9.765625e-05
10011010111011101011,30.727186761177357,9.765625e-05
00110000011010100000,22.22787560234118,9.765625e-05
01011110010110000001,9.508331546169455,9.765625e-05
11100101010001010101,12.516139981699329,0.0001953125
00011111101101110111,17.492845459704654,9.765625e-05
10101100000010000100,29.727548804578362,9.765625e-05
01011011110000000010,17.461614117148592,9.765625e-05
00111010110011111000,33.555807180728664,9.765625e-05
01100110000011011101,20.081371302730894,9.765625e-05
11101110000100001111,40.80161697212221,9.765625e-05
10110110110111000011,19.64343221471509,9.765625e-05
01101101110100001111,17.332656240715576,9.765625e-05
00001001011001111101,36.94366118707818,9.765625e-05
01111000100000010110,13.757596263212921,9.765625e-05
11101011101011100001,28.450862455336214,9.765625e-05
00110111011110110101,16.84873147236554,9.765625e-05
11101111010111010111,34.12385625012577,9.765625e-05
11110111000101011000,26.35570945329595,9.765625e-05
00000101101111010010,37.31346113084933,9.765625e-05
01110001000001000000,15.182180151807323,9.765625e-05
11011100110110101001,8.428347143620169,9.765625e-05
11001011101110101101,20.3107280715054,9.765625e-05
01100001111011111100,31.10923808331021,9.765625e-05
10100110000101000100,37.395178538511104,9.765625e-05
00001001101101110100,32.830292472832966,9.765625e-05
11110001010100000111,11.867866011047095,9.765625e-05
00001000001011111011,48.014042718424115,9.765625e-05
10110011000010001111,25.337143663277537,9.765625e-05
11000001101010100101,26.44277940717717,9.765625e-05
10101010011000110010,57.17097834120137,9.765625e-05
11010011010010100000,13.461614117148592,9.765625e-05
11101100011010010100,17.44873030543277,9.765625e-05
10110001000001010110,19.86786601104709,9.765625e-05
01111000111100101110,16.051362148090348,9.765625e-05
11110000010000010100,10.963017859443806,9.765625e-05
01100011011000001011,19.624511287415714,9.765625e-05
01010100101011000011,39.43763312647572,9.765625e-05
10011000111010111000,26.43335497260701,9.765625e-05
10001000101100011111,48.62998529120311,9.765625e-05
00111001011000101100,16.99302972410689,9.765625e-05
10101011000000001011,47.212693872369634,9.765625e-05
01001101101000000011,25.031425581864333,9.765625e-05
10011100001111111100,18.45403306068382,9.765625e-05
10100111001100000000,25.050543458494516,9.765625e-05
11000110010110101010,17.430440891562576,9.765625e-05
00100011100000001000,18.010284763430572,9.765625e-05
00010010100111011010,34.520214639536796,9.765625e-05
01000101111001010111,29.470311499495942,9.765625e-05
01001111001100001001,19.32617086440306,9.765625e-05
11011010010010101011,18.360253083083713,9.765625e-05
01011100001010000101,16.733818474304016,9.765625e-05
01111001111111110001,16.679008006728385,9.765625e-05
11110011001101010111,23.74772188657959,9.765625e-05
00100001100010101100,30.476799378690938,9.765625e-05
00010111111110001011,25.741637749514396,9.765625e-05
11111110001100011101,31.085717825756618,9.765625e-05
11110101010000000001,20.666136346103983,9.765625e-05
10100110001010100110,32.28180400189504,9.765625e-05
11010101101101011110,26.694574047291603,9.765625e-05
00010011111010000000,19.287730657358495,9.765625e-05
10100100001011000100,25.138223458526326,9.765625e-05
00001010101110010001,42.04859714635861,9.765625e-05
01110011010011011011,16.86565787951816,9.765625e-05
01010001011010110100,28.442779407177163,9.765625e-05
01110101101101011000,23.797407431968967,9.765625e-05
00000001101000100010,39.55852940039209,9.765625e-05
10001001110011111001,32.44922147908272,9.765625e-05
10100111011111011000,24.563400644092752,9.765625e-05
11010101000010000100,29.880031390060715,9.765625e-05
10110001100001000100,12.729542942920999,9.765625e-05
01101000010010001110,24.139421283636842,9.765625e-05
01011110010101010001,12.121963962474123,9.765625e-05
11100111000100001111,26.333671977609235,9.765625e-05
10010100100011101010,27.9033262549905,9.765625e-05
01001100111001010100,16.164625920227557,9.765625e-05
10011010110110000101,34.1798628013387,9.765625e-05
10011100100101010100,16.00215152197736,9.765625e-05
11000110000101100000,15.487626815737059,9.765625e-05
01110011001010001011,22.599602311510274,9.765625e-05
10001100000101101100,22.61581308352009,9.765625e-05
10011011110000000110,24.363080037715072,0.0001953125
00011010111001100000,26.58435118410304,9.765625e-05
10101110001101110010,41.31834922210524,9.765625e-05
00011011100101000101,19.987166898767857,9.765625e-05
11011110101001111111,19.47661583247177,9.765625e-05
10100011001010000100,27.294720403292537,9.765625e-05
01010110110010111110,26.096091505697867,9.765625e-05
01111101110100000111,13.041684720787828,9.765625e-05
11000110000001100101,17.898703715984485,9.765625e-05
10110100011011111011,22.112976459089783,9.765625e-05
11100011110011111001,22.160661537006312,9.765625e-05
00001101001011111111,24.489120508672908,9.765625e-05
00101101000100110101,19.66479831700927,9.765625e-05
01100111000111111010,20.12145521768768,9.765625e-05
11011111111110110100,15.876486138522203,9.765625e-05
01111011101111011111,19.744672798264155,9.765625e-05
01010011110100000101,12.27644691705265,9.765625e-05
00111111001100011010,21.630324653881644,9.765625e-05
11100110001011110010,23.186787073642133,9.765625e-05
00001100100111101011,31.32604304028653,9.765625e-05
11100100101110010001,14.966950523199486,9.765625e-05
00011110110000101000,17.346519362965495,9.765625e-05
10000001011110010100,34.897124045336746,9.765625e-05
00110100101111110100,26.393734941650727,0.0001953125
01000100110010111111,42.1162180560801,9.765625e-05
01001111100100000101,17.696504344670004,9.765625e-05
10000100001000101010,26.07681715451809,9.765625e-05
00010101011110001001,28.453971842205263,9.765625e-05
11101110110011001110,28.686929796746806,9.765625e-05
11101101101001010010,14.586426469056654,9.765625e-05
11101011011101101000,34.712451528825376,9.765625e-05
10101000010001000101,58.27549593020835,9.765625e-05
00011100101011110001,21.519891487959466,9.765625e-05
01001100101001111010,23.644107745745767,9.765625e-05
01011101111101010100,14.29316841988055,9.765625e-05
00000011101000000000,20.231104068850932,9.765625e-05
01101110011111110001,23.741930798553806,9.765625e-05
10101000000101000000,47.583286586962295,9.765625e-05
11001010111111100001,35.42606613238391,9.765625e-05
11100100001011110011,19.45366297475205,9.765625e-05
00100111001100000100,16.980885654940625,9.765625e-05
11011011001101111110,21.659716786357176,9.765625e-05
00111011100001111110,26.18361439472603,9.765625e-05
01100000110001001100,26.69443530130973,9.765625e-05
01110010011011111101,24.60801371920931,9.765625e-05
10001010111110000111,54.717378680132555,9.765625e-05
10010101111110100000,25.7099696937524,9.765625e-05
10100110100101101010,27.007457808799213,9.765625e-05
01001100100010000011,18.51986212474152,9.765625e-05
01010111001101111100,23.207929350078203,9.765625e-05
10100111010101000100,29.411125722666483,9.765625e-05
10110000010000100000,17.19283000075673,9.765625e-05
00100000001001111101,50.13347933699713,9.765625e-05
00101101111001101100,18.916848436546715,9.765625e-05
11011011010111101110,16.727328744462774,9.765625e-05
01001010100100010010,26.431469024515735,9.765625e-05
00110001110000110011,21.26483212923011,9.765625e-05
01010001110010101010,41.01119411101029,9.765625e-05
11011110011100111111,15.393547656720688,9.765625e-05
00101110011001001111,36.0205947003746,9.765625e-05
00001111110010101010,19.273681180899843,9.765625e-05
01011001111010011101,24.494102506012613,9.765625e-05
00001100110110010001,27.084988710805142,9.765625e-05
11010010011000110110,19.569448354798386,9.765625e-05
11100110100101100010,21.299444331199552,9.765625e-05
01010111000111111110,25.2027768277834,9.765625e-05
10011110001111111101,21.56154331395854,9.765625e-05
01011110010100010110,13.69931463724999,9.765625e-05
11110100000111110110,15.490042132299262,9.765625e-05
01011100111000010101,12.580433724396414,9.765625e-05
10100110000111100110,36.35205311597966,9.765625e-05
10001110100000100010,24.351207696901035,0.0001953125
01001100101010110100,20.305720889812424,9.765625e-05
00011001111110111100,32.68887967333917,9.765625e-05
11001110110111110010,18.77641423484559,9.765625e-05
00111110101100110011,16.016610749188864,9.765625e-05
01100001001011101100,25.287730657358495,9.765625e-05
01001100010001110101,14.835925541179645,9.765625e-05
10001110100101110101,34.373759249882426,9.765625e-05
01111010111000011100,20.046708477404977,9.765625e-05
10101101010011101001,24.154218730679695,9.765625e-05
10111001100010101111,21.606286623594887,0.0001953125
01111000001111100000,15.645597776258134,9.765625e-05
10011110110110100010,17.28032645456937,9.765625e-05
10110001011001010100,18.367961898174002,9.765625e-05
11111001011101111001,18.981648644070006,9.765625e-05
11110001111111111100,17.09101966108273,9.765625e-05
00110000011011101000,30.674880602257122,9.765625e-05
10010101111001010111,23.129653405490494,9.765625e-05
11000010010111111010,33.691680279882206,9.765625e-05
01111000101010001100,17.51794848941449,9.765625e-05
01100000111001001010,29.3670109113297,9.765625e-05
00011101100100000101,15.556594717008956,9.765625e-05
01010010111101000101,24.372564036417774,9.765625e-05
00001001111100011000,34.872697171862164,9.765625e-05
10111101010100101101,20.719312509081767,9.765625e-05
01001011011011110100,15.406967714954837,9.765625e-05
00101001001010101000,22.49135967350453,0.0001953125
10110000000110001110,25.308662559715938,9.765625e-05
10101101110101111000,21.186900548143534,0.0001953125
00111101011111111010,13.892626125619723,9.765625e-05
10100101010000000110,20.000950986844302,9.765625e-05
10001111011100101110,23.264048015757243,9.765625e-05
11000011110001100111,18.92109370646648,9.765625e-05
00011011111011111111,28.176768640154894,9.765625e-05
01001110111001110000,16.6086502118249,9.765625e-05
00001000001111110110,49.98180116782631,9.765625e-05
10110100001110110100,19.474104634180843,9.765625e-05
10111100001000011011,18.535938074574553,9.765625e-05
11011101010001000101,15.754024145986918,9.765625e-05
10100001100001100011,22.84587309178756,9.765625e-05
10011001001010110010,21.297295530084554,9.765625e-05
00000111100101010100,14.962663701142336,9.765625e-05
10100001001010101000,24.24705125300631,9.765625e-05
10101000100101000000,41.62904407752297,9.765625e-05
00110100110100001111,18.18542561246373,9.765625e-05
10100000001011110100,43.80238683929899,0.0001953125
00011001010011101011,22.845699046101473,9.765625e-05
11001100010101000110,16.372211521622496,9.765625e-05
10111010011000101110,39.13419150646979,0.0001953125
00010011010000000011,15.624511287415713,9.765625e-05
10110011110010010001,21.606286623594883,9.765625e-05
11101110011111100000,31.12485148829017,9.765625e-05
01110011101101101110,20.539439112620983,9.765625e-05
00111110010100000001,23.94550629581695,9.765625e-05
11001101110010001000,15.94576906171347,9.765625e-05
01111101111001100100,15.943550090504033,9.765625e-05
11111111011100001010,34.52756226084699,9.765625e-05
00001100110011001010,28.603835909361447,9.765625e-05
10110100011110101101,20.130328103723436,9.765625e-05
11011100010010111111,11.157096483331586,0.0001953125
10001010000110110111,53.569490201203024,9.765625e-05
11001011010011010100,22.661963134343267,9.765625e-05
10011010111101000000,33.416603382979915,9.765625e-05
11100010100101111110,33.849095316703966,9.765625e-05
10111100010000100000,19.663244347155995,9.765625e-05
11111110010110111010,24.228909340433635,9.765625e-05
11011001010111101010,14.783821234784455,9.765625e-05
10101010001011111100,56.6945740472916,9.765625e-05
00001110101101000011,24.755373026011604,9.765625e-05
01001010011010100000,19.341803663093117,9.765625e-05
11010111101000000101,28.242504178774936,9.765625e-05
10111001110001000101,22.505131315812648,9.765625e-05
00100111100100100101,19.99778653596284,9.765625e-05
11111110110001010101,30.703998481861767,9.765625e-05
11001011111100000010,22.05520337077324,9.765625e-05
11110111011001101101,21.545539177316485,9.765625e-05
01101001110101101010,22.374636524221653,9.765625e-05
01101011000010000011,27.387240700849524,9.765625e-05
00010011111101010100,24.120829967488024,9.765625e-05
01110101111010111110,36.46422120796461,9.765625e-05
01011111111011001000,21.839421333845053,9.765625e-05
00010011001011110000,23.021542155648092,9.765625e-05
10010001111111000110,30.101249360500898,9.765625e-05
11011111000000111100,31.588701238699578,9.765625e-05
11101010001101010100,52.95525127031857,9.765625e-05
11001111011111010010,16.791477979355772,9.765625e-05
10010000100010100000,22.23109782725758,9.765625e-05
00011011110000010101,21.698222488668538,9.765625e-05
00000111000111111000,17.406967714954835,9.765625e-05
10100011011110111101,42.306877162785554,9.765625e-05
01111011111101010000,18.154218730679688,9.765625e-05
00100111011110100000,20.232596820225655,9.765625e-05
01111000111000111100,16.233914361430923,9.765625e-05
10100101011110100010,23.276491473479833,9.765625e-05
00100101101000000000,17.991526552274145,9.765625e-05
10111010100101110111,50.05285145502147,9.765625e-05
10000101011011011110,28.86409151401504,9.765625e-05
11001111100001000001,22.919784050360754,9.765625e-05
00111010110010000010,22.912964731005136,9.765625e-05
10001111100001110111,22.43929546124441,9.765625e-05
01110000011010110111,22.508115861218783,9.765625e-05
10010101111100010100,18.910636540856004,9.765625e-05
00101110000101100000,32.65355714668931,9.765625e-05
00010100000000111010,29.17090183154656,9.765625e-05
11110110010011100100,22.199087274422887,9.765625e-05
00100100001001011010,24.14665433626629,9.765625e-05
10110100011010100100,19.692663121987117,9.765625e-05
10101110100101110101,47.355641171675785,9.765625e-05
11101110001001000001,38.52942156658268,9.765625e-05
01001001101000001000,22.62468877754541,9.765625e-05
01100011001000101111,22.887028444104462,9.765625e-05
11101100101100111000,12.61453709445221,9.765625e-05
10010111101001010100,20.071495027193123,9.765625e-05
11011101011000011101,16.894338729969974,9.765625e-05
10001000101101001010,39.49918403666471,9.765625e-05
01110000101011101110,33.69581968776904,9.765625e-05
10111101110110000001,15.95387595507836,9.765625e-05
01011010011101011100,23.716440910896022,9.765625e-05
10110111010010111011,24.33163091575197,9.765625e-05
10000100101110000111,36.090532139016446,9.765625e-05
00011011111011110100,22.211153375932028,9.765625e-05
10001011100101010110,36.731549946254454,9.765625e-05
10100111101100101110,22.229786527645665,9.765625e-05
00110100001110110110,23.607583971177974,9.765625e-05
10011101100110001101,17.693620350424766,9.765625e-05
11101110111110001111,26.888226269214982,9.765625e-05
11011010110111100010,20.67690083403815,9.765625e-05
11111000010100011000,22.093825355575557,9.765625e-05
00000100100001011110,38.32542934255227,9.765625e-05
10001001001011011111,32.31058961979079,9.765625e-05
00111101110010000111,14.447930373092984,9.765625e-05
11100010010100011001,38.97625230873011,9.765625e-05
00010110110110010111,24.091967116356223,9.765625e-05
11111100010011111001,14.867020886235736,9.765625e-05
01111010011100111000,22.54095214515474,9.765625e-05
01111100100001000101,14.093416954809953,9.765625e-05
00010101110101101010,32.690732824608716,9.765625e-05
01010100100110011111,33.63480771248472,9.765625e-05
00001100100001011101,28.020354016574537,9.765625e-05
11000110000110110101,16.886167097395536,9.765625e-05
01011010001100000001,17.898703715984485,9.765625e-05
11010011000100100001,17.78897031263565,9.765625e-05
10100011100011100010,25.19232499468115,9.765625e-05
00010111101001110110,30.174329353431613,9.765625e-05
01010001111001111100,35.79891851053743,9.765625e-05
00100010011100000101,48.75567565187148,9.765625e-05
10011000011111100100,30.27792615655235,9.765625e-05
01001110101011110101,18.76009768833969,9.765625e-05
00001111110000010010,18.327060545641608,9.765625e-05
10010010011011000010,29.18822621900677,9.765625e-05
01111011010010011110,20.27834889074125,9.765625e-05
10000010001101000100,43.48098154206753,9.765625e-05
01001101110000011010,19.714622422876644,9.765625e-05
11100100010000100000,12.854500918858335,9.765625e-05
00111000011010101111,26.23212087226095,9.765625e-05
00111101001010110010,19.05112706942958,9.765625e-05
10011100110001110100,16.880735576466826,9.765625e-05
10011001100100010101,20.760643708022172,9.765625e-05
01110100101000011011,21.257957724225907,9.765625e-05
11100001101000100001,17.092523742000598,9.765625e-05
11110010011010100000,17.518002819005826,9.765625e-05
00011000010101101010,29.238169317387644,9.765625e-05
11010110011110010000,11.480692133815424,9.765625e-05
01010001111100000111,29.73834691088254,9.765625e-05
10011100110011010001,14.717378680132558,9.765625e-05
11011101000111011110,18.77736874242088,9.765625e-05
11011010111110111000,16.74128867916273,9.765625e-05
00001110101101100110,28.260258325515956,9.765625e-05
11111100011100000101,13.293833432076536,9.765625e-05
10111101010001111110,21.53587061450264,9.765625e-05
01100001010000001010,16.608573789297296,9.765625e-05
10101110011000110010,41.22613362397661,9.765625e-05
10110011000000011010,26.885243574455085,9.765625e-05
01000000111000110101,43.24493878028385,9.765625e-05
11110101010100000000,17.332172250220097,0.0001953125
01001001010110100010,18.630598047376246,9.765625e-05
01001001010000101000,16.54436343430242,9.765625e-05
11110101011111110100,14.444284641738587,9.765625e-05
11100111010100010100,23.25094474255185,9.765625e-05
11001001010100011010,19.306382457564798,9.765625e-05
00000001111101000110,44.783153414598914,9.765625e-05
00001011101101110100,30.660957094326385,9.765625e-05
01111010100000111101,26.66196313434327,9.765625e-05
10110011001000000010,24.505512301973575,9.765625e-05
11101001110011110110,17.845930865822506,9.765625e-05
00100011101010001100,21.400177540837287,9.765625e-05
10100101010101000100,18.80053721960026,9.765625e-05
11011110100010011101,18.353746261128798,9.765625e-05
11011110111101111110,15.651276135453053,9.765625e-05
11010111101110011001,23.2188358212978,9.765625e-05
00010010100000010010,24.670683420335344,9.765625e-05
11110111011000101011,28.065575347744087,9.765625e-05
11001100100101111011,14.355602046133498,9.765625e-05
10111101011001000010,18.446212229094446,9.765625e-05
01011110110001011000,14.603964675039101,9.765625e-05
10100010000110101110,45.88195659948932,9.765625e-05
00011010000110011010,25.007457808799217,9.765625e-05
00100111001110110000,19.894536756656947,9.765625e-05
10101100010110100010,27.608030566764555,9.765625e-05
01111111101011001011,27.182943228063905,9.765625e-05
00011010011000000000,20.35400278543197,9.765625e-05
10011110011101111001,21.7982776540064,9.765625e-05
10010110011111001001,16.91169591425191,9.765625e-05
00001110001011011111,27.088318674979284,9.765625e-05
00100000100101010100,43.72055281705097,9.765625e-05
01000011101111011000,25.82862773850083,9.765625e-05
01010110111100001001,16.69547965616045,9.765625e-05
01000101111101010101,25.29033866809945,9.765625e-05
11100100011010001000,16.119365637770123,9.765625e-05
11001010101101111000,30.28912117664776,9.765625e-05
11001101111100000001,13.812160235457437,9.765625e-05
00101010100101101010,45.6277265363177,9.765625e-05
01010101101010011011,56.32101834210827,9.765625e-05
00011100000101010111,15.276491473479837,9.765625e-05
11101111111101010010,24.543463343445666,9.765625e-05
00100010100001111001,44.21626779053305,9.765625e-05
00101101010010111100,22.740341223889235,9.765625e-05
00111111010101000110,21.97956540371282,9.765625e-05
00011011000010100010,17.71434372934982,9.765625e-05
01001001001100010011,21.486364251417,9.765625e-05
00001100101011010000,22.992467765954288,9.765625e-05
00100011000111111011,35.59579866924015,9.765625e-05
11101101101010111100,17.79082961837134,9.765625e-05
10001011010011101111,33.77302148497409,9.765625e-05
01010000110000101100,27.652231290322213,9.765625e-05
00001111110111011010,18.56147929833024,9.765625e-05
10001111101000100010,21.84795080333628,9.765625e-05
00011010111100110110,35.70395582474867,9.765625e-05
00110001001011110001,24.478613698685457,9.765625e-05
00001010110111111000,53.17276561041418,9.765625e-05
11000100111000000010,18.540586227247825,9.765625e-05
10101001001010000000,25.26814127341953,9.765625e-05
10111001000011010011,27.747721886579594,9.765625e-05
11111101010111101101,17.968210671764272,9.765625e-05
11010011011111111000,15.377437130764687,9.765625e-05
10000000101111111010,59.21473965232692,9.765625e-05
10011101111101000110,14.193362813671266,9.765625e-05
01111011100110111101,23.136000308452207,9.765625e-05
00110110010101100011,18.135929316809502,9.765625e-05
00010010010101000000,23.27549593020835,9.765625e-05
11110001101110000100,15.041630391196488,9.765625e-05
01100111100110000001,19.442003423362266,9.765625e-05
11101111010111001110,30.851964204867166,9.765625e-05
11110110011111100000,17.710521231446975,9.765625e-05
10101010000010111101,60.77867035599584,9.765625e-05
10111000000001110101,37.55297024579309,9.765625e-05
01101110100000111110,22.701408385192398,9.765625e-05
11010000101010100000,23.359088789215996,9.765625e-05
11011000000110101010,14.916906210581661,9.765625e-05
11110110010111110110,20.61230872063325,9.765625e-05
00010000100111010010,41.240941502273856,9.765625e-05
00101001110100111111,39.615161496071934,9.765625e-05
11001111100111101010,16.315449289389875,9.765625e-05
00000010000100100100,36.164632161820904,9.765625e-05
10110110011111001000,20.60348601705185,9.765625e-05
01110000111110110000,22.090532139016442,9.765625e-05
10100111000100100000,26.919793736397708,9.765625e-05
10001011101110000001,28.73154994625445,9.765625e-05
00000100111101000001,38.19218809934553,9.765625e-05
10010100100111101110,28.994841236111853,9.765625e-05
01110101101011001110,37.52027667956362,9.765625e-05
11100011011001000010,22.376554425540554,9.765625e-05
01010001001111001100,30.85748163801675,9.765625e-05
01010100100100101101,29.972753147908474,9.765625e-05
01100110000000111110,21.567784354887312,9.765625e-05
10111010110010011010,36.50850197274788,9.765625e-05
11001001101100110001,19.383468630412573,9.765625e-05
01111011000010111000,28.062774741201046,9.765625e-05
10111011100000000101,38.17435578864715,9.765625e-05
11010100111101101000,17.529945329914305,9.765625e-05
01011001101010000101,24.64689667981055,9.765625e-05
01001100100111100000,17.548770266721576,9.765625e-05
00011110111000100010,18.392928658954204,9.765625e-05
10100111111111110000,23.093043337307364,9.765625e-05
10101111001001001000,34.72228789573195,9.765625e-05
00010011101001010101,23.5121434381104,9.765625e-05
11111110100010011110,28.177409475049743,9.765625e-05
01010101001100100000,37.3105556693255,9.765625e-05
10101100100000000000,21.828808760201333,9.765625e-05
11010101110111101111,24.966219068780116,9.765625e-05
11000000101101111110,39.47162279910786,9.765625e-05
11011110011101101010,16.234237709351945,0.0001953125
10100111010100111110,29.610536247043378,9.765625e-05
00101111110110101000,22.16582030089446,9.765625e-05
10111000010001111100,38.811733099071965,9.765625e-05
10100100010001010101,32.041062191450536,9.765625e-05
10110111011100101001,19.221066241653592,9.765625e-05
00000101110110101000,38.10124402799267,9.765625e-05
10011000011010000000,19.19564029333672,9.765625e-05
00001100010100010000,20.326104051625023,9.765625e-05
11110010101010101001,18.355464405127332,9.765625e-05
11101101100101000101,18.270941879962567,9.765625e-05
11111101001101010101,19.623078383644433,9.765625e-05
00000110101111011001,33.38586521135491,9.765625e-05
10010111000111011100,14.867923785082041,9.765625e-05
10101001000101000101,40.16198531980493,9.765625e-05
00000001001001010010,31.157379649990343,9.765625e-05
00101011110100010010,35.850113763620165,9.765625e-05
01011001110011111011,27.58743525157209,0.0001953125
11000101010010110111,19.470038018874142,9.765625e-05
10111100001101001110,19.996832839096005,9.765625e-05
01010110110000110101,16.428347143620165,9.765625e-05
00010101010010000000,23.0009509868443,9.765625e-05
10101110000111100001,44.288861207900986,9.765625e-05
00100000111011100101,56.2693861794759,9.765625e-05
11110010011010100010,18.664994651522218,9.765625e-05
11001111001010000111,24.04647339874421,9.765625e-05
11101110000110101111,33.488558430507446,9.765625e-05
00101000100001010001,39.48757622485659,9.765625e-05
10011110000100011110,27.761431244302464,9.765625e-05
10011100001100011100,16.857311211438326,9.765625e-05
01110010010110110010,18.288015897585748,9.765625e-05
11101100011011111011,17.80584549286341,9.765625e-05
01011010111100101100,20.175568719839696,9.765625e-05
10100000010000000110,37.51174283531713,9.765625e-05
11011010101010010101,21.997786535962845,9.765625e-05
10100011000000000011,33.349966344051666,9.765625e-05
10100100110000010101,25.767328754527846,9.765625e-05
00101100011101111110,33.35873463091453,9.765625e-05
10110010001000111100,31.31389876398021,9.765625e-05
10110000001101110101,32.09890179827786,9.765625e-05
11110110011110011000,14.443305036937225,9.765625e-05
00001010011111101100,51.099936172824364,9.765625e-05
11000110001101101111,23.04449148179701,9.765625e-05
01001101010010111111,19.470038018874142,9.765625e-05
10101011110011110101,48.1359293168095,9.765625e-05
01010000011100111010,32.62998529120311,9.765625e-05
11011111111111000000,17.88805313261401,9.765625e-05
00110010001111111101,37.47067025588458,9.765625e-05
00011110111001000000,16.075210928641965,9.765625e-05
11001101100010101001,20.65355714668932,9.765625e-05
01010111100010010000,30.761986226440655,9.765625e-05
01011011111010010111,17.113047450732488,9.765625e-05
10101000100111010101,56.41008781654917,9.765625e-05
01001011100000101001,22.250886234095844,9.765625e-05
01000100001010100101,31.785537490718372,9.765625e-05
10101100110011111010,27.452102763305422,9.765625e-05
11110001111111110110,16.97935242878469,9.765625e-05
11010001110010111111,25.085450608364347,9.765625e-05
00000111110001010111,22.177023363520643,9.765625e-05
11111011110001110011,29.40032804642461,9.765625e-05
00110110010000101001,17.39477284776804,9.765625e-05
10110000110101000000,20.476799378690938,9.765625e-05
11111101100101010100,19.337789390936464,9.765625e-05
10010011010010010001,18.88702844410446,9.765625e-05
11011010100100101000,18.504881855060745,9.765625e-05
00000111001010110111,27.5825561011357,9.765625e-05
11111001111101010101,15.422478076687783,9.765625e-05
01101110100111011011,21.853356525093858,9.765625e-05
10100011000000100000,28.778686283626143,9.765625e-05
01100100001101011100,18.175568719839696,9.765625e-05
11011100100101000000,10.778933121892361,9.765625e-05
00000000101100010111,60.31326030701261,9.765625e-05
10000111001010000001,20.110391537497417,9.765625e-05
01101011000110101101,29.041684720787824,9.765625e-05
00101011100110101100,29.22883283077882,9.765625e-05
10101000001001000101,46.811733099071965,9.765625e-05
00111101101101110101,11.426364590218924,9.765625e-05
10011111101111110000,16.791477979355772,9.765625e-05
00011110001011110111,19.945022648256575,9.765625e-05
00011110111010100100,19.408269328529798,9.765625e-05
11110111011101010011,19.929075551228397,9.765625e-05
00011110011101111100,22.101850542572457,9.765625e-05
00110101110001011110,19.121449699675573,9.765625e-05
00110100101110110100,25.248894631111696,9.765625e-05
10000111110111011000,16.45176526705532,9.765625e-05
10100000110001100001,39.649593399922125,9.765625e-05
11111001011111011000,18.88702844410446,9.765625e-05
00110000011110101101,35.64822777071886,9.765625e-05
10001010101000011010,38.580433724396414,9.765625e-05
01101110110001111111,26.15516618595318,9.765625e-05
10000010100110110000,37.51268404899727,9.765625e-05
10110101010000011101,17.650666910850724,9.765625e-05
10100100011110100101,33.15737964999034,9.765625e-05
00011001010110111110,26.08551806843625,9.765625e-05
00001000000011111011,45.326043040286535,9.765625e-05
00101010100101000010,44.95889002565855,9.765625e-05
10101101010100001000,27.252187847670807,9.765625e-05
00110000011001110101,33.6130952498614,9.765625e-05
11000111001100010111,19.08060612117813,9.765625e-05
00100100101000010110,24.91709527481293,9.765625e-05
10110101011000010100,17.26814127341953,9.765625e-05
00000000101101010011,61.081173396056776,9.765625e-05
01000101100111110100,29.139228687834766,9.765625e-05
10011010110100011111,41.17051654156573,9.765625e-05
00010100001110110110,36.55626087234253,9.765625e-05
01110001101111011100,24.815024672124892,9.765625e-05
11001100110110111000,12.04793463704511,9.765625e-05
11001110111101001010,20.42834714362017,9.765625e-05
00001010000001000000,33.991526552274145,9.765625e-05
11001111101010100000,21.61623053386861,9.765625e-05
01110001101000110100,21.575455982208762,9.765625e-05
11100100001010100000,17.60421151330532,9.765625e-05
00110111011100000100,13.638127571399423,9.765625e-05
11110011111001111011,17.349710886264845,9.765625e-05
00110100011111101100,26.556712789597515,9.765625e-05
00011100110101001000,16.065164051861718,9.765625e-05
01110010011100010000,13.825333455425366,9.765625e-05
11101000101010111101,26.31574214208559,9.765625e-05
10010110001101110111,25.45366297475205,9.765625e-05
10110010011010001001,26.540415713132546,9.765625e-05
01100100101011101001,31.466151505343007,9.765625e-05
01000100101110001110,43.2262080708593,9.765625e-05
11000111101111101000,18.73154994625445,9.765625e-05
01110000111110110101,26.281129940116152,9.765625e-05
00100100100000101110,29.554619041655105,9.765625e-05
00100001111110000110,33.88022776240169,9.765625e-05
10100000001011110111,50.19612178094972,9.765625e-05
10000110010110101000,23.73406531257023,9.765625e-05
00001111111111110000,18.050157357805233,9.765625e-05
10101110111110110000,36.08309931827026,9.765625e-05
10000101111011110110,33.70110118288156,9.765625e-05
11101011001011000111,34.372728494033936,9.765625e-05
11001100110001011110,14.611789038199284,9.765625e-05
10001101110111111000,18.031348348628274,9.765625e-05
01011000110111111101,31.782176814087357,9.765625e-05
01100100011101001001,20.051362148090348,9.765625e-05
01000110111111100000,27.311958693437653,9.765625e-05
11100000011011110111,36.19612178094972,9.765625e-05
11110100000011110101,15.710521231446982,9.765625e-05
10100110111111000011,34.768615594116056,9.765625e-05
00011110111101000110,20.73711275737948,9.765625e-05
01011001101110000101,22.759436931295767,9.765625e-05
00010110101010100000,27.441818734295914,9.765625e-05
01111101010110110010,15.945115809122935,9.765625e-05
10100000000010110000,33.73406531257023,9.765625e-05
00001101110001010100,16.40009153064939,9.765625e-05
10101010001111101100,57.520819353179164,9.765625e-05
01011010110000000110,17.187809688583194,9.765625e-05
11001011101101111010,22.076822672530188,9.765625e-05
10000011010001011000,24.932240638563904,9.765625e-05
01100010001111111110,37.108563385077275,9.765625e-05
11101101000010101101,25.6830531547565,9.765625e-05
00100000101111111101,65.63509806229796,9.765625e-05
11000001110000111111,23.157379649990343,9.765625e-05
10011010011100000111,39.2579577242259,9.765625e-05
01111101010100011000,18.899722162900687,9.765625e-05
11011000110001011010,16.670683420335344,9.765625e-05
00101110110100010010,32.0994006607271,9.765625e-05
00111101001110110000,14.899368004599218,9.765625e-05
01011110110001001101,16.230689426491978,9.765625e-05
01100000101010101000,32.044074031448496,9.765625e-05
00000010011011010101,54.03682151961793,9.765625e-05
10001010100000100010,34.65852864728362,9.765625e-05
00101000110101010111,59.45206810005526,9.765625e-05
10010100000110110110,23.18498617839544,9.765625e-05
10110011001010111111,27.282934366933652,9.765625e-05
01000101101110111101,45.18971084072352,9.765625e-05
11010100110011111101,18.560879025343805,9.765625e-05
01100011111100001011,22.495547169389347,9.765625e-05
11101110111010100011,23.627732054329805,9.765625e-05
01010101100010101111,55.60864227805752,9.765625e-05
11101101110001010101,15.916896524544704,9.765625e-05
00000001011110100000,38.6729324891838,9.765625e-05
00001101110011100000,17.959847166969,9.765625e-05
00010001110001101101,33.25550068086227,9.765625e-05
10111110011111110001,31.25145391740061,9.765625e-05
10000101110000101000,19.65038093620241,9.765625e-05
00001101110100000000,15.255251220110361,9.765625e-05
10100000101100111100,42.00345313555232,9.765625e-05
11110000000010110000,14.737530931309244,9.765625e-05
01010001010100110010,22.806215578795182,9.765625e-05
00011011000111000000,15.135056297622327,9.765625e-05
01110110001010011101,17.81233690362921,9.765625e-05
00110100111111110111,31.216996116412272,9.765625e-05
00111101001010111100,22.90627155484149,9.765625e-05
10111101111001011100,17.183075340218146,9.765625e-05
11011010011110111011,20.69516110267028,9.765625e-05
01000010110000101101,30.322619049972282,9.765625e-05
00000000101110111111,78.50007465946437,9.765625e-05
01100010000101001010,28.587538832896474,9.765625e-05
10111100010001110101,25.48247429344226,9.765625e-05
10001100110001010101,28.998368073329416,9.765625e-05
10000110100000000000,17.87456625076201,9.765625e-05
00010000110001000001,29.323347168711436,9.765625e-05
01100100001110001111,25.48797933053234,9.765625e-05
11001101000101010100,10.744423043244993,9.765625e-05
00111001100000100000,16.204168805074982,9.765625e-05
10111000001001011110,33.08834782021735,9.765625e-05
00100001001111010100,30.198961218767774,9.765625e-05
10111000000001010100,38.09246596796565,9.765625e-05
10101011111001111101,45.46895211188604,9.765625e-05
11001011001111000010,23.025383378330982,9.765625e-05
10110010000110100011,30.368000300135034,9.765625e-05
11011011110110101111,15.829569039308174,9.765625e-05
01110100101001011101,18.813637782783104,9.765625e-05
01110110110110111010,15.948879613065891,9.765625e-05
11110110110101101000,13.394772847768039,9.765625e-05
10011000111001010100,31.45608496222159,9.765625e-05
11101111001001011010,32.09511217352758,9.765625e-05
10000111110010001000,15.588508457393619,9.765625e-05
01111001101000001110,19.302291686593154,9.765625e-05
10100001001000000000,18.36377440228918,9.765625e-05
00010011010000110101,19.70103278124853,9.765625e-05
01010101111011001111,45.99281412628342,9.765625e-05
00101010100101000100,51.04670847740498,9.765625e-05
00001001000101001100,25.00209374794241,9.765625e-05
11100101000100011111,17.391640262987007,9.765625e-05
10100101010001000000,16.31108222980687,9.765625e-05
01100001011011011110,24.388511220573154,9.765625e-05
00001011001110000110,22.008411505666057,9.765625e-05
10000100111000000010,26.938526235919863,9.765625e-05
00010101111011001010,43.44505877490724,9.765625e-05
01001110101010011100,16.63176026767547,9.765625e-05
10101101100100101000,19.484816523157072,9.765625e-05
11110000010101001010,14.735205363645802,9.765625e-05
00011001110010101011,27.35449124905938,9.765625e-05
00100111001110111010,23.087228305699064,9.765625e-05
11111110010110101110,26.505813469831132,9.765625e-05
11011000111000110010,12.605833677651567,9.765625e-05
00010001000000111100,28.307622852661204,9.765625e-05
00110100101110011100,24.978468694872234,9.765625e-05
01110000011010111100,22.78226373336037,9.765625e-05
01011001100000010101,19.556594717008952,9.765625e-05
00001100111000110101,31.017563106908277,9.765625e-05
11001110110011001101,19.884227837561426,9.765625e-05
01100011110100010001,20.75819029460601,9.765625e-05
10000101101001111011,29.2985227075732,9.765625e-05
00001010100111111000,44.933188093837394,9.765625e-05
00001111101011101000,17.106608088849477,9.765625e-05
01110110001101010011,13.675995225169306,9.765625e-05
00011011111010110001,21.093043337307368,9.765625e-05
01111010110010100000,17.518002819005822,9.765625e-05
01011101100001100101,25.285646693420063,9.765625e-05
01010000110010110010,33.19654339932309,9.765625e-05
01101111100110010010,20.07101117249269,9.765625e-05
00110110101010000010,18.180026251902714,9.765625e-05
10100100000001010101,26.755727184313074,0.0001953125
10100000010101101101,55.71541622238647,9.765625e-05
11100111101111111100,15.986084621727231,9.765625e-05
01001111100110010000,14.764763635071699,9.765625e-05
11011111111001101111,19.801088768134655,9.765625e-05
00110100001111100110,23.35353057617813,9.765625e-05
01000110100111010000,16.46618337144343,9.765625e-05
01100010101011111111,38.436433657859006,9.765625e-05
00110000100001110000,24.11438091956806,9.765625e-05
10100000001110110101,48.933188093837394,9.765625e-05
00011001001011010100,20.055071895073038,9.765625e-05
11000110101100100101,19.30919275014479,9.765625e-05
00110001011010010001,19.07005840634716,9.765625e-05
11111110010111101010,25.89963533075487,9.765625e-05
00001001111000110100,30.682641869713947,9.765625e-05
11100101000101010100,12.18505717003815,0.0001953125
00010001111100010011,35.801403997194086,9.765625e-05
00010010111001010100,35.1428255967701,9.765625e-05
11000010010000110101,27.17090183154656,9.765625e-05
00100100111010100000,30.174881527580247,9.765625e-05
00011110111101100010,18.276205509671332,9.765625e-05
10101010010001000010,66.71471037083799,9.765625e-05
01001011101000101100,18.87993375606242,9.765625e-05
10110101110000010101,13.518002819005824,9.765625e-05
11001110100000101000,17.617733694861535,9.765625e-05
11100111011101000111,22.533940317124248,9.765625e-05
00111111110011011100,19.53951010426369,9.765625e-05
00001100101110010001,24.84822148680834,9.765625e-05
11110110011101011110,18.221002226025295,9.765625e-05
00000010000011111101,48.149426521152506,9.765625e-05
01011011101000100000,23.810051294305786,9.765625e-05
00011110001011111100,20.3107280715054,9.765625e-05
11010100100111101100,21.311978152638765,9.765625e-05
10100010100100110001,46.825378746273614,9.765625e-05
10110101001111110000,17.75914678862259,9.765625e-05
10111100001110010100,20.250886234095844,9.765625e-05
00111001010000111100,22.072400636061978,9.765625e-05
01100001001101011100,20.340480603875754,9.765625e-05
00100110000101110011,30.427068651669803,9.765625e-05
00101100100101101110,26.358689340066277,9.765625e-05
01001100000011111100,17.17090183154656,9.765625e-05
10110011010011101010,22.159611027689444,9.765625e-05
10010100111111100100,28.62580936941987,9.765625e-05
00001010011101011001,57.23672559557204,9.765625e-05
01100010000101111010,33.38532624397423,9.765625e-05
00000000100001001111,53.412768401890375,0.0001953125
10100011011000110000,32.54095214515474,9.765625e-05
10011111100110111101,17.871751790157163,9.765625e-05
00111000100000010101,24.24705125300631,0.0001953125
01000101100110110111,37.24955267813308,9.765625e-05
11011010001010000000,21.270055643167627,9.765625e-05
01010101011010001101,36.09341695480995,9.765625e-05
11111000000111100010,20.360253083083713,9.765625e-05
11110011011100110010,19.87175179015717,9.765625e-05
00101010111011110000,47.47031149949595,9.765625e-05
10110111011110000101,20.91271789273892,9.765625e-05
00011011110011111101,24.353369013678734,9.765625e-05
01011111111000110100,21.060888705982578,9.765625e-05
00111100000111000101,14.35546440512734,9.765625e-05
10101000101111000101,48.61978309351682,9.765625e-05
11010001001100011110,21.135470939981282,9.765625e-05
10110011001100101011,23.13600030845221,9.765625e-05
01010110110101101000,17.62492592977467,9.765625e-05
00010001100011011011,40.46686993804521,9.765625e-05
00110010100000001010,18.660845077827297,9.765625e-05
01111010000000011110,27.95614448312792,9.765625e-05
11110011011001111100,17.135056297622327,9.765625e-05
01100010100010001000,19.687744747631772,9.765625e-05
01011010011100001000,15.38946656094618,9.765625e-05
00101101111101101001,20.118128981384586,9.765625e-05
10010000100100000101,22.00209374794241,9.765625e-05
10000111110001010100,16.491359673504526,9.765625e-05
11011101110100111111,13.594234904586534,9.765625e-05
11001100010111001100,16.231104068850932,9.765625e-05
10001001010101010000,32.60042806465738,9.765625e-05
01111001011111110010,13.471804250870672,9.765625e-05
11100011000111011010,25.533840707524476,9.765625e-05
11010010110100000101,14.183980949087001,9.765625e-05
01001100001111010100,14.150830258049536,9.765625e-05
00101000011101110010,48.20509680114736,9.765625e-05
11111001111111111101,16.570128679806803,9.765625e-05
01001101010111111010,17.362157679667654,9.765625e-05
11001011110010101010,15.962654015105379,9.765625e-05
01010100001110110001,27.282244268761076,9.765625e-05
10100101000100000000,17.058367821654695,9.765625e-05
01011011001111010101,16.703823701754608,9.765625e-05
01000011010100000111,19.64087311393005,9.765625e-05
10100101000001010101,18.516139981699332,9.765625e-05
11010110001110011111,17.986084621727233,9.765625e-05
10100011100101101010,27.066352190935277,9.765625e-05
01100010001001010100,25.868280653406053,9.765625e-05
01100111000111001101,17.481164462672474,9.765625e-05
00111110111101101000,18.48724152575623,9.765625e-05
01110011000100000100,16.079073286508155,9.765625e-05
10110010101100011100,28.78232848340973,9.765625e-05
00100100001011010100,26.008363417668065,9.765625e-05
00111011110000111110,25.045390936199706,9.765625e-05
00010110010011010111,22.537517766858475,9.765625e-05
00101110001001101111,31.514838368124373,9.765625e-05
11100111100110011101,18.004880940577436,9.765625e-05
01110101000101010100,14.584850329979727,9.765625e-05
10111001100000010100,23.955193496283623,9.765625e-05
11101110101011100001,25.871751790157163,9.765625e-05
10111000011011110101,37.05650958243536,9.765625e-05
11000101110000101000,18.206683436969698,9.765625e-05
00110001000101010100,15.919591269054802,9.765625e-05
10110010001011010101,37.98314285344705,9.765625e-05
11000011100000101010,16.44560218294385,9.765625e-05
01100100101110011111,28.924709263894485,9.765625e-05
11001101100110111101,14.664798317009271,9.765625e-05
01011000010100101110,18.175568719839696,9.765625e-05
00011101111000011101,22.62337123634014,9.765625e-05
00101110010010101000,29.55659471700895,9.765625e-05
00001100101100011111,32.94951432638025,9.765625e-05
10010011000000000010,20.12579071552902,0.0001953125
11100000101001000011,22.130328103723436,9.765625e-05
01011111100101000000,23.092585047606356,9.765625e-05
10001101100001110101,14.5963383385659,9.765625e-05
00011110011101000010,15.514848054161327,9.765625e-05
11100110100011000011,22.064392541178748,9.765625e-05
10001110100011111010,23.92532740228467,9.765625e-05
00000101000001111111,30.628673991591196,9.765625e-05
11100001001101011101,21.495049961286107,9.765625e-05
01001111110001011111,15.356475876029121,9.765625e-05
10100100101110110111,32.54455895810691,9.765625e-05
01000101001111110001,30.373801096287067,9.765625e-05
10110000010000000000,16.766381299254355,9.765625e-05
01110101010110111001,22.947868327667976,9.765625e-05
11011111100000110110,30.76587273997179,9.765625e-05
00010011010000111011,23.377437130764687,9.765625e-05
01000110110101000000,16.23391436143092,9.765625e-05
11100001001010100000,18.445602182943855,9.765625e-05
00001110000010001000,17.51174283531713,9.765625e-05
11111100001010010101,17.620936547704027,9.765625e-05
10011100000001010000,15.716816514839895,9.765625e-05
11111110011001011010,28.35284065225995,9.765625e-05
00011011101000100000,19.5036262667551,9.765625e-05
10110101111110000001,14.136905917321059,9.765625e-05
10101000111100000111,49.35868934006628,9.765625e-05
00010010110110101000,28.828021223921045,9.765625e-05
00011100101110000100,19.029794378774998,9.765625e-05
10010010010011110100,33.51568620295827,9.765625e-05
00000001001111101110,48.59311777879187,9.765625e-05
01110011111001111110,18.049919372778234,9.765625e-05
00001010011111101011,52.37549706022214,9.765625e-05
00100000111110101101,61.98068589762026,0.0001953125
11001101001101000011,15.354657388009748,9.765625e-05
11011010011111101011,22.746420185877433,9.765625e-05
01100110011111111110,26.64479431234754,9.765625e-05
00110010011001011110,33.14241095441115,9.765625e-05
00010011100001101010,24.735189436015496,9.765625e-05
01001110101101100111,22.52051393016955,9.765625e-05
11111101110111100010,15.246742472680292,9.765625e-05
10100010101101011000,45.35682723718085,9.765625e-05
00111100011111100011,10.404956739896775,9.765625e-05
11110111010100000100,26.073510475383124,9.765625e-05
10011001001010000000,18.204168805074982,9.765625e-05
00111101001100101111,16.200994668156575,9.765625e-05
11101011101110001111,28.45766566155766,9.765625e-05
11011011110111111110,16.317167433388413,9.765625e-05
11000010010000011000,18.89372941824044,9.765625e-05
00010000101100110100,42.44624847035979,9.765625e-05
00010000100010101001,39.84719063299283,9.765625e-05
00001010101000110101,43.31199680113143,9.765625e-05
00000000101001010110,55.18245905247421,9.765625e-05
00101001101001101101,28.192344366755066,9.765625e-05
01000101111101010010,29.031348348628274,9.765625e-05
00010111111100101001,22.982719347009052,9.765625e-05
00111101110001010100,13.183075340218146,9.765625e-05
00000111010100000000,13.346519362965495,9.765625e-05
00000010001111011010,48.695328721259145,9.765625e-05
00100010111111001011,53.98003245952586,9.765625e-05
00000100010100011111,40.012526856264614,9.765625e-05
11111001001101110000,19.800217724548958,9.765625e-05
10100101101011110111,24.223718623317858,9.765625e-05
10010111110000010100,17.26814127341953,9.765625e-05
01111101010000011000,23.382660644702213,9.765625e-05
00100100110011011110,37.6042265318505,9.765625e-05
10100110101011010110,31.469196240129712,9.765625e-05
00010001110110100010,35.50160279767052,9.765625e-05
00101101100000000000,15.900011571152795,9.765625e-05
00001010101011111110,47.62578646577515,9.765625e-05
10111111110001000000,33.547563577122375,9.765625e-05
01000000000000101110,31.3364662445919,9.765625e-05
00001110101100111001,26.14487489750182,0.0001953125
01111001101111000001,16.94712065135104,9.765625e-05
00100011010101001110,31.631930694253896,9.765625e-05
00111001111110100000,14.930932783395594,9.765625e-05
00110011010001111111,25.045084680392357,0.0001953125
01100011011010101010,20.442543408591458,9.765625e-05
10001101010101000000,15.60421151330532,9.765625e-05
00100000101110111111,62.49113774696051,9.765625e-05
10011110110011101000,17.332656240715572,9.765625e-05
01010000110010101000,32.31980251579894,9.765625e-05
00101000000100110101,46.94671027539361,9.765625e-05
00001110101111010101,29.017826167072055,9.765625e-05
11100110000011110110,25.46746841009422,9.765625e-05
01001001100000001000,20.136129710583916,9.765625e-05
01011001111111111000,27.691680279882206,9.765625e-05
10110011010010101001,21.960331979012743,9.765625e-05
11001101000100010101,13.953267688228998,9.765625e-05
00000001101010000001,38.512320928240094,9.765625e-05
01001100000101010000,10.15676867311844,9.765625e-05
10111010100111010110,46.85560567022969,9.765625e-05
10011001000100111111,22.972947730151844,9.765625e-05
11100101010101010100,11.470392177175615,9.765625e-05
10110110101110010110,22.627558732224966,9.765625e-05
01010110010010010111,14.958478093322135,9.765625e-05
01111001111110101000,18.01593125652507,9.765625e-05
10001100100111111000,22.107876818475503,9.765625e-05
11101010011011100001,43.67320086021962,9.765625e-05
11110110011001011100,18.61524570532241,9.765625e-05
00011010101111100000,26.027172426845027,9.765625e-05
11110011111010110111,17.65984212922741,9.765625e-05
10111011101001111110,29.498476541610035,9.765625e-05
11001000101000111011,24.24616773707373,9.765625e-05
10100110001111000000,29.917799423391013,9.765625e-05
00001111101100010110,18.640002081184164,9.765625e-05
10111100011110010000,17.230814660598824,9.765625e-05
00101100111111000100,27.558078418800772,9.765625e-05
10110111011011111100,22.002376278147118,9.765625e-05
11100101011111011000,15.768490251245824,9.765625e-05
10101010010100001010,64.52348388593484,9.765625e-05
00101101111111110010,18.157950777738716,9.765625e-05
01011001010100000101,11.741481274964805,9.765625e-05
01010000111010000000,28.319802515798944,9.765625e-05
11100101100101010100,8.832874651926787,9.765625e-05
00000011000011001010,21.09665346385047,9.765625e-05
10110010010110110101,41.550238128010285,9.765625e-05
10001010000111110011,54.33740329024718,9.765625e-05
01110111000011011111,22.907837920344612,9.765625e-05
00000101001000011110,31.81590902085521,9.765625e-05
01101101110000010111,13.02539306436794,9.765625e-05
01111001011111101110,15.389513739859053,9.765625e-05
11011111001111111101,17.354638015935837,9.765625e-05
00111110101111011100,20.358274697707323,9.765625e-05
10110110110101001100,21.53485634645112,9.765625e-05
10110101011110011000,17.87637059045231,9.765625e-05
01110100110001011000,12.43768716179979,9.765625e-05
01100110000011010000,16.443305036937225,9.765625e-05
01110010010101101010,21.00328188701597,9.765625e-05
00100011001101000010,23.066352190935277,9.765625e-05
00001111111001110100,18.773562095860957,9.765625e-05
10101100010011111101,38.39194309598694,9.765625e-05
00001111101010100000,17.74320304891082,9.765625e-05
11000110000111100010,18.945398975781696,9.765625e-05
00100011001101100101,30.4936905736762,9.765625e-05
10100111001011100000,23.22106624165359,9.765625e-05
00011110110110111101,20.329826488934472,9.765625e-05
00011001101110011101,30.560879025343805,9.765625e-05
10110100100000000001,10.469444721902121,9.765625e-05
00000000110010000010,46.044074031448496,9.765625e-05
10111000011111111101,42.289499599377564,9.765625e-05
01101111000111010111,20.97579371467033,9.765625e-05
10100110010111111000,37.65065442766403,9.765625e-05
11111101001110011100,24.466351262663373,9.765625e-05
01010000111000000000,22.26968972526071,9.765625e-05
00100101011110100001,24.931886480262435,9.765625e-05
11110000011101101000,14.607613116416038,9.765625e-05
00101001000111001000,26.798275667565107,9.765625e-05
10000010111110101111,57.379563675528836,9.765625e-05
00010001101001110111,42.83956876965156,9.765625e-05
00000000011100000111,55.78451904380217,9.765625e-05
01101100100011011111,18.921093706466483,9.765625e-05
10111110010101011110,43.83385228112667,9.765625e-05
11111001101011100010,18.202829094646063,9.765625e-05
00001001100010101010,29.487576224856586,0.0001953125
10101001000001010101,40.09148936745409,9.765625e-05
10101000110001101101,51.34694557942603,9.765625e-05
01010100100000111101,31.42118155106262,9.765625e-05
10010100011000110101,20.31886402298116,9.765625e-05
11100011011111101000,23.066352190935277,9.765625e-05
01011000111001011101,26.560172166743182,9.765625e-05
11011011001100010011,27.614023311424802,9.765625e-05
10010111011101111110,19.802983667841822,9.765625e-05
11111000011101010100,24.272743411663313,9.765625e-05
00010011101010010101,25.555807180728664,9.765625e-05
00000000111000000000,41.88649907563353,9.765625e-05
01100111001000111001,23.55096269354245,9.765625e-05
01011110001010110111,17.411740465280914,9.765625e-05
10110011000010111010,25.96821067176426,9.765625e-05
11001111100111110111,15.349614172191488,9.765625e-05
01111010111101101110,23.901028374562806,9.765625e-05
10011010000001001010,33.02348567063426,9.765625e-05
01100000011101101011,40.28112994011615,9.765625e-05
01000110010101010000,14.283494349894436,9.765625e-05
01011101010110111000,20.170618664887797,9.765625e-05
11100111010001110000,22.04648308478116,9.765625e-05
01000101000100010001,18.04861140884654,9.765625e-05
10100011001010100000,26.31669937052324,0.00048828125
11101011011101010110,40.46537466215181,9.765625e-05
11011111100111110101,17.354638015935834,9.765625e-05
00010011110000010000,15.803353753773594,9.765625e-05
10101110100011111100,37.472245328445155,9.765625e-05
00111000111011011100,33.09570247700617,9.765625e-05
00011111001110101111,17.869815251185422,9.765625e-05
10101101100101111000,18.503625532334034,9.765625e-05
01100011101111100000,21.576826209499178,9.765625e-05
01011000100100000000,14.272506259434047,9.765625e-05
00010110101101001110,27.465197808476166,0.0001953125
11111000111000000000,10.545012518868093,9.765625e-05
11000110101011100100,20.202241217719124,9.765625e-05
10000011001000111010,25.899651171257975,9.765625e-05
11110010010000010010,22.379776650456964,9.765625e-05
11100011000101010000,28.080980680241836,9.765625e-05
11101111001101001011,33.38043749462809,9.765625e-05
11111011011111111000,26.269624338757296,9.765625e-05
11000101001100001111,22.58389934313543,9.765625e-05
11010111011100000000,19.75862095172247,9.765625e-05
01111111111100010110,16.669494644807735,9.765625e-05
01010001011001011101,24.462926570404058,9.765625e-05
01100111000101011110,15.988005967489743,9.765625e-05
11101011011010001011,31.87669569064292,9.765625e-05
11001010111011101010,26.67724177473186,9.765625e-05
10100001110010111100,30.051310615648752,9.765625e-05
01001100101001000110,18.56602530604526,9.765625e-05
11010111100010101001,30.460714749873084,9.765625e-05
11111001010001010100,22.139174445370628,9.765625e-05
10110010000000100010,28.584850329979727,9.765625e-05
00111111111001111111,18.06251304182088,9.765625e-05
11101000111001110111,31.42606613238391,9.765625e-05
00010001110001000000,20.277654428200123,9.765625e-05
11011111011100000111,23.630324653881644,9.765625e-05
00011111100011101101,18.768757577401477,9.765625e-05
00011010011110010110,31.273681180899846,9.765625e-05
00110101010100111110,20.48724152575623,9.765625e-05
11110110011011111011,18.062513041820885,9.765625e-05
01100111010111101110,19.03863563247239,9.765625e-05
00101100101000011000,19.043216216310373,9.765625e-05
11001011100111101010,19.35647587602912,9.765625e-05
11000101011110111000,21.6744792758826,9.765625e-05
01100101111100000001,17.723086184565553,9.765625e-05
11011011110111111011,18.43942080411464,9.765625e-05
11011000111000000010,11.52775123795106,9.765625e-05
01001000000110011010,26.07455560248294,9.765625e-05
00011100011011110101,20.1027242961807,9.765625e-05
00100010111100111101,58.92845718991596,9.765625e-05
00101000100001011100,42.87610501656623,9.765625e-05
10100111001011101000,22.087442211348502,9.765625e-05
00001010000111111111,54.37179084481025,9.765625e-05
10010001000011110011,26.302100244434627,9.765625e-05
10011110110000101101,21.233573420737216,9.765625e-05
10001000010110000101,48.098433735412684,9.765625e-05
10110011011011011100,24.724396662219544,9.765625e-05
00001110101010000010,19.804538361276347,9.765625e-05
11001110000001010011,25.989091140056782,9.765625e-05
11001010110010100010,22.67480708609574,9.765625e-05
01110001011100011011,17.782860561903203,9.765625e-05
01111100101011100111,16.04440185250146,9.765625e-05
00000001001010000010,32.26614967043538,9.765625e-05
01000001001111110000,33.358734630914526,9.765625e-05
01011000111000001010,20.23109782725758,9.765625e-05
10110110001101011110,26.2210022260253,9.765625e-05
10101011000000101010,40.45039439247105,9.765625e-05
01011110110100001101,13.757596263212921,9.765625e-05
10110011111011111101,24.58029716074642,9.765625e-05
00110110000001111100,23.39477284776804,9.765625e-05
11000111010000000001,16.670812186013006,9.765625e-05
00100101101100010000,17.099974280518136,9.765625e-05
11111011111010111111,20.2829921409686,0.0001953125
11011111011100100011,23.25027108919909,9.765625e-05
01010111100011000000,29.639078558243725,9.765625e-05
10100001011001110111,35.66928864589402,9.765625e-05
01000000101101010100,39.734406253263934,9.765625e-05
11110011001110101101,20.912717892738918,9.765625e-05
00011011101100001111,22.358274697707323,9.765625e-05
01010011010100010001,11.96265401510538,9.765625e-05
10001111111000100011,22.551903907222588,9.765625e-05
11110111000000001111,35.43597431248145,9.765625e-05
00001010101001110001,43.769778647213016,9.765625e-05
01101001011101110110,19.53867113391848,9.765625e-05
10000101101101111011,29.500773611329283,9.765625e-05
01001000110010101010,29.305689023712,9.765625e-05
11010101010101010110,12.740331537852278,9.765625e-05
00011100100110010100,17.213849029527246,9.765625e-05
01000100111000100000,30.089710652270867,9.765625e-05
10110111001010101001,26.931951317438994,9.765625e-05
01001110111111110100,20.409216783803288,9.765625e-05
10111011001001111011,35.400328046424605,9.765625e-05
11101110011001110101,36.89936800459921,9.765625e-05
01010100011010111101,32.11162215942967,9.765625e-05
01111101000111010111,14.90614215270979,9.765625e-05
10011111011011101000,17.361213755964968,9.765625e-05
01110000101110001100,23.197027182678507,9.765625e-05
10100111000010010000,27.46439505735045,9.765625e-05
11010111010001100011,21.750670630874197,9.765625e-05
01001111101001000000,17.761431244302457,9.765625e-05
10111000011100111001,31.62868367762815,9.765625e-05
01100100001011011111,25.058366178148507,9.765625e-05
00101110000000101110,32.20165968035255,9.765625e-05
11000001010110010000,16.37220528002915,9.765625e-05
00110000101011110011,36.77516145448605,9.765625e-05
01110100110111100001,15.622583700059856,9.765625e-05
00011100100001000011,15.007457808799217,9.765625e-05
00101010001111111000,48.75852779085611,9.765625e-05
01011111011000001101,20.93607915122425,9.765625e-05
01111100110001011011,10.691345580781851,9.765625e-05
01100000101110111000,37.05346558206971,9.765625e-05
01110110010111010111,13.754174378943167,9.765625e-05
01010010011101100000,20.14665433626629,9.765625e-05
11011010110000101000,15.706185303543332,9.765625e-05
10001001011100010110,32.7528902493775,9.765625e-05
01001100111010001001,22.65754652875996,9.765625e-05
10111010000101110110,55.34210836252149,9.765625e-05
01101111010001011111,23.55502409594412,0.0001953125
11101100110100010000,16.17779467790337,9.765625e-05
00010001100011111011,46.253403695616306,9.765625e-05
00010100110010101111,42.88223623457728,9.765625e-05
11010001010011100101,14.590181321383723,9.765625e-05
00011001110100000000,15.001197825110516,9.765625e-05
11010011010111111100,12.112109681495951,9.765625e-05
11110101000011101011,30.256417277087472,9.765625e-05
00001110111010011000,24.07455560248294,9.765625e-05
10111110010001001111,41.82305950733072,9.765625e-05
00000000000101111011,58.23953588815203,9.765625e-05
11001001111010000001,17.581978731793985,9.765625e-05
01011010100001000000,19.894933484944307,9.765625e-05
00011110000011001110,19.734299754776952,9.765625e-05
11101110010010101010,30.01660531830396,9.765625e-05
00000011100000000000,16.409531892849856,9.765625e-05
11010001011010111111,26.306877162785558,9.765625e-05
00100110111010110111,36.419642083313335,9.765625e-05
00001101101001001000,19.574813139236436,9.765625e-05
10101001000000000001,33.66608128209157,9.765625e-05
11101101000101000011,24.046473398744205,9.765625e-05
11111101000000111111,28.803189666755543,9.765625e-05
00110010000101100010,26.13690591732106,9.765625e-05
01011011111101110111,20.47169766525648,9.765625e-05
10110000000111100000,23.57780281001074,9.765625e-05
01000001100111110111,42.702883342508386,9.765625e-05
00100110100101010010,24.15040937409723,9.765625e-05
01001110010100000101,19.72439403973386,9.765625e-05
10111011101001111111,30.912600886666713,9.765625e-05
10101110000011001111,45.34141919466056,9.765625e-05
00110101000101001010,15.892662246872202,9.765625e-05
11011001000100101100,15.606132859067827,9.765625e-05
10100100011111101101,38.149426521152506,9.765625e-05
11011110011111110000,13.393547656720688,9.765625e-05
00101011100000111010,29.299444331199552,9.765625e-05
10100110010111100011,39.608525271985314,9.765625e-05
10010001001111100000,22.432940330248055,9.765625e-05
10100000011111100100,52.67438963574723,9.765625e-05
10000010000011101100,36.25453467547278,9.765625e-05
11111010010111100010,34.53019777331983,9.765625e-05
00100010010101001100,51.897679761896,9.765625e-05
01010000100110001010,34.3670109113297,9.765625e-05
01111010110110101111,22.283839975802497,9.765625e-05
11110100101110011110,16.64634182262759,9.765625e-05
01000110101101010000,18.513306491207363,9.765625e-05
01011100110110111110,20.470321185532903,9.765625e-05
10111101111001001010,15.48723881573369,9.765625e-05
01111110111111001100,14.959380992168443,9.765625e-05
01100000001010111100,30.645238099944564,9.765625e-05
01011101111101110100,16.768237171386254,0.0001953125
10001000000010010000,31.320178119742817,9.765625e-05
11111000011101001111,23.409601240986376,9.765625e-05
10100100010101010001,31.108844674511232,0.0001953125
00011000101100000100,24.189364382017718,9.765625e-05
00001010101010000110,34.20247836994839,9.765625e-05
00101111101111011000,17.3906058884405,9.765625e-05
11001111100101111100,13.772678656215763,9.765625e-05
00111100111010010000,11.229796213682622,9.765625e-05
11001101100000010101,13.857028044779565,9.765625e-05
10110110001111101100,23.911766905894623,0.0001953125
11010110010101101000,10.737530931309244,9.765625e-05
01111001000000011110,20.54661259027807,9.765625e-05
11001100101110010001,12.97112644498273,9.765625e-05
10000111110111111000,18.090242730764334,9.765625e-05
01100010100101010001,31.44146531041551,9.765625e-05
11011101110110101000,18.603068752207207,9.765625e-05
00110101101110001100,26.54138533762969,9.765625e-05
00110011100000001100,15.361160160794693,9.765625e-05
11111101001011000000,30.723238882576254,9.765625e-05
10001001100010101001,23.581978731793985,9.765625e-05
10000101111000001011,27.914991840833565,9.765625e-05
01010110011110100000,17.182175885815447,9.765625e-05
01000111100111110010,23.101480456640687,9.765625e-05
00001111111000100010,19.37286332705053,9.765625e-05
11110000010110011000,13.83466723201164,9.765625e-05
00000101101001010111,33.47031149949594,9.765625e-05
01011111111100111001,19.090335168049446,9.765625e-05
01101011101010100100,18.516139981699332,9.765625e-05
00110100101111100100,24.99484123611185,0.0001953125
10010100101000011010,25.81590902085521,9.765625e-05
10110000010001010110,30.91267251476347,0.0001953125
00110100010110000101,14.491850640014421,9.765625e-05
01010010111011001110,29.730858106199012,9.765625e-05
01111111001011101110,28.3414610410652,9.765625e-05
00000100100001111110,43.69581435526081,9.765625e-05
10010010000111001010,26.050895973289794,9.765625e-05
11101111011100111110,27.023564890311604,9.765625e-05
00001000010101000001,45.664336517373634,9.765625e-05
00001110011010011111,29.45210276330542,9.765625e-05
01011110101101011110,18.73154994625445,9.765625e-05
10100011000010101010,27.06384380063391,9.765625e-05
11011100110011001100,12.960756307408657,9.765625e-05
10110100010000000001,12.311082229806871,9.765625e-05
01101011110111001001,28.539439112620983,9.765625e-05
11110101000001001001,25.235871399131923,9.765625e-05
00000100110110111010,50.60508246976382,9.765625e-05
11101110011000001110,32.93076317836544,9.765625e-05
11011110011001011010,18.956759949323597,9.765625e-05
01010001011111110000,29.691680279882206,0.0001953125
01100111101100010101,15.569107414104675,9.765625e-05
00100101111001010001,18.677241774731858,9.765625e-05
10110110001011101000,22.82025192477327,9.765625e-05
10110111001011100100,25.933801671558797,9.765625e-05
00000101000101111101,26.892398659427414,9.765625e-05
10101100001011010100,29.092523742000594,9.765625e-05
11011000111100011010,16.012539339451312,9.765625e-05
11110100011010101010,18.13724685801477,9.765625e-05
00010111110111011001,15.358151450041765,9.765625e-05
10111111000101111110,34.40331936070511,9.765625e-05
00010010110110000000,22.27549593020835,9.765625e-05
10010011110011111101,22.109060593180516,9.765625e-05
10001100010011101010,22.784235877143413,9.765625e-05
00110010000101001000,23.53485634645112,9.765625e-05
10100111001111011100,23.273340974627203,9.765625e-05
11111101100111010100,19.02072346605226,9.765625e-05
01000000001011111111,52.78789150167482,9.765625e-05
00010000110010110000,37.738761553241496,9.765625e-05
11101011111110100100,25.677319007967917,9.765625e-05
01110100000111111100,20.42417122183692,9.765625e-05
11001110100101110100,19.809966143494186,9.765625e-05
01110001111100001010,18.91267251476347,9.765625e-05
11100011100000100011,23.22106624165359,9.765625e-05
11010101100100111001,23.705301140316884,9.765625e-05
11010001111101011110,22.029314986366675,9.765625e-05
11001110001101010010,22.628438618663168,9.765625e-05
01011010110101101001,23.23624526160259,9.765625e-05
10001100100101010000,19.794286198367267,9.765625e-05
00101110100010011000,25.353893489795244,9.765625e-05
10001101011011110000,15.199108632938092,9.765625e-05
11101101000110101101,23.620936547704034,9.765625e-05
00010111011011011101,18.283839975802497,9.765625e-05
01010010111110011010,27.613095249861406,9.765625e-05
10101101100111111011,19.945022648256575,9.765625e-05
10101000000111111000,49.7099696937524,9.765625e-05
11001100100101111010,12.608650211824905,9.765625e-05
00110000101111011000,34.01070400387669,9.765625e-05
11111111000011101011,40.04394292634639,9.765625e-05
01010000010010001010,24.476799378690938,9.765625e-05
11010001111101000110,18.125561605830526,9.765625e-05
00000000110010111100,61.8231109418053,9.765625e-05
11010011011110101110,16.84497092736232,9.765625e-05
01011011100101010111,20.703823701754608,9.765625e-05
01011000011110011001,20.069570884280875,9.765625e-05
01110010011010111010,18.866175575920497,9.765625e-05
11111101000000010101,32.35887941134969,9.765625e-05
00001110100000000110,23.42207747389451,9.765625e-05
00010101101100100101,33.86300726137294,0.0001953125
10011100100111100110,16.93565744572368,9.765625e-05
01101001010101000000,20.201293762445633,9.765625e-05
01100001101010100000,26.220392179874704,0.0001953125
11011110110110100010,13.836628955336657,9.765625e-05
11001001001011111011,21.805845492863412,9.765625e-05
01101101101110001100,19.720218117950616,9.765625e-05
11001111110111101100,11.997786535962836,9.765625e-05
01111011011011001111,17.46586825114739,9.765625e-05
11011001001010001111,22.108461974540084,9.765625e-05
00010101000111011010,28.54328304532641,9.765625e-05
11101011101100001110,27.647862859864087,9.765625e-05
11110000010000010000,9.34089253621217,9.765625e-05
10010000111010001000,28.35016780434243,9.765625e-05
10000101110110001010,26.258240890884665,9.765625e-05
01110011010101110000,16.154218730679688,0.0001953125
11000110110111001000,14.432956257878356,9.765625e-05
10010010010101011000,30.81963563702933,9.765625e-05
00010010110111000100,31.81593028099374,9.765625e-05
11010000000110100010,18.202241217719127,9.765625e-05
10011101000101010111,15.604798655811196,9.765625e-05
10000001010011010111,36.99943368831867,9.765625e-05
00111011101001010110,22.183614394726032,9.765625e-05
10000100101010011111,39.18863461977237,9.765625e-05
01010001111111010001,33.59526585632562,9.765625e-05
11001000001111111001,30.852914283036,9.765625e-05
10100110001001101000,27.69177344074857,9.765625e-05
10110000011010001100,24.442296276057984,9.765625e-05
01011010110100010011,20.442431490469048,9.765625e-05
10011101011010111000,18.679243063752963,9.765625e-05
00000111001110000100,17.22698592110263,9.765625e-05
00001111101011011111,19.781883961391642,9.765625e-05
00000011000000000000,14.36377440228918,0.0001953125
10100001010100010111,37.1247528094117,9.765625e-05
11101101000101111110,17.9843664777287,9.765625e-05
11100010101000000000,20.81906378569971,9.765625e-05
10110011110000001110,18.366719527476118,9.765625e-05
11110000011010101011,16.91169591425191,9.765625e-05
10100101010110000000,19.897743777524298,9.765625e-05
00011111110001010101,15.443568097101005,9.765625e-05
10000110111111110001,36.393825523347225,9.765625e-05
11001110101101101010,18.50643582491402,9.765625e-05
10000000100111101010,47.577176836229846,9.765625e-05
01110010111110011001,18.037340907784642,9.765625e-05
10100000001001010100,39.674801568083645,9.765625e-05
01001001001011011001,23.829983681667134,9.765625e-05
00011100110100101001,16.46782872286184,9.765625e-05
00011111111001010101,15.446378389680994,9.765625e-05
11000100000101000001,11.735019009437071,9.765625e-05
01101010100000110111,33.4559439859883,9.765625e-05
10011101100100101001,15.564135913510377,9.765625e-05
01110100000110010111,13.63575869932902,9.765625e-05
10110110010010101110,26.2651472491165,9.765625e-05
10100010000111111010,51.50567222096678,0.00029296875
00001101010111111111,26.153226115410632,9.765625e-05
10110001101011100100,19.543219764119186,9.765625e-05
01100100111011111101,33.064428048023025,9.765625e-05
01110011010001010001,15.321282871114171,9.765625e-05
00000110101011101111,42.83920835891692,9.765625e-05
10110111011110011010,21.09199906958385,9.765625e-05
10111101010001011100,25.088743824923455,9.765625e-05
11111001000100100010,22.891897799740505,9.765625e-05
10010100011101001111,24.120829967488028,9.765625e-05
00110011000110111100,21.624511287415714,9.765625e-05
11100001101101110001,20.410109262191575,9.765625e-05
11100000000101010001,29.44372686245066,9.765625e-05
11011100010000111100,9.728418085054667,9.765625e-05
00010011100011011011,26.60509339657153,9.765625e-05
00010011101000010100,21.86828065340605,9.765625e-05
11001011011001011011,26.646541787088015,9.765625e-05
11110110011101101000,16.661963134343274,9.765625e-05
00010100111000101110,44.24648378768143,9.765625e-05
10100100001011101000,24.670683420335347,9.765625e-05
00000011111101111110,47.38995149300278,9.765625e-05
11010101011010001111,30.32887632363844,9.765625e-05
00001001101000101010,29.92101187514326,9.765625e-05
11001101100000111000,15.788304271751343,9.765625e-05
00101000111110011100,51.752210033132464,9.765625e-05
00011110100100010100,18.32645403106182,9.765625e-05
11000100101111101111,34.900496503209396,9.765625e-05
00010111111001111110,30.306877162785554,9.765625e-05
10111000011001011110,36.1798628013387,9.765625e-05
10001011100010001000,22.0009509868443,9.765625e-05
10110000110010100000,18.096172183377533,9.765625e-05
11100010101000010100,23.909682843989167,9.765625e-05
11100110000010101101,25.073351622906273,9.765625e-05
11101000010100111111,39.158398096906545,9.765625e-05
10111011000010101010,33.363462911940616,9.765625e-05
10101000101001110100,41.397897438686144,9.765625e-05
11001010110000010000,27.876480620510108,9.765625e-05
10010000110011111110,43.17787119835455,9.765625e-05
01011101111011101110,33.190618212701764,9.765625e-05
00100000111111111000,63.90736716950274,9.765625e-05
10101010001001110011,60.52243109706739,9.765625e-05
00001111111010110111,22.739049514331107,9.765625e-05
00101100101100111000,22.04793463704511,9.765625e-05
00011101000001010001,13.597633063253642,9.765625e-05
01111111000011101101,30.742230801518332,9.765625e-05
01001001111111010100,25.044774648455768,9.765625e-05
01010001101011101111,52.675180736074324,9.765625e-05
01000101110110111110,39.876640539503306,0.0001953125
11001001111011110011,22.404115793950083,9.765625e-05
11011000101110000000,14.188156870870245,9.765625e-05
11111101111110011101,14.360253083083713,9.765625e-05
00100001011011100010,30.445045557299476,9.765625e-05
11111001101101010101,17.443568097101007,9.765625e-05
10000111000111110000,15.76388113698763,9.765625e-05
01010100110001011111,27.38712433123137,9.765625e-05
11101110000000010011,41.22212279626357,9.765625e-05
01110010011000100011,16.69134558078185,9.765625e-05
01100110110000100000,17.26838811168575,9.765625e-05
11010011001111011101,17.192324994681154,9.765625e-05
01110110001001100010,22.508315618539154,9.765625e-05
10101110011000111101,47.031425581864326,9.765625e-05
00110111011100000101,12.820251924773272,9.765625e-05
11101001001111000010,21.710521231446982,9.765625e-05
10011001000110001001,19.183075340218153,9.765625e-05
01011101111111111100,24.758527790856107,0.0001953125
11100111011011111101,18.78195495303435,9.765625e-05
00110100011111111101,28.99757085101217,9.765625e-05
01100111010000001001,20.067445073937797,9.765625e-05
01001010011111001000,29.068623429007385,9.765625e-05
01101011110100101110,24.362456861083913,9.765625e-05
00011000010110101011,28.574973058229638,9.765625e-05
00111111101011010000,18.202847819426108,9.765625e-05
00111110100110011110,20.80694722910515,9.765625e-05
00110000010110100101,29.158772780925478,9.765625e-05
00110001000011100110,21.347469440724673,9.765625e-05
00110110111010001100,19.400177540837287,9.765625e-05
00011010010011111100,33.51568620295827,9.765625e-05
01110110001110011101,14.727338430499731,9.765625e-05
10111010111110111011,36.58749302560704,9.765625e-05
10001110001101011010,30.636289624178936,9.765625e-05
00110001011011111101,30.598515582973903,0.0001953125
10000010000101110101,52.914018684765615,9.765625e-05
11000111000110110101,15.080606121178128,9.765625e-05
00000000100011110110,60.083938397788515,9.765625e-05
01011011100000000110,21.659205108625947,9.765625e-05
10111110000010111010,32.646920922602696,9.765625e-05
10110010000110000001,29.864153554041863,9.765625e-05
10010111110110101100,15.88422783756143,9.765625e-05
00011101101111010100,18.98271934700906,9.765625e-05
01010110101111010011,23.609076722552697,9.765625e-05
11011000010011000011,16.608152170923923,9.765625e-05
11110111101011011010,27.093852220853393,9.765625e-05
11001110110101101100,20.372211521622496,9.765625e-05
10011101010101111001,11.8044861052535,9.765625e-05
11010010111111001000,18.00418749588482,9.765625e-05
00010101011001010111,25.129653405490494,9.765625e-05
11001100100000000001,12.015673703533574,9.765625e-05
00001110010011101111,30.335385855615897,9.765625e-05
00101110010010101001,31.472245328445148,9.765625e-05
11110001000101000000,14.6469029214039,9.765625e-05
01111011011101011011,22.124629648873352,9.765625e-05
10101011011101011101,60.41007813051222,9.765625e-05
01111100111101101110,12.930932783395594,9.765625e-05
11110000010000000000,8.118563817365718,0.000390625
11101111010101111100,32.84236310212525,9.765625e-05
01010011100100001000,18.758556936094177,9.765625e-05
00011111100100101001,18.366291842173453,9.765625e-05
10101011010101100010,51.342108362521486,9.765625e-05
10011100100110111100,17.170901831546562,9.765625e-05
01001101010001101110,15.96362437402359,9.765625e-05
10100111111010000100,22.230689426491974,9.765625e-05
10011011011000101110,22.4869262095696,9.765625e-05
10101101101011000100,17.39477284776804,9.765625e-05
00100011110111110010,35.56634523115886,9.765625e-05
11100001001101111101,22.71737868013256,9.765625e-05
01010001011111011100,28.85556029225424,9.765625e-05
11101100010110100100,20.62530153371854,9.765625e-05
10101101011011111100,22.731549946254447,9.765625e-05
10001010000010110111,47.79368175735597,9.765625e-05
10111111100011000101,32.23354238702488,9.765625e-05
00011100111010101111,30.30220747734268,9.765625e-05
11000101100010101101,26.08971344942061,9.765625e-05
11010000110111101011,28.155875569072478,9.765625e-05
01111110111101001100,16.729642552520772,9.765625e-05
01101010101010001000,23.048802225347384,9.765625e-05
01000011001011110001,23.801120830535325,9.765625e-05
01010101100010101001,53.332162564183136,9.765625e-05
10001010101001011100,46.65473623617997,9.765625e-05
00100110000111101110,31.5121434381104,9.765625e-05
00110101011101110100,15.074234328130405,9.765625e-05
00000001101010000010,40.15354466890081,9.765625e-05
00011010110111111100,39.35354650380843,9.765625e-05
01100101110000100010,21.91499184083357,9.765625e-05
00001000100001010100,39.58353342522851,9.765625e-05
01011011010111011011,17.659842129227414,9.765625e-05
00001101111011111100,28.933188093837394,9.765625e-05
10110110001110111100,24.165820300894467,0.0001953125
00001001111101110000,35.939114025719604,9.765625e-05
01110000111010100000,19.467453118917966,9.765625e-05
00001101000001101010,17.230814660598824,9.765625e-05
01001011101111010101,22.421331784018868,9.765625e-05
01100000000101000100,23.656592831893118,9.765625e-05
01010000101010000010,36.70703063549475,9.765625e-05
01111010100110100101,23.045390936199706,9.765625e-05
11110100011110100001,10.73154994625445,0.0001953125
11011001010110101111,14.783821234784458,9.765625e-05
11100010011001000110,34.14480127212395,9.765625e-05
10110010000101111100,39.28216784623346,9.765625e-05
01001011010101011101,26.579081519940985,9.765625e-05
00011111111100100001,14.59890179287967,9.765625e-05
00000001001010000000,27.674801568083645,9.765625e-05
10011001100101111010,21.21252524672863,9.765625e-05
10110001011010011001,21.494651246557456,9.765625e-05
00110001011010111011,30.0022342948617,9.765625e-05
01011011111101011111,20.570128679806807,9.765625e-05
11000100111010001100,23.319159672826615,9.765625e-05
01001110001100101101,19.069615233567998,9.765625e-05
10010000110110111111,44.16852493858158,9.765625e-05
01110100011110010100,11.166725909763315,9.765625e-05
00110101111001101100,24.031236332129186,9.765625e-05
11001000011000000010,17.904983071747093,9.765625e-05
10000111111010110010,26.03785517058319,9.765625e-05
00111110010000010110,28.53628254683906,9.765625e-05
11110110110111000000,14.114031027258463,9.765625e-05
01001100111011010001,18.872985856533024,9.765625e-05
00000111011010010110,23.165749309251755,9.765625e-05
00010100110010101000,35.11849906731636,9.765625e-05
01001000110010000111,28.470269653091304,9.765625e-05
11100101010001010001,13.410180253834284,9.765625e-05
01110101110100001000,20.61240877038683,9.765625e-05
11110000001110110010,17.276491473479833,9.765625e-05
10011000010001010101,34.901564621081135,9.765625e-05
10100100000100110111,28.52368462264436,9.765625e-05
01001010000100100001,27.67167522489596,9.765625e-05
10001100001101010010,22.00659022049694,9.765625e-05
01011110111110010010,12.016842383406022,9.765625e-05
10011101010000101000,17.294145020392108,9.765625e-05
10110010011101101010,33.22842089844241,9.765625e-05
11110000011000000000,7.565077850771768,9.765625e-05
01001100010101111010,18.246167737073726,9.765625e-05
11101100010001111101,23.738478386582738,9.765625e-05
00001110100101000100,25.21103873694726,9.765625e-05
01011001000000110100,17.543120329183466,9.765625e-05
00011001000000000001,15.604208803282779,9.765625e-05
00001111010010001000,14.980885654940625,9.765625e-05
01010110101110010001,19.213147688938722,9.765625e-05
11111111011101100010,30.68271773207489,9.765625e-05
01010101001111111110,43.79268371120201,9.765625e-05
11100100110000010101,11.52775123795106,9.765625e-05
10010010011010111000,26.358689340066277,9.765625e-05
00010101000101111110,28.982719347009056,9.765625e-05
11110100010101000100,9.6459519345596,9.765625e-05
01110111011110100000,21.6647637408863,9.765625e-05
11100101000111110101,16.250516148164078,9.765625e-05
11100100101011100011,20.86502928325158,9.765625e-05
11110010010111000000,23.801083250122556,9.765625e-05
01111000011011110000,14.80018306129879,9.765625e-05
11110100001101000100,12.000950986844302,9.765625e-05
11111100010000010101,18.512449693917752,9.765625e-05
01011110001010001111,19.795513462983113,9.765625e-05
00001010101011000101,41.403081201423696,9.765625e-05
01100011110000000000,12.91499881684798,9.765625e-05
10001011001010001000,23.268141273419534,9.765625e-05
10110111001001101110,25.9338016715588,9.765625e-05
11100000001100100100,21.164632161820904,9.765625e-05
00001101111110011100,27.637474955262935,9.765625e-05
11111110011101100110,28.127320840176452,9.765625e-05
11101010110101111101,55.18782311333102,9.765625e-05
11011010001000101101,22.398517170873696,9.765625e-05
11001001111001001101,18.276693755318867,9.765625e-05
11111110010111111110,26.633398741046477,9.765625e-05
10100001001010111001,30.80018306129879,9.765625e-05
01000101100110101110,43.68978183776442,9.765625e-05
00101000001011000100,34.25453467547278,9.765625e-05
11011101100100101111,22.075323766689316,9.765625e-05
01100100010000010100,11.745666882785004,9.765625e-05
11100010111000010111,31.849095316703966,9.765625e-05
11000101100100000001,16.164348995162147,9.765625e-05
01011101111011111101,26.926551869750774,9.765625e-05
01101110101010001001,20.371796879263538,9.765625e-05
10110011100001100101,21.67016572393301,9.765625e-05
10000111010111000000,16.128536258059647,9.765625e-05
11100111101010000111,24.059725652885618,9.765625e-05
01111011110001010110,19.51477788406688,9.765625e-05
00100110001111101100,30.585617487133966,9.765625e-05
01001111011011010101,10.202844287855303,9.765625e-05
01001100101010100101,22.900946543239588,9.765625e-05
10100110001001011001,31.064615322156698,9.765625e-05
10011000100011110111,32.0966917786843,9.765625e-05
00101101011000101100,19.346519362965495,9.765625e-05
00010011010001010100,16.367961898174,9.765625e-05
11011010111110000001,18.487241525756232,9.765625e-05
01001100110011100000,16.989657473374297,0.0001953125
00111100011110101001,12.618944944719878,9.765625e-05
10010011100001010001,18.463633429004684,9.765625e-05
01100010001010011100,23.368273486489578,9.765625e-05
00001111011001111110,19.651276135453053,9.765625e-05
01001101011000000110,14.280690298907798,9.765625e-05
10110001110001010001,15.643846857074045,9.765625e-05
00111010001111111110,35.83642304355015,9.765625e-05
01000000101110011000,44.374308714008514,9.765625e-05
01110101001000011011,30.789583068808795,9.765625e-05
11101001000101010100,28.39984469238318,9.765625e-05
01111000111010110111,16.198036150697817,9.765625e-05
11101111001110111101,27.860188327636166,9.765625e-05
01001111100100110111,18.000332310376734,9.765625e-05
11011011100011101011,22.240051919002326,9.765625e-05
01011110110000011101,14.603964675039103,9.765625e-05
00011011100010010101,20.57689720114189,9.765625e-05
01000101110011101110,39.79072125345592,9.765625e-05
10001100000101011000,22.10160714874985,9.765625e-05
11101000011000100010,20.658528647283617,9.765625e-05
00100101101110000010,23.929820234051903,9.765625e-05
10110001100011111100,22.050895973289794,9.765625e-05
00000110011010010111,34.38525525233152,9.765625e-05
11110011110101111111,17.261844346520427,9.765625e-05
11111100000001101111,20.44621222909445,9.765625e-05
11101110111001111011,25.474752995165268,9.765625e-05
00011111000110001111,16.46716379779306,9.765625e-05
10000010010001111011,51.01310150474397,9.765625e-05
00010001010000100001,20.207158475849283,9.765625e-05
10000010000001010000,36.98403688821432,9.765625e-05
01011110101101111100,18.566638062218395,0.0001953125
01010011100101100000,19.917799423391013,9.765625e-05
01011001111111110110,24.909872126200312,9.765625e-05
01011011111001111100,18.193362813671264,9.765625e-05
10110001010001011101,21.559751282790877,9.765625e-05
11111110011101011010,26.665782187802506,9.765625e-05
01011001011010110111,19.293444621364713,9.765625e-05
00010100101000101111,44.68235692375396,9.765625e-05
11100101001111111111,20.6759242335266,9.765625e-05
11010100100010111111,26.61894494471988,9.765625e-05
11101100110000000000,15.828808760201333,9.765625e-05
11111000011000001010,14.46944472190212,9.765625e-05
11011001010010011111,16.57689720114189,9.765625e-05
00001001011000001011,28.071433721587372,9.765625e-05
01011111101001100101,25.740344766299863,9.765625e-05
00001101011110100010,19.45688864411206,9.765625e-05
11010001111100101010,24.442779407177166,9.765625e-05
10001100100011101000,18.611789038199284,9.765625e-05
00110011011110111111,26.261773354877718,9.765625e-05
10101111101111100000,23.871751790157163,9.765625e-05
11001001000110110001,19.246786734840214,9.765625e-05
00010010111010011101,37.64822777071886,9.765625e-05
10100110001010100010,28.974483051512458,9.765625e-05
01111000110101000010,13.577802810010741,9.765625e-05
01011001010111111011,22.679008006728385,9.765625e-05
10000010101101001000,37.72055905864432,9.765625e-05
00111101000111111100,17.710521231446982,9.765625e-05
00100111001001111111,22.848731472365543,9.765625e-05
10011101101001011100,19.556594717008952,9.765625e-05
00000011100000010110,24.670683420335344,9.765625e-05
01100110101101101010,23.165749309251755,9.765625e-05
10110110011111010100,28.108397224490723,9.765625e-05
10111111111010010100,28.55222973099444,9.765625e-05
01001011011110001110,17.295609350110016,9.765625e-05
10101101101001001111,18.576897201141893,9.765625e-05
00100101110101111010,26.57969772055772,9.765625e-05
11000011010101110100,18.519862124741515,9.765625e-05
01010000011011011001,32.32027682025747,9.765625e-05
01010010011000100000,15.527751237951058,9.765625e-05
11100101001101010100,11.6315712034442,9.765625e-05
00110100111010100100,25.467453118917966,9.765625e-05
01011101011110001000,22.646015950187895,9.765625e-05
00001000100100010101,44.714334679766914,9.765625e-05
10010110101010001011,23.15786717205663,9.765625e-05
01111001110010010001,15.04539093619971,9.765625e-05
00011010000110111101,30.618944944719875,9.765625e-05
11011110001001101011,22.124504306003114,9.765625e-05
10100110000011010101,37.81934351875468,9.765625e-05
01000101111010111111,49.326043040286535,9.765625e-05
11000100001110001010,23.121215257468855,9.765625e-05
01110010100101000000,15.64369038252445,9.765625e-05
00100110101010010111,28.18845712964268,9.765625e-05
10110001010001000111,18.188065390928443,9.765625e-05
11101111101011100000,26.046473398744205,9.765625e-05
11110101110010111100,20.598892830423967,9.765625e-05
00111001100111001110,19.463729125229534,9.765625e-05
10110000111101100100,27.820106202776984,9.765625e-05
10010110010100000100,18.36377440228918,9.765625e-05
01110111010001000001,19.34052327182866,9.765625e-05
11011001111001110001,14.323411195179547,9.765625e-05
10101010001111001000,55.26717164892239,9.765625e-05
10011111011011010110,22.45086245533621,9.765625e-05
10001010000111111111,58.04069834711211,9.765625e-05
01000101111011111011,48.55116612408266,9.765625e-05
11110001000100000100,13.774909810992618,9.765625e-05
00110001110111000000,16.306336257631425,9.765625e-05
01100111001111111110,19.710340209746477,9.765625e-05
01110100000010110111,20.53579962285994,9.765625e-05
00011011101011110101,23.488005249306678,9.765625e-05
11001111100011111010,15.945115809122932,9.765625e-05
01110111001110110101,22.186546476969266,9.765625e-05
00001110000110000001,19.230814660598824,9.765625e-05
01011110110001010010,14.844154947789022,9.765625e-05
00000010111110000101,53.491230907826875,9.765625e-05
11010011011001010111,17.885004044298572,9.765625e-05
11001000011010101000,18.14456058832388,9.765625e-05
01011011000000101010,24.795645673104374,9.765625e-05
00101001101010011000,25.166725909763315,9.765625e-05
01000000111000000101,35.15990125789947,0.0001953125
10100010001101110101,61.12570650627855,9.765625e-05
01001111110001110000,13.3546670740467,9.765625e-05
10110111101100001011,19.250461905699936,9.765625e-05
00011001010110111111,28.021471164005384,9.765625e-05
11010111001011000110,30.12762169757491,9.765625e-05
11001101010111101011,14.515785823397863,9.765625e-05
10100010100001110111,52.21907463866944,9.765625e-05
00100100000110110011,28.00143145660879,9.765625e-05
10100010000111110010,52.926551869750774,9.765625e-05
00000010101100100100,43.38413810490067,9.765625e-05
11001110100001010101,22.453143379445276,9.765625e-05
11110000101110100100,15.580058120452541,9.765625e-05
00110101010001111110,21.066352190935273,9.765625e-05
01100000000101011001,31.4740859094008,9.765625e-05
10111000011010010000,27.135470939981282,9.765625e-05
00100100111101110101,40.23953588815203,9.765625e-05
11110110110010110100,16.163010008314473,9.765625e-05
01111011110001011001,23.32128287111417,9.765625e-05
01001111001100000100,16.04111902392436,9.765625e-05
10110001011000011100,18.293769416448235,9.765625e-05
10001100110011101100,26.279671851991594,0.0001953125
01011001101100011101,24.623371236340148,9.765625e-05
11100010001101011110,36.75943693129577,9.765625e-05
00000110001010001000,21.69477279755983,9.765625e-05
00110101111110100010,25.860298379330146,9.765625e-05
01000000001010101001,40.29506405400878,9.765625e-05
11100010001110111101,35.385326243974234,9.765625e-05
01110011100000100000,20.921670732873096,9.765625e-05
00101101001001001111,16.576897201141893,9.765625e-05
01010001100101111111,37.97129091339525,9.765625e-05
01100101110000011001,18.674138335188896,9.765625e-05
10001011011001010111,43.0986186316191,9.765625e-05
11000101111111110000,21.965519284570576,9.765625e-05
00001101010110111100,22.150830258049535,9.765625e-05
10001011110011110110,33.22942612775085,9.765625e-05
01001110101001111100,19.309192750144785,9.765625e-05
11111111001000111010,41.87847429706275,9.765625e-05
01111000010000010011,13.395726544634883,9.765625e-05
00111011001001010110,25.250461905699932,9.765625e-05
00011000011000111000,26.058608418327562,9.765625e-05
01011101000010101110,35.672740714929986,9.765625e-05
10100100001010101110,29.001117147430854,9.765625e-05
10110001010100011110,20.798275667565107,9.765625e-05
01010001111010100000,37.90282978130833,9.765625e-05
01010000101000100001,32.21609538835315,9.765625e-05
00000001111000000010,35.91718937724042,9.765625e-05
01011110111010011101,14.48724152575623,9.765625e-05
00000110001010100000,23.71303306619195,9.765625e-05
00011110111100100010,16.816560826283244,9.765625e-05
11100111000000011011,27.774243133654267,9.765625e-05
11000111111100100000,16.46755524224004,9.765625e-05
10101100000001011111,34.7479028211529,9.765625e-05
10101101001100001011,22.535938074574553,9.765625e-05
10010110110010011010,19.350706858850316,9.765625e-05
11100100001001010000,12.086870272891684,9.765625e-05
10101010011110001111,65.23759849474635,9.765625e-05
10100010110111000101,60.07185098643201,9.765625e-05
10001010000100001110,47.59679908248155,9.765625e-05
01000100101100100000,30.9636278184672,9.765625e-05
01001011100011101010,19.930923097358637,9.765625e-05
11011011110100010111,21.60264713383384,9.765625e-05
01010011001100000001,18.071495027193123,9.765625e-05
11011011100111111111,20.062513041820882,0.0001953125
11010011110110111000,12.487241525756229,9.765625e-05
11110011011110010111,19.949921257894072,9.765625e-05
11001000001101010100,27.414503393444157,9.765625e-05
10111110000010010110,40.881838526900765,9.765625e-05
01101110011110110000,19.491339283582107,9.765625e-05
10100100100000000000,15.075869699244597,9.765625e-05
11110001011101011000,12.451155308031927,9.765625e-05
10101101100000100101,21.409248726191095,9.765625e-05
11001100001100000111,15.069615233567998,9.765625e-05
11010111001001100011,31.061820320752965,9.765625e-05
11110010010111110001,27.908927468076563,9.765625e-05
00110000100001111100,32.27549593020835,9.765625e-05
11010011000110000001,17.285039444419205,9.765625e-05
11010000011000000111,16.43295625787836,9.765625e-05
00111001000000100001,18.234524407581514,9.765625e-05
10100000000100000101,40.22828753467759,9.765625e-05
00101000000010110101,41.269984651524915,9.765625e-05
11001010011101001111,43.57875650687758,9.765625e-05
11100110011100101000,21.44873030543277,9.765625e-05
10011011000010101110,22.982436914771363,9.765625e-05
10110011001011110111,28.7447305722991,9.765625e-05
01000110110101000001,18.2479987082798,9.765625e-05
00001010011010001101,41.89486873489495,9.765625e-05
00001001011100100110,28.273716491443878,9.765625e-05
01101101011011101101,17.310660611433498,9.765625e-05
10101111001100100101,37.30109146191919,9.765625e-05
01101000010010111100,28.064268129029823,9.765625e-05
11111100011010010101,13.508331546169451,9.765625e-05
11110100010100000001,7.157450641633055,9.765625e-05
01010111000111110010,25.230441130223443,9.765625e-05
11001111110100100010,18.981523301199772,9.765625e-05
11111100000001000001,23.55634787874274,9.765625e-05
10011111100011111111,20.083603062234104,9.765625e-05
00101011100001000111,31.652050355748905,9.765625e-05
01111101110010010010,19.183688096391293,9.765625e-05
01111010000100101000,26.77868628362614,9.765625e-05
11001001100000000001,16.77893312189236,9.765625e-05
01100000101011111101,43.240941502273856,9.765625e-05
00000010100101010101,50.818668722554726,9.765625e-05
00100100100010100000,24.247298091272526,9.765625e-05
00010000000101011101,37.02488869474641,9.765625e-05
11011110110001001100,18.86924132628731,9.765625e-05
10101010011001011001,70.22705785430648,9.765625e-05
01100011111110111101,28.09196711635622,9.765625e-05
10000000111100000011,48.53745186316556,9.765625e-05
10001111101000100101,21.912826170527136,9.765625e-05
11000000101101011100,31.847907177630404,9.765625e-05
01001101100101110101,14.68419863671697,9.765625e-05
00100110000011010110,27.64858473700989,9.765625e-05
11100011100000001101,19.35182638420842,9.765625e-05
11011011110100101101,16.37179687926354,9.765625e-05
01111010011101001011,25.537588758501187,9.765625e-05
01010010010000010100,12.409531892849856,9.765625e-05
10110100011010100000,16.49135967350453,9.765625e-05
11101101110111111000,14.917512725161448,9.765625e-05
01101000001100000001,23.16809153896657,9.765625e-05
00101001101111111110,34.63981928018243,9.765625e-05
00101100001111010101,26.28406275678045,9.765625e-05
11001101001011000000,15.761431244302457,9.765625e-05
00101010001111010111,56.89386027912278,9.765625e-05
10100010010111101011,58.85361406724554,9.765625e-05
11001111101011000100,17.149626278472873,9.765625e-05
11100001001010001000,18.56281629873662,9.765625e-05
10010100010110011000,16.1755687198397,9.765625e-05
01000110100011000110,22.253500300926277,9.765625e-05
11010001100111101011,28.96621906878011,9.765625e-05
10111101111011111101,16.591218700220026,9.765625e-05
10000101001011111111,31.086455837672787,9.765625e-05
11000011001010101001,19.39572654463488,9.765625e-05
00010110100011101101,26.603421267002492,9.765625e-05
11100110001110101101,24.165820300894467,9.765625e-05
01010101100011110101,38.013470954221695,9.765625e-05
00011010101001010101,33.23624526160259,9.765625e-05
01110011011111111001,19.195054609581476,9.765625e-05
00000000101010010110,56.46021653471771,9.765625e-05
10110111011100100111,22.450862455336217,9.765625e-05
11001011101111010100,20.73154994625445,9.765625e-05
00100010010100100111,53.071424035550415,9.765625e-05
00110011101111011000,19.08495154961486,9.765625e-05
00001000010001010101,49.664336517373634,9.765625e-05
01100110010101010000,19.141143792003923,9.765625e-05
01111010011110101111,21.28389774983745,9.765625e-05
10100001010101111010,34.881398085780326,9.765625e-05
11011000010100101110,13.93599120326291,9.765625e-05
11101011111011100101,27.635749013292063,9.765625e-05
00010011000101000100,13.459541629344711,9.765625e-05
11100000010000000101,23.00877535000448,9.765625e-05
00110010100100101111,28.538494367370035,9.765625e-05
01100001010001010100,13.448354701488896,9.765625e-05
00000011001010010110,26.60663651590448,9.765625e-05
11011000111010000000,11.389460319352832,9.765625e-05
10100011100100001101,29.597926650370425,9.765625e-05
10111010100110110100,41.25087654805889,9.765625e-05
00010011101111001000,23.142410954411144,9.765625e-05
11000010101010010111,30.007386817156505,9.765625e-05
01110100010111101100,18.91267251476347,9.765625e-05
10001110100111100010,24.681076755821397,9.765625e-05
01010011111001010101,17.5121434381104,9.765625e-05
01110001000101000010,14.82210852048642,9.765625e-05
11010011111101001000,12.276446917052649,9.765625e-05
10011110001100011011,21.876486138522203,9.765625e-05
00000000101000001101,50.27340218226594,9.765625e-05
01111000011010000001,10.486287828889392,9.765625e-05
01100111011110010110,15.367909642151151,9.765625e-05
11011011011111001001,18.549180642679005,9.765625e-05
10000001110011111100,36.04753340859416,9.765625e-05
01001111100101010111,15.09688455999026,9.765625e-05
01100110010000101000,19.51174283531713,9.765625e-05
10111001111000101001,17.213434387168288,9.765625e-05
00100101011010110100,25.361499632646268,9.765625e-05
10101000011110101000,43.30857654952804,9.765625e-05
11111000111000111000,11.770151530294534,9.765625e-05
10010101100001101010,26.62216445961374,9.765625e-05
11000011100001001011,17.911766905894623,9.765625e-05
00001001101010000100,24.23109782725758,9.765625e-05
00101101111010000010,15.162939016671768,9.765625e-05
10000110000010100000,20.114756523511932,0.0001953125
01111101101101111000,21.12485148829017,9.765625e-05
10101000011101011010,55.949547210329186,9.765625e-05
00100000101111010100,50.783153414598914,9.765625e-05
11110101011000011101,16.58485032997973,9.765625e-05
11010010000010101000,14.311082229806871,9.765625e-05
00000011101011110001,35.417548335370924,9.765625e-05
00011010011010111110,30.67724177473186,9.765625e-05
10001100101110111011,26.708668003890054,9.765625e-05
00100101000001111011,22.73997113795746,9.765625e-05
00000111001110001000,18.325088401858565,9.765625e-05
10000001100000101000,20.670446268106083,9.765625e-05
10111011010111011110,41.347868242580525,9.765625e-05
01010011001111000000,17.976693805527077,9.765625e-05
11100000111010101100,24.645238099944564,9.765625e-05
11111001000111111000,23.221066241653595,9.765625e-05
11110100010101000000,8.311082229806871,9.765625e-05
11111011111011011001,24.193275981525453,9.765625e-05
01010000110111001011,38.256736809966796,9.765625e-05
11101100001001001001,20.558207184478427,9.765625e-05
00000101100000111011,38.34807333281877,9.765625e-05
11011000100110100010,14.206965880047209,9.765625e-05
10100011011101101100,36.1798628013387,9.765625e-05
01101000011111000001,31.65997153135912,9.765625e-05
01110010011101100010,19.782860561903203,9.765625e-05
10100011011110010101,43.217218777377354,9.765625e-05
10011001010011011101,24.22578374246339,9.765625e-05
11000011010010101000,11.757596263212921,9.765625e-05
10001000010110001111,50.5123209282401,9.765625e-05
11010011000101010111,19.368000300135037,9.765625e-05
00100000111110100101,57.02087433546255,9.765625e-05
00001101010111110000,16.1696392672265,9.765625e-05
00010001010101110010,28.38525525233152,9.765625e-05
10100010100000110100,41.57481313923643,9.765625e-05
00100101100000111010,26.22002459682541,9.765625e-05
01100011001111111010,24.99567521688394,9.765625e-05
10101001000000001001,33.663264747918234,9.765625e-05
01101100100011110001,15.651276135453056,9.765625e-05
01100010000111010100,31.38622914282054,9.765625e-05
01100111011101111010,18.40976832149787,9.765625e-05
01010011000101111010,22.444284641738587,9.765625e-05
11000001010011010100,14.292808743566981,9.765625e-05
10101110100101000001,43.65638784003155,9.765625e-05
00001101000011111111,21.801120830535325,9.765625e-05
01001000110000001101,28.27340218226594,9.765625e-05
01110100011111111100,20.86409151401504,9.765625e-05
11110011001010111101,22.467163797793056,9.765625e-05
00100100101001100110,29.53333371541726,9.765625e-05
01101101101110011101,18.660622395226028,9.765625e-05
11010011000110111100,14.661963134343274,9.765625e-05
11001100000100000111,15.487626815737059,9.765625e-05
01010010110000100001,16.916848436546715,9.765625e-05
01010011111101110001,23.042792095054523,9.765625e-05
00111001100000010101,19.18307534021815,9.765625e-05
10011011100011101111,22.36467846561886,9.765625e-05
00001110101001100111,28.276205509671332,9.765625e-05
00100001000000000010,17.09246596796565,9.765625e-05
01100001000001111010,22.487241525756232,9.765625e-05
11011100011110000001,7.586709635715417,9.765625e-05
00011010000001010011,30.53579962285994,9.765625e-05
01110010010001001011,18.724396662219544,9.765625e-05
10010100010001000000,11.910578766821061,9.765625e-05
01111010101010100000,18.516139981699332,9.765625e-05
00011010100100000101,27.163915617183328,9.765625e-05
01111100000111101100,17.39477284776804,9.765625e-05
10000000001111010000,44.6729324891838,9.765625e-05
01000011000001010001,15.96265401510538,9.765625e-05
10000001101010101000,31.871431886679744,9.765625e-05
01110011100010010100,16.005203232778477,9.765625e-05
00011110001010101000,16.87114872002099,9.765625e-05
10001101110010001011,20.487241525756232,9.765625e-05
11101101001100101101,20.85767712934524,9.765625e-05
11000111001011000100,16.30325786664669,9.765625e-05
00001110001010110101,23.486364251417,9.765625e-05
01101110110101010011,25.75823214101065,9.765625e-05
00100011110000011001,27.84875157886052,9.765625e-05
01100100011011000000,16.60761311641604,9.765625e-05
10011000000101010100,31.84935808260049,9.765625e-05
10010111111110010101,17.845930865822506,9.765625e-05
01000001110110110000,33.83410527385904,9.765625e-05
10111101011100001110,18.90531785797465,9.765625e-05
01011110001101100100,16.645635883951904,9.765625e-05
11100000011101000101,33.225961232593086,9.765625e-05
01001111000110000111,16.669494644807738,9.765625e-05
01001100100101000000,13.255251220110361,9.765625e-05
00001101000100000000,12.015673703533574,9.765625e-05
00010100101000000101,28.70556286133324,9.765625e-05
00100000000101101100,44.54680436453188,9.765625e-05
11111101101010010001,26.363198382934712,9.765625e-05
11101101011100001010,19.409248726191098,9.765625e-05
10001000010101010101,61.1710980789323,9.765625e-05
01110100011010010101,12.424171221836923,9.765625e-05
10101111001110000110,33.485748137927466,9.765625e-05
01100110011011111101,24.556754636002157,9.765625e-05
00110010111101011101,38.29410871363576,9.765625e-05
01011111110100011010,19.740058057230474,9.765625e-05
11100100010101000000,14.741642837464195,9.765625e-05
00100101011110100000,23.361499632646268,9.765625e-05
10011011111001011010,24.958478093322135,9.765625e-05
00010100001100010100,21.6531912287824,9.765625e-05
00010011001011010011,24.282863375290944,9.765625e-05
10111110011001111010,31.428054290924454,9.765625e-05
11011101110111110111,11.306882680797658,9.765625e-05
01100111001110101011,26.425005202609015,9.765625e-05
00001001101000101000,27.385098777781923,9.765625e-05
10001101001101010100,15.301615225250824,9.765625e-05
01110100110000011101,12.43768716179979,9.765625e-05
01101111110010111101,20.450872141373164,9.765625e-05
00010110100001010000,16.649722165599776,9.765625e-05
10001101100011111001,16.681076755821397,9.765625e-05
00100001000000111001,28.962663701142336,9.765625e-05
10101010001010011111,57.148893806204995,9.765625e-05
10000110000011111010,25.21252524672863,9.765625e-05
10101000000001010001,51.39606124373524,9.765625e-05
10100101000000010011,20.47759243298333,9.765625e-05
00101101011010000100,15.757596263212921,9.765625e-05
01010000101000000010,30.424917853273694,9.765625e-05
00011111111110011000,15.514848054161325,9.765625e-05
00101111110101010010,23.491054337622113,9.765625e-05
10111101101110110000,16.89936800459921,9.765625e-05
11111110001100011111,29.380447180665044,9.765625e-05
10001101100100000001,15.142363051917028,9.765625e-05
01111000011111001000,16.91267251476347,9.765625e-05
00110100001011111101,27.622583700059856,9.765625e-05
00001101100000010001,16.749147705573073,9.765625e-05
01111000011010100010,9.787030242093099,9.765625e-05
11010111000011011001,21.26121564108081,9.765625e-05
01011110100000110001,18.06933206690924,9.765625e-05
00010101110101111011,32.9274345749749,9.765625e-05
10000010101101111110,53.70989870210969,9.765625e-05
01101100101001101001,18.42834714362017,9.765625e-05
11000101110111011100,15.413844622841527,9.765625e-05
01011000100000000000,14.825992226027997,9.765625e-05
11010100110010101010,24.220392179874704,9.765625e-05
10001000001100011000,36.895890626254754,9.765625e-05
10011110000111111000,19.269701484866157,9.765625e-05
00001111000011110101,15.230450816260397,9.765625e-05
11101101111101001000,14.603964675039101,9.765625e-05
01101110101010010001,17.82776023732576,9.765625e-05
10110001010110000000,15.64369038252445,9.765625e-05
11001111101101000110,18.535938074574553,9.765625e-05
00010011100000010110,21.884227837561426,9.765625e-05
11111001110000010001,18.270941879962564,9.765625e-05
11100010010101011111,48.3900135330296,9.765625e-05
01110011010111011010,15.65187631006282,9.765625e-05
11000101011111110001,19.261196094752492,9.765625e-05
11011111001000101011,35.05407934529499,9.765625e-05
11011011100000111100,21.050543458494513,9.765625e-05
10111101111110100111,13.40502773153948,9.765625e-05
10001110100110111111,29.882373962710634,9.765625e-05
11011000110000110101,12.88073557646683,9.765625e-05
00011100111000001000,18.670446268106083,9.765625e-05
10001100100011101101,24.071433721587372,9.765625e-05
10110101001110101011,23.202776827783403,9.765625e-05
10111100100001111111,19.490042132299266,9.765625e-05
00100110001000001010,21.741481274964805,9.765625e-05
00000101110110101011,44.706676477193284,9.765625e-05
01110100011111000100,12.91267251476347,9.765625e-05
01000110110010010111,22.21617368810557,9.765625e-05
10100011011010000001,31.976693805527077,9.765625e-05
11011001000111100000,15.816512825412453,9.765625e-05
11111110100011101110,27.342372891527397,9.765625e-05
00101100100110110001,22.309786781537873,9.765625e-05
11011001011001000101,13.15050786747182,9.765625e-05
10011010100111101010,27.7828605619032,9.765625e-05
11011001110111101100,13.283924097925777,9.765625e-05
11001111100101101100,15.409248726191098,9.765625e-05
11110011000011100110,24.307796087229185,9.765625e-05
11101101001100110101,18.32393420245392,9.765625e-05
11010110110101010011,11.979548654534248,9.765625e-05
10111010000000100101,49.18657906665095,9.765625e-05
11110000101110000101,14.912672514763472,9.765625e-05
10111100000110111100,22.25088623409585,9.765625e-05
10001010111011000000,42.74123714672113,9.765625e-05
11111100101111010100,11.997786535962842,9.765625e-05
01010000111000100000,27.780222252280623,9.765625e-05
10001010001101010010,52.7880646166396,9.765625e-05
01110111000011010000,24.806829156516585,9.765625e-05
00011011111000010001,20.232596820225655,9.765625e-05
10111100110111001101,20.80472471548508,9.765625e-05
10100100001111111101,34.77351774657384,9.765625e-05
01110101011100101000,24.646015950187895,9.765625e-05
00001101011010000100,16.188156870870245,9.765625e-05
11100011010110100000,24.071495027193127,9.765625e-05
11111100001110011010,14.666593694243868,9.765625e-05
00110011101010100110,21.568266576921374,9.765625e-05
11001101110001111100,8.784553707052337,9.765625e-05
11100110111101100000,20.428347143620165,9.765625e-05
11000010011101011101,38.77291123199405,9.765625e-05
01000011101010001101,24.91267251476347,9.765625e-05
11000011101101001101,18.76404531113289,9.765625e-05
01100011001111110010,23.393672999590926,9.765625e-05
10011010000001010101,44.34603997055718,9.765625e-05
11000001111111110111,37.834580519878685,9.765625e-05
01100000111000000000,18.27340218226594,9.765625e-05
11011111011011001101,19.54553917731648,9.765625e-05
10000101100010101011,30.618944944719875,9.765625e-05
00100000010101000000,40.31980251579894,9.765625e-05
00101101000101111100,19.896840878677992,9.765625e-05
01001100101110000000,17.414503393444157,9.765625e-05
11110001010101100101,11.987166898767855,9.765625e-05
11010011001100000101,17.073351622906277,9.765625e-05
00100011000101100100,27.08834782021735,9.765625e-05
11110110010100001110,19.980876703324736,9.765625e-05
11001100011000100010,10.657535824874495,9.765625e-05
01101100111010000001,13.229796213682622,9.765625e-05
11101101011011000000,18.17250814454988,9.765625e-05
00000010011110100101,52.9569658827463,9.765625e-05
00100100100100010101,24.13261528026566,9.765625e-05
10010101101101010001,16.951658959470393,9.765625e-05
10100101010000010100,19.900005329559445,9.765625e-05
01100001000111111000,26.73711275737948,9.765625e-05
00100001011011000101,30.325440916653847,9.765625e-05
10110110001110010100,25.076161915486267,9.765625e-05
01100101011101001011,19.782860561903203,9.765625e-05
11000111100101000001,13.631561517407242,0.0001953125
01000110100001001100,18.212895332660406,9.765625e-05
01000110010000111010,19.125043996965047,9.765625e-05
01011011001000111101,21.37095873046659,9.765625e-05
11110001010111100000,13.624511287415714,9.765625e-05
11110000010100000101,12.737466915680951,9.765625e-05
00001100111011100100,32.012526856264614,9.765625e-05
01110111001110000100,23.6848360488044,9.765625e-05
10000010010101000101,55.6696587318258,9.765625e-05
00100111000010111110,23.785921224320212,9.765625e-05
10011001110000110100,17.72615029142617,9.765625e-05
11110110011000000010,21.602105369303416,9.765625e-05
11000010101011101101,30.19896121876777,9.765625e-05
00101000001100110111,43.965519284570576,9.765625e-05
01111011100101001010,23.82305950733072,9.765625e-05
01100101101111110100,23.533946471590397,9.765625e-05
10001011000010000010,27.38354688149714,9.765625e-05
10010110000001010100,21.711838772652246,9.765625e-05
10110111010010010100,26.88524357445508,9.765625e-05
11111001100000110011,20.651343682652158,9.765625e-05
11100101010100001000,15.838849395388234,9.765625e-05
00000111100010010000,17.667499303112717,9.765625e-05
01010101001110011100,36.96644714979028,9.765625e-05
00111011011011111101,26.17870871069745,9.765625e-05
11110010101110010100,18.654321593821013,9.765625e-05
11011010011101001010,24.536776223371497,9.765625e-05
10100010001111110110,56.97134868743019,9.765625e-05
01110000101010101000,27.779447199187032,0.0001953125
10000000101101001000,40.492914366939054,9.765625e-05
01111010000010001000,24.534362669918693,9.765625e-05
01011110111011010010,14.53393678555344,9.765625e-05
01100001001111000100,18.91267251476347,9.765625e-05
10010000100010111010,32.689781837764414,9.765625e-05
01000101101011011001,39.310691743112855,9.765625e-05
00010000110010011010,42.23434057789145,9.765625e-05
00011001100010010111,25.198055609898923,9.765625e-05
11101101100001001001,21.937032848091093,9.765625e-05
00000010110101101111,63.73039649206724,9.765625e-05
10110010011010011000,28.587538832896474,9.765625e-05
11111100100010111111,15.602647133833841,9.765625e-05
00100110100101111010,28.63800776817747,9.765625e-05
01111001111011010110,12.049919372778236,9.765625e-05
10001101110000101010,17.306382457564798,9.765625e-05
01011011101100101000,22.872109392902242,9.765625e-05
11001110101110111111,18.867929215966946,9.765625e-05
01011111011010110101,16.543463343445673,9.765625e-05
01100101011101001010,18.42417122183692,9.765625e-05
11100110000111101010,24.046588761310225,9.765625e-05
10111000010000011000,32.13677255355624,9.765625e-05
11000110110011101101,18.130328103723436,9.765625e-05
01000111011111000011,19.781883961391642,9.765625e-05
10010111000110011101,16.182785931966045,9.765625e-05
11011010110000100010,18.041719296910795,9.765625e-05
11001111100101010001,19.468209844817817,0.0001953125
10001010110100111110,55.19980028748966,9.765625e-05
01111101010100101101,18.627797527960414,9.765625e-05
01010011101010000101,24.35360854383525,9.765625e-05
10010011010100000000,15.046708477404977,9.765625e-05
10010010000000100011,24.36026276912067,9.765625e-05
11100011011010000000,20.09341695480995,9.765625e-05
10010000100010110000,25.453426546104033,9.765625e-05
00000000100000110010,44.782071871979355,9.765625e-05
01011010101011000010,20.84497092736232,9.765625e-05
10111001001101000101,24.543469399535145,9.765625e-05
00110001111110111101,35.04519117887934,9.765625e-05
00100000101011011100,49.306750899990384,9.765625e-05
00101110001010100000,23.142353365880073,9.765625e-05
00011001111111000001,22.891803718949202,9.765625e-05
11111100110111000000,11.394772847768039,9.765625e-05
01100011001111101001,25.604365277832375,9.765625e-05
11001011111011010001,22.533936785553443,9.765625e-05
00011010001010000110,22.54649902864947,9.765625e-05
10101010111011110101,65.42133178401886,9.765625e-05
10110001001101011001,20.04184463978103,9.765625e-05
11111110101101110110,23.367852053620076,9.765625e-05
01000110110000010101,16.372205280029146,9.765625e-05
10001101000000001001,18.534682475429086,9.765625e-05
00000011101000101000,27.029794378774994,9.765625e-05
00011111100101010000,14.611496185503569,9.765625e-05
01011101101101010100,19.360015930854452,9.765625e-05
11001110101010101001,17.05801366335323,9.765625e-05
00111001100111101110,21.278771575630973,9.765625e-05
10111001110110001111,22.2348769223768,9.765625e-05
01010011111001011110,22.60342126700249,9.765625e-05
10010101111100000001,16.62337123634014,9.765625e-05
01000110000001000100,14.363774402289181,9.765625e-05
10000100100010101000,25.185593416556472,9.765625e-05
00010101111111011010,41.31429583520267,9.765625e-05
11111110100010011111,26.99396758047063,9.765625e-05
01110011110100001010,13.09671821389983,9.765625e-05
01111101110001010101,12.484723449417906,9.765625e-05
11100111010111001110,20.374530760155732,9.765625e-05
01010010000000000001,14.000950986844298,9.765625e-05
11011001110110011001,16.008411505666057,9.765625e-05
01111000111110100110,14.16388023035191,9.765625e-05
10101100001101011011,29.378510554566095,9.765625e-05
01101101101011010000,14.229513047023861,9.765625e-05
10001100100011011101,26.247998708279802,9.765625e-05
10110101001111011101,17.708490590047745,9.765625e-05
00100010000111110011,51.67337493838171,9.765625e-05
00100111010100001011,21.273340974627203,9.765625e-05
00101010001010110101,46.29758149389306,9.765625e-05
01110110111101011110,14.495547169389345,9.765625e-05
10110110001000101010,24.270941879962567,9.765625e-05
01001111101010101001,24.6676414935382,9.765625e-05
00001001111111000000,31.40252621928551,9.765625e-05
01110100011011010000,12.424171221836922,9.765625e-05
00001101100010011001,22.931930829549557,9.765625e-05
01110011111000011111,15.187262836102969,9.765625e-05
00110001100110101111,29.655627805483135,9.765625e-05
10111101000101011100,24.222367855228555,9.765625e-05
00110110110101101010,18.601564671289342,9.765625e-05
00001101000110001010,18.388158705777872,9.765625e-05
00010111111001100101,22.026453172184908,9.765625e-05
11000001101100111011,31.965519284570576,9.765625e-05
10000010011001100011,48.38587769454161,9.765625e-05
00000101101001000000,25.972753147908474,9.765625e-05
11001111011101101110,16.234237709351945,9.765625e-05
00100110001000101010,24.760643708022172,9.765625e-05
10111111100001101011,29.50264630892714,9.765625e-05
10100100101101110000,22.107876818475503,9.765625e-05
01111100111111000000,7.640873113930047,9.765625e-05
00010010101001010101,34.12082996748803,9.765625e-05
10011011110010111110,22.69134558078185,9.765625e-05
00011100101110101100,26.80560282262205,9.765625e-05
11100110010110111000,21.953194720984815,9.765625e-05
01110110001000101111,23.795513462983113,9.765625e-05
01001101101101001101,20.623371236340148,9.765625e-05
11101101101111100110,13.490093664740861,9.765625e-05
01010101001110100101,38.5544787998429,9.765625e-05
10001111001001000010,23.25060306743709,9.765625e-05
01100010100010101000,23.18607469702941,9.765625e-05
11110001110101110000,9.673484026878377,9.765625e-05
11001000000100111100,22.724952466315653,9.765625e-05
10001010001110011000,42.28946564891228,9.765625e-05
00001000101000000101,36.43175843276784,9.765625e-05
00001101111111100110,26.43863555863441,9.765625e-05
00110011100110001001,15.688932886705333,9.765625e-05
10101011011101111110,51.2028442878553,9.765625e-05
10100100011011100000,26.358689340066277,9.765625e-05
11011100000010111010,16.216376155448476,9.765625e-05
11111010110000000000,31.019224473084194,9.765625e-05
01000010110111000001,34.086356217233195,9.765625e-05
11101101001001111101,17.772668970178806,9.765625e-05
01001110010010101100,15.422077473894511,9.765625e-05
11101011000000110111,41.209566794760896,9.765625e-05
10000101101010001000,28.03728404283482,9.765625e-05
10011000010000000101,25.415000601547398,9.765625e-05
00000000100001111100,54.379413442572584,9.765625e-05
00111000100000000110,18.34144127675701,9.765625e-05
10100000000100111011,43.314833736067,9.765625e-05
01100001101010000001,24.1798628013387,9.765625e-05
10110100010100010000,12.879933756062423,9.765625e-05
11110000000101000001,15.271773787166165,9.765625e-05
00100101111010100000,27.246084338531702,9.765625e-05
00010000101100000000,29.114143767338795,9.765625e-05
00011101111011010101,19.129653405490494,9.765625e-05
01101100001011000100,13.757596263212921,9.765625e-05
01010101111100101010,47.4600922205358,9.765625e-05
00001010110110110011,51.78048179171341,9.765625e-05
01010101001011000010,43.721247279592106,9.765625e-05
11010010111100010000,14.611789038199284,9.765625e-05
00000110101001010100,28.055486537431996,9.765625e-05
11011010000000000110,28.163142218435745,9.765625e-05
01011111101001011111,24.633398741046477,9.765625e-05
10111011111100101010,24.360253083083713,9.765625e-05
00000010001001000101,39.69912809753739,9.765625e-05
00100101100111111110,30.341844589572823,9.765625e-05
00010001111011010111,44.01555400907501,9.765625e-05
10100011000111000010,32.52444915690326,9.765625e-05
00111111011010101000,20.86236097395701,9.765625e-05
00101010110110001101,55.4749338313619,9.765625e-05
00100111010000001111,22.114031027258463,9.765625e-05
00100101100000101010,26.272743411663306,9.765625e-05
10000100101111001010,35.05034370117415,9.765625e-05
01001110100100010001,16.126678644497993,9.765625e-05
10000100101100101111,36.62998529120311,9.765625e-05
01001001101011000000,20.666970963330115,9.765625e-05
10110100110101110001,12.738391467309725,9.765625e-05
01110001011110111111,26.0022342948617,9.765625e-05
10011111000100000111,28.113263135683162,9.765625e-05
10100011110000111110,31.0504050067799,9.765625e-05
00101001100000011101,29.692663121987117,9.765625e-05
01100101000100111110,21.730569607032024,9.765625e-05
00111010010101011100,48.39003570225326,9.765625e-05
01010011110110101101,20.60342126700249,9.765625e-05
00111011011111101001,22.17870871069745,9.765625e-05
11110010110000101010,14.384378788700737,9.765625e-05
01101100000111110010,14.244856437461813,9.765625e-05
10100011110101001111,38.145147545325884,9.765625e-05
00100010000001110111,50.21907463866944,9.765625e-05
11111000010011000100,22.851581330641622,9.765625e-05
00111100011010000100,12.958899711695508,9.765625e-05
11001101010111110010,10.683607326186237,9.765625e-05
11101100001011010100,18.250886234095844,9.765625e-05
11110010010100000110,23.80526541349915,9.765625e-05
11101110000010101111,33.48574813792746,9.765625e-05
01010100000111011100,23.100903087298967,9.765625e-05
00100000000011010010,37.033981874659816,9.765625e-05
11100010101101101000,27.62492592977467,9.765625e-05
00100100000101101010,26.071433721587372,9.765625e-05
11101000001010010100,25.176873130564395,9.765625e-05
10101110110010001010,34.54990416333099,9.765625e-05
10110011001001111100,25.135056297622327,9.765625e-05
11101000011111010000,35.7099696937524,9.765625e-05
11000101101101011101,17.674807086095747,9.765625e-05
01011010001010000010,16.516139981699332,9.765625e-05
01101101101101010100,10.055203370773238,9.765625e-05
10100001000000001000,19.69774194261667,9.765625e-05
01101010010101110110,46.80812650409967,9.765625e-05
10011100000001000101,17.343541266292767,9.765625e-05
01010001111110011000,36.7869946372818,9.765625e-05
01110001110000111111,21.555807180728664,9.765625e-05
10101101010110010100,28.872109392902242,9.765625e-05
00110101001111010100,16.136905917321062,9.765625e-05
01110111110100110101,15.025383378330979,9.765625e-05
00101100000101110101,29.031348348628274,9.765625e-05
00010011000000000000,13.221423844398668,9.765625e-05
01001011101101010000,19.899651171257975,9.765625e-05
00001000100110111110,51.25992529155798,9.765625e-05
00111110111011001101,20.234876922376795,9.765625e-05
10110001000001011110,20.781913841050773,9.765625e-05
00001110100000010100,23.524298102398742,9.765625e-05
00000101101001110011,38.05144928534324,9.765625e-05
01011011101101010010,20.869831178815723,9.765625e-05
01100001101010101010,34.00355183606697,0.0001953125
01101101101111110001,15.770439491384145,9.765625e-05
11011010101010101010,19.13921276020446,9.765625e-05
00110110000111000110,18.5528938341053,9.765625e-05
11111001101010011111,20.00237627814712,9.765625e-05
00111001010000101100,18.990219431526903,9.765625e-05
10010000111011011100,41.412768401890375,9.765625e-05
00000001001111010011,44.21713456812688,9.765625e-05
10100011101011101110,26.68734279559957,9.765625e-05
10000111100001111101,16.386286182434418,9.765625e-05
00100111100110011000,17.514316845883968,9.765625e-05
10100011110101100010,32.68943121103375,9.765625e-05
00100011001111101010,28.325820259308585,9.765625e-05
10111010001001111000,42.712451528825376,9.765625e-05
10000111101010010010,23.666522702601156,0.0001953125
11110000010110000000,10.960756307408657,9.765625e-05
00010011101001010100,22.098019093053722,9.765625e-05
01101001001101101110,19.645597776258132,9.765625e-05
01001100010001101111,20.2097246401856,9.765625e-05
00010101110111101100,34.98541409151915,9.765625e-05
11111111010110100100,34.99605599590481,9.765625e-05
01111100011111010100,7.885181534428268,9.765625e-05
11101010111110101001,36.98271934700905,9.765625e-05
11110000000010010100,14.914998816847982,9.765625e-05
01001001011111110111,28.73520829164822,9.765625e-05
11011111110010111111,18.98242649431334,9.765625e-05
11011001000110101111,18.64654876310243,9.765625e-05
11010111000001001001,24.455389825398385,9.765625e-05
10011100101101001111,18.542670289153282,9.765625e-05
10011111100001100001,21.966392183744887,9.765625e-05
10111110001101110110,35.526214545715334,9.765625e-05
11110110011111100011,18.34976866029979,9.765625e-05
10101000110110100111,50.717378680132555,9.765625e-05
11001101000000010101,15.459088036107527,9.765625e-05
11111001101011110111,17.28579619195524,0.0001953125
00100100001000000010,17.757843101479136,9.765625e-05
10100010000110110111,56.926551869750774,9.765625e-05
11110011010000000100,20.878724269313473,9.765625e-05
00110111011001001110,16.58712419053752,9.765625e-05
01001010000111111100,31.269984651524915,9.765625e-05
10110011001001001101,23.623448294912148,9.765625e-05
00000111100111010000,15.343897411035528,9.765625e-05
11000001100011111000,21.914991840833565,9.765625e-05
00001000011011110011,50.88328051314061,9.765625e-05
01011001011010110101,17.102795287823405,9.765625e-05
01111100001011010001,11.025383378330986,9.765625e-05
01110110101001001000,19.154235392731067,9.765625e-05
01001111011111110000,10.683607326186237,9.765625e-05
10101001101010000001,25.151418124136658,9.765625e-05
01101000101110111101,34.58100557572603,9.765625e-05
00100000111100000111,49.491230907826875,9.765625e-05
10001100010101000100,28.787653407884434,9.765625e-05
10001111101100101110,20.503625532334034,9.765625e-05
00100001000010011101,30.433504998423196,9.765625e-05
10101100001111110010,24.776414234845593,9.765625e-05
00000010100001010010,38.913071229492125,9.765625e-05
10100000000001010100,40.22828753467759,9.765625e-05
11010000111000000001,13.399137833782554,9.765625e-05
10110000000100000110,21.850071917215523,9.765625e-05
01000101010110111100,27.397897438686144,9.765625e-05
01010001111110101111,47.92516126333431,9.765625e-05
11000110100101000000,13.346519362965495,9.765625e-05
11100011000010101010,23.018086310073237,9.765625e-05
11001011000001010011,30.428054290924457,9.765625e-05
00001110111101110000,30.20321429749969,9.765625e-05
11110000000100001000,11.69774194261667,9.765625e-05
00111101111011101101,17.839182538109604,9.765625e-05
11100100001000100000,14.459371202766285,9.765625e-05
11110010000110101110,22.2651472491165,9.765625e-05
10010101011100110100,18.431469024515735,9.765625e-05
11100001011111101000,22.130328103723436,9.765625e-05
11111010011100001000,31.863678515162277,9.765625e-05
00000100110001101101,43.44111811728864,9.765625e-05
11100110000010010101,25.70397257392724,9.765625e-05
11010000010010101000,13.43240751733352,9.765625e-05
01010110110000010101,12.649722165599778,9.765625e-05
10001111101000110111,23.579510435627682,9.765625e-05
01101110001111101111,23.59127647425498,9.765625e-05
00000111110000000000,15.38946656094618,9.765625e-05
11101000100010100010,18.780766813960792,9.765625e-05
10101100110100011000,29.368798169746146,9.765625e-05
00010010111111001001,36.70043430919951,9.765625e-05
01111010011110101000,18.362456861083917,9.765625e-05
10001110010110101011,29.833812421163323,9.765625e-05
11101100011101110100,20.049543660070977,9.765625e-05
01111111001101011010,24.584557477284015,9.765625e-05
00111000111001111101,35.6130952498614,9.765625e-05
11100101101101100101,14.141081839104306,9.765625e-05
01101001001001011001,21.962654015105382,9.765625e-05
01010011100011000100,18.00705358689828,9.765625e-05
01100010010000111101,32.666970963330115,9.765625e-05
00001101100011111100,23.269984651524915,9.765625e-05
11001011000000000111,28.466351262663373,9.765625e-05
01011101111110101000,31.22051470395901,9.765625e-05
11111000011110000000,15.313898763980205,9.765625e-05
11100100111011010101,18.022447764516944,9.765625e-05
00010111110000010101,16.362456861083913,9.765625e-05
10100011110101010000,36.34522566696607,9.765625e-05
11010000111010000010,21.467453118917966,9.765625e-05
10101110000100100011,44.93204990919027,9.765625e-05
11110001100101110101,12.887265596333723,9.765625e-05
01100101001110100101,24.73154994625445,9.765625e-05
01000101101110101111,52.41104151341601,9.765625e-05
01011111101001000000,28.80161697212222,9.765625e-05
00100011001010010010,22.627558732224962,9.765625e-05
01000111110110001010,22.64634182262759,9.765625e-05
00011101001110110110,20.82693895772024,9.765625e-05
01001111011010011101,13.02539306436794,9.765625e-05
10100010000111010001,57.190618212701764,9.765625e-05
00001110101000100010,21.903720507427032,0.0001953125
11011110011110100001,13.080606121178132,9.765625e-05
01101101100110101111,22.53579962285994,9.765625e-05
00101010010100100111,60.05519368473628,9.765625e-05
01000101100110101101,39.47129434160085,9.765625e-05
10001011011111100010,32.30470451646472,9.765625e-05
01100111111010001010,21.726499361777847,9.765625e-05
11010100111111001100,21.229738439647676,9.765625e-05
01110011100001011111,18.159611027689444,9.765625e-05
11110001010101001110,12.010766043903512,9.765625e-05
11011110110010111111,14.202844287855301,9.765625e-05
10101110101000001010,31.158654708336915,9.765625e-05
10110100000001000000,14.554436953438252,9.765625e-05
01011101101010001101,37.12989917724036,9.765625e-05
10011111111011010111,20.062513041820882,9.765625e-05
01011000110000000000,11.473809707916635,9.765625e-05
10110010011111110010,39.36606647118583,9.765625e-05
00000000111100101111,73.79990500422602,9.765625e-05
01110010111100101110,20.032125278946666,9.765625e-05
10001000001111110111,52.802065488659075,9.765625e-05
01100010000011100100,27.032196270589374,9.765625e-05
11010010000100100000,14.504881855060745,9.765625e-05
11001111101010011101,17.740058057230474,9.765625e-05
11011100110111100100,9.055139355144942,9.765625e-05
00100110100101011101,30.5367512569981,9.765625e-05
11100010011001110010,34.29758149389306,9.765625e-05
10111101100100100101,17.788970312635655,9.765625e-05
10010000101001111100,35.95633001578839,9.765625e-05
00100111100101111011,21.413458609279445,9.765625e-05
00100000101010110101,48.932169646921196,0.0001953125
00110101101111110101,23.36606647118583,9.765625e-05
01010001111000111111,41.86448127712781,9.765625e-05
01100100000100011100,15.581303739293787,9.765625e-05
00110100001011000101,18.050895973289798,9.765625e-05
00110010000000001001,20.44334136532977,9.765625e-05
00000010100111010000,42.62580936941987,9.765625e-05
10000000000101011101,49.07958309781095,9.765625e-05
00110101101001100001,21.14889380620499,9.765625e-05
01100100111010100000,23.77694151890821,9.765625e-05
11000100010111001110,22.051310615648752,9.765625e-05
00010100110010001000,29.50853029643768,9.765625e-05
11111101011000011111,20.287913752627496,9.765625e-05
10101001100000100010,21.6315712034442,9.765625e-05
11100011010100000110,26.0019019736886,9.765625e-05
10011111010001010110,27.648475616037224,9.765625e-05
11101111000000100111,41.38428840334794,9.765625e-05
00110010001111101100,30.65666218002964,9.765625e-05
01110010011111111100,25.09101966108273,9.765625e-05
00100101011010101101,30.130328103723436,9.765625e-05
01000110010110111111,26.102724296180696,9.765625e-05
10011001010000000100,17.123136603231366,9.765625e-05
00110101011110000001,14.136905917321059,9.765625e-05
11101110111110000001,27.610536247043385,9.765625e-05
11101100010000000100,23.09037222002324,9.765625e-05
00110111100100001011,16.47931410855267,9.765625e-05
10111000000000001001,28.998134452670964,9.765625e-05
00111000111000101001,22.008363417668065,9.765625e-05
10110001011001010101,20.22578374246339,9.765625e-05
01101110100111001000,21.70295412701104,9.765625e-05
11111001000101001110,23.265870769768497,9.765625e-05
10110001011011110111,26.155755852977727,9.765625e-05
11111100100110000010,14.719312509081767,9.765625e-05
01101110110011011001,22.563400644092752,9.765625e-05
10101011011111001011,47.23525626503154,9.765625e-05
01110110110110111011,15.385700204411917,9.765625e-05
11110011011101101110,17.41246659757877,9.765625e-05
11110001011000100011,14.64654876310243,9.765625e-05
11001100011001010101,14.586950232388286,9.765625e-05
11110011011000101000,18.12579071552902,9.765625e-05
01001110000001001011,19.508331546169455,9.765625e-05
10100110100101000001,29.05989065982861,9.765625e-05
10011100010111010111,20.86502928325158,9.765625e-05
10110001110011101000,17.279748176142533,9.765625e-05
00011000100100010100,26.139835925995797,9.765625e-05
11001010010001010000,37.1223340484059,9.765625e-05
10111111100010101001,31.396738837084932,9.765625e-05
01000110000001111111,23.04449148179701,9.765625e-05
01110100101010111011,32.0317711206452,9.765625e-05
01000000110111001010,47.678038077124164,9.765625e-05
11011101000011010101,19.48574813792746,9.765625e-05
00111110010100100101,26.712451528825376,9.765625e-05
01100101000101000000,13.917873125056264,9.765625e-05
01010010110101000101,20.5509918604167,9.765625e-05
00010000111111011000,52.44917963267808,9.765625e-05
01111001010111111000,18.64367372047308,9.765625e-05
00110010010001101000,25.939325346301725,9.765625e-05
01001110110010101000,16.002151521977353,9.765625e-05
10111011111011101111,25.650805607123772,9.765625e-05
01010000110010100100,28.455276900223836,9.765625e-05
10011110001101111111,24.77038795894255,9.765625e-05
01011000111110000100,18.87891530914622,9.765625e-05
00110101111011100111,26.416359374339443,9.765625e-05
10100111001111100000,22.55688964327316,9.765625e-05
01001101010010111101,17.455953672025263,9.765625e-05
10000111110010100111,23.68756837372726,9.765625e-05
00001100101101000110,26.43335497260701,9.765625e-05
00111000110110111111,36.08537961672164,9.765625e-05
00001101101111111010,28.73343237361474,9.765625e-05
10000000101111111101,64.28056871638462,9.765625e-05
10001010101000010010,39.608040252801516,9.765625e-05
10100011001010001011,29.21802412935257,9.765625e-05
10010011111011011001,22.26274995538928,9.765625e-05
00100000011100001111,50.93870561411418,9.765625e-05
11111101110101110100,12.457806823294803,9.765625e-05
00010001101010101010,50.915895681241,9.765625e-05
01101100101111101111,22.752424281717005,9.765625e-05
11001110101111000000,17.586709635715415,9.765625e-05
00110010000011011010,26.649075703519788,9.765625e-05
11001010110111100000,30.94259836923866,9.765625e-05
01001100000011111111,20.755373026011604,9.765625e-05
01011110001110111011,15.062368239749539,9.765625e-05
01011101101101110101,20.538379015643834,9.765625e-05
00111011011001001000,22.005203232778484,9.765625e-05
11010010110101000000,14.183980949087001,9.765625e-05
11010000100100110101,16.46782872286184,9.765625e-05
11100110001100001010,22.47812596947911,9.765625e-05
11110010010100101010,19.693620350424762,9.765625e-05
10001110110011100010,26.72402395380208,9.765625e-05
11111000011101101000,18.325088401858565,9.765625e-05
11011101011001011100,15.158654708336918,9.765625e-05
01011001101001001001,26.94784417200303,9.765625e-05
00001011111010100010,24.2316751965993,9.765625e-05
11011001101100100010,18.7278631137563,9.765625e-05
01100000101101001101,35.23344465505956,9.765625e-05
00001110110110011010,27.16982562143523,9.765625e-05
11001101110111001001,14.008411505666057,9.765625e-05
01001111000101111111,16.124491088395356,9.765625e-05
10110001111010010001,19.07005840634716,9.765625e-05
01000000001110100100,36.62371562147746,9.765625e-05
00111101000110110110,16.31544928938988,9.765625e-05
11101001101101011101,24.29374651280352,9.765625e-05
01011111101101110110,21.412701138162163,9.765625e-05
00100101000000000111,17.996832839096,9.765625e-05
01100111000010101111,26.059725652885618,9.765625e-05
01011011111111101000,18.069156241921917,9.765625e-05
00101101111101110100,18.164914604898417,9.765625e-05
11100011010000001010,21.980876703324736,9.765625e-05
01110100110111100000,16.130328103723436,9.765625e-05
10001000000111011101,52.77291123199405,9.765625e-05
10100101011100001010,20.075210928641965,9.765625e-05
11011111011100000010,26.761148077643696,9.765625e-05
01100110100001011010,17.182637499947216,9.765625e-05
01100100011111001110,26.372564036417774,9.765625e-05
10111010101111000110,38.42309780887534,9.765625e-05
01001010110001000110,29.100903087298967,9.765625e-05
11111100110111000100,12.729642552520769,9.765625e-05
11011000100010101110,17.536208758046612,9.765625e-05
11111011001100101011,32.584557477284015,9.765625e-05
10101101001101011100,22.87114872002099,9.765625e-05
10101010100111011111,67.050309135891,9.765625e-05
10101110101110111011,31.282118311072978,9.765625e-05
00010001011100011111,35.4940315143699,9.765625e-05
11110101000001000001,24.455389825398385,9.765625e-05
10001011011011011100,33.64087311393005,9.765625e-05
01111101011110010000,13.740058057230474,9.765625e-05
01101010101001001011,31.06635219093528,9.765625e-05
01010011011010110001,20.15516618595318,9.765625e-05
00011001111001000111,22.753139710129403,9.765625e-05
11100111001011000001,25.11318943401791,9.765625e-05
00011000111111100100,37.552961207050004,9.765625e-05
00001101010111111010,22.045432695477153,9.765625e-05
10000101110110101000,24.65754652875996,9.765625e-05
01110001001110001010,25.050895973289798,9.765625e-05
10111010100100000101,45.63812757139942,9.765625e-05
01110001010101000100,8.660845077827299,9.765625e-05
10010110110000000101,17.09246596796565,9.765625e-05
11001110100111001011,19.73620714851063,9.765625e-05
11111000110010001000,14.11630226533057,9.765625e-05
00000110100101000100,24.276861559411607,9.765625e-05
01011101010110101111,21.48632967529403,9.765625e-05
10110000000110010100,26.78232848340973,9.765625e-05
10011111010000000100,29.313963514029567,9.765625e-05
10011100101001001000,15.909682843989167,9.765625e-05
00010011111010001100,22.922006291349746,9.765625e-05
11001110111101111100,20.28912117664776,9.765625e-05
00010011100011010101,21.46502031834647,9.765625e-05
11101001010100001100,26.31520037755517,0.0001953125
01010001110101111111,35.950200892982025,9.765625e-05
10011100010010001010,15.757596263212921,9.765625e-05
11010101011110111011,28.251463603437564,9.765625e-05
10111111101111111110,21.41661617127369,9.765625e-05
00000100010011001010,35.1428255967701,9.765625e-05
10101111110010101100,29.647862859864087,9.765625e-05
00100111011000110111,24.515785823397863,9.765625e-05
10000101101010100001,29.158398096906545,9.765625e-05
01001100010000000101,12.298198418091047,9.765625e-05
10000111100001010101,15.96265401510538,9.765625e-05
01000110111000111100,25.210383410788232,9.765625e-05
01010001110111101100,34.21426629437189,0.0001953125
00011110110101010001,17.294693968077013,9.765625e-05
01011100001011000111,17.931883770239896,9.765625e-05
00100000110110011010,51.153350956873545,9.765625e-05
10000100101101010111,35.55626087234252,9.765625e-05
10010111010001010110,20.087442211348495,9.765625e-05
10011101001011100011,18.5120280863842,9.765625e-05
01010011110111000000,14.050895973289794,9.765625e-05
01100100111000100100,19.847907177630404,9.765625e-05
00101000110010101010,37.001117147430854,9.765625e-05
11011011101000000101,24.121984156096303,9.765625e-05
10001101000111001111,18.643673720473082,9.765625e-05
01010101111100010010,33.8538936806973,9.765625e-05
11110011011011000101,18.495441405323426,9.765625e-05
00011101001010000110,23.3663156873793,9.765625e-05
10110101111011000010,17.983142853447045,9.765625e-05
00001000001011111100,45.877052471839725,9.765625e-05
00111001011001111101,23.208528703139706,9.765625e-05
01001110010100101011,19.59424459062349,9.765625e-05
01000001001001101111,36.67251784682484,9.765625e-05
00111011101001011111,24.464114709477624,9.765625e-05
01101101110101011000,14.724994312720296,9.765625e-05
00011110010100101110,19.677328694004874,9.765625e-05
00011111011100101101,14.906171210820656,9.765625e-05
10101100111100111100,30.367843738458237,9.765625e-05
11110101010001010100,14.201348826458037,9.765625e-05
11011000001111111010,20.33455115126256,9.765625e-05
10111001000101101111,25.36002750495603,9.765625e-05
01001011101110110101,22.76009768833969,9.765625e-05
10001010001101111101,58.25642958601976,9.765625e-05
11101111001000100011,37.86402955031906,9.765625e-05
01001111101001010101,14.614306478083556,9.765625e-05
10101111101010100000,27.167798686270856,9.765625e-05
10010010001111010111,40.0022342948617,9.765625e-05
11110111001010110001,32.92230149024503,9.765625e-05
10011010001101000010,34.166442743104554,9.765625e-05
01000000111101001011,53.02087433546255,9.765625e-05
00100000111111110001,64.1591661956219,9.765625e-05
01001100110010101010,22.998368073329416,9.765625e-05
00100011111000100000,22.5371171640652,9.765625e-05
00000001100100111101,44.90685309220807,9.765625e-05
00001010101111000000,37.80238683929899,0.0001953125
01001101110100000000,14.41361371220561,9.765625e-05
00001100111100011111,38.58703185162908,9.765625e-05
11100110011000101010,21.827491218996073,9.765625e-05
00010100111010000010,36.15354466890081,9.765625e-05
01100101001111010000,16.660622395226028,9.765625e-05
10110011001001111110,26.183614394726035,9.765625e-05
10011010110100101010,27.72308618456555,9.765625e-05
00010000100001111010,43.754708737396875,9.765625e-05
11010101111110100101,26.089691280196956,9.765625e-05
10000011110111001001,29.360956224609655,9.765625e-05
11010000010010011110,18.229738439647676,9.765625e-05
00101111000001001010,24.86051135425827,9.765625e-05
00011101011000111100,21.09564562289616,9.765625e-05
10110010100010000000,21.92151261481731,9.765625e-05
01011000110011101110,27.42972154977526,9.765625e-05
10000101110011111100,25.80238683929899,9.765625e-05
01011000011001001100,18.214651584352715,9.765625e-05
00100100111111111101,50.43570274197011,9.765625e-05
00010111011010010101,18.199976221240362,9.765625e-05
10011010010100010111,46.731549946254454,9.765625e-05
10101000100111101010,40.56087902534381,9.765625e-05
00000000100011111010,60.81956464538662,9.765625e-05
10001010100011000101,46.1798628013387,9.765625e-05
10100000011000011100,42.26968972526071,9.765625e-05
10101110010001001100,53.92578888062139,9.765625e-05
11110110011010010101,18.333607227559874,9.765625e-05
10110001110111111100,24.073706847724097,0.0001953125
11000110010100111110,18.431469024515735,9.765625e-05
00101100101101101000,22.012539339451312,9.765625e-05
01010000110010000000,21.702350322453793,9.765625e-05
11100111000111000000,24.333671977609235,9.765625e-05
01010101101001010111,38.013470954221695,9.765625e-05
01000101100100101111,38.22422716096424,0.0001953125
00111110110110110111,21.30215801846957,9.765625e-05
11111001111101000000,13.210624094588297,9.765625e-05
01111001000101011101,21.017119395598634,9.765625e-05
00000100000101111101,37.196912761673616,9.765625e-05
10101101000110000000,25.050543458494516,9.765625e-05
10110011110000010000,20.61524570532241,9.765625e-05
10000011001110001011,28.84587309178756,9.765625e-05
11101000101110110010,22.41323114308714,9.765625e-05
10111100110101011000,18.755727184313074,9.765625e-05
11110010110110010000,16.544591634915786,9.765625e-05
01001111011111000010,12.202844287855305,9.765625e-05
11010011100101101000,14.517049122138985,9.765625e-05
01010111101111100000,33.23645220207744,9.765625e-05
01001000010011100000,22.41796277058982,9.765625e-05
10011011110010101110,19.609164376246774,9.765625e-05
01010010100011000100,19.830491310228396,9.765625e-05
01011011000111110111,18.956553313955837,9.765625e-05
00011101100111111110,25.440501193090647,9.765625e-05
11011010111011111111,24.475452692247607,9.765625e-05
10001110111001100011,30.326693904153437,9.765625e-05
11111000111111100000,14.73711275737948,9.765625e-05
11010111011001001111,20.03499416710987,0.0001953125
00110100001111101100,25.465197808476166,9.765625e-05
10001101110011101000,15.581978731793985,9.765625e-05
00010010011110000111,33.09472587649461,9.765625e-05
11110111010001011011,23.703943515816377,9.765625e-05
11010011111011100101,16.6042656682326,9.765625e-05
01110000011110101000,20.78226373336037,9.765625e-05
01011110110000011111,15.997786535962844,9.765625e-05
10000010001100010110,46.37631374174049,9.765625e-05
11100001011010100100,15.692663121987117,9.765625e-05
10010100000011100000,17.825333455425366,9.765625e-05
10010000101111101001,37.76115778531684,9.765625e-05
10000000000001010100,36.492914366939054,9.765625e-05
01011101100101010101,15.995573071925683,9.765625e-05
01100011011011010011,21.57478588206299,9.765625e-05
11010100010110111001,11.39102053079946,9.765625e-05
01001011001000100000,16.962701808836112,9.765625e-05
10101011000101110100,54.956759949323605,9.765625e-05
11110011001110100011,24.74777966061454,9.765625e-05
01011111110011000101,16.034994167109872,9.765625e-05
11111100001000011111,17.62093654770403,9.765625e-05
10101101100001010111,20.867020886235736,9.765625e-05
10110100101011010100,19.57780281001074,9.765625e-05
00111010100010000000,23.294720403292537,9.765625e-05
10001010101010001010,33.06796465840475,9.765625e-05
00000001011010110100,40.6729324891838,9.765625e-05
11111001011101111000,17.390959312320902,9.765625e-05
11110011001101000010,23.377505412384856,9.765625e-05
01011011101000010001,22.366291842173453,9.765625e-05
01010000011000001010,24.876105016566232,9.765625e-05
01010010010001001100,15.507223175690438,9.765625e-05
11100111100101111001,17.56914926050932,9.765625e-05
11001101110101111110,10.879579597760957,9.765625e-05
10100001110101010101,36.15723495668239,9.765625e-05
01100101010010100011,24.53579962285994,9.765625e-05
01110000111011001100,23.93786905911459,0.0001953125
00110100110100111010,20.699179629978985,9.765625e-05
01110100000110111101,19.45177775024202,9.765625e-05
01011101100111110100,21.58579778525322,9.765625e-05
01001101011111011100,14.784235877143415,9.765625e-05
01111101010110101001,20.77736874242088,9.765625e-05
11110010010110110000,21.47224532844515,9.765625e-05
00101101111110111100,24.341428059149244,9.765625e-05
00011000001111010100,30.56088871138076,9.765625e-05
11011010100111010101,27.087371219705794,9.765625e-05
10010100000100010100,14.164632161820906,9.765625e-05
00100101111010111111,38.60244113492012,9.765625e-05
01010111111011010001,22.459573055291333,9.765625e-05
00101111011010010010,20.207819320020413,9.765625e-05
01000100000110101000,28.059510582752807,9.765625e-05
00111101110001010101,12.463633429004679,9.765625e-05
10011010011110101100,30.12850961570406,9.765625e-05
01010011110001010100,12.276446917052649,9.765625e-05
11100011011110000110,23.109601291194586,9.765625e-05
00111111110111101100,17.04999036442094,9.765625e-05
11011011111101000111,20.27502903182655,9.765625e-05
11000111111011010001,14.739971137957461,9.765625e-05
00010000100011110101,45.76115778531684,9.765625e-05
00101000101111110100,47.70989870210969,9.765625e-05
10111111011011101111,25.54726908092047,9.765625e-05
10000001101010001010,33.225961232593086,9.765625e-05
01001111001111110000,12.000332310376738,9.765625e-05
01011101000111100011,22.349004947589165,9.765625e-05
01011010111010110100,18.252723370607885,9.765625e-05
10010101101110110101,28.07338993774011,9.765625e-05
00001110000111101100,24.471294341600853,9.765625e-05
10010000111001111010,39.17833466313256,9.765625e-05
10010010000010100011,24.69134558078185,9.765625e-05
11110011000101000010,25.685787035648694,9.765625e-05
00001011101111100000,24.090242730764334,9.765625e-05
10001011000111111110,33.64654178708801,9.765625e-05
00000001011111100001,45.55798525793441,9.765625e-05
10011110111100010010,21.594244590623493,9.765625e-05
11000010100001111001,24.625873385048163,9.765625e-05
11001000101000101010,19.10160714874985,9.765625e-05
00001001000011011101,30.228761839136116,9.765625e-05
10010101000111010010,19.514838368124373,9.765625e-05
01110100011100011110,13.166725909763315,9.765625e-05
00000100010111011111,48.48523743958538,9.765625e-05
10011010001011110010,31.81524952667133,9.765625e-05
11011100000000010101,13.82942151637447,9.765625e-05
11111011011101111111,29.379238026011382,9.765625e-05
00100101011101001110,22.06725779980413,9.765625e-05
01011010101110000000,16.491359673504526,9.765625e-05
11011010010010101000,15.917873125056262,9.765625e-05
10101101011010000000,22.248075941515857,9.765625e-05
00001110101101101001,26.164914604898414,9.765625e-05
11110101000100010000,21.614387155763225,9.765625e-05
10100101011011110000,21.044491481797007,9.765625e-05
00111010110001101010,30.255073729980662,9.765625e-05
00100101111100100000,22.01253933945131,9.765625e-05
01000101110111101010,40.39373494165073,9.765625e-05
11011111010111110000,17.614023311424795,9.765625e-05
00011011111110000010,17.022438078479986,9.765625e-05
10100111001010111000,24.666593694243865,9.765625e-05
00001000101101010000,42.78207187197936,9.765625e-05
00001000100010111101,47.69581435526081,9.765625e-05
01000001101111101010,51.45206810005526,9.765625e-05
01011101111100110101,18.083099318270257,9.765625e-05
01001110000100101000,16.889590869729908,9.765625e-05
10000110001110110111,34.50544674121576,9.765625e-05
01001011001101110000,19.561591107689267,9.765625e-05
10001001001101100110,24.966950523199486,9.765625e-05
01011111110000010101,18.363481549593466,0.0001953125
00001110010101001010,27.934161249905348,9.765625e-05
10011001011100001000,16.60325781643848,9.765625e-05
11001111100000110100,19.14676270118171,9.765625e-05
01100000000011110011,32.02147116400538,9.765625e-05
00101000001111010100,45.26525374760349,9.765625e-05
00100011100100011110,27.283924097925777,9.765625e-05
11000011011110111010,22.25641989998281,9.765625e-05
11010011101110010111,22.135929316809502,9.765625e-05
00101100100111110100,26.693610577260607,9.765625e-05
10110111000111011010,22.24849601435006,9.765625e-05
01000000110110010000,35.52237124946395,9.765625e-05
00000100111000110101,44.78116970755411,9.765625e-05
00010011111001011101,26.317298723584738,9.765625e-05
10111111000011101000,35.70502046034878,9.765625e-05
00000101110011011011,38.58896330265103,9.765625e-05
10001101101110001010,20.519862124741515,9.765625e-05
10111010100010101000,30.849166308346675,9.765625e-05
00000101101010001010,45.25165339125009,9.765625e-05
11111011111111100001,22.91260088666671,9.765625e-05
00111001111011101000,19.474521899025483,9.765625e-05
10011010100001110111,38.7301417470653,9.765625e-05
00100100000111011010,28.11859403995996,9.765625e-05
10100000101111000001,42.0863562172332,9.765625e-05
00100011101011100000,22.911695914251908,9.765625e-05
10100000101001001010,32.27549593020835,9.765625e-05
00100000001011111100,50.04753340859416,9.765625e-05
01000011101110011001,28.435412392156877,9.765625e-05
11011011100000110011,25.860188327636166,9.765625e-05
01100110001110111000,19.98630555205893,9.765625e-05
01011001010110101111,20.06915624192192,9.765625e-05
11110101011001000111,16.03499416710987,9.765625e-05
11010011101010001001,21.776351029925745,9.765625e-05
00110000011000001010,20.033101879458226,9.765625e-05
11000011000101000111,21.622654691702564,9.765625e-05
11001000001100110000,19.459296483252526,9.765625e-05
11101111000111110110,29.977788027677022,9.765625e-05
10011011000100100011,26.97644177054768,9.765625e-05
00010111111001010101,18.330963095566428,9.765625e-05
00100001010111010011,38.04797930223568,9.765625e-05
11001101100101000100,10.778933121892365,9.765625e-05
11110010011110101001,19.066352190935277,9.765625e-05
10001011100111000100,29.08834782021735,9.765625e-05
00010011110000101000,18.782328483409728,9.765625e-05
10010010010110001101,27.82672034476715,9.765625e-05
10001011001101001110,32.5367762233715,9.765625e-05
10011011111100000111,25.63575869932902,9.765625e-05
00010111110001110111,22.302100244434623,9.765625e-05
01000101100110100111,39.12570650627855,9.765625e-05
10111010011010001110,38.31659631647987,9.765625e-05
00100011000010001100,20.729542942921,9.765625e-05
11110000000110000001,14.30882067777172,9.765625e-05
00100111001010001010,20.543469399535145,9.765625e-05
10011011010101000110,30.664274368173775,9.765625e-05
10000111000101100101,17.390959312320906,9.765625e-05
11011110000100000100,26.41055658135941,9.765625e-05
01000001110011111101,40.93772901360262,9.765625e-05
11001100101111001111,20.5063399431853,9.765625e-05
10010111001111010110,21.202776827783403,9.765625e-05
01010000011101011100,29.55461904165511,9.765625e-05
01111111100011001011,29.362331724944084,9.765625e-05
01111110011000110111,17.367852053620084,9.765625e-05
10001001000100000101,27.359903092807098,9.765625e-05
01010101000001011001,28.618723083666872,9.765625e-05
00011110111010000100,17.692663121987117,9.765625e-05
11100101001111111101,18.739971137957465,9.765625e-05
10001001000110011010,27.72026965039221,9.765625e-05
10101100101000011111,25.72026965039221,9.765625e-05
01101010000010001010,27.45928510504154,9.765625e-05
10100110011011110010,35.66594210679571,9.765625e-05
11011111110001010111,20.83751872370241,9.765625e-05
01011001011101111000,19.07735620902597,9.765625e-05
11110100111000101010,14.33299718140928,9.765625e-05
00100100001111010100,28.386231852843082,9.765625e-05
00000111110100001001,18.766027140952886,9.765625e-05
11101000001101000000,29.767341237714547,9.765625e-05
11111100011000110101,12.08748302906482,9.765625e-05
10100000000111011101,54.419421593135446,9.765625e-05
01100100101010011100,24.380432748865083,9.765625e-05
01000110110100010000,14.26930965902472,9.765625e-05
10100101000000000010,19.537188155707913,9.765625e-05
01111001111110110001,15.801120830535325,9.765625e-05
01010110011011011000,16.42417122183692,9.765625e-05
11110100010000000000,10.871502878322456,9.765625e-05
11010101100011101001,33.2129310245989,9.765625e-05
01010111100100001101,23.96177130988125,9.765625e-05
00110110000101111100,22.128536258059647,9.765625e-05
11100010110001100110,30.8136377827831,9.765625e-05
00000111110111000100,18.06725779980413,9.765625e-05
11000011001110101101,19.88518153442827,0.0001953125
10110100111011110110,24.508115861218783,9.765625e-05
10110000001000010100,22.409531892849856,9.765625e-05
10011010110110110111,38.75906955538653,9.765625e-05
10100101000100100000,17.484816523157072,9.765625e-05
01101010101101101010,31.82998368166713,9.765625e-05
01001111111010000001,16.84415494778903,9.765625e-05
11111000001000001010,17.821627240013484,9.765625e-05
01001111011101010001,13.200052643767979,9.765625e-05
00011101110110000000,15.135470939981282,9.765625e-05
00100001010101111110,40.149426521152506,9.765625e-05
11011101110100010100,12.227361525046504,9.765625e-05
01110010010111100000,19.00328188701597,9.765625e-05
00010000110101000100,34.81383653305133,9.765625e-05
11110110111101011100,13.042584088063327,9.765625e-05
11111001110000011101,17.7365613068121,9.765625e-05
10001000100011111100,41.49918403666471,9.765625e-05
01100010101101000000,24.9597956345274,9.765625e-05
00111110011010100000,17.631561517407242,9.765625e-05
00001100100101010100,24.474757163190127,9.765625e-05
11110101001101010101,14.086841214780819,9.765625e-05
00011000101100100101,28.635518749950016,9.765625e-05
11011000111011011101,22.120829967488028,9.765625e-05
00100111011110100011,23.393672999590923,9.765625e-05
10001101011101011111,23.297504260657,9.765625e-05
11110110000110011111,20.248505700387014,9.765625e-05
11101111101111111110,18.73148800419465,9.765625e-05
11111101000010101001,35.48180477028632,9.765625e-05
10010010101101001000,24.229738439647676,9.765625e-05
10101111111001111010,26.184693325699723,9.765625e-05
11100110001001111111,24.869831178815723,9.765625e-05
00000111100111011110,23.058366178148507,9.765625e-05
00011101110100011100,18.42207747389451,9.765625e-05
10010101010011101000,19.9607466213717,9.765625e-05
00000101110111111011,45.97568797265025,9.765625e-05
00100000110010110100,47.44111811728864,9.765625e-05
11001111011101110000,16.530858236096485,9.765625e-05
11001010100010101010,20.78076681396079,9.765625e-05
01011000101001100000,21.366536617711,9.765625e-05
00110100110101101011,20.555736189085955,9.765625e-05
01101101110111011010,15.52787836012253,9.765625e-05
11010011111010011101,15.00328188701597,0.0001953125
01111010111110011000,18.055071895073038,0.0001953125
00010011111010000111,26.211924064657072,9.765625e-05
11101101100000000101,22.73292879306547,9.765625e-05
00110110100100000110,16.230689426491978,9.765625e-05
00111000010010110000,22.471294341600853,9.765625e-05
11100110001010111111,24.186729299607187,9.765625e-05
10111101010011010100,23.728736943651917,9.765625e-05
00010001001001010100,24.53736129230888,9.765625e-05
10011011001011101110,22.021159379389566,9.765625e-05
00110100000101110100,16.91499184083357,9.765625e-05
01011000111110000001,18.91307122949212,9.765625e-05
11010001100110101001,24.95889002565855,9.765625e-05
10001011011100111001,38.373759249882426,9.765625e-05
01011101101101010110,21.585797785253217,9.765625e-05
11001011010111101000,20.5998465272908,9.765625e-05
11100010101010100010,23.65865399015385,9.765625e-05
01001011110010101000,16.491359673504526,0.0001953125
01001111100100100101,18.439665547176183,9.765625e-05
00000101100110101100,38.098433735412684,9.765625e-05
10101000011000010101,53.40766905554336,9.765625e-05
11001111100110100111,19.20948956152483,9.765625e-05
00001100011111011001,32.42268837447904,9.765625e-05
00011101111101110100,17.701389660412357,9.765625e-05
01001011100000000010,18.558207184478427,9.765625e-05
10101110101111110001,35.74193079855381,9.765625e-05
10100001111101100010,28.574973058229638,9.765625e-05
11110100010001101010,13.39477284776804,9.765625e-05
11110011001010101000,24.347149809878324,9.765625e-05
10011010100111111110,36.3353858556159,9.765625e-05
11110110010101001010,19.374698564248476,9.765625e-05
11001111110000010101,19.167808372307814,9.765625e-05
11011100000111111101,10.945398975781696,9.765625e-05
00001100011010110111,30.676394587191822,9.765625e-05
11101010011001010000,48.95525127031857,9.765625e-05
01100100001110111101,27.01870866515613,9.765625e-05
00010011110000010100,17.138223458526326,0.0001953125
00100010011110111011,55.63729840669437,9.765625e-05
01110111011111101010,21.726631866166368,9.765625e-05
00001110111000111111,34.40921678380329,9.765625e-05
00001010101110010101,46.933188093837394,9.765625e-05
10100010000001011101,55.32139010402223,9.765625e-05
10001011100001100111,30.84460334431303,9.765625e-05
00101010011100010011,56.57830187960005,9.765625e-05
01011011111001110111,19.67396802821367,9.765625e-05
00100000101011110001,49.38995149300278,9.765625e-05
10100101011010110001,23.651276135453056,9.765625e-05
00111011001000100110,22.478537178234276,9.765625e-05
10111000110000001000,22.766381299254355,9.765625e-05
00111100111010001011,13.647322161850019,9.765625e-05
00001010101011100101,43.11868740796638,9.765625e-05
11101111100000000001,40.28332130042068,9.765625e-05
00101010010011010011,56.892010659424045,9.765625e-05
11000000000110111101,30.433354972607013,9.765625e-05
01000110011100101000,20.368745902883482,9.765625e-05
11100101011111111010,19.34292081052397,0.0001953125
01011001001100001100,19.130155701543533,9.765625e-05
11100100011011111110,22.007386817156508,9.765625e-05
00101001101010010101,26.374636524221657,9.765625e-05
01011000111011010001,22.849024325061258,9.765625e-05
11101010110000101101,40.87020126474749,9.765625e-05
01000011010110101010,22.60663651590448,9.765625e-05
00000100100000111011,40.15363430903618,9.765625e-05
10000000101111110001,56.015344331999074,9.765625e-05
10111000010110111101,39.17051654156573,9.765625e-05
11011100001101110100,9.871982406525818,9.765625e-05
01010010111011010001,24.555736189085955,9.765625e-05
10011101111111010100,15.074234328130405,9.765625e-05
01011001011101010111,16.405216795770748,9.765625e-05
11011100010000101001,9.652850288088695,9.765625e-05
11011010111111101101,23.05836617814851,9.765625e-05
10111110000110110100,37.433139353147354,9.765625e-05
10101000001001100100,40.34423116857476,9.765625e-05
01011001110011111110,25.35449124905938,9.765625e-05
10101111001110011110,32.20596970032168,9.765625e-05
00000000101110101101,68.02409656037896,9.765625e-05
11000110110100101101,16.611789038199284,9.765625e-05
01011001011110101111,22.757155920059503,9.765625e-05
11110010011110111001,21.021542155648095,9.765625e-05
00011001100000110010,23.187861221024786,9.765625e-05
00001111100111111011,18.98891730151075,9.765625e-05
10111101111000010000,17.696504344669997,9.765625e-05
01000011101111000000,22.130328103723436,9.765625e-05
10111101110100001001,16.87018533711719,9.765625e-05
01001011100001010001,20.942588683201706,9.765625e-05
11001110100011110110,17.839439247916644,9.765625e-05
10011110011101000011,24.165466142593,9.765625e-05
11100010010001100001,37.151418124136654,9.765625e-05
10100011111101101100,32.66931779113209,9.765625e-05
10110000010001011010,27.287730657358495,9.765625e-05
01011010000010110111,20.250516148164074,9.765625e-05
00000000000001111110,52.34082154456946,9.765625e-05
11011010101010000000,19.157450641633055,9.765625e-05
01000111110101011110,16.737112757379485,9.765625e-05
10000111010111100000,16.73154994625445,9.765625e-05
01100000111000111010,32.24261871979269,9.765625e-05
01000110110011010000,16.14665433626629,9.765625e-05
00011000101011010101,34.91952027741209,0.0001953125
10000001101101101010,34.68887967333917,9.765625e-05
11010110100110101010,19.719241517439055,9.765625e-05
01110100110111001010,18.332028416288427,9.765625e-05
01100111010011010000,13.988005967489741,9.765625e-05
01011100011011011001,13.829983681667132,9.765625e-05
00011111111110110110,18.426107978788547,9.765625e-05
11110010111101110101,25.356347110351464,9.765625e-05
11111110110000101010,25.337789390936464,9.765625e-05
00110100011011110010,22.752424281717005,9.765625e-05
11011000110111100010,16.027172426845027,9.765625e-05
01011111110110001101,16.376554425540554,9.765625e-05
01010000101010010100,33.11849906731636,9.765625e-05
10011001001111001010,20.358274697707323,9.765625e-05
01001011011000001000,15.343709070385506,9.765625e-05
10001010110110101111,52.717378680132555,9.765625e-05
01011110100010111101,18.844154947789022,9.765625e-05
01010100011110110000,24.52869869322455,9.765625e-05
00010011100100101011,25.198055609898923,9.765625e-05
00000010010110110110,53.86197559684898,9.765625e-05
00011001110001111100,26.34443094753131,9.765625e-05
00100111011100001010,19.21343438716829,9.765625e-05
00100000101011110100,49.57717683622984,9.765625e-05
10000001111101101010,39.17833466313256,9.765625e-05
10001000101000110111,40.84822148680834,9.765625e-05
11001111001101101010,19.193211122712704,9.765625e-05
01010011111010010101,19.555807180728664,9.765625e-05
10100010001011100000,40.40821435164459,9.765625e-05
01110011001000101000,22.921670732873096,9.765625e-05
01110000001011111000,26.130328103723436,9.765625e-05
00101001001010011010,23.701032781248532,9.765625e-05
00001100000000101010,19.837239637941302,9.765625e-05
11011101011100100001,14.651564612983854,9.765625e-05
11010011011110001110,15.269512235131016,9.765625e-05
11011000000101000000,16.20531780776644,0.0001953125
11011011011011000100,17.881034768722905,9.765625e-05
01010000011001001110,29.616946893002314,9.765625e-05
11111110110101000101,30.172434442884636,9.765625e-05
11111111101101010100,29.7984587628341,9.765625e-05
11011011100010101011,23.555024095944123,9.765625e-05
11011100010110101110,10.916906210581661,9.765625e-05
11110011011010110101,19.136000308452207,9.765625e-05
01000111010110101100,17.226985921102635,9.765625e-05
11100110011011100110,25.509448693600305,9.765625e-05
01101100111011001100,18.229738439647676,9.765625e-05
11111010111010100000,20.83286496588983,9.765625e-05
01011001011101111101,20.27004775806809,9.765625e-05
01001000001010100110,22.780815549252647,9.765625e-05
00011100001000101101,19.828455336320932,9.765625e-05
01011111101110100110,27.640064328351045,9.765625e-05
00100010100100011100,41.78263383013196,9.765625e-05
01000110100000000001,16.55063934562142,9.765625e-05
00011000111110011111,44.16852493858158,9.765625e-05
01100101101111111011,33.61750760029267,9.765625e-05
10011110010101011010,26.61715309905609,9.765625e-05
01100100000100101110,21.75784310147914,9.765625e-05
00000001100110100101,41.754708737396875,9.765625e-05
00110110101111110110,24.344976450772602,9.765625e-05
10010001101000011111,30.494102506012613,9.765625e-05
01011011000111010000,17.221066241653592,9.765625e-05
01010000110101101010,35.691638433477564,9.765625e-05
00111011111110100000,16.69134558078185,9.765625e-05
00101111111010011010,19.367909642151155,9.765625e-05
01100010011111101111,43.30473023889536,9.765625e-05
01010000110000101000,26.26968972526071,9.765625e-05
01011110101000100100,22.551645309350924,9.765625e-05
11111011000111010111,38.00176288551994,9.765625e-05
10111100011011100111,18.860881783125155,9.765625e-05
00110001010001000010,12.18823319502118,9.765625e-05
10001100110110100010,22.18343492940452,9.765625e-05
11000111000110101011,21.232313653566898,9.765625e-05
11111010110110101000,23.693620350424762,9.765625e-05
01100010011010111010,28.41901245794877,9.765625e-05
01011000111100000000,14.386000942207167,9.765625e-05
01010011100110010101,18.136905917321062,0.0001953125
11110001001010110111,21.577834970378426,9.765625e-05
00110011100000110100,19.39477284776804,9.765625e-05
00001111101000111100,20.467555242240035,9.765625e-05
10111111101011100101,25.908959421304193,9.765625e-05
00010001101010010100,36.75567565187147,9.765625e-05
01100110010001101010,21.60670750754719,9.765625e-05
00000011011010011011,34.09196711635622,9.765625e-05
00001100110100111000,28.79178125250951,9.765625e-05
11100110101101111100,19.72026965039221,9.765625e-05
01110000101011111110,34.778000892304114,9.765625e-05
10100100011011011000,28.810824693053377,9.765625e-05
01101000100100010000,22.191278751765815,9.765625e-05
11111001101111010101,17.857455289928424,9.765625e-05
11001110110010111111,17.925327402284672,9.765625e-05
00001011101101011100,30.80238683929899,9.765625e-05
00111001010101110001,22.358498632328818,9.765625e-05
01101110001001011011,22.807779321812617,9.765625e-05
00000010110011010100,48.93870561411418,9.765625e-05
00010000100101111110,50.24416372719026,9.765625e-05
11110010100011100000,19.73429975477695,9.765625e-05
01101111101111011100,15.498486227646993,9.765625e-05
10000100010111001100,31.52392249845487,9.765625e-05
00010011110000010001,17.295609350110013,9.765625e-05
11001001101010000000,16.14239938030957,9.765625e-05
10101000101110000101,43.06862342900738,9.765625e-05
01101101001001100100,14.632531876325451,9.765625e-05
00011110111011101010,21.043450865657157,9.765625e-05
11100100100110110110,16.816688672035962,9.765625e-05
11110010010011011100,24.00705358689828,9.765625e-05
10100010000111110110,57.99238093380847,9.765625e-05
01111010111101111100,26.97669651554962,9.765625e-05
10111101000101100000,20.947332804730905,9.765625e-05
10110010010010110010,32.35205311597966,9.765625e-05
00111101111111101100,16.245669696172747,9.765625e-05
01111011000111101001,26.347932258208814,9.765625e-05
01010100101000000111,34.417093490113515,9.765625e-05
00000010111011001101,55.27873243924887,9.765625e-05
10101001100101010001,36.26900180942001,9.765625e-05
11101100100110011010,15.498707157978693,9.765625e-05
01011111000000101111,31.08666881260092,9.765625e-05
01100111000100101111,23.53587061450265,9.765625e-05
01100001011011101101,28.740693738684516,9.765625e-05
01010000100000101110,35.20539942700724,9.765625e-05
11111001101000011101,19.647862859864087,9.765625e-05
01011011001110101001,20.200994668156568,9.765625e-05
11001100111000011100,12.453095291447283,9.765625e-05
10110110100100111110,22.165820300894467,9.765625e-05
10100110101001100111,31.84593086582251,9.765625e-05
00001011111010110101,32.221946149727984,9.765625e-05
11010110111010010111,18.423194621325365,9.765625e-05
11110000111110111010,18.940539306182608,9.765625e-05
11110001001100000010,16.303257866646693,9.765625e-05
00011101110100100010,17.18786122102479,9.765625e-05
00101111100010101000,22.71931250908176,9.765625e-05
00100100101011011101,35.834190549625866,9.765625e-05
00011110001100010000,14.22797772566325,9.765625e-05
01011101111110001101,24.95889002565855,9.765625e-05
00001011100000111001,27.899651171257975,9.765625e-05
10101010001111111100,62.8912043658877,9.765625e-05
10001111111111010011,23.784797318854828,9.765625e-05
10000100001010011110,32.91709527481293,9.765625e-05
10100010010110111011,58.25859879873682,9.765625e-05
11011001100010001010,23.411125722666483,9.765625e-05
00110110011111100000,17.13312871026647,9.765625e-05
01011101000101010000,16.811260868181932,9.765625e-05
01111110011011110000,15.871751790157166,9.765625e-05
00110110010011100010,19.192324994681154,9.765625e-05
00011110100101010100,19.471294341600853,9.765625e-05
11000101100010101111,30.681061551772345,9.765625e-05
00001110110101010001,31.535293376013605,9.765625e-05
10000111011010101101,21.88518153442827,9.765625e-05
01101111101010011111,19.627275565566208,9.765625e-05
11100101100110111110,19.737018654951992,9.765625e-05
01101101000110101101,22.110391537497417,9.765625e-05
10001000101100000100,35.36247623315783,9.765625e-05
11000101100100100011,22.548487100062815,9.765625e-05
10001010110111101011,53.752424281717005,9.765625e-05
01011001010000010111,14.165820300894463,9.765625e-05
10100100000001000010,20.424583154173337,9.765625e-05
01001010100101101010,30.784235877143413,9.765625e-05
11010100010111011011,14.405933340408328,9.765625e-05
10011101001010101111,23.79933596088595,9.765625e-05
11000101111100000000,16.811553720877647,9.765625e-05
00011001111001010110,24.57021280193008,9.765625e-05
11010010011100101011,18.80018306129879,9.765625e-05
11001001101001110100,13.617374029387786,9.765625e-05
10111101110000101000,19.889370673819272,9.765625e-05
11010111011011100111,22.86312469750746,9.765625e-05
00000010111110011111,66.47011871819,9.765625e-05
11100000010011011110,30.770568795139177,9.765625e-05
10100100010100000000,22.89372941824044,9.765625e-05
10100110100100111011,29.001502448251497,9.765625e-05
10011110110010101110,21.163957463587966,9.765625e-05
10101000001110100001,40.29759117993001,9.765625e-05
01110001001010111111,30.400245295176447,9.765625e-05
11100011000101011100,25.546600107091376,9.765625e-05
11001101000101011100,11.449684002299609,9.765625e-05
11101110110111100000,29.207929350078203,9.765625e-05
01010111101011000001,32.274635699314956,9.765625e-05
11001110110010111110,16.143243047118617,9.765625e-05
01000101010111001011,28.874375543024552,9.765625e-05
01001111101111100011,19.45370482115669,9.765625e-05
11011001011010111001,16.27937275770253,9.765625e-05
00101000010001011011,50.41008781654917,9.765625e-05
11101100000110000101,23.892180966399266,9.765625e-05
10011110001111101100,20.36026276912067,9.765625e-05
01111010011100001100,22.758556936094177,9.765625e-05
10111110111100111011,23.474752995165268,9.765625e-05
00111001011000110000,15.480692133815424,9.765625e-05
01000000100011010111,43.240941502273856,9.765625e-05
11110010011100111010,20.141081839104306,0.0001953125
10001110100111110111,33.38316078080786,9.765625e-05
00010001011111100100,32.64070251268757,9.765625e-05
11100100011100000101,16.188156870870245,9.765625e-05
01100111010000001110,18.67445167577405,9.765625e-05
01000011101011000100,19.287730657358495,9.765625e-05
11100101010100000000,15.058367821654695,9.765625e-05
01001110001100111001,16.86983984700417,9.765625e-05
00000000101111000110,62.29081714058283,9.765625e-05
00010010010010100010,24.142867443174744,9.765625e-05
01111011010000011111,24.77544542105689,9.765625e-05
11001010011111100010,33.24299984174867,9.765625e-05
11110110001010100111,26.0093528064734,9.765625e-05
01100100110011111111,31.627179596710285,9.765625e-05
11010011011101010000,14.229786527645665,9.765625e-05
10111110000011110011,34.30887083933821,9.765625e-05
10001000100001111110,41.63747495526294,9.765625e-05
01001011101011011001,21.84593086582251,9.765625e-05
11100100011111100000,18.315742142085593,9.765625e-05
01011011111101110100,17.00049024292864,9.765625e-05
10010111011000000000,19.889370673819272,9.765625e-05
11011010010000001010,21.979989732108734,9.765625e-05
01111110111000011111,15.423265612968075,9.765625e-05
10101111000000000111,45.48180477028631,9.765625e-05
00100000001111101000,46.04753340859416,0.0001953125
01011001110101110101,18.27004775806809,9.765625e-05
11011011001000011011,27.736342155781635,9.765625e-05
01000010100110101001,32.56088871138076,9.765625e-05
10111101110100001000,17.821627240013484,9.765625e-05
10110001010101010000,18.73649031516939,9.765625e-05
00010000101001010111,45.76115778531684,9.765625e-05
01001111101101111001,17.894646063133493,9.765625e-05
11011000010100000110,14.35400278543197,9.765625e-05
10101101000000000000,27.808496590031446,9.765625e-05
11110001011101111011,16.96812646251379,9.765625e-05
00110000001001100000,20.43295625787836,9.765625e-05
00011101010101010010,10.945398975781695,9.765625e-05
00101001000000100000,20.504881855060745,9.765625e-05
00010001100000111100,34.70556286133324,9.765625e-05
11101100010101101010,20.54095214515474,9.765625e-05
01100110011001001000,17.33863098417702,9.765625e-05
00011101110011111110,26.306877162785554,0.0001953125
10111000100111010010,29.198055609898926,9.765625e-05
10110011010010110110,27.213415015094377,9.765625e-05
10010110011001000000,18.072400636061978,9.765625e-05
11001101001101111000,11.474100171888729,9.765625e-05
01000011000000000001,15.26814127341953,9.765625e-05
01110010011000000000,11.202254435326887,9.765625e-05
11111001001000010100,22.44567317458656,9.765625e-05
00110110011110111110,24.266925877172525,9.765625e-05
00010101110011111100,37.93780000524532,9.765625e-05
11101101000010101001,27.73354154923861,9.765625e-05
10100010000000001110,41.8896085604696,9.765625e-05
10100011010110100000,33.515192526425835,9.765625e-05
11011010001001111101,26.20180617459793,9.765625e-05
01000001110101101010,37.754708737396875,9.765625e-05
01110000111001010001,16.274519329696794,9.765625e-05
01001100110101001000,18.006269669725654,9.765625e-05
00011011100010010100,19.39477284776804,9.765625e-05
11111011110010000000,28.81379392523742,9.765625e-05
01101111000100111010,26.390714253355917,9.765625e-05
01011110000101000010,17.620936547704027,9.765625e-05
11001100000010100111,14.503625532334034,9.765625e-05
00011010111100011111,38.39373494165073,9.765625e-05
01101110001111011110,21.026517187813205,9.765625e-05
11110101010110010001,15.678886195428959,9.765625e-05
00001001101010000010,25.487576224856586,0.0001953125
00101101000011111111,20.848731472365543,9.765625e-05
01010100100010101100,41.024167552021666,9.765625e-05
11110101001001110101,19.488558430507446,9.765625e-05
00000111011001111111,28.132213328233462,9.765625e-05
10110101011010010110,21.622654691702564,9.765625e-05
00010011101110001101,25.142410954411147,9.765625e-05
10011001111011100010,19.569910910491274,9.765625e-05
11110010011100101010,18.362456861083917,9.765625e-05
01010110101110011001,21.752137376347378,9.765625e-05
00100101101101011010,22.435412392156877,9.765625e-05
11010011111111011001,16.660747738096262,9.765625e-05
10111101010100000101,23.091560359096803,9.765625e-05
01101110001011111001,21.476615832471772,9.765625e-05
11110001110100111001,12.008411505666057,9.765625e-05
00101010101111001000,41.541716592286434,9.765625e-05
10110100010110101001,15.220051239181,9.765625e-05
01010011000100000101,14.09341695480995,9.765625e-05
10100100000001010100,24.741642837464195,9.765625e-05
10110011011010111011,25.349710886264845,9.765625e-05
10100101011111101010,24.31058961979079,9.765625e-05
11111100110111101110,11.978543425225812,9.765625e-05
10110001001110110101,23.37743713076469,9.765625e-05
00110001000101010000,14.451155308031929,9.765625e-05
00111101100100000101,13.647862859864091,9.765625e-05
11100111010011111100,18.33360722755987,9.765625e-05
00011100101110110110,25.5381036685936,9.765625e-05
01010011100111011111,24.60509339657153,9.765625e-05
11001011110011101010,16.69134558078185,9.765625e-05
01110010111110011000,16.023256560935764,9.765625e-05
01011000100001101110,26.212535667186657,9.765625e-05
00000111110000000001,16.649722165599776,9.765625e-05
11111011111001011001,27.00929503243845,9.765625e-05
10101011101010101110,28.664994651522218,9.765625e-05
10110001111101100011,18.06425055789333,9.765625e-05
00010001010000111011,31.915871836035155,9.765625e-05
00011011101001010100,21.213434387168288,0.0001953125
10001000101001100000,30.315067149585396,9.765625e-05
01000011111100010101,24.069570884280875,9.765625e-05
00100111001010100000,20.786089028412952,9.765625e-05
00100001001010010000,23.166725909763315,9.765625e-05
10000011100010001000,16.608573789297292,9.765625e-05
01000100001001000101,22.064268129029823,9.765625e-05
01010000010000000101,14.426686588152705,9.765625e-05
01110100011011111101,21.622583700059856,9.765625e-05
11110000001100100100,12.547822811448082,9.765625e-05
11111100110100100101,9.898703715984485,9.765625e-05
01001100001011101100,20.566025306045262,9.765625e-05
00010100001010000100,28.228287534677595,9.765625e-05
10001100010000010000,21.304130591566604,9.765625e-05
11100111111111110000,16.409768321497868,9.765625e-05
10111010110110111101,45.550238128010285,9.765625e-05
10011011101010101000,19.77455565269115,9.765625e-05
01011101011001110101,14.344501215592771,9.765625e-05
10100001111010110110,32.49216867706341,9.765625e-05
00000110001001110000,24.28912117664776,9.765625e-05
10100100001000100000,18.857311211438322,9.765625e-05
01010000001110111000,34.85417684735606,9.765625e-05
00110101111010101010,34.59497093006141,9.765625e-05
11111100011101001010,12.66196313434327,9.765625e-05
10001000100001101111,41.238169317387644,9.765625e-05
10100100001010100000,22.002151521977357,9.765625e-05
00100111000010001000,19.064476663302024,9.765625e-05
11111001011010010101,18.0874422113485,9.765625e-05
00010110000111101000,17.64087311393005,9.765625e-05
11111000111010100110,11.169571807154597,9.765625e-05
01111100010101001010,11.39477284776804,9.765625e-05
10111111100100000001,34.83769350380956,9.765625e-05
00101110000111111000,31.567582807469343,9.765625e-05
10110100011001100000,14.075210928641965,9.765625e-05
10101000101010111101,43.15737964999034,9.765625e-05
01110100101110000010,21.324949950143953,9.765625e-05
01000100011000100010,27.431803723616092,9.765625e-05
01110000100000110110,18.378754671969954,9.765625e-05
10001010111110010001,53.79871967314201,9.765625e-05
01101110001001011000,22.632531876325455,9.765625e-05
01011100100000000101,16.818167862867817,9.765625e-05
11001110011001110110,22.054881078572194,9.765625e-05
11111001010111010110,20.002376278147125,9.765625e-05
11000110000101110100,16.467555242240035,9.765625e-05
11111011011000101001,30.558817230629018,9.765625e-05
01001110111000100111,20.816560826283244,9.765625e-05
11100111011000111101,20.535938074574553,9.765625e-05
10011001001110111100,21.72026965039221,9.765625e-05
00111100010011010101,17.820180933130565,9.765625e-05
11110000001011110100,19.220051239180997,9.765625e-05
01111001010100000101,14.184931935931303,9.765625e-05
10001100100000000000,15.385358099234839,0.0001953125
00010011011111111010,30.444068956787916,9.765625e-05
10101101110100110001,22.53403611172577,9.765625e-05
01011101111111110100,19.873936843377322,9.765625e-05
01001101100101111110,19.833822107200277,9.765625e-05
11110110011111110010,18.016823011332107,9.765625e-05
00111111110011011111,17.92406129514433,9.765625e-05
10111111011011001010,28.212516382239947,9.765625e-05
11001111000110101101,19.069364950858173,9.765625e-05
00000100000000101010,30.54058622724782,9.765625e-05
11101101000100001111,25.262231280007448,9.765625e-05
00001001001011110100,26.166771200611564,9.765625e-05
01001011111001101000,19.055139355144938,9.765625e-05
00001111000011111001,15.096884559990254,9.765625e-05
01100101001111101010,29.468952111886036,9.765625e-05
10000010110111100000,45.2460843385317,9.765625e-05
00100111001011001011,18.96015719890559,9.765625e-05
11010000000110101111,23.107446237646425,9.765625e-05
10011111110011111111,18.06251304182088,9.765625e-05
10111010010011000010,45.840278218261865,9.765625e-05
11011011011111110000,17.72649330568837,9.765625e-05
01001001111011010001,24.959766489289333,9.765625e-05
10000101101100001000,21.322994653916155,9.765625e-05
01110100011110111100,19.71925120347601,0.0001953125
01111101001111110100,15.936678689789623,9.765625e-05
10111011010010000111,38.99767108585997,9.765625e-05
00100011000111001100,25.34844604123623,9.765625e-05
10011100110010101000,14.188156870870245,9.765625e-05
00001011111110000110,28.38526149392487,9.765625e-05
01000011111110000001,24.864091514015044,9.765625e-05
10100101010000000101,20.31108222980687,9.765625e-05
10100011001100110111,39.47002833283719,9.765625e-05
10110110010011110100,29.531139710581215,9.765625e-05
10000000101110001010,45.53263309840999,9.765625e-05
10010000001111011101,39.20767181872289,9.765625e-05
01011001111101110100,19.16982562143523,9.765625e-05
00101011000111111000,35.48632967529403,9.765625e-05
01000011101111010000,23.289638051092176,9.765625e-05
00101100011101001111,31.65997153135912,9.765625e-05
00000001100000100010,32.80560282262205,9.765625e-05
10110100110010001010,16.1988740923547,9.765625e-05
01001000011101101011,38.185869618040634,9.765625e-05
01100000101010001000,26.81383653305133,9.765625e-05
10000011010101010000,31.441818734295914,9.765625e-05
01010010111011000100,22.678651567718365,9.765625e-05
10110011001101010010,26.533940317124248,9.765625e-05
10011111110110101111,16.78195495303435,9.765625e-05
10001000111100000101,47.299088099329595,9.765625e-05
10110000010001010100,29.8289818968023,9.765625e-05
01110111001000001011,32.44435292335876,9.765625e-05
11111000010110101000,17.31389876398021,9.765625e-05
10111001100001010001,24.41787593844401,9.765625e-05
01110010111110001000,14.244631582915375,9.765625e-05
00001101110011000011,19.264832129230115,9.765625e-05
01010011111011010100,18.60342126700249,0.0001953125
10000111001111010000,16.917512725161448,9.765625e-05
11111010110101011100,37.90058071245988,9.765625e-05
00011010000101101010,27.45177775024202,9.765625e-05
11011101001101110000,16.56848675119582,9.765625e-05
00110000011001100000,22.12653123032767,9.765625e-05
10011110100111101110,20.69134558078185,9.765625e-05
11011010101110000001,19.99778653596284,9.765625e-05
11110001111100111011,15.977634284786156,9.765625e-05
01011110101100000001,15.69931463724999,9.765625e-05
00010001100110101101,38.985414091519154,9.765625e-05
00001110111101001011,31.615161496071934,9.765625e-05
00101101010101010000,18.161208389486532,9.765625e-05
10000010000010010101,40.666970963330115,9.765625e-05
00010011110100001000,14.941586898336874,9.765625e-05
00101001111111101011,37.377221445814016,9.765625e-05
00000000110110110000,58.0865762881886,9.765625e-05
10011111111100000001,18.457806823294803,9.765625e-05
01011010110001111101,25.23624526160259,9.765625e-05
00000010110000100000,35.006269669725654,9.765625e-05
10100000000010011010,35.436010678702026,9.765625e-05
10000100101000101010,30.316394671094876,9.765625e-05
10110101000011010000,19.934771296055935,9.765625e-05
11000111010101010111,15.490093664740863,9.765625e-05
00001101010000000000,12.854500918858335,9.765625e-05
11110110000110111101,19.361213755964968,9.765625e-05
10001101000000111011,18.563511719030714,9.765625e-05
10111100010100011100,26.09382535557556,9.765625e-05
01011100000011111010,20.555036492003623,9.765625e-05
11010101111111110110,27.526440879900267,9.765625e-05
11000110011111100110,24.45305646017226,9.765625e-05
10010000101101101010,34.62580936941987,9.765625e-05
00110100110101110100,20.246084338531702,9.765625e-05
11101001000001011001,29.868322499810695,9.765625e-05
00001011100010101100,21.692663121987113,9.765625e-05
11011010111110101001,16.80018306129879,9.765625e-05
11100110100001111011,20.34299180216668,9.765625e-05
11110010011010101000,16.384378788700737,9.765625e-05
00000010000100010001,37.921011875143265,9.765625e-05
10100010011000100111,51.76883398908927,9.765625e-05
11110100010001010011,9.5998305996605,9.765625e-05
00100011101010001001,23.59269595327844,9.765625e-05
01001101101111101001,28.07338993774011,9.765625e-05
10110001101111010000,19.07005840634716,9.765625e-05
11100101010010011101,17.278081564585595,9.765625e-05
10000011000001011011,27.930923097358637,9.765625e-05
11000111001110000001,19.740058057230478,9.765625e-05
01001110101010010110,16.678455527472682,9.765625e-05
11001110110010101010,15.473445863578208,9.765625e-05
10000010000111001000,36.22602598264244,9.765625e-05
00010001011010110001,33.691680279882206,9.765625e-05
10100010000011111000,44.75943693129577,9.765625e-05
01011011100110000100,16.61524570532241,9.765625e-05
00101100001000000000,14.854500918858337,9.765625e-05
01100101101101000100,15.359656254540884,9.765625e-05
01000111000110101101,20.599846527290804,9.765625e-05
01100110001110111101,23.000490242928645,9.765625e-05
10001100110111111110,34.644069638051995,9.765625e-05
11011110110111101010,13.356475876029117,9.765625e-05
01100110001011001100,19.459541629344713,9.765625e-05
00100100010001111000,28.611782796605937,9.765625e-05
10011111110010010101,21.22106624165359,9.765625e-05
11101011000111000111,42.25641727708747,9.765625e-05
00011010101111010100,32.864091514015044,9.765625e-05
11111001010001010001,24.37211844788333,9.765625e-05
10001101001110101000,16.467555242240035,9.765625e-05
11100001001011110000,18.73154994625445,9.765625e-05
01000101001111100000,31.158398096906545,9.765625e-05
00100001000001111001,30.339504003364194,9.765625e-05
10100111101111111000,19.87820428252074,9.765625e-05
11101110000111110011,34.73914548318703,9.765625e-05
00110011000101001111,19.363666994717075,9.765625e-05
11001100101010011110,16.763463686639113,9.765625e-05
10111100111011101101,18.495547169389347,9.765625e-05
00000111001010101000,23.914991840833565,9.765625e-05
11101001001110010001,26.428057735368057,9.765625e-05
11101000010111101101,42.130328103723436,9.765625e-05
11000111101111101100,17.283121543100307,9.765625e-05
00000101001010100000,32.34183999148566,9.765625e-05
00010101101100100001,33.598691283006,9.765625e-05
10011000100110111101,30.203137140551018,9.765625e-05
00100001010110100110,32.274519329696794,9.765625e-05
01000110111001001010,25.16013841012873,9.765625e-05
10110010111001110100,35.51568620295827,9.765625e-05
10010000111000111111,41.17833466313256,9.765625e-05
11100101111111000001,15.782860561903203,9.765625e-05
01010100111110000011,32.39373494165073,9.765625e-05
10001101001111111101,18.548400180789802,9.765625e-05
10000010001110011011,46.2755252934263,9.765625e-05
00011010111101010001,35.93867646887611,9.765625e-05
10110000001001101110,26.4335049984232,9.765625e-05
11111000001101001010,19.996832839096,9.765625e-05
11100100011011000110,18.76404531113289,9.765625e-05
01011000001100001000,16.272506259434046,9.765625e-05
01110011011011111011,20.54240243530696,9.765625e-05
10100001100000000011,20.486287828889388,9.765625e-05
01010010110001000111,22.082150943071827,9.765625e-05
01101111000011111001,24.41175023844506,9.765625e-05
00000001111101000100,39.98010780469729,9.765625e-05
11001010111000101011,27.39102053079946,9.765625e-05
10000101111101000000,18.798031539321432,9.765625e-05
00001000111110011011,59.460904668538284,9.765625e-05
01111111110101011101,18.321340645149117,9.765625e-05
01111101101100001111,21.995927230227153,9.765625e-05
10111001111010000100,17.404106624354313,9.765625e-05
00000010100001111110,49.689781837764414,9.765625e-05
10111000000101010011,37.03975089183862,9.765625e-05
00111000111000111000,24.055486537431996,9.765625e-05
01000001101000000001,29.972753147908474,9.765625e-05
00010011110010010001,19.070058406347158,9.765625e-05
10101000001111010001,52.477882782796556,9.765625e-05
00110010101010000000,17.569265346656586,9.765625e-05
01010000101100010110,32.29506405400878,9.765625e-05
00100010011011101111,54.44577991763198,9.765625e-05
10011110110100011111,25.106608088849477,9.765625e-05
00100011101111110101,36.444068956787916,9.765625e-05
00111100011111000001,9.576826209499185,9.765625e-05
00001111110110010101,19.600787740970944,9.765625e-05
01110010111010110100,18.228761839136116,9.765625e-05
10010010010100000111,32.1798628013387,9.765625e-05
00110001011000001101,17.308662559715938,9.765625e-05
01001110100001111000,17.069615233567998,9.765625e-05
00000001100010101110,45.35484811738339,9.765625e-05
11111001010100000101,22.139174445370628,9.765625e-05
11011001010010110111,14.342991802166678,9.765625e-05
11110110001110000000,21.62965412367356,9.765625e-05
01010001111011011001,38.64666339124738,9.765625e-05
00101101101010001000,19.720218117950616,9.765625e-05
00111010010110011011,35.764974128753536,9.765625e-05
01110100011010001010,20.45947687929535,9.765625e-05
11000101010000011010,15.893050246875571,9.765625e-05
11011011011101011010,21.602647133833834,9.765625e-05
01111000110010100000,11.692663121987117,9.765625e-05
11000010001001100111,31.343897411035528,9.765625e-05
11100001111011110100,18.26203152268708,9.765625e-05
10000010110100101101,47.542131234645396,9.765625e-05
10010000010010001011,26.00418749588482,9.765625e-05
10000110000001110100,26.32926432364181,9.765625e-05
01010010100110000000,16.183980949087,9.765625e-05
10110111000011101011,25.182943228063905,9.765625e-05
01101001111010000000,14.247051253006308,9.765625e-05
00001011110000000110,24.45308560541033,9.765625e-05
10101110100101111011,39.49391616264371,9.765625e-05
10101101111011000000,17.151418124136658,9.765625e-05
00000001100010101000,39.11849906731636,9.765625e-05
00101110111010000010,22.372365286149552,9.765625e-05
10010111010011010101,16.100810013559798,9.765625e-05
01101110001101111110,23.594234904586536,9.765625e-05
11011000111001000001,14.548550930187236,9.765625e-05
00000100100100111111,45.791151834285,9.765625e-05
11111101111001011101,14.484723449417906,9.765625e-05
10111000101111100100,26.855280570039085,9.765625e-05
00011101011110100000,15.18786122102479,9.765625e-05
01110001001110011111,24.458159338090088,9.765625e-05
00000100100010101010,43.664336517373634,9.765625e-05
00110010001101100110,29.901028374562806,9.765625e-05
01110011111011011110,16.057177217117022,9.765625e-05
11011011010011111100,16.583484700776467,9.765625e-05
00111000100100111010,24.315742142085593,9.765625e-05
01100111101101111110,19.45080114973046,9.765625e-05
11000100111011011101,26.33951368940115,9.765625e-05
00110000101111001110,36.58088120099548,9.765625e-05
10101000011111100001,53.42134147005582,9.765625e-05
10110011011011110101,28.178708710697446,9.765625e-05
10011001000000010101,22.295927180018943,0.0001953125
01010100100001111111,35.82435685491381,9.765625e-05
10110101111011110110,21.444139948430625,9.765625e-05
11111000011011010100,21.08834782021735,9.765625e-05
00101100000001010101,26.156483727158452,9.765625e-05
11001000011110011001,30.3446440424723,9.765625e-05
00001000000000101100,32.45309529144728,9.765625e-05
11001100011011110001,12.489168302403641,9.765625e-05
00100011101000111100,26.670683420335344,9.765625e-05
00101000010110001111,50.985414091519154,9.765625e-05
01100011110101010100,18.929979086528753,9.765625e-05
10001010100010111111,44.62867399159119,9.765625e-05
00100001011110000101,32.55671278959752,9.765625e-05
01100011111111001110,22.010468739712053,9.765625e-05
10101101011100000010,21.69931463724999,9.765625e-05
01100101001111111100,24.004303043954714,9.765625e-05
11001101001101010100,10.01628021811336,9.765625e-05
01001011101111010000,19.04449148179701,9.765625e-05
00010001101000000000,27.926035718887608,9.765625e-05
01110001011111100000,18.245669696172747,9.765625e-05
01011011110101010101,17.42247807668778,9.765625e-05
10100101100011010010,17.635758699329017,9.765625e-05
01111001001101010010,14.556889643273166,9.765625e-05
00001101101010011100,25.81590902085521,9.765625e-05
00011010111110010101,34.39373494165073,9.765625e-05
00100011000111100010,26.34691027972181,9.765625e-05
10000000101010011101,49.16706685045702,9.765625e-05
01010100100101111010,33.139228687834766,9.765625e-05
11000001000000100000,12.498605943741742,9.765625e-05
00001110101100110101,28.565696772250867,9.765625e-05
01010001110111101110,39.24931189595634,9.765625e-05
11000010000010100111,26.008411505666057,9.765625e-05
10001101000001110011,15.50137918434794,9.765625e-05
01111000011111101010,18.113953059601343,9.765625e-05
01111100100011101011,19.46709280615035,9.765625e-05
00101010111010000000,36.00118813907356,9.765625e-05
01000000101001110001,42.417385619227986,9.765625e-05
10110000000001010110,27.821157533642122,9.765625e-05
00011010011110100101,28.435412392156877,9.765625e-05
00111100111101101001,14.007386817156508,9.765625e-05
01010111110100101000,24.646015950187895,9.765625e-05
01011101101011001100,34.552571406109216,9.765625e-05
11100101001000010101,16.346236196306734,9.765625e-05
11011110111111010100,14.73154994625445,9.765625e-05
11100010011100001000,29.52809571021557,9.765625e-05
10110001010000000011,15.867866011047093,9.765625e-05
11000101111100001110,22.65473623617997,9.765625e-05
01110001001010101100,27.79174667638654,9.765625e-05
10101110101111110110,36.84723799740957,9.765625e-05
00110001011011111000,27.09101966108273,9.765625e-05
11111111111110001100,24.639078558243725,9.765625e-05
11101111111111111010,18.623607664988157,9.765625e-05
11001101010000011001,14.658528647283617,9.765625e-05
01011101111110010000,21.012256172792547,9.765625e-05
01010001110010011111,35.18631184925867,9.765625e-05
11011010110101101001,22.39460775369784,9.765625e-05
00101101000101110100,17.05801366335323,9.765625e-05
01010011010101111010,19.377437130764687,9.765625e-05
10100110001111010000,32.013136902415205,9.765625e-05
00010111110100000000,13.313898763980205,9.765625e-05
01000111111100000000,18.372211521622496,9.765625e-05
11111000010011000011,21.652050355748912,9.765625e-05
11000010100000010111,25.581978731793985,9.765625e-05
11110010010011010101,27.87060260196183,9.765625e-05
01100010100100001000,21.91901662057544,9.765625e-05
01101000000101110101,35.62868367762815,9.765625e-05
00110011010001010101,21.083433184572876,9.765625e-05
00001110110001000010,24.471294341600853,9.765625e-05
00011110111000000100,18.547822811448082,9.765625e-05
11001000011011110000,23.31199680113143,9.765625e-05
10011111000001110100,26.891803697313016,9.765625e-05
11110110010111001010,18.374530760155736,9.765625e-05
11001101000100111111,14.56351171903071,9.765625e-05
01000101110111001010,34.60720118407963,9.765625e-05
00001011101111111001,34.15322611541063,9.765625e-05
01111000010001111001,21.16293901667177,9.765625e-05
10110110011000001111,24.82210852048642,9.765625e-05
01011100001111110000,13.551291151049456,9.765625e-05
10100101101110101100,23.716440910896022,0.0001953125
00111100011110100011,8.71331206482586,9.765625e-05
10011100100101010101,15.804538361276352,9.765625e-05
00010101110001111011,34.97134868743019,9.765625e-05
11100100000101000100,15.340892536212168,9.765625e-05
01100011000101110110,22.444284641738587,9.765625e-05
00011010111100110101,36.54835209279181,9.765625e-05
01101100000011110111,16.515785823397863,9.765625e-05
00001110111001011011,31.017826167072055,9.765625e-05
11100110001001111101,23.821273081712015,9.765625e-05
10100010001011001111,48.735923796348004,9.765625e-05
10011111011110101000,16.535938074574553,9.765625e-05
10101111000010110110,36.85109867929357,9.765625e-05
01101111110000111010,21.80021772454895,9.765625e-05
01010001011010010111,29.085450608364347,9.765625e-05
01111110001010101101,22.862360973957013,9.765625e-05
01100011010011110110,20.34691027972181,9.765625e-05
10001100111011100101,28.65622619040495,9.765625e-05
10001000101101001000,37.58353342522851,9.765625e-05
10001011001111001100,29.088347820217354,9.765625e-05
00001001011110100110,30.565658664557095,9.765625e-05
00000110110100111101,37.78834154170501,9.765625e-05
10110111111110110010,20.108337992453457,9.765625e-05
11010001101100111111,28.758527790856107,9.765625e-05
00011001001111100000,18.150409374097233,9.765625e-05
11001001011100000010,16.510502440220723,9.765625e-05
10110110110000100000,19.26814127341953,9.765625e-05
01001110110000011001,16.645976824645615,9.765625e-05
10110101110101001001,9.047478442548773,9.765625e-05
00001011111101100001,33.39835925995797,9.765625e-05
10000011010110000111,33.555807180728664,9.765625e-05
01011100010111111110,16.329826488934472,9.765625e-05
10100011000000000110,31.157447931610513,9.765625e-05
10010001011010001100,22.101799744551926,9.765625e-05
00110010110001011110,32.37126315726388,9.765625e-05
00111100001111101011,13.179823970063687,9.765625e-05
11101000111011110110,27.896753959404972,9.765625e-05
10010100111100101111,28.688879673339176,9.765625e-05
10001001110100110100,29.663478702235516,9.765625e-05
00011010011010000000,18.45308560541033,9.765625e-05
10101110010010111111,46.708064373587206,9.765625e-05
11010111011000111110,23.331818091918628,9.765625e-05
01111000101110001000,16.183980949087,9.765625e-05
01110100110010011111,19.17839682811461,9.765625e-05
01011101101101010011,22.07244800047872,9.765625e-05
11000111010001010101,11.916896524544706,9.765625e-05
10001111100010101010,19.498891183968993,9.765625e-05
00011101010011101011,18.902310616063858,9.765625e-05
11111010000001110001,43.82785713690299,9.765625e-05
00111010001111110110,35.01771893416401,9.765625e-05
00011101111111000001,15.1296534054905,9.765625e-05
01000101101110111111,50.53488768527054,9.765625e-05
11011011100111000011,23.01676876886797,9.765625e-05
00000111011111000000,16.374636524221653,9.765625e-05
10101101011111000100,23.151418124136658,9.765625e-05
00100001100000000100,17.414198781142993,9.765625e-05
00100111101001010001,15.585385852916803,9.765625e-05
01111100010110001001,11.155189089597904,9.765625e-05
11001001111001001010,16.916848436546715,9.765625e-05
01011110101001000110,21.774555652691152,9.765625e-05
11111010000000110111,40.36319838293471,9.765625e-05
01010000100010001000,30.06201626303163,9.765625e-05
01000101100101000001,22.44967431626265,9.765625e-05
01011101010111110111,13.306882680797658,9.765625e-05
11110011011010111101,18.002376278147118,9.765625e-05
11111100010111101110,15.045390936199711,9.765625e-05
00110010010000001010,20.569330096705947,9.765625e-05
00010110111001100000,23.294716871721732,9.765625e-05
11011010010001111101,27.55297024579309,9.765625e-05
10001000110010110110,42.911577754536154,9.765625e-05
01001001011100001100,18.31826374999472,9.765625e-05
00010000111011010110,53.06526619681998,9.765625e-05
10011011110110111111,25.78188396139164,9.765625e-05
10000101000010000010,21.78328842186992,9.765625e-05
11101100011001010001,19.74320304891082,9.765625e-05
10011010001111101110,32.795068646697764,9.765625e-05
00101010101100010000,42.28946564891227,9.765625e-05
10000111001001011110,19.99778653596284,9.765625e-05
11011011100010101100,19.659205108625947,9.765625e-05
11011000111000100010,11.383504958805116,9.765625e-05
10010011001010101000,19.349009115614017,9.765625e-05
01011110111111100010,15.579739566962365,9.765625e-05
11101011101100101010,26.61149618550357,9.765625e-05
00011100110100111010,20.528698693224552,9.765625e-05
00111000110010011000,24.475903455859047,9.765625e-05
11010100111111100100,21.534294388298516,9.765625e-05
01011100110111110101,14.4959974165596,9.765625e-05
00111010101100110010,26.681076755821397,9.765625e-05
10100010010110010110,60.20940139023159,9.765625e-05
01100110000000101101,22.98088565494062,9.765625e-05
00101000100101000000,35.674801568083645,9.765625e-05
00101011100111001101,34.60993506497182,9.765625e-05
11110101000001000100,23.795030206908706,9.765625e-05
10100111110100100010,23.299444331199552,9.765625e-05
10100111010111111010,26.907035278391938,9.765625e-05
11110100001000010100,13.900011571152795,9.765625e-05
01110110111111101010,19.815275249101973,9.765625e-05
11010000111001001010,21.919600955091756,9.765625e-05
11111111000000001011,52.03253550831268,9.765625e-05
10001111101010101000,18.453143379445276,9.765625e-05
01111001110001010001,14.46363342900468,9.765625e-05
10011101100011101101,18.465554774767195,9.765625e-05
00011110110101001100,20.183980949087,9.765625e-05
00000001100010100010,38.77291123199405,9.765625e-05
01000000011000100010,31.73912467399867,9.765625e-05
10100001000000000110,21.202254435326886,9.765625e-05
10000001000110011010,30.14665433626629,9.765625e-05
11100011100101101011,24.06915279747831,9.765625e-05
01011111011100010000,16.487343649078298,9.765625e-05
00111101110001010111,11.857455289928417,9.765625e-05
11001001011101010100,18.763463686639113,9.765625e-05
10100101000101011110,19.468130625140464,9.765625e-05
01011100011000111010,16.424601802666,9.765625e-05
00011010110000010000,25.211038736947256,9.765625e-05
01001110101000100101,19.625911492741935,9.765625e-05
10100111100010000110,23.778444777868152,9.765625e-05
00100001011010011010,32.32961683843709,9.765625e-05
01010110101011010001,22.00429335791776,9.765625e-05
00010010110100000111,31.158772780925478,9.765625e-05
00110111110001010110,15.049990364420939,9.765625e-05
01001001011001101100,18.436078138773926,9.765625e-05
11011000011010001000,11.988710018100805,9.765625e-05
11000100011001000110,18.23391436143092,9.765625e-05
10011010100101101101,34.64634182262759,9.765625e-05
00010100110111101010,40.03682151961793,9.765625e-05
00100101011100001000,19.19564029333672,9.765625e-05
01011011110110101010,17.930923097358637,9.765625e-05
00010100111101000000,24.951663127495248,9.765625e-05
00010010100011011111,38.39496026849312,9.765625e-05
10001111000111111110,20.184693325699723,9.765625e-05
00001110000010100010,18.36748613571316,9.765625e-05
01111100000111010110,11.423265612968075,9.765625e-05
00011001000011001000,18.765966656895397,9.765625e-05
01010100110111101000,32.512320928240094,9.765625e-05
11010101000101010100,14.201659680352549,9.765625e-05
00110001101100110001,22.628673991591196,9.765625e-05
00110100011110001000,16.725780929075647,9.765625e-05
11001001100100000100,13.87456625076201,9.765625e-05
01101110001110101010,19.848400217708793,9.765625e-05
10011100100111111100,18.315742142085593,9.765625e-05
00100110011000110101,32.80621557879518,9.765625e-05
11100111001101111011,21.884897644188264,9.765625e-05
00011110110101100110,21.343897411035528,9.765625e-05
11011000101011010100,18.916848436546715,9.765625e-05
01100100111100000100,16.364021240555395,9.765625e-05
01000001101111110000,41.59831214749131,9.765625e-05
01111010111101101000,22.42417122183692,9.765625e-05
11001100011001101100,13.043216216310375,9.765625e-05
10101011001101010011,52.401379290162545,9.765625e-05
01101000001101111011,33.44337270414919,9.765625e-05
10011010011100001010,30.808084657695026,9.765625e-05
11110001111010110101,15.198055609898923,9.765625e-05
01010011111111000100,17.832273469855224,9.765625e-05
11001111001110100001,20.822877642445768,9.765625e-05
01011000010111001011,22.136777151643404,9.765625e-05
01011011101101111011,25.306882680797656,9.765625e-05
11111010111110111000,22.141081839104302,9.765625e-05
11100111001111111110,19.731430230159702,9.765625e-05
00110111111010001011,19.474350650489136,9.765625e-05
11110100010101001100,10.426433508293139,9.765625e-05
01110010100101011000,18.13787003464592,9.765625e-05
11101111100001101011,30.403319360705098,9.765625e-05
01100010110101111100,38.600123452356215,9.765625e-05
11111000010111110100,25.089301517084195,9.765625e-05
01110011111111100000,16.049919372778234,9.765625e-05
01001101100111010110,15.646551473124973,9.765625e-05
01100101001110101101,29.08930151708419,9.765625e-05
00011110101111001001,15.133128710266472,9.765625e-05
10000101100010111110,30.407257123206943,9.765625e-05
11111101110010111111,18.269624338757303,9.765625e-05
11011010111101101010,21.343897411035528,9.765625e-05
01001110100000010100,15.728418085054667,9.765625e-05
11101000011100011111,37.7099696937524,9.765625e-05
11101101011100100000,17.988400209086464,9.765625e-05
10011011011011110101,26.70242518860242,9.765625e-05
11110001010111010000,13.80107627410814,9.765625e-05
00011110001010011100,18.737530931309248,9.765625e-05
10111010000111011100,53.61427608082527,9.765625e-05
00100000111011110110,59.71065617322697,9.765625e-05
00001110101001110111,30.23139547438415,9.765625e-05
10100011000101001010,31.864153554041863,9.765625e-05
11100001010000000101,15.645951934559601,9.765625e-05
11100111100110110011,22.33035763670663,9.765625e-05
11110000010101000000,12.737466915680951,0.00029296875
10110010011000101010,26.165820300894467,0.0001953125
10001100101001011110,26.012539339451312,9.765625e-05
01001111011001111101,13.685749885707883,9.765625e-05
00110110011110101010,18.866175575920497,9.765625e-05
01100011010110111010,23.607487158727942,9.765625e-05
11000001101111011010,31.779093040885567,9.765625e-05
01110010001000100000,17.157450641633055,0.0001953125
01111010111000010100,19.313898763980205,9.765625e-05
10101110000100010011,50.39586500718931,9.765625e-05
01110011001110100001,20.533940317124248,9.765625e-05
01110010110000101000,14.293769416448237,9.765625e-05
00001111111101011110,22.329826488934472,9.765625e-05
01101001100111111010,24.736136156867925,9.765625e-05
11000010001110011111,32.920538724328296,9.765625e-05
00011000110100111111,40.468400574191456,9.765625e-05
11001101000011000001,16.363481549593466,9.765625e-05
10101101110010000000,20.980885654940625,9.765625e-05
10110110111100011000,16.877672204027274,9.765625e-05
10010111000111010001,14.282163678208612,9.765625e-05
00111000101100110111,26.22194614972798,9.765625e-05
10000101111011110001,29.027555213943376,9.765625e-05
10100001000001011101,29.51697188890293,9.765625e-05
11101001001011000001,24.087442211348502,9.765625e-05
10100101010100000000,17.900005329559445,0.0001953125
00010101001110010110,32.61894494471987,9.765625e-05
10001110010010101110,29.44967431626265,9.765625e-05
01111111010001100111,25.577866923606052,9.765625e-05
11011000111101001010,18.008363417668065,9.765625e-05
10100101011000010000,18.086870272891684,9.765625e-05
11111000000000101010,19.27005564316763,9.765625e-05
10111110110011111110,30.368000300135034,9.765625e-05
10000010100011111110,45.4940315143699,9.765625e-05
10001000111101001010,46.94288153589742,9.765625e-05
01100000011011101100,35.23344465505956,9.765625e-05
10100010011001110110,58.38628618243442,9.765625e-05
10101010110011001000,54.118149175006764,9.765625e-05
01101010010010000010,28.300986628574584,9.765625e-05
01010111000010100111,33.74884412196023,9.765625e-05
10001100000111111111,29.44337270414919,9.765625e-05
11001011011101010010,28.18470301173668,9.765625e-05
10011011000100000111,30.69608970231105,9.765625e-05
00001110110101010101,36.55345057976253,9.765625e-05
00110011011010101001,18.585202844775008,9.765625e-05
00000010000001010101,42.26614967043538,9.765625e-05
11111100100000010110,16.804378442283145,9.765625e-05
01100100011111111100,28.938757146555776,9.765625e-05
00001111000111001100,13.39477284776804,9.765625e-05
10110110000001011111,28.866954160584896,9.765625e-05
01100111111010110101,19.45080114973046,9.765625e-05
11110100000101010010,11.268747787999317,9.765625e-05
11100010011010000001,29.9607466213717,9.765625e-05
01010001111101010001,27.54515306578738,9.765625e-05
10010011110101010000,18.18300434857544,9.765625e-05
00110100011110111000,22.69917962997899,9.765625e-05
11110000010111000000,14.735205363645802,9.765625e-05
11000110000111011100,14.877672204027272,9.765625e-05
00110101110111011010,20.53708616818089,9.765625e-05
01001001000101000110,16.075210928641965,9.765625e-05
10000010010101100101,55.85652367515804,9.765625e-05
00111000011001000000,19.282083429842935,9.765625e-05
10001110100111111111,32.489120508672904,9.765625e-05
01110101010011001110,23.815976393390258,9.765625e-05
00000000101111111100,74.22072687897506,9.765625e-05
00001110000010000001,18.250886234095844,9.765625e-05
10101101101000100101,18.991237144022037,9.765625e-05
11011000111010011011,18.5063399431853,9.765625e-05
11011000011000000000,9.94978686544093,9.765625e-05
00110100001100000001,8.64972216559978,9.765625e-05
11111110101000010111,27.736342155781635,9.765625e-05
01010011010101000110,12.85336349026845,9.765625e-05
00001101011000011010,19.911252741472747,9.765625e-05
11011011101000011111,23.88805313261401,9.765625e-05
00101101001011000001,13.710521231446982,9.765625e-05
11010011011111110011,21.062493582619773,9.765625e-05
11001000100001101010,20.372205280029146,9.765625e-05
00010111000101110011,17.19811890194597,9.765625e-05
01000000010010011100,31.16738468036595,9.765625e-05
01110011001000001111,19.84779172752753,9.765625e-05
11110100110010100010,14.13724685801477,9.765625e-05
00011110010000110000,16.83003771699121,9.765625e-05
11011100110000101010,12.280690298907798,9.765625e-05
00000111000001010111,17.35647587602912,9.765625e-05
00101111100100101010,22.457806823294803,9.765625e-05
11100001000101010000,17.47039217717561,9.765625e-05
00100010011111001101,56.811183449442,9.765625e-05
01011010101010100000,18.76045184664116,9.765625e-05
10001111110101111000,20.34807333281877,9.765625e-05
00000110010001010111,32.881398085780326,9.765625e-05
11000110101111100000,19.184986178395437,9.765625e-05
11001110010111010110,25.58579778525322,9.765625e-05
01101011000101111100,30.90627155484149,9.765625e-05
