bitstring,energy,prob
000110101111,23.28434498187808,9.765625e-05
000111101010,14.741649079057545,9.765625e-05
111001001001,9.075869699244597,9.765625e-05
010110110011,14.201358512494991,9.765625e-05
001111000011,10.363774402289181,9.765625e-05
001110000011,18.212895332660406,9.765625e-05
100011001011,16.181238116578914,9.765625e-05
001101000011,12.212895332660406,9.765625e-05
110010010000,15.430868751529296,9.765625e-05
100100100001,22.16713784209973,9.765625e-05
100001011011,16.161821869240917,9.765625e-05
110001000101,9.090619058289457,9.765625e-05
110101111000,30.726406043480253,9.765625e-05
011111100111,16.909436005722952,9.765625e-05
011111111001,30.363582628035374,9.765625e-05
111110000110,15.519320360211093,9.765625e-05
011100010011,15.070544774769893,9.765625e-05
000111000111,10.318263749994722,9.765625e-05
000000000011,36.0,9.765625e-05
101001100110,29.130155701543533,9.765625e-05
000001110111,10.833164060178891,9.765625e-05
011001010110,17.74913250152402,9.765625e-05
011110101010,18.55443695343825,9.765625e-05
011011001101,12.272506259434047,9.765625e-05
110001001000,11.294739040945382,9.765625e-05
011010101100,28.72754880457836,9.765625e-05
101101011111,11.850071917215523,9.765625e-05
111011000100,21.78305126964066,9.765625e-05
010000000101,23.0,9.765625e-05
001000100100,34.03953664325408,0.0001953125
010111010001,21.32871287307443,9.765625e-05
011100001011,16.06201626303163,9.765625e-05
101001001110,20.121627189805274,0.0001953125
000111001010,16.62468877754541,9.765625e-05
101011011001,17.297951579824833,9.765625e-05
111110110101,39.277630458039056,9.765625e-05
101001101001,25.130155701543533,9.765625e-05
011100000010,12.766381299254355,9.765625e-05
000110010010,15.130155701543535,9.765625e-05
100111111011,17.889370673819272,9.765625e-05
000001010011,18.161821869240917,9.765625e-05
111001110000,31.620388541580255,0.0001953125
001001001111,25.167384680365945,9.765625e-05
011101011100,21.66704195497283,9.765625e-05
100100011110,17.73311161570339,0.0001953125
011101101010,18.517058808175946,0.0001953125
111011100000,43.83925788328105,9.765625e-05
111100000010,12.118563817365718,9.765625e-05
010010111010,14.741649079057545,0.0001953125
010000100001,18.18188720114459,9.765625e-05
111011100011,33.32871287307443,0.0001953125
011101110101,17.767085447832436,0.0001953125
000001110101,10.787406569618216,9.765625e-05
101111101111,26.955193496283627,9.765625e-05
100011111101,20.323643738481834,9.765625e-05
100011101101,30.206683436969698,9.765625e-05
100100000000,14.383190649627178,9.765625e-05
010011101100,14.854500918858335,9.765625e-05
000000011011,30.227644691705265,9.765625e-05
000010101000,29.161821869240917,0.0001953125
001101101101,12.960756307408655,9.765625e-05
001101010000,19.019224473084186,0.00029296875
010101100001,14.318016911728506,9.765625e-05
110000000110,16.0,9.765625e-05
101001010001,13.897195036979454,9.765625e-05
000000100001,29.18188720114459,0.0001953125
001110101101,31.40637441798281,9.765625e-05
110000001011,21.0,9.765625e-05
011101111111,15.15423539273106,9.765625e-05
011101111100,22.369145439160405,0.0001953125
111000100011,27.039536643254078,9.765625e-05
101001011101,11.988710018100805,9.765625e-05
101010100101,70.54451884233566,9.765625e-05
111011010111,17.297951579824833,9.765625e-05
011001100010,16.027850656648774,9.765625e-05
010110011101,12.823730673992845,9.765625e-05
000001001101,27.488559066961493,9.765625e-05
010000011101,19.227644691705265,9.765625e-05
000111010001,12.420227854195776,9.765625e-05
010101011011,37.63603382345701,9.765625e-05
000011000101,18.181238116578914,9.765625e-05
101000100110,40.03953664325408,9.765625e-05
110010000111,20.692679049617418,9.765625e-05
110110000011,13.075869699244597,9.765625e-05
010110110110,12.201358512494991,9.765625e-05
100011100011,23.80874342829766,9.765625e-05
111001100000,26.64070071175015,9.765625e-05
111010111011,26.909436005722952,9.765625e-05
111100111010,20.079073286508155,9.765625e-05
111001000001,12.428052217355962,9.765625e-05
011000101011,20.4266865881527,9.765625e-05
101110011100,18.869241326287305,0.0001953125
100001111101,12.787406569618218,9.765625e-05
100001101111,22.716203758666758,0.0001953125
110111000000,17.38511126096862,9.765625e-05
100100010001,11.73311161570339,9.765625e-05
001000101010,26.4266865881527,9.765625e-05
010111011100,23.726652881746467,0.0001953125
100001001000,15.69267904961742,9.765625e-05
111110101001,35.01922447308419,9.765625e-05
111000111101,17.267181334959343,0.000390625
100000101001,31.18188720114459,9.765625e-05
110100010010,19.345961670804765,9.765625e-05
110111111101,22.44567317458656,0.0001953125
001011000100,20.22674876887337,9.765625e-05
110100010101,7.73311161570339,0.0001953125
001110100010,24.110739454205536,9.765625e-05
110110011001,14.732215692871499,9.765625e-05
101000011111,22.304410313781755,9.765625e-05
100011010000,17.012863410953585,9.765625e-05
101100100110,25.070544774769893,0.0001953125
100010001100,30.692679049617418,9.765625e-05
111101110000,41.89048051314043,9.765625e-05
011000101010,17.4266865881527,9.765625e-05
110101110001,23.772163534040928,9.765625e-05
001101111000,20.3691454391604,9.765625e-05
110101000110,12.136129710583916,0.00029296875
100000010001,15.227644691705265,9.765625e-05
001011100100,33.72665288174647,9.765625e-05
011101000101,7.565077850771768,9.765625e-05
101101100001,25.52784887194936,0.0001953125
010010111001,15.343709070385508,0.0001953125
110010001111,21.090619058289455,0.00029296875
001001101000,18.42579066532081,9.765625e-05
111011000000,23.38511126096862,0.0001953125
011100110011,13.772648258957467,0.0001953125
010111001010,20.578931286984734,9.765625e-05
101001011011,13.19283000075673,0.00029296875
111011000111,18.22674876887337,9.765625e-05
000110001100,18.12162718980527,9.765625e-05
110010010100,13.47662624208997,9.765625e-05
111010000000,27.09037222002324,9.765625e-05
100001111010,15.94576906171347,9.765625e-05
100111010100,18.022287845523742,9.765625e-05
001111011110,14.955193496283623,0.0001953125
110010100100,30.274426870775493,0.0001953125
111001100001,25.038640720422187,0.0001953125
000010100000,29.718124370008205,0.0001953125
101000101011,35.73311161570339,0.00048828125
001110110001,26.369145439160405,0.0001953125
110000001110,19.0,9.765625e-05
101101111011,17.460660420281748,0.0001953125
011011000000,15.430868751529296,9.765625e-05
000111101100,15.343709070385508,9.765625e-05
101101100100,25.52784887194936,9.765625e-05
011110111010,23.165025456504473,9.765625e-05
111100010110,12.422727292881255,0.0001953125
100111010101,13.113802826645092,0.0001953125
011101011000,30.57552697385148,9.765625e-05
101100100000,28.729152320431943,9.765625e-05
101010001000,32.136129710583916,9.765625e-05
101010010011,26.36377440228918,9.765625e-05
110111100000,30.364799090798734,9.765625e-05
110101001111,13.18188720114459,9.765625e-05
000111100110,11.343709070385506,0.00048828125
100001101011,18.31826374999472,0.0001953125
000100000000,17.383190649627178,9.765625e-05
111110110010,38.98199549426178,9.765625e-05
001011101101,31.21610787153985,9.765625e-05
010010110100,15.900011571152795,9.765625e-05
110101101000,18.27225942116783,9.765625e-05
010001001011,25.692679049617418,9.765625e-05
101000111001,23.267181334959343,9.765625e-05
100010001101,37.69267904961742,9.765625e-05
101101100110,21.221423844398668,9.765625e-05
010100101111,16.304410313781755,9.765625e-05
100100001100,16.031008131515815,0.0001953125
001110111110,16.552175401403098,9.765625e-05
111101101110,14.869241326287305,9.765625e-05
111011011010,22.456314071920083,9.765625e-05
100000001011,34.0,9.765625e-05
010110110000,23.064086040812967,9.765625e-05
011110010011,15.221423844398668,9.765625e-05
110011110000,30.548853741550985,0.0001953125
011011111001,22.44567317458656,0.0001953125
000100111101,12.654331279857967,9.765625e-05
110010100101,35.27442687077549,9.765625e-05
010001010010,27.274426870775493,9.765625e-05
001110000100,18.16713784209973,0.00029296875
011010100010,25.72754880457836,0.000390625
111100101001,18.422727292881255,0.0001953125
101001111110,19.894933484944303,0.00029296875
110001001111,15.090619058289457,0.0001953125
010110101010,15.340892536212166,9.765625e-05
100011101000,25.410803419625623,9.765625e-05
110110001000,12.428052217355962,9.765625e-05
111100010000,18.081334838543306,0.0001953125
110101101001,14.318016911728506,0.0001953125
111001001000,10.677929690572562,9.765625e-05
100000000111,38.0,0.00029296875
111010110111,33.86367851516228,0.00029296875
110001011000,18.274426870775493,9.765625e-05
111111001000,20.226501930607157,9.765625e-05
011110001110,9.610835341332443,9.765625e-05
100111100011,19.900011571152795,9.765625e-05
110100001101,10.031008131515815,0.0001953125
100010011010,18.272506259434046,9.765625e-05
010110110010,18.50778354004568,9.765625e-05
001101001000,12.16713784209973,9.765625e-05
100010000111,37.69267904961742,9.765625e-05
100001111001,11.343709070385506,0.0001953125
101111110001,43.272067646914024,9.765625e-05
010011010110,13.80874342829766,9.765625e-05
010110110111,9.894933484944303,0.0001953125
011000111100,12.91499881684798,9.765625e-05
110011010110,13.410803419625623,9.765625e-05
010011101101,15.252440927530373,0.0001953125
111011100010,34.93077286440239,9.765625e-05
101000101111,42.73311161570339,9.765625e-05
010001100000,13.47662624208997,9.765625e-05
010000010101,14.227644691705265,0.00029296875
110001010000,17.274426870775493,0.00029296875
101101011011,14.758556936094173,9.765625e-05
111000011110,12.212895332660406,0.000390625
100011111010,18.879946239249122,9.765625e-05
101100011100,10.116302265330567,9.765625e-05
101111110010,41.272067646914024,9.765625e-05
100111100110,19.900011571152795,0.0001953125
001010010010,18.36377440228918,0.00029296875
001001100010,18.42579066532081,0.0001953125
000010011000,18.272506259434046,0.0001953125
111001001111,12.121627189805272,9.765625e-05
011000001010,19.678825613404452,0.0001953125
111000011000,11.519320360211093,0.0001953125
000000010110,25.227644691705265,0.00029296875
100101111101,12.000950986844298,9.765625e-05
000100011011,26.73311161570339,9.765625e-05
110100101001,13.565077850771768,9.765625e-05
110011111101,16.879946239249122,9.765625e-05
101001101101,29.52809571021557,0.00029296875
010000000010,22.0,0.00029296875
000100011101,19.4266865881527,0.0001953125
100100111100,12.91499881684798,0.0001953125
011000111001,12.91499881684798,9.765625e-05
111011010000,30.364799090798734,9.765625e-05
101100011010,15.070544774769893,9.765625e-05
000000111101,20.501046873971205,0.0001953125
110001101100,11.87456625076201,9.765625e-05
000101100001,12.363774402289181,0.000390625
010010011101,14.318263749994722,0.0001953125
011001101100,14.425790665320811,9.765625e-05
011110100111,20.758556936094173,9.765625e-05
001010100110,39.72754880457836,9.765625e-05
011110000000,14.871502878322456,0.00029296875
101010101010,42.72754880457836,9.765625e-05
010111101011,14.741649079057545,9.765625e-05
011011001111,12.318263749994722,0.00029296875
100100010010,17.039536643254078,9.765625e-05
011011011001,13.900011571152795,9.765625e-05
000111100100,15.900011571152795,9.765625e-05
001100101011,18.457694719668517,0.0001953125
001011110101,26.24155319193064,9.765625e-05
110101110010,30.726406043480253,0.00029296875
111001101000,20.33427568419946,9.765625e-05
111011011000,24.41055658135941,0.0001953125
111011000101,22.180991278312696,9.765625e-05
011010110010,22.863678515162277,0.00029296875
011110011011,15.267181334959343,9.765625e-05
000111010010,19.726652881746464,0.0001953125
111010101111,37.72754880457836,0.00029296875
011000100010,17.73311161570339,9.765625e-05
001000111010,16.608573789297292,0.000390625
111110001001,17.519320360211093,9.765625e-05
110101011010,35.54451884233566,0.000390625
100010010000,19.47662624208997,9.765625e-05
010110111011,15.645056011727704,9.765625e-05
110011100110,17.410803419625623,9.765625e-05
010001110010,18.502071562480758,0.0001953125
000000000101,38.0,9.765625e-05
000000001100,36.0,9.765625e-05
010011110000,21.992551240783698,9.765625e-05
000001000011,23.090619058289455,9.765625e-05
011110000001,15.519320360211093,9.765625e-05
001010001011,31.227644691705265,0.0001953125
011111011111,14.955193496283627,0.00029296875
001111110011,19.455097609156716,0.0001953125
011001001000,13.325747172461197,9.765625e-05
011100111000,18.079073286508155,0.00029296875
101011000111,28.62468877754541,9.765625e-05
010110011000,21.436580729094224,9.765625e-05
000010111110,18.833164060178895,0.00029296875
010001001101,19.090619058289455,9.765625e-05
100111010110,16.42022785419578,0.0001953125
101101000100,12.917260368883131,0.00029296875
000101110101,10.000950986844298,0.0001953125
100000000110,31.0,9.765625e-05
111100011001,10.422727292881255,9.765625e-05
010101111011,25.909436005722952,0.00048828125
101010101110,47.72754880457836,9.765625e-05
011111101100,20.863678515162277,0.00029296875
011010011101,14.409531892849856,9.765625e-05
000100110010,13.267181334959343,9.765625e-05
100010100111,45.718124370008205,0.00029296875
000111011111,14.307622852661202,9.765625e-05
001111001011,10.409531892849856,0.0001953125
010011100100,15.410803419625623,9.765625e-05
100110001010,17.473809707916637,9.765625e-05
101110000000,27.47356286965042,9.765625e-05
110110001110,9.473809707916635,9.765625e-05
111111011100,25.772163534040928,9.765625e-05
010001110101,9.343709070385508,0.0001953125
111001010100,16.453497537746742,9.765625e-05
010001000001,13.69267904961742,9.765625e-05
011100101110,9.80987723777988,0.0001953125
100000111010,16.409531892849856,0.0001953125
011111000101,10.318016911728506,0.0001953125
011101010011,23.66704195497283,0.0001953125
011111010010,30.726406043480253,9.765625e-05
011101101110,12.562816298736617,0.0001953125
100111000100,13.47662624208997,0.00029296875
010000100111,21.227644691705265,9.765625e-05
111110100100,39.927709491962844,0.0001953125
111101110010,37.584055485589744,0.0001953125
001100001111,23.357651226808905,0.0001953125
111111110110,41.272067646914024,0.00029296875
000011010011,9.252440927530373,0.0001953125
011010100011,28.72754880457836,9.765625e-05
001010001110,31.227644691705265,9.765625e-05
110011110001,23.992551240783698,0.00048828125
100000110010,16.36377440228918,0.00029296875
111101101101,15.221423844398668,9.765625e-05
010011111111,9.767341237714545,0.00029296875
000011100111,19.65038093620241,0.00048828125
100010101010,31.161821869240917,0.0001953125
100100011100,12.73311161570339,0.0001953125
111011101001,33.32871287307443,9.765625e-05
001110010011,12.91499881684798,0.0001953125
001010110101,35.90943600572295,9.765625e-05
110110101101,21.74913250152402,0.00029296875
100101100000,18.27225942116783,9.765625e-05
001010001001,31.18188720114459,9.765625e-05
111010010101,24.318016911728506,9.765625e-05
111100010111,10.116302265330567,0.00029296875
111110111011,27.767085447832443,9.765625e-05
111101010100,22.371406991195556,9.765625e-05
101111010101,21.909436005722952,0.0001953125
000111010111,9.909682843989165,0.00029296875
001111001100,10.363774402289181,0.0001953125
001110100100,31.667041954972827,0.0001953125
111100010010,18.729152320431943,0.0001953125
010100010001,17.039536643254078,0.00048828125
000000010111,27.27340218226594,0.00029296875
101001010110,18.54501251886809,9.765625e-05
001111110000,33.272067646914024,9.765625e-05
111011111100,35.35415819346522,0.000390625
100111110001,27.001975675353847,0.00029296875
110110010011,14.732215692871499,0.0001953125
110100010011,15.039536643254078,0.0001953125
000110101110,18.63652749998944,9.765625e-05
010000000011,25.0,0.000390625
001010000010,26.18188720114459,0.00029296875
001100101100,16.764119747219205,9.765625e-05
010100110000,17.527848871949352,9.765625e-05
111110011001,19.175666353837997,0.0001953125
011100011101,8.764119747219205,9.765625e-05
110111011101,14.42022785419578,0.0001953125
100101101100,14.363774402289181,9.765625e-05
111010101101,44.63603382345701,0.0001953125
111000001001,15.383190649627178,0.000390625
100011100110,25.80874342829766,9.765625e-05
110000000010,15.0,9.765625e-05
001110001000,15.565077850771768,0.0001953125
100001001011,21.090619058289455,0.0001953125
011000111011,12.608573789297292,0.00029296875
000000110011,14.455289383410529,9.765625e-05
011010000011,20.18188720114459,9.765625e-05
101010011011,22.409531892849856,9.765625e-05
111100101000,17.774909810992618,0.000390625
010000111101,12.45528938341053,0.0001953125
110110010111,10.425790665320811,9.765625e-05
111100111001,18.079073286508155,0.000390625
010010011010,18.62468877754541,0.0001953125
010000011110,26.18188720114459,0.00029296875
101011001101,26.62468877754541,0.0001953125
100001001111,25.488559066961493,9.765625e-05
101000001100,28.383190649627178,0.00048828125
010110110101,14.451235985711591,9.765625e-05
011001110000,23.313963514029567,0.0001953125
000000111110,20.501046873971205,0.0001953125
110111110010,36.262643212343875,0.000390625
100011000100,19.38535809923484,0.000390625
000000001101,43.0,0.0001953125
001001101110,20.51730564644216,0.00029296875
001000011010,20.860712814549043,9.765625e-05
111001000000,14.030112208683924,0.0001953125
111001010010,21.657617520402667,0.0001953125
001111000001,12.318016911728506,0.0001953125
011010100000,32.63603382345701,9.765625e-05
010000110010,12.363774402289181,0.00029296875
110111110101,27.001975675353847,0.00029296875
000000100000,24.18188720114459,9.765625e-05
001101000100,9.565077850771768,0.0001953125
000000000010,31.0,0.00029296875
101100101100,23.070544774769893,9.765625e-05
111101111101,19.767085447832436,0.00029296875
010001100110,11.920323741322683,0.0001953125
011100100100,12.422727292881255,0.00048828125
101101010000,22.37140699119555,9.765625e-05
000110100101,26.396949983412654,9.765625e-05
010111010111,14.818167862867814,0.0001953125
001101110011,13.460660420281748,9.765625e-05
100001001100,18.090619058289455,0.0001953125
001100100010,16.116302265330567,9.765625e-05
011100000101,9.414198781142993,0.00029296875
110110010010,19.038640720422187,0.0001953125
110110110100,25.313963514029567,0.0005859375
011111000110,10.318016911728506,0.0001953125
011010010111,14.409531892849856,9.765625e-05
110011000010,10.987418090562802,9.765625e-05
011000010100,11.565077850771768,0.00068359375
100100111010,15.267181334959343,0.000390625
000010000101,35.69267904961742,9.765625e-05
011001100110,14.425790665320811,0.0001953125
110100011000,17.345961670804765,0.0001953125
001001100110,20.82373067399285,9.765625e-05
111001001010,13.325747172461197,0.00029296875
111111011010,32.72640604348025,0.0001953125
011100111011,13.46622323140678,9.765625e-05
100001000001,15.090619058289457,0.00029296875
110011101111,15.252440927530374,0.0009765625
111010000110,24.136129710583916,0.0001953125
110010111010,17.297951579824833,0.00048828125
001111011101,10.000950986844298,9.765625e-05
100001001101,20.488559066961493,9.765625e-05
010111111110,22.24155319193064,9.765625e-05
000001011111,26.60551936847363,0.0001953125
100110010001,16.027850656648774,9.765625e-05
011111100010,24.817921024601603,0.0001953125
100010011110,20.31826374999472,0.0001953125
100011011101,12.298198418091047,0.00029296875
000110101100,21.19283000075673,0.000390625
000010111000,19.343709070385504,9.765625e-05
100001000101,19.488559066961493,9.765625e-05
110001110011,11.900011571152795,9.765625e-05
000101100000,14.318016911728506,9.765625e-05
010010010010,14.226748768873373,9.765625e-05
001011110000,29.354158193465217,0.00029296875
000110011110,17.221670682664886,0.0001953125
101011101100,41.72665288174647,9.765625e-05
000110000011,18.12162718980527,9.765625e-05
000001101110,22.364021240555395,9.765625e-05
110011011000,17.96710592039291,0.000390625
100011110001,23.43624874001641,0.00029296875
110001011101,9.161821869240917,9.765625e-05
000101010101,13.819063785699708,0.00029296875
001001110101,15.645056011727704,0.0001953125
111111111110,34.363582628035374,9.765625e-05
100011010100,16.456560910186298,0.00029296875
101111111010,34.363582628035374,9.765625e-05
100111000111,11.920323741322685,0.000390625
010011000110,9.783298107906877,0.0001953125
011011100100,27.32871287307443,9.765625e-05
111000000110,17.383190649627178,0.0001953125
011010000000,19.136129710583916,0.00029296875
110010011101,11.920323741322685,9.765625e-05
010011001100,11.783298107906877,0.00068359375
010011011001,13.80874342829766,9.765625e-05
110001110010,18.456314071920083,9.765625e-05
011001110001,16.75766101326228,9.765625e-05
011110011100,13.221423844398668,0.00048828125
001000101111,38.426686588152705,9.765625e-05
101010100010,49.63603382345701,0.0001953125
000001100101,20.670446268106083,0.00029296875
010010101000,20.161821869240917,0.00078125
000100011111,26.4266865881527,0.000390625
110100110000,19.482091381388685,0.0001953125
111000100101,34.34596167080477,0.00029296875
101111010001,24.817921024601603,0.0001953125
001100110010,13.772648258957467,0.0001953125
000001110010,13.945769061713467,9.765625e-05
001111100111,18.955193496283623,9.765625e-05
101001000101,23.223932234700037,0.0001953125
100100010000,14.039536643254078,0.000390625
010100000001,15.383190649627178,0.0001953125
010010110111,11.38946656094618,0.0001953125
110011101101,19.80874342829766,9.765625e-05
011110111110,16.858600428953785,9.765625e-05
111111100111,29.817921024601603,0.00048828125
010011011111,13.650380936202412,9.765625e-05
111100001101,7.414198781142993,0.00048828125
000100110011,10.960756307408655,0.00029296875
001011010110,15.343709070385508,0.0001953125
110110111110,16.20135851249499,0.0001953125
010010111100,15.343709070385508,0.000390625
011111100110,18.863678515162277,0.00029296875
110000011001,10.18188720114459,0.0001953125
110000100110,16.18188720114459,0.0001953125
011110111001,23.767085447832436,0.00029296875
011110111101,19.460660420281748,9.765625e-05
111001000011,13.075869699244597,0.00029296875
111001101101,19.130155701543536,9.765625e-05
110001010010,20.274426870775493,0.0001953125
110110101001,23.101315019635383,0.000390625
101101001111,12.25865282322108,0.0001953125
001110010101,14.562816298736617,9.765625e-05
010010110001,15.900011571152795,0.0001953125
000010110111,19.435224051506857,9.765625e-05
011101011001,21.66704195497283,9.765625e-05
010110001101,14.121627189805272,0.0001953125
101000011001,15.610835341332443,0.000390625
011001100100,16.7322156928715,0.000390625
100010011101,21.966081231883358,9.765625e-05
100001000010,17.692679049617418,0.0001953125
011100010010,19.37696980232058,0.0001953125
110100010111,10.73311161570339,9.765625e-05
111011111001,33.35415819346522,0.000390625
101011011110,19.343709070385508,9.765625e-05
111110111111,23.460660420281755,0.0001953125
101011110000,46.26264321234386,0.0001953125
111100000111,11.414198781142993,0.0001953125
101000011110,20.25865282322108,0.0001953125
110010010111,11.920323741322685,9.765625e-05
011111001110,10.363774402289181,0.00029296875
100110101111,27.84064748264537,0.0001953125
001000000110,31.031008131515815,0.000390625
011010111011,18.0009509868443,0.00029296875
110110001101,11.723687181133235,9.765625e-05
111010100010,38.63603382345701,0.0001953125
110011011110,13.80874342829766,9.765625e-05
000001011110,29.161821869240917,9.765625e-05
011110100010,21.4629219723169,9.765625e-05
010001000011,18.692679049617418,0.0001953125
001111110111,16.546612590278066,0.0001953125
110100101010,12.963017859443806,9.765625e-05
111110001011,15.565077850771768,0.00048828125
101110101010,32.11073945420554,0.0001953125
110001010101,8.161821869240917,0.0001953125
110011000011,9.385358099234839,0.0001953125
011101000000,15.473562869650419,0.0001953125
011111111110,25.455097609156724,0.0005859375
001111110010,26.363582628035367,9.765625e-05
011100010001,12.422727292881255,0.00048828125
010111000100,9.828808760201333,0.00048828125
111011010001,23.808496590031446,9.765625e-05
101010000011,39.136129710583916,9.765625e-05
010011010111,9.252440927530374,9.765625e-05
000101100100,12.363774402289181,0.0001953125
001010011011,18.45528938341053,0.0001953125
111011001010,15.47662624208997,0.0001953125
111010111010,28.863678515162277,0.0001953125
111110110000,47.89048051314043,0.0001953125
101111110111,31.455097609156724,9.765625e-05
011110000110,9.565077850771768,0.0001953125
001111110001,26.363582628035374,0.0001953125
110011000110,9.385358099234839,9.765625e-05
010010011011,16.670446268106083,0.00029296875
011010001011,20.227644691705265,9.765625e-05
110101000011,14.136129710583916,9.765625e-05
000111110100,18.44567317458656,0.00029296875
110000000000,12.0,0.000390625
111000111011,14.91499881684798,9.765625e-05
011110011000,19.52784887194936,9.765625e-05
100001100001,20.22674876887337,9.765625e-05
110111011010,30.635137900625118,9.765625e-05
100001000110,20.090619058289455,9.765625e-05
100000101110,31.227644691705265,9.765625e-05
010110111101,13.894933484944303,0.000390625
101010110100,50.77216353404093,9.765625e-05
011100001111,14.709833744920267,0.00107421875
111101111011,24.369145439160405,9.765625e-05
100101000100,11.18188720114459,0.00068359375
110101010101,13.727548804578362,9.765625e-05
000001110011,9.389466560946179,0.00048828125
110110110010,25.064086040812967,0.0001953125
101010010000,30.27225942116783,9.765625e-05
100010111000,25.900011571152795,0.00029296875
010111110000,34.26264321234386,0.00029296875
100110010010,16.7322156928715,0.00029296875
111100101011,16.116302265330567,0.00087890625
100001110010,15.900011571152795,9.765625e-05
010100111010,21.619363853070706,0.00029296875
100111011011,14.818167862867817,0.0005859375
110110000000,14.030112208683924,9.765625e-05
010001110111,9.389466560946182,0.0001953125
110000001010,18.0,9.765625e-05
011101111101,15.460660420281748,0.00029296875
001110000111,20.860712814549043,0.0001953125
100000001000,24.0,0.0001953125
001111101110,16.0009509868443,0.0001953125
101110100000,47.927709491962844,9.765625e-05
110101100100,14.272259421167831,9.765625e-05
010111101010,18.69589158849687,9.765625e-05
000111101000,17.297951579824833,0.0001953125
101111000100,22.27225942116783,0.0001953125
000011100010,14.854500918858335,0.0001953125
001001011111,17.28434498187808,0.0001953125
001100101010,15.80987723777988,9.765625e-05
010010000011,18.090619058289455,9.765625e-05
000010000110,29.090619058289455,0.0005859375
111110010011,21.175666353837997,9.765625e-05
110011110011,17.43624874001641,0.00048828125
000011101110,18.696138426763085,9.765625e-05
101111010011,20.863678515162277,0.00029296875
100011001100,17.783298107906877,0.00029296875
000011011110,17.65038093620241,0.0001953125
101110100100,48.57552697385148,0.000390625
110000000111,21.0,0.0001953125
100000011101,20.27340218226594,0.0005859375
011000001100,16.031008131515815,0.0001953125
100110011110,14.823730673992847,9.765625e-05
110000111110,10.409531892849856,0.000390625
100110100100,32.305435002291304,9.765625e-05
000001111010,17.991526552274145,0.00048828125
111000111110,14.91499881684798,0.00029296875
001111100011,18.90943600572295,0.0001953125
111111011110,23.817921024601603,9.765625e-05
001010111010,22.0009509868443,0.000390625
011000100000,20.039536643254078,9.765625e-05
101101011110,16.758556936094173,0.0001953125
001011010011,11.343709070385506,9.765625e-05
010100000011,20.383190649627178,0.00078125
111011110011,33.35415819346522,9.765625e-05
011011101000,24.022287845523742,9.765625e-05
111001100111,21.130155701543536,0.0001953125
011001111110,16.144810958160907,0.00068359375
001101011110,19.40637441798281,9.765625e-05
100111100010,21.85425408059212,0.00029296875
111101111000,35.584055485589744,9.765625e-05
101101110111,18.858600428953785,9.765625e-05
011101111010,30.971205430488368,9.765625e-05
101111000010,20.27225942116783,0.00048828125
011001101110,14.119365637770121,0.00029296875
011101010001,21.019224473084194,0.0001953125
101100100011,27.070544774769893,9.765625e-05
011010110100,27.817921024601603,0.0001953125
101111111000,41.272067646914024,0.00048828125
100100101100,18.212895332660406,9.765625e-05
100000000000,23.0,0.0001953125
110011010111,8.854500918858335,9.765625e-05
001100100001,21.070544774769893,0.0001953125
001100111100,11.46622323140678,0.0001953125
101111011000,25.772163534040928,0.0001953125
011011111100,24.44567317458656,9.765625e-05
111100010011,14.422727292881255,0.00029296875
111101101000,23.129908863277322,0.00029296875
111110010110,19.175666353837997,9.765625e-05
111101101011,16.86924132628731,0.0001953125
110001010001,10.718124370008205,0.00029296875
000000000100,31.0,0.00029296875
000001000100,20.090619058289455,9.765625e-05
110100111100,11.221423844398668,0.0001953125
010001111010,22.547829053041433,9.765625e-05
110010100111,28.718124370008205,0.000390625
010101110111,14.955193496283623,0.00029296875
100110101010,22.545012518868095,0.0001953125
111111010100,31.726406043480253,0.0001953125
111100000101,10.766381299254355,0.0001953125
111011000010,19.430868751529296,0.000390625
001111100101,25.863678515162277,0.00029296875
100001100100,22.22674876887337,0.00048828125
100010011100,19.920323741322683,9.765625e-05
011110000010,12.917260368883131,0.000390625
010001010111,18.161821869240917,0.0001953125
011111000100,12.272259421167831,0.0001953125
100100101011,20.25865282322108,9.765625e-05
100110111010,20.201358512494995,9.765625e-05
000101100011,12.409531892849856,0.000390625
011010110111,20.955193496283623,0.0005859375
110110010101,12.027850656648774,9.765625e-05
001110101111,26.49788939910416,0.00068359375
110110010000,20.64070071175015,9.765625e-05
101110110101,42.97120543048837,0.0001953125
000000111010,18.45528938341053,0.00029296875
000111011001,14.818167862867814,0.0001953125
010011101110,12.298198418091047,0.0001953125
100011100101,34.762985937736985,9.765625e-05
100101101110,14.409531892849856,9.765625e-05
101000100011,40.03953664325408,0.00029296875
010101010111,23.727548804578362,9.765625e-05
011100000111,12.06201626303163,0.00048828125
001011001010,15.920323741322685,0.0001953125
100100111000,15.221423844398668,9.765625e-05
100101001110,17.18188720114459,9.765625e-05
111001001011,11.723687181133235,0.0001953125
111110100000,43.27989201007421,9.765625e-05
010000101010,19.27340218226594,0.00029296875
010011110001,15.43624874001641,9.765625e-05
100001101101,22.670446268106083,0.000390625
111111100001,42.68064855291958,9.765625e-05
100010101111,43.16182186924092,9.765625e-05
000101101010,18.409531892849856,0.0001953125
101010100100,63.54451884233566,0.000390625
010000101111,25.27340218226594,0.0001953125
111110011110,15.221423844398668,0.00029296875
110110101100,19.101315019635383,9.765625e-05
011111110100,35.272067646914024,9.765625e-05
001000010101,19.656592831893118,9.765625e-05
101011110010,37.35415819346522,9.765625e-05
011100001010,15.414198781142993,0.0001953125
011101000110,12.16713784209973,9.765625e-05
001101110101,12.858600428953785,9.765625e-05
110000101000,15.18188720114459,9.765625e-05
111110101101,33.66704195497283,9.765625e-05
110011011001,11.410803419625623,0.00078125
011110100110,18.110739454205536,9.765625e-05
011000111110,12.608573789297292,0.00048828125
001000010000,15.565077850771768,0.00029296875
001001110110,15.894933484944303,0.0001953125
011010111100,22.90943600572295,0.0005859375
100101010111,13.819063785699708,0.000390625
010101001110,26.136129710583916,9.765625e-05
000011101111,21.094078435435122,0.0001953125
111101101100,17.175666353837997,0.00048828125
010101111110,25.909436005722952,9.765625e-05
110101010011,23.636033823457012,9.765625e-05
100111011111,11.909682843989167,0.0001953125
111110000000,22.825745387761785,0.001171875
000011011001,11.252440927530373,0.0001953125
010010001000,17.090619058289455,0.000390625
111110100011,35.01922447308419,0.000390625
001110001100,16.212895332660406,0.0001953125
001011001000,15.87456625076201,0.0005859375
110010011011,12.272506259434047,0.00048828125
010111000110,10.226748768873371,0.00048828125
110011010001,13.012863410953585,9.765625e-05
111010101110,32.72754880457836,9.765625e-05
100100011101,12.426686588152702,9.765625e-05
000100110001,10.91499881684798,0.0001953125
101000110110,27.267181334959343,0.00048828125
100101111001,14.909436005722949,0.0001953125
011101001010,20.769197833427693,0.0001953125
111101010001,22.371406991195556,9.765625e-05
001011110001,24.79785569269793,0.00029296875
111101111100,26.675570466711093,9.765625e-05
100101001010,19.136129710583916,0.0001953125
110010110001,24.456314071920083,0.00048828125
000111001011,14.670446268106085,0.00048828125
000011101010,16.298198418091047,9.765625e-05
011111001011,12.363774402289181,0.000390625
101110100010,39.01922447308419,0.000390625
001010100010,34.72754880457836,9.765625e-05
101011011101,18.741649079057545,9.765625e-05
011000001000,15.031008131515815,0.0001953125
000101011000,28.636033823457012,9.765625e-05
110110011101,10.425790665320811,9.765625e-05
111010011001,18.318016911728506,0.000390625
111011101011,26.42022785419578,9.765625e-05
001000101100,31.73311161570339,0.000390625
000010111010,16.787406569618216,9.765625e-05
001101010100,14.110739454205536,0.00029296875
001111000111,10.409531892849856,0.00029296875
010010111101,15.38946656094618,0.00029296875
101010110111,43.90943600572295,9.765625e-05
001111011011,12.955193496283623,0.000390625
101100011101,9.80987723777988,0.00029296875
011000110011,12.91499881684798,0.00048828125
010000001010,29.0,0.00029296875
101111101110,26.909436005722952,9.765625e-05
110010111000,21.85425408059212,0.0001953125
000010011010,20.670446268106083,0.0001953125
010000001111,35.0,0.00029296875
011000111111,12.654331279857967,9.765625e-05
110011101110,14.854500918858335,0.0001953125
111101100110,19.175666353837997,9.765625e-05
001110011111,12.654331279857967,9.765625e-05
001100101111,21.105512201557154,0.000390625
001101001101,10.25865282322108,0.00078125
101110011110,16.91499881684798,9.765625e-05
111010011011,16.36377440228918,0.00029296875
101101111010,24.3691454391604,9.765625e-05
001110010110,12.91499881684798,9.765625e-05
010110011001,17.130155701543533,0.0001953125
010101001101,17.18188720114459,9.765625e-05
001101111010,20.06272041160971,0.0001953125
011110000101,14.16713784209973,0.00029296875
000110010101,12.119365637770121,0.00029296875
000001100110,18.31826374999472,0.00048828125
100110010111,14.119365637770121,0.00029296875
101010000111,46.136129710583916,0.00029296875
111110000001,23.473562869650422,0.0005859375
001000000010,26.031008131515815,9.765625e-05
111100110110,18.079073286508155,9.765625e-05
011001000001,11.075869699244597,9.765625e-05
000010110101,23.991526552274145,9.765625e-05
110001100101,14.226748768873371,0.00048828125
011001101111,14.517305646442159,0.0001953125
010011100001,15.410803419625623,0.0005859375
000111100101,15.94576906171347,0.0001953125
110011000000,12.589478081890764,0.00029296875
011010100101,38.63603382345701,0.000390625
001001101001,18.82373067399285,9.765625e-05
001100010110,12.764119747219205,9.765625e-05
110110010110,12.732215692871499,0.0001953125
000001001010,29.692679049617418,0.000390625
111011001101,16.22674876887337,9.765625e-05
100101000111,14.227644691705265,9.765625e-05
110010010001,13.47662624208997,9.765625e-05
100101011100,16.72754880457836,0.00029296875
110011011010,18.365045929064948,0.0001953125
000110100010,16.54501251886809,0.000390625
100001110110,15.343709070385508,0.00029296875
101000000100,31.73537316773854,0.000390625
001001010101,11.988710018100805,0.0001953125
100100101110,18.25865282322108,0.0001953125
000110110111,11.588508457393617,0.0001953125
110001101110,11.920323741322685,9.765625e-05
101001010100,17.897195036979454,0.000390625
000111000000,11.828808760201335,9.765625e-05
011100110110,11.772648258957467,9.765625e-05
111000101101,28.039536643254078,0.0001953125
011111111111,18.546612590278066,0.000390625
000010010101,19.966081231883358,9.765625e-05
100011011100,14.854500918858335,0.0001953125
010010000100,15.69267904961742,0.0001953125
110000110111,10.409531892849856,0.00029296875
010010110011,11.343709070385506,9.765625e-05
001100011001,10.764119747219205,9.765625e-05
011111000111,8.363774402289181,0.00029296875
110000100010,15.18188720114459,0.000390625
000001111011,13.435224051506856,0.00048828125
011111101010,21.909436005722952,0.00048828125
011011011000,20.456314071920083,9.765625e-05
110001010011,13.718124370008205,0.00029296875
001010111100,28.955193496283623,0.0001953125
000011101000,18.854500918858335,9.765625e-05
100110110010,22.75766101326228,9.765625e-05
110011011101,8.854500918858335,0.000390625
011011100011,20.42022785419578,0.00068359375
111010011000,20.27225942116783,9.765625e-05
000110111000,18.20135851249499,9.765625e-05
111000110010,21.175666353837997,0.00029296875
111011010101,21.252194089264158,0.0001953125
111101100100,23.482091381388685,0.0001953125
010101100100,12.318016911728506,9.765625e-05
001000110010,16.91499881684798,9.765625e-05
100001011111,17.60551936847363,0.000390625
101001100101,35.834520737766255,9.765625e-05
110011110110,19.43624874001641,0.000390625
110010001101,20.692679049617418,9.765625e-05
010011000111,10.181238116578914,0.000390625
110111000010,15.783051269640659,9.765625e-05
101001000110,21.473809707916637,0.00029296875
110001101000,13.47662624208997,9.765625e-05
000110010000,14.732215692871495,0.00048828125
101001001101,19.871749716588674,9.765625e-05
001000011101,20.304410313781755,9.765625e-05
000011010000,13.410803419625623,0.00029296875
010100000100,11.383190649627178,9.765625e-05
000110100110,17.19283000075673,0.00048828125
010011100111,11.252440927530373,9.765625e-05
111110100010,34.371406991195556,0.0013671875
010110100001,19.10131501963538,0.00078125
111101000110,11.519320360211093,0.00029296875
110000100001,20.136129710583916,0.0001953125
000000100100,29.18188720114459,9.765625e-05
001010000011,31.18188720114459,0.000390625
100011000101,21.783298107906877,0.00029296875
101100100100,29.37696980232058,0.00029296875
011111100000,31.726406043480253,9.765625e-05
100000001001,29.0,0.00029296875
100000010100,17.227644691705265,0.0001953125
010000111111,14.501046873971205,9.765625e-05
110100111111,8.960756307408655,0.00048828125
010010010011,12.272506259434047,0.00087890625
110100001011,16.383190649627178,0.0001953125
010010111000,17.297951579824833,0.000390625
110111010010,30.23719789195308,0.00029296875
010110001000,14.825992226027997,9.765625e-05
111000011010,14.16713784209973,9.765625e-05
100000110101,22.409531892849856,9.765625e-05
101101011100,14.110739454205536,0.00029296875
000101100111,12.45528938341053,0.00029296875
000110110011,11.894933484944305,0.0001953125
000100110101,10.608573789297292,0.00029296875
010010010001,11.87456625076201,0.00048828125
001110101000,26.110739454205536,0.0001953125
100000011010,21.18188720114459,0.0009765625
010111001100,12.226748768873371,0.00029296875
010000111001,12.409531892849856,0.0001953125
101100110100,24.079073286508155,0.0001953125
001000111111,20.700088770418642,9.765625e-05
100011111001,18.879946239249122,0.0001953125
000110001011,22.519567198477308,9.765625e-05
010110000101,11.723687181133235,0.0001953125
011001001100,11.723687181133235,0.0001953125
110001001100,9.69267904961742,0.0001953125
110000011110,15.18188720114459,9.765625e-05
011001110011,14.451235985711595,0.00078125
001010101100,41.72754880457836,0.00078125
001000011001,16.25865282322108,0.00068359375
100010111010,21.343709070385508,0.00029296875
000100010100,14.73311161570339,0.0001953125
001100010000,12.422727292881255,0.00029296875
011000000101,20.383190649627178,9.765625e-05
111001111001,18.75766101326228,0.00029296875
100110010100,16.027850656648774,0.00029296875
100101000010,16.136129710583916,9.765625e-05
111000110001,23.52784887194936,9.765625e-05
100111010001,16.022287845523742,0.0001953125
000111001110,14.670446268106085,0.000390625
100101100011,14.363774402289181,9.765625e-05
011100110101,11.772648258957467,0.000390625
100000011111,25.27340218226594,0.000390625
101101101111,16.960756307408655,9.765625e-05
101111110011,34.363582628035374,0.00029296875
000110010011,12.823730673992847,0.00048828125
001001110001,14.201358512494991,0.0001953125
100101111000,21.817921024601603,0.0005859375
010011110010,17.43624874001641,0.00029296875
000111010100,14.420227854195776,0.00029296875
011110011101,10.91499881684798,0.00048828125
001010001101,38.18188720114459,0.0001953125
001011010100,17.297951579824833,0.0001953125
101010101000,49.63603382345701,0.00029296875
011101001011,16.814955323988368,0.00048828125
101011000001,28.180991278312696,0.000390625
010101000110,19.136129710583916,0.00107421875
010010001010,19.488559066961493,0.00048828125
010110000010,12.825992226027997,0.00029296875
010010100001,23.718124370008205,0.0001953125
101101010010,23.019224473084186,0.00029296875
110010000001,19.29473904094538,0.0001953125
100110111000,24.75766101326228,9.765625e-05
000011100110,17.252440927530373,0.00078125
101110111010,29.767085447832443,9.765625e-05
011111110111,21.455097609156716,0.00029296875
011100100010,13.46848478344193,9.765625e-05
010000110011,10.409531892849856,0.0001953125
100000011100,18.227644691705265,9.765625e-05
001100100110,16.764119747219205,9.765625e-05
101110010010,23.175666353837997,9.765625e-05
000001111111,14.878921550739568,9.765625e-05
111101010111,16.110739454205536,0.00048828125
111111001011,14.318016911728506,0.00029296875
111000101011,22.73311161570339,0.000390625
100101000000,13.136129710583916,9.765625e-05
010100000000,14.73537316773854,0.0001953125
010000101110,20.27340218226594,0.00068359375
010011110101,12.879946239249122,0.0001953125
110000111001,10.363774402289181,0.00048828125
000000111011,18.501046873971205,0.000390625
011001100011,14.425790665320811,9.765625e-05
110011001111,10.181238116578914,0.00029296875
000010010111,20.364021240555395,0.0001953125
110100100100,11.519320360211093,9.765625e-05
000010101010,26.60551936847363,0.0001953125
010001010011,20.718124370008205,0.00048828125
001000011111,24.952227795670392,0.0001953125
100100001101,20.678825613404452,0.000390625
110011000111,9.783298107906877,0.00029296875
111110011100,17.175666353837997,0.00068359375
000011001111,22.97711813392299,0.00029296875
101110001011,22.212895332660406,0.000390625
100000010111,22.27340218226594,0.0001953125
111010110001,42.72640604348025,0.00029296875
010111100011,13.297951579824833,0.000390625
001100111000,13.772648258957467,0.000390625
001100100100,19.070544774769893,0.00029296875
100100111110,12.960756307408655,0.0005859375
110010110010,19.85425408059212,0.0005859375
010100101101,14.25865282322108,0.0001953125
010001100111,12.31826374999472,0.000390625
110111001010,16.180991278312696,0.0001953125
111111001100,14.272259421167831,0.00068359375
100011110000,27.992551240783698,0.00068359375
110101100110,12.318016911728506,0.000390625
001100011111,15.105512201557154,0.00029296875
100000010110,20.227644691705265,0.00029296875
110000101110,16.227644691705265,9.765625e-05
111111000110,16.27225942116783,0.00029296875
000101100101,12.409531892849856,9.765625e-05
011000100001,23.039536643254078,0.00029296875
010110101000,17.897195036979454,0.0001953125
010101110110,21.863678515162277,9.765625e-05
011001010100,15.101315019635383,0.00068359375
000001001110,32.090619058289455,9.765625e-05
101001111111,17.338630984177016,9.765625e-05
001111001111,10.45528938341053,0.000390625
010000111110,14.45528938341053,0.000390625
010010000111,21.090619058289455,9.765625e-05
011000000100,15.383190649627178,9.765625e-05
111000110011,19.221423844398668,0.00029296875
111100110111,15.772648258957467,9.765625e-05
100111110101,24.093490656475197,0.0005859375
001001010001,10.545012518868093,0.00029296875
110011001011,9.783298107906877,0.00029296875
111110110110,32.67557046671109,0.0005859375
001001101101,23.221670682664886,0.000390625
100001100011,18.272506259434046,9.765625e-05
110001100100,13.828808760201333,0.00029296875
101010111101,43.90943600572295,0.0001953125
010110001111,16.51956719847731,9.765625e-05
010011001011,14.181238116578914,0.00068359375
001100000100,13.414198781142993,0.00029296875
011011000101,14.226748768873371,9.765625e-05
001101011101,9.850071917215523,9.765625e-05
010000100010,15.227644691705265,9.765625e-05
000010101110,31.60551936847363,0.000390625
011100011100,11.070544774769893,0.00029296875
000000011000,23.18188720114459,0.000390625
101011010010,23.85425408059212,0.00107421875
001111010000,21.772163534040928,0.0001953125
011001000110,13.723687181133235,9.765625e-05
010001100101,12.272506259434046,0.0001953125
101100001001,15.414198781142993,0.000390625
100110101011,25.192830000756732,9.765625e-05
100010110110,25.94576906171347,0.00087890625
101010110011,39.86367851516228,9.765625e-05
100111110100,29.001975675353847,0.0001953125
111101000111,9.565077850771768,0.000390625
011001110111,11.894933484944307,0.00029296875
010111000011,12.226748768873371,0.0001953125
110011010000,19.569165911720873,0.0001953125
100111110011,20.44567317458656,0.001171875
010101000000,20.09037222002324,9.765625e-05
100001010011,13.161821869240915,9.765625e-05
010001000111,19.090619058289455,0.00048828125
101101111101,16.858600428953785,9.765625e-05
101001100011,27.130155701543533,0.00048828125
101101000001,12.917260368883131,0.00029296875
010010010000,13.828808760201333,0.000390625
010100110111,8.960756307408655,0.00029296875
010111000010,16.180991278312696,0.0001953125
011011100110,20.42022785419578,0.000390625
011110101000,23.4629219723169,9.765625e-05
110110010001,16.33427568419946,0.0001953125
011001111100,16.451235985711595,9.765625e-05
001100110101,13.46622323140678,0.00107421875
000100010101,14.426686588152702,0.0001953125
001000111110,18.654331279857967,0.000390625
101010111000,39.8179210246016,0.0001953125
000110111101,15.588508457393617,0.0005859375
011001111000,21.00753848647888,0.0001953125
010100100010,12.963017859443806,0.00068359375
000100111011,15.00651379796933,0.000390625
111110101111,26.75855693609418,9.765625e-05
011110110000,32.98199549426178,0.0005859375
000111000011,10.272506259434047,9.765625e-05
110010011100,11.87456625076201,0.0001953125
101101101001,19.221423844398668,0.00029296875
111110100110,31.019224473084194,0.00029296875
111111111000,50.180552665792675,0.0001953125
110011010100,15.012863410953585,0.000390625
111000111000,19.175666353837993,0.000390625
010010110110,11.343709070385506,0.0001953125
001101000000,11.519320360211093,0.00048828125
000001100001,16.272506259434046,9.765625e-05
101100010111,13.80987723777988,0.0005859375
100010000101,39.29473904094538,0.0001953125
110000101010,15.227644691705265,9.765625e-05
111100111110,13.772648258957467,0.00087890625
011111011011,21.863678515162277,0.00029296875
111111001110,12.318016911728506,0.00078125
000111111001,15.889370673819272,9.765625e-05
110111110110,27.354158193465217,0.00048828125
001111110101,23.455097609156724,0.00029296875
101011111111,27.33306817305199,0.0005859375
000011111101,13.767341237714543,0.0001953125
001100011011,15.411937229107842,0.000390625
111100001000,8.118563817365718,0.00146484375
111001111010,23.00753848647888,9.765625e-05
100000111111,20.501046873971205,9.765625e-05
101111100010,35.77216353404093,9.765625e-05
001000001111,40.678825613404456,9.765625e-05
110101111111,14.955193496283627,0.000390625
011000010000,13.519320360211093,0.000390625
110111101110,15.297951579824833,9.765625e-05
100000111101,20.45528938341053,0.0005859375
010000000000,17.0,0.0001953125
001001110010,16.45123598571159,0.00029296875
000101101101,14.45528938341053,0.000390625
101110100111,44.31485943686147,0.0001953125
100101010010,23.636033823457012,0.00068359375
101110000001,30.121380351539056,9.765625e-05
001101010111,11.850071917215523,9.765625e-05
110010110000,26.41055658135941,0.0005859375
100000110000,18.318016911728506,0.000390625
010111100110,11.297951579824833,0.00107421875
101011011000,21.85425408059212,9.765625e-05
001100001001,16.06201626303163,0.000390625
100010010101,23.56814122321132,0.0001953125
100010100101,52.27442687077549,9.765625e-05
000001110001,9.343709070385504,0.00048828125
001110110111,19.15423539273106,0.00078125
000001100100,18.272506259434046,0.000390625
011010010101,16.36377440228918,9.765625e-05
000010011101,22.364021240555395,0.0001953125
111101011101,12.110739454205536,0.00166015625
000100101101,22.906470305109718,0.000390625
000001011001,18.161821869240917,0.00078125
111000010110,13.565077850771768,9.765625e-05
111100111101,13.772648258957467,0.00029296875
000100000010,22.383190649627178,0.000390625
111011001000,17.430868751529296,0.00068359375
110111000111,7.874566250762008,0.00029296875
111111100110,31.772163534040928,0.0005859375
110111100010,23.808496590031446,9.765625e-05
010000110000,12.318016911728506,0.000390625
010101000100,14.136129710583916,0.00087890625
100101101101,14.409531892849856,0.00048828125
010001101101,14.318263749994722,0.00029296875
101011101010,32.42022785419578,0.00029296875
000001011000,22.718124370008205,0.00029296875
010000001001,25.0,0.000390625
101001000000,18.428052217355958,0.00048828125
101100110111,19.46622323140678,0.00126953125
011101100111,10.91499881684798,0.0001953125
010100011010,33.34596167080477,0.00048828125
111100110100,22.385498314058843,0.00068359375
000000110010,14.409531892849854,0.0001953125
100001101000,17.87456625076201,0.00029296875
101111001010,16.318016911728506,0.000390625
100010000110,30.692679049617418,0.000390625
000110111111,13.03220595662633,0.00048828125
011100100111,12.764119747219205,9.765625e-05
001000111000,16.91499881684798,0.00068359375
111111101101,29.817921024601603,0.0001953125
110111100011,19.85425408059212,0.000390625
111110110100,41.584055485589744,0.0009765625
110010010011,11.87456625076201,0.00029296875
001001111010,16.144810958160903,0.0005859375
010001110100,13.900011571152795,0.0001953125
111100101101,17.070544774769893,9.765625e-05
010010001100,18.090619058289455,9.765625e-05
100110111001,22.451235985711595,0.00048828125
000111001100,12.272506259434047,0.00087890625
000111101101,15.38946656094618,0.000390625
101110100011,41.66704195497283,9.765625e-05
111101001100,7.519320360211093,0.00048828125
001000100011,31.73311161570339,0.0009765625
111100111111,11.46622323140678,0.00087890625
110011011100,13.410803419625623,9.765625e-05
101110011010,19.221423844398668,9.765625e-05
001001001101,20.519567198477308,0.00029296875
101001101111,27.221670682664886,0.00029296875
101000111000,23.221423844398668,0.0001953125
100011011011,11.252440927530373,0.0001953125
100100001011,23.031008131515815,0.0009765625
110001100110,11.87456625076201,0.00029296875
010100001001,20.383190649627178,0.0005859375
101000001110,31.031008131515815,0.0009765625
001101110100,17.767085447832436,0.000390625
001001000110,20.121627189805274,0.000390625
000011110011,8.323643738481831,0.0001953125
011101000011,14.16713784209973,0.0001953125
010000001000,22.0,0.0001953125
001101001011,14.860712814549043,9.765625e-05
100101011011,19.72754880457836,0.0001953125
011000010101,11.610835341332443,0.00029296875
111000010100,12.917260368883131,0.00068359375
110000110010,12.318016911728506,0.000390625
001000111100,18.960756307408655,0.00029296875
100111011110,16.818167862867817,0.0001953125
011111011010,30.772163534040928,0.000390625
000111101011,12.787406569618218,0.0001953125
000110010111,12.517305646442159,0.00078125
000100001011,32.03100813151582,0.0001953125
110010001000,14.69267904961742,9.765625e-05
001011010101,14.741649079057545,0.0001953125
000011101100,21.252440927530373,0.00048828125
100110001110,18.121627189805274,9.765625e-05
011111000001,14.272259421167831,0.00029296875
101110100101,53.22334445574012,0.00029296875
000101111100,16.955193496283623,0.00029296875
111000000010,16.383190649627178,0.00029296875
001010010101,24.409531892849856,9.765625e-05
011110100100,25.019224473084194,9.765625e-05
001010101000,36.72754880457836,0.000390625
001111100110,18.90943600572295,0.00029296875
110010110111,17.94576906171347,0.00068359375
010010111011,12.787406569618218,0.00029296875
011110101100,20.110739454205536,0.000390625
110101011100,21.636033823457012,0.0001953125
100100000100,15.031008131515815,0.0015625
000100101111,24.952227795670392,0.00048828125
111000100111,30.039536643254078,9.765625e-05
000001011100,22.161821869240917,0.0005859375
000010101100,34.16182186924092,0.0001953125
000111000100,9.87456625076201,0.0009765625
010101001011,28.136129710583916,9.765625e-05
011110101011,19.202254435326886,0.0009765625
011111110000,44.180552665792675,9.765625e-05
000001001111,34.48855906696149,0.00048828125
110001000011,11.69267904961742,0.00048828125
011000010001,11.565077850771768,0.0001953125
111001001110,11.723687181133235,0.0001953125
000110010100,12.42579066532081,0.00029296875
100110101001,29.74913250152402,0.00029296875
100011000010,15.385358099234839,0.00107421875
110101100101,12.318016911728506,9.765625e-05
101000011000,15.565077850771768,0.000390625
001011001001,16.272506259434046,0.0009765625
111101111110,24.369145439160405,0.0001953125
000010001000,26.090619058289455,0.000390625
010100101001,15.610835341332443,0.00087890625
111100101010,15.46848478344193,0.00166015625
001101011000,19.667041954972824,0.00029296875
110111010111,14.42022785419578,0.0001953125
100010001000,25.692679049617418,9.765625e-05
100000100110,31.18188720114459,0.00048828125
000110011001,14.823730673992847,9.765625e-05
001011101110,23.909682843989167,0.000390625
000100001010,29.383190649627178,9.765625e-05
111101000000,16.825745387761785,0.0001953125
001100011100,10.764119747219205,0.0001953125
000001110110,13.389466560946179,0.00087890625
010000110111,10.45528938341053,0.000390625
101110011000,21.175666353837997,0.000390625
010100111100,13.267181334959343,0.0005859375
010011110100,17.43624874001641,0.000390625
000100100100,16.212895332660406,9.765625e-05
111000010101,12.963017859443806,0.000390625
010010110101,15.94576906171347,0.000390625
110011101010,16.456560910186298,0.00078125
010100111000,19.57360636251003,0.0001953125
001000001000,24.031008131515815,0.0001953125
101101010001,15.462921972316899,0.000390625
111010110010,35.77216353404093,0.00029296875
000011111011,9.767341237714543,0.00029296875
000010010011,16.31826374999472,0.000390625
001010111101,31.0009509868443,0.00048828125
101010101001,54.63603382345701,0.0001953125
000010010010,16.272506259434046,0.0001953125
111000001000,12.383190649627178,0.000390625
111000000101,21.73537316773854,0.00107421875
000001011011,25.161821869240917,0.000390625
110001010100,12.718124370008205,0.00029296875
011010110011,20.90943600572295,0.0001953125
001110100111,29.40637441798281,9.765625e-05
101111101100,33.8179210246016,9.765625e-05
001000110110,18.960756307408655,0.00048828125
011100000100,6.7663812992543555,9.765625e-05
011110010110,13.221423844398668,0.0001953125
010101101101,12.409531892849856,9.765625e-05
011100111010,17.772648258957467,0.000390625
110010111001,19.900011571152795,0.00029296875
010000100000,15.18188720114459,9.765625e-05
011111111011,25.455097609156724,0.000390625
000011100101,24.206683436969698,0.0001953125
110001111001,11.900011571152795,0.00048828125
010110111010,19.95148103927839,0.0001953125
000001101001,18.31826374999472,0.00048828125
011101001001,12.16713784209973,9.765625e-05
100111010111,11.51174283531713,0.0001953125
100000010010,18.18188720114459,0.00029296875
110101000100,9.136129710583916,9.765625e-05
101100010100,13.46848478344193,0.00029296875
101111111101,31.455097609156724,0.00087890625
000001010000,17.718124370008205,9.765625e-05
100101110010,21.817921024601603,0.000390625
100011001110,18.181238116578914,0.000390625
010000000001,20.0,0.0005859375
100110011011,14.823730673992847,0.0001953125
010101101100,14.363774402289181,9.765625e-05
101111010000,31.726406043480253,0.0001953125
001010011111,22.501046873971205,0.000390625
111110111100,32.67557046671109,9.765625e-05
010100111011,17.312938825520018,0.000390625
000011001001,16.181238116578914,0.00048828125
000100100011,18.25865282322108,0.00048828125
001110000001,20.16713784209973,0.000390625
110110111001,22.75766101326228,0.0001953125
100010110001,30.502071562480758,9.765625e-05
110111101010,21.252194089264158,0.0001953125
000110000000,15.075869699244597,0.0001953125
000011110100,16.87994623924912,0.00087890625
101100111010,17.772648258957467,0.00048828125
011101111000,31.277630458039056,0.0009765625
001111011111,10.046708477404973,9.765625e-05
000101111111,14.092465967965648,0.00068359375
101011110101,43.15003821080929,0.000390625
001011111011,14.980885654940622,0.00048828125
011100100101,15.070544774769893,0.0001953125
010101011101,23.727548804578362,0.00029296875
001110011010,15.267181334959343,9.765625e-05
110111010100,22.930772864402392,9.765625e-05
100001010100,14.161821869240915,0.0001953125
101000101110,35.73311161570339,0.00029296875
010010101010,17.60551936847363,9.765625e-05
000110011010,19.528095710215574,0.0001953125
110111001001,11.828808760201333,9.765625e-05
001011000010,15.87456625076201,0.0001953125
100001001110,23.090619058289455,9.765625e-05
100011001000,15.385358099234839,0.00029296875
100100110011,12.91499881684798,9.765625e-05
110010111111,15.389466560946182,0.00048828125
011011110001,27.354158193465217,0.00029296875
110101111110,21.863678515162277,9.765625e-05
101111101101,33.86367851516228,9.765625e-05
011110110100,26.675570466711093,0.0001953125
011010000010,17.18188720114459,0.0005859375
100000000100,28.0,0.0005859375
011101010100,21.019224473084194,0.0001953125
010101110000,30.726406043480253,0.00107421875
001000101000,26.73311161570339,0.000390625
010111010101,14.42022785419578,0.0009765625
111101110001,32.98199549426178,0.0005859375
110110001010,12.825992226027997,0.00029296875
001111100010,20.863678515162277,0.00029296875
111011011001,17.85425408059212,0.0001953125
101001110110,24.20135851249499,0.00087890625
001100100101,23.71836225665853,0.00068359375
100000101000,26.18188720114459,9.765625e-05
100011110100,27.43624874001641,0.00048828125
001111111010,23.455097609156716,0.00029296875
011000110110,12.91499881684798,0.000390625
111001111011,16.45123598571159,0.00048828125
111111100000,46.6348910623589,0.0001953125
000100111001,12.960756307408655,0.00068359375
001110001001,18.212895332660406,9.765625e-05
010011110110,12.879946239249122,0.0001953125
011010110101,27.863678515162277,0.0001953125
000110000111,20.769444671693908,0.000390625
011100110010,18.079073286508155,0.0001953125
110011001101,9.783298107906877,0.00087890625
111100001111,10.06201626303163,0.0001953125
111100100110,16.422727292881255,0.00029296875
111111100100,40.68064855291958,0.0009765625
011101100010,18.823483835726634,0.000390625
101101001010,14.16713784209973,0.000390625
111001010011,15.101315019635383,9.765625e-05
000101001001,19.18188720114459,0.000390625
110110100111,19.74913250152402,0.00029296875
101111110110,36.363582628035374,9.765625e-05
010011110011,10.879946239249122,0.00048828125
101000010010,19.565077850771768,0.000390625
010000111010,16.409531892849856,9.765625e-05
000100001100,23.031008131515815,0.00029296875
010101110010,30.772163534040928,0.00048828125
000111100010,13.297951579824833,0.00068359375
011001010000,19.657617520402667,0.000390625
010001011100,22.718124370008205,0.0005859375
010000101100,18.227644691705265,0.000390625
100001010101,11.605519368473628,0.0001953125
101000111010,20.91499881684798,0.00087890625
101111001101,16.36377440228918,0.0009765625
010101001000,25.09037222002324,0.00068359375
100000001111,41.0,0.00048828125
000100111111,14.700088770418642,0.0001953125
110110110111,16.45123598571159,9.765625e-05
111001110111,18.20135851249499,0.000390625
000010100010,25.161821869240917,0.00048828125
100011010011,10.854500918858335,9.765625e-05
011011001100,11.87456625076201,0.0001953125
001111111100,23.455097609156716,0.000390625
000000110001,14.409531892849854,0.000390625
000100001111,34.678825613404456,0.00029296875
010110101111,14.636527499989443,9.765625e-05
001110111101,21.15423539273106,0.0001953125
111100100001,24.729152320431943,0.00029296875
111100000001,12.118563817365718,0.00068359375
000101101111,16.501046873971205,0.000390625
010101110100,21.817921024601603,0.00078125
100111000011,11.87456625076201,0.0001953125
000100101010,19.656592831893118,0.0001953125
011100000000,10.118563817365718,0.00068359375
011100111111,9.159798203856091,0.0005859375
010000001011,32.0,0.00078125
010110010011,15.130155701543533,0.00029296875
010000110100,10.363774402289181,0.00029296875
010101010011,30.636033823457012,9.765625e-05
000101101001,14.409531892849856,0.0005859375
001010000001,33.136129710583916,9.765625e-05
011011001011,11.920323741322685,0.00029296875
001011101111,26.307622852661204,0.0005859375
001110110010,21.767085447832436,0.0005859375
000111010110,14.818167862867814,0.0001953125
000000101010,28.27340218226594,0.00068359375
011100011110,15.71836225665853,0.0005859375
100011001001,15.783298107906877,0.00029296875
000010111101,23.435224051506857,0.00048828125
001110000010,15.565077850771768,9.765625e-05
101010110000,48.72640604348025,0.00029296875
110100111101,8.91499881684798,0.000390625
011010100001,35.63603382345701,9.765625e-05
100100011001,12.73311161570339,9.765625e-05
010100001000,19.73537316773854,0.0005859375
010001001110,25.692679049617418,9.765625e-05
101011111100,36.79785569269793,0.00126953125
100000010000,15.18188720114459,0.00048828125
000101011011,28.72754880457836,0.0001953125
001010111110,24.046708477404973,0.0001953125
010100101100,11.610835341332443,9.765625e-05
000011110001,12.879946239249119,0.00029296875
000101101011,16.45528938341053,9.765625e-05
001001101010,18.119365637770123,0.00029296875
011010011001,14.363774402289181,0.0001953125
011101010101,14.110739454205536,0.000390625
100111011000,21.32871287307443,0.0001953125
000111100000,17.85425408059212,0.0001953125
011111011101,14.909436005722952,0.0001953125
110111001100,9.828808760201333,9.765625e-05
011011010111,11.343709070385508,0.00048828125
111100100101,23.37696980232058,9.765625e-05
011010111101,22.955193496283623,0.0001953125
001100110000,16.079073286508155,0.001171875
001000110111,21.00651379796933,0.0001953125
111100110010,24.385498314058843,9.765625e-05
011010010100,16.318016911728506,0.000390625
100110011111,14.517305646442159,0.00029296875
111010101011,34.72754880457836,9.765625e-05
001010000101,40.136129710583916,0.00068359375
001110100000,31.019224473084194,9.765625e-05
110000100000,17.136129710583916,0.00126953125
100111110110,22.44567317458656,0.0005859375
111010011110,16.36377440228918,0.00029296875
110100000000,9.73537316773854,0.0005859375
000100001000,22.383190649627178,0.00087890625
111110100001,43.927709491962844,0.00029296875
011100111101,9.46622323140678,0.0001953125
010000111011,14.45528938341053,9.765625e-05
110010101101,30.718124370008205,0.00029296875
000101111110,19.0009509868443,0.0001953125
000011110110,12.323643738481831,0.00029296875
001001010010,17.749132501524016,0.0005859375
011011110011,20.44567317458656,0.0015625
010011000010,11.385358099234839,0.0001953125
010110000111,12.121627189805272,0.000390625
100100100011,20.212895332660406,0.0005859375
100101010110,18.72754880457836,0.00068359375
100110011000,16.7322156928715,9.765625e-05
111001101011,16.42579066532081,0.0001953125
011000100110,18.73311161570339,0.00068359375
001011101001,26.818167862867814,0.00048828125
010111111101,17.889370673819272,0.00029296875
100110101110,23.192830000756732,9.765625e-05
010000011001,19.18188720114459,0.0005859375
001011000011,16.272506259434046,0.00068359375
110110101000,22.453497537746742,0.0005859375
010000001101,28.0,0.00048828125
000010110000,19.900011571152792,0.000390625
100101010001,13.727548804578358,0.00048828125
001011111101,21.333068173051984,9.765625e-05
101001000011,19.473809707916637,0.00029296875
100111010011,14.42022785419578,0.000390625
101010100001,63.54451884233566,0.00107421875
101001001000,15.075869699244597,9.765625e-05
010110011110,17.52809571021557,0.000390625
110011000100,10.987418090562802,0.00048828125
011011111111,14.980885654940625,0.0001953125
100101001011,17.18188720114459,0.0001953125
010001111111,13.435224051506857,0.000390625
010000101011,22.27340218226594,0.000390625
111010000111,29.136129710583916,9.765625e-05
000101010110,23.72754880457836,0.00048828125
100000011011,21.227644691705265,0.0001953125
010111010000,30.23719789195308,0.00087890625
111100100100,20.729152320431943,9.765625e-05
100100010100,11.73311161570339,0.0005859375
001100111110,11.159798203856091,0.0001953125
111111110101,43.272067646914024,0.00087890625
010100100011,13.610835341332443,0.000390625
001101011011,17.40637441798281,0.00029296875
110011100101,24.365045929064948,0.0001953125
101111101010,28.863678515162277,0.00029296875
010111000111,8.272506259434047,0.00029296875
111100011101,6.116302265330567,0.0015625
111110001000,16.871502878322456,0.00029296875
101111010111,17.955193496283627,9.765625e-05
000001001100,25.090619058289455,9.765625e-05
110010101001,27.718124370008205,9.765625e-05
101110001001,24.16713784209973,9.765625e-05
100111010010,21.32871287307443,0.0001953125
110011001110,9.783298107906877,0.000390625
110011101011,14.854500918858335,0.0005859375
100000010101,19.27340218226594,0.00048828125
100100101101,22.860712814549043,0.00048828125
011001001110,16.371504663021874,0.00029296875
111101010000,31.279892010074207,0.0001953125
011101001101,8.212895332660406,0.0001953125
011110110001,28.675570466711093,0.0001953125
111110001111,14.212895332660406,0.00029296875
100101111110,16.955193496283623,0.0009765625
101011111001,32.79785569269793,0.00107421875
001011011010,15.94576906171347,0.00029296875
101001001011,18.121627189805274,0.00146484375
010111010110,21.726652881746467,9.765625e-05
101011110011,32.79785569269793,0.00029296875
010101010000,34.54451884233566,0.00078125
111011111000,39.91046069423251,9.765625e-05
110111110011,27.354158193465217,0.000390625
010111111111,15.333068173051984,0.00087890625
011000011010,18.814955323988368,9.765625e-05
010100001111,26.031008131515815,0.000390625
110110101111,17.192830000756732,0.00048828125
010001111011,15.991526552274145,0.0001953125
000001010111,19.60551936847363,0.00068359375
011010111000,24.863678515162277,0.00029296875
100110000110,17.723687181133236,0.000390625
010011101000,16.456560910186298,0.00029296875
000011001000,15.783298107906877,0.0009765625
101110101110,32.75855693609418,0.000390625
101111111111,24.546612590278073,0.00087890625
011010101101,33.72754880457836,0.00068359375
011110110101,24.369145439160405,9.765625e-05
000010010100,17.920323741322683,9.765625e-05
100101101011,14.409531892849856,0.0001953125
010000110001,10.363774402289181,0.00029296875
001001011101,12.636527499989443,9.765625e-05
101010011111,26.45528938341053,9.765625e-05
101011100000,48.23719789195308,0.00048828125
110010011010,14.226748768873371,9.765625e-05
100100001010,20.383190649627178,0.00048828125
001111000010,12.318016911728506,0.0001953125
111100101111,14.764119747219205,0.001171875
010110010000,19.038640720422187,0.00048828125
010101100110,12.363774402289181,0.0001953125
000001000101,22.488559066961493,0.0001953125
000001010001,13.161821869240915,0.000390625
010001001111,26.090619058289455,0.0001953125
111010100111,44.63603382345701,0.00048828125
111101011111,14.758556936094173,0.00048828125
011111011100,21.817921024601603,0.00029296875
010010100011,19.161821869240917,0.000390625
100001101100,20.272506259434046,9.765625e-05
100110000111,22.371504663021874,0.00029296875
001000011000,16.212895332660406,0.000390625
110110111011,18.20135851249499,0.000390625
111101111010,33.277630458039056,0.00029296875
011111010011,21.817921024601603,9.765625e-05
101001011100,14.545012518868091,0.00029296875
000011100000,19.410803419625623,0.00048828125
011100100001,16.422727292881255,0.00048828125
100011111111,15.767341237714545,0.0005859375
110111111001,29.354158193465217,0.0001953125
000100110100,10.91499881684798,0.0001953125
100011100100,32.36504592906495,9.765625e-05
101010011010,22.36377440228918,0.00029296875
010100000010,19.73537316773854,0.00078125
011111100100,25.772163534040928,0.00029296875
111011101000,34.93077286440239,0.0001953125
011100001001,11.414198781142993,9.765625e-05
111110010000,29.43633389082801,0.00029296875
010101011000,39.54451884233566,0.000390625
011001110010,21.00753848647888,9.765625e-05
111111110001,50.180552665792675,0.00029296875
100000100100,33.136129710583916,0.0001953125
000010110100,21.94576906171347,0.00087890625
110000001100,14.0,0.00107421875
011111011000,30.726406043480253,0.00029296875
111111110000,59.089037684671325,0.00029296875
011101001000,16.121380351539056,0.00048828125
001101010001,12.110739454205536,0.0005859375
001010111011,22.046708477404973,0.00078125
010000000111,28.0,0.0001953125
110111110111,20.44567317458656,0.000390625
010101010100,25.636033823457012,9.765625e-05
101101011010,21.667041954972824,0.00029296875
001000010010,18.212895332660406,0.0001953125
000111011000,21.726652881746467,0.0001953125
011000110111,12.960756307408655,0.00048828125
000011000001,13.783298107906877,0.0001953125
000110110010,14.201358512494991,9.765625e-05
111011110001,42.262643212343875,0.0005859375
011010001111,23.227644691705265,0.0001953125
010010100110,17.161821869240917,0.00107421875
011011010110,15.900011571152795,0.0001953125
100100100110,18.212895332660406,0.0005859375
111001110110,22.75766101326228,0.00048828125
100011001101,20.181238116578914,0.00048828125
100000111100,18.409531892849856,0.00068359375
101111000001,22.27225942116783,9.765625e-05
111100000000,11.470746335477081,0.0013671875
111100011111,8.764119747219205,0.0005859375
110010110110,17.900011571152795,0.0001953125
010111101001,17.297951579824833,0.00029296875
111101001011,12.16713784209973,0.00029296875
101011001111,24.670446268106083,9.765625e-05
111001110001,25.064086040812967,0.0001953125
011011111110,19.53718815570791,0.0001953125
101011110001,41.70634071157658,0.00029296875
010000010110,19.18188720114459,0.0001953125
010101101110,16.409531892849856,0.0001953125
011010000110,18.18188720114459,0.000390625
000101000011,19.18188720114459,0.00048828125
010100101010,17.00877535000448,0.00029296875
101100111101,17.46622323140678,0.00126953125
111000101111,25.73311161570339,0.00078125
100001111111,12.833164060178893,0.000390625
110001011110,18.718124370008205,0.00048828125
100001100110,20.272506259434046,0.0001953125
111000111010,16.869241326287305,0.0005859375
101100010010,16.422727292881255,9.765625e-05
101100110001,24.079073286508155,0.0001953125
110001010111,11.161821869240917,0.00029296875
001110011101,12.608573789297292,0.0001953125
110001000001,8.69267904961742,0.00029296875
000011001100,18.181238116578914,0.00048828125
110010110011,17.900011571152795,0.00078125
111001011010,20.305435002291304,0.000390625
111101001000,13.473562869650419,0.00029296875
111101010101,15.462921972316899,0.0001953125
011000001111,25.678825613404452,0.0001953125
110100110100,13.175666353837993,9.765625e-05
000110111001,15.894933484944303,0.0009765625
000111111100,17.889370673819272,0.00029296875
110111001111,8.272506259434047,9.765625e-05
001011011100,15.343709070385508,0.0005859375
100000100011,31.18188720114459,0.0005859375
010101111111,19.0009509868443,0.000390625
000100111000,15.267181334959343,0.0001953125
111101111001,26.675570466711093,0.0001953125
101100010001,13.46848478344193,9.765625e-05
011010101000,27.72754880457836,0.00029296875
010010000010,15.090619058289457,0.00068359375
011011010001,15.85425408059212,9.765625e-05
000111110010,18.797855692697922,0.0001953125
110100001110,12.383190649627178,9.765625e-05
101011000011,24.22674876887337,0.0013671875
110110001100,9.075869699244597,9.765625e-05
100001000111,22.488559066961493,0.0001953125
100100110010,15.221423844398668,0.0005859375
001000100010,26.73311161570339,9.765625e-05
001010010011,18.409531892849856,9.765625e-05
100100000001,17.031008131515815,0.00126953125
100111111100,24.44567317458656,9.765625e-05
011001011010,24.95325248417994,9.765625e-05
101000011010,18.212895332660406,0.0009765625
011110101001,24.110739454205536,0.00029296875
000110111010,15.645056011727704,0.00048828125
101011110111,34.24155319193064,0.00048828125
100010101110,36.16182186924092,0.00029296875
001000010100,17.610835341332443,0.00029296875
110010101010,20.161821869240917,0.0021484375
111000011001,9.565077850771768,0.00029296875
001000101011,31.4266865881527,9.765625e-05
001001111011,11.588508457393617,0.000390625
011110101110,15.202254435326886,0.00029296875
000100111010,17.312938825520018,0.0001953125
111100010101,9.46848478344193,0.00029296875
100100100111,22.860712814549043,0.00048828125
101100000000,16.118563817365718,0.00078125
001000000100,28.383190649627178,0.00078125
101110011001,18.869241326287305,0.0005859375
101001101100,27.130155701543533,0.000390625
110110110001,27.313963514029567,0.00029296875
010111110110,20.79785569269793,9.765625e-05
110100001001,11.383190649627178,0.0001953125
101001011110,17.19283000075673,0.0009765625
000010100100,34.718124370008205,0.00029296875
011000011100,12.212895332660406,0.00048828125
001000000011,31.031008131515815,0.000390625
111101011000,27.927709491962844,0.00107421875
101111000011,18.318016911728506,0.00029296875
110111100111,15.900011571152795,9.765625e-05
001111111110,18.546612590278066,9.765625e-05
010110111111,11.338630984177016,0.0001953125
101011110100,45.70634071157658,9.765625e-05
111010011111,16.409531892849856,0.00048828125
001010101001,41.72754880457836,0.0009765625
100001010111,14.605519368473628,0.000390625
111101101010,20.823483835726634,0.0001953125
001110111000,23.767085447832436,9.765625e-05
111000011011,12.212895332660406,0.0001953125
011111010101,16.863678515162277,0.0001953125
110110000101,13.325747172461197,9.765625e-05
101111100000,44.68064855291958,9.765625e-05
001010000111,38.18188720114459,0.000390625
100010110010,23.900011571152795,0.00029296875
000111110111,8.980885654940622,0.0005859375
000100110110,10.960756307408655,0.0001953125
011011000111,12.272506259434047,0.00048828125
011000111010,14.562816298736617,9.765625e-05
000101010000,23.636033823457012,9.765625e-05
111000011111,12.25865282322108,0.0001953125
001001111110,15.588508457393617,0.00029296875
100100111111,12.654331279857967,0.00078125
101101001100,9.565077850771768,9.765625e-05
001010101111,43.81906378569971,0.00087890625
111111010000,40.6348910623589,0.00029296875
000111011011,17.21610787153985,9.765625e-05
101111001100,16.318016911728506,0.0001953125
111000110000,25.482091381388685,0.00048828125
001000001110,33.678825613404456,0.00107421875
100011011010,15.80874342829766,0.0005859375
101110100001,50.57552697385148,0.0005859375
010110010010,19.43658072909422,0.0001953125
110101010010,32.54451884233566,0.00029296875
000010001110,33.48855906696149,0.0005859375
001110011001,12.91499881684798,0.00048828125
000001101000,17.920323741322683,0.0001953125
101100001100,13.414198781142993,0.0013671875
101010010100,32.318016911728506,0.00029296875
111010100101,53.54451884233566,0.0005859375
000000001110,43.0,0.00087890625
010100110110,11.267181334959343,0.00068359375
101111010110,22.863678515162277,9.765625e-05
111000010001,12.917260368883131,0.000390625
011111100011,20.863678515162277,9.765625e-05
010011111110,14.323643738481834,0.00029296875
111101011010,30.57552697385148,0.000390625
010110111100,16.20135851249499,9.765625e-05
011110001011,13.610835341332443,9.765625e-05
100000110111,20.45528938341053,9.765625e-05
000110110110,11.894933484944305,0.00048828125
100110010110,14.425790665320811,9.765625e-05
010010011111,16.716203758666758,0.00029296875
000011010100,12.854500918858335,9.765625e-05
100100101010,17.610835341332443,0.0001953125
010011100101,15.80874342829766,0.0001953125
111110011000,23.482091381388685,0.00068359375
001101000101,9.610835341332443,0.0001953125
111000000100,16.73537316773854,0.00078125
010001001100,18.692679049617418,0.00029296875
111100011110,11.070544774769893,0.0001953125
110101000111,10.18188720114459,0.0001953125
001001010111,14.636527499989443,0.00029296875
110011000001,10.987418090562802,0.00087890625
101101110100,28.073510475383124,0.00029296875
111101000011,13.519320360211093,9.765625e-05
000001000111,27.488559066961493,0.000390625
001011000000,17.828808760201333,0.0001953125
111111011101,18.863678515162277,0.00087890625
000000111111,22.54680436453188,9.765625e-05
010101111101,16.95519349628362,0.0001953125
001000011110,22.906470305109718,0.00029296875
001000001100,29.031008131515815,0.0013671875
000110000001,17.723687181133236,0.0001953125
010010001111,25.488559066961493,9.765625e-05
111010101100,39.63603382345701,9.765625e-05
000000011101,27.27340218226594,0.000390625
111001000010,14.677929690572562,0.0001953125
111011111101,30.79785569269793,0.00068359375
011101111001,22.369145439160405,0.0001953125
011000011110,16.860712814549043,0.0001953125
001110000101,22.814955323988368,0.00068359375
010101000101,12.18188720114459,0.00029296875
100011110011,16.879946239249122,0.00029296875
101110110010,36.67557046671109,0.00029296875
000100111100,12.960756307408655,0.00078125
001011000001,18.22674876887337,0.00068359375
001110011011,12.960756307408655,0.00087890625
111111111111,27.455097609156724,0.0001953125
000011110010,12.879946239249119,9.765625e-05
101110101101,44.31485943686147,9.765625e-05
101110001110,20.212895332660406,0.00068359375
000110010110,12.823730673992847,0.0001953125
011101000100,9.519320360211093,0.00068359375
010100110010,17.57360636251003,9.765625e-05
000110000110,16.12162718980527,0.00029296875
011101110001,24.675570466711093,0.000390625
001001111101,13.338630984177017,0.00029296875
000111000101,9.920323741322685,0.00029296875
100111000110,11.87456625076201,0.001171875
110001100000,15.430868751529296,9.765625e-05
011111001001,12.318016911728506,0.00048828125
001110101010,21.202254435326886,0.00107421875
010010101101,26.161821869240917,9.765625e-05
011110110011,21.767085447832436,9.765625e-05
001100010101,9.80987723777988,0.00078125
001011011011,11.38946656094618,9.765625e-05
111001011101,8.545012518868095,0.00029296875
110101001100,10.136129710583916,0.0001953125
011011010011,13.900011571152795,0.00048828125
000011011000,15.80874342829766,0.00048828125
100110000001,21.3257471724612,0.0001953125
110111011100,21.32871287307443,9.765625e-05
101101110000,32.981995494261774,0.0001953125
111110011010,21.52784887194936,0.000390625
100101010100,15.727548804578358,0.000390625
001111001101,10.409531892849856,0.0015625
010001111001,13.94576906171347,9.765625e-05
010111110011,20.79785569269793,0.00048828125
111000100010,24.039536643254078,9.765625e-05
101111001000,18.27225942116783,0.0001953125
111001100100,25.038640720422187,9.765625e-05
010100010110,20.039536643254078,0.00078125
010100000110,16.383190649627178,0.000390625
111100111000,22.385498314058843,0.00029296875
101011111011,25.88937067381928,9.765625e-05
101010000010,34.136129710583916,9.765625e-05
000011110101,14.323643738481831,0.0009765625
011011011111,11.389466560946182,0.000390625
101010011110,24.409531892849856,0.00029296875
101011011010,19.900011571152795,0.0001953125
000111111011,13.333068173051984,0.0001953125
110001111101,9.343709070385508,0.00087890625
011100110000,20.385498314058843,0.00029296875
000110000010,15.473809707916635,0.00029296875
001010110010,24.90943600572295,0.000390625
101000101010,30.73311161570339,9.765625e-05
101001111100,22.20135851249499,9.765625e-05
101000110001,29.57360636251003,0.0001953125
001101010010,21.667041954972824,9.765625e-05
011100110001,16.079073286508155,0.0001953125
110100110111,8.91499881684798,0.0001953125
001011000111,20.670446268106083,9.765625e-05
100000111000,16.36377440228918,0.0009765625
101010001010,30.18188720114459,9.765625e-05
110001111010,18.502071562480758,0.00068359375
001010010001,20.36377440228918,0.00029296875
101011010110,23.297951579824833,0.001171875
101111110101,40.363582628035374,0.000390625
011010101111,28.819063785699708,0.00029296875
001000110101,23.312938825520018,0.00029296875
001101011100,14.758556936094173,9.765625e-05
001111110110,21.455097609156716,0.0001953125
111111010010,36.68064855291958,9.765625e-05
100101100101,16.36377440228918,9.765625e-05
011010001100,18.18188720114459,0.0001953125
000011001011,18.57917812525095,0.000390625
110010000100,17.29473904094538,0.00107421875
000000011111,34.27340218226594,9.765625e-05
011111110101,28.363582628035374,0.00029296875
011011010101,13.297951579824833,0.000390625
011000001001,18.031008131515815,0.00126953125
011101111011,22.062720411609718,0.000390625
000010111100,21.389466560946182,0.00068359375
001010011110,20.45528938341053,0.00048828125
111010010011,20.318016911728506,0.0001953125
110010101100,25.718124370008205,0.0005859375
100100001000,15.383190649627178,9.765625e-05
001010011010,18.409531892849856,0.0001953125
100001111000,15.900011571152795,0.00048828125
111011011110,17.900011571152795,0.00029296875
111101101111,12.91499881684798,9.765625e-05
111100011010,17.37696980232058,9.765625e-05
101101101101,19.267181334959343,0.0005859375
011100010101,8.116302265330567,0.00078125
001001100111,23.221670682664886,0.00048828125
001000110000,19.221423844398668,0.00107421875
110000110100,12.318016911728506,9.765625e-05
000110011011,17.221670682664886,0.0001953125
110000010011,12.18188720114459,0.0005859375
011110100101,27.66704195497283,0.00029296875
101110011011,16.91499881684798,0.0001953125
101000000011,32.38319064962718,0.00048828125
010011001110,14.181238116578914,0.00048828125
001110011000,15.221423844398668,0.0001953125
011110101111,17.850071917215523,0.0001953125
011000011101,12.25865282322108,9.765625e-05
101011010011,19.297951579824833,0.0009765625
111000111001,17.221423844398668,0.0001953125
100110101100,27.74913250152402,0.000390625
001010011100,20.409531892849856,9.765625e-05
011000110100,15.221423844398668,0.000390625
010111011111,19.21610787153985,0.00048828125
110011011011,11.80874342829766,0.00029296875
001000000101,35.38319064962718,0.0001953125
100001111110,15.38946656094618,0.00029296875
000001100111,20.716203758666758,0.00068359375
100001101110,20.31826374999472,0.00087890625
000101001100,19.18188720114459,0.00048828125
011100111110,11.46622323140678,0.0009765625
100111101110,17.343709070385508,9.765625e-05
000010011110,22.716203758666758,9.765625e-05
000010110001,19.945769061713467,0.00029296875
110110110000,31.620388541580255,0.0001953125
001000001001,29.031008131515815,0.00068359375
110101111100,21.817921024601603,9.765625e-05
000010001100,31.090619058289455,0.000390625
110000011011,15.18188720114459,9.765625e-05
000111110110,13.889370673819272,0.0001953125
111100101110,12.116302265330567,0.000390625
111110110011,34.67557046671109,0.0001953125
100011000001,17.38535809923484,9.765625e-05
001011101010,21.511742835317126,0.000390625
101001101011,22.82373067399285,9.765625e-05
010000001100,23.0,0.0005859375
010011001111,14.579178125250952,0.00078125
010011000001,9.385358099234839,0.00048828125
011011100111,20.818167862867817,0.0001953125
110000100111,21.18188720114459,9.765625e-05
101100001011,18.06201626303163,0.00029296875
001100011101,10.457694719668517,0.000390625
011010110000,29.772163534040928,0.0001953125
101100001110,16.06201626303163,0.00048828125
110000100011,18.18188720114459,9.765625e-05
110110000001,14.677929690572562,0.00126953125
011110010111,10.91499881684798,9.765625e-05
000000101011,33.27340218226594,0.000390625
010111000000,15.783051269640659,0.0001953125
101001000111,23.871749716588674,0.00029296875
010101010001,25.636033823457012,9.765625e-05
100100101001,20.212895332660406,9.765625e-05
000000101100,31.227644691705265,0.00029296875
001101100011,12.91499881684798,0.0001953125
011000000011,20.031008131515815,0.0005859375
011010110110,20.90943600572295,0.0005859375
001010011101,22.45528938341053,0.000390625
110011001100,9.385358099234839,0.0005859375
101101101011,16.91499881684798,9.765625e-05
010111001111,12.670446268106085,9.765625e-05
000001111100,15.38946656094618,0.0005859375
111111010110,27.772163534040928,0.0001953125
100011111011,14.323643738481834,0.0001953125
001011101000,26.420227854195776,9.765625e-05
101000011011,18.25865282322108,0.0005859375
011011101100,22.42022785419578,0.00029296875
010000011111,26.227644691705265,0.000390625
001011111010,19.53718815570791,9.765625e-05
001101100000,17.175666353837993,9.765625e-05
011110110111,17.460660420281748,0.00029296875
011011000010,13.47662624208997,0.00048828125
010011111100,16.879946239249122,0.00029296875
101001110011,20.20135851249499,0.000390625
011101010111,16.758556936094173,0.000390625
111000110111,19.267181334959343,0.0009765625
000100100111,20.906470305109718,9.765625e-05
101100000010,16.766381299254355,0.00029296875
011110110010,26.073510475383124,0.00029296875
010001010110,22.718124370008205,0.00068359375
110000111101,10.409531892849856,0.00126953125
101001100111,31.52809571021557,0.00048828125
110100000001,10.383190649627178,9.765625e-05
101001100000,31.038640720422187,0.000390625
111000001100,13.383190649627178,0.001171875
100100001111,25.678825613404452,0.00048828125
110000011111,15.227644691705265,0.00126953125
011110100001,29.019224473084194,0.0001953125
101111011001,18.863678515162277,0.0001953125
001001111000,16.45123598571159,0.00029296875
001001100001,21.130155701543536,0.0001953125
011010000100,20.136129710583916,9.765625e-05
101011011100,21.297951579824833,9.765625e-05
111111001101,12.318016911728506,0.0005859375
010011011011,16.206683436969698,0.00029296875
001100110001,13.772648258957467,0.00078125
010011100110,10.854500918858335,9.765625e-05
000011110111,9.767341237714543,0.00048828125
111110010100,23.129908863277322,9.765625e-05
101101110110,23.767085447832436,0.00029296875
011001111011,14.144810958160907,0.0001953125
000011010101,10.298198418091047,9.765625e-05
100000110011,16.409531892849856,0.0001953125
111000101100,23.039536643254078,9.765625e-05
010101110101,14.909436005722945,0.00087890625
111111000000,26.18074444004648,9.765625e-05
110001100011,11.87456625076201,0.00029296875
010110101011,15.988710018100805,0.000390625
000010111111,20.878921550739566,0.00029296875
001001101011,18.51730564644216,9.765625e-05
001111010111,10.000950986844298,9.765625e-05
100110100110,25.74913250152402,0.0001953125
110101111011,21.863678515162277,9.765625e-05
001110111001,21.460660420281748,9.765625e-05
000101011111,25.819063785699708,0.0001953125
010101000011,21.136129710583916,0.00029296875
110101001110,15.136129710583916,0.00029296875
110100110101,10.869241326287305,0.0001953125
001101110000,22.675570466711086,0.00029296875
001011111110,18.98088565494062,0.00078125
100011110101,24.879946239249122,0.00087890625
101000001111,38.03100813151582,0.00029296875
001100110111,11.159798203856091,0.00029296875
011001000010,15.325747172461197,9.765625e-05
001100001000,13.414198781142993,0.001171875
111101011001,19.019224473084194,9.765625e-05
011111101110,15.955193496283623,0.0009765625
010110101101,17.19283000075673,0.0009765625
011011000100,13.828808760201333,0.00029296875
101001000100,20.825992226028,0.00029296875
101100001010,15.414198781142993,0.00048828125
101000101100,38.03953664325408,0.00048828125
000100001001,25.031008131515815,0.00048828125
111101100000,29.43633389082801,0.00029296875
101111000111,18.36377440228918,0.00107421875
101000110111,29.312938825520018,0.00048828125
101000010000,18.91726036888313,0.00048828125
010000100110,16.227644691705265,0.00068359375
111010110101,42.77216353404093,9.765625e-05
001111000100,12.318016911728506,0.000390625
101100010101,13.162059755891242,0.000390625
100011001010,15.783298107906877,0.00029296875
100001100010,17.87456625076201,9.765625e-05
000101110100,14.909436005722949,0.00048828125
000000110110,16.45528938341053,9.765625e-05
001101100100,15.221423844398668,0.00029296875
111001001101,9.473809707916635,9.765625e-05
010001010100,17.718124370008205,0.00029296875
101000110000,29.527848871949352,0.0001953125
010110100010,13.897195036979454,0.000390625
011101000001,11.519320360211093,0.000390625
101010101011,47.72754880457836,0.00029296875
010100100101,12.212895332660406,9.765625e-05
110000010000,11.136129710583916,0.0001953125
011010001110,18.227644691705265,9.765625e-05
111011110101,39.70634071157659,0.00029296875
011111101000,26.817921024601603,9.765625e-05
100100011010,20.039536643254078,0.0001953125
111100011000,14.729152320431943,0.00029296875
010001011000,27.274426870775493,9.765625e-05
011010101001,30.72754880457836,0.00029296875
000111000010,12.226748768873373,0.00029296875
000000100010,24.227644691705265,0.00029296875
011111000010,16.27225942116783,0.0001953125
011011101111,17.909682843989167,0.0001953125
101011000110,26.22674876887337,0.00048828125
111010100001,50.54451884233566,0.00029296875
101001111010,20.45123598571159,0.0001953125
000011000010,13.783298107906877,0.00029296875
010010110000,17.85425408059212,0.0001953125
010001101001,13.920323741322685,9.765625e-05
100001001001,16.090619058289455,0.0001953125
111101010010,31.927709491962844,0.000390625
011011010010,20.456314071920083,0.0001953125
011010000111,23.18188720114459,0.0001953125
000110001101,22.769444671693908,0.00078125
001101010011,14.758556936094173,0.00087890625
010010110010,13.297951579824833,0.00048828125
000101000001,14.18188720114459,0.00029296875
001001001010,20.371504663021874,9.765625e-05
111001011110,15.74913250152402,0.00068359375
001100001010,18.06201626303163,0.00068359375
011000000001,17.383190649627178,0.0005859375
000001000010,22.692679049617418,0.00029296875
010111110010,29.70634071157658,0.0009765625
010111001110,14.624688777545408,0.00048828125
000110001001,20.121627189805274,0.0001953125
011110111111,14.552175401403098,0.0001953125
101000001011,31.031008131515815,0.0009765625
000000101001,31.227644691705265,0.00029296875
110000100101,23.136129710583916,0.0005859375
000110001111,25.167384680365945,0.00029296875
010111101101,13.343709070385508,0.0001953125
110000010010,14.136129710583916,9.765625e-05
111111111011,34.363582628035374,0.00048828125
101100000001,18.766381299254355,0.0005859375
111011000110,17.828808760201333,9.765625e-05
011000000000,14.383190649627178,9.765625e-05
010110111110,13.645056011727704,9.765625e-05
101011101101,44.124592890418505,0.0001953125
010001111000,20.502071562480758,0.0001953125
110011001000,10.987418090562802,0.00048828125
111010000011,26.136129710583916,0.000390625
101111101000,35.77216353404093,9.765625e-05
010111000101,7.87456625076201,0.0005859375
111101100010,25.129908863277322,9.765625e-05
110010101000,24.718124370008205,0.00029296875
100111110000,33.9104606942325,0.000390625
100110111110,17.894933484944307,0.0001953125
100110100111,30.396949983412657,0.0001953125
110000000101,18.0,9.765625e-05
110001110000,20.41055658135941,0.00029296875
101011010111,20.741649079057545,0.00146484375
100001100111,22.670446268106083,0.00068359375
101101100111,21.267181334959343,0.0001953125
100100010101,11.426686588152702,0.0001953125
100110000011,19.723687181133236,0.000390625
001110110101,26.062720411609718,0.000390625
101110001100,22.16713784209973,0.0001953125
010011011100,15.80874342829766,0.000390625
110110100001,27.657617520402667,0.00029296875
010011000100,9.385358099234839,0.00029296875
101110010011,20.869241326287305,9.765625e-05
100100000101,19.678825613404452,0.00029296875
110000010110,12.18188720114459,0.00029296875
100101101001,14.363774402289181,9.765625e-05
011011011110,15.94576906171347,0.0001953125
010010100010,16.161821869240917,0.0009765625
000101001101,19.227644691705265,0.00068359375
110111000101,9.47662624208997,0.00029296875
010101000010,25.09037222002324,0.0009765625
111010001111,25.18188720114459,0.00029296875
111110010101,20.823483835726634,0.00029296875
001000110100,21.267181334959343,0.0001953125
000000111100,18.45528938341053,0.000390625
000111011110,19.21610787153985,0.000390625
001110000000,17.519320360211093,0.0009765625
001001001000,15.723687181133235,0.000390625
001011110010,22.44567317458656,0.00029296875
101001110111,21.645056011727704,0.00107421875
101110100110,39.66704195497283,0.0009765625
010100110101,8.91499881684798,0.000390625
011001111101,11.894933484944307,0.00029296875
110110110110,18.75766101326228,0.0005859375
011111110010,37.272067646914024,0.000390625
011011011011,13.94576906171347,0.00078125
111001111111,13.894933484944307,0.0001953125
010001100011,11.920323741322683,9.765625e-05
101001101010,22.425790665320807,9.765625e-05
001001000001,15.473809707916635,9.765625e-05
100011000110,17.783298107906877,0.0001953125
110010100110,23.718124370008205,0.0013671875
011010011010,16.36377440228918,9.765625e-05
101100110101,23.772648258957467,0.00087890625
111111110011,41.272067646914024,0.00029296875
110000011101,10.227644691705265,0.00068359375
011101000111,10.212895332660406,0.0001953125
010000010001,14.18188720114459,9.765625e-05
010001110011,11.94576906171347,0.0005859375
001111011001,12.909436005722949,0.00068359375
000110101011,20.63652749998944,9.765625e-05
011101000010,18.121380351539056,0.00029296875
011110010010,19.52784887194936,0.00029296875
000000001010,38.0,0.0001953125
100010101000,35.718124370008205,0.0001953125
011101001111,12.860712814549043,0.0001953125
110001000110,11.69267904961742,0.00029296875
000011111100,16.32364373848183,0.0001953125
010110101001,18.54501251886809,0.00068359375
100001011101,12.605519368473628,9.765625e-05
101000110010,25.221423844398668,0.00126953125
001111101010,17.955193496283623,0.0009765625
010000001110,30.0,0.0009765625
010001010001,15.718124370008205,0.000390625
011000100011,20.73311161570339,0.00029296875
001010001100,31.18188720114459,9.765625e-05
011001011100,15.74913250152402,0.000390625
001110111010,18.858600428953785,0.000390625
110111101101,17.900011571152795,0.000390625
000011000111,18.57917812525095,0.0001953125
110100011010,22.345961670804765,0.00029296875
000101011100,23.72754880457836,0.00048828125
100000110110,18.409531892849856,0.00029296875
001111101011,16.0009509868443,0.001171875
110011100011,17.410803419625623,0.0005859375
110111010001,22.930772864402392,0.0001953125
100100100010,17.565077850771768,0.0005859375
110010011110,12.272506259434047,0.0001953125
100000011000,16.18188720114459,0.0001953125
100000101011,31.227644691705265,0.000390625
011101100100,15.175666353837997,0.0001953125
100110101101,32.396949983412654,0.00107421875
111010111100,33.8179210246016,9.765625e-05
111000110101,23.57360636251003,9.765625e-05
011110001010,12.963017859443806,0.000390625
101010111001,39.86367851516228,0.00107421875
010110111001,18.20135851249499,0.00048828125
110000110000,14.272259421167831,0.00078125
011011001110,11.920323741322685,0.0005859375
111100011011,13.070544774769893,0.00029296875
111101001111,8.212895332660406,0.00029296875
001111111111,13.638127571399416,0.00078125
101100111100,17.772648258957467,0.0001953125
010011100011,10.854500918858335,0.00078125
101011101001,39.72665288174647,0.0005859375
000000100011,29.227644691705265,9.765625e-05
010100110011,13.267181334959343,0.0005859375
111000011100,9.565077850771768,0.0001953125
101101000110,13.565077850771768,9.765625e-05
111001011011,13.74913250152402,0.0001953125
100010001110,31.090619058289455,0.000390625
111011111011,26.445673174586567,0.0001953125
100101111111,12.046708477404973,0.00078125
100011100001,30.365045929064948,9.765625e-05
100101111010,21.863678515162277,0.0009765625
000001101101,22.716203758666758,0.0009765625
000000000111,43.0,9.765625e-05
110011110010,23.992551240783698,9.765625e-05
000110100000,21.10131501963538,0.00048828125
100110011010,17.130155701543536,0.000390625
011100011011,17.71836225665853,0.00048828125
100111001110,12.272506259434047,0.00068359375
101010001111,42.18188720114459,0.000390625
100110100010,25.101315019635383,0.000390625
000101000111,19.227644691705265,0.000390625
111010111001,33.8179210246016,9.765625e-05
100011011001,10.854500918858335,9.765625e-05
110111010000,31.83925788328105,0.0001953125
001011111111,16.424583154173334,0.0013671875
010001110001,11.900011571152795,0.000390625
000100101001,20.25865282322108,0.00078125
101101000010,15.519320360211093,0.0001953125
001000111001,16.960756307408655,0.0009765625
000010111001,19.38946656094618,0.00078125
100000001101,36.0,0.00029296875
110111001110,10.226748768873371,0.000390625
010001111100,15.94576906171347,0.0001953125
111100010001,13.774909810992618,9.765625e-05
100000110100,20.36377440228918,0.0005859375
000011001010,18.181238116578914,0.00107421875
101110111101,34.06272041160972,0.00048828125
011111110011,28.363582628035374,0.0001953125
010100011000,26.34596167080477,0.00029296875
100111000010,13.828808760201333,0.00107421875
010010010100,11.87456625076201,0.0001953125
001010111001,26.955193496283623,9.765625e-05
110100000101,9.031008131515815,0.0001953125
001111111000,28.363582628035367,9.765625e-05
010100010010,26.34596167080477,0.0001953125
101100000110,17.414198781142993,0.000390625
010011110111,8.323643738481834,0.0005859375
110010000000,16.29473904094538,0.00087890625
011101110011,22.369145439160405,0.00029296875
101111111011,27.455097609156724,0.0005859375
011010111001,22.90943600572295,0.00068359375
101100111111,15.159798203856091,0.00087890625
000111110011,11.889370673819272,0.000390625
010101001100,19.136129710583916,0.00068359375
011011110111,17.889370673819272,0.0005859375
011111001010,16.318016911728506,0.00048828125
101011000000,27.78305126964066,0.000390625
001000111101,21.00651379796933,0.00048828125
110101100011,14.318016911728506,0.00029296875
000111000110,10.272506259434047,0.0001953125
000110100100,21.749132501524016,0.000390625
011001110110,16.451235985711595,0.00029296875
110010101111,26.161821869240917,0.001171875
010111001011,16.62468877754541,9.765625e-05
011001111111,11.588508457393619,0.00078125
010010001011,22.488559066961493,0.0001953125
010000111100,12.409531892849856,0.00126953125
011000110000,17.175666353837993,0.0001953125
000100010010,22.039536643254078,9.765625e-05
001010100111,46.72754880457836,0.0001953125
011011110010,27.001975675353847,0.0001953125
010101000001,16.136129710583916,0.00068359375
100101000101,11.227644691705265,0.00087890625
000000101000,26.227644691705265,0.000390625
001011001101,20.670446268106083,0.00068359375
001010101010,31.819063785699708,0.0001953125
001001001110,22.769444671693908,9.765625e-05
000011111110,13.767341237714543,0.00048828125
011111110110,28.363582628035374,0.00029296875
011010011011,14.409531892849856,0.0001953125
101101111000,26.675570466711086,9.765625e-05
001101111100,15.460660420281748,0.00087890625
110000111010,12.363774402289181,0.000390625
110101101100,12.318016911728506,9.765625e-05
010001001000,20.29473904094538,9.765625e-05
001110010001,14.869241326287305,9.765625e-05
111110100111,33.66704195497283,0.00048828125
111100100000,24.081334838543306,0.0001953125
101001110010,24.75766101326228,0.00126953125
000111100001,15.900011571152795,0.00078125
110010101110,21.161821869240917,0.0021484375
101110000100,28.121380351539056,0.00068359375
001111101111,16.046708477404973,0.00048828125
101001100100,33.436580729094224,0.000390625
000101111001,14.955193496283623,0.00029296875
110000000011,18.0,0.00029296875
000100101000,17.610835341332443,0.0005859375
110001111011,11.94576906171347,0.00078125
010010101100,21.161821869240917,0.0005859375
000011110000,17.436248740016406,0.00048828125
011111111010,34.363582628035374,0.00078125
000010111011,16.83316406017889,0.00029296875
011111101111,14.000950986844298,0.00029296875
010111010100,21.32871287307443,0.0001953125
011010100111,31.72754880457836,0.0005859375
000100010110,19.73311161570339,0.0005859375
100111001100,11.87456625076201,0.00029296875
101101110001,26.073510475383124,0.00029296875
011111001000,16.27225942116783,0.0001953125
010010100000,20.718124370008205,9.765625e-05
110000110001,12.318016911728506,0.0009765625
000101111101,12.046708477404973,0.00029296875
000110110001,16.45123598571159,0.0001953125
100101010011,16.72754880457836,0.0005859375
001001000000,15.075869699244597,0.0001953125
100011000000,16.9874180905628,0.000390625
001000100001,34.03953664325408,0.00068359375
100010111100,27.94576906171347,0.00078125
100100100101,24.814955323988368,9.765625e-05
001101101111,12.654331279857967,0.00029296875
011010011111,14.45528938341053,9.765625e-05
111000110100,23.52784887194936,9.765625e-05
100100111001,12.91499881684798,9.765625e-05
001100010111,12.457694719668517,0.000390625
011010111110,18.0009509868443,0.000390625
101011110110,36.79785569269793,0.000390625
001011110011,17.889370673819272,9.765625e-05
001011001100,18.272506259434046,0.0001953125
000101100110,12.409531892849856,9.765625e-05
001010000110,31.18188720114459,0.00029296875
010001011110,29.718124370008205,0.0001953125
101111011100,20.863678515162277,0.000390625
011110101101,22.758556936094173,0.0005859375
000111100011,11.343709070385506,0.00078125
001100010100,10.116302265330567,9.765625e-05
111101110110,28.675570466711093,0.00029296875
101100110000,26.385498314058843,0.00048828125
010101011010,46.54451884233566,0.0001953125
111000001101,18.383190649627178,0.000390625
000011000000,13.385358099234839,9.765625e-05
110001100001,13.828808760201333,0.0005859375
000001000000,17.692679049617418,0.0001953125
001110001111,20.906470305109718,0.0001953125
000010010000,15.874566250762008,0.0001953125
100011011111,12.696138426763085,0.001171875
111011011011,15.900011571152795,9.765625e-05
100011101010,20.854500918858335,0.000390625
011001000101,11.473809707916635,9.765625e-05
111000000001,18.73537316773854,0.0001953125
100100110111,12.608573789297292,0.00068359375
001111011000,19.817921024601603,0.0001953125
011001011111,15.84064748264537,0.00048828125
101010100011,54.63603382345701,0.00029296875
111001011100,13.101315019635383,0.000390625
001000000000,23.383190649627178,9.765625e-05
011000100111,23.73311161570339,0.000390625
000010010001,15.920323741322683,9.765625e-05
110000010111,12.227644691705265,0.0005859375
100110000100,19.3257471724612,9.765625e-05
000000000001,31.0,0.0001953125
001000011100,18.25865282322108,0.00029296875
010010100100,21.718124370008205,0.000390625
110011010101,10.456560910186298,0.00029296875
110000010100,9.18188720114459,0.000390625
101110111011,27.460660420281755,0.0001953125
101111101011,26.909436005722952,0.0001953125
111001111110,18.45123598571159,0.0001953125
001101101011,12.608573789297292,0.0005859375
001010001000,26.18188720114459,9.765625e-05
101010010101,34.36377440228918,9.765625e-05
011001000100,11.075869699244597,0.000390625
101010001011,35.18188720114459,0.000390625
111010000100,28.09037222002324,0.00029296875
111000101110,20.73311161570339,0.00048828125
111011010100,25.808496590031446,0.0001953125
110001001101,10.090619058289457,0.00087890625
110001011011,16.718124370008205,0.0001953125
111111010101,24.817921024601603,0.00068359375
000011011101,12.696138426763085,0.00068359375
011011000011,11.87456625076201,0.00029296875
101110111001,34.369145439160405,0.000390625
000111010000,19.32871287307443,9.765625e-05
000111011100,16.818167862867814,0.000390625
111011110000,48.81894571311116,0.0001953125
001000010011,18.25865282322108,0.00029296875
101000001101,35.38319064962718,0.00078125
101011001010,19.87456625076201,0.00068359375
111000001111,21.031008131515815,9.765625e-05
100101000001,11.18188720114459,0.00048828125
010101011110,37.63603382345701,0.0001953125
010110110100,16.75766101326228,0.0001953125
111111001111,10.363774402289181,0.00126953125
100010101011,36.16182186924092,0.00107421875
110011100001,23.96710592039291,0.0001953125
101110101100,39.66704195497283,0.00048828125
111111101110,24.863678515162277,0.000390625
010111100111,9.343709070385508,0.00087890625
101000010001,18.963017859443806,0.00029296875
111011001110,13.874566250762008,0.00029296875
001111110100,28.363582628035374,0.00078125
111000111111,14.960756307408655,0.0001953125
000111111101,12.980885654940622,0.0001953125
100110000010,17.0758696992446,0.000390625
111001011001,11.101315019635383,0.00048828125
000110110101,16.144810958160903,0.000390625
101110010110,20.869241326287305,0.00029296875
000110111100,15.894933484944303,0.00029296875
100110001001,19.723687181133236,9.765625e-05
110100001010,15.73537316773854,9.765625e-05
001110101110,21.850071917215523,0.0025390625
110000100100,18.136129710583916,0.001171875
100000101010,26.227644691705265,0.00029296875
100101110111,12.000950986844298,0.000390625
101011001100,24.22674876887337,9.765625e-05
001111000000,14.272259421167831,0.0005859375
110011111111,12.323643738481834,0.001171875
100001001010,20.692679049617418,0.0005859375
010100001110,23.383190649627178,0.000390625
000100010000,17.039536643254078,9.765625e-05
110100101011,13.610835341332443,0.00029296875
000010000011,29.090619058289455,0.0001953125
010100100001,13.565077850771768,0.0001953125
111001101111,16.82373067399285,0.0001953125
111110001010,14.917260368883131,0.0005859375
111101110101,26.073510475383124,0.0001953125
010000000110,23.0,0.00068359375
100000000001,28.0,0.00048828125
101110101001,41.66704195497283,0.0001953125
011101001100,10.16713784209973,0.00048828125
111100001001,8.766381299254355,0.0001953125
110011111110,16.879946239249122,0.0001953125
000010001111,40.48855906696149,0.0001953125
010100100111,12.25865282322108,0.00048828125
111111100101,38.72640604348025,9.765625e-05
001011011111,12.833164060178893,0.0001953125
010011010000,17.96710592039291,0.00029296875
010000010010,21.136129710583916,9.765625e-05
001010000100,33.136129710583916,0.0001953125
111001010000,21.00980003851403,9.765625e-05
010011101111,12.696138426763085,0.00029296875
110000111100,10.363774402289181,0.000390625
111101100101,21.52784887194936,9.765625e-05
010111011010,35.033077909297155,0.00087890625
101101000000,14.871502878322456,9.765625e-05
111100111100,16.079073286508155,0.00068359375
000101001111,26.227644691705265,0.0001953125
101001010111,15.988710018100805,0.0001953125
110100010001,12.039536643254078,9.765625e-05
110000011100,10.18188720114459,0.00029296875
110101000010,18.09037222002324,0.0001953125
000000000000,26.0,0.00029296875
110101011111,19.72754880457836,0.00048828125
001001001100,18.12162718980527,9.765625e-05
011100001000,10.766381299254355,9.765625e-05
111011001001,15.828808760201333,0.000390625
111011001011,13.874566250762008,0.00078125
100011101111,25.65038093620241,0.00029296875
001001001001,16.12162718980527,0.00048828125
001110100001,33.66704195497283,0.000390625
111110101000,34.371406991195556,0.0001953125
001001100101,25.528095710215574,0.00048828125
100010010111,21.966081231883358,0.00029296875
010101101111,14.45528938341053,0.0001953125
111101101001,19.175666353837997,0.0005859375
101000000101,38.735373167738544,0.0005859375
110011110100,25.992551240783698,0.0005859375
000010100011,30.161821869240917,9.765625e-05
000110110100,16.45123598571159,0.00029296875
010110110001,18.75766101326228,9.765625e-05
001001101111,22.915245655114198,0.000390625
100001100101,24.62468877754541,0.00068359375
010110100011,14.545012518868091,0.00146484375
110001011010,23.274426870775493,0.00029296875
111010001011,22.18188720114459,0.00029296875
111010100110,39.63603382345701,0.00087890625
111101110111,21.767085447832436,0.0005859375
111111000111,14.318016911728506,0.000390625
100000011001,16.227644691705265,0.00029296875
100111101101,21.94576906171347,0.000390625
111011010110,21.85425408059212,0.0001953125
001101100101,15.267181334959343,0.00048828125
111111110111,34.363582628035374,0.0001953125
001000001101,36.03100813151582,0.00126953125
010000110110,10.409531892849856,9.765625e-05
101010001101,44.136129710583916,0.0001953125
010101101011,18.409531892849856,0.000390625
110110001001,13.075869699244597,0.00048828125
110000111111,10.45528938341053,0.0005859375
100011101001,25.80874342829766,9.765625e-05
010111111100,24.79785569269793,0.0001953125
111110011011,17.22142384439867,0.00048828125
001111010100,16.863678515162277,0.000390625
101010000101,50.09037222002324,0.000390625
110111110100,33.91046069423251,0.00068359375
000111000001,9.87456625076201,0.00029296875
101001100010,26.732215692871495,0.00029296875
000001100011,16.31826374999472,0.00048828125
111100011100,8.422727292881255,0.000390625
011011110000,33.910460694232505,0.0001953125
010110010110,13.130155701543533,0.00029296875
101000010100,20.963017859443806,9.765625e-05
110000010001,9.18188720114459,0.000390625
000100100010,15.610835341332443,0.00029296875
110010110101,24.502071562480758,0.00029296875
111010010001,24.27225942116783,9.765625e-05
111001111100,20.75766101326228,9.765625e-05
011001011001,13.74913250152402,9.765625e-05
011100100000,15.774909810992618,0.0005859375
011101010010,32.57552697385148,0.00107421875
000010101101,41.16182186924092,9.765625e-05
010111000001,11.828808760201333,0.00029296875
110101000101,7.1818872011445904,0.00029296875
000110111011,13.338630984177017,0.000390625
111111011001,25.772163534040928,9.765625e-05
101111010010,27.772163534040928,0.000390625
111110111110,25.767085447832443,0.00068359375
001111000101,12.363774402289181,0.00048828125
001101001001,10.212895332660406,0.0005859375
110110011100,12.732215692871499,0.000390625
111010101010,31.727548804578362,9.765625e-05
100100010110,14.73311161570339,0.00029296875
000110001000,17.473809707916637,0.0001953125
111111111001,41.272067646914024,0.0001953125
000100100101,20.860712814549043,9.765625e-05
001111111001,21.455097609156716,0.0001953125
011000000111,23.031008131515815,0.00029296875
110101111001,21.817921024601603,9.765625e-05
001010101110,36.81906378569971,0.001171875
000001111001,11.38946656094618,0.000390625
100010100011,38.718124370008205,0.00048828125
000011011100,15.252440927530373,0.00048828125
011011110110,22.44567317458656,0.0001953125
110010001100,15.69267904961742,0.00029296875
010000011011,26.18188720114459,9.765625e-05
101001101110,24.823730673992845,0.00048828125
100100010111,14.426686588152702,0.000390625
101101101110,16.91499881684798,9.765625e-05
100111001010,14.226748768873371,0.00029296875
011101010110,23.66704195497283,0.00048828125
100111100101,26.502071562480758,9.765625e-05
101110001000,21.519320360211093,0.0001953125
001011001011,16.31826374999472,9.765625e-05
001001111100,15.894933484944303,9.765625e-05
011000000110,18.031008131515815,0.00029296875
110100010000,16.34596167080477,0.0005859375
101110111111,27.154235392731067,0.00048828125
001011011101,12.787406569618218,0.0001953125
000100110000,13.221423844398668,9.765625e-05
101011111010,30.445673174586567,0.0001953125
010111001101,10.272506259434047,9.765625e-05
101001000010,19.0758696992446,0.000390625
000110010001,12.42579066532081,0.00078125
100001011010,20.718124370008205,0.00029296875
000001010010,22.718124370008205,0.00029296875
100110011101,14.119365637770121,0.00029296875
011101110000,33.584055485589744,9.765625e-05
011111011110,21.863678515162277,9.765625e-05
010000011100,19.18188720114459,0.000390625
100010110011,23.94576906171347,9.765625e-05
111101111111,17.460660420281748,0.00029296875
010100011100,20.039536643254078,0.00087890625
111010010100,24.27225942116783,9.765625e-05
111111010001,31.726406043480253,0.0001953125
110000000100,13.0,0.00087890625
111010001110,20.18188720114459,0.0005859375
101111000101,22.318016911728506,0.0005859375
110100111110,11.267181334959343,0.000390625
111001010110,17.101315019635383,0.0001953125
000111001000,14.226748768873373,0.0001953125
010101010010,39.54451884233566,0.00087890625
101110011101,18.562816298736617,0.000390625
011100011000,17.37696980232058,0.00029296875
011000111000,14.869241326287305,9.765625e-05
011001101011,14.119365637770121,0.0001953125
101001100001,31.43658072909422,0.000390625
110001111100,13.900011571152795,0.0015625
101110110111,34.06272041160972,9.765625e-05
001110111111,16.24575037385241,0.0009765625
010011111011,12.323643738481834,0.00048828125
101101000101,12.963017859443806,0.000390625
100110101000,27.101315019635383,0.00048828125
010010010111,12.318263749994722,0.00087890625
100101100001,16.318016911728506,0.0001953125
100000110001,18.36377440228918,0.0001953125
001110101100,26.758556936094173,0.00048828125
001000010111,22.304410313781755,9.765625e-05
010110000110,9.473809707916635,0.000390625
110010000010,14.69267904961742,0.0001953125
100010101001,40.718124370008205,0.0005859375
100100111101,12.608573789297292,9.765625e-05
111111100011,33.77216353404093,9.765625e-05
101111110100,45.272067646914024,9.765625e-05
101010111010,32.90943600572295,0.00029296875
000001111110,17.435224051506857,0.0009765625
101111000110,18.318016911728506,9.765625e-05
110000110101,12.363774402289181,0.00029296875
010100100110,9.610835341332443,9.765625e-05
010111101100,15.297951579824833,0.000390625
000100111110,15.00651379796933,0.00048828125
010011010100,13.410803419625623,0.0001953125
011000001101,21.031008131515815,0.0001953125
000010000010,24.090619058289455,0.00029296875
101000010011,19.610835341332443,9.765625e-05
110100000100,6.383190649627178,9.765625e-05
100111101001,21.900011571152795,0.000390625
110001101101,12.272506259434047,0.00048828125
010100001010,26.73537316773854,0.000390625
001000110011,16.960756307408655,0.00029296875
010011010001,11.410803419625623,0.00029296875
011100001110,12.06201626303163,9.765625e-05
101000111100,25.267181334959343,9.765625e-05
001001101100,20.82373067399285,9.765625e-05
100100011111,17.4266865881527,0.00078125
110110101011,18.545012518868095,0.000390625
011011111011,17.53718815570791,0.0001953125
000111001001,12.272506259434047,0.000390625
100011111000,23.43624874001641,0.0001953125
011001100111,14.823730673992847,0.00029296875
111000000000,15.73537316773854,0.00029296875
110011001010,11.385358099234839,0.00029296875
101001010000,18.453497537746742,0.0001953125
010011100010,12.456560910186298,0.00048828125
101011111000,37.35415819346522,0.0009765625
000010101111,38.60551936847363,0.0001953125
100001111011,11.38946656094618,0.00048828125
110110100011,21.101315019635383,0.0009765625
110001100111,12.272506259434047,0.0001953125
010100011110,27.039536643254078,0.00029296875
001010110110,26.955193496283623,0.0005859375
010011001001,11.783298107906877,0.00029296875
111111000101,18.27225942116783,0.0017578125
101001001010,17.723687181133236,0.000390625
011100111100,11.772648258957467,0.0005859375
111001101100,18.7322156928715,9.765625e-05
100111110010,27.35415819346521,0.000390625
110000111011,10.409531892849856,0.00029296875
111111110010,50.180552665792675,0.0001953125
000001111101,12.833164060178893,0.00107421875
100101011000,21.636033823457012,0.000390625
000100011001,19.73311161570339,0.00029296875
010100100000,12.917260368883131,0.00029296875
111001111101,16.20135851249499,9.765625e-05
101011100011,39.72665288174647,9.765625e-05
101010001001,37.136129710583916,0.00029296875
001100010001,10.116302265330567,9.765625e-05
011011000001,13.828808760201333,0.00029296875
110101100001,16.27225942116783,0.0001953125
000110100111,21.840647482645366,9.765625e-05
111111111100,41.272067646914024,0.00078125
010011000101,9.783298107906877,0.00029296875
101100011000,12.422727292881255,9.765625e-05
010110001011,17.871749716588674,9.765625e-05
000011111010,14.323643738481831,0.00029296875
010000101000,17.227644691705265,0.00029296875
111110001110,11.565077850771768,0.0001953125
001111001000,12.318016911728506,0.0005859375
010011111101,12.323643738481834,0.00029296875
110011111011,14.879946239249122,0.00029296875
000100101100,18.25865282322108,0.000390625
101001001001,15.473809707916635,0.0001953125
111111000100,20.226501930607157,0.00048828125
101100111000,20.079073286508155,0.00048828125
010010010101,11.920323741322685,0.00029296875
010110000011,13.473809707916635,0.00078125
101000111110,22.960756307408655,9.765625e-05
001011101011,21.909682843989167,0.0009765625
010010000110,16.090619058289455,0.0001953125
101110010001,24.823483835726634,9.765625e-05
101010110001,48.77216353404093,0.00048828125
001100111111,10.853373176305404,0.000390625
101000110011,25.267181334959343,0.0009765625
110111011111,14.818167862867817,0.00048828125
111100001100,4.7663812992543555,0.0005859375
101001011111,14.636527499989443,9.765625e-05
011110011010,19.573606362510034,9.765625e-05
001000000111,38.03100813151582,0.0001953125
111011000001,21.78305126964066,9.765625e-05
100010101100,40.718124370008205,0.00029296875
001110110011,19.460660420281748,0.0005859375
111001110010,27.313963514029567,0.00029296875
000011111001,12.323643738481831,0.00087890625
110100111010,17.57360636251003,0.00048828125
110011001001,9.385358099234839,0.00087890625
001100011110,15.411937229107842,9.765625e-05
100101001111,17.227644691705265,0.0005859375
110000001101,19.0,0.00078125
110011111000,25.992551240783698,0.0001953125
000011111111,11.211038736947256,0.00078125
000111101110,12.787406569618218,9.765625e-05
000011000011,14.181238116578914,9.765625e-05
001101101110,12.608573789297292,9.765625e-05
010111001000,18.180991278312696,0.0001953125
100110010011,14.425790665320811,9.765625e-05
011001010111,13.192830000756732,9.765625e-05
101010011000,24.318016911728506,9.765625e-05
111011010010,26.41055658135941,0.00048828125
010011111010,18.879946239249122,9.765625e-05
000100001101,27.678825613404452,0.0005859375
100000001110,34.0,0.0005859375
000110101101,25.840647482645366,0.00048828125
011011101001,22.42022785419578,0.000390625
001100000011,18.06201626303163,0.000390625
110001001001,9.69267904961742,0.0005859375
001101110110,15.460660420281748,0.00029296875
001101111001,13.460660420281748,0.001171875
000000101110,33.27340218226594,0.00068359375
001110110000,28.675570466711093,0.00029296875
011101101100,12.869241326287305,9.765625e-05
010100001100,16.383190649627178,0.00087890625
001101111011,13.15423539273106,9.765625e-05
011001110101,14.201358512494995,9.765625e-05
100011010101,13.90025840941901,0.00029296875
110100001000,10.73537316773854,9.765625e-05
000000000110,36.0,0.0005859375
011101010000,29.927709491962844,0.0001953125
101100010110,14.116302265330567,9.765625e-05
101101100000,27.482091381388685,0.0001953125
001100000111,20.709833744920267,0.00048828125
111110101100,31.019224473084194,0.00029296875
001001010110,17.19283000075673,0.000390625
111111000001,22.226501930607157,0.001171875
010101100011,14.363774402289181,0.0001953125
111010000101,33.09037222002324,0.00048828125
110100111011,13.267181334959343,0.000390625
110111111010,33.70634071157659,9.765625e-05
100100001110,21.031008131515815,0.00068359375
010010111110,12.787406569618218,0.00048828125
011010000001,22.136129710583916,0.0001953125
011000101110,18.4266865881527,9.765625e-05
100111001111,12.318263749994722,0.00029296875
011001001010,17.973564654349836,0.00029296875
000100000001,20.031008131515815,0.000390625
010100101011,17.656592831893118,0.00048828125
111010111110,26.909436005722952,0.000390625
001100000010,15.414198781142993,0.00068359375
001001110100,18.20135851249499,0.0001953125
011011011101,11.343709070385508,0.00029296875
011110001001,13.565077850771768,0.0001953125
100010010001,19.522383732650646,0.0001953125
010110011010,23.83452073776626,0.0001953125
010100011001,22.039536643254078,0.00029296875
010001111101,11.389466560946182,9.765625e-05
001100101110,16.457694719668517,9.765625e-05
110000001001,16.0,0.00087890625
011100111001,13.772648258957467,9.765625e-05
100011011110,15.252440927530373,0.00048828125
101101001110,12.212895332660406,0.0001953125
001100010011,12.764119747219205,0.0001953125
111100111011,15.772648258957467,0.0005859375
101111010100,26.817921024601603,0.0001953125
110011111001,19.43624874001641,9.765625e-05
100100110110,12.91499881684798,0.001171875
101111100111,33.86367851516228,0.0001953125
100010000010,25.692679049617418,0.00029296875
101100101110,20.764119747219205,0.000390625
011001001111,16.76944467169391,0.0001953125
010100001011,27.383190649627178,0.000390625
100000000101,35.0,0.00078125
110000001000,13.0,0.00126953125
001000100101,41.03953664325408,0.00029296875
110001010110,15.718124370008205,0.00068359375
100111011001,14.42022785419578,0.00048828125
100011110111,18.323643738481834,0.00068359375
100010111111,25.435224051506857,0.0001953125
110010000110,15.69267904961742,0.0001953125
010111111010,31.150038210809292,0.000390625
000010011001,18.31826374999472,9.765625e-05
001100110100,13.772648258957467,0.00029296875
001101001100,10.212895332660406,0.00068359375
101111111001,34.363582628035374,0.00078125
011101100001,17.175666353837997,0.00029296875
000111101001,15.343709070385508,9.765625e-05
110100100001,15.519320360211093,0.00029296875
100111011101,11.51174283531713,9.765625e-05
101001000001,18.825992226028,0.000390625
100110111101,22.144810958160907,0.00029296875
100111011010,21.726652881746467,0.000390625
000001111000,15.945769061713468,0.00068359375
101011111101,34.24155319193064,0.002734375
000111010011,12.818167862867814,0.00029296875
100101110110,16.90943600572295,0.00029296875
100000100001,33.136129710583916,0.00029296875
001001000011,18.12162718980527,0.0001953125
010100010100,15.039536643254078,0.00048828125
010110001001,15.473809707916635,0.00087890625
011111101001,22.863678515162277,9.765625e-05
011100010110,13.070544774769893,0.0001953125
100101111011,14.955193496283623,0.001171875
111111110100,50.180552665792675,0.00029296875
000101010111,18.819063785699708,9.765625e-05
100000001100,29.0,0.0001953125
110001101011,11.920323741322685,0.0001953125
110110111101,18.45123598571159,0.0001953125
001100001101,18.709833744920267,0.0005859375
000001010110,22.161821869240917,0.0001953125
110001101010,13.522383732650647,0.0001953125
101101111001,19.767085447832436,0.00068359375
111101001101,5.565077850771768,0.0013671875
011010010110,14.363774402289181,9.765625e-05
101011101000,39.32871287307443,0.0001953125
000100000110,23.031008131515815,0.0001953125
011111001111,8.409531892849856,0.000390625
010010101001,23.161821869240917,9.765625e-05
101100110010,22.079073286508155,0.000390625
001111001010,12.363774402289181,0.00029296875
100010111110,23.389466560946182,0.0005859375
111001100011,20.7322156928715,0.0001953125
110001110001,13.85425408059212,0.0001953125
110100001111,15.031008131515815,9.765625e-05
011000110010,14.869241326287305,0.000390625
110011100000,25.569165911720873,9.765625e-05
011011101011,17.51174283531713,9.765625e-05
100101100100,16.318016911728506,0.000390625
100010110100,32.50207156248076,0.000390625
110100101101,12.212895332660406,9.765625e-05
001000100000,29.039536643254078,0.0001953125
110111001011,12.226748768873371,0.00029296875
011110000100,11.519320360211093,0.0001953125
111110101011,28.110739454205543,0.0001953125
100101110011,14.909436005722949,0.00048828125
110001000000,10.294739040945382,0.00068359375
111001100010,22.33427568419946,0.0001953125
110011110111,14.879946239249122,0.00048828125
011111000011,12.318016911728506,0.00029296875
110101101010,18.318016911728506,9.765625e-05
110111101001,21.85425408059212,9.765625e-05
101111011101,15.955193496283623,0.000390625
011111101011,17.955193496283627,0.000390625
000010110110,17.389466560946182,0.0001953125
111100110101,20.079073286508155,0.00029296875
000001000110,25.090619058289455,9.765625e-05
101100000100,16.766381299254355,0.00087890625
001011110100,28.79785569269793,0.0001953125
101010111100,41.86367851516228,0.0005859375
101110101011,34.75855693609418,9.765625e-05
001101100001,15.221423844398668,0.00087890625
100000101100,31.18188720114459,0.0001953125
001100111001,11.46622323140678,0.00029296875
010010100111,22.161821869240917,9.765625e-05
010101010101,18.727548804578362,0.00048828125
101100100001,31.37696980232058,9.765625e-05
100110110101,26.70111345892819,0.0001953125
110001111000,18.456314071920083,0.000390625
100001010001,10.161821869240915,0.00029296875
001101101001,12.91499881684798,0.00087890625
110011011111,9.252440927530374,0.000390625
101101011001,12.110739454205536,0.00029296875
011010011110,14.409531892849856,0.00029296875
111001010001,14.453497537746742,9.765625e-05
100010000011,30.692679049617418,0.0001953125
011100101100,10.116302265330567,9.765625e-05
010000100100,16.18188720114459,0.00029296875
000001001000,22.692679049617418,0.000390625
011011001010,13.522383732650647,9.765625e-05
110001000111,12.090619058289457,0.000390625
011000010110,14.212895332660406,0.0001953125
100000011110,23.227644691705265,0.00048828125
110111101100,19.85425408059212,9.765625e-05
110010111011,15.343709070385508,0.00048828125
101011000100,30.180991278312696,9.765625e-05
100010110111,27.991526552274145,0.00029296875
100111001011,12.272506259434047,0.00029296875
010011010101,8.854500918858335,0.00078125
111100100010,19.774909810992618,0.0001953125
111111001001,16.27225942116783,0.000390625
100100110100,14.869241326287305,0.00029296875
100000100010,26.18188720114459,0.00029296875
011100010000,16.729152320431943,0.00029296875
010111100010,17.252194089264158,0.0001953125
100011100010,23.410803419625623,0.0001953125
110011110101,21.43624874001641,0.00068359375
101010110110,41.86367851516228,9.765625e-05
011001011110,20.396949983412657,0.00048828125
001000001010,28.678825613404452,0.0001953125
010001111110,17.991526552274145,0.0005859375
110110100000,27.00980003851403,9.765625e-05
010101001001,21.136129710583916,0.00087890625
000100101110,20.304410313781755,9.765625e-05
011010001010,17.227644691705265,0.00029296875
110010100001,32.27442687077549,9.765625e-05
010100101110,13.656592831893118,9.765625e-05
100111011100,16.42022785419578,0.00048828125
011011000110,11.87456625076201,0.00029296875
100011111110,18.323643738481834,0.0001953125
000011001110,20.57917812525095,0.00048828125
110100100101,14.16713784209973,9.765625e-05
110111101011,17.297951579824833,0.0001953125
111001000101,12.825992226027997,0.00029296875
110010011001,11.87456625076201,0.00048828125
100111110111,17.53718815570791,0.00126953125
101010000100,43.09037222002324,9.765625e-05
111100110001,24.385498314058843,0.0005859375
101011001110,22.272506259434046,0.00029296875
100111001000,13.828808760201333,9.765625e-05
000010101001,34.16182186924092,0.000390625
101011001011,20.272506259434046,0.00029296875
110001101001,11.87456625076201,0.0005859375
101000001001,28.383190649627178,0.0005859375
010100101000,14.963017859443806,0.0005859375
111001110011,20.75766101326228,0.00029296875
000011010001,8.854500918858335,0.0001953125
001100001100,14.06201626303163,0.00078125
000111001111,14.71620375866676,0.0001953125
000000010010,23.18188720114459,0.001171875
011111001100,10.318016911728506,9.765625e-05
101111001111,14.409531892849856,0.00068359375
101010000110,39.136129710583916,0.00029296875
011110111100,21.767085447832436,0.0001953125
110110000100,10.677929690572562,9.765625e-05
001010101011,36.81906378569971,0.0005859375
111110011111,12.91499881684798,9.765625e-05
010001011001,20.718124370008205,0.0005859375
001101111101,10.552175401403098,0.0001953125
000110100001,23.749132501524016,9.765625e-05
001001010011,13.19283000075673,0.00029296875
100010011011,18.31826374999472,9.765625e-05
110101010111,16.727548804578362,0.00048828125
111100110011,20.079073286508155,9.765625e-05
001101010110,16.758556936094173,0.0009765625
111010111000,35.77216353404093,9.765625e-05
111010010010,22.27225942116783,9.765625e-05
010001000100,13.69267904961742,0.0001953125
000111110001,16.44567317458656,0.0005859375
101100011111,12.457694719668517,0.00087890625
101000010101,23.00877535000448,0.00029296875
100101000110,14.18188720114459,0.0001953125
101101110011,21.767085447832436,0.0005859375
001101111110,15.15423539273106,0.0001953125
000101111011,17.0009509868443,0.0001953125
100100001001,18.031008131515815,0.0001953125
001110111011,16.552175401403098,0.000390625
101010111011,32.95519349628363,9.765625e-05
101000000111,39.38319064962718,0.00068359375
001111001001,10.363774402289181,0.0005859375
000011100001,19.80874342829766,0.0001953125
111000101010,19.73311161570339,0.000390625
101101011101,9.202254435326886,0.0001953125
010001011010,34.27442687077549,0.00029296875
101101111100,21.767085447832436,0.00048828125
101000000110,32.38319064962718,0.00068359375
100011101110,23.252440927530373,0.000390625
101111000000,24.226501930607157,0.00078125
001100001011,20.709833744920267,0.000390625
101101101100,19.221423844398668,0.000390625
010001001001,18.692679049617418,0.00029296875
101110001111,24.860712814549043,9.765625e-05
011110110110,19.767085447832436,0.0005859375
000111110000,23.35415819346521,9.765625e-05
111110000010,18.871502878322456,9.765625e-05
111011000011,17.828808760201333,0.000390625
111010111101,33.86367851516228,9.765625e-05
111111100010,37.72640604348025,9.765625e-05
010110100111,13.19283000075673,0.00029296875
001111100000,27.772163534040928,0.0001953125
010000111000,14.363774402289181,0.000390625
101101000111,13.610835341332443,0.00029296875
010111110111,13.889370673819272,0.00068359375
000000111000,16.409531892849856,0.001171875
010011011110,18.206683436969698,0.00048828125
000111100111,11.38946656094618,9.765625e-05
100110010101,15.721425629098086,9.765625e-05
011000011111,16.906470305109718,0.0001953125
110000010101,9.227644691705265,0.00107421875
101011111110,29.88937067381928,0.00029296875
001100111011,11.159798203856091,0.0001953125
110111110000,42.81894571311116,0.000390625
001110110100,26.369145439160405,0.00029296875
011001011011,18.396949983412657,0.00029296875
000001101100,20.31826374999472,0.0005859375
101100101000,22.422727292881255,0.0001953125
111111111010,43.272067646914024,0.00029296875
000010010110,18.31826374999472,9.765625e-05
110101110101,16.863678515162277,0.00029296875
101001011010,17.749132501524016,0.00048828125
001010110001,31.863678515162277,0.0001953125
101000111011,20.960756307408655,0.0005859375
000010100101,41.718124370008205,0.00048828125
000101110110,14.955193496283623,9.765625e-05
001110110110,19.460660420281748,0.000390625
100111000000,15.430868751529296,9.765625e-05
110110100010,20.453497537746742,0.0001953125
000011000110,16.181238116578914,0.00029296875
111110011101,14.869241326287305,0.00029296875
011100110100,14.079073286508155,0.000390625
110000111000,12.318016911728506,0.00068359375
110010101011,23.161821869240917,0.00048828125
011010110001,27.817921024601603,0.00029296875
101000111111,25.00651379796933,9.765625e-05
110011111100,21.43624874001641,0.00078125
000000101101,38.227644691705265,9.765625e-05
101111011010,23.817921024601603,9.765625e-05
000000011010,30.18188720114459,0.00029296875
011001001101,12.121627189805272,0.0001953125
111111111101,34.363582628035374,0.0013671875
110001111110,13.94576906171347,0.0001953125
000101110001,12.909436005722949,0.00029296875
000100000011,25.031008131515815,0.0005859375
001101100110,12.91499881684798,9.765625e-05
011001010001,13.101315019635383,0.0001953125
110101001000,16.09037222002324,0.000390625
100111001101,11.920323741322685,0.00029296875
101101010110,18.110739454205536,9.765625e-05
001111011100,14.909436005722949,0.00048828125
001001010000,15.10131501963538,0.0001953125
000100010111,19.4266865881527,0.00048828125
110111101111,13.343709070385508,0.00048828125
000101011110,30.72754880457836,0.00029296875
000000001000,31.0,9.765625e-05
101110001010,19.565077850771768,0.0001953125
010110111000,22.50778354004568,0.0001953125
010101111010,34.8179210246016,0.0005859375
101110011111,16.608573789297292,9.765625e-05
110011000101,11.385358099234839,0.0005859375
001110100110,24.758556936094173,0.00048828125
010111101000,21.252194089264158,0.0001953125
100011110010,21.43624874001641,0.000390625
101110000110,24.16713784209973,0.000390625
100000111001,16.409531892849856,0.00029296875
011000001011,22.678825613404452,0.00048828125
010001011101,18.161821869240917,0.00029296875
111000001010,15.031008131515815,0.0001953125
011011100001,27.32871287307443,0.00029296875
011001111001,14.451235985711595,9.765625e-05
010111011101,16.818167862867817,9.765625e-05
001101011001,12.758556936094173,0.0001953125
111100001010,10.766381299254355,0.00048828125
000010001010,28.488559066961493,0.00048828125
111010111111,26.955193496283627,0.0001953125
111001000100,12.428052217355962,0.00048828125
111010001100,22.136129710583916,0.0005859375
101011100001,48.63513790062512,9.765625e-05
101010110010,39.8179210246016,9.765625e-05
111001110101,22.50778354004568,0.000390625
000101110111,10.046708477404973,0.00029296875
111001111000,25.313963514029567,0.00029296875
000001001001,23.090619058289455,9.765625e-05
111000011101,9.610835341332443,0.00029296875
000100101011,22.304410313781755,9.765625e-05
001001100100,23.130155701543533,0.000390625
101100001000,12.766381299254355,0.00068359375
011001111010,20.70111345892819,0.00068359375
101001101000,24.732215692871495,0.0005859375
001010110011,24.955193496283623,0.0005859375
010001110000,18.456314071920083,0.0001953125
110100110011,13.221423844398668,9.765625e-05
011000110001,15.221423844398668,0.0001953125
110110001011,13.473809707916635,9.765625e-05
000011111000,16.87994623924912,0.000390625
010001000110,18.692679049617418,0.0001953125
100001000000,14.69267904961742,0.000390625
001010110111,29.0009509868443,0.0001953125
111011001100,15.828808760201333,9.765625e-05
010100110100,11.221423844398668,0.00068359375
001111111011,16.546612590278066,0.00087890625
111110101010,27.462921972316906,0.00029296875
001011011110,15.38946656094618,0.00078125
010110000001,13.075869699244597,9.765625e-05
000111001101,12.318263749994722,0.00048828125
111110110111,30.369145439160405,0.000390625
110111111000,38.262643212343875,9.765625e-05
100101010000,20.636033823457012,0.0005859375
010000110101,10.409531892849856,0.0005859375
110100011001,13.039536643254078,0.000390625
111111101100,31.772163534040928,0.0001953125
000000101111,40.27340218226594,9.765625e-05
001100000000,12.766381299254355,0.00068359375
001000001011,33.678825613404456,0.000390625
111010011100,18.318016911728506,0.00048828125
100110100000,31.657617520402667,0.0001953125
000101010001,16.72754880457836,0.0001953125
000100000111,27.678825613404452,0.00029296875
111100000100,8.118563817365718,0.0001953125
101000101001,38.03953664325408,0.0001953125
111111101000,37.72640604348025,0.0001953125
000001010101,14.605519368473628,0.0005859375
100010000100,32.29473904094538,0.00029296875
110001000100,8.69267904961742,0.00029296875
001110101011,23.850071917215523,0.00029296875
000100011100,19.73311161570339,0.000390625
001101111111,10.24575037385241,0.0001953125
110001111111,9.389466560946182,0.00048828125
001100100000,18.422727292881255,0.00068359375
010111011001,23.726652881746467,0.00029296875
001011100110,26.818167862867814,9.765625e-05
000010001011,33.48855906696149,0.0001953125
101010100000,58.54451884233566,0.00107421875
011001001011,16.371504663021874,9.765625e-05
011101011110,26.314859436861468,9.765625e-05
000001011101,19.60551936847363,0.00107421875
101011101011,32.81816786286782,0.000390625
110101111010,30.772163534040928,0.00029296875
010001100001,11.874566250762008,9.765625e-05
010000000100,18.0,0.0001953125
110010000101,22.29473904094538,0.00048828125
010101110001,21.817921024601603,0.0005859375
011111010000,32.68064855291958,0.00029296875
001010100011,39.72754880457836,9.765625e-05
000001101111,24.761961249227433,0.00029296875
110111111110,24.79785569269793,0.0001953125
001010001010,26.227644691705265,9.765625e-05
000100000101,22.678825613404452,0.0001953125
110100001100,7.383190649627178,9.765625e-05
010100010111,17.73311161570339,0.0001953125
000011100100,21.80874342829766,0.00126953125
111010000001,30.09037222002324,9.765625e-05
010110010100,12.732215692871495,0.000390625
011110100000,28.371406991195556,0.00048828125
010100111110,15.312938825520018,0.00126953125
100101011110,21.72754880457836,0.00048828125
001000110001,19.267181334959343,0.0001953125
111011001111,14.272506259434047,0.00048828125
110011100010,19.012863410953585,0.00048828125
001010111111,26.092465967965648,0.000390625
100010101101,47.718124370008205,0.0001953125
110111011000,30.23719789195308,0.0001953125
001001010100,14.545012518868093,0.00068359375
001101110001,15.767085447832436,0.0001953125
100101011010,26.636033823457012,9.765625e-05
011010100100,33.63603382345701,9.765625e-05
100110110011,20.451235985711595,9.765625e-05
011100011111,13.411937229107842,9.765625e-05
000100100110,16.25865282322108,0.0001953125
000101111010,23.90943600572295,0.00068359375
000111111110,15.333068173051984,9.765625e-05
100110010000,18.33427568419946,0.0001953125
000000110000,14.36377440228918,0.00048828125
001100111101,11.159798203856091,0.00087890625
111011111111,23.88937067381928,0.00029296875
110000011000,12.136129710583916,9.765625e-05
101010001110,35.18188720114459,0.00087890625
001001000111,22.519567198477308,0.000390625
111111010111,20.863678515162277,0.0001953125
001010101101,48.72754880457836,0.00029296875
010011010011,11.80874342829766,0.00029296875
010011101011,12.298198418091047,9.765625e-05
101101010100,17.4629219723169,9.765625e-05
101011000010,23.828808760201333,0.0005859375
001111010011,12.909436005722949,0.0001953125
101100101111,25.411937229107842,0.0001953125
010101000111,17.18188720114459,0.0001953125
