bitstring,energy,prob
01100001001011100100,20.929979086528753,9.765625e-05
00111100010010000000,12.000950986844302,9.765625e-05
00101001000000000010,19.268141273419534,9.765625e-05
01011100001001010000,12.897158708586915,9.765625e-05
01011010100111010001,21.68756837372726,9.765625e-05
00010001111101110110,43.448255299029185,9.765625e-05
01111100011101010111,6.533936785553444,9.765625e-05
01100111001101100110,18.867020886235736,9.765625e-05
11000010000110111101,27.959847166969,9.765625e-05
10001100110010011001,24.32925184045511,9.765625e-05
00100010101001100000,34.582874654625876,9.765625e-05
11011001001100000011,19.37095873046659,9.765625e-05
01101010111010101100,27.158583716694206,9.765625e-05
01101010000011101010,30.53048093997858,9.765625e-05
01010110110011010110,19.647322161850017,9.765625e-05
00011101101110010000,21.012256172792547,9.765625e-05
01101111110000001001,25.574219118683168,9.765625e-05
01100110100011110011,21.602459870539985,9.765625e-05
01110000001011111111,31.470670255884578,9.765625e-05
11110100101101110010,11.470038018874142,9.765625e-05
11010010101001100110,23.853476241188606,9.765625e-05
10010010101101111001,32.44922147908272,9.765625e-05
01101001101100011100,19.39227685352617,9.765625e-05
00110000010011000111,28.942394051249508,9.765625e-05
11010010100101100101,19.350706858850316,9.765625e-05
00110111100000111000,23.557866243784716,9.765625e-05
10111100000100101001,18.14020184390272,9.765625e-05
10000100101010101100,34.689544685535154,9.765625e-05
01011011011011110110,14.925860215199208,9.765625e-05
01100100010011011001,20.149111204965877,9.765625e-05
11101100001100010010,15.984587408060392,9.765625e-05
10000111110100111001,18.816560826283244,9.765625e-05
11101111101010011101,26.075878748827506,9.765625e-05
01011111011100100001,18.02823177860475,9.765625e-05
11100111100110010000,19.727376538193504,9.765625e-05
11001101010100000011,15.772678656215767,9.765625e-05
00001000011000011000,38.04485532613543,9.765625e-05
10010000111100011001,32.305689023712,9.765625e-05
01110101111110001100,26.541385337629688,9.765625e-05
00110000110110110011,34.239958660168945,9.765625e-05
10011011111100011100,25.226985921102635,9.765625e-05
00001010100011110010,39.251746770096325,9.765625e-05
11001111100000010000,23.14395240860172,9.765625e-05
00000011001100001111,30.130328103723436,9.765625e-05
01101110100100001000,23.606132859067827,9.765625e-05
00111101100110110000,16.473821467522082,9.765625e-05
01110111001001011101,21.057037884389935,9.765625e-05
11011010110000110011,20.968001119643557,9.765625e-05
10011010001010111100,29.677328694004874,9.765625e-05
11111011111100010101,27.6647637408863,9.765625e-05
10001001101110001011,30.5063399431853,9.765625e-05
11011100000110110101,9.354667074046702,9.765625e-05
01010011001001010111,21.191429071849257,9.765625e-05
10110101011111000101,14.373505337225122,9.765625e-05
00110000111000010110,26.828021223921045,9.765625e-05
11000011011100000110,18.649722165599776,9.765625e-05
00111011000000100100,28.180050075472366,9.765625e-05
01001010100011011010,26.54267028915328,9.765625e-05
01101100111111011100,20.386231852843082,9.765625e-05
01100101110101100001,17.82998368166713,9.765625e-05
11100001100100101110,16.24705125300631,9.765625e-05
00010100110001101101,33.07257377266294,9.765625e-05
10011111010000110101,25.560640207972163,9.765625e-05
01001000100001000010,22.23391436143092,9.765625e-05
10011111110101101111,16.91261057270367,9.765625e-05
00110110010101110110,24.331679640204012,9.765625e-05
11001010101111110100,32.18971084072352,9.765625e-05
01111100100111000000,11.996832839096001,9.765625e-05
11111001100111110101,18.703823701754605,9.765625e-05
11101001010110101011,26.44428464173859,9.765625e-05
01110110110010000000,13.413784138784038,9.765625e-05
10101110100111100101,41.39852715117791,9.765625e-05
10110001011101111111,26.54903865939358,9.765625e-05
01011010100111000100,20.002395650221032,9.765625e-05
01000010000001100110,26.766027140952886,9.765625e-05
11010101101000011100,31.107344092688173,9.765625e-05
00011111011110110111,14.657824803812613,9.765625e-05
00101110111001111101,37.72776649760651,9.765625e-05
01111001001011100111,17.202661290553326,9.765625e-05
10111110111101001001,26.728665952009212,9.765625e-05
01000010110001100100,28.685095283130106,9.765625e-05
00101111000011100100,23.020723466052257,9.765625e-05
01010000111000101101,36.17680287334276,9.765625e-05
01011100001100011000,13.756024613459763,9.765625e-05
11101001010111110100,26.731549946254447,9.765625e-05
01001110010011110010,14.819367674419624,9.765625e-05
01101011110111000110,22.88405034743173,9.765625e-05
01111011100110101000,23.728736943651917,9.765625e-05
10010100010111101011,22.197984618256214,9.765625e-05
00101100111000010010,18.31886402298116,9.765625e-05
11100110110011011001,19.371430972196436,9.765625e-05
11011001011101100111,13.790201804784015,9.765625e-05
11001110110110100100,17.54030306058906,9.765625e-05
11010111101100000010,30.4168165650481,9.765625e-05
11100010101001010000,25.825333455425366,9.765625e-05
10001010011111011100,61.61743626571485,9.765625e-05
10000111100001100001,15.299444331199554,9.765625e-05
00011100001111100010,15.867965544359485,9.765625e-05
00111110010010010000,22.93888944380424,9.765625e-05
00111100111000010110,12.914991840833567,9.765625e-05
01011110011101001010,13.997786535962842,9.765625e-05
10111100010001010001,24.20223153168217,9.765625e-05
10000111100100001000,13.706185303543332,9.765625e-05
10011001001000000011,19.816512825412453,9.765625e-05
11010010011010010001,15.885181534428268,9.765625e-05
01010011010010101110,19.533879745939558,9.765625e-05
11000110011110010101,19.677316210818177,9.765625e-05
10000101101000001010,27.21103873694726,9.765625e-05
11100001100001110111,17.37743713076469,9.765625e-05
00100000010101011110,56.95786878159261,9.765625e-05
01010000111011110111,48.14651682611281,9.765625e-05
00000101100010110111,40.04070803314907,9.765625e-05
11001010110111001111,40.04526217052205,9.765625e-05
01010010101011000010,27.667381252160343,9.765625e-05
11100110001101000100,25.33306817305199,9.765625e-05
01000110101100011011,25.51947581691218,9.765625e-05
10001011110100001100,32.409531892849856,9.765625e-05
00000001001111011010,45.064428048023025,9.765625e-05
01011101001011111010,32.976860886038565,9.765625e-05
11001100110000111011,12.608650211824905,9.765625e-05
10110000000010111101,28.97574281868278,9.765625e-05
11010010110000110100,13.39227685352617,9.765625e-05
10111011111110001011,25.418357218916952,9.765625e-05
10001101111100101101,20.31886402298116,9.765625e-05
10010000010001110000,24.917095274812933,9.765625e-05
11111110111110100100,19.631561517407242,9.765625e-05
00001000111111100100,56.104041837385964,9.765625e-05
11111100110110100001,8.844154947789024,9.765625e-05
10101001010100011100,42.93546286348031,9.765625e-05
10000101011100000110,22.611789038199284,9.765625e-05
11100001011011101001,22.601564671289342,9.765625e-05
10110100001110000001,13.332656240715576,9.765625e-05
00111011011101010101,30.836365269515195,9.765625e-05
01000111111100000100,17.21103873694726,9.765625e-05
10111111100111101010,23.768811906992816,9.765625e-05
00001100010100000110,23.653191228782397,9.765625e-05
01000011101000111011,32.755373026011604,9.765625e-05
01001010011111110111,41.46808202070129,9.765625e-05
10000000010111100111,59.55388303781642,9.765625e-05
11010110110011111011,15.781883961391642,9.765625e-05
10000011011100100000,25.954199939453435,9.765625e-05
01101111000001101110,25.929208484930903,9.765625e-05
01100010111000111000,26.22352030236362,9.765625e-05
10000101001111010100,20.784235877143413,9.765625e-05
10000101001101100110,21.677316210818177,9.765625e-05
01110111101000101110,35.653503845786304,9.765625e-05
00000011110100101100,30.322619049972282,9.765625e-05
01001001110101000100,18.092712806231866,9.765625e-05
01001101101110101101,29.158398096906545,9.765625e-05
01100111111010010110,16.366891195234953,9.765625e-05
11011101100011000101,21.881774511272468,9.765625e-05
00010000001100111100,40.00345313555232,9.765625e-05
01010010101011011110,32.51740434695681,9.765625e-05
00111100111110001011,12.381085572141627,9.765625e-05
01110100110011001001,17.420855628914097,9.765625e-05
10011111001000100100,28.53501624380813,9.765625e-05
11111010111001110100,30.166442743104554,9.765625e-05
10101001100101111000,31.182175885815447,9.765625e-05
00100101011111110110,28.463305825931602,9.765625e-05
10110001001110010010,20.958478093322135,9.765625e-05
10011100101110001001,14.471294341600855,9.765625e-05
00001100101101110001,26.92568148429876,9.765625e-05
00001001000010111010,27.184986178395437,9.765625e-05
01100101010101100000,15.02759684236814,9.765625e-05
01000111011110110010,22.95944419708829,9.765625e-05
10011011010100010101,34.27554401820635,9.765625e-05
10111100000000100011,19.25060306743709,9.765625e-05
01010010100010101100,24.070473783127184,9.765625e-05
00010010010110101100,28.74398966526617,9.765625e-05
10100100010010000011,26.05507189507304,9.765625e-05
00111011011110110111,24.46421703993975,9.765625e-05
10100100001011111010,28.145677735754735,9.765625e-05
11001110001110000010,20.016270532076405,9.765625e-05
00010110001100110011,21.366882341995737,9.765625e-05
00111011001011100111,21.04701154416697,9.765625e-05
11011000010001001001,16.18607469702941,9.765625e-05
10011011011100001110,24.96136906358179,9.765625e-05
11011110101100101000,17.623107441755295,9.765625e-05
01101011110010110100,20.740331537852274,9.765625e-05
01000011001110010010,21.906100219177944,9.765625e-05
11110100001011000000,17.638127571399423,9.765625e-05
00101101001001110111,15.122570477053909,9.765625e-05
11000011100000010011,19.02539306436794,9.765625e-05
00011001100100110000,20.431469024515735,9.765625e-05
11111000101010100001,14.554082795136779,9.765625e-05
10000011000010000100,19.202254435326886,9.765625e-05
10010100010101111000,16.110973074863992,9.765625e-05
00011011000110010111,21.202776827783403,9.765625e-05
10100111001000000101,27.813802876853302,9.765625e-05
01111111011011011001,19.81648376730159,9.765625e-05
11011100100101111000,9.812160235457434,9.765625e-05
00100100110100000110,26.490652814903903,9.765625e-05
00010110011000011000,17.39227685352617,9.765625e-05
11010011101000100010,25.371040349707386,9.765625e-05
11010100010000110111,12.566638062218395,9.765625e-05
00101000110010100100,38.00215152197735,9.765625e-05
01111010110100110011,23.47002833283718,9.765625e-05
00001001000101011011,32.738391467309725,9.765625e-05
01100101001010110111,26.60730080451921,9.765625e-05
10100101100011011101,19.90479934002405,9.765625e-05
10010110100111011000,15.161705597589776,9.765625e-05
11101111010011110001,32.94331427742219,9.765625e-05
01000010011110100111,39.62578646577515,9.765625e-05
10000011000011011000,21.04258408806333,9.765625e-05
11100011001111111011,28.685585820326015,9.765625e-05
10011101000110100101,15.370958730466594,9.765625e-05
00100100011001110101,33.31195869343765,9.765625e-05
11010010000010001011,17.867866011047095,9.765625e-05
00011101110010110100,21.470392177175608,9.765625e-05
10011100111000000100,15.745666882785004,9.765625e-05
11101100111010110111,14.5484001807898,9.765625e-05
01001001011001001001,20.62701967771708,9.765625e-05
10011001001001100000,15.988226897821438,9.765625e-05
11011110101000111110,21.059928033101322,9.765625e-05
00110011000001001100,16.87911489180253,9.765625e-05
00011101000010000001,18.536282546839065,9.765625e-05
01111101001101000100,16.936079151224256,9.765625e-05
11101001101110001110,18.718287820572215,9.765625e-05
10011000111111101100,34.197974637952,9.765625e-05
00101100100110100010,18.474335544816757,9.765625e-05
00010101000011101010,37.85851975127412,9.765625e-05
01111010101010011100,20.230689426491974,9.765625e-05
01101000011010100100,20.82563806772653,9.765625e-05
01111111001110101100,27.77084599283566,9.765625e-05
01110101010111000100,14.338216341818068,9.765625e-05
10010000010010010000,22.276861559411607,9.765625e-05
01011001000110010100,15.691773440748571,9.765625e-05
10000110001101001111,31.772576532893694,9.765625e-05
00111001010100100100,16.74968124206886,9.765625e-05
01101010100010110011,29.426364590218917,9.765625e-05
01011110010010010001,10.535938074574553,9.765625e-05
11000011001100010101,19.89684087867799,9.765625e-05
00100100001000011010,22.81766527254752,9.765625e-05
11011011000111101100,19.07300444061922,9.765625e-05
11110111110011001010,22.3581689336414,9.765625e-05
11010000100111010011,24.666478353314034,9.765625e-05
00000100111010011100,48.52327341388919,9.765625e-05
10110000011101111010,32.39373494165073,9.765625e-05
00111100000100000101,13.711838772652248,9.765625e-05
00010101111011000100,33.4749338313619,9.765625e-05
11111100001010000001,19.683053154756493,9.765625e-05
11000101001111001100,19.359656254540884,9.765625e-05
01000110001110000101,19.229796213682622,9.765625e-05
01011101101100111110,32.38641215096233,9.765625e-05
10111101101111000000,15.041684720787828,9.765625e-05
00010101000000011010,30.9206896592296,9.765625e-05
00110001000000000000,12.422727292881255,9.765625e-05
11001011000000000001,29.360680943050433,9.765625e-05
01111001000111111111,21.349710886264845,9.765625e-05
10000001101110110101,40.64406963805199,9.765625e-05
11001001001110111100,17.309192750144785,9.765625e-05
00001011100001010101,29.162939016671764,9.765625e-05
10101011000111111011,48.45679836752264,9.765625e-05
01101010011110011110,34.8361928673353,9.765625e-05
00111010001101001000,30.729642552520772,9.765625e-05
01000010010010110100,24.798031539321432,9.765625e-05
10111001100110011010,22.470879699241898,9.765625e-05
11000000010110111011,35.935992144824034,9.765625e-05
01000101011100100011,31.188808676298283,9.765625e-05
11000010000101100001,28.51986212474152,9.765625e-05
11111111010100000000,45.141317924817216,9.765625e-05
10100010110101011000,54.39605573656296,9.765625e-05
01110101000011110111,26.325043416117392,9.765625e-05
00110111101101001110,16.09760445069477,9.765625e-05
10000010111011010011,54.592141178280315,9.765625e-05
00100111111011011000,18.752005900647177,9.765625e-05
01100101000001000001,16.584850329979727,9.765625e-05
01011100101110011110,24.407257123206943,9.765625e-05
00111100101000101110,18.755727184313074,9.765625e-05
10101101000000111100,26.04111902392436,9.765625e-05
01100101101111100110,27.860298379330146,9.765625e-05
11100100100111011000,14.588122149564281,9.765625e-05
10111010001100010001,48.1276981092627,9.765625e-05
10010001111110010100,27.558078418800772,9.765625e-05
11111110110011111101,22.533940317124248,9.765625e-05
00011100010000010111,15.474104634180842,9.765625e-05
10110001111110101110,23.360956224609655,9.765625e-05
10111011011111110111,37.92787608261169,9.765625e-05
01001010011101111110,39.03134834862827,9.765625e-05
01010010101100011010,25.71925120347601,9.765625e-05
11011010101001011100,24.072400636061978,9.765625e-05
11010011011100111001,14.945398975781696,9.765625e-05
00011011011100110101,22.827689245683047,9.765625e-05
10001111010000011000,25.995355291770334,9.765625e-05
00101111011101011110,25.48632967529403,9.765625e-05
01100101001000000000,20.502071562480758,9.765625e-05
00100101010101110110,22.329826488934472,9.765625e-05
11111110101010110001,23.614023311424802,9.765625e-05
01010010101111011110,33.67198963199747,9.765625e-05
00101010110111111000,57.8644812771278,9.765625e-05
00111110001011000001,18.467163797793063,9.765625e-05
11001101001101101100,11.901825596880053,9.765625e-05
10110100001001001010,16.729642552520772,9.765625e-05
01011000100000100001,17.828455336320932,9.765625e-05
10010011001101111000,20.232596820225655,9.765625e-05
11001001110001111000,14.671948705517764,9.765625e-05
00011010100101100010,27.343897411035528,9.765625e-05
11010100010001111100,11.666328120357786,9.765625e-05
10010100101111101111,35.127424650277085,9.765625e-05
01111001001100000111,14.333607227559874,9.765625e-05
01000010000100000111,27.62492592977467,9.765625e-05
01100111101110101010,27.720923333045047,9.765625e-05
10001000101001011010,38.85417684735606,9.765625e-05
11011000101010011000,17.211038736947256,9.765625e-05
10000110101011110110,34.13914176856175,9.765625e-05
01110010100101111100,22.975742818682775,9.765625e-05
01100110011001100010,20.386286182434418,9.765625e-05
01010001100001100001,30.413521372887516,9.765625e-05
10010001010101100111,22.152935580093523,9.765625e-05
11010010111110000010,18.228761839136116,9.765625e-05
01010001100100100100,26.993772911100056,9.765625e-05
00000001000010110010,34.4703211855329,9.765625e-05
11100101010010011110,17.600649082116277,9.765625e-05
11100011111100101011,23.37743713076469,9.765625e-05
01111010110011110110,23.283897749837443,9.765625e-05
11101101000001110000,21.645706141173548,9.765625e-05
10011011101010010001,24.556889643273163,9.765625e-05
01010011000011111010,25.467092806150347,9.765625e-05
01011000000101010001,17.80453836127635,9.765625e-05
10010110011100100001,16.214455544107032,9.765625e-05
01010000100001001000,26.42579066532081,9.765625e-05
01101110111100111001,22.42239178307245,9.765625e-05
00111011101101100010,18.723609311443127,9.765625e-05
11101010011110111101,47.82537530183001,9.765625e-05
01000110111110110101,29.407296172461844,9.765625e-05
11010010111011000011,22.18719184446026,9.765625e-05
11111111000011011111,37.60018141148538,9.765625e-05
11011111010101110001,19.888927931102415,9.765625e-05
01101101111001010011,10.984279558455682,9.765625e-05
10010101110100111110,23.269984651524915,9.765625e-05
00100100011100011010,28.635518749950016,9.765625e-05
11001010101100001101,31.21103873694726,9.765625e-05
10101010000101101010,59.76142155826551,9.765625e-05
10000010111011001100,45.328736843235504,9.765625e-05
10011100001110010111,17.470038018874142,9.765625e-05
11001010000101111011,38.87270268987426,9.765625e-05
00101011101100001000,26.42458315417334,9.765625e-05
11011000011001100101,15.466891823841415,9.765625e-05
01010100100011111110,43.05791154003116,9.765625e-05
00100101010111010111,24.318946795865507,9.765625e-05
10111000010011111011,35.0690818058356,9.765625e-05
10010100111110100010,27.99714807899525,9.765625e-05
01111010111011011110,21.465020318346472,9.765625e-05
00010011001011101101,24.780779122483434,9.765625e-05
00000011000111000011,26.537517766858475,9.765625e-05
01001010000010101110,22.269325880922285,9.765625e-05
01101100110001000011,13.885181534428266,9.765625e-05
10100000110101010110,53.441760960260964,9.765625e-05
10100100111010111011,33.035876785206796,9.765625e-05
00111011010111111011,28.33834022668598,9.765625e-05
10100111111001001001,19.80107627410814,9.765625e-05
00000101110111110111,42.723896129685556,9.765625e-05
11101010011111001011,48.385249097865376,9.765625e-05
11001010100001110001,31.68575957174484,9.765625e-05
00000010110111100110,58.80786897274436,9.765625e-05
01110001001001001110,20.00705358689828,9.765625e-05
00100010000001101110,41.68001375247801,9.765625e-05
10001010000101011101,62.6813962508727,9.765625e-05
01011111010000001101,21.910386992567254,9.765625e-05
01000100001011111101,36.42456369497223,9.765625e-05
00000010000010010100,33.399137833782554,9.765625e-05
01001011011001101001,20.441383691174718,9.765625e-05
01010010100111111011,33.04612894811588,9.765625e-05
10101110011000010100,50.26570034319007,9.765625e-05
11111100001101101111,14.450872141373171,9.765625e-05
11110011101001010000,19.285039444419205,9.765625e-05
01101110001111111110,21.426364590218924,9.765625e-05
00000010110000111001,46.6729324891838,9.765625e-05
11010011111011110001,18.302100244434627,9.765625e-05
11010100000111110000,13.455953672025263,9.765625e-05
00111011010011101010,21.580490676473435,9.765625e-05
01001001011001110110,18.065478361039652,9.765625e-05
11111001000101101010,22.44621222909445,9.765625e-05
10010000000101011010,28.42451216253063,9.765625e-05
10110101100100101010,18.66196313434327,9.765625e-05
01001110010011111001,16.44715615279713,9.765625e-05
00111101101100000000,13.202318450955183,9.765625e-05
10011000101011110110,32.29435023023356,9.765625e-05
11110001100100110001,14.055193684736281,9.765625e-05
00001000111010101101,52.94287529430407,9.765625e-05
11100111111011010100,14.470879699241895,9.765625e-05
01011100111000010011,13.833822107200278,9.765625e-05
10100100000110110000,23.617374029387783,9.765625e-05
10111100111110101101,16.374636524221653,9.765625e-05
10111011011001001101,38.005035428685744,9.765625e-05
00111011011111000000,19.65205035574891,9.765625e-05
01110110110111010011,11.229184621992857,9.765625e-05
10100100101001000000,16.833164060178895,9.765625e-05
11010011111101101110,17.298008444774656,9.765625e-05
00011111011100100011,14.264638602706725,9.765625e-05
00110101100111000001,14.423097808875335,9.765625e-05
00111001101100010111,17.37743713076469,9.765625e-05
00000010001100010110,44.263708740205914,9.765625e-05
01011011111110011010,18.423194621325365,9.765625e-05
01011011110001100010,17.88012562828325,9.765625e-05
01110001101111011110,27.461807779467023,9.765625e-05
11111101000000101100,35.370511068363655,9.765625e-05
10001011011010101000,23.677328694004874,9.765625e-05
10101011101110100101,37.51483836812437,9.765625e-05
01100000011111011100,39.80980624613717,9.765625e-05
00001110000110010110,24.144203719999872,9.765625e-05
10000010101110011100,43.95633001578839,9.765625e-05
01101010101111101001,35.264832129230115,9.765625e-05
11101100001111101111,20.090239286320728,9.765625e-05
10110011001000010110,27.285039444419205,9.765625e-05
00010111011110001011,20.206425269160334,9.765625e-05
01011111001001011010,26.69058466522096,9.765625e-05
11010010100101100000,16.075210928641965,9.765625e-05
11111110111111011110,19.191429071849264,9.765625e-05
11011100110111010110,10.618944944719875,9.765625e-05
11100111011101000110,21.041684720787824,9.765625e-05
01100000110100000010,22.490652814903903,9.765625e-05
00011011101010000110,19.644621910167636,9.765625e-05
10100010000010000010,38.45928510504154,9.765625e-05
01000000011000011000,29.158356250501903,9.765625e-05
01101001010000110110,16.055203370773235,9.765625e-05
11001100101100000111,15.309192750144787,9.765625e-05
11010001010010101110,19.72963006933407,9.765625e-05
01010111010001100001,19.46561879039549,9.765625e-05
00001100010111110000,25.883685262322555,9.765625e-05
11110000100100010100,9.988710018100807,9.765625e-05
00111101011100100011,9.476615832471767,9.765625e-05
10010000101101011101,37.93426963645695,9.765625e-05
00110001100101110111,24.45752367827223,9.765625e-05
10101101111100011001,22.392928658954204,9.765625e-05
11000100011001110001,16.03447022952384,9.765625e-05
11001011000100101110,22.346236196306734,9.765625e-05
01000010011101110111,46.61610270975208,9.765625e-05
10110000000000101010,18.95889971169551,9.765625e-05
10111001000101000100,27.368026648223363,9.765625e-05
01011011011010110011,17.011870159230472,9.765625e-05
10100100001001001111,26.97574281868278,9.765625e-05
11011000001000100011,14.783920560956785,9.765625e-05
11001000100101111110,28.992467765954288,9.765625e-05
01000100101101000000,26.051131237454435,9.765625e-05
10000110100010001110,25.18607469702941,9.765625e-05
00101101110011100000,15.885181534428266,9.765625e-05
01000110011111110110,28.517010203736763,9.765625e-05
11000111001111001011,19.986074935690276,9.765625e-05
11100001101001010000,12.649722165599778,9.765625e-05
11101110001010011010,27.922738127163583,9.765625e-05
00110100010001100001,13.141919987901252,9.765625e-05
01110110001001011101,16.86792378508204,9.765625e-05
00011111011100101111,16.34299180216668,9.765625e-05
11000101100011010110,19.089301517084188,9.765625e-05
10000001111110110100,41.47162279910786,9.765625e-05
00001010101110010000,37.51268404899727,9.765625e-05
00010110111011101001,28.620663088718413,9.765625e-05
11010000010000010111,14.670683420335347,9.765625e-05
01000101010010000101,21.359656254540884,9.765625e-05
11010011101010100101,21.81934351875468,9.765625e-05
10111111010110111100,32.35284065225995,9.765625e-05
01101010101110111010,28.668045540775072,9.765625e-05
00110011000000000100,16.572299241762785,9.765625e-05
00110000010101011011,33.20073089520791,9.765625e-05
00110011110101111001,22.946082745233724,9.765625e-05
11111100110100001010,10.980885654940629,9.765625e-05
11110000111010100000,11.580058120452541,9.765625e-05
11011001011010101001,16.05609034198924,9.765625e-05
01010000100010101110,41.48751220922829,9.765625e-05
00011011001010101110,19.936602190974632,9.765625e-05
11001101100100010011,15.213243570667444,9.765625e-05
10011010001000100100,29.954786787692047,9.765625e-05
11101001100001001100,19.46848478344193,9.765625e-05
01100010111101100000,31.80238683929899,9.765625e-05
00100110100110011101,28.789351896381618,9.765625e-05
10010111111101101111,19.483280586978594,9.765625e-05
10101011100101100000,40.71245152882538,9.765625e-05
11110101111110001100,18.847810365180376,9.765625e-05
00101010101111010101,55.59221216992302,9.765625e-05
00001000110011011100,53.210014048437706,9.765625e-05
00001000011101111010,54.964900286804095,9.765625e-05
01010111010101100010,20.20099466815657,9.765625e-05
01001100111101011110,25.232045282531075,9.765625e-05
00000011110010000010,24.29925779148695,9.765625e-05
00110001001001110100,20.055071895073038,9.765625e-05
01110110011100100000,13.583899343135428,9.765625e-05
00110110101110001001,14.439064365104624,9.765625e-05
00011111111001001011,17.191429071849257,9.765625e-05
00010101101100110000,34.56138059781559,9.765625e-05
11101101101011101000,18.90627155484149,9.765625e-05
10110001110111101011,22.115509641100484,9.765625e-05
11011111111011001011,21.368951286979335,9.765625e-05
11110111011111100110,21.193333755560403,9.765625e-05
01010010111001110010,28.773517746573837,9.765625e-05
01101001100001010111,18.643673720473082,9.765625e-05
00101101100010100000,18.02759684236814,9.765625e-05
11101100011111110010,16.77641423484559,9.765625e-05
01000011000110010101,17.64559777625813,9.765625e-05
10101001010010000100,32.75855693609418,9.765625e-05
01001111001011011010,15.232313653566894,9.765625e-05
00101010101111010011,49.67337493838171,9.765625e-05
11011110000100111111,19.614032997461752,9.765625e-05
00010110011000011001,16.962663701142336,9.765625e-05
10111111111110000100,25.285039444419212,9.765625e-05
01010111110110101010,31.531068718938506,9.765625e-05
01111001110011100101,14.893384124018006,9.765625e-05
10100001010101011111,41.5071559227586,9.765625e-05
01111001011010001100,14.443341365329772,9.765625e-05
00000111101000101101,27.934161249905348,9.765625e-05
10000011011101110101,40.6790273788023,9.765625e-05
00011010011100101100,28.583808685151546,9.765625e-05
11010101101101000111,25.148893806204992,9.765625e-05
10000001000000100001,19.938185295226155,9.765625e-05
10001111110001001100,21.046708477404977,9.765625e-05
00101111101111000010,14.703823701754606,9.765625e-05
00010001010100011100,24.155783110151173,9.765625e-05
00011010111001011011,35.24374210881689,9.765625e-05
10011111111101100111,17.592753003732135,9.765625e-05
00101011101100101101,32.48724152575623,9.765625e-05
11000000011100000101,27.58353342522851,9.765625e-05
01100001110001111000,22.582874654625876,9.765625e-05
01000001010001111000,24.798031539321432,9.765625e-05
10110100001100111010,16.214455544107032,9.765625e-05
01110000000111101010,24.982191866602747,9.765625e-05
00001001111000000110,26.415146236416483,9.765625e-05
00100111011010000101,19.624511287415714,9.765625e-05
11111000111110111001,16.32982648893447,9.765625e-05
11110101110110110110,16.53579962285994,9.765625e-05
00000001011010100011,43.45679276238334,9.765625e-05
10110100100000001001,11.851986286963623,9.765625e-05
10000011110010100110,26.142867443174744,9.765625e-05
01011110010110010001,8.42805773536806,9.765625e-05
10110100001010010000,17.233573420737216,9.765625e-05
01100000001000010000,16.590120924863093,9.765625e-05
00100001001100010010,24.2097246401856,9.765625e-05
11111100001110010100,15.409248726191095,9.765625e-05
00011111000100011010,19.250603067437083,9.765625e-05
11111110001000000010,38.35887941134969,9.765625e-05
10100001000010101011,28.112109681495955,9.765625e-05
01001011111110001001,22.374636524221657,9.765625e-05
00100111011101110111,25.913638912796884,9.765625e-05
11011110011010010010,17.772668970178806,9.765625e-05
01011011100001101110,22.73997884839294,9.765625e-05
00111110001100101010,18.61149618550357,9.765625e-05
10010111001101110100,18.039795241125745,9.765625e-05
01100101011101101010,22.618944944719875,9.765625e-05
01010110111100111110,26.470321185532903,9.765625e-05
00101001111101100010,26.579697720557725,9.765625e-05
01101000001000110000,18.26745930490492,9.765625e-05
01010010000001011000,16.95889971169551,9.765625e-05
11000010110000000100,18.272506259434046,9.765625e-05
10000100101011010000,27.637474955262935,9.765625e-05
10110101101001010111,16.36800030013503,9.765625e-05
01110000101111110110,30.839208358916924,9.765625e-05
10111000010101101010,31.628291204492847,9.765625e-05
11100011101000100101,20.241141259594222,9.765625e-05
00001100100001111010,26.52869869322455,9.765625e-05
11000010110000100010,20.73501900943707,9.765625e-05
00010001000000001010,25.312938825520018,9.765625e-05
11111010001100101000,30.829174678108252,9.765625e-05
10110110100000011100,22.694584467749625,9.765625e-05
00001101101111011101,25.896753959404975,9.765625e-05
11110010001001110100,25.445261242250147,9.765625e-05
00111110100100110100,23.69931463724999,9.765625e-05
00001001010001010010,25.361499632646268,9.765625e-05
00010011011011000001,16.890509081388657,9.765625e-05
10111100000000111101,24.14020184390272,9.765625e-05
00011011011111001000,15.761783759097739,9.765625e-05
00111010011110111110,34.774718368834094,9.765625e-05
11011101010110101001,16.366291842173453,9.765625e-05
10101000010101000101,65.62390124126512,9.765625e-05
11110111110101101010,18.46716379779306,9.765625e-05
11111101111101001100,14.093416954809953,9.765625e-05
00110001000001001110,17.773038881446524,9.765625e-05
11010101101100011111,28.61149618550357,9.765625e-05
10111010101101101101,40.85802964414052,9.765625e-05
01011100100110010011,14.855396118108981,9.765625e-05
01100101010111001000,18.54610999995777,9.765625e-05
11110110001011111111,22.416558397238745,9.765625e-05
00001100010101011101,34.391628710521616,9.765625e-05
00001010101000011111,45.15737964999034,9.765625e-05
11010000011101001110,22.16947842830836,9.765625e-05
11101100010010111100,19.44873030543277,9.765625e-05
11100101001000111111,20.473821467522082,9.765625e-05
10110001101010111100,24.373682827354813,9.765625e-05
01001110101011010101,17.04449148179701,9.765625e-05
11011010011011110100,22.660622395226028,9.765625e-05
11011100111101101000,9.585100612689551,9.765625e-05
11000100101001011001,18.341803663093117,9.765625e-05
00111100010101000111,15.157867172056633,9.765625e-05
00011001110111100100,22.40112499611078,9.765625e-05
00110110001001000110,19.734299754776952,9.765625e-05
00111100100111010101,15.022438078479993,9.765625e-05
10011100000010000100,17.897195036979454,9.765625e-05
10001110111100101110,31.83036273005461,9.765625e-05
11010000001101001011,22.585617487133966,9.765625e-05
01101101010111110101,14.825917066360434,9.765625e-05
00010110010110001110,20.413719388734677,9.765625e-05
10100010011101001011,57.88318722142157,9.765625e-05
01011001101100101110,28.778661317252748,9.765625e-05
10001101100100010110,17.069615233567998,9.765625e-05
00010101010100010110,20.471294341600853,9.765625e-05
11110101010111011000,15.278071878548637,9.765625e-05
11100101100101011101,11.440539300784426,9.765625e-05
01011011010100111100,15.898703715984484,9.765625e-05
00001000011101010110,54.67574278176379,9.765625e-05
10001100110010100100,22.14456058832388,9.765625e-05
00011111000000100100,23.01136722597507,9.765625e-05
10000000000101110001,43.754104943679444,9.765625e-05
10000101111011110001,29.027555213943376,9.765625e-05
01111011100000110111,24.915649974982145,9.765625e-05
01101010111111111100,40.75750934393991,9.765625e-05
00000001010111100000,35.40252621928551,9.765625e-05
00011101101111001001,21.795750615212373,9.765625e-05
11000101001011110101,19.83381242116332,9.765625e-05
01111000101011110100,18.930932783395594,9.765625e-05
11010101011101110010,19.551281465012497,9.765625e-05
10111001010001101110,23.222427223060862,9.765625e-05
01000100001011100011,35.813706184416134,9.765625e-05
00111011111100110011,22.786666397754672,9.765625e-05
10011011010000101001,23.53015937135879,9.765625e-05
00001011011100010101,35.62868367762815,9.765625e-05
01101111000001101010,27.7984587628341,9.765625e-05
11010100011011110111,21.77631835311687,9.765625e-05
00111010110001110010,34.00429335791775,9.765625e-05
01001111110101110010,14.683607326186236,9.765625e-05
10100111000010000101,28.88524357445509,9.765625e-05
00101001000111100100,26.42417122183692,9.765625e-05
01100111000101011111,17.213129051285883,9.765625e-05
10111000000000101010,23.917873125056268,9.765625e-05
11011101000000011110,27.26916596192909,9.765625e-05
11010010001001101110,22.563416571723057,9.765625e-05
00111001011111010110,19.139577758186437,9.765625e-05
01111100001010010001,11.740058057230478,9.765625e-05
00011010011011111011,33.338109228922875,9.765625e-05
00011101110100011110,20.471294341600853,9.765625e-05
11101011000011000000,39.456048596001025,9.765625e-05
11011011100010111000,21.018876556376064,9.765625e-05
00110000100110001101,28.421761237782945,9.765625e-05
00111010100101100011,31.521287416044334,9.765625e-05
10111011000111010000,42.70494946870606,9.765625e-05
01000111111011111001,26.75906955538653,9.765625e-05
10110001101001100110,17.366706309868356,9.765625e-05
00011001101001001110,26.194259470924223,9.765625e-05
00011000100011101011,33.49176372074141,9.765625e-05
10000101010010101110,26.378754671969954,9.765625e-05
10010010101101101101,32.32961683843709,9.765625e-05
11111110010000101110,33.00388035906499,9.765625e-05
00011111101010010101,19.511132152712484,9.765625e-05
10010000010110101011,30.75148651248047,9.765625e-05
00110011110010100111,19.538310635646987,9.765625e-05
10011011111111000100,22.43906436510462,9.765625e-05
10100011001111100010,31.346968053756758,9.765625e-05
00100010011001100011,46.824840845409284,9.765625e-05
01111010101111101010,21.569232756974912,9.765625e-05
01000111001000101001,26.65355714668932,9.765625e-05
11011101011100110101,10.899579248893957,9.765625e-05
10010011110101001111,20.9189537585907,9.765625e-05
00111001110010100100,16.13787003464592,9.765625e-05
11011000110100011000,13.006269669725654,9.765625e-05
01100111001000100000,24.696504344670004,9.765625e-05
11101101001011001101,21.285039444419205,9.765625e-05
10000110001100011100,26.191278751765815,9.765625e-05
11011101010101011101,11.28180400189504,9.765625e-05
01010011110100000011,17.066352190935277,9.765625e-05
11110001101100001000,14.758556936094177,9.765625e-05
01011101111000011010,29.495194654594073,9.765625e-05
00010101110011001110,36.723445675375245,9.765625e-05
01101100011000100000,11.597662121364515,9.765625e-05
01011010000101110011,24.770387958942546,9.765625e-05
00100100101111100000,30.090532139016442,9.765625e-05
10000111010001010111,23.19811338393387,9.765625e-05
11101010000110111110,42.482282519188445,9.765625e-05
01111011101010101100,22.305092293136187,9.765625e-05
11110100011101000100,9.09246596796565,9.765625e-05
10111101100100110111,16.899358318562264,9.765625e-05
01101000110000100110,20.825638067726526,9.765625e-05
00111101110101101110,14.358274697707321,9.765625e-05
00010100111110111100,46.537451863165565,9.765625e-05
01000001111110100001,43.17276561041419,9.765625e-05
00101010010100001100,57.34596167080477,9.765625e-05
01011001110001101000,20.696678215692035,9.765625e-05
10001000101111010101,52.597293700575115,9.765625e-05
01010110000100110100,15.487626815737059,9.765625e-05
11101011101111111011,29.68564359436096,9.765625e-05
10110010000101010001,39.78891348016183,9.765625e-05
01111101111001101100,19.805259171905803,9.765625e-05
11101101010111011011,20.788587743517184,9.765625e-05
01000010010111010011,37.92802932994924,9.765625e-05
11111010011001101011,31.304656515593926,9.765625e-05
10000010010110110100,50.172193759084564,9.765625e-05
11000011100010100101,16.128536258059647,9.765625e-05
10010000101010000101,29.919600955091756,9.765625e-05
01010111010000101101,22.37977665045696,9.765625e-05
11000111111011010011,18.675924233526594,9.765625e-05
10001100111011001011,28.393734941650724,9.765625e-05
01101101000001110101,15.772668970178806,9.765625e-05
11001001110000111001,17.097495242594896,9.765625e-05
01100001010011101000,22.91267251476347,9.765625e-05
11010001101111010000,23.627726536317702,9.765625e-05
01100001010011100010,20.91169591425191,9.765625e-05
11001101100000001000,19.274426870775493,9.765625e-05
10010110011100111110,24.74128867916273,9.765625e-05
11101100000110111000,18.53615900490625,9.765625e-05
11101000110110011011,33.78792689934606,9.765625e-05
01101100110110100100,16.400091530649394,9.765625e-05
10101100011000100000,23.756024613459765,9.765625e-05
11010100010101010001,5.403839592465918,9.765625e-05
10011111100001110111,22.961364895556933,9.765625e-05
10111010011000000000,42.138352224203985,9.765625e-05
11010011001101111101,17.446378389680998,9.765625e-05
10101101110111101101,23.57682620949918,9.765625e-05
10011100011001010010,16.214455544107032,9.765625e-05
00000010110101100010,50.9569658827463,9.765625e-05
11101010101100010101,44.980937187382224,9.765625e-05
01001110100110100000,15.30161522525082,9.765625e-05
10100011110000000110,27.942537885181174,9.765625e-05
11100001110111111111,28.514564909138755,9.765625e-05
01100000110100110111,36.82058309230282,9.765625e-05
00110111111010111111,24.374378356412286,0.0001953125
10011110111000111000,19.069615233567994,9.765625e-05
11011100110000110010,8.787084277417177,9.765625e-05
10011100001000110101,15.87198240652582,9.765625e-05
10010110011000111101,21.47410463418084,9.765625e-05
11111100010111111000,13.821273081712015,9.765625e-05
00010100110101001001,23.693796197048272,9.765625e-05
10001000001010100100,30.55470868179048,9.765625e-05
01011011110011111001,18.591218700220026,9.765625e-05
11100001110101110111,22.752424281717005,9.765625e-05
01111101000000111101,27.430329060567374,9.765625e-05
10001001101101101111,32.173220248531536,9.765625e-05
11000111101001010010,18.473821467522082,9.765625e-05
00000011111001011101,37.20767181872289,9.765625e-05
00111100010110011010,14.193362813671268,9.765625e-05
11011011101111001100,18.114031027258463,9.765625e-05
01000001010100000110,20.276861559411607,9.765625e-05
00101010001011001100,42.59035536706981,9.765625e-05
01001011001011110011,20.657824803812616,9.765625e-05
00111101101101001000,13.693620350424764,9.765625e-05
01100011001001111100,19.15141812413666,9.765625e-05
10010011000100101110,19.155189089597904,9.765625e-05
10111000100011110110,29.782860561903203,9.765625e-05
11110010100100010100,19.645056011727707,9.765625e-05
00010111100001010000,17.429304372057814,9.765625e-05
01100101000100111010,23.254218624865086,9.765625e-05
10011111010010001111,23.377505412384856,9.765625e-05
01110000110001110000,16.11438091956806,9.765625e-05
01000101101010110111,46.239252721493266,9.765625e-05
00110111010111101010,16.46411470947762,9.765625e-05
01010100010010111100,26.65473623617997,9.765625e-05
00111001101111010100,18.601564671289342,9.765625e-05
00100100100000010111,24.14665433626629,9.765625e-05
00100001010010110100,30.11438091956806,9.765625e-05
01100110011010101011,23.425288369267772,9.765625e-05
11001101110111010000,9.947323031566746,9.765625e-05
00000011000000001100,16.766381299254355,9.765625e-05
10111111111011001011,21.76391319897865,9.765625e-05
10111111111001101100,25.073004440619222,9.765625e-05
10100110001011000100,32.13917444537063,9.765625e-05
01000011111110110101,31.32604304028653,9.765625e-05
01010100011110100110,31.57351591166621,9.765625e-05
01010001111011100000,37.40161510324438,9.765625e-05
01010101101011111000,54.79968938476635,9.765625e-05
01011000011110101110,22.739361826227935,9.765625e-05
10110011011000001100,20.86793420554006,9.765625e-05
00000100010100100110,34.872697171862164,9.765625e-05
01010010110001101111,28.213854362035473,9.765625e-05
01010100111110110100,34.02792529987515,9.765625e-05
11000110011111010110,23.452102763305422,9.765625e-05
00011010111011000000,24.429734032961953,9.765625e-05
00110100000000111101,20.64972216559978,9.765625e-05
11000111001110100011,24.568188587628068,9.765625e-05
01100011101111101100,22.982191866602744,9.765625e-05
11101010011110100110,40.68830989557805,9.765625e-05
11000101000001111000,14.2549680534516,9.765625e-05
01101111001000010000,26.022627121075075,9.765625e-05
00011010100010111100,28.5371171640652,9.765625e-05
00011111101010011100,22.661963134343267,9.765625e-05
01000000110111001101,50.37071712674158,9.765625e-05
01111111011000011111,22.66763533907205,9.765625e-05
10010101000001111101,18.39345530656277,9.765625e-05
01101101001111101100,17.395726544634883,9.765625e-05
11011110010010111101,14.956759949323597,9.765625e-05
11010101101000011000,33.759892478498244,9.765625e-05
00001100111100000011,26.76827620980134,9.765625e-05
00101000100101110010,41.358734630914526,9.765625e-05
00000111101000111000,26.51331273280071,9.765625e-05
10000000011010111110,54.19218809934553,9.765625e-05
01001111000100010110,16.20008803059939,9.765625e-05
10001100100100110011,20.46440393267896,9.765625e-05
01010001001010011000,34.91595875530817,9.765625e-05
10101100100011111000,23.72026965039221,9.765625e-05
11100101101111011011,20.07343264352105,9.765625e-05
10010111001111000100,17.48723881573369,9.765625e-05
11010110100110111111,17.45080114973046,9.765625e-05
10001110111000101011,27.34807333281877,9.765625e-05
11001101001001010010,14.069332066909237,9.765625e-05
10011101000101011101,15.281804001895042,9.765625e-05
10001100001010001010,20.002151521977357,9.765625e-05
01011000000001100101,18.09322595280523,9.765625e-05
00000010000000001111,37.183980949087,9.765625e-05
11000001000010001110,18.73746691568095,9.765625e-05
00000110001111010101,30.773517746573837,9.765625e-05
11110011000001111000,24.193524463297855,9.765625e-05
11001011001001100001,24.19024271207693,9.765625e-05
00001110101100001001,22.75007995679751,9.765625e-05
10100110100100110010,28.176477136698104,9.765625e-05
00000110011010101110,36.44295180935707,9.765625e-05
00010001001011011001,34.60090590068671,9.765625e-05
10100001010100001100,27.78925692373802,9.765625e-05
10001110000001001000,28.69589158849687,9.765625e-05
01000101010100011111,23.615205845359057,9.765625e-05
11001011111111100110,20.879151737794235,9.765625e-05
11111101010001011001,23.992509699486135,9.765625e-05
11000001101010011101,26.74123714672113,9.765625e-05
01011101110101010001,12.553718950798356,9.765625e-05
01011101001100111100,24.656679027584882,9.765625e-05
10110101111000110101,16.141081839104302,9.765625e-05
00010111101111100110,29.773434358871633,9.765625e-05
10011110101010010001,19.871761476194123,9.765625e-05
10111000000111101001,31.15786717205663,9.765625e-05
10001010111110101000,41.621518085070605,9.765625e-05
11000101110011010011,19.22942612775085,9.765625e-05
00001100011010111110,32.86670994521402,9.765625e-05
10110001110001101111,18.434165657090453,9.765625e-05
11011110111100111001,11.24678673484021,9.765625e-05
10011110011111001111,24.20642526916034,9.765625e-05
10001101110010010110,19.47410463418084,9.765625e-05
00000101111000000110,33.871431886679744,9.765625e-05
10001110001001100011,28.358083881206475,9.765625e-05
10110100111111111011,23.06714173529305,9.765625e-05
01011011110101101101,17.989977191347844,9.765625e-05
10101011011100111110,47.96648899619492,9.765625e-05
11000110001000010110,18.988673689708264,9.765625e-05
00011001101010011110,31.903326254990496,9.765625e-05
01000011001000011000,16.55063934562142,9.765625e-05
10011001111101001011,22.050166211044456,9.765625e-05
10001000110100111100,48.11259251834788,9.765625e-05
00010010011011110000,32.57497305822964,9.765625e-05
10001000111100111100,49.75950783581128,9.765625e-05
11010100000110010001,10.886173338988883,9.765625e-05
01111110001101010100,21.018876556376064,9.765625e-05
11011001000110010101,17.296634038619565,9.765625e-05
11000110101001001011,20.487241525756232,9.765625e-05
01010000110001010110,27.495008114881465,9.765625e-05
01100111000011001100,18.07390109787218,9.765625e-05
10110010110010101101,28.169063785949398,9.765625e-05
10111101111011110101,15.016765237297157,9.765625e-05
10110101110011100011,16.883073746920175,9.765625e-05
10110111011100011001,19.71434372934982,9.765625e-05
10011101111100101001,14.14420371999987,9.765625e-05
11111110101011101110,24.32134064514912,9.765625e-05
01001110110000110000,14.720554596352203,9.765625e-05
00111010010101111000,42.68106155177234,9.765625e-05
10001010001101110001,54.58068328352499,9.765625e-05
00110001000110111011,27.852379913742478,9.765625e-05
00010011011000111001,23.074234328130405,9.765625e-05
01111101001101000111,14.723064102469102,9.765625e-05
00010011011001001001,17.052989721232205,9.765625e-05
10001111001100100101,23.61113204689788,9.765625e-05
11010100010000001010,14.363774402289181,9.765625e-05
01101000011110110111,33.02755521394338,9.765625e-05
10001010000110010001,50.33592375648023,9.765625e-05
11011101111010010110,20.61715309905609,9.765625e-05
10101111010101101110,38.33367124318818,9.765625e-05
11010010011101010100,21.716440910896026,9.765625e-05
11000110000010110000,14.04382897248351,9.765625e-05
10011101000001111101,16.86943246408707,9.765625e-05
00101001001101100000,21.97014712360881,9.765625e-05
10100100000110010110,28.058193775968608,9.765625e-05
11011000101001101100,17.83778911290721,9.765625e-05
11011011111100111000,16.327060545641604,9.765625e-05
01101111011111010100,16.200994668156575,9.765625e-05
11011101100111011111,17.970118065497946,9.765625e-05
11011101100110110110,20.67236615586628,9.765625e-05
10000000010101111100,54.621801251729366,9.765625e-05
00110100111010110111,29.08351677941514,9.765625e-05
00001011100011011001,27.022438078479986,9.765625e-05
01111000000101111001,23.273681180899846,9.765625e-05
01110111001011000100,25.10845926451755,9.765625e-05
10010100010101010010,16.625873385048163,9.765625e-05
10111010011110000010,38.59732845095249,9.765625e-05
11100101001110011101,19.085215235436323,9.765625e-05
10110101001101000110,15.48723881573369,9.765625e-05
11110000011001110001,15.165749309251757,9.765625e-05
00010110001011101011,27.444139948430628,9.765625e-05
11000010101111111000,30.58100557572603,9.765625e-05
11001101000101101000,13.10127869124284,9.765625e-05
00001011010110101100,26.69547965616045,9.765625e-05
10101011101100101101,38.59984652729081,9.765625e-05
00011001101001111110,31.787926899346054,9.765625e-05
11000100111010010100,19.85539060009688,9.765625e-05
00111000010110010100,29.311978152638765,9.765625e-05
01010000011100000000,16.716203758666758,9.765625e-05
10010011001100110010,23.76388113698763,9.765625e-05
11100101100011000110,16.913623501607766,9.765625e-05
01000111100011101110,27.661818441035308,9.765625e-05
10110001001011110100,22.358274697707323,9.765625e-05
01111101000010110000,29.181969952392755,9.765625e-05
11110010000101010001,29.457820982463694,9.765625e-05
10000101101111111100,30.42456369497223,9.765625e-05
01001000001101011011,34.71462336443778,9.765625e-05
11101000101100011111,29.959847166969,9.765625e-05
11100000010110111101,35.53429438829852,9.765625e-05
10011100111101101001,14.010508698052075,9.765625e-05
11111100001010010010,17.616169315390056,9.765625e-05
01011101111000011100,25.08535814944305,9.765625e-05
01001001101010011011,31.533946471590397,9.765625e-05
11010001111010100001,24.535245375142818,9.765625e-05
11111010010011101011,32.51000096571595,9.765625e-05
11110000000100000110,13.202254435326887,9.765625e-05
01010000000001110010,25.959847166969,9.765625e-05
11111010101111100000,26.360253083083713,9.765625e-05
10011000111110111100,33.877052471839725,9.765625e-05
11110111101000001010,34.59332106768305,9.765625e-05
01101001010011110010,18.09023928632073,9.765625e-05
01111001011010010001,13.710521231446979,9.765625e-05
10010111010010010100,18.905317857974648,9.765625e-05
11010101100010001100,34.331212311759906,9.765625e-05
00110111000011011100,18.812327952013316,9.765625e-05
11000100100100011101,14.55470868179048,9.765625e-05
00001101101111000011,21.086455837672787,9.765625e-05
00011100100111100111,21.244754314139747,9.765625e-05
10010100010100101101,16.155783110151173,9.765625e-05
11100111011111001010,20.064392541178755,9.765625e-05
00111011011101100111,24.954149571495208,9.765625e-05
01111100011100110000,5.809966143494188,9.765625e-05
01011110100101100010,18.428057735368057,9.765625e-05
01010000000101010001,20.11185931165893,9.765625e-05
10100111001000110010,27.11507987143296,9.765625e-05
11110011110000000100,14.572299241762785,9.765625e-05
00001111010001001010,16.66196313434327,9.765625e-05
11010000110110101111,26.0863562172332,9.765625e-05
00010000110111011101,53.19406522077614,9.765625e-05
01000111111111101000,26.506339943185303,9.765625e-05
01010010100010000011,21.890676885481398,9.765625e-05
11010001010111100010,18.069156241921917,9.765625e-05
10100101111010101011,27.356347110351464,9.765625e-05
10110111101011110111,22.961490238427167,9.765625e-05
10111000001000000110,25.300414690117766,9.765625e-05
10010011000100101001,16.163010008314476,9.765625e-05
01110101111000001111,26.867866011047095,9.765625e-05
01000001110100001001,30.002151521977357,9.765625e-05
00001111000100111000,17.14956675216835,9.765625e-05
10010110111101001011,20.06628119929257,9.765625e-05
00101111000111010100,24.509276291420406,9.765625e-05
00001011101100111011,34.05015735780523,9.765625e-05
01101111111010000111,17.368000300135037,9.765625e-05
01001000001110111001,32.485745253650514,9.765625e-05
11110101010110101100,19.63812757139942,9.765625e-05
01001110111101011101,23.313873063185746,9.765625e-05
10111111000001000000,46.318776124319,9.765625e-05
11111101000111110101,20.439636489065315,9.765625e-05
10010110010010010001,16.55408279513678,9.765625e-05
11000111101011011010,20.23596209494383,9.765625e-05
10110000011011010000,27.465197808476166,9.765625e-05
11100001010011001010,18.188233195021184,9.765625e-05
01001000110010110001,28.76827620980134,9.765625e-05
10101110000000100010,42.4801683704838,9.765625e-05
00110010001011111101,34.60801371920931,9.765625e-05
10100111011010100111,28.85751306396337,9.765625e-05
11100111011000011110,20.234524407581514,9.765625e-05
01101010110110100000,30.62337123634014,9.765625e-05
01101000001100011101,30.566025306045262,9.765625e-05
01000100100100001101,26.857311211438322,9.765625e-05
11110000110111001000,14.12612627400567,9.765625e-05
10001001111100101100,28.282793732887164,9.765625e-05
00101011010100101110,37.47506186261849,9.765625e-05
01000111100111100110,23.52920588163201,9.765625e-05
00011000010010001110,26.080773739766997,9.765625e-05
11111111010010001101,38.8339143211535,9.765625e-05
11000100100010010011,19.3811911399073,9.765625e-05
01100000111100001001,31.526732791034856,9.765625e-05
01111000010100000010,11.313898763980209,9.765625e-05
10000001110000100111,30.386231852843082,9.765625e-05
11010000100101001000,15.001197825110518,9.765625e-05
00110000111000000111,24.67488060225712,9.765625e-05
00111100010111111000,17.596063078642864,9.765625e-05
11011010011110111110,20.72402395380209,9.765625e-05
01111100100111011011,12.860881783125155,9.765625e-05
01011010011110010001,16.442431490469048,9.765625e-05
11111011110001110010,28.119769957638077,9.765625e-05
00010110001101110010,22.76009768833969,9.765625e-05
00101111101011011101,19.829569039308176,9.765625e-05
10010000111001011001,33.93426963645695,9.765625e-05
01011011100011000101,18.374530760155736,9.765625e-05
10111010000101000100,56.66478040293768,9.765625e-05
00011011111101001000,18.791594065503038,9.765625e-05
10100001100010111110,28.677132468255316,9.765625e-05
01100001101001001000,20.49788939910416,9.765625e-05
10101001011101110100,39.749668024461094,9.765625e-05
10010010110011111111,39.6079427275666,9.765625e-05
10100000010110110001,50.952351261315826,9.765625e-05
01010000001100110010,28.90375683581958,9.765625e-05
10110100000110101110,20.71828782057222,9.765625e-05
10111000110010001101,28.853373176305407,9.765625e-05
10100010010101101000,53.66416067075012,9.765625e-05
00010000000001011000,28.155783110151173,9.765625e-05
11110101111010010001,19.12067556650693,9.765625e-05
00011110011011100001,13.878204282520745,9.765625e-05
01000111101111001010,28.141508055564838,9.765625e-05
01010011011011110101,19.483280586978594,9.765625e-05
01010000100011101000,37.66972348187516,9.765625e-05
11111011001010100010,33.03427156638281,9.765625e-05
00000101011010111011,43.93282769394258,9.765625e-05
11001101000000000010,20.597421524691647,9.765625e-05
00000110111100000111,37.044774648455764,9.765625e-05
00000011010101001000,23.937809691282283,9.765625e-05
01000101101101101011,44.3129674543169,9.765625e-05
10010110011010001110,23.919591269054802,9.765625e-05
11101010000111010101,58.94267383401331,9.765625e-05
01010100101001001011,38.40258752489127,9.765625e-05
11001111111100010110,17.354667074046702,9.765625e-05
01010010010101100010,20.73711275737948,9.765625e-05
01010110000010101010,28.09148936745409,9.765625e-05
01010101011010010001,30.61149618550357,9.765625e-05
00010100011010110011,34.12664771995869,9.765625e-05
10111100000100011100,25.25218784767081,9.765625e-05
01001101010000010110,11.487626815737059,9.765625e-05
01110111110010110100,21.133199701909177,9.765625e-05
10100011010001000100,35.46622323140679,9.765625e-05
11100001001000000010,15.711838772652246,9.765625e-05
10001000011011000001,42.2087061932694,9.765625e-05
10001011000001111000,29.79082961837134,9.765625e-05
10001111011101000011,26.276208306821076,9.765625e-05
10101010110000110011,59.74229744004197,9.765625e-05
10100001101111100001,30.197984618256214,9.765625e-05
01000001001001010010,25.26998465152492,9.765625e-05
10110110010100110100,28.603068752207207,9.765625e-05
01110001111110111011,31.64818893944384,9.765625e-05
11010001001111110000,22.51895027427932,9.765625e-05
00011110011101111001,18.037855170583192,9.765625e-05
00011111000110010110,16.669494644807735,9.765625e-05
10101011110100110111,52.42427084227651,9.765625e-05
01011011110000000010,17.461614117148592,9.765625e-05
01100111001101110011,19.530852288770404,9.765625e-05
11110000110011100010,14.427803735583556,9.765625e-05
01110111100111000110,20.599602311510278,9.765625e-05
11010110010000110011,14.899368004599218,9.765625e-05
00001111000001001001,16.270941879962564,9.765625e-05
00011100011100001001,12.400091530649396,9.765625e-05
01011000100111010011,24.308726782484293,9.765625e-05
00010100111111100100,40.86538688599666,9.765625e-05
11011111011100010111,21.614023311424802,9.765625e-05
10110100000001111111,20.643673720473082,9.765625e-05
01000110011000001011,21.229796213682622,9.765625e-05
11100000010000001110,20.82373067399285,9.765625e-05
11111010001010101011,27.72401779933594,9.765625e-05
10100000100010001010,30.01698689121011,9.765625e-05
11110001010000000100,10.268135766247248,9.765625e-05
01001001101110001000,26.65473623617997,9.765625e-05
11101011101000101000,26.670812186013002,9.765625e-05
11010011110101111000,11.673484026878377,9.765625e-05
01010101000011111111,40.408188737977326,9.765625e-05
01011000011001110100,18.043758715261866,9.765625e-05
01010000011000011001,23.30947247235994,9.765625e-05
10001010010111000100,58.96171624586884,9.765625e-05
11110110111000110101,14.844154947789026,9.765625e-05
11011111010011011111,19.768811906992816,9.765625e-05
01101110010011111110,24.30910591799897,9.765625e-05
11011101010001110001,13.526705512225227,9.765625e-05
00111001110011101001,20.890509081388657,9.765625e-05
00010010100001011110,34.00418749588482,9.765625e-05
01101000101001110111,28.221946149727984,9.765625e-05
01110000110101001001,18.087222787686965,9.765625e-05
11010000111110100101,24.62580936941987,9.765625e-05
11001000100110111010,24.029745567195757,9.765625e-05
00110100001011011101,23.18822621900677,9.765625e-05
00100111111010001100,20.1988740923547,9.765625e-05
00000100010011111000,37.877052471839725,9.765625e-05
11110100110011010100,10.002395650221032,9.765625e-05
01001110011100111010,17.383468630412573,9.765625e-05
10110011010000011001,26.305092293136187,9.765625e-05
10111011010111101101,37.93913817013508,9.765625e-05
01100100011111110110,26.827089914257737,9.765625e-05
10100000001000101000,28.60551936847363,9.765625e-05
01010111001110111110,33.090239286320724,9.765625e-05
11111010011110000111,32.32602001662896,9.765625e-05
11001100001111101000,13.309192750144785,9.765625e-05
11111100100110101000,15.293833432076532,9.765625e-05
10010011011000001110,19.404106624354313,9.765625e-05
01100110111001110110,22.118128981384583,9.765625e-05
10111100000101000000,21.66608128209157,9.765625e-05
11001100101011010101,14.741288679162725,9.765625e-05
00100111010101010101,23.17240874209017,9.765625e-05
11101111010101110100,35.49491148793532,9.765625e-05
01110110001100110110,18.103761467876947,9.765625e-05
10011111010000100100,26.465364681847596,9.765625e-05
10011100111100000011,12.454033060683821,9.765625e-05
11000000001010000011,26.80238683929899,9.765625e-05
01001110000101100111,20.968001119643553,9.765625e-05
01100010101101110101,37.615161496071934,9.765625e-05
10111000000001101001,29.904199067037617,9.765625e-05
10111000101100111110,26.784235877143413,9.765625e-05
00110101111100000110,16.373682827354816,9.765625e-05
00111000100011001001,24.612761285182117,9.765625e-05
01011101001101110101,15.946618980955684,9.765625e-05
00111100111110000000,8.670683420335347,9.765625e-05
10010001101010010101,28.494102506012613,9.765625e-05
00010001100010010011,35.178886200827144,9.765625e-05
01111111101011000100,26.060845178243724,9.765625e-05
01001110000001001000,17.297951579824833,9.765625e-05
10010101010101110000,12.143243047118617,9.765625e-05
01110010000100001000,15.714649799653301,9.765625e-05
10100110000111010001,36.0912459844713,9.765625e-05
01101101001100110101,14.56351171903071,9.765625e-05
11000111101111001010,20.606295575210773,9.765625e-05
00010010000010101001,22.975742818682775,9.765625e-05
10000001000000111010,25.17090183154656,9.765625e-05
11011101010001001000,19.77425728198334,9.765625e-05
01100011001000100001,21.508331546169455,9.765625e-05
00110111011111010101,12.707456215501235,9.765625e-05
10001110010100110000,34.05925304060112,9.765625e-05
00110111001000001100,22.079073286508155,9.765625e-05
00010111101101000000,17.51519252642584,9.765625e-05
10111000011111000100,34.90009060532627,9.765625e-05
10111011010010000100,39.4653823725873,9.765625e-05
01110011111111011011,18.667028981923494,9.765625e-05
10000101000100110101,17.704279896250945,9.765625e-05
01010000101001101000,38.48322790089344,9.765625e-05
11110010101010111110,20.442543408591458,9.765625e-05
11100100110101100100,14.654736236179968,9.765625e-05
11000111110101111100,9.340538377910702,9.765625e-05
00001100001010111110,29.070829927869944,9.765625e-05
11101000000101111111,39.840371499141085,9.765625e-05
00100000001000100000,28.006269669725654,9.765625e-05
01101010010111100111,44.94902804508472,9.765625e-05
11010100111111011011,23.44791362391441,9.765625e-05
11111100001110010110,14.457806823294806,9.765625e-05
00011100000010011111,20.487241525756232,9.765625e-05
00000001110110110100,46.53745186316556,9.765625e-05
00011111010100001111,16.087442211348502,9.765625e-05
10011000000000111110,26.132627763452362,9.765625e-05
01111110110011010001,15.692296567626151,9.765625e-05
00100000001011011011,47.629036192423435,9.765625e-05
01100111001000110000,21.847905512488033,9.765625e-05
11011100111010110100,11.263429017990763,9.765625e-05
11011010001111011011,26.24667148103758,9.765625e-05
10110100010110101101,18.97574281868278,9.765625e-05
00001000010001100001,39.8596455560536,9.765625e-05
11010010000010000000,14.554436953438248,9.765625e-05
11001010101100011101,33.54595997414159,9.765625e-05
11000110111010111001,18.660957094326385,9.765625e-05
01100101001101000110,15.151418124136661,9.765625e-05
00000101001101111011,35.50077361132928,9.765625e-05
01110011000001010000,18.505512301973575,9.765625e-05
00000100011000100000,29.293830634926792,9.765625e-05
10111011111010000111,27.580490676473445,9.765625e-05
10001101100001001100,14.81906378569971,9.765625e-05
10100001011111010000,34.21626779053306,9.765625e-05
10101000100100100100,39.322994653916155,9.765625e-05
10000100101111001000,30.32542934255227,9.765625e-05
00011100010100000001,8.002151521977359,9.765625e-05
10110100100101011011,12.830526180618627,9.765625e-05
10101001001000010011,31.269701484866157,9.765625e-05
10010010010000001000,18.766381299254355,9.765625e-05
10011110001000110001,22.638738575302977,9.765625e-05
11110011100101110101,19.368000300135034,9.765625e-05
11100111001001010000,22.891897799740505,9.765625e-05
00101001010100110011,34.15803769701173,9.765625e-05
10000010000110111111,49.691680279882206,9.765625e-05
00111000000101000111,27.40960124098638,9.765625e-05
11011100100110111111,13.470038018874144,9.765625e-05
11000101110000000100,12.136129710583916,9.765625e-05
10000111001001110100,18.327060545641608,9.765625e-05
00001101000111111110,20.755373026011608,9.765625e-05
00001001000100011110,28.611789038199284,9.765625e-05
00111000111111001100,31.81593028099374,9.765625e-05
01010110000111101000,19.151418124136658,9.765625e-05
00011111110000101010,21.46256781401543,9.765625e-05
11111111011001011100,33.10200948217651,9.765625e-05
01011001000101101100,18.90079819834796,9.765625e-05
10010000100100011010,26.279671851991594,9.765625e-05
00000000000110000011,43.40252621928551,9.765625e-05
00111110101111000000,14.576897201141893,9.765625e-05
00001010001011100010,33.15046017211777,9.765625e-05
00100111010111010110,21.662669083858773,9.765625e-05
00101010010100011111,66.63755042003757,9.765625e-05
11101111111011000010,23.389090320548263,9.765625e-05
00111100010101010110,17.283121543100307,9.765625e-05
01101100111011011111,20.091967116356223,9.765625e-05
11110010000011011101,26.541360458383494,9.765625e-05
10110011110011001011,19.409256681185006,9.765625e-05
01001100111011011011,26.10934114819341,9.765625e-05
11111000111001111100,17.166725909763315,9.765625e-05
00000010011011000000,38.38432372468833,9.765625e-05
01010011111100110011,26.48912050867291,9.765625e-05
10010010110000101100,22.621129056378905,9.765625e-05
10100111010001000000,26.921670732873096,9.765625e-05
01110111011110101010,24.85745528992842,9.765625e-05
11001010100101011001,36.84448340529603,9.765625e-05
00111000000101010110,29.64087311393005,9.765625e-05
11011111111101111000,15.354657388009741,9.765625e-05
11010111010000111011,21.540659292459033,9.765625e-05
00000101101110110011,46.2047301596592,0.0001953125
11010001010101101000,12.13942128363684,9.765625e-05
10111001101000001101,20.720209166334726,9.765625e-05
01100110001000110010,19.402518312549788,9.765625e-05
11011011010100000011,25.648475616037224,9.765625e-05
10110011011101010001,28.763052782991025,9.765625e-05
10000011001100100001,26.214455544107032,9.765625e-05
11011001010001101100,11.91294850910757,9.765625e-05
11000100111100011001,19.000314309177938,9.765625e-05
01101111010000110100,24.97028213087981,9.765625e-05
10110111111100001111,17.04999036442095,9.765625e-05
10011000111110100100,26.780432762154298,9.765625e-05
00001001010001010001,28.135630858974487,9.765625e-05
01100101100001110000,18.213565862868485,9.765625e-05
01011010000111000000,17.996832839096,9.765625e-05
01010111000000001010,35.455097609156724,9.765625e-05
11000101100110011101,19.337354260688066,9.765625e-05
10010010010101011100,35.77944719918703,9.765625e-05
10110111110100011110,18.960399439084647,9.765625e-05
00110001001001110110,22.069156241921917,9.765625e-05
00011110000100010010,16.439665547176183,9.765625e-05
11110011001110100100,21.174348812632726,9.765625e-05
01110101001100110110,24.667641493538195,9.765625e-05
10010000100110111101,35.689781837764414,9.765625e-05
11110111000000010000,38.10585414930301,9.765625e-05
11101101000001001010,25.324347887059915,9.765625e-05
01011001000100010100,14.778933121892361,9.765625e-05
11000011111001101101,18.192344366755066,9.765625e-05
00000011100011000111,28.257687796811098,9.765625e-05
11100111011011110111,21.06257081585583,9.765625e-05
00011001000010001000,19.267181334959343,9.765625e-05
10001101100000110000,14.480977079775416,9.765625e-05
01001100110111010100,18.433354972607013,9.765625e-05
01001010010110000000,23.574813139236436,9.765625e-05
11010000001010111011,27.72776649760651,9.765625e-05
10010011000011000000,16.35738575088984,9.765625e-05
01111000110000011111,16.97574281868278,9.765625e-05
11110011111011111101,15.999327189831682,9.765625e-05
10111010000010001010,38.65944579242601,9.765625e-05
10010111000110010000,17.983412780861855,9.765625e-05
10010010000100011010,25.825333455425366,9.765625e-05
11111010010101111110,40.823126232981565,9.765625e-05
10111101101000011100,22.77868628362614,9.765625e-05
00101000100010101110,36.09173620572031,9.765625e-05
10010010101110000011,28.06628119929257,9.765625e-05
11000000010010011011,28.386231852843082,9.765625e-05
01001001010101101110,22.14665433626629,9.765625e-05
10011000000010001001,21.09246596796565,9.765625e-05
11111010000100001000,39.83427389950004,9.765625e-05
01011100101010011000,24.97427151295046,9.765625e-05
01111011100000001110,25.1486573883968,9.765625e-05
01001010010111001011,35.085450608364354,9.765625e-05
10011111001111101001,15.752520250572928,9.765625e-05
00100000101101011101,55.26984964425391,9.765625e-05
01111110101110000010,15.999870597868298,9.765625e-05
11100010001110010100,32.06988600416726,9.765625e-05
00011110000010110100,18.611505871540523,9.765625e-05
10101110001111000011,40.344280285261085,9.765625e-05
10000101010000111001,19.432422721382572,9.765625e-05
11110100100000111010,15.546521197873123,9.765625e-05
11101111010111111100,28.665782187802513,9.765625e-05
01001111010010001001,16.353746261128798,9.765625e-05
10011110101111000111,22.31716743338842,9.765625e-05
00000010101000000110,38.28748652911482,9.765625e-05
11001100001111000001,13.899651171257975,9.765625e-05
00111011100010011010,22.72856913955918,9.765625e-05
00011111110111101101,13.772399042763997,9.765625e-05
01100011001100111001,24.91751272516145,9.765625e-05
11010011101010001110,23.308740734513123,9.765625e-05
01101000011111100010,27.896753959404975,9.765625e-05
00111011010101111010,29.202776827783396,9.765625e-05
11100111101001010011,19.946962718799128,9.765625e-05
11010100000111000001,12.362456861083917,9.765625e-05
11011010010101000000,28.276520618717903,9.765625e-05
01111100001101110010,8.791487665392726,9.765625e-05
01101010011101110000,40.7880646166396,9.765625e-05
00101110001110010000,25.507640626038956,9.765625e-05
00011110011110101001,13.044491481797012,9.765625e-05
11101000011011010100,32.579168439213994,9.765625e-05
00100111101010110001,22.659645794714464,9.765625e-05
11110101110101110001,9.06861926098253,9.765625e-05
11011100010000110000,7.944746152505154,9.765625e-05
01001101000110100000,17.625917734335285,9.765625e-05
11000001000010101001,21.135470939981282,9.765625e-05
00000011111000100010,30.935998386417385,9.765625e-05
11010101111001110000,22.404871256989882,9.765625e-05
10011110011010101000,17.6315712034442,9.765625e-05
10000100100010000111,29.160138410128734,9.765625e-05
00001101101111011001,24.36997235679088,9.765625e-05
10100011011000101110,30.165820300894467,9.765625e-05
10011001110110110101,22.14567773575473,9.765625e-05
10111000010101101111,38.99530211582255,9.765625e-05
00111101010010010110,16.087442211348502,9.765625e-05
01111010100000111110,24.31669937052324,9.765625e-05
11010010001111110011,26.51569890412485,9.765625e-05
00111000001100010011,20.442431490469048,9.765625e-05
01001010101010000101,24.5371171640652,9.765625e-05
10011011111100111101,25.906100219177944,9.765625e-05
11000110001110111000,15.759377404991245,9.765625e-05
11111000001101111011,21.561543313958538,9.765625e-05
01011110100010101000,22.399844692383176,9.765625e-05
01010010110111100111,30.7662989780685,9.765625e-05
00001100001110010001,20.006583978903592,9.765625e-05
00010110000010101011,23.087371219705794,9.765625e-05
00000000000001111000,43.3364662445919,9.765625e-05
10101110011010000011,40.3301959384122,9.765625e-05
10010010000000010110,29.313898763980205,9.765625e-05
11110100111100101010,11.358689340066277,9.765625e-05
01111110111110101111,14.234363052222182,9.765625e-05
00111011100001111001,27.368000300135034,9.765625e-05
01011011001101010000,18.457806823294803,9.765625e-05
01111001010111001000,16.781913841050773,9.765625e-05
10001111010010100000,21.32617086440306,9.765625e-05
11011010000100111000,22.64598930783231,9.765625e-05
01011111011111010011,12.243866706469692,9.765625e-05
11110010011101000100,24.84781036518038,9.765625e-05
10000000011111010000,52.91251000576059,9.765625e-05
10111000010100011101,42.17181815514069,9.765625e-05
00111011011110010100,23.53113971058122,9.765625e-05
01110110101100111100,18.388158705777872,9.765625e-05
00101011000010101100,28.84916630834667,9.765625e-05
11101001110101111101,27.604773678597983,9.765625e-05
11001010101110111011,30.505446741215767,9.765625e-05
10111010010111011110,56.320329174247334,9.765625e-05
11000001011111000110,24.198961218767774,9.765625e-05
01000010010101011010,33.53429438829852,9.765625e-05
01001101111001011100,16.910636540856004,9.765625e-05
10010000010101011110,37.27171872315376,9.765625e-05
00110100011000010101,14.537117164065203,9.765625e-05
10010110001110001110,22.718287820572215,9.765625e-05
01010110101111110101,25.086455837672787,9.765625e-05
00100011111111001000,28.571605932865214,9.765625e-05
00100110010110000110,30.130874134245733,9.765625e-05
11000101110010110000,18.513312732800713,9.765625e-05
01110100001001000000,14.955193496283627,9.765625e-05
01010010000000000001,14.000950986844298,9.765625e-05
10011001011100011001,21.80453836127635,9.765625e-05
10011011100000110001,25.800217724548958,9.765625e-05
01100000110010111001,35.47774683396443,9.765625e-05
00110101110101101101,17.73632875267,9.765625e-05
00101101000001010100,16.558207184478427,9.765625e-05
01000001101110110111,48.80992273576819,9.765625e-05
10101101111010000100,19.757596263212918,9.765625e-05
00111110101100110010,16.579790157842837,9.765625e-05
11000000010101111110,35.69581435526081,9.765625e-05
10110110010000110110,29.80717904882618,9.765625e-05
10111000000110111010,28.141081839104306,9.765625e-05
10110001011101101110,20.32645936357005,9.765625e-05
11101011011110001010,30.906505997048217,9.765625e-05
01110101000100111001,25.444386765060656,9.765625e-05
10101010000101011110,73.32652949583647,9.765625e-05
00100001001110000101,28.06725779980413,9.765625e-05
10010001100000111110,26.666970963330115,9.765625e-05
00111111010010010000,24.308939757412418,9.765625e-05
10010001101010111110,38.410087816549165,9.765625e-05
00011010000000101000,21.706185303543332,9.765625e-05
10011100011001101001,13.351972144032736,9.765625e-05
00011011011011100010,16.154712418051943,9.765625e-05
01010010100011010000,19.577802810010738,9.765625e-05
11010011011010101010,19.151395954913006,9.765625e-05
10110111011000001110,24.951066396919437,9.765625e-05
10010001010000101001,16.139421283636842,9.765625e-05
11100100100100001010,12.993282803966455,9.765625e-05
11001011001100111110,21.82316080910452,9.765625e-05
10001101111000011100,19.25525122011036,9.765625e-05
10000100001111111011,37.59794550600315,9.765625e-05
01110111000101001100,21.30701988049205,9.765625e-05
01000010100111110111,43.74864083306906,9.765625e-05
11011001111000110000,13.127919039594396,9.765625e-05
00011110010101101001,16.32411180134701,9.765625e-05
01011110010010110100,12.611505871540523,9.765625e-05
10010000100001100110,28.50817063096393,9.765625e-05
00110110100010100110,22.996029375185408,9.765625e-05
10010111001000010110,27.018876556376064,9.765625e-05
10001010001000010101,50.32926432364181,9.765625e-05
11001010011000100011,30.09782827655288,9.765625e-05
01111111110010010010,23.529244076452983,9.765625e-05
00010011011110010100,20.130328103723436,9.765625e-05
10111101110100011101,18.51613998169933,9.765625e-05
00000000010100111100,56.238675352151546,9.765625e-05
00000000011000100101,49.52237124946395,9.765625e-05
01101010110101000000,38.22046317151741,9.765625e-05
01001110000001001111,20.66196313434327,9.765625e-05
10000111110111100010,20.421331784018864,9.765625e-05
11010001101110111011,36.04069834711211,9.765625e-05
10110010001010000001,26.82210852048642,9.765625e-05
11110001000111101110,19.07472258461776,9.765625e-05
01001110000110110010,14.124712018727049,9.765625e-05
10001100100111111001,24.29852615201681,9.765625e-05
10001111010000111001,24.82316080910452,9.765625e-05
11111000100001110011,18.51764866070436,9.765625e-05
11001001111100111101,22.02974556719576,9.765625e-05
01011010011100100101,18.828665846194607,9.765625e-05
11110111011011100010,27.05606128387838,9.765625e-05
11100110110101011100,21.91690070340938,9.765625e-05
10001000000110111110,42.689255277283046,9.765625e-05
11011111100000010101,29.98663156133466,9.765625e-05
01111010011010110111,20.528263944370618,9.765625e-05
00000100000100111000,28.53022403428095,9.765625e-05
00110101001000000110,21.411125722666483,9.765625e-05
00100010011100100100,46.42207747389451,9.765625e-05
00110011101101110111,24.372515519105796,9.765625e-05
01111111011100010101,20.046473398744205,9.765625e-05
11000101101001010010,21.012256172792547,9.765625e-05
11001101010101000000,11.716816514839895,9.765625e-05
00110001001111100010,22.49175403470445,9.765625e-05
11000010100000010001,20.32644778946847,9.765625e-05
00001100100011110011,26.733432373614736,9.765625e-05
01100111001001010000,15.983412780861855,9.765625e-05
00001110011101101100,31.397897438686147,9.765625e-05
01101010111011011001,35.35449124905938,9.765625e-05
10110110111010101001,18.11210968149595,9.765625e-05
10110101101101111111,17.478671472720404,9.765625e-05
00110110000001110111,23.2027768277834,9.765625e-05
11011011011110010100,18.110391537497414,9.765625e-05
01110001010101010110,11.446979386248682,9.765625e-05
00000000001100011000,44.20321157663734,9.765625e-05
00010100101001101100,40.48322790089344,9.765625e-05
01101111100000100111,26.046473398744205,9.765625e-05
00000101011110111100,39.83410527385904,9.765625e-05
11110000101101000010,12.975742818682779,9.765625e-05
11000111110110110000,13.136044570612132,9.765625e-05
01101111011111011001,18.788587743517184,9.765625e-05
01010000000010110100,25.029794378774994,9.765625e-05
11110101110101001000,12.23170787340818,9.765625e-05
00010000001011011001,40.32027682025747,9.765625e-05
00011010101011100001,26.211153375932028,9.765625e-05
11001111011001011000,17.16780837230781,9.765625e-05
10110011001111111011,26.940400218013945,9.765625e-05
11010111110001001100,15.182180151807323,9.765625e-05
10011110110010101111,20.69134558078185,9.765625e-05
00000011101001001110,28.981305629807807,9.765625e-05
00100101000010000000,18.144810958160907,9.765625e-05
10111011110011001000,29.07664393038027,9.765625e-05
01101110011010100010,18.155778942126318,9.765625e-05
10011000101011101101,30.40112499611078,9.765625e-05
01001001110000110011,22.836626158186917,9.765625e-05
11110000101111110001,20.308726782484293,9.765625e-05
01011101000011101110,31.0800110557447,9.765625e-05
00001010110001101111,52.920142719622184,9.765625e-05
10001001111010011110,32.2460843385317,9.765625e-05
00100111110100000001,17.46813062514046,9.765625e-05
10001010101110000100,41.42207747389451,9.765625e-05
00100001010110000100,26.700088770418645,9.765625e-05
00011000010011111001,32.94053930618261,9.765625e-05
11100010101011000010,25.690571262109323,9.765625e-05
11100100110111001110,20.06620375891645,9.765625e-05
00100001010010111110,36.12082996748803,9.765625e-05
10000000001101001111,51.09329089915484,9.765625e-05
10001000110001000000,36.01183872244404,9.765625e-05
10010011010001011010,20.355464405127332,9.765625e-05
00111000100000011001,23.692663121987117,9.765625e-05
01000011100110010011,25.413416762874803,9.765625e-05
01110010000000011001,17.954840072403222,9.765625e-05
01001101001110101100,22.102262474908876,9.765625e-05
10011111111001001111,20.064392541178755,9.765625e-05
00011110111001011110,24.374636524221657,9.765625e-05
10011101111100100110,15.81937809487765,9.765625e-05
11101100001001000010,17.696504344670004,9.765625e-05
10101000011001011110,54.02286593844671,9.765625e-05
01110101010101000100,11.29472040329254,9.765625e-05
11110010101111110101,25.0690818058356,9.765625e-05
00001011000011110111,28.675924233526594,9.765625e-05
00111011111011101101,21.436966263633487,9.765625e-05
10101001000010011110,32.517049122138985,9.765625e-05
01010011011100000001,13.606707507547188,9.765625e-05
00000010101101010001,49.44084557822796,9.765625e-05
01010000110000110001,24.263708740205914,9.765625e-05
01101010010111101111,45.34691027972181,9.765625e-05
00010110010100100001,13.474104634180843,9.765625e-05
10110000100000111110,24.292808743566983,9.765625e-05
10011011011110001011,22.671212788806272,9.765625e-05
01001101011010101011,25.24303617014121,9.765625e-05
10010111000010010100,22.415862868181257,9.765625e-05
01111000010111111110,23.62258370005986,9.765625e-05
11110010000000100011,25.02072346605226,9.765625e-05
01010010011000001010,17.448354701488896,9.765625e-05
01100101000011011001,21.069807105788826,9.765625e-05
01011110001111011011,13.742771744500494,9.765625e-05
10100110100000011100,27.895238831666536,9.765625e-05
10101100100000111100,25.524298102398742,9.765625e-05
01100010011101010001,37.21069249622133,9.765625e-05
00011100100001010011,15.787036483686446,9.765625e-05
11011100111100110001,5.383468630412574,9.765625e-05
11001100011111000101,17.361499632646265,9.765625e-05
00001010100100100110,40.34180366309312,9.765625e-05
10101101011100000111,24.844154947789022,9.765625e-05
11010111000100100101,22.253757832281593,9.765625e-05
10010101001010101101,30.622164459613735,9.765625e-05
01001101010000110001,13.474100171888725,9.765625e-05
10111110010001001101,43.83846139538486,9.765625e-05
10100111001101011001,23.916594633105902,9.765625e-05
01010011101001000000,21.848206369886487,9.765625e-05
11000100000011101111,23.772576532893694,9.765625e-05
01011011111000001000,17.645056011727704,9.765625e-05
01010110110100100110,20.202241217719124,9.765625e-05
10111000001001000110,28.658715001492347,9.765625e-05
10110000100100110011,22.329826488934472,9.765625e-05
10011101101011001101,20.50850197274788,9.765625e-05
01010001000001111111,31.729863777119725,9.765625e-05
11111001101100011110,16.661963134343274,9.765625e-05
10011100000111011010,16.3107280715054,9.765625e-05
10110100000110111001,16.252382429914178,9.765625e-05
11011100000000111100,14.284720585821955,9.765625e-05
11000001000101110100,14.671948705517764,9.765625e-05
00111101001001111111,17.03785525771039,9.765625e-05
00011011001010001110,18.60072725691346,9.765625e-05
10111100000100101000,18.879946239249122,9.765625e-05
00000111001101111000,19.34807333281877,9.765625e-05
01110101111010001100,31.1597982038561,9.765625e-05
11101010110111001101,50.84306353362864,9.765625e-05
10001011100101010101,40.16107617936527,9.765625e-05
01111110010010011111,18.881362578936056,9.765625e-05
00111010110111000111,37.34257623988278,9.765625e-05
11101001111001000000,16.072400636061975,9.765625e-05
00101010001000001000,36.72754880457836,9.765625e-05
10000110010010111010,27.07735620902597,9.765625e-05
00101111111000001100,22.000950986844302,9.765625e-05
01010000100111110011,40.70288334250839,9.765625e-05
10011100000101100100,14.53233026541006,9.765625e-05
01101101100000010010,17.00153710066185,9.765625e-05
10100001111101110110,36.10461648586532,9.765625e-05
01101101000010110000,19.847905512488033,9.765625e-05
11000110001101111111,22.76009768833969,9.765625e-05
00000000110001100000,46.27339594067259,9.765625e-05
01101101100001001110,17.63812757139942,9.765625e-05
01110100010110000101,10.002395650221034,9.765625e-05
00100101011001100101,20.54267028915328,9.765625e-05
01100111000011111010,21.627275565566205,9.765625e-05
11001111001110010101,19.193211122712704,9.765625e-05
01000100110000101000,28.57917812525095,9.765625e-05
01001000100101101100,32.43175843276784,9.765625e-05
00001101110111000001,18.16107617936527,9.765625e-05
00111100110111011011,16.318946795865507,9.765625e-05
11111011100000100111,32.91757132074466,9.765625e-05
01111111010111101110,20.21436600193868,9.765625e-05
00000111001001101000,19.092523742000594,9.765625e-05
00110010100100101101,26.912672514763468,9.765625e-05
00101110010101000011,39.23645220207743,9.765625e-05
01111010111100010100,21.135470939981282,9.765625e-05
11000001000001011110,15.803353753773594,9.765625e-05
01111001011101001111,14.401054091595272,9.765625e-05
00010000110111101110,55.785494000807546,9.765625e-05
00100011011000000001,23.884227837561426,9.765625e-05
01100011101001111010,22.423194621325365,9.765625e-05
11110011110011111111,16.92585314080812,9.765625e-05
11101101001101100100,16.75165962744525,9.765625e-05
01010010101010101001,29.903326254990496,9.765625e-05
00001111001011100111,15.878246128925387,9.765625e-05
00110101011111111010,24.71503645041774,9.765625e-05
01100011100000100111,20.88702844410446,9.765625e-05
11100110101100000010,19.567784354887312,9.765625e-05
11100010110100100010,28.62337123634014,9.765625e-05
11111011010111100111,31.35344905490436,9.765625e-05
00001011010101101101,35.9298202340519,9.765625e-05
11100000111000111011,26.58100557572603,9.765625e-05
00011001110011010001,22.30987307515321,9.765625e-05
00010010110001100001,28.32961683843709,9.765625e-05
11011010101010000001,20.241141259594222,9.765625e-05
10110110100001110101,24.15421873067969,9.765625e-05
01101101011111110011,13.280897582317746,9.765625e-05
10111111011110001111,27.30217476764815,9.765625e-05
11101111011000101001,33.18196995239275,9.765625e-05
00110011000001010001,19.32128287111417,9.765625e-05
00101000110001010000,41.871431886679744,9.765625e-05
10010011100000111110,22.128536258059647,9.765625e-05
01101001011011101001,22.845873091787563,9.765625e-05
00110100001000100001,15.092523742000598,9.765625e-05
10001001000101101011,27.906100219177944,9.765625e-05
00010101100110011000,33.49099209045524,0.0001953125
01000001101011100110,42.80801534203451,9.765625e-05
00101101000011111111,20.848731472365543,9.765625e-05
00011110110100110100,19.91125274147275,9.765625e-05
10101010001011110110,57.181224262517105,9.765625e-05
01011010110101111101,28.098901798277858,9.765625e-05
01010011110011101111,25.51818128811502,9.765625e-05
00010111110010000100,19.041630391196488,9.765625e-05
10100001101011110000,26.5063399431853,9.765625e-05
11101010001000100001,41.48453335649831,9.765625e-05
00010011011101000000,14.791594065503038,9.765625e-05
00110001100001001111,20.704173212260084,9.765625e-05
11010000101001001100,20.828397562285986,9.765625e-05
10000001101000001110,28.876105016566232,9.765625e-05
00110001111000010011,19.622583700059856,9.765625e-05
10100001010000101011,27.64087311393005,9.765625e-05
11111000101101111001,19.276491473479833,9.765625e-05
10000001011010011110,36.60383590936144,9.765625e-05
01111010101010011011,19.885004044298576,9.765625e-05
11000110110110101000,14.427640285019542,9.765625e-05
00011110000100101001,14.74507212781067,9.765625e-05
11010001000100000110,15.645056011727707,9.765625e-05
10100010110100101110,49.00118813907356,9.765625e-05
11100110101000101101,20.737530931309244,9.765625e-05
11000111100001110010,16.899368004599214,9.765625e-05
10111101101000001100,23.52784887194936,9.765625e-05
00101001001000010010,19.58670963571542,9.765625e-05
10001100101001010101,24.38283024973236,9.765625e-05
01100100111110001001,25.95839712137521,9.765625e-05
00001001000110110110,28.03134834862827,9.765625e-05
10001001101100111111,34.12196116532438,9.765625e-05
01001100101000010000,13.780107749090899,9.765625e-05
00000000100000001100,39.78329810790687,9.765625e-05
01011010011110101001,16.80018306129879,9.765625e-05
00110100000010110110,23.162939016671768,9.765625e-05
01100110110011100011,22.570128679806807,9.765625e-05
01101100110011110101,18.329826488934472,9.765625e-05
00100001100101110011,34.329739569661456,9.765625e-05
10101011101111100101,39.52128741604434,9.765625e-05
11011010011101111100,26.22002459682541,9.765625e-05
11010101011010010000,24.69650434467001,9.765625e-05
01111101001111110111,14.30879360610215,9.765625e-05
00001000001111010100,45.69581435526081,9.765625e-05
00001000111101011011,62.922810903961526,9.765625e-05
00001111100000110010,19.007209218263423,9.765625e-05
10000001011110010001,36.75757056241846,9.765625e-05
11101101001110100001,21.614032997461756,9.765625e-05
11000101000000100111,20.741359670805437,9.765625e-05
10001111110010010110,23.299444331199552,9.765625e-05
01101000110110101100,31.065164051861718,9.765625e-05
01000110110101001101,22.22787560234118,9.765625e-05
01000110100001100000,19.16809153896657,0.0001953125
11010110101110110101,17.470038018874142,9.765625e-05
00101101011010110101,19.470038018874142,9.765625e-05
10010110110001000110,22.002395650221036,9.765625e-05
10000010110100010100,47.932003486334644,9.765625e-05
00110011010100011111,22.539439112620983,9.765625e-05
00010000000001111010,36.913071229492125,9.765625e-05
11011000001011011000,18.181228430541957,9.765625e-05
10000000011011011100,53.210014048437706,9.765625e-05
11100111010101001011,23.579756316140937,9.765625e-05
00000111100111111011,27.811327626308774,9.765625e-05
11110110111010111001,13.986084621727231,9.765625e-05
11001010101101011101,38.467510892952916,9.765625e-05
01010000001111101010,41.50160279767052,0.0001953125
11101011001111010011,38.72776586115247,9.765625e-05
11010110101010001101,20.729642552520772,9.765625e-05
10100101010111110111,27.200836757240847,9.765625e-05
10010100010100110110,20.150830258049538,9.765625e-05
00101100010111100100,29.914991840833565,9.765625e-05
10001110011111010111,42.841303026784274,9.765625e-05
01000011001000111111,26.442431490469048,9.765625e-05
11000110101011000010,21.162939016671764,9.765625e-05
00111100101000011100,17.389466560946182,9.765625e-05
01101100011001101001,17.474104634180843,9.765625e-05
00101100111000111100,28.164625920227557,9.765625e-05
00010111100001001101,18.490293236557356,9.765625e-05
11110011100110010101,18.673134134568784,9.765625e-05
01001000011001000110,24.823386201728333,9.765625e-05
10000101110010111111,32.81928147872786,9.765625e-05
11001010001000100100,25.67761363996486,9.765625e-05
00101100011010010100,23.734065312570234,9.765625e-05
00000011100000111110,30.80238683929899,9.765625e-05
10100100100101111010,24.166771200611564,9.765625e-05
11011110011000010000,19.80435179992756,9.765625e-05
00100000011010010100,42.88859282357594,9.765625e-05
00000110111000111000,32.85729872825163,9.765625e-05
00001111100010111001,18.968001119643553,9.765625e-05
01010111100011100011,36.16296846701692,9.765625e-05
00011110111000101111,22.935657445723677,9.765625e-05
01000001100011100110,35.32413564655285,9.765625e-05
01001010000011011101,30.01593125652507,9.765625e-05
10000011101101101010,28.08551806843625,9.765625e-05
10111001011111000000,21.27232876930435,9.765625e-05
11110001011111010001,15.569232756974912,9.765625e-05
10000000000010101110,38.28748652911482,9.765625e-05
01000001110110100001,35.999017157895096,9.765625e-05
00100000010111100111,59.53464616867273,9.765625e-05
00010011110111111001,28.590123020067768,9.765625e-05
00111011100010001010,20.681851710538318,9.765625e-05
10011010000000100011,30.88583239829518,9.765625e-05
10000111100010110001,18.968001119643553,9.765625e-05
00100101011110001101,26.429734032961953,9.765625e-05
00011110111010011001,16.80018306129879,9.765625e-05
10110001100110010110,19.76178375909774,9.765625e-05
01001111001111000001,13.871751790157166,9.765625e-05
00111011011111100010,18.64917458953831,9.765625e-05
00001110101110100110,26.09464956318349,9.765625e-05
11001000010101101001,30.650858685104538,9.765625e-05
10000001101000101010,30.805602822622046,9.765625e-05
01111111000100110000,33.526301464988336,9.765625e-05
00111111011101111111,18.108328306416503,9.765625e-05
11011111000111001110,25.24023294070284,9.765625e-05
11010000000111001000,16.941586898336876,9.765625e-05
00010111111101101110,27.35449124905938,9.765625e-05
10010111001001000011,22.723064102469095,9.765625e-05
01001101000101011000,13.65852864728362,9.765625e-05
00010101110101000010,22.494102506012617,9.765625e-05
11001111001110001010,21.616169315390056,9.765625e-05
01010100101011010100,34.022865938446714,9.765625e-05
11010001101101001100,19.538321965190136,9.765625e-05
11010001100000100100,17.39548388523334,9.765625e-05
11011001110010011100,14.046708477404973,9.765625e-05
10001100001010100101,21.06960899197465,9.765625e-05
00101111000011011000,23.248673504479758,9.765625e-05
10111001100010000010,20.04072478232764,9.765625e-05
11111111011110101010,28.50175309611778,9.765625e-05
10001011111011111001,33.17797081879414,9.765625e-05
11000101001111100000,20.918820580329758,9.765625e-05
10001010101111111101,55.326043040286535,9.765625e-05
10001111110000001110,23.268141273419534,9.765625e-05
01000000011000010011,33.232045282531075,9.765625e-05
11010100011101101100,15.06893501732296,9.765625e-05
11001011101110001100,17.757596263212918,9.765625e-05
11101000000100101111,32.58389934313543,9.765625e-05
00100001100110011001,34.44474616874315,9.765625e-05
01011111110001110011,19.246757676729345,9.765625e-05
10000001100101001000,22.155783110151173,9.765625e-05
00011101010100000011,11.299444331199552,9.765625e-05
11000001011011011000,20.58287465462588,9.765625e-05
10010101111011000100,24.031236332129186,9.765625e-05
01001001111011110100,23.80428872586039,9.765625e-05
01111100110010010110,9.698222488668542,9.765625e-05
11011100010100101000,7.728418085054667,9.765625e-05
11111111110110000110,29.02853543315294,9.765625e-05
11100111000100010100,25.01136722597507,9.765625e-05
11100110011011101000,21.60670750754719,9.765625e-05
00011010100101010011,32.86502928325158,9.765625e-05
11101011000001101110,35.00161880702985,9.765625e-05
00001111110001101100,18.075210928641965,9.765625e-05
10100101100111111011,22.94867108963351,9.765625e-05
11101001100101111100,21.471294341600853,9.765625e-05
10111011000010010000,42.723238882576254,9.765625e-05
10010001110101001101,20.098994050059098,9.765625e-05
11110000011111010101,21.844848403278014,9.765625e-05
01011110101100001001,17.140201843902716,9.765625e-05
10001001110000111001,28.38283024973236,9.765625e-05
01011011110010110000,15.821273081712008,9.765625e-05
01100110000010011000,16.968103791882818,9.765625e-05
01000010000101011011,33.61893246153318,9.765625e-05
00111110110100000100,22.955193496283623,9.765625e-05
11010101010000101101,19.86487634027279,9.765625e-05
00000001001100110010,37.88368526232255,9.765625e-05
01101000001111110001,31.44337270414919,9.765625e-05
11101100101010110010,12.025591091054915,9.765625e-05
10110101011011000001,15.792535366310382,9.765625e-05
01110011110101000111,12.874147254874323,9.765625e-05
01000010011100010100,28.559755636319604,9.765625e-05
10101110001011000110,40.551570960391814,9.765625e-05
01100100100011010010,18.22833024045853,9.765625e-05
00100101001100010010,16.891736150113914,9.765625e-05
01010000000101100010,25.294716871721732,9.765625e-05
00001010110001111101,57.13628962957712,9.765625e-05
00001001100000101011,29.959847166969,9.765625e-05
11011010110010011011,19.310660611433498,9.765625e-05
00010010101000111110,39.533333715417264,9.765625e-05
10001110100010001101,26.424583154173334,9.765625e-05
11101110110001110011,31.14366049746714,9.765625e-05
10000110000001010010,25.230814660598824,9.765625e-05
00000110000010101111,30.60663651590448,9.765625e-05
10100100011101001000,26.231097827257585,9.765625e-05
01111010011111010000,23.662843129544864,9.765625e-05
10000111011101000110,22.487241525756232,9.765625e-05
01110101011001100100,19.805259171905803,9.765625e-05
00001111010110011011,19.212229596883176,9.765625e-05
10100010111010011101,50.967199113735276,9.765625e-05
00011001011100010100,18.427640285019542,9.765625e-05
00100111001110100000,19.390959312320906,9.765625e-05
00111010101101011100,36.37368282735481,9.765625e-05
01011000110010000001,14.959795634527401,9.765625e-05
11110010001000101001,20.90531785797465,9.765625e-05
11101011111110001010,25.487475967962958,9.765625e-05
00000100000010001110,34.09360872906376,9.765625e-05
10000000100110010010,41.75783061829244,9.765625e-05
11010100100101010011,12.724023953802085,9.765625e-05
11010001010110011001,15.811774945476607,9.765625e-05
11101101010000001011,25.262231280007455,9.765625e-05
00011110011110011001,13.600787740970949,9.765625e-05
11000100001110001010,23.121215257468855,9.765625e-05
11101101101000010101,17.32617086440306,9.765625e-05
01101110000011111010,22.20781932002041,9.765625e-05
10100110001011110010,31.42636459021892,9.765625e-05
01111101110001000101,14.641172306186132,9.765625e-05
11111011000000001100,42.88951433308688,9.765625e-05
01011100011011111001,16.16490491886146,9.765625e-05
10010011101110100001,21.021542155648095,9.765625e-05
01001100111110110110,24.382863057393912,9.765625e-05
10001111111001100110,21.040405200149134,9.765625e-05
00011101000100010000,13.857028044779561,9.765625e-05
00111100011011010100,15.640873113930049,9.765625e-05
10111011010100100101,42.945967175527656,9.765625e-05
01011010101011010010,21.68756837372726,9.765625e-05
01100111110000110110,17.390959312320906,9.765625e-05
01000110000001001101,16.95889971169551,9.765625e-05
01100110110101000100,18.782328483409728,9.765625e-05
11110111001100010100,27.374836281542024,9.765625e-05
01110000101111100101,28.2703371663202,9.765625e-05
11010000000011011010,21.57780281001074,9.765625e-05
10101101011100000110,23.140201843902716,9.765625e-05
10111001101001101000,17.702954127011036,9.765625e-05
00010010100000100011,26.930932783395594,9.765625e-05
11000111001111111001,16.05955794716955,9.765625e-05
10111010110010100100,37.21726936825783,9.765625e-05
10001111011010111100,20.614316164120513,9.765625e-05
10001100101000001000,17.783298107906877,9.765625e-05
11101001101101001100,19.09246596796565,9.765625e-05
11000101101111100100,23.7099696937524,9.765625e-05
10001000110110011000,44.624676294358714,9.765625e-05
11111011100100100001,34.11326313568317,9.765625e-05
01101000000010111110,25.15858371669421,9.765625e-05
11001111100100110001,19.714016964016842,9.765625e-05
10111001010000110010,23.740058057230478,9.765625e-05
10011110010000110001,24.16084704803059,9.765625e-05
10100011000111001110,32.80091544602982,9.765625e-05
01001000000110000101,24.654736236179968,9.765625e-05
00110010110010000010,18.856353161042755,9.765625e-05
00001100000011001101,24.292808743566983,9.765625e-05
01001101000100000010,16.64598930783231,9.765625e-05
01010000011000011000,21.60551936847363,9.765625e-05
00010011111101101100,26.864894068840513,9.765625e-05
11001011010001011011,28.708658394140485,9.765625e-05
11010001011111011010,23.622583700059856,9.765625e-05
01110110001101101111,20.069152797478313,9.765625e-05
00011010110101111100,40.2087061932694,9.765625e-05
11101100100101101000,16.32645403106182,9.765625e-05
11010011000000101111,20.22106697607466,9.765625e-05
10000100000110101011,28.341428059149244,9.765625e-05
00100111000100111101,23.160867448792825,9.765625e-05
10010111010111110001,13.659967363334262,9.765625e-05
01100011001110000001,20.470879699241898,9.765625e-05
10011000100000111100,24.590120924863093,9.765625e-05
11110011101011101100,18.541360458383494,9.765625e-05
00010010110011010111,39.678438679917434,9.765625e-05
11000000011010000101,26.322619049972282,9.765625e-05
10111110100101101000,28.172508144549887,9.765625e-05
11101011010111111110,36.5207937395119,9.765625e-05
10001100100010100101,20.75007995679751,9.765625e-05
01001011110010011110,17.14191998790125,9.765625e-05
11001010101000001101,27.389466560946182,9.765625e-05
11000001000111000000,15.803353753773596,9.765625e-05
01000100110100111101,32.98810622438338,9.765625e-05
01100100010111010100,18.810824693053373,9.765625e-05
01011001011100100111,16.04911653452532,9.765625e-05
00000110110010010010,28.08100465040291,9.765625e-05
00000111111100101110,31.911208392185625,9.765625e-05
11001100001100001000,12.259275265431171,9.765625e-05
11100111000001001011,27.000649182532698,9.765625e-05
01101111011111101100,17.710521231446982,9.765625e-05
11101101110111100011,15.561533627921584,9.765625e-05
10001100111001011011,28.714623364437774,9.765625e-05
10111000001111000111,32.458159338090084,9.765625e-05
01010011010001101010,18.84779443755007,9.765625e-05
00010001010000111000,26.064268129029823,9.765625e-05
01101001101011100010,17.951935884535807,9.765625e-05
01101100110000101001,17.770151530294534,9.765625e-05
11111101111010011110,19.13319970190918,9.765625e-05
00001100101001100010,23.64129121157243,9.765625e-05
10011111011101111011,17.896418536723367,9.765625e-05
00101100101111010001,22.357420534152872,9.765625e-05
01101111101100010010,19.323866742382016,9.765625e-05
01100110011111111110,26.64479431234754,9.765625e-05
01000001101111110010,46.8099227357682,9.765625e-05
11000100101100001010,22.059510582752804,9.765625e-05
01000010011011010101,34.149426521152506,9.765625e-05
10000111110010101011,22.423194621325365,9.765625e-05
00000111100001000110,17.884227837561426,9.765625e-05
11000101101000111010,30.049543660070977,9.765625e-05
11010011111000011001,14.362456861083913,9.765625e-05
00101011111101010000,36.39194309598694,9.765625e-05
11100100111010101100,19.55461904165511,9.765625e-05
00101100100110110001,22.309786781537873,9.765625e-05
00111001110111000010,14.722475316457036,9.765625e-05
11000111111010100011,24.667554574265186,9.765625e-05
10101111111010010100,30.630607820540405,9.765625e-05
11101110110010000101,32.37977665045697,9.765625e-05
11011111000001011001,30.618476245400657,9.765625e-05
01010011001100010010,20.844154947789022,9.765625e-05
00000000110001000110,50.81955746223214,9.765625e-05
10110101000100100111,17.88805313261401,9.765625e-05
10011000000111101010,24.73711275737948,9.765625e-05
01000110001010111000,21.81861896941436,9.765625e-05
10101001011111001000,34.37368282735481,9.765625e-05
10010000010101111101,37.95804118377251,9.765625e-05
00110011111110100001,18.53751776685847,9.765625e-05
11001001100101001100,15.910578766821061,9.765625e-05
10110001000011101011,22.178715686711865,9.765625e-05
11101010010110101100,44.93076317836544,9.765625e-05
01010101110101100110,30.53524537514282,9.765625e-05
10111001111100011000,20.491359673504526,9.765625e-05
10100000110001001001,39.80980624613717,9.765625e-05
01001110111010110110,18.36650673805186,9.765625e-05
11010101001000110110,32.20895124143802,9.765625e-05
11110000110110010100,12.475903455859044,9.765625e-05
01010100110110101010,37.13347933699713,9.765625e-05
11000110100000100101,16.32645403106182,9.765625e-05
00101011101010010010,23.446378389680998,9.765625e-05
10011111110101001100,18.1849319359313,9.765625e-05
00100111110101110010,21.093043337307368,9.765625e-05
11101100000110101011,20.039795241125745,9.765625e-05
11111000010001011010,22.79271285644008,9.765625e-05
01011110010000110001,13.115089557469915,9.765625e-05
11011001100101101100,14.90079819834796,9.765625e-05
11001111000101011000,20.74890086730686,9.765625e-05
11100101100101000010,13.445261242250147,9.765625e-05
00100001000101110000,26.625873385048163,9.765625e-05
00110110000000101101,21.63812757139942,9.765625e-05
11110100001101110001,9.839439247916648,9.765625e-05
00110011100100101000,16.72964255252077,9.765625e-05
11001000101100011110,26.164625920227557,9.765625e-05
10001110110011110011,31.38316078080786,9.765625e-05
11001101111100100111,14.422391783072452,9.765625e-05
11011111111111110001,13.804903555602017,9.765625e-05
11111001110011001100,16.079463908997212,9.765625e-05
00101010101111101100,47.38712433123137,9.765625e-05
11101101111101111111,13.138858601902994,9.765625e-05
00011010101010001100,24.830896266550397,9.765625e-05
10110001001110010000,19.332656240715572,9.765625e-05
10110010001000000100,29.49328101926704,9.765625e-05
11101001001010101001,23.508331546169455,9.765625e-05
11010111011110001000,19.507377849302614,9.765625e-05
11101111010101001000,38.07446417224996,9.765625e-05
10100111111111001101,23.27877157563097,9.765625e-05
00011100010000111100,18.967995601631454,9.765625e-05
11111000100000111001,17.58389934313543,9.765625e-05
11001100011010010010,11.55059053404218,9.765625e-05
11001010001001000111,36.166442743104554,9.765625e-05
10011011110101000010,24.720757172458498,9.765625e-05
00010010001101010011,32.752424281717005,9.765625e-05
01110000100010100011,22.75333342215666,9.765625e-05
11101011010011011101,41.06077418660101,9.765625e-05
11000111111011000011,20.1359293168095,9.765625e-05
00110110011110101000,17.141919987901254,9.765625e-05
01010010001000100000,18.87993375606242,9.765625e-05
01000000110101110111,53.21473965232692,9.765625e-05
01011100110001111111,19.452102763305422,9.765625e-05
10010000100100000010,20.276861559411607,9.765625e-05
11101011101110110001,30.79147797935577,9.765625e-05
01101000110111101010,33.49403151436991,9.765625e-05
10110010111100010110,34.49410250601261,9.765625e-05
11111010010010110011,32.83757649773736,9.765625e-05
01010000100101100010,31.53429438829852,9.765625e-05
11010100001001101100,21.197892893755984,9.765625e-05
11000111100101101110,15.395726544634881,9.765625e-05
11001100111010111000,13.19970962950578,9.765625e-05
01001001001111111011,31.112193287178037,9.765625e-05
10011010101100101011,27.406967714954835,9.765625e-05
00111010010010000000,27.80526541349915,9.765625e-05
01010111000000000000,30.726406043480253,9.765625e-05
00101110011101110101,43.55597770568376,9.765625e-05
01110000100101001000,16.92618845472634,9.765625e-05
11100000110111000010,27.678989063968462,9.765625e-05
11100011000101011011,30.202829094646066,9.765625e-05
10100011000001101011,32.002376278147125,9.765625e-05
10110101011111000100,14.959380992168445,9.765625e-05
00101011011100011010,35.85011376362017,9.765625e-05
10010000101000001001,23.91057876682106,9.765625e-05
00000001101111000001,42.93772901360262,9.765625e-05
10010010110111000110,34.350237152478954,9.765625e-05
01110000000111011001,22.23589183772219,9.765625e-05
01100000100010011001,28.564228078164415,9.765625e-05
01100010100101111111,39.84208964313962,9.765625e-05
00110001110010001100,20.24806505212652,9.765625e-05
01011101111110000100,21.575455982208762,9.765625e-05
11100111011000011011,22.570058400948977,9.765625e-05
11101000010001011011,38.03323782829036,9.765625e-05
01011000110010010001,16.358689340066277,9.765625e-05
00101111000010000000,25.492381651991536,9.765625e-05
10000001001011111100,32.913071229492125,9.765625e-05
10110101101101001000,13.496983790235314,9.765625e-05
00101110010101011100,45.96967729228223,9.765625e-05
10110101001011110110,23.577834970378422,9.765625e-05
00001001011001101100,28.129653111223238,9.765625e-05
01101010001011001010,27.10960129119459,9.765625e-05
01011000001111011001,24.16107617936527,9.765625e-05
00111001111111101100,22.213854362035473,9.765625e-05
00110100101110100111,26.349753369123537,9.765625e-05
00000001010010010110,34.60383590936144,9.765625e-05
10010011111110110111,30.133989246266946,9.765625e-05
01101111100011100010,21.878603084376586,9.765625e-05
00100110010101010110,36.53524537514282,9.765625e-05
00000111100010100101,23.283121543100304,9.765625e-05
00110000101011001000,28.24052312120403,9.765625e-05
00111110000011111100,27.041684720787824,9.765625e-05
11100100101010111000,18.176370540244104,9.765625e-05
00011011101011110100,22.073880904250004,9.765625e-05
00100010011000100100,40.11475652351193,9.765625e-05
00010000101010001000,39.74810781301447,9.765625e-05
01111000011000110010,9.947323031566746,9.765625e-05
11101010001010011111,40.307256298300246,9.765625e-05
01110111111100110010,20.276208306821072,9.765625e-05
00110100111111001111,28.532232740175147,9.765625e-05
10001110001101110101,35.89740826771549,9.765625e-05
01110011101100011001,17.876360904415357,9.765625e-05
11110100110010000010,12.322204407613327,9.765625e-05
10100011110101100101,38.69307965241069,9.765625e-05
11111110000111100011,30.662916194756065,9.765625e-05
00010111100010111101,27.75627872200765,9.765625e-05
00001111001011001100,13.39477284776804,9.765625e-05
00101111101001110111,20.455573900056535,9.765625e-05
01110001110000000011,13.91362350160777,9.765625e-05
11011100110101011110,10.914991840833565,9.765625e-05
01011010000101000110,22.96136906358179,9.765625e-05
01101110010111110100,27.585797785253217,9.765625e-05
11001111001010101110,20.765179306118988,9.765625e-05
01011111011001111001,17.80993708538332,9.765625e-05
10101001000101000011,36.5979162299124,9.765625e-05
11100111101101000000,18.353746261128798,9.765625e-05
10011000100110001000,20.45528938341053,9.765625e-05
00011000100100110010,26.1078768184755,9.765625e-05
11110010011110110110,23.33102086960138,9.765625e-05
00111011111101111101,28.661643660928153,9.765625e-05
00010110011100110110,26.031348348628274,9.765625e-05
11001111100111101010,16.315449289389875,9.765625e-05
00110100001101110011,16.424193609040458,9.765625e-05
00010101100000110100,32.551035350327524,9.765625e-05
10110001000010011001,21.963209731664634,9.765625e-05
11111001011010000011,18.04634192304401,9.765625e-05
01011011111001011101,18.068445938877687,9.765625e-05
01111011111000011111,18.00237627814712,9.765625e-05
11111011000000001111,41.43597431248145,9.765625e-05
01110010111100001000,12.654331279857969,9.765625e-05
11001001011011101001,18.680961207751505,9.765625e-05
01001101100010100101,22.980937187382224,9.765625e-05
11010011000101100110,17.98800596748974,9.765625e-05
10011000101111110110,34.84687552394626,9.765625e-05
10110100010011101101,21.096653463850473,9.765625e-05
11101000011000110100,26.153964622131802,9.765625e-05
11100010011100110000,33.73789405206642,9.765625e-05
00101000010000011101,50.4249178532737,9.765625e-05
00001111000101101011,17.2304508162604,9.765625e-05
00001011100010100110,21.787030242093095,9.765625e-05
01000011001111010101,22.177023363520647,9.765625e-05
10000101001111011100,23.008421191703015,9.765625e-05
11110101101011000101,23.278348890741256,9.765625e-05
00010100010101010011,20.182088966542437,9.765625e-05
00110101110110100111,21.935457775530516,9.765625e-05
11000110010101110100,18.707132758816826,9.765625e-05
01111111111101110110,14.809619255474392,9.765625e-05
01111011101110100101,19.69229656762615,9.765625e-05
00011011011111000110,17.7977537051709,9.765625e-05
01110110110010001111,16.188065390928443,9.765625e-05
00011000110010000100,24.064826555611617,9.765625e-05
10001100111111100000,24.949514326380253,9.765625e-05
10100001110000001010,20.65433127985797,0.0001953125
11100010010111100100,39.785135331546115,9.765625e-05
00001100001110101011,26.852914283036,9.765625e-05
10111111001011101111,28.36423911867777,9.765625e-05
10001010000111000101,55.64087311393005,9.765625e-05
01101000000100010010,23.095645622896164,9.765625e-05
11101000110111101101,38.61978309351682,9.765625e-05
10100110001100000011,31.610536247043378,9.765625e-05
11100101101011111111,22.383943952719605,9.765625e-05
10001000101111011111,56.78789150167482,9.765625e-05
10111110101101000010,26.77736874242088,9.765625e-05
10000110010110000100,28.307622852661204,9.765625e-05
10101101111000101100,19.346519362965495,9.765625e-05
10111000010110101010,26.40821435164459,9.765625e-05
10100111100000100000,22.804378442283145,9.765625e-05
00100000001100011111,48.62580936941987,9.765625e-05
11100100100011110001,15.406967714954837,9.765625e-05
00011000100100001110,28.080224999222157,9.765625e-05
00100110110011111011,34.75225023603092,9.765625e-05
00111011010011010001,28.034913489430203,9.765625e-05
11011101010100101001,15.768255896166302,9.765625e-05
00111001011101100101,17.913358063516736,9.765625e-05
01010101100101100101,30.255222896420566,9.765625e-05
00101011100100110010,31.59423490458653,9.765625e-05
11011111101010101001,31.130569707448444,9.765625e-05
10110011001101010000,25.795513462983113,9.765625e-05
00110100110010001000,18.601554690985125,9.765625e-05
00000010101100101011,50.1535962013424,9.765625e-05
00000000000000011101,42.93852623591986,9.765625e-05
10110111001101010110,23.60078782809815,9.765625e-05
00101011000000010110,34.53628254683906,9.765625e-05
01011110101000111010,23.50643582491402,9.765625e-05
01011010010000110001,17.974878027530245,9.765625e-05
00111100110110000101,12.975742818682779,9.765625e-05
10111000001111010101,38.02052370873189,9.765625e-05
01000011010011100001,18.84587309178756,9.765625e-05
11111111011010110001,32.23716363712903,9.765625e-05
01101010111101110110,40.3643517716309,9.765625e-05
01101001111011111011,26.554811121015995,9.765625e-05
11010101011111101011,27.60852527198532,9.765625e-05
10010001011110110100,26.449302156762386,9.765625e-05
10010011011011010001,21.8363652695152,9.765625e-05
01000011101000011010,24.87761369557126,9.765625e-05
10100100101100001011,22.14665433626629,9.765625e-05
11101000101100011000,24.191278751765815,9.765625e-05
10100010001110010110,50.8361928673353,9.765625e-05
01101100000100000010,13.652850288088695,9.765625e-05
00000110100001100100,26.23391436143092,9.765625e-05
01001011110111111100,22.506339943185296,9.765625e-05
00101011001100001011,31.775448131079436,9.765625e-05
01100101111001110001,19.522714263726147,9.765625e-05
11011101110001011000,16.20165968035255,9.765625e-05
11111011010011110111,31.991030595781474,9.765625e-05
00101111000000000000,29.354158193465217,9.765625e-05
10100111000100110100,28.501782154228646,9.765625e-05
00011010111101000101,35.625251802214365,9.765625e-05
00000010010011011000,42.11623127368786,9.765625e-05
01101000010010101011,27.117181526111093,9.765625e-05
10010000111110111110,48.083938397788515,9.765625e-05
10001111100101101000,16.745072127810666,9.765625e-05
10000010001001100001,38.4596021134022,9.765625e-05
11100011001101111010,24.869831178815723,9.765625e-05
10000010011111010100,58.10689125550824,9.765625e-05
11011100101011111101,16.518950274279323,9.765625e-05
00111001011111101100,20.32645936357005,9.765625e-05
01111000100000111100,18.78740656961822,9.765625e-05
01100101100101011111,18.795068646697764,9.765625e-05
00010111010110011100,14.848764062047215,9.765625e-05
11000101110100101001,17.938243069261105,9.765625e-05
11001101111111011111,16.60070706329128,9.765625e-05
01000111111001010000,15.498900870005947,9.765625e-05
01001100000110101000,16.572865885539407,9.765625e-05
00100111011111000100,18.1139662772091,9.765625e-05
01100110101110100000,20.5677133632446,9.765625e-05
10001110010101010100,44.89814249225295,9.765625e-05
00000000100011001000,45.60004527755903,9.765625e-05
10011110010000110101,27.735300510953458,0.0001953125
11111100010101101000,15.293833432076532,9.765625e-05
11001000011100001100,24.692679049617418,9.765625e-05
00000011111011110100,37.8603080653671,9.765625e-05
01011011001110111110,19.490093664740865,9.765625e-05
00010000101011010101,47.00822496595345,9.765625e-05
11100111000001011111,23.248663818442797,9.765625e-05
00000011100100111101,34.06957088428087,9.765625e-05
10011101010010001100,19.221423844398668,9.765625e-05
01101011101111101111,25.195054609581476,9.765625e-05
10101001011010110111,34.87167455692111,9.765625e-05
01010101110110100000,36.28634376801671,9.765625e-05
10001101000011111101,16.945398975781696,9.765625e-05
10010100110001011100,20.155783110151173,9.765625e-05
01110010100110110111,22.570128679806807,9.765625e-05
11010011100111010011,19.818204621322664,9.765625e-05
10100000111010101000,37.55461904165511,9.765625e-05
10100100011001011110,31.758485944451465,9.765625e-05
00011110101001001000,18.424583154173337,9.765625e-05
10101101100101011101,23.13921276020446,9.765625e-05
00100010001110110011,46.397778664152526,9.765625e-05
11011101010101111011,12.368082964255995,9.765625e-05
10011111110101101100,16.371796879263538,9.765625e-05
00110100000001010000,11.80526812352169,9.765625e-05
01101001011011101101,22.495547169389347,9.765625e-05
00111011010101001000,27.532036367834174,9.765625e-05
00110110011111010111,21.905878379761127,9.765625e-05
00000111101000010000,19.714622422876644,9.765625e-05
11101001001001010010,20.956759949323597,9.765625e-05
11010010111110100101,20.022447764516944,9.765625e-05
00010010101000010100,28.276861559411607,9.765625e-05
00111011111001101100,21.109822221526283,0.0001953125
10111001000000000100,27.623134818531952,9.765625e-05
10010100111100001011,21.802386839298993,9.765625e-05
01001110000101000110,19.140201843902716,9.765625e-05
01001001111010110001,26.474143683435745,9.765625e-05
10010010111010100101,30.14061557717655,9.765625e-05
11101110001010000110,32.32392626868655,9.765625e-05
10001010111101000000,51.25960652008792,9.765625e-05
10110010101000100110,26.54649902864947,9.765625e-05
00111110101101001101,20.35546440512734,9.765625e-05
11011110100111100011,16.809619255474395,9.765625e-05
01111011011001010010,20.202847819426108,9.765625e-05
11110011001100101000,21.813802876853302,9.765625e-05
11000111100011111000,14.229513047023861,9.765625e-05
01101011110011011111,25.64343221471509,9.765625e-05
00001110100000100101,24.51050244022072,9.765625e-05
10010110000000101011,19.508331546169458,9.765625e-05
10110011111111100000,19.25403935543416,9.765625e-05
01001011110011110010,18.713312064825857,9.765625e-05
01100010011101100001,36.5063399431853,9.765625e-05
00000110111001111010,39.68982712861266,9.765625e-05
11010110111010000110,20.73649031516939,9.765625e-05
10110110100110101000,17.2106240945883,9.765625e-05
11000010011001011000,25.029794378774994,9.765625e-05
10111110001111000000,31.506472240433773,9.765625e-05
11000001011001100000,14.919970317442282,9.765625e-05
10100001100101101000,22.292808743566983,9.765625e-05
10000111001100010111,23.763881136987628,9.765625e-05
01011000101101101110,30.165811262151376,9.765625e-05
11101000101010000000,18.575709062068327,9.765625e-05
11111011011000001001,33.547563577122375,9.765625e-05
10111010111111110001,44.22371862331786,9.765625e-05
11100100101000111011,17.02343956907756,9.765625e-05
01110111111101100010,19.57783497037843,9.765625e-05
00100110000111110011,30.574002710151248,9.765625e-05
10000010110101011111,62.786937804807984,9.765625e-05
10111101011010011110,22.087442211348502,9.765625e-05
10111101111110010100,15.99778653596284,9.765625e-05
01100001100110001000,23.581489359081452,9.765625e-05
00000111010100011110,21.05513935514494,9.765625e-05
10011011001001100001,24.831369640287605,9.765625e-05
11001010010001011001,39.39606124373524,9.765625e-05
01111110111010110110,14.399711758680665,9.765625e-05
11010010010110010000,13.825333455425366,9.765625e-05
00010011101100101011,30.306877162785558,9.765625e-05
00010001111101101101,41.75849127695969,9.765625e-05
11000111110010111011,18.659645794714468,9.765625e-05
01010110011111010000,12.800183061298785,9.765625e-05
00101110001110011010,24.92362156680878,9.765625e-05
10101100100011110000,22.56663806221839,9.765625e-05
11111000001100011111,21.39572654463488,9.765625e-05
00000011000011101110,26.427803735583552,9.765625e-05
00000010010010111110,48.887616223064384,9.765625e-05
10101100100111011010,26.150409374097237,9.765625e-05
10001011111110011001,36.28406275678044,9.765625e-05
11101001111010010001,20.3107280715054,9.765625e-05
10101001011100111111,40.755373026011604,9.765625e-05
01101110101101000000,20.250886234095844,9.765625e-05
01100001001110000111,23.647322161850017,9.765625e-05
11111010011110010010,30.330195938412203,9.765625e-05
10000010001100010011,46.161202147893185,9.765625e-05
10001101001001101111,17.465277762574583,9.765625e-05
01001011010100101001,22.632467126276094,9.765625e-05
01010010111101111110,35.86030806536711,9.765625e-05
10011101000000111100,21.1633952982953,0.0001953125
10010110000111010001,16.222903378165633,9.765625e-05
01111110101001111000,20.956759949323597,9.765625e-05
11100111000001001010,26.3957885846617,9.765625e-05
00110001101010100110,28.306806905563914,9.765625e-05
10111000101010011100,27.138223458526326,9.765625e-05
01000101101011110111,43.524578042593774,9.765625e-05
00011100100010100011,19.794607766987063,9.765625e-05
11110101010101011011,13.196211508212293,9.765625e-05
10111111011100111100,31.069364950858173,9.765625e-05
01110111100000100010,35.61248350074041,9.765625e-05
00011111110110111101,16.090239286320724,9.765625e-05
00010110111000000000,18.231104068850932,9.765625e-05
10111100010010101000,19.268141273419534,9.765625e-05
00011100100100000101,13.66632812035779,9.765625e-05
11101001000110111010,24.039795241125745,9.765625e-05
11110011100101000100,17.57785860844421,9.765625e-05
01001110011010010100,12.78455370705234,9.765625e-05
00010111011100100001,16.27937275770253,9.765625e-05
10100110100000000101,29.645056011727707,9.765625e-05
10010010001110100100,26.766027140952886,9.765625e-05
10101010000000000000,58.54451884233566,9.765625e-05
01101000001001010010,20.42834714362017,9.765625e-05
11000011000011100100,13.155189089597904,9.765625e-05
10111101010101001011,19.009295032438455,9.765625e-05
00011011111101000100,19.181619053031014,9.765625e-05
10011101011010100110,19.250578101063695,9.765625e-05
11110100011111101001,13.133128710266469,9.765625e-05
00100010001011000000,32.32220440761333,9.765625e-05
10011111111101011000,16.942588683201706,9.765625e-05
11111110101010000101,28.193524463297862,9.765625e-05
00110000001101100110,28.14061557717655,9.765625e-05
10010101010010001101,19.942537885181174,9.765625e-05
01011000010110111011,22.040708033149066,9.765625e-05
11011100110111011000,8.962663701142336,9.765625e-05
10010111101110110010,26.29722109399824,9.765625e-05
00101011011010101011,29.34696805375676,9.765625e-05
00111010000000000011,30.841341945186496,9.765625e-05
10110001000000000100,16.268135766247248,9.765625e-05
10111001110001110000,20.85939527334378,9.765625e-05
01000010111101001011,42.63888151094589,9.765625e-05
00011000101110100100,29.77013280551449,9.765625e-05
11110010111011101011,20.44673090447628,9.765625e-05
10011001000001101101,19.150507867471823,9.765625e-05
01010110010000011000,11.706185303543332,9.765625e-05
10111101110011000000,17.730593539365067,9.765625e-05
11001001101001111010,18.52368462264436,9.765625e-05
11010111110000010000,18.82917467810826,9.765625e-05
00011111000011011000,17.02072346605226,9.765625e-05
01111100101110000000,11.783288421869923,9.765625e-05
11010110011111011010,15.271419628864694,9.765625e-05
10111001011100010110,24.599846527290804,9.765625e-05
10101100111011100101,29.289638051092176,9.765625e-05
11111101001001110111,20.98245491597016,9.765625e-05
11111011000100011010,40.17166728573039,9.765625e-05
10011111111110010100,18.844154947789022,9.765625e-05
01001001010100000100,13.920323741322685,9.765625e-05
00010101101000101001,43.680879463555485,9.765625e-05
00100110001010100101,27.673484026878377,9.765625e-05
00101011111100110110,35.52271426372615,9.765625e-05
01110010000111000010,18.552893834105298,9.765625e-05
11000100110010011100,17.04130184656228,9.765625e-05
01001010000010101000,19.42207747389451,9.765625e-05
11001010111010111001,27.119157114337742,9.765625e-05
10100110011100111100,38.28946564891228,9.765625e-05
10000001100110011111,39.1139627456383,9.765625e-05
00011011011101001100,19.178808760451023,9.765625e-05
00001011110010011110,28.585617487133963,9.765625e-05
10011000110011011101,35.83447027184101,9.765625e-05
11011011001111100010,21.66161522847497,9.765625e-05
01011101001000100111,29.637299119479245,9.765625e-05
01011111010111111010,15.23044113022344,9.765625e-05
11110111111001101000,21.349966344051666,9.765625e-05
00101111000100011100,29.25094474255186,9.765625e-05
11010010001101110001,22.016842383406022,9.765625e-05
10010001001110111000,27.26998465152492,9.765625e-05
01011010100101110011,25.453662974752046,9.765625e-05
10100000101011011001,43.425950584314016,9.765625e-05
11100001011100011010,19.055139355144945,9.765625e-05
01011000110101010011,22.449221479082723,9.765625e-05
01010010111001010000,20.114380919568056,9.765625e-05
11110000011010101111,18.427803735583556,9.765625e-05
01110100001110011000,17.78566711577232,9.765625e-05
01001001101101011111,30.959766489289333,9.765625e-05
11010100100111110111,21.086455837672787,9.765625e-05
00110000011101010110,33.10923808331021,9.765625e-05
10001100101100100011,20.144874897501822,9.765625e-05
00110110101100001001,12.848764062047218,9.765625e-05
10001001110101011000,32.305689023712,9.765625e-05
10001110111101010101,41.71462336443777,9.765625e-05
10111101011110100111,15.675995225169306,9.765625e-05
01110110110110111111,16.77891555075587,9.765625e-05
00001100100110001000,22.635878415423768,9.765625e-05
01001001111111110111,34.81642331612976,9.765625e-05
00010011011010110010,25.708581160904423,9.765625e-05
11010110101110001101,17.08834782021735,9.765625e-05
01011000001001100110,19.828711871463923,9.765625e-05
11010100011000010001,9.540303060589066,9.765625e-05
00111010000101101111,39.525006849063985,9.765625e-05
01011110101110101000,19.73847838658274,9.765625e-05
01100001101111001100,26.72441529987239,9.765625e-05
10101000101010111001,38.69361057726061,9.765625e-05
00010011101010001011,29.51835533380111,9.765625e-05
00101100100110011101,28.52829373690255,9.765625e-05
01011110000001100000,20.39295435974867,9.765625e-05
01101011101101011001,28.222903378165633,9.765625e-05
10101000000101011111,61.31857283542782,9.765625e-05
00000001111100100101,46.95165064430855,9.765625e-05
11111000000010000110,20.98183040019158,9.765625e-05
00010010010111101100,33.879000584913044,9.765625e-05
00100000001111101011,53.01853210574774,9.765625e-05
01101101001000110001,17.880236703221215,9.765625e-05
01000101000011010101,19.72307649852859,9.765625e-05
11001110101100101010,17.90839987890687,9.765625e-05
00010110101101010011,22.600707063291285,9.765625e-05
01011010001011000100,18.250475036180497,9.765625e-05
10101110100110100000,33.56413591351038,9.765625e-05
01010011011101001000,14.276446917052649,9.765625e-05
11001101011100110001,11.57973136595938,9.765625e-05
10111011011010111011,30.97291867204098,9.765625e-05
10101011000110110000,46.41306777965033,9.765625e-05
11111110100101111000,26.046483084781165,9.765625e-05
11001000000101110001,28.330105193301115,9.765625e-05
00000111000000011000,15.048596204797484,9.765625e-05
01110000111110111001,29.064428048023025,9.765625e-05
11111110110101111000,23.331818091918628,9.765625e-05
11001000011101010110,33.59452775728225,9.765625e-05
10111011001110101110,28.63806562933962,9.765625e-05
10010001010000110101,18.89887685258545,9.765625e-05
01101100000101011101,20.76045184664116,9.765625e-05
01101110001100011011,22.430832433976576,9.765625e-05
00010001000001111101,29.951485637365554,9.765625e-05
01010101001110111110,47.23831150781312,9.765625e-05
01110011100011010010,18.291320688246437,9.765625e-05
10111011101011110100,29.498476541610035,9.765625e-05
11011101010101011111,12.443625871135955,9.765625e-05
00010101010010010001,21.723076498528588,9.765625e-05
00110000011101000110,27.879000584913047,9.765625e-05
11011010101100011110,23.027596842368144,9.765625e-05
10100110010110000001,36.18312760708081,9.765625e-05
00001001111000011001,34.50891308353603,9.765625e-05
00110110100110010010,14.730328101274035,9.765625e-05
01111101101110100001,24.288861207900986,9.765625e-05
11011011111110111101,15.802983667841824,9.765625e-05
11101110001100000000,36.67394030850192,9.765625e-05
11101101001010100010,22.94923395687124,9.765625e-05
01100000011001100101,31.099878398789414,9.765625e-05
11110001101011001101,18.91908325868942,9.765625e-05
01000110011101101100,24.055486537431996,9.765625e-05
01010111010001101110,24.108461974540084,9.765625e-05
11111111111111001010,22.34793225820883,9.765625e-05
11000101100001011001,15.036393638015022,9.765625e-05
10011010101101000101,36.64634182262759,9.765625e-05
00101101110011110101,20.421331784018864,9.765625e-05
10011010101011000100,30.54610999995777,9.765625e-05
11101100000101010101,26.11545089892586,9.765625e-05
01111011110110110010,17.703881475789547,9.765625e-05
00101011100111110110,33.4786714727204,9.765625e-05
10010110110000010000,15.346519362965495,9.765625e-05
11010001011000110001,16.144203719999872,9.765625e-05
01110000011100001100,14.06201626303163,9.765625e-05
01101000011011111100,31.802386839298993,9.765625e-05
01101100000100010010,12.53615900490625,9.765625e-05
10011001111000101001,18.058193775968604,9.765625e-05
00000100010101110111,43.77576681542229,9.765625e-05
01110010101110011010,19.173007153590547,9.765625e-05
10110011011000001011,21.960331979012743,9.765625e-05
00101111000011100111,22.906142152709783,9.765625e-05
10100001010010000000,22.96075630740866,9.765625e-05
10100010110110111110,55.21304285559411,9.765625e-05
00000110000110001001,20.571247176476586,9.765625e-05
11100110011110001101,24.54459163491579,9.765625e-05
11101000101111001101,33.46519780847616,9.765625e-05
10010101101110011110,33.57875650687758,9.765625e-05
01001010001111010100,29.26998465152492,9.765625e-05
10111001110101001100,22.75236005894865,9.765625e-05
11010011000101001010,17.73059353936507,9.765625e-05
00000010010100001010,39.79707784245459,9.765625e-05
00111110111101111010,19.801120830535325,9.765625e-05
00110111110000101100,19.950115410075135,9.765625e-05
11000001000001110011,19.925327402284672,9.765625e-05
10000010101111110011,55.52450080935772,9.765625e-05
01100100000011111100,23.166725909763315,9.765625e-05
01111101010110000100,16.546612590278073,9.765625e-05
11001001111001111001,20.12125086228015,9.765625e-05
00100010110110010011,50.20198722877444,9.765625e-05
00110011100010100011,20.172185961112227,9.765625e-05
01001100100011101011,25.72776649760651,9.765625e-05
01010100110010111000,33.25960652008792,9.765625e-05
00010001111110110110,48.14006777819284,9.765625e-05
01111100000111100101,13.423265612968075,9.765625e-05
10110101001000001110,24.256540437625826,9.765625e-05
00000000001011110101,58.70797809076825,9.765625e-05
01100010111000011001,26.810824693053373,9.765625e-05
01000011001001111010,24.442431490469048,9.765625e-05
00101110001111111010,27.38341115064489,9.765625e-05
11111100100010101010,19.158336878427992,9.765625e-05
10110111111000001010,20.776351029925742,9.765625e-05
10011001011101001110,21.181619053031014,9.765625e-05
01001111011111101010,14.825917066360434,9.765625e-05
01010111101100010000,26.928230855731023,9.765625e-05
11111001101101101000,17.076161915486264,9.765625e-05
11001001100100110100,13.980203686426014,9.765625e-05
10100001000111000111,32.12041532512907,9.765625e-05
01010001000101111001,27.770363068856533,9.765625e-05
10111001010101100100,25.498344037221514,9.765625e-05
10001000011011111001,48.735584619173345,9.765625e-05
11110110100001101100,20.85860042895379,9.765625e-05
11001011000000010100,25.43624874001641,9.765625e-05
10000110100111111010,28.102724296180696,9.765625e-05
00101000100000110101,40.01253933945131,9.765625e-05
10110101110110110101,15.845930865822506,9.765625e-05
10111000101000000111,22.848764062047216,9.765625e-05
10111101000101001100,23.999085439515262,9.765625e-05
01010011100011110110,26.354481563022425,9.765625e-05
00111000001001010101,27.233434969022603,9.765625e-05
11111000110100001100,16.766381299254355,9.765625e-05
00000100011010100110,43.391628710521616,9.765625e-05
01011100110000110001,11.459075552920831,9.765625e-05
00111011000111110000,26.269624338757296,9.765625e-05
01101000110110100000,24.798031539321432,9.765625e-05
11111111000110100000,44.375851284014615,9.765625e-05
00000001000101100011,34.38525525233152,9.765625e-05
01001000110110001000,28.761961249227433,9.765625e-05
00011000000001111001,28.36359338058868,9.765625e-05
10111101110001011011,17.100867787594744,9.765625e-05
00010010000101111100,33.16013841012873,9.765625e-05
11001001010001100110,13.253258686404902,9.765625e-05
10011011010101001111,30.605174074251195,9.765625e-05
01101011000011101010,24.121900033973024,9.765625e-05
11101110100011011001,29.140793165273266,9.765625e-05
00100100001001000010,18.670683420335344,9.765625e-05
11110101100100011110,19.073974065116367,9.765625e-05
01011110010110100001,9.87176147619412,9.765625e-05
10010001101111110110,35.92802932994924,9.765625e-05
11001011001110011011,25.476615832471772,9.765625e-05
10010001000001000001,14.642315067284239,9.765625e-05
00100001001100110001,30.03134834862827,9.765625e-05
11100010100101010100,33.887443820884485,9.765625e-05
11000101100011011011,24.039383308789326,9.765625e-05
10111010100010110001,37.51113215271249,9.765625e-05
00001100001110001001,22.193777456030222,9.765625e-05
10000011000101110110,31.646551473124973,9.765625e-05
10000100101101101101,34.15110373867134,9.765625e-05
11010010101110001100,17.38528439756959,9.765625e-05
00001100010000000010,17.25525122011036,9.765625e-05
01101100000000010010,12.708005570863941,9.765625e-05
01111010010011011100,27.80108325012256,9.765625e-05
01011100010010101101,15.825333455425366,9.765625e-05
01011010010100110010,18.66479831700927,9.765625e-05
01011001101010001100,28.73004200167049,9.765625e-05
00101110100101011001,33.33179312554523,9.765625e-05
11000101000100100011,20.308909583486027,9.765625e-05
00011000010001100001,23.138918693316544,9.765625e-05
01000100011000101011,33.78834778329836,9.765625e-05
00010010111110101100,38.76308808269524,9.765625e-05
01011010000111001010,19.911766905894623,9.765625e-05
00101111001110100111,20.88517736640341,9.765625e-05
10001001101001101111,28.287681845779257,9.765625e-05
10001111000110101100,19.69650434467,9.765625e-05
11101001110100110011,23.47476268120223,9.765625e-05
01101011101110111111,25.393672999590923,9.765625e-05
00101001001110001101,28.97574281868278,9.765625e-05
10011000110100100100,23.49439713800956,9.765625e-05
11001100101111100111,18.60172895465109,9.765625e-05
01100110100001010010,15.953785297094477,9.765625e-05
10011011000100111100,27.057066208079736,9.765625e-05
00000000001010101010,50.59102403084946,9.765625e-05
11010111001101011011,21.264018957646382,9.765625e-05
00011110100110101001,14.73154994625445,9.765625e-05
01101001100001100110,15.46813062514046,9.765625e-05
11011010101111100000,20.252382429914178,9.765625e-05
10110000101110011011,28.34370118528597,9.765625e-05
01011100000000100001,15.412370607086661,9.765625e-05
00101111110111110111,25.41467610073113,9.765625e-05
11011000100010001001,16.046708477404977,9.765625e-05
11100101100000011000,16.191560253282198,9.765625e-05
01110100000100000000,11.101315019635383,9.765625e-05
00111001000001010110,19.135056297622327,9.765625e-05
01100011011100100101,22.487241525756232,9.765625e-05
00110011101011111001,24.353359327641776,9.765625e-05
01010000001110110111,37.70110118288156,9.765625e-05
11000101001111000010,22.73154994625445,9.765625e-05
00000111000100010011,17.705535495396404,9.765625e-05
01011111101011011110,25.931880325796286,9.765625e-05
00001001011100011100,32.93852623591986,9.765625e-05
00110100010100001101,14.830896266550397,9.765625e-05
11011100001011100000,15.191638428079383,9.765625e-05
01101110001100001010,22.03257187453325,9.765625e-05
10011110010110000101,24.66196313434327,9.765625e-05
01011011000011001000,19.618053287879853,9.765625e-05
11010101001011000111,31.4731226136242,9.765625e-05
11011011111111010010,18.848731472365543,9.765625e-05
11001001000100111110,17.069615233567998,9.765625e-05
01110100010100100000,9.767341237714543,9.765625e-05
00101110000000010011,32.394852801866456,9.765625e-05
01000110100101101000,21.213849029527246,9.765625e-05
00110011111011001000,15.29464131941023,9.765625e-05
01001010000110000000,21.1768731305644,9.765625e-05
11010111010010101001,21.50647224043376,9.765625e-05
10111010100000100010,34.501772468191696,9.765625e-05
01010001000001101000,28.287548569141638,9.765625e-05
11100011000000101110,22.201348826458037,9.765625e-05
01110000000010100011,19.820180933130562,9.765625e-05
01110011001011110000,20.533940317124248,9.765625e-05
10111010101100111110,37.49889118396899,9.765625e-05
00100001100101111100,34.4702696530913,9.765625e-05
00111110101010011111,19.885004044298576,9.765625e-05
01110101100001010000,22.299515322842268,9.765625e-05
11110010100010001110,18.099766393130146,9.765625e-05
11000000000011101000,22.276861559411607,9.765625e-05
11101100100101011010,16.283153409200732,9.765625e-05
10110011110110001001,17.882752912721443,9.765625e-05
01101101000100011110,17.484469340870014,9.765625e-05
01111011000110100000,25.92920848493091,9.765625e-05
01001010110011111001,33.615161496071934,9.765625e-05
01100101001101011001,17.781093606325427,9.765625e-05
10101101100111111111,21.471804250870672,9.765625e-05
01110101000110011111,25.135568709774624,9.765625e-05
10101110101000001101,37.333068173051984,9.765625e-05
11001110100000000100,21.718124370008205,9.765625e-05
00100110101111001000,24.023256560935764,9.765625e-05
11000001011101110101,24.45234335997829,9.765625e-05
00011000110111110101,42.251560230383724,9.765625e-05
00110110010001111111,25.002305286504413,9.765625e-05
00111010011011100011,28.786447061220336,9.765625e-05
11101001011111000110,22.136905917321062,9.765625e-05
11010001000001000000,14.798989502180145,9.765625e-05
11010110100110100110,20.247989022242844,9.765625e-05
11011011000000100111,27.774243133654267,9.765625e-05
00010001111011001000,37.64257159158741,9.765625e-05
00110111100001111101,19.213415015094377,9.765625e-05
01111001101000100100,17.38168822305532,9.765625e-05
11101100001010100000,16.744423043244993,9.765625e-05
00000100010100100100,30.646915317463396,9.765625e-05
00001111011010101101,18.3107280715054,9.765625e-05
00101001110001010110,28.130328103723436,9.765625e-05
01011010010100101110,19.480692133815424,9.765625e-05
10110101011010111011,23.4507914636935,9.765625e-05
11100111011001111111,19.915578983339444,9.765625e-05
00101111000000000111,29.01701725064038,9.765625e-05
11011101000001100110,23.88622913742236,9.765625e-05
10010111011011110100,19.736207148510626,9.765625e-05
01100011101101100100,19.220051239180997,9.765625e-05
01111111000101001011,30.09818355066988,9.765625e-05
11110000000111001010,18.188233195021184,9.765625e-05
01010001000000110100,22.885905055080258,9.765625e-05
10001101101110111001,20.51396453822875,9.765625e-05
10010110101010010111,26.423194621325365,9.765625e-05
11011011110001000111,21.118594127087157,9.765625e-05
11000001000101001010,17.803353753773596,9.765625e-05
10101010111101101101,68.06821149667097,9.765625e-05
00011011010001111100,22.509069350945566,9.765625e-05
11110001000110010010,18.583484700776474,9.765625e-05
10100010010110101100,51.91152975366536,9.765625e-05
00111011101111011011,22.121580560557913,9.765625e-05
00110001101010001011,28.37214939405882,9.765625e-05
01101011000010001100,24.53436266991869,9.765625e-05
00110100111100001000,15.284344981878082,9.765625e-05
11100111000100010001,27.394573079651302,9.765625e-05
10010100110010001100,22.06201626303163,9.765625e-05
10100100001101000111,27.77257653289369,9.765625e-05
11111001110000000110,14.619016670783651,9.765625e-05
01110001111100011100,16.254534675472783,9.765625e-05
00010111000001001100,17.182180151807326,9.765625e-05
11111110101100010000,26.262204637651863,9.765625e-05
00101111011111011110,22.902310616063858,9.765625e-05
10010000011110000100,28.728042481110794,9.765625e-05
01111011000111111100,24.467163797793056,9.765625e-05
11011111001001010101,27.805283414697946,9.765625e-05
01100000011101001010,31.495008114881465,9.765625e-05
00110100100000011100,19.177431557146193,9.765625e-05
10100001001001101000,21.516098135294687,9.765625e-05
11011110001111100111,18.751273613883175,9.765625e-05
01100110110000101010,20.229079669045042,9.765625e-05
11101010011110011111,48.92470225005205,9.765625e-05
10000001011001000100,24.210880618891473,9.765625e-05
10111111101110101110,24.0093528064734,9.765625e-05
01001010101110011111,34.38525525233152,9.765625e-05
00100011110111000010,27.379964071182044,9.765625e-05
01100100001100000010,14.63176026767547,9.765625e-05
10011010101101101101,34.228330240458526,9.765625e-05
10111001000100101000,23.537188155707916,9.765625e-05
11011000100000001011,16.424583154173337,9.765625e-05
11110110101000110101,18.9567599493236,9.765625e-05
10110100111010110100,20.80238683929899,9.765625e-05
11000100101100100000,17.769807792451086,9.765625e-05
11010000000111111100,22.11438091956806,9.765625e-05
11011010100010100001,19.268747787999317,9.765625e-05
11001001010111000111,22.493690573676197,9.765625e-05
11110100101100010110,10.388158705777872,9.765625e-05
01111000010101111000,21.35868934006628,9.765625e-05
01000011111000111011,32.040708033149066,9.765625e-05
11111001111000001100,13.714649799653301,9.765625e-05
10101011001001011011,46.042622490024364,9.765625e-05
01101011001110100111,24.03880895457723,9.765625e-05
00010010001010000110,26.76684936211953,9.765625e-05
10001111100101011011,21.963312062126768,9.765625e-05
10011111101001010100,23.788970312635648,9.765625e-05
00111001010000010110,17.996832839096,9.765625e-05
10011000010101100100,29.43558803164033,9.765625e-05
01111100100100010000,9.847292756314896,9.765625e-05
10011110000010010001,24.046483084781162,9.765625e-05
10110010101011001110,28.9493775555902,9.765625e-05
10010011100100000110,18.30882067777172,9.765625e-05
10000011011100101100,27.438034344086844,9.765625e-05
11101111000100011100,39.31779225352575,9.765625e-05
11111111011111110010,25.137984211840703,9.765625e-05
10011100111010010100,18.611789038199284,9.765625e-05
10010001011011011100,26.45947687929535,9.765625e-05
10100100001110101001,26.209724640185602,9.765625e-05
00011001110111100110,24.72534058592223,9.765625e-05
00110001001010100011,24.354481563022425,9.765625e-05
00011001000100000001,14.69386718869098,9.765625e-05
11101001111100101111,20.80018306129879,9.765625e-05
01011001001000000101,18.16146573533797,9.765625e-05
11000001001110001110,24.736506242799695,9.765625e-05
10100010111011101111,54.44577991763198,9.765625e-05
00010111101101111001,23.311007070139304,9.765625e-05
00100000011101100110,52.385271179961826,9.765625e-05
00110000001110011100,30.169478428308356,9.765625e-05
01111000101101111111,24.021471164005387,9.765625e-05
10110101000001101100,19.98087670332474,9.765625e-05
01110111110010110110,22.857455289928424,9.765625e-05
00111101000100110010,15.614032997461752,9.765625e-05
11101110000000000000,43.83925788328105,9.765625e-05
10011011010000111100,26.391935912832466,9.765625e-05
00101111110011010111,22.993815911148246,9.765625e-05
01010101011010010010,36.73154994625446,9.765625e-05
10011000010001001100,28.419667489840535,9.765625e-05
01001101111111000000,17.26998465152492,9.765625e-05
11000100000001110011,15.486364251417,9.765625e-05
01101010001000011010,27.828451891877325,9.765625e-05
11101000010011111111,38.21907463866944,9.765625e-05
01000011110110000011,24.381085572141625,9.765625e-05
00011100110100100001,12.318864022981161,9.765625e-05
00000101101110010000,33.76318396442396,9.765625e-05
00000011001000111111,34.32982648893447,9.765625e-05
00111110110000110111,23.759146788622587,9.765625e-05
10111001100101111000,22.229786527645665,9.765625e-05
01100000110111011100,40.10921217537569,9.765625e-05
11011011100001011010,24.55222973099444,9.765625e-05
10011111111111100000,14.34299180216668,9.765625e-05
00000011000010000110,19.919591269054802,9.765625e-05
10000010001011110011,47.70952861617792,9.765625e-05
10011000101101101000,24.011485298563635,9.765625e-05
11111000100110110110,16.386286182434418,9.765625e-05
10111011001000001100,37.16879642196572,9.765625e-05
01011110101101000000,16.250886234095844,9.765625e-05
11010110010111110001,10.82591706636043,9.765625e-05
11110010101011110100,21.97854342522581,9.765625e-05
01010101010010101100,36.83887603774382,9.765625e-05
11001011001010001010,20.270941879962567,9.765625e-05
11101111001001111000,30.811636472125805,9.765625e-05
10101001001010111101,32.73154994625445,9.765625e-05
00010011010100110101,21.165749309251755,9.765625e-05
00111001001000011110,19.39477284776804,9.765625e-05
11010101111101011001,17.4630998925089,9.765625e-05
10010011101110101000,20.01593125652507,9.765625e-05
00101101100010110001,18.968001119643557,9.765625e-05
00111010001010100010,21.846290542136078,9.765625e-05
00001011011011010000,24.618944944719875,9.765625e-05
11010001010111001110,17.279748176142533,9.765625e-05
00010100101001100010,37.19570598494721,9.765625e-05
01001000110010011000,26.431758432767843,9.765625e-05
10110010000001000001,33.53203636783418,9.765625e-05
10101111001010010111,35.773610270986154,9.765625e-05
11010100001101101001,16.29316841988055,9.765625e-05
01101010101000010010,24.497288402536476,9.765625e-05
11011010011010000011,20.360253083083713,9.765625e-05
01010100001100010110,23.17090183154656,9.765625e-05
10110101101000011000,20.678295608479473,9.765625e-05
01100101000111100011,23.450791463693506,9.765625e-05
11001110001110000000,19.10127869124284,9.765625e-05
11100100000010011111,19.18263749994722,9.765625e-05
00010010101000100111,35.13504028286482,9.765625e-05
11101000111101011100,35.871431886679744,9.765625e-05
11111000111100001000,12.409531892849856,9.765625e-05
01001000010100101111,33.63747495526294,9.765625e-05
10011101010000001111,19.073351622906273,9.765625e-05
10101011000111111010,44.34428028526108,9.765625e-05
01101010000010001001,32.40450887065378,9.765625e-05
10010001111101100100,23.220198467847442,9.765625e-05
11000110111010011010,18.887184624386798,9.765625e-05
11011101000100100001,21.89025868991545,9.765625e-05
00001111110010110001,18.076822672530184,9.765625e-05
00100010100101111001,50.30220747734268,9.765625e-05
01000100011100101011,34.76827620980134,9.765625e-05
01010111010101110000,14.614306478083556,9.765625e-05
11010001011100010010,16.428347143620165,9.765625e-05
11011100100100011010,12.270924923643934,9.765625e-05
11110100010110100000,10.737530931309244,9.765625e-05
00011011010111101001,18.46597401521331,9.765625e-05
00101001010100100001,30.51986212474152,9.765625e-05
00011101001100011000,18.2549680534516,9.765625e-05
00001010001110110000,36.54501523973045,9.765625e-05
11101010101001010011,41.22201369692708,9.765625e-05
11100011010100011111,29.819343518754682,9.765625e-05
11010001101010111101,31.155520344254654,9.765625e-05
00101100011110101111,30.959766489289336,9.765625e-05
00001011111001010001,31.60758397117797,9.765625e-05
11001000000001001000,20.227644691705265,9.765625e-05
00010111000111110101,15.591276474254979,9.765625e-05
00010010101101101101,39.17125434634184,9.765625e-05
01110101001110001011,32.591854360037885,9.765625e-05
01011010101111011011,26.11297645908978,9.765625e-05
00101001011100001100,28.45528938341053,9.765625e-05
11111101111000110111,14.543463343445673,9.765625e-05
01111011100111010110,19.883144738562883,9.765625e-05
10010100101011010100,27.06862342900738,9.765625e-05
01111000000011110110,18.691345580781853,9.765625e-05
11010011001011010100,17.48723881573369,9.765625e-05
10011101001000111100,21.412370607086658,9.765625e-05
11000111000101101000,13.696504344670004,9.765625e-05
01100001111010000001,22.66931779113209,9.765625e-05
10101000101110110101,47.358734630914526,9.765625e-05
00011101010101101001,12.64422246101792,9.765625e-05
10011011011010001011,22.183614394726035,9.765625e-05
11000100011011001000,18.87892155073957,9.765625e-05
01001001000110001011,24.487241525756232,9.765625e-05
01111101001001100110,22.40146070226328,9.765625e-05
11101111001110011010,29.49004120157796,9.765625e-05
11110101101000111001,26.836706188572727,9.765625e-05
11101101011001010011,17.20948956152483,9.765625e-05
01000001011011111011,44.702883342508386,9.765625e-05
11100000000001000101,24.73746691568095,9.765625e-05
01010100000100110000,17.823761805672206,9.765625e-05
00010011010010110011,23.17982397006368,9.765625e-05
10101101101011111110,18.53393678555344,9.765625e-05
11001000101111111111,38.014042718424115,9.765625e-05
10011101011011001001,15.487475967962949,9.765625e-05
10100001000110111110,32.54267028915328,9.765625e-05
01111111110111110101,15.416616171273684,9.765625e-05
10010100001010011101,24.695479656160455,9.765625e-05
00011100000011110101,17.21252524672863,9.765625e-05
10011110111011001101,21.76178375909774,9.765625e-05
10001010110111110101,65.32604304028652,9.765625e-05
11111100011111110010,9.409826095532814,9.765625e-05
01111101110111000010,14.002376278147125,9.765625e-05
11110001000000001110,17.97023925043483,9.765625e-05
10111110001100101000,29.80910934620458,9.765625e-05
11110010011110001010,17.869959758989506,9.765625e-05
11111010010110101011,30.38909032054826,9.765625e-05
11101011101110011000,27.816512825412456,9.765625e-05
10101001101100110010,25.486364251417,9.765625e-05
00010000101101111110,57.41791217970935,9.765625e-05
10011101011000100000,16.177453737209664,9.765625e-05
10110000000111000000,22.735205363645804,9.765625e-05
10011101110011100000,14.05609034198924,9.765625e-05
11000110011111110100,21.119157114337742,9.765625e-05
01111110010000011001,22.795645673104374,9.765625e-05
11011111001011011111,24.458738438065197,9.765625e-05
10001111010111100000,20.47382146752208,9.765625e-05
01110011101110101101,21.983142853447042,9.765625e-05
10110011000100001001,24.238315773805,9.765625e-05
11101111010110110100,32.17349026307354,9.765625e-05
11000010101011100010,28.36051679054136,9.765625e-05
00101111000011110001,23.87646676644829,9.765625e-05
00011000101110010011,31.32604304028653,9.765625e-05
11000111011010111011,20.770387958942546,9.765625e-05
01101111011111111110,16.016823011332114,9.765625e-05
11110000000011011000,17.404106624354316,9.765625e-05
00110101110001000010,13.91362350160777,9.765625e-05
11001000111011000110,26.699179629978985,9.765625e-05
01010000100011110100,34.600123452356215,9.765625e-05
00101011001110010010,28.4473968365972,9.765625e-05
00111111111010001100,19.08833886860146,9.765625e-05
10011100101001111010,18.52368462264436,9.765625e-05
10011001111100111100,22.07455560248294,9.765625e-05
11001110110010111001,14.886167097395532,9.765625e-05
10111010001010101110,34.67068622832491,9.765625e-05
00111100000010000000,13.955193496283627,9.765625e-05
10001011010110000011,37.398527151177916,9.765625e-05
11001011111001011001,23.273681180899846,9.765625e-05
00101111101110011010,18.289498668656258,9.765625e-05
01010000111110100101,38.86538688599666,0.0001953125
01000110001000000000,15.90025840941901,9.765625e-05
01011000010010001111,18.491850640014423,9.765625e-05
00100111011111000001,18.160661537006312,9.765625e-05
01101111001110001000,23.392886899676768,9.765625e-05
11100000110100010110,24.86481503466704,9.765625e-05
10011100110101111000,14.382830249732361,9.765625e-05
01101010101010110000,24.143243047118617,9.765625e-05
01111011001100110110,22.032028652000513,9.765625e-05
01110001000000101110,23.302291686593154,9.765625e-05
10111110111000010010,28.366291842173453,9.765625e-05
01010000110110101010,38.19930215946148,9.765625e-05
00000001001111011100,42.51602714365198,9.765625e-05
11100110100001111111,21.73620714851063,9.765625e-05
01010010001011010100,20.975742818682775,9.765625e-05
10100101011010000100,21.09246596796565,9.765625e-05
10100000100110110111,48.624832768908306,9.765625e-05
01010001000101001110,24.811724147456076,9.765625e-05
00011111101111001011,16.30395339570417,9.765625e-05
01111011111110100100,14.513878429664182,9.765625e-05
11111111010010111010,34.9712137456502,9.765625e-05
01011001100110100110,23.747890337966197,9.765625e-05
11100101001111000110,17.622654691702568,9.765625e-05
10011111101100011000,21.32617086440306,9.765625e-05
00110001010100011011,20.538545899811634,9.765625e-05
01111011101000111101,23.888053132614008,9.765625e-05
11101101101001011001,17.127661780870156,9.765625e-05
00010111001010100000,27.65638784003154,9.765625e-05
01001100010001111111,20.164914604898417,9.765625e-05
01111010100010010011,21.304034073383832,9.765625e-05
01101010000011001101,37.80108325012256,9.765625e-05
01010101101111101111,54.17734566656151,9.765625e-05
11100101010110000010,18.37179687926354,9.765625e-05
11110110011101001111,18.447930373092984,9.765625e-05
01111011110100010000,21.149626278472873,9.765625e-05
10100110111010010100,32.20715847584928,9.765625e-05
10011110000110001101,22.30325786664669,9.765625e-05
10110011100100011000,19.954840072403222,9.765625e-05
10010001011101001000,18.18607469702941,9.765625e-05
11010110101111100000,19.106608088849477,9.765625e-05
10001110011010001110,30.13481216937865,9.765625e-05
10011101011100110001,12.124712018727049,9.765625e-05
10010100000000110101,16.78455370705234,9.765625e-05
10001101110101101010,16.45403306068382,9.765625e-05
01000100000011011010,26.998591800810857,9.765625e-05
01011110000110111001,13.080606121178128,9.765625e-05
10111001101111111000,21.377437130764687,9.765625e-05
11011010000110011100,23.333068173051988,9.765625e-05
11011110110101000010,18.11039153749742,9.765625e-05
10110111001011101011,24.582732856434678,9.765625e-05
11011011110010110000,16.535938074574545,9.765625e-05
01100000111000000111,26.828021223921045,9.765625e-05
01011100111111110100,18.04859714635861,9.765625e-05
10011110011011000111,25.635749013292063,9.765625e-05
00110010100101000101,27.056458784414826,9.765625e-05
11111010010100001111,39.63907855824372,9.765625e-05
11000110001001001001,16.6039646750391,9.765625e-05
10110010101101101000,25.577802810010738,9.765625e-05
01101100010000011110,16.18154001885754,9.765625e-05
11100000011111101101,39.10923808331021,9.765625e-05
00111111000010110011,25.023535832200736,9.765625e-05
00110001001101100100,17.283924097925777,9.765625e-05
00111111110011010100,18.912717892738918,9.765625e-05
10011110010100110001,23.45090671749614,9.765625e-05
01000100110011100001,31.999017157895093,9.765625e-05
10001001100110101001,26.315742142085593,9.765625e-05
10111110011000111100,35.25280684543729,9.765625e-05
00010111111010011110,30.693079652410688,9.765625e-05
01001000100110001010,28.64523809994456,9.765625e-05
11000001111101000011,26.849024325061254,9.765625e-05
01010110111001111000,23.269984651524915,9.765625e-05
10000011001001000010,23.332656240715572,9.765625e-05
10010001000001111100,20.139421283636842,9.765625e-05
10000000010011101011,49.240941502273856,9.765625e-05
10110111000100100110,27.92920848493091,9.765625e-05
00100011011110100111,35.21327303180896,9.765625e-05
11010001001111011011,27.836423043550145,9.765625e-05
01011100110010110011,16.15803769701173,9.765625e-05
10000011010101010011,38.94815867748122,9.765625e-05
10010000111110001001,32.87377871448172,9.765625e-05
10010100001000110001,17.45907555292083,9.765625e-05
11000000000000110010,18.50703682148171,9.765625e-05
11000110100111001000,13.591318749973606,9.765625e-05
00001110001001111000,22.049543660070974,9.765625e-05
00001011011011010010,25.977634284786156,9.765625e-05
00010010000101110010,30.931886480262435,9.765625e-05
10000101010101111100,20.110973074863992,9.765625e-05
00001111111100011100,20.750079956797506,9.765625e-05
00100000011110111110,60.68438592164701,9.765625e-05
01000111101101001010,25.08930151708419,9.765625e-05
11010100110111111110,22.393734941650724,9.765625e-05
10101000111111011101,64.78693780480799,9.765625e-05
11000111101010010011,23.97637077890497,9.765625e-05
10110011010101010000,29.347078818235616,9.765625e-05
00010101110001101101,30.528814142917774,9.765625e-05
10100100100111101100,28.051310615648752,9.765625e-05
01100011101110111000,23.97659617152878,9.765625e-05
00110100001110111010,24.839252708204047,9.765625e-05
01010100101101110001,29.071838688749192,9.765625e-05
11111000010001001000,22.51424227400261,9.765625e-05
01010010100000001110,21.51794848941449,9.765625e-05
00011111011111110011,12.114947879291574,9.765625e-05
11110001000001010010,17.285039444419205,9.765625e-05
11000110011100101110,20.82563806772653,9.765625e-05
01111111111011011111,15.765762818677379,9.765625e-05
01010110101101100000,23.470392177175608,9.765625e-05
00101011010010110101,39.39852715117791,9.765625e-05
01001001011011011000,20.358689340066277,9.765625e-05
10000111010000110011,22.791487665392726,9.765625e-05
11011111001001111000,27.933912746496752,9.765625e-05
01010000110010110001,29.999017157895093,9.765625e-05
10101001110110000110,31.274590321339502,9.765625e-05
11010011000111100100,14.960399439084647,9.765625e-05
00011010101101101100,32.264822148925894,9.765625e-05
00111110010000110001,25.38230648640073,9.765625e-05
01100110001011001001,19.699731902094634,9.765625e-05
01101000111000010011,22.693610577260607,9.765625e-05
01111000101101000110,14.736159060512644,9.765625e-05
11111100011101001011,12.154218730679693,9.765625e-05
10111000101110100100,22.766027140952886,9.765625e-05
01111110111000001111,16.820251924773274,9.765625e-05
10011010010100110000,36.273735216223926,9.765625e-05
11000000011000011001,24.38413810490067,9.765625e-05
10010110011101110101,24.34793488110416,9.765625e-05
11111111101101000010,33.13242285871799,9.765625e-05
00110001010110010100,18.49185064001442,9.765625e-05
01000100110100110100,25.9636278184672,9.765625e-05
10110001101111011000,21.188226219006765,9.765625e-05
00101111011011011000,20.64654876310243,9.765625e-05
00001001101110111110,41.39789838024728,9.765625e-05
00100110111100011110,33.38928627366674,9.765625e-05
11001100011101110010,13.066463924006921,9.765625e-05
11111011110001001010,28.312579247173467,9.765625e-05
00000000010001101100,49.815202162254586,9.765625e-05
01100010111111001111,41.05244902321813,9.765625e-05
11001110010000011100,22.45284845318107,9.765625e-05
11111100001000000010,20.625054695452327,9.765625e-05
01000001110110011100,33.33291276501875,9.765625e-05
11010101000011011101,22.354934400202357,9.765625e-05
01101010000100011000,37.355353221425986,0.0001953125
01111110101100011100,18.142058439615866,9.765625e-05
00100010000000101010,33.00118813907356,9.765625e-05
11110111111010001111,22.599602311510274,9.765625e-05
10100001111000101111,30.198961218767774,9.765625e-05
01111110110000100010,19.585804026846564,9.765625e-05
11110011101001100101,19.22089917198192,9.765625e-05
01011010011110101101,18.737112757379485,9.765625e-05
10111110001111011010,29.03600563801166,9.765625e-05
11111110110000101101,26.415862868181264,9.765625e-05
11001100111110111010,16.750018662031575,9.765625e-05
01011101001011011101,24.373143136392883,9.765625e-05
01011101011010011001,23.16779868627086,0.00029296875
00100111100011111110,22.46597401521331,9.765625e-05
11011110010110100101,15.740058057230474,9.765625e-05
00100101010110110011,26.212158605240464,9.765625e-05
01000110000111110111,24.13693799056155,9.765625e-05
01110110110110001001,11.109822221526285,9.765625e-05
00111111001110010011,17.24861082799889,9.765625e-05
11011110011100101001,14.087483029064817,9.765625e-05
00010101001001010111,27.15074342590372,9.765625e-05
10100010111100111101,58.43900220012257,9.765625e-05
11011101001110000001,23.433139353147354,9.765625e-05
10110010011101011110,42.95560378511385,9.765625e-05
10001110010101110011,40.348725138246806,9.765625e-05
01000111011010100101,21.106608088849477,9.765625e-05
01111011011111100111,17.28844492203584,9.765625e-05
00000011000110110011,32.13693799056155,9.765625e-05
11100101000011100110,19.79551346298311,9.765625e-05
10000010000101111111,55.01310150474397,9.765625e-05
00001101011111110011,22.29628698718519,9.765625e-05
11100010000000011010,28.16146573533797,9.765625e-05
00110010010111010011,34.41635937433944,9.765625e-05
11001001011110110001,20.48916830240364,9.765625e-05
01010000011011011101,34.3907727726083,9.765625e-05
01011100110000111011,17.833822107200277,9.765625e-05
01000110110011110011,26.468030488259686,9.765625e-05
01110000111111111101,35.97834366790545,9.765625e-05
11100000110111100100,30.384323724688333,9.765625e-05
10110011100100011110,22.114031027258463,9.765625e-05
10110001010101001010,16.9191863127328,9.765625e-05
00101000111111111100,60.72804966426527,9.765625e-05
11001000100101000100,23.966081231883358,9.765625e-05
01010111101100011101,25.391984000830455,9.765625e-05
11100100111010011011,18.787436792212457,9.765625e-05
01011111000001100000,29.302390365471624,9.765625e-05
01110001101010100001,29.858519751274123,9.765625e-05
10011110101100101001,16.327060545641608,9.765625e-05
10010101110110111110,28.5063399431853,9.765625e-05
10000000010011101010,44.51602714365198,9.765625e-05
01011011111011100001,17.667393746186853,9.765625e-05
11001111010111111111,15.853513908728573,9.765625e-05
01011110001100101010,19.059928033101322,9.765625e-05
11011001111111001111,19.022212500352303,9.765625e-05
10001111011010010011,24.79147797935577,9.765625e-05
01000101101110011011,45.58214043008842,9.765625e-05
00010010101100001010,28.78226373336037,9.765625e-05
10010010000101100001,26.39460775369784,9.765625e-05
01001110010000000011,17.69931463724999,9.765625e-05
10000101001011011100,22.69547965616045,9.765625e-05
11100001111010100000,16.378754671969954,9.765625e-05
11010101001010001100,35.92578888062139,9.765625e-05
11111001100000001110,21.056191420431148,9.765625e-05
10010100100010010111,24.97669651554962,9.765625e-05
00011101100011011011,24.45957305529133,9.765625e-05
01110010000011110100,21.91176690589462,9.765625e-05
00000101101111001000,36.7869946372818,9.765625e-05
11010100110101101011,15.915871836035157,9.765625e-05
11001011000110111110,20.614306478083556,9.765625e-05
00111000111110100101,27.113962745638293,9.765625e-05
00111101001100110000,14.06933206690924,9.765625e-05
10011100111000010111,18.45403306068382,9.765625e-05
01011100111100000000,11.320178119742817,9.765625e-05
00011000111001001011,33.17125434634184,9.765625e-05
10101001010010101010,28.362456861083917,9.765625e-05
11101001100000101100,17.897195036979454,9.765625e-05
10000001110101110111,43.15818241195588,9.765625e-05
10001000101101010110,47.83410527385904,9.765625e-05
00000110001100101111,34.02662368630019,9.765625e-05
11010000011000111001,16.46782872286184,9.765625e-05
11101100101110101010,14.67845552747268,0.0001953125
00110011001010110001,21.2027768277834,9.765625e-05
00010110001100101100,22.188156870870245,9.765625e-05
11001110001110010010,18.899579248893957,9.765625e-05
00010101111001000011,30.571501285024475,9.765625e-05
00111000100011100100,24.4335049984232,9.765625e-05
11110011000011110101,24.347932258208818,9.765625e-05
00100000100110100100,41.55461904165511,9.765625e-05
01110101101011011110,34.3913828187589,9.765625e-05
00000100111000110000,38.40642315327467,9.765625e-05
11100001111111011100,22.317129031427378,9.765625e-05
11000000111100101100,30.954236267845978,9.765625e-05
10010100011001100001,16.54579217004885,9.765625e-05
11111100101111010101,11.35647587602912,9.765625e-05
01100111000010010000,19.96415000378365,9.765625e-05
00000000011010011011,59.66778965292595,9.765625e-05
11010000001001000010,18.739381285429047,9.765625e-05
01000010101000000100,22.537775934667835,9.765625e-05
00011100011000111000,17.174023712442125,9.765625e-05
01111001010010000100,13.351826384208422,9.765625e-05
00001101101100101110,26.900946543239588,9.765625e-05
01101110010010011100,24.161465735337977,9.765625e-05
01010010100000100101,20.739381285429047,9.765625e-05
11001100001010111000,11.76631208691288,9.765625e-05
00000111000000111101,20.055203370773235,9.765625e-05
11011110110010111011,13.230450816260397,0.0001953125
01101001101000100001,19.230814660598824,9.765625e-05
01101110000010110010,21.52670551222522,9.765625e-05
10010000001010101100,29.613639392319083,9.765625e-05
11000110010010111001,14.039798685569352,9.765625e-05
11101010001011110011,41.70866391215259,9.765625e-05
01100011111000100000,16.491359673504526,9.765625e-05
00010001111110110011,48.18676303799005,9.765625e-05
00100110011100111000,30.209134064075936,9.765625e-05
10100011110000100111,32.13690591732106,9.765625e-05
11101111110000111100,26.919793736397708,9.765625e-05
10001010101111010101,57.01310150474397,9.765625e-05
11110111001000000100,36.37993550293382,9.765625e-05
10111110111101010000,30.61715309905609,9.765625e-05
10111101110111100000,13.423265612968073,9.765625e-05
11111001001100001010,21.813802876853302,9.765625e-05
00110000010100000000,15.656592831893118,9.765625e-05
10111000110011001001,29.05645878441483,9.765625e-05
11100000011011011001,31.732375611864704,9.765625e-05
10010100100010110111,27.72776649760651,9.765625e-05
00001010011110010111,54.64405995201504,9.765625e-05
10111101101001111101,17.46746841009422,9.765625e-05
11101101101010110000,18.16084704803059,9.765625e-05
00111000000100011111,30.015931256525075,9.765625e-05
10110001011111100110,22.12884620286904,9.765625e-05
01000001110011011100,31.391807147154807,9.765625e-05
11011000010001110001,15.62286864601985,9.765625e-05
01000000001101100111,44.293743715653775,9.765625e-05
01110001111111101010,29.916224350830436,9.765625e-05
11010001100000111101,19.954534725680993,9.765625e-05
10010100110010110011,24.04070803314907,9.765625e-05
01011010001010110011,19.29913546374634,9.765625e-05
00101100000010010111,23.145748727397443,9.765625e-05
00010010010110101111,35.09472587649461,9.765625e-05
11110000010011000100,14.857144141766652,9.765625e-05
11010111000010111010,31.827857136902992,0.0001953125
00010000011101010001,37.2626033740167,9.765625e-05
00010000100111010010,41.240941502273856,9.765625e-05
11101110011110010111,34.4255334174364,9.765625e-05
10000110101110001100,26.092712806231866,9.765625e-05
11010100111101110010,18.47414368343574,9.765625e-05
00101100111111011000,29.741218421941085,9.765625e-05
00111101100110011010,18.350423692191555,9.765625e-05
01001011001110000011,20.202844287855307,9.765625e-05
00000111100011100010,23.52920588163201,9.765625e-05
01001011010101110100,21.86227302599567,9.765625e-05
01111011111011010010,15.282934366933652,9.765625e-05
11110101001010010010,31.29629309792587,9.765625e-05
11001010011010011000,25.244610322776843,9.765625e-05
10111000011110010101,37.17051654156573,9.765625e-05
01010110010011111100,17.64087311393005,9.765625e-05
10110110011010110111,27.591276474254975,9.765625e-05
00010000100110010010,37.05034370117415,9.765625e-05
11110000010100011011,14.753465632277926,9.765625e-05
11010101111010111001,32.808126504099675,9.765625e-05
10111111001110011010,30.465335623736735,9.765625e-05
10000111010011110000,17.157096483331582,9.765625e-05
10111111001111000110,30.23545602235191,9.765625e-05
10000110110011011100,29.27459376578311,9.765625e-05
11011001111111011000,17.11718152611109,9.765625e-05
11000000110000110001,22.54249435540257,9.765625e-05
10011100010011111000,15.474104634180843,9.765625e-05
01010011011001110110,20.07388090425,9.765625e-05
01011011001010100110,20.11418562458326,9.765625e-05
11010010111110100010,20.36051679054136,9.765625e-05
11110100010110011110,12.442286590021027,9.765625e-05
00000011010100011011,33.61893246153318,9.765625e-05
01000011111010011101,25.4030812014237,9.765625e-05
00110101100101011001,14.47870958041418,9.765625e-05
01001011010000000011,20.110391537497417,9.765625e-05
10110010110011111010,32.017545612059166,9.765625e-05
11111001010010111001,21.221066241653592,9.765625e-05
10001111100100010010,23.361254573681286,9.765625e-05
10111011110001101010,28.47931410855267,9.765625e-05
10000001011111101100,37.941515906694164,9.765625e-05
10110000100001011010,22.491850640014423,9.765625e-05
00010111010001001011,15.79253536631038,9.765625e-05
00001000000000101101,36.63587841542377,9.765625e-05
00011011100101110110,23.87820428252074,9.765625e-05
11000000010011000011,28.619783093516823,9.765625e-05
01100110000101100011,22.86983117881572,9.765625e-05
10011011011011000110,24.137419063894427,9.765625e-05
00110111100101101101,15.792535366310384,9.765625e-05
01101000111100001100,27.227644691705265,9.765625e-05
00011000101101111001,37.6461633859944,9.765625e-05
10111011001000110000,37.96526806029962,9.765625e-05
00000101101010101011,52.41104151341601,9.765625e-05
11010000100111111011,30.196121780949717,9.765625e-05
00101010101100010011,45.87393684337732,9.765625e-05
11110001100111111010,20.206425269160338,9.765625e-05
11011101101000110000,26.8015574458177,9.765625e-05
00010100101110110010,41.97988679807821,9.765625e-05
01101010000101000110,40.20416536063138,9.765625e-05
10000010000111111011,50.45959336892637,9.765625e-05
10011101101100011000,18.2549680534516,9.765625e-05
01110011101111111101,22.353359327641776,9.765625e-05
01010011101011110010,33.32788026392576,9.765625e-05
11010111011011101000,22.083729754343274,9.765625e-05
01111000011110001000,13.138223458526326,9.765625e-05
01101011101111001100,20.959380992168445,9.765625e-05
00011000010001101100,28.782143722998363,9.765625e-05
00010101111110100011,42.20971589570977,9.765625e-05
00000100010001101110,39.121309359896344,9.765625e-05
10000101001011001111,27.555807180728667,9.765625e-05
10000100001111011000,28.375009331015786,9.765625e-05
10000010000101011111,54.41008781654917,9.765625e-05
10101101000011101110,21.95387595507836,9.765625e-05
10111100010100001111,22.79271285644008,9.765625e-05
01010111000111111000,23.183745870426232,9.765625e-05
01010110111011011010,26.02890305403026,9.765625e-05
01011001011101110010,17.068278967582685,9.765625e-05
10010110011100110001,17.930061750649713,9.765625e-05
10101100000100011110,32.73694035519958,9.765625e-05
10100101110101011000,16.7908108935913,9.765625e-05
01111111011111011111,14.163760601384364,9.765625e-05
00100100011111110000,33.935992144824034,9.765625e-05
11000001111001000001,19.024959686389117,9.765625e-05
01101100010101011101,23.44372686245066,9.765625e-05
01000010111000111011,39.68982712861266,9.765625e-05
00111100001100111000,13.069615233568001,9.765625e-05
00110010111010111101,34.62623214143679,9.765625e-05
00110011100110100100,17.269512235131014,9.765625e-05
10010000111110110110,44.88454307746067,9.765625e-05
00100111010011110101,23.113047450732488,9.765625e-05
01101010110001110000,35.38258965305948,9.765625e-05
11111100001101100111,13.65971678635718,9.765625e-05
01010110111000111010,27.628683677628153,9.765625e-05
01101011000100111001,33.93860274557467,9.765625e-05
01101010101010000100,23.489747206035055,9.765625e-05
01010001101010000110,41.20878510248765,9.765625e-05
10010100000001110111,21.212525246728635,9.765625e-05
00101100111000110001,22.24616773707373,9.765625e-05
00100111001101110100,19.157096483331586,9.765625e-05
11000111110001100100,10.983695947520612,0.0001953125
10000000010001110000,40.05202091869298,9.765625e-05
00111000010110100111,26.874375543024552,9.765625e-05
01010010110110100010,22.67059650106233,9.765625e-05
01011000010100010100,13.74189591732376,9.765625e-05
00001101101011001101,24.494102506012617,9.765625e-05
11110110011101101110,19.04539093619971,9.765625e-05
10101000101001100000,32.17838525401304,9.765625e-05
10110101111100000011,12.199976221240366,9.765625e-05
00001110001110001011,21.21252524672863,9.765625e-05
11111110111011011001,19.692296567626155,9.765625e-05
00110100000111101011,21.13957775818644,9.765625e-05
00010110011101001110,24.06725779980413,9.765625e-05
00011010110000110110,31.615205845359057,9.765625e-05
11001011000010100101,21.983412780861855,9.765625e-05
01011000001010100100,17.617461890221925,9.765625e-05
01101011010011110010,24.21442648599616,0.0001953125
10110011001101001001,22.50246321365814,9.765625e-05
11111011110001111010,26.20284781942611,9.765625e-05
11010011101110100000,20.747902821152895,9.765625e-05
00010101010110011111,28.87437554302455,9.765625e-05
11001101111110010100,11.911252741472744,9.765625e-05
11110010000101000000,26.256540437625823,9.765625e-05
01001100001101000011,14.879579597760953,9.765625e-05
01000110110010100101,22.80238683929899,9.765625e-05
00101000000101011111,54.41008781654917,9.765625e-05
11001101001111011101,13.280326454569375,9.765625e-05
10000000010110100001,43.69581435526081,9.765625e-05
10011110001001110101,26.25701923140812,9.765625e-05
10011101001101010010,15.354657388009748,9.765625e-05
11111011011000110001,33.01382615740333,9.765625e-05
11011101101100111011,23.31834922210524,9.765625e-05
01101011100111000010,22.45766566155765,9.765625e-05
01010110101110101110,34.91017401763912,9.765625e-05
10000111100000111010,19.974878027530245,9.765625e-05
01111101111100110101,11.594234904586534,9.765625e-05
00001101101000100001,21.168107477436692,9.765625e-05
11011111111000000110,26.795645673104374,9.765625e-05
00100100001110110111,34.54455895810691,9.765625e-05
00101011101110000111,28.34691027972181,9.765625e-05
11101101110100011000,17.561945265990737,9.765625e-05
11110100010110101101,12.486287828889392,9.765625e-05
11100001011001110010,17.04449148179701,9.765625e-05
10101000110010110101,50.111622159429665,9.765625e-05
11000110011100001010,17.938185295226155,9.765625e-05
01111100010010010001,9.26874778799932,9.765625e-05
11101101101000101100,19.255004381844145,9.765625e-05
10011011000000000100,29.807189469284204,9.765625e-05
11100101010001001100,13.334918527171787,9.765625e-05
01111011000010101010,27.648797919078078,9.765625e-05
00000111101000010110,24.51986212474152,9.765625e-05
11000001011011111000,23.157379649990343,9.765625e-05
11010110110101110100,11.47410463418084,9.765625e-05
00010111001111111010,25.89262612561972,9.765625e-05
11101101001111000101,19.221066241653592,9.765625e-05
11000000011111011011,43.946247752176724,9.765625e-05
00100010001100100110,40.78076681396079,9.765625e-05
11100011100101111100,20.128536258059647,9.765625e-05
01111011110101000111,20.291320688246437,9.765625e-05
11011100000000100001,14.218550581070552,9.765625e-05
10011101101011001100,21.84820636988649,9.765625e-05
01110001010110111111,23.139577758186437,9.765625e-05
11110101101010010101,24.270600939268867,9.765625e-05
00010111001001011010,23.266823732214267,9.765625e-05
10001011101100101101,29.970147123608808,9.765625e-05
10010010000011100001,24.608152170923923,9.765625e-05
10011010110010110101,34.00430304395471,9.765625e-05
00111000101101100001,22.21617368810557,9.765625e-05
10011100110000110001,11.55059053404218,9.765625e-05
11100111000111101100,20.997783825940303,9.765625e-05
00101100100111010110,24.920538724328296,9.765625e-05
01101101001011000000,16.172508144549884,9.765625e-05
10010101011111010101,18.707870857860193,9.765625e-05
00000111011001101010,23.596063078642864,9.765625e-05
10011111000010110111,26.14743426007811,9.765625e-05
00111101100110110001,15.255247052085508,9.765625e-05
10001101011001000011,16.972947730151844,9.765625e-05
01111001100110110011,19.561533627921584,9.765625e-05
00100011101000101110,25.384307797058028,9.765625e-05
10100100011010000101,28.959795634527403,9.765625e-05
11100000111110111111,39.55798525793441,9.765625e-05
00000111001111101010,24.86502928325158,9.765625e-05
11000010111110100111,37.62578646577515,9.765625e-05
11010011111001001011,17.707479119145955,9.765625e-05
11011111001101111100,20.86706523552285,9.765625e-05
10010100100110111011,25.42606613238391,9.765625e-05
01000010001111110011,40.84122579354821,9.765625e-05
01110100011010000100,14.737466915680951,9.765625e-05
10001010111101111111,67.21816270108005,9.765625e-05
10011111000000101000,29.117390969468417,9.765625e-05
01111101010101111001,15.624921761749818,9.765625e-05
11110111110000111001,20.937645604264226,9.765625e-05
10110110001010100001,23.221066241653592,9.765625e-05
00100010100111100001,44.62066308871841,9.765625e-05
11111000111001101000,13.591318749973608,9.765625e-05
11101010001010001101,40.001901973688604,9.765625e-05
11101101010101111011,19.411740465280914,9.765625e-05
10010000100101111110,37.40252621928551,9.765625e-05
10111111101110010011,25.248610827998892,9.765625e-05
00000010011111110010,58.99616523689034,9.765625e-05
00000111011010101101,25.772576532893694,9.765625e-05
10100011100000110000,26.250886234095844,9.765625e-05
10000110110111110001,32.68294397913263,9.765625e-05
01011100010000111011,13.594244590623491,9.765625e-05
10000011101011101000,23.10744623764642,9.765625e-05
01010110111110011001,18.43541239215688,9.765625e-05
11111111010111101000,31.39673883708494,9.765625e-05
11101100011101110110,19.04266675218429,9.765625e-05
11000110000101011110,17.963624374023592,9.765625e-05
11111101111100001001,17.38354688149714,9.765625e-05
10111011001110010010,34.74600374258106,9.765625e-05
01111110010001000001,24.637221962530575,9.765625e-05
00111110010111000100,25.776351029925745,9.765625e-05
11001100100011101010,15.18217588581545,9.765625e-05
10011101010000100000,16.349300303167354,9.765625e-05
11110110110001111010,15.42326561296807,9.765625e-05
10101111000010111000,35.59616873353575,9.765625e-05
01110011010111000101,13.363666994717072,9.765625e-05
10000111010010001110,20.230689426491974,9.765625e-05
00011101101000011110,29.444706260111953,9.765625e-05
11100111100001101100,18.546612590278066,9.765625e-05
10010010011101110100,38.949057103195585,9.765625e-05
00000010111001010100,50.98582873387811,9.765625e-05
10010000000010110101,28.071433721587372,9.765625e-05
11011001110000110011,14.598901792879671,9.765625e-05
11101111001101111001,30.397372951773278,9.765625e-05
11010000100111101110,28.510949057443494,9.765625e-05
01000111010011000001,13.045390936199707,9.765625e-05
00101101101010110000,17.68575957174484,9.765625e-05
10010111100000000101,19.95614448312792,9.765625e-05
10100100110101111111,37.45679276238334,9.765625e-05
01000001110100011001,31.717757728520038,9.765625e-05
01001011010010011011,19.736207148510633,9.765625e-05
01011110001010000001,17.018876556376064,9.765625e-05
10100010101101011001,50.12474032622501,9.765625e-05
00110011000010100110,19.8145088263688,9.765625e-05
00111011010010101010,21.035947863976702,9.765625e-05
00100110111101111010,35.74024182142952,9.765625e-05
11110100100001111010,14.599846527290804,9.765625e-05
10000111100100101000,14.928514022389782,9.765625e-05
11000101111111110000,21.965519284570576,9.765625e-05
00011011000000011101,23.137317849657478,9.765625e-05
10100011010110100000,33.515192526425835,9.765625e-05
00010110110011110011,26.554811121015998,9.765625e-05
00000100011111110111,54.78325742104324,9.765625e-05
10011101000001101111,18.364268176788634,9.765625e-05
01101001100110100101,21.88518153442827,9.765625e-05
00000001011110111100,50.53745186316556,9.765625e-05
01110111001010101111,33.89764101774818,9.765625e-05
01011100101000110010,22.517128989110205,9.765625e-05
11011001101110001111,22.108397224490723,9.765625e-05
00111111000010000011,26.231749806940016,9.765625e-05
11110010000110110001,24.200994668156568,9.765625e-05
01110101001010101110,42.5866563348124,9.765625e-05
00010111101100011111,26.00429335791776,9.765625e-05
10000100101101011001,29.292256482291155,9.765625e-05
01010110011110100000,17.182175885815447,9.765625e-05
01110011111011100101,16.585028799088917,9.765625e-05
00110101000001011111,18.729522836426018,9.765625e-05
10010111100101101000,14.071495027193127,9.765625e-05
11110111001101001110,25.6857870356487,9.765625e-05
10011010010001011011,41.531068718938506,9.765625e-05
01010101111001011111,37.23944811444508,9.765625e-05
11000010011110001001,27.758485944451465,9.765625e-05
00111100001001100110,14.07491527879651,9.765625e-05
01011111010000101000,25.959028477373167,9.765625e-05
00101100001001001000,18.78740656961822,9.765625e-05
11100000010110110100,29.529945329914305,9.765625e-05
00010101101111011010,42.983203337504534,9.765625e-05
00111010001100110100,34.213565862868485,9.765625e-05
01101101001110110011,16.45245100131246,9.765625e-05
01011110000000010010,20.01603962144049,9.765625e-05
11100011100100101111,22.57689720114189,9.765625e-05
10011011111010010111,26.317167433388416,9.765625e-05
11010010001000000011,20.241141259594222,9.765625e-05
01110101101011100110,37.83370134622537,9.765625e-05
11001000110101101101,33.40655026460632,9.765625e-05
10110000100000011101,22.830896266550397,9.765625e-05
11001001011000110010,14.12948893707798,9.765625e-05
00010010101010010010,31.53978900493058,9.765625e-05
01111111101111111101,18.97291867204098,9.765625e-05
10001000010100011001,49.3766421992475,9.765625e-05
00100110110010101010,28.134515599608253,9.765625e-05
00000011100000110101,28.31574214208559,9.765625e-05
00011100000111011010,16.80018306129879,9.765625e-05
01011110111111011100,14.374636524221653,9.765625e-05
00011110000100010001,15.059928033101322,9.765625e-05
11010011100011010010,20.00237627814712,9.765625e-05
10101001111000001110,25.606717193584146,9.765625e-05
11111001000001100101,24.280178844098813,9.765625e-05
10111101111100010100,15.583899343135428,9.765625e-05
10000011000011101010,21.97854342522581,9.765625e-05
10010101010111110001,15.244159559165404,9.765625e-05
10110110110011011011,20.695770963316996,9.765625e-05
01011011011010010101,13.423265612968072,9.765625e-05
00100101110010101101,30.66931779113209,9.765625e-05
10110111110100010001,17.71434372934982,9.765625e-05
01111010110101100110,25.569935876864665,9.765625e-05
01010111100001101010,37.833852281126674,9.765625e-05
00010111100010001011,28.25411034707687,9.765625e-05
00110011101010111100,23.890676885481394,9.765625e-05
00000011110010111101,36.75148651248047,9.765625e-05
01100011010111011001,25.479224392129915,9.765625e-05
00000010011000000110,40.00215152197735,9.765625e-05
00010111100000111101,25.250876548058887,9.765625e-05
01101011010001111010,27.511132152712484,0.0001953125
10010110100110101010,19.162939016671768,9.765625e-05
11000010011000010011,28.806215578795182,9.765625e-05
11110000010100010100,12.784590035444882,9.765625e-05
01010001101001001001,36.45928510504154,9.765625e-05
00001001110001100111,32.424954317461285,9.765625e-05
00101001000110010101,31.839417802274244,9.765625e-05
01110111111001111101,18.368000300135037,9.765625e-05
11110011010001001101,19.821039286389503,9.765625e-05
01011110001110110010,14.54246354502213,9.765625e-05
11001001000111111001,21.568471754286826,9.765625e-05
10010011001000100100,19.437745670255804,9.765625e-05
01100011101111111100,24.38108557214162,9.765625e-05
00011110001010100011,15.963312062126768,9.765625e-05
00001100110100010000,22.72404406029706,9.765625e-05
10000000011010101011,48.79860339065105,9.765625e-05
01010110011111110010,20.867891108273163,9.765625e-05
00000100111101110000,44.13615627665212,9.765625e-05
10110001010100000100,15.162059755891244,9.765625e-05
10111111101100011101,28.177223120841013,9.765625e-05
01111001100010100110,19.348986946390365,9.765625e-05
10001010010110011100,56.47766508976841,9.765625e-05
11100101010010001111,20.363908500475066,9.765625e-05
11000011001001000011,21.423265612968073,9.765625e-05
11001001010011011001,20.29374651280352,9.765625e-05
10001110111110100101,32.18971084072352,9.765625e-05
10000010000100011010,39.02227536233704,9.765625e-05
11011110011111011110,16.444284641738587,9.765625e-05
11101110001000010000,35.729095591277165,9.765625e-05
01011010010011111010,19.84593086582251,9.765625e-05
11111100111000010000,9.484816523157072,9.765625e-05
10011011101101000011,24.91261057270367,9.765625e-05
01100111000110001000,20.827709439305224,9.765625e-05
00110110100110000111,16.40105409159527,9.765625e-05
11101000110010111011,27.452102763305422,9.765625e-05
00001111000111100000,11.87176147619412,9.765625e-05
01110011110000111001,17.04539093619971,9.765625e-05
01010010001000010110,20.491359673504526,9.765625e-05
11110011110010100100,14.533950737582266,9.765625e-05
11110100000011001000,18.555946366864347,9.765625e-05
00111010101010101110,25.42438620484253,9.765625e-05
01101101001001100110,14.069352467671479,9.765625e-05
01010011101110101001,31.550238128010285,9.765625e-05
01101100000110100000,14.988673689708264,9.765625e-05
00011111001000011101,20.36348154959346,9.765625e-05
01010110000110111011,20.659645794714468,9.765625e-05
10100010100000110110,42.62337123634014,9.765625e-05
01101111011000001110,21.602105369303416,9.765625e-05
00100000000010111000,38.160449998444314,9.765625e-05
01101001010001011110,19.88422783756143,9.765625e-05
01100010001000010110,23.091807197363018,9.765625e-05
01010010111011011110,31.608919328078162,9.765625e-05
10110111011011110011,22.563608003790073,9.765625e-05
01001010001011000000,20.649722165599776,9.765625e-05
01111000111000110011,12.334551151262556,9.765625e-05
00111000110111110100,35.35354650380843,9.765625e-05
01100101001001110001,18.95204424945122,9.765625e-05
11011101010111011011,14.038808954577231,9.765625e-05
11000100000110010100,13.043216216310375,9.765625e-05
00011010000010000010,19.51800281900583,9.765625e-05
11100010011110010000,33.11474133030269,9.765625e-05
01000110100100001000,16.597604347329565,9.765625e-05
11100010100010111010,23.825402803561886,9.765625e-05
01010100111000100100,31.132404770391986,9.765625e-05
11001111011101111111,17.06236823974954,9.765625e-05
00111100011111111110,20.308726782484296,9.765625e-05
10000000011001110100,48.94600341679299,9.765625e-05
10010011100010100110,21.644621910167636,9.765625e-05
11100011011100111111,28.15516618595319,9.765625e-05
11011101011110001010,20.90627155484149,9.765625e-05
00000010001011110111,54.21713456812688,9.765625e-05
11101000110101101001,35.2460843385317,9.765625e-05
00110000100101100111,30.520214639536796,9.765625e-05
01111111100001110010,29.718181507589094,9.765625e-05
10000100110111101000,32.34082154456946,9.765625e-05
00111000000001110001,26.32411180134701,9.765625e-05
00011001011010010101,20.54267028915328,9.765625e-05
11101100101010110001,13.561591107689267,9.765625e-05
10110011011011111111,28.32564276917889,9.765625e-05
11101010001011111111,42.101821484461595,9.765625e-05
10100111011000110111,30.184693325699726,9.765625e-05
11011001110000100100,10.348334123113819,9.765625e-05
10110011101010101110,21.793418805955575,9.765625e-05
11011001111100111010,16.52368462264436,9.765625e-05
10110100110100000100,11.610835341332443,9.765625e-05
11011011101000001101,22.960811371421062,9.765625e-05
10100001101110000101,28.06725779980413,9.765625e-05
01110010000011110010,21.857455289928424,9.765625e-05
10010100011100000011,16.315742142085593,9.765625e-05
01011100110011011001,16.054168996226732,9.765625e-05
11011110101010100101,20.06935246767148,9.765625e-05
10111111011010000010,33.05147507326491,9.765625e-05
00011000110011011000,32.82802122392105,9.765625e-05
01010011010010100110,17.644621910167636,9.765625e-05
11101000100100101011,26.428347143620165,9.765625e-05
01101111010000110111,24.56826582086412,9.765625e-05
00100011011100100110,30.054168996226732,9.765625e-05
01000110101010000110,26.934269636456953,9.765625e-05
00100000000101010100,43.072735335162335,9.765625e-05
01100110010111010011,21.93457154957539,9.765625e-05
00011100100110000100,16.231104068850932,9.765625e-05
01010111001111110101,21.92530803021076,9.765625e-05
11010011111101101000,14.05507189507304,9.765625e-05
01110011010100001001,14.53395073758227,9.765625e-05
11101110001110001010,28.867582844388338,9.765625e-05
00111101011000000110,13.461614117148592,9.765625e-05
01011000001011100001,20.150409374097233,9.765625e-05
11110110010001101010,21.285039444419205,9.765625e-05
00110001100110111101,30.16157338746851,9.765625e-05
01011001000001110000,18.281547183324605,9.765625e-05
10100010001110110000,45.33802374601598,9.765625e-05
01110111001111111011,23.94896610302492,9.765625e-05
01001011000000001000,18.27225942116783,9.765625e-05
00010101011010111111,42.72583620022811,9.765625e-05
01010110001110011110,22.39460775369784,9.765625e-05
01001101001011011101,17.498891183968993,9.765625e-05
00011010000000111000,24.928514022389784,9.765625e-05
11110110111110111100,13.701032781248527,9.765625e-05
01011110001010111011,18.568188587628068,9.765625e-05
10000000100111111011,57.47589117981241,9.765625e-05
11000110001011101010,21.273681180899843,9.765625e-05
01100111101100111010,23.19017172043422,9.765625e-05
01110111011001011001,16.63806562933962,9.765625e-05
11010100010011100001,13.007457808799217,9.765625e-05
10100111010101001110,27.864153554041863,9.765625e-05
10011000000000110101,25.686915550450713,9.765625e-05
10010000111000000110,28.863516865535683,9.765625e-05
11011000000101101010,16.815561838568158,9.765625e-05
00001110101110000000,18.671948705517764,9.765625e-05
10000100111111110100,43.24743124295492,9.765625e-05
01010010111011110011,33.863021752637124,9.765625e-05
00001010010101010010,53.39797561348333,9.765625e-05
00100100000010100101,26.670683420335347,9.765625e-05
00010110010011111000,20.374636524221657,9.765625e-05
00110001000100010010,15.332656240715572,9.765625e-05
00001011010010001110,23.032196270589377,9.765625e-05
11110011110010011001,15.481164462672467,9.765625e-05
01010100000101111101,22.269325880922285,9.765625e-05
11100011001010011110,20.804136936525154,9.765625e-05
10100100100111010111,30.894428391741528,9.765625e-05
01110001011111000100,13.279748176142531,9.765625e-05
10001000111000111100,42.895890626254754,9.765625e-05
00010101001001011010,32.694574047291596,9.765625e-05
00111010000111111100,40.0205947003746,9.765625e-05
11110011000000100000,27.942760753286322,9.765625e-05
00111111001001101010,23.22393159824599,9.765625e-05
00000001001011101111,48.77709872787887,9.765625e-05
10011111100101100010,20.124504306003118,9.765625e-05
01000110100110110010,23.89285674198837,9.765625e-05
11101000010100001001,36.93546286348031,9.765625e-05
10110110101001101101,21.624511287415714,9.765625e-05
11000000001101111001,32.86670994521402,9.765625e-05
00001111011010000100,14.603964675039103,9.765625e-05
00100101100011100000,21.64087311393005,9.765625e-05
10001011011101110101,45.963098880058574,9.765625e-05
01010110111010100001,24.39194309598694,9.765625e-05
01110011110001011001,14.110143790146076,9.765625e-05
01001101011100100000,14.36465962123561,9.765625e-05
00101011110010110111,35.4786714727204,9.765625e-05
00011010010100000101,30.811733099071965,9.765625e-05
01100110101010101101,25.2334349690226,9.765625e-05
11001100111111100101,18.29847461957521,9.765625e-05
10011000011110001101,29.699128097537386,9.765625e-05
01101111010010111111,21.75252025057292,9.765625e-05
11000101110100110010,17.210710203152864,9.765625e-05
01010011110100001100,12.764119747219207,9.765625e-05
00001100100110110000,22.425803072220127,9.765625e-05
11011010101000001001,20.98088565494063,9.765625e-05
01010111001110001110,31.7076469232387,9.765625e-05
10011110001110001101,20.661963134343274,9.765625e-05
11101100000101111101,23.743203048910825,9.765625e-05
10000000100110101100,42.492914366939054,9.765625e-05
00001011111000011010,28.31574214208559,9.765625e-05
11010011011100110011,19.12257047705391,9.765625e-05
10010111010110010010,18.450872141373168,9.765625e-05
00010100000001111101,27.556523725366247,9.765625e-05
10110110100101111010,19.73620714851063,9.765625e-05
10100001011010101001,30.130328103723436,9.765625e-05
00101000010101010110,55.61743626571485,9.765625e-05
01010010110011100111,28.459938700567175,9.765625e-05
11011010001110111000,18.614316164120513,9.765625e-05
11011111011100110101,18.63872888926602,9.765625e-05
01101111011001101100,20.353746261128794,9.765625e-05
00111000000101010011,27.52920588163201,9.765625e-05
00101101100011100000,15.39572654463488,9.765625e-05
11111010011111011110,34.85560567022969,9.765625e-05
11101001111101111000,21.184986178395437,9.765625e-05
10110011101001011001,21.014857843563483,9.765625e-05
00011011100011011110,22.585202844775004,9.765625e-05
10111101100111001101,17.615068215192714,9.765625e-05
10100111111010001100,21.459541629344713,9.765625e-05
01001111010010011001,14.477592432983329,9.765625e-05
01110101110110101100,27.82115753364212,9.765625e-05
10101011110000111111,45.398527151177916,9.765625e-05
00011011101010000100,17.842235070868647,9.765625e-05
10011010110111011010,37.08545060836435,9.765625e-05
01011110011100110101,11.561591107689269,9.765625e-05
01000010101001001110,32.58562717317092,9.765625e-05
00101111001000111101,25.984366477728695,9.765625e-05
10011100011000010011,14.640002081184164,9.765625e-05
01011101110110001101,21.739377840985437,9.765625e-05
10101001101111110100,30.93188648026243,9.765625e-05
10111000111011010011,30.0022342948617,9.765625e-05
10100011101001011101,30.73422876313424,9.765625e-05
00000000110010010010,50.998310299294474,9.765625e-05
01100010000000110100,25.176873130564395,9.765625e-05
00101010000101000101,60.68010785490551,9.765625e-05
10011101110000000100,16.7322156928715,9.765625e-05
11100101011011110011,18.786666397754672,9.765625e-05
00100011000101000001,27.040653790684928,9.765625e-05
01001101001011100010,20.889055564772708,0.0001953125
11111111010101101110,32.18003694499182,9.765625e-05
11100111001110000010,26.363313745500726,9.765625e-05
10100110111110011011,33.861116872625736,9.765625e-05
00111111101100010010,18.29916116454079,9.765625e-05
10010010100011110010,30.177023363520647,9.765625e-05
01100110110101110011,23.360221140695906,9.765625e-05
00010101110101000111,22.955840937343115,9.765625e-05
10010100001110001001,18.695479656160455,9.765625e-05
00010110111101001011,24.55573618908596,9.765625e-05
11100010110100100111,35.6277265363177,9.765625e-05
11101010001110100000,37.20920087685397,9.765625e-05
00100100101010100111,35.379563675528836,9.765625e-05
00011110100011100000,16.55408279513678,9.765625e-05
11011100110010111001,9.455953672025263,9.765625e-05
10000100000100001010,20.59012092486309,9.765625e-05
00101110000101100101,38.84415494778902,9.765625e-05
11010101110100011111,17.72307649852859,9.765625e-05
01010110010100100100,13.346519362965495,9.765625e-05
10100110001010100101,32.74033153785228,9.765625e-05
00101100010010110100,26.580433724396414,9.765625e-05
00110101111101101011,22.366008697150882,9.765625e-05
00111001101011001000,18.540415713132543,9.765625e-05
00011010100110100010,22.631484284171183,9.765625e-05
10101110001110111110,37.91434556425745,9.765625e-05
01000011000110010001,18.252382429914178,9.765625e-05
11011100001101101101,11.816759663678672,9.765625e-05
10100000011001110100,48.10124402799267,9.765625e-05
00010000101110011010,49.53979869096754,9.765625e-05
01000101001100100101,27.73789405206642,9.765625e-05
01011110111110000100,12.491359673504528,9.765625e-05
00111101011101100010,8.34299180216668,9.765625e-05
11011100000010000111,17.149626278472873,9.765625e-05
10001011001110100011,30.05955794716955,9.765625e-05
10000110101100010100,26.61491091909485,9.765625e-05
00010010000010101000,21.448354701488896,9.765625e-05
10100010010110100000,48.352474734353024,9.765625e-05
00011110001110000111,15.356475876029124,9.765625e-05
11010010011100111110,20.784235877143413,9.765625e-05
10101101101001001101,19.183075340218153,9.765625e-05
00110111011000110110,20.86702088623573,9.765625e-05
01110011011000111011,19.2027768277834,9.765625e-05
01101010101110000101,31.0504050067799,9.765625e-05
01001001101110011001,30.83471803003217,9.765625e-05
01101110101010010010,15.90349772644909,9.765625e-05
10110111001111101111,21.163702827349418,9.765625e-05
01001001110111000100,20.051310615648752,9.765625e-05
01100010110001000001,27.287730657358495,9.765625e-05
10110101101101001100,13.942537885181176,9.765625e-05
00010010110101111100,41.09329089915483,9.765625e-05
00010100001000101000,30.090365978429894,9.765625e-05
01100110100110011001,17.652601522888848,9.765625e-05
10110101011110011011,18.860881783125155,9.765625e-05
00100100000000110110,24.671948705517764,9.765625e-05
11000100101111111000,26.15363430903618,9.765625e-05
00001110001000000010,19.14236305191703,9.765625e-05
10101011110110010011,49.00934032328671,9.765625e-05
00010010111100101001,33.40252621928551,9.765625e-05
00001110010111111101,35.813706184416134,9.765625e-05
01001110001100011100,15.977393393846025,9.765625e-05
00000001010100110100,35.00626342813231,9.765625e-05
00000000001110100111,58.88454307746068,9.765625e-05
00011110001000010100,19.484816523157072,9.765625e-05
10101101110010101111,22.643673720473082,9.765625e-05
01110100010100111110,15.229796213682622,9.765625e-05
10110010010110101110,33.56078221289377,9.765625e-05
01000010111011011100,36.586523096002814,9.765625e-05
10011000001000001001,20.60325781643848,9.765625e-05
01000101111110101000,44.85417684735606,9.765625e-05
00010110101101001010,24.130328103723436,9.765625e-05
01001110000011010011,15.476615832471769,9.765625e-05
00011001011011110111,26.336153023609953,9.765625e-05
10011011111110010101,26.423194621325365,9.765625e-05
01111000010010010011,13.310660611433502,9.765625e-05
11101000101011011011,28.556754636002157,9.765625e-05
01111011100111100100,20.673134134568777,9.765625e-05
00100011111101010110,34.62066308871841,9.765625e-05
01000001110110100101,35.754708737396875,9.765625e-05
00110110001011000000,15.867866011047095,9.765625e-05
00110110111011011111,24.009492139200493,9.765625e-05
11000000001000010101,22.09688872801511,9.765625e-05
01000000101111011101,55.67060618709929,9.765625e-05
00101101010111010000,17.844142464602328,9.765625e-05
10110101100101101010,15.531139710581218,9.765625e-05
01011010000000100101,20.398517170873696,9.765625e-05
01001101111011010001,17.52271426372615,9.765625e-05
10011111001010010100,27.131481557910632,9.765625e-05
10010011000010101000,16.61524570532241,9.765625e-05
00001001110111111111,50.079733330767205,9.765625e-05
10000001010100010010,28.989657473374297,9.765625e-05
10000011011000000110,26.45308560541033,9.765625e-05
11010100011101111100,14.467828722861837,9.765625e-05
01111001110110001001,17.427874727226264,9.765625e-05
00011110001011011010,17.490042132299266,9.765625e-05
10001011011100000011,38.36121646598751,9.765625e-05
01000011011010010110,18.60663651590448,9.765625e-05
01111011011110111110,16.85751306396337,9.765625e-05
01100101000011100000,22.66196313434327,9.765625e-05
10110111110010101100,21.08833886860146,9.765625e-05
11111000101111100101,18.92109370646648,9.765625e-05
10101011001101010011,52.401379290162545,9.765625e-05
11101110011011101101,31.266823732214267,9.765625e-05
10111011001011100111,32.27222154723612,9.765625e-05
01110011110001110000,14.57689720114189,9.765625e-05
01101101100010011001,22.401940219626823,9.765625e-05
11111001000101011111,25.009295032438455,9.765625e-05
11010000000011001110,21.830491310228396,9.765625e-05
01001010001110000101,26.471294341600853,9.765625e-05
10111111101100101110,26.177223120841013,9.765625e-05
00010001101110001100,39.09802877909068,0.0001953125
10111101001101000110,18.44621222909445,9.765625e-05
01001010010001011011,34.39194309598694,9.765625e-05
01100110001101001000,17.897743777524298,9.765625e-05
00000010011111100110,58.497789262223385,9.765625e-05
01001110001001111011,18.683607326186234,9.765625e-05
00110111101010011011,23.12695681033415,9.765625e-05
01011011100111010101,17.857455289928424,9.765625e-05
10101011100110101101,39.531139710581215,9.765625e-05
10101100111100110101,31.644107745745764,9.765625e-05
00011101110110010100,16.471294341600853,9.765625e-05
00111000001101111010,26.931886480262435,9.765625e-05
01110111010110101100,20.776351029925742,9.765625e-05
10111110111111110101,29.89262612561972,9.765625e-05
01011011101101011000,20.740331537852278,9.765625e-05
00001011000100001100,24.36377440228918,9.765625e-05
00011111000110100110,17.402355890674105,9.765625e-05
11110101101010100100,31.84925416918081,9.765625e-05
00010111011100110010,21.474762681202225,9.765625e-05
00001101001001010100,12.784553707052337,9.765625e-05
10111001011001110101,25.709302096489104,9.765625e-05
11011000101101111011,22.213466460408778,9.765625e-05
00010111110010001101,20.031791314267373,9.765625e-05
11000110011101010010,20.52368462264436,9.765625e-05
11010110000111111111,16.848731472365543,9.765625e-05
01001100001011110011,17.63406014538427,9.765625e-05
00111111000111111111,19.584640250168356,9.765625e-05
00110100010110110110,22.007386817156508,9.765625e-05
11000011100001000110,14.30882067777172,9.765625e-05
10001101000010101001,17.69931463724999,9.765625e-05
00111010111100110110,34.167721453034794,9.765625e-05
00100110100011110011,28.285734886349488,9.765625e-05
00110101101110010001,20.03938330878933,9.765625e-05
11010011000100010110,18.172508144549887,9.765625e-05
01011000110010110101,20.44930215676239,9.765625e-05
01110001010000010001,11.518002819005826,9.765625e-05
10000101101000001110,27.62904407752297,9.765625e-05
01101010001100100010,29.036393638015024,9.765625e-05
01110000010100101010,16.292808743566983,9.765625e-05
01001111110010101000,18.02759684236814,9.765625e-05
11110111110100110011,19.080586749104214,9.765625e-05
00011010000000111100,28.55063934562142,9.765625e-05
01100001001100110001,23.34807333281877,9.765625e-05
10011111111000000100,23.362531297170236,9.765625e-05
00011100110010000000,14.231104068850932,9.765625e-05
10111010111110001010,31.155358781755268,9.765625e-05
10000010001100000010,36.910636540856004,9.765625e-05
01001000000110111101,32.390407774626325,9.765625e-05
11001000111101111100,33.69893623615638,9.765625e-05
00100111001110001000,17.600649082116277,9.765625e-05
00011100010101110111,18.907041432858087,9.765625e-05
01111010110010110000,18.740331537852274,0.0001953125
01111000111000011001,14.537117164065204,9.765625e-05
00001100110111101011,36.611378047424,9.765625e-05
01011010110000100111,19.768490251245822,9.765625e-05
01100011111111001100,20.01908063915252,9.765625e-05
00101000110011100100,43.63611556765303,9.765625e-05
11110101101010111011,33.72175895732334,9.765625e-05
11101000000010000100,27.216107871539855,9.765625e-05
11011010100111110001,23.561543313958534,9.765625e-05
10111110110000011011,30.509276291420406,9.765625e-05
11000010110011101010,26.27451932969679,9.765625e-05
10010010110100001100,24.06201626303163,9.765625e-05
00100001100100101111,34.61978309351682,9.765625e-05
00001000101101110101,55.224449032857066,9.765625e-05
00100101010000100100,18.78740656961822,9.765625e-05
01110011111011000111,14.627808192976865,9.765625e-05
00111100100011000010,12.355464405127336,9.765625e-05
00110010001111000000,22.050895973289794,9.765625e-05
10010001101001110001,25.484957804497427,9.765625e-05
00111111101000111010,24.428054290924447,9.765625e-05
11011000001001010100,17.47717498263481,9.765625e-05
10010100011010101010,27.48757622485659,9.765625e-05
11010100110000010011,11.49890087000595,9.765625e-05
11111000000101101001,24.25452498943583,9.765625e-05
11001000011110111100,28.09879685616986,9.765625e-05
00000001100010111111,52.28112994011615,9.765625e-05
00101011000110000100,32.001901973688604,9.765625e-05
00110000100000110011,24.5063399431853,9.765625e-05
11110010110011000110,19.766347593347497,9.765625e-05
00010111001110000110,22.728665952009212,9.765625e-05
01110100000110010100,12.749681242068858,9.765625e-05
11100000010011011010,28.125561605830526,9.765625e-05
10001111100110100010,18.997801740011894,9.765625e-05
00011001111100111100,29.26837562849905,9.765625e-05
10001110111010111000,24.744410560058295,9.765625e-05
00100110010011110010,30.66588433276076,9.765625e-05
01001110001110000000,12.988673689708264,0.0001953125
10111001100100010110,22.661963134343274,9.765625e-05
00000111111000010001,21.39102053079946,9.765625e-05
01011000111101001000,22.490652814903903,9.765625e-05
10110110010101100001,24.597916229912407,9.765625e-05
00000100100100100001,30.09879685616986,9.765625e-05
10111000110110111100,33.06862342900738,9.765625e-05
01110111110100100011,20.2696243387573,9.765625e-05
10010110001110011110,23.70103278124853,9.765625e-05
01100100000001111011,21.406967714954835,9.765625e-05
01000011011001110011,26.136937990561545,9.765625e-05
01001101000001001101,16.465975658719497,9.765625e-05
00110010100111000010,22.82743877746935,9.765625e-05
11011001011001001101,14.276590701275488,9.765625e-05
11011010110100011010,21.092523742000598,9.765625e-05
01000000110101101011,51.773807154825946,9.765625e-05
10110000101011011100,30.122355308544428,9.765625e-05
00000001001100111101,43.97459028442051,9.765625e-05
01011010101010001011,21.82018093313056,9.765625e-05
01011010010110101011,17.84593086582251,9.765625e-05
01000101001011100111,36.857604369241116,9.765625e-05
00100011001110101010,26.866175575920497,9.765625e-05
01011001111000101110,25.27188727250738,9.765625e-05
10000000010111011110,60.533275941382314,9.765625e-05
11010111111101001111,16.947120651351046,9.765625e-05
01100011100000101100,17.645951934559598,9.765625e-05
00001011010010011110,27.0504050067799,9.765625e-05
10111001100110110100,21.99778653596284,9.765625e-05
01001110110010111001,16.77356209586096,9.765625e-05
11100110111000011011,18.512891848848408,9.765625e-05
10011001110100111001,20.474335544816753,9.765625e-05
01110011111111101001,19.534539670185744,9.765625e-05
11110010110110000000,14.765966656895397,9.765625e-05
11110000000111111001,21.02243807847999,9.765625e-05
01010010001000000100,16.121374109945705,9.765625e-05
00011100001110001101,17.624925929774673,9.765625e-05
10010011000000110100,20.142058439615866,9.765625e-05
01011111101100001101,24.53628254683906,9.765625e-05
10000000010011001011,47.046167779390906,9.765625e-05
01011000001101011011,24.118128981384586,9.765625e-05
01001100101011100010,23.535293376013605,9.765625e-05
01001100001111001101,20.358689340066277,9.765625e-05
01011000111101100010,23.03786559104121,9.765625e-05
11101111100100101000,32.07815622849296,9.765625e-05
11000111011000110100,14.227977725663248,9.765625e-05
10011011001111010011,28.108328306416507,9.765625e-05
01010010101011011010,31.182534642204082,9.765625e-05
11000001000000000001,14.086254072274942,9.765625e-05
01101001000100000111,20.661963134343274,9.765625e-05
11101011010011011000,37.3691295115301,9.765625e-05
01011000110110000100,16.080224999222157,9.765625e-05
11001100110000010000,8.50825057422253,9.765625e-05
10101011010101011100,61.73664916764624,9.765625e-05
01110101001100010101,17.34622651026978,9.765625e-05
01101001101010011001,23.45177775024202,9.765625e-05
00100011010101111000,35.1247528094117,9.765625e-05
01010001110100001101,23.741481274964805,9.765625e-05
01100110001001110111,22.515785823397863,9.765625e-05
10010001001110101011,30.306877162785558,9.765625e-05
01101100000000101111,19.58389934313543,9.765625e-05
10011000111100011100,31.58353342522851,9.765625e-05
00111011011100111110,25.514838368124373,9.765625e-05
10001010000000010001,48.658564975676164,9.765625e-05
10001111010111111011,23.453704821156684,9.765625e-05
11001011011111011000,23.106608088849477,9.765625e-05
11011010001011111100,22.36026276912067,9.765625e-05
11101011011010100010,27.87019709672264,9.765625e-05
11101000100001111011,28.442431490469048,9.765625e-05
00100000011100010100,45.97776097689532,9.765625e-05
01010110100011011011,23.773021484974088,9.765625e-05
11110110000001010000,25.88064414623385,9.765625e-05
00011101001010010011,21.138935835139044,9.765625e-05
01010010010101001111,23.233925935532493,9.765625e-05
11011000110101110010,16.660957094326385,9.765625e-05
11111011001111110001,32.400385820459555,9.765625e-05
11010110001010000100,21.663264747918234,9.765625e-05
00001101101110100101,24.161202147893185,9.765625e-05
01001101001101110010,14.658842956461555,9.765625e-05
11101101111101000000,13.583899343135428,9.765625e-05
01010000110111001101,35.64999026400453,9.765625e-05
01010111100110101111,34.865032814822385,9.765625e-05
11010010010011110100,18.42417122183692,9.765625e-05
01101011011100110010,25.09033516804945,9.765625e-05
11101111011010110011,28.34683854286167,9.765625e-05
01011000010010000010,11.692663121987115,9.765625e-05
01100001000101000110,15.82115753364212,9.765625e-05
00111111001011110110,19.929075551228394,9.765625e-05
01000111110100110011,22.15018044990261,9.765625e-05
11000000000000001101,18.716203758666758,9.765625e-05
00100010111110111111,63.102859325087884,9.765625e-05
11011010000110111001,21.269701484866154,9.765625e-05
00000110011101110111,43.41670738942424,9.765625e-05
01011101100110011100,26.920689659229602,9.765625e-05
01000100001101011000,23.46408962350102,9.765625e-05
10101101010001101000,23.293833432076532,9.765625e-05
01111101110010001100,23.772648258957474,9.765625e-05
01100010101100111100,30.22352030236362,9.765625e-05
01000101011000110101,24.652895578936942,9.765625e-05
01010101001100100010,41.84646876668684,9.765625e-05
01100110001010000101,19.2106240945883,9.765625e-05
10000001110110001001,32.875693084229816,9.765625e-05
00110001011000110100,18.916848436546715,9.765625e-05
01001011110000111001,21.899651171257975,9.765625e-05
10110010011100001100,31.71836225665853,9.765625e-05
11000100000001111001,13.432422721382576,9.765625e-05
10111000000001010010,32.66196313434327,9.765625e-05
00001111010011111001,16.82591706636043,9.765625e-05
10110101010101000111,13.28199035610377,9.765625e-05
10111010111110110101,43.533936785553436,9.765625e-05
01100110100001101001,21.332656240715572,9.765625e-05
11011110110100111010,13.354667074046702,9.765625e-05
10111101100000111101,22.36348154959346,9.765625e-05
11110010101111011111,24.82646217695779,9.765625e-05
11001001110111010000,18.625873385048163,9.765625e-05
01110001111100011111,20.16157338746851,9.765625e-05
10011010000001101110,34.2883815212254,9.765625e-05
10011000001101001001,25.764292149399108,9.765625e-05
01000011011111000010,22.06628119929257,9.765625e-05
11001101001001110001,12.395679512356871,0.00029296875
00100011010111110111,43.055790534915296,9.765625e-05
10011001000011010100,21.210624094588297,9.765625e-05
11110010000111101000,22.82210852048642,9.765625e-05
00100011011000110110,29.82998368166713,9.765625e-05
00001011011010111100,26.784235877143413,9.765625e-05
10001010111101010010,58.31297714035386,9.765625e-05
11000111100111101010,18.53579962285994,9.765625e-05
10010111001010111100,24.90627155484149,9.765625e-05
01001010001111110011,33.585411684563944,9.765625e-05
01110001110110010110,15.899056230779765,9.765625e-05
01111001011010011101,15.91176690589462,9.765625e-05
11010111110010111011,23.11969896599537,9.765625e-05
11111110100110001010,26.177409475049743,9.765625e-05
11001110011011110110,19.756355144535267,9.765625e-05
01110010101111110001,24.11297645908978,9.765625e-05
00101111101001100100,19.268747787999317,9.765625e-05
10001011011011011101,38.02052370873189,9.765625e-05
11111100001011100000,18.17723280687797,9.765625e-05
00011001111100011111,30.849024325061254,9.765625e-05
01001011000001111001,22.103761467876947,9.765625e-05
10010011111011000110,22.688861895062622,9.765625e-05
00111100001000100110,14.07717683083166,9.765625e-05
10010001100111101100,24.770568795139177,9.765625e-05
10001000010111000101,54.6953508904828,9.765625e-05
00100000000000011010,32.58504283865461,9.765625e-05
01100111111011100000,19.087371219705787,9.765625e-05
00110010000101101010,27.00328188701597,9.765625e-05
01010100111010110001,34.31297714035385,9.765625e-05
00001010011011000001,41.46615150534301,9.765625e-05
11000111010111101010,15.490042132299264,9.765625e-05
00100011110001011001,30.27134937164305,9.765625e-05
11011011001011010011,25.75251056453597,9.765625e-05
11010001110111001100,15.956480041604573,9.765625e-05
00011000100011101100,32.971939703693664,9.765625e-05
10000101111110111011,38.802065488659075,9.765625e-05
11001110011011111001,17.47476268120223,9.765625e-05
10111111111001001100,27.26587076976849,9.765625e-05
00011110011111111100,20.931886480262435,9.765625e-05
01100001111001101011,30.62066308871841,9.765625e-05
11100100000011111100,18.075210928641965,9.765625e-05
00111010000111100101,37.525006849063985,9.765625e-05
00001110010000101011,25.455953672025263,9.765625e-05
11111101110010010000,22.466351262663373,9.765625e-05
01010100110011011001,27.10740990925388,9.765625e-05
01111101001001010001,19.689925894618334,9.765625e-05
11101110110110011101,31.900596650929998,9.765625e-05
11010101001100010111,23.12485148829017,9.765625e-05
10000001000101001111,30.29925779148695,9.765625e-05
11000011011110101101,20.374636524221653,9.765625e-05
01111101011011101100,20.108461974540088,9.765625e-05
10101101001110110000,20.276256100551805,9.765625e-05
00110110011010101100,21.919591269054802,9.765625e-05
10100001001001000010,20.486287828889388,9.765625e-05
10011110101000010001,21.772678656215763,9.765625e-05
10010101110101001111,17.73632875267,9.765625e-05
00010111100110111100,25.08930151708419,9.765625e-05
10110101011000111111,20.444284641738584,9.765625e-05
10011011101110000001,21.423265612968073,9.765625e-05
11011000011101011010,19.361499632646268,9.765625e-05
00101000001000100110,29.432422721382576,9.765625e-05
01011001101111110000,25.873936843377322,9.765625e-05
10110101001101001100,15.294720403292537,9.765625e-05
11101010101000000101,38.82444377418682,9.765625e-05
11110000100001111111,18.601564671289342,9.765625e-05
01111010100011000111,24.159611027689444,9.765625e-05
11110110100100011101,14.982446600808316,9.765625e-05
10110111011000110011,24.899348632525303,9.765625e-05
00101100001100001101,24.188156870870248,9.765625e-05
11100001001000010000,14.504881855060745,9.765625e-05
01000010111111111101,52.67528650014025,9.765625e-05
11010100110000011101,10.51269653218397,9.765625e-05
00101000000110100100,37.42207747389451,9.765625e-05
00000100000111100001,30.86826119420494,0.0001953125
00000101100111010101,28.722999265292536,9.765625e-05
10101110000101010100,56.928656947236334,9.765625e-05
11000111000111101001,15.025383378330982,9.765625e-05
01011111011010011111,18.269624338757303,9.765625e-05
01001000101010101011,35.997148078995245,9.765625e-05
11101101001011110001,18.395458582025174,9.765625e-05
00010100101011011101,41.432881821792044,9.765625e-05
11111000010111110001,24.977634284786156,9.765625e-05
11000000110111000011,36.63888151094589,9.765625e-05
10010011001100110000,20.327060545641608,9.765625e-05
11111101011101100011,14.96136489555694,9.765625e-05
10100000111000100110,37.713033066191954,9.765625e-05
10111001101010001110,20.069163217936335,9.765625e-05
10101101000110110001,24.664508908757163,9.765625e-05
01010001001110101110,41.630560674103535,9.765625e-05
01010111111111100101,24.187645623201327,9.765625e-05
11111100110111011001,11.136951208169311,9.765625e-05
10001001010011011010,29.772576532893694,0.0001953125
01011011011010000100,11.954840072403222,9.765625e-05
10100100100000101100,21.227644691705265,9.765625e-05
10010000100000011100,24.31826374999472,9.765625e-05
01011110110001110001,13.685749885707885,9.765625e-05
10011010110010111111,34.33538585561589,9.765625e-05
00101111111111011111,23.595798669240153,9.765625e-05
11111000111101101010,14.737112757379483,9.765625e-05
00111001000100010000,18.558207184478427,9.765625e-05
00010010010000110010,26.78423587714341,9.765625e-05
00100011100010010010,21.989977191347844,9.765625e-05
11111110011111111010,20.6399730230733,9.765625e-05
00110000000110111101,34.19896121876777,9.765625e-05
01000100100010100101,32.85136655477607,9.765625e-05
11011110010100101000,16.643179015252322,9.765625e-05
10110101011001001010,16.82210852048642,9.765625e-05
01001110001000000000,15.617733694861535,9.765625e-05
00000010010111111110,62.53229934087076,9.765625e-05
11001000110101011101,37.59102403084946,9.765625e-05
00000001010110100000,32.897124045336746,9.765625e-05
10100110000101100000,32.60306875220721,9.765625e-05
00100100001010001111,30.928866537185066,9.765625e-05
01101101011111001001,16.691345580781853,9.765625e-05
11100010111010101010,24.260656207446868,9.765625e-05
11001011010100000001,30.58389934313543,9.765625e-05
00011101000111011000,15.677319007967919,9.765625e-05
01001100111010010100,17.210383410788232,9.765625e-05
11111101000001110000,29.749864337337854,9.765625e-05
01111101000001010111,19.41018034096149,9.765625e-05
11101111111101101100,22.110391537497414,9.765625e-05
11111001001010101000,23.76803914469928,9.765625e-05
01010101110011011100,32.79261875401259,9.765625e-05
01011101100110000001,26.31772405903279,0.0001953125
10100101101010000000,19.720218117950616,9.765625e-05
11010011110000000110,13.108471660577038,9.765625e-05
10101110000101000000,50.55078851206132,9.765625e-05
01001010111111100101,39.06915271035111,9.765625e-05
10000101100100100001,17.60804025280151,9.765625e-05
11010001000000110010,20.741359670805434,9.765625e-05
10101000100111000101,50.8631378171482,9.765625e-05
10001110101000011001,25.62591149274194,9.765625e-05
00001111001101001011,16.202844287855307,9.765625e-05
00101001010001100100,26.443256214518172,9.765625e-05
00110010111000000001,18.912672514763468,9.765625e-05
11110010001010100011,23.10086778759475,9.765625e-05
10100010111001110101,58.39373494165073,9.765625e-05
00010101010101001001,16.37236528614955,9.765625e-05
10000001100010000110,25.937809691282283,9.765625e-05
10001100000100100110,20.917191156541655,9.765625e-05
01100110101001100101,21.885181534428266,9.765625e-05
10011100100011001101,18.276446917052652,9.765625e-05
11010000100000001111,19.006513797969333,9.765625e-05
00010101100110010010,33.20842302661064,9.765625e-05
10110011110100110100,23.151418124136658,9.765625e-05
00111001101111110000,19.088318674979284,9.765625e-05
11111100101110010100,11.898703715984484,9.765625e-05
10101100010100010001,37.12614406312204,9.765625e-05
11001100011001110001,11.474983611533924,9.765625e-05
11011100111000111010,12.424601802666002,9.765625e-05
10101110101110101000,28.497288402536476,9.765625e-05
10011001110001011001,21.260656207446868,9.765625e-05
01110100110011100111,20.983071861804337,9.765625e-05
11111010111001010100,32.598892830423964,9.765625e-05
00110100001000001111,19.821157533642122,9.765625e-05
10100000010100010110,49.56918007088976,9.765625e-05
11010010001011010010,22.643673720473082,9.765625e-05
01000111101011011110,26.141508055564834,9.765625e-05
01101001100110001000,21.588508457393623,9.765625e-05
10000001111111011111,53.8181183385037,9.765625e-05
01010001100110010011,34.49374834771115,9.765625e-05
10001000000001011001,41.305689023712,9.765625e-05
01111010000011010010,25.876695690642915,9.765625e-05
10111111000100100101,40.225868137217745,9.765625e-05
00110100100010011101,22.84174496373505,9.765625e-05
10011100110001010101,17.693796197048272,9.765625e-05
01000011101000000001,21.135470939981282,9.765625e-05
10110100111010000000,14.183980949087001,9.765625e-05
00001111000001011000,15.585813712883525,0.0001953125
01000010100000111011,32.341428059149244,9.765625e-05
00000111000111111001,18.94222204171354,9.765625e-05
01011011001111111110,19.405027731539484,9.765625e-05
00101110111101010011,34.508283676151336,9.765625e-05
00101010111011010001,51.59221216992302,9.765625e-05
10010100100111001000,18.254534675472783,9.765625e-05
10110110011100100111,25.514838368124373,9.765625e-05
01000111001011111010,26.60730080451921,9.765625e-05
11111010111000111101,26.599846527290804,9.765625e-05
10110010011100001101,34.13314537231784,9.765625e-05
11111011110111000100,27.05191171018346,9.765625e-05
01001111010011101100,12.241141259594219,9.765625e-05
00011010001010011111,29.13312871026647,9.765625e-05
00111011000100011100,30.921670732873096,9.765625e-05
11000011100001101001,15.606707507547188,9.765625e-05
01101001110001111011,24.421331784018864,9.765625e-05
11001100010111111110,17.119157114337742,9.765625e-05
00011001111111101100,30.640702512687568,9.765625e-05
11000101000001011000,12.652908062123636,9.765625e-05
10011000111110001111,33.29047619988912,9.765625e-05
00001111011010010111,18.515785823397863,9.765625e-05
11010100011011011001,16.054168996226732,9.765625e-05
01011101100011100000,32.021122915201985,9.765625e-05
01010000000000111000,23.65038093620241,9.765625e-05
00001000010110111100,51.75638595491571,9.765625e-05
00111001010100010111,21.087371219705794,9.765625e-05
00000000001010101101,53.962946867801094,9.765625e-05
11001000111011011011,33.50255649453736,9.765625e-05
01000111000111010101,11.585385852916806,9.765625e-05
10100011100000110101,31.395726544634876,9.765625e-05
01100110100011011000,16.592727819378865,9.765625e-05
00101001011000111111,32.931886480262435,9.765625e-05
01100100011110110011,24.443266118535004,9.765625e-05
10111101100100100100,19.050543458494516,9.765625e-05
11010011010000111001,13.296634038619564,9.765625e-05
10101001110000000000,26.36377440228918,9.765625e-05
10011100100001001010,16.424583154173337,9.765625e-05
00101001011111110101,39.50906331649228,9.765625e-05
11001000001111111100,28.992467765954288,9.765625e-05
11011110011001111111,17.72649330568837,9.765625e-05
11111000011110100101,17.45177775024202,9.765625e-05
00010101110001000110,26.031236332129186,9.765625e-05
11011100010110000000,8.323643738481831,9.765625e-05
01101010000110111010,32.31222779889454,9.765625e-05
11001110111100011111,22.52368462264436,9.765625e-05
10111100001101010001,18.121963962474126,9.765625e-05
11101111111000111100,22.85767712934524,9.765625e-05
00011010010100010100,33.21103873694726,9.765625e-05
10010010111010110111,38.6874911404912,9.765625e-05
10010010110100100110,29.413844622841523,9.765625e-05
11101101101010110011,18.379093223940036,9.765625e-05
11110000111111111001,22.997570851012174,9.765625e-05
00111110100100010100,23.892180966399266,9.765625e-05
11010011010001100001,13.965309721200391,9.765625e-05
00110111011100111011,17.742771744500494,9.765625e-05
11010100100011100100,21.887443820884485,9.765625e-05
11000000111101011001,38.39162871052162,9.765625e-05
10110011010110110100,27.531139710581215,9.765625e-05
11001010011100111101,38.28912117664776,9.765625e-05
10011001010100011100,22.065164051861718,9.765625e-05
01100111010101111101,18.22290337816563,9.765625e-05
10110001000110101100,19.64369038252445,9.765625e-05
11011011000001000111,29.44610917505107,9.765625e-05
10010010011110000000,23.84911124433427,9.765625e-05
01111010100011101010,23.01485784356348,9.765625e-05
00111111011110110110,16.88517736640341,9.765625e-05
01101011010110001001,30.108461974540088,9.765625e-05
00111000110110001110,26.864900310433864,9.765625e-05
10001010000001101010,40.43775117742808,9.765625e-05
01000011011100111001,26.031348348628274,9.765625e-05
11110100010001101111,13.624511287415716,9.765625e-05
00111111000101101110,23.113189434017904,9.765625e-05
11101010111110101000,32.62337123634014,9.765625e-05
10001110011011010000,30.918820580329758,9.765625e-05
00011011010011101010,17.05842124216091,9.765625e-05
10101100110010100010,21.871385872250247,9.765625e-05
11011111101001011101,23.48574813792746,9.765625e-05
01011110011101010000,11.058013663353226,9.765625e-05
11111111010101011000,37.1020610146181,9.765625e-05
00010100100101001000,23.268388111685752,9.765625e-05
11110111000000010011,36.56174660284972,9.765625e-05
10101101011111010101,27.219126171111036,9.765625e-05
10011011110111000100,23.10324096348505,9.765625e-05
11101000000001111000,29.72439403973386,9.765625e-05
00001001001010001101,26.959795634527403,9.765625e-05
00011100101001111010,26.161202147893185,9.765625e-05
01010001011011111011,40.87277025870955,9.765625e-05
11011011111110100101,15.390605888440504,9.765625e-05
00000010000111111000,44.68887967333917,9.765625e-05
11001110101110101101,17.89965117125798,9.765625e-05
00000001101010001100,41.74810781301447,9.765625e-05
10100000101010111001,40.93875714655577,9.765625e-05
00100010110010001001,38.18065911457082,9.765625e-05
01001011101111111111,28.244731410495024,9.765625e-05
00001001010110101110,32.29375619884048,9.765625e-05
10110100010110001111,19.34281848006184,9.765625e-05
01010110101101000110,24.01593125652507,9.765625e-05
10001101001110000101,17.586709635715415,9.765625e-05
10111001101110110000,19.157096483331582,9.765625e-05
11110101010000111000,20.82917467810826,9.765625e-05
01000111100001010000,14.391993686867409,9.765625e-05
00000001011000010100,30.537775934667835,9.765625e-05
11011010011110000010,19.677319007967917,9.765625e-05
00111001000000100110,16.982446600808316,9.765625e-05
10100001110100000110,25.183980949087,9.765625e-05
11010001001101000010,19.917799423391013,9.765625e-05
01011110011001111010,15.763881136987628,9.765625e-05
10011000110010010101,29.16013841012873,9.765625e-05
00100010101110011000,39.220198467847446,9.765625e-05
11110011100101110000,19.22106624165359,9.765625e-05
01010110001010100010,30.223244318859336,9.765625e-05
11010101101001100100,30.2628686158075,9.765625e-05
01010111000010100000,34.8539913146956,9.765625e-05
01110100011001011100,13.606717193584146,9.765625e-05
11001001110111100010,18.090242730764334,9.765625e-05
10100011110100101100,30.092465967965648,9.765625e-05
11011010110110001011,19.066352190935277,9.765625e-05
11010001101110110011,32.841303026784274,9.765625e-05
01110001111010111101,28.04526217052205,9.765625e-05
00100101111111011001,29.817867037945366,9.765625e-05
11111010010000101101,36.53403068084088,9.765625e-05
00001111001010100011,17.41174046528091,9.765625e-05
11111101110000000101,21.910386992567254,9.765625e-05
11101101110100001010,18.142058439615866,9.765625e-05
11010000100111110011,27.417548335370928,9.765625e-05
01011010100001100010,22.07491527879651,9.765625e-05
01110111001010000100,29.701188923702837,0.0001953125
11101001011010110100,18.055203370773235,9.765625e-05
10001100101000011101,24.23517964661334,9.765625e-05
00101001000000101100,24.545012518868095,9.765625e-05
00000000001111111011,69.98265274137108,9.765625e-05
10111100010101010001,24.223244318859336,9.765625e-05
11010111010110010101,13.268738101962363,9.765625e-05
01111100011001101000,12.983695947520616,9.765625e-05
10101000100100011011,45.558188459698385,9.765625e-05
01100111001111110111,19.3334610762496,9.765625e-05
11110111000110000101,29.72975268054558,9.765625e-05
01011001101110110000,26.27380714942776,9.765625e-05
10101010001101101011,59.2028442878553,9.765625e-05
10000001000011101101,28.23529156473575,9.765625e-05
10011010010010111111,36.00429335791776,9.765625e-05
11101111001111111000,25.860188327636166,9.765625e-05
00111100011001101111,16.921093706466486,9.765625e-05
01011001000001101100,20.367436072113694,9.765625e-05
11010001000001100111,18.943382286411286,9.765625e-05
01010100001010110010,36.87298585653302,9.765625e-05
11001010010100101100,32.481357146011405,9.765625e-05
01101010100011010011,32.90231061606386,9.765625e-05
01010000000101001010,25.183980949087,9.765625e-05
11111001111100101100,11.897743777524296,9.765625e-05
00010000101000011011,43.2460843385317,9.765625e-05
01111000101101000010,13.220051239181,9.765625e-05
11110001001000000101,15.980876703324736,9.765625e-05
11111001111010100100,12.267781607945778,9.765625e-05
00011100111000100100,20.016615651634783,9.765625e-05
00011101101110011101,24.942588683201706,9.765625e-05
10100011000010000001,31.374698564248476,9.765625e-05
10001010101000101010,33.34180366309312,9.765625e-05
01010111011111100100,19.931883770239896,9.765625e-05
10010101001111001000,21.73937784098544,9.765625e-05
00010100011000110101,27.512684048997272,9.765625e-05
00010001101010100100,40.39605573656296,9.765625e-05
00101010101101001101,52.86313781714821,9.765625e-05
11011001001001001101,18.491500747704826,9.765625e-05
10110100010110011001,15.853476241188604,9.765625e-05
10110100101110110000,16.101850542572457,9.765625e-05
10101001111010111101,34.506339943185296,9.765625e-05
11001110001100101000,18.232001770984056,9.765625e-05
01010000010100100000,16.38600094220717,9.765625e-05
00111011111010011111,21.999327189831682,9.765625e-05
11000000110100110001,27.897480924500574,9.765625e-05
11111010011011001110,30.425019154637848,9.765625e-05
01011101101101011111,24.752861191266632,9.765625e-05
10101101010000110001,26.82316080910452,9.765625e-05
00000011110010011111,36.520214639536796,9.765625e-05
01001101111101011110,19.58292618706748,9.765625e-05
00111101110001000011,10.457665661557652,9.765625e-05
00011011001111011011,21.726618648558603,9.765625e-05
11011100011011101100,12.877672204027274,9.765625e-05
01110111010011111001,19.953756238983612,9.765625e-05
11010101111001110011,25.644078687634902,9.765625e-05
11011110000111010101,20.377565896442345,9.765625e-05
11011011101011000000,22.22106697607466,9.765625e-05
11111101111111010001,12.038808954577227,9.765625e-05
10011101000111101010,16.20099466815657,9.765625e-05
00000100101110111010,53.91802400530638,9.765625e-05
00100010000000001010,30.538321965190136,9.765625e-05
00100011000101101111,33.07280123885525,9.765625e-05
00011011001010000110,17.3135294124695,0.0001953125
00110010001111000001,24.120415325129073,9.765625e-05
11011000011110000101,15.166725909763315,9.765625e-05
10001000000000000110,32.41361371220561,9.765625e-05
01100000110110111100,39.04784499690974,9.765625e-05
10011100100011101000,15.825333455425366,9.765625e-05
01100000010011010011,31.491763720741407,9.765625e-05
11110100110001001101,8.814534440036065,9.765625e-05
01100001000001001010,18.245750373852413,9.765625e-05
11001011001100100001,25.61113204689788,9.765625e-05
11101011011001111000,32.9567599493236,9.765625e-05
11111101001110111111,20.899348632525307,9.765625e-05
00111011111100010110,22.199976221240366,9.765625e-05
00010110101101000101,20.585617487133966,9.765625e-05
01110000110110010100,16.169478428308356,9.765625e-05
00110111010000110011,19.584486485641296,9.765625e-05
00111101010011100000,14.333607227559874,9.765625e-05
00010101011000111001,31.403910584108623,9.765625e-05
01110101101110000111,29.537588758501183,9.765625e-05
10010100010100011100,16.49482873668715,9.765625e-05
10010110101100010000,16.510502440220723,9.765625e-05
10010101000111111001,18.512316760215242,9.765625e-05
11000000010011111010,31.04477464845577,9.765625e-05
11100111011001000100,20.546612590278073,9.765625e-05
00001111101011101100,17.839417802274244,9.765625e-05
00011101101101000101,15.040312849991226,9.765625e-05
01010101100100010100,27.647287476963662,9.765625e-05
01111110111100011001,13.16086744879283,9.765625e-05
01100110001100000000,16.38566000151346,9.765625e-05
11011001101101001000,18.002148811954818,9.765625e-05
10010010111011101001,30.520214639536796,9.765625e-05
11011100111101111110,12.411079621109785,9.765625e-05
01101101100110110001,18.358083881206475,9.765625e-05
11001000000110110000,19.914374622368317,9.765625e-05
00011100010000011111,18.914991840833565,9.765625e-05
01011111011111110011,13.340157882360725,9.765625e-05
01000100001100110101,25.667301200138358,9.765625e-05
11010000101010110100,24.80560282262205,9.765625e-05
10011001110010010001,19.673484026878377,9.765625e-05
00111100110110110111,16.132213328233465,0.0001953125
10110110110110000110,21.869959758989502,9.765625e-05
11000011111111010101,24.508115861218783,9.765625e-05
00110111100110011011,17.314776184954304,9.765625e-05
01100111101010000100,20.276446917052652,9.765625e-05
01000100111101111110,45.24743124295492,0.0001953125
10000000010011010101,52.19930215946148,9.765625e-05
01000000000101001110,34.54680436453188,9.765625e-05
01101111000011011000,23.963338497342292,9.765625e-05
10101000011101101110,53.814601165686895,9.765625e-05
10001000111111011100,58.580399061146245,9.765625e-05
00011011010110111101,22.42319462132536,9.765625e-05
10111010110010110110,40.17835619590217,9.765625e-05
11011000110100000111,15.166725909763315,9.765625e-05
01011111110111000100,13.48723881573369,9.765625e-05
00010000000000010111,30.11438091956806,9.765625e-05
11010010100010100111,20.84497092736232,9.765625e-05
11100100001010001010,19.480813737974792,9.765625e-05
11001000000101111101,31.87228523952575,0.0001953125
11100000000010000101,22.96075630740866,9.765625e-05
11111000000010100011,19.268738101962363,9.765625e-05
11101100011001111001,18.34807333281877,9.765625e-05
11001111011110110011,17.879911908137686,9.765625e-05
00111000000010100001,19.332656240715572,9.765625e-05
11000101010001011011,14.902451777801007,9.765625e-05
10110100010010100011,16.643673720473082,9.765625e-05
11000010111010100101,28.293756198840473,9.765625e-05
01010100100001010010,26.02759684236814,9.765625e-05
00111111100101011010,19.361204069928014,9.765625e-05
01010000100101000010,26.403493133760115,9.765625e-05
00001010011111010010,50.64405995201504,9.765625e-05
11101110101010001111,26.043778468730245,9.765625e-05
10001101000100111101,17.90839987890687,9.765625e-05
01001010011001010101,34.407257123206946,9.765625e-05
11100111010000001000,24.95525200473964,9.765625e-05
10101111011011100111,32.224710515005675,9.765625e-05
10011011010010001011,23.51477788406688,9.765625e-05
10010011001011101101,20.89338412401801,9.765625e-05
11101111101011100000,26.046473398744205,9.765625e-05
01001010000001011001,30.156483727158452,9.765625e-05
00111100101010011101,18.424171221836925,9.765625e-05
01110101001100110100,22.653557146689316,9.765625e-05
11110010001000110000,21.696504344670004,9.765625e-05
00011100101010110001,21.188808676298283,9.765625e-05
01001010001010000011,22.386286182434418,9.765625e-05
01011010110101000110,22.54233903449653,9.765625e-05
11011100111011000100,12.739381285429046,9.765625e-05
11011010111100101000,16.132627763452355,9.765625e-05
11101010011111001111,51.34506066002308,9.765625e-05
10101011001011010010,40.633398741046484,9.765625e-05
01111000010110100000,12.649722165599778,9.765625e-05
10110001010010110001,20.643673720473082,9.765625e-05
10010011110101111010,22.310589619790786,9.765625e-05
01000110111000010001,18.513306491207363,9.765625e-05
00011011010110111110,21.84593086582251,9.765625e-05
00100111010111111110,25.483280586978594,9.765625e-05
11010101011101010100,12.225431227668103,9.765625e-05
00000110011001111010,34.4044921214752,9.765625e-05
00011010101101011001,33.04847117783069,9.765625e-05
10011010001101100010,32.05070515678895,9.765625e-05
00110101100010110001,25.673200860219616,9.765625e-05
10000010010101110010,54.31297714035385,9.765625e-05
01011110000110010001,11.744782719558557,9.765625e-05
10100001001010110101,30.618944944719875,9.765625e-05
10000101001110010100,21.954199939453435,9.765625e-05
01110010011000011011,16.358274697707323,9.765625e-05
10110010000111111011,37.32490840884638,9.765625e-05
01111000001111100101,18.921093706466483,9.765625e-05
11000111100000000111,20.172508144549887,9.765625e-05
10010101111000101100,26.993772911100056,9.765625e-05
10001101010011011101,20.293746512803516,9.765625e-05
01101111101101100110,17.761061158370687,9.765625e-05
11001100100100100111,13.628721785321927,9.765625e-05
01100100010111100001,22.08551806843625,9.765625e-05
11100110001100100010,24.016270532076405,9.765625e-05
00011011010100110100,21.730569607032024,9.765625e-05
10101110110001010110,48.778670355995835,9.765625e-05
01111101011010110110,17.000638674947478,9.765625e-05
10111111001111101110,25.81648376730159,9.765625e-05
11011010111111001111,25.391311827116187,9.765625e-05
01001111101101001100,15.691773440748571,9.765625e-05
00011011010100001011,19.622654691702564,9.765625e-05
11100110110010010011,20.10640469078526,9.765625e-05
01010000110101111000,33.0833665464589,9.765625e-05
00010101110110110101,31.470311499495942,9.765625e-05
11010010110001101001,14.791594065503038,9.765625e-05
10001101001011101000,15.230814660598824,9.765625e-05
11010110101000010000,18.086876514485034,9.765625e-05
11111110101101011100,25.14962627847287,9.765625e-05
00110111111110100011,18.17031614779131,9.765625e-05
10010110101010110111,28.554949572730607,9.765625e-05
00010011011100011111,26.06628119929257,9.765625e-05
00001011101100010101,31.184986178395437,9.765625e-05
10100010011011100000,46.45397184220526,9.765625e-05
00010011011101101110,26.037340907784642,9.765625e-05
00001010111000000111,45.05417868226368,9.765625e-05
00011110111101011000,18.625873385048163,9.765625e-05
00101110101101011010,27.10279528782341,9.765625e-05
01010010100110000110,21.454803749408864,9.765625e-05
10110101100100110000,14.769868363635773,9.765625e-05
00111111111000111001,19.87175179015716,9.765625e-05
01010000111101001111,41.2599590348832,9.765625e-05
10101010000001100010,57.060891503132325,9.765625e-05
10000001111000011110,35.542131234645396,9.765625e-05
00101101001001011110,15.997786535962844,9.765625e-05
00001101110111110111,26.841225793548215,9.765625e-05
11001101000000101101,17.163395298295306,9.765625e-05
00010000101000000010,33.072735335162335,9.765625e-05
11000101111101011001,17.877057989851824,9.765625e-05
00011000010000000110,21.180241849726183,9.765625e-05
11011011110011011111,18.46411470947762,9.765625e-05
00100011010100110110,34.98271934700905,9.765625e-05
01110101110111000011,18.62618341698476,9.765625e-05
00011110000101010011,16.938522067895008,0.0001953125
11101110011010010110,30.686402501844377,9.765625e-05
00110100010101000011,10.911695914251911,9.765625e-05
11001011010001101110,20.59103558331485,9.765625e-05
01000011001111011100,20.31156622030235,9.765625e-05
10111001000100011000,28.509633159744418,9.765625e-05
00111010000101110111,44.05285145502146,9.765625e-05
00010111011010110010,26.66755457426518,9.765625e-05
11011101111101001101,12.972575657778785,9.765625e-05
10000100001100100001,22.153952138945105,9.765625e-05
10100011111100111000,31.959847166969,9.765625e-05
11010100110100001101,9.666328120357788,9.765625e-05
00110000100110111110,37.65604244784209,9.765625e-05
11011110001011000100,23.574219118683168,9.765625e-05
10000000011001000010,40.32542934255227,9.765625e-05
00100001000100100001,24.914991840833565,9.765625e-05
10010110100010101011,21.087371219705794,9.765625e-05
01011010011000111101,19.97014712360881,9.765625e-05
11011011011010111110,16.493870871795455,9.765625e-05
10000011010100110011,36.15803769701173,9.765625e-05
10101100001101001011,27.106608088849477,9.765625e-05
00010011000000001011,18.822108520486417,9.765625e-05
01101100100110000010,13.102996835241377,0.0001953125
00110100001111000001,13.070058406347165,9.765625e-05
11101000001000011010,23.44873030543277,9.765625e-05
01101011001011001011,23.883144738562883,9.765625e-05
10010111001011101100,22.108461974540088,9.765625e-05
10001010111011011000,47.26525374760348,9.765625e-05
11110100101001010010,12.599846527290804,9.765625e-05
01011110001001101001,19.370958730466594,9.765625e-05
11111100101100011100,12.504881855060745,9.765625e-05
10111111101000100111,30.720031861708897,9.765625e-05
11011001001111110111,18.49278768566971,9.765625e-05
10010010110111101111,38.461736787824314,9.765625e-05
00110111001101100110,17.69229656762615,9.765625e-05
11011111100001000001,31.438141027668053,9.765625e-05
00100011101001101111,30.18719184446026,9.765625e-05
10110011110100010101,25.040653790684928,9.765625e-05
10110010010010010001,33.99585697300551,9.765625e-05
00000011100101010011,32.19803615069781,9.765625e-05
11110001111110111100,16.130328103723436,9.765625e-05
10000101101100111100,25.85921933959307,9.765625e-05
10010111111001110000,18.27937275770253,9.765625e-05
10100000010001011010,44.42265630123855,9.765625e-05
11100010111010100011,28.707870857860193,9.765625e-05
00110100010110101011,20.381085572141625,9.765625e-05
00011101110100100000,15.095645622896164,9.765625e-05
11010100100100001111,17.35965625454088,9.765625e-05
11100111100100110001,21.13486548112148,9.765625e-05
11111010011100101110,29.14958995008033,9.765625e-05
00111111111100111100,18.844154947789022,9.765625e-05
10101111100100001011,33.223941284282944,9.765625e-05
00101001100010000100,20.29376941644824,9.765625e-05
01101110001001101111,25.025383378330982,9.765625e-05
00011100001111110000,14.83662615818692,9.765625e-05
00111101000001010111,15.38909032054826,9.765625e-05
10111010001010111011,36.21442648599617,9.765625e-05
01100111000001011110,17.07300444061922,9.765625e-05
11011010011011010110,25.451768064205062,9.765625e-05
01100100110111110001,24.84687552394626,9.765625e-05
10101011010000110110,50.83670618857273,9.765625e-05
10011000101100101101,26.011485298563635,9.765625e-05
01010110011000011001,13.677328694004874,9.765625e-05
01001010100000101000,22.164632161820904,9.765625e-05
11111000011110000010,14.362456861083917,9.765625e-05
10110011011010001111,22.91996949548436,9.765625e-05
00000100111111011101,57.75654587390891,9.765625e-05
10011100010000011111,19.471294341600853,9.765625e-05
10111011111010111001,27.2027768277834,9.765625e-05
00110010101110001010,22.236019683474908,9.765625e-05
11101011101101000010,30.777368742420876,9.765625e-05
11000111101111100110,21.21912617111104,9.765625e-05
10100101101101101010,18.618944944719875,9.765625e-05
11011111101000010001,31.11048397478254,9.765625e-05
10011001100111010011,22.96812646251379,9.765625e-05
10010101111000011011,26.942588683201702,9.765625e-05
00101110100110100110,27.37242306018449,9.765625e-05
10100110010011101100,36.1849319359313,9.765625e-05
01111000011011000100,13.699741588131591,9.765625e-05
10101011110011100101,43.525006849063985,9.765625e-05
11100101101001010111,13.51483836812437,9.765625e-05
11000100101000001110,23.492914366939054,9.765625e-05
01010110001001101101,23.917799423391017,9.765625e-05
10001011110101001100,35.229738439647676,9.765625e-05
10000110000001001010,22.42458315417334,9.765625e-05
10110000000010000001,19.64369038252445,9.765625e-05
00101110110011100111,33.83642304355014,9.765625e-05
00110101110110000111,17.324535307785,9.765625e-05
11110110100100010100,17.362531297170232,9.765625e-05
00001000010111110010,50.88837181695686,9.765625e-05
11001101101010000101,18.60306875220721,9.765625e-05
11011110111001111001,13.685749885707882,9.765625e-05
10000001000101010011,30.73839146730972,9.765625e-05
00010111011110101101,21.198055609898926,9.765625e-05
11010000100010101101,22.226025982642447,9.765625e-05
10011100101001111100,19.58510061268955,9.765625e-05
10000110101110001010,26.434089332939514,9.765625e-05
11100010011111101110,38.60090590068671,9.765625e-05
00100110000110101010,25.825402803561886,9.765625e-05
00010011001111010000,19.13312871026647,0.0001953125
01101111100001011111,21.36120406992801,9.765625e-05
11101010101110110100,35.608030566764555,9.765625e-05
11111110101011110000,23.984356791691738,9.765625e-05
11010101010111100100,15.917799423391017,9.765625e-05
01011000100001100001,20.058193775968608,9.765625e-05
01100110011000101011,22.232596820225655,9.765625e-05
00001110110101111000,30.90375683581958,9.765625e-05
00011011010100111000,20.63246712627609,9.765625e-05
01011111010111100000,14.915659661019106,9.765625e-05
11101001001100010010,22.43966554717618,9.765625e-05
00000000101110111010,69.07957061462426,9.765625e-05
10111101110101101110,14.470879699241896,9.765625e-05
01000011001100001011,24.48724152575623,9.765625e-05
10110001100001110111,19.772399042764,9.765625e-05
01001001011001001011,22.54267028915328,9.765625e-05
00101110010011000011,32.497854099399945,9.765625e-05
11001100010111000100,15.211038736947256,9.765625e-05
00111100011100001101,14.24705125300631,9.765625e-05
00101100111010111001,28.29847461957521,9.765625e-05
10010100010000101000,14.272506259434047,9.765625e-05
01011110000000100100,21.75296124102021,9.765625e-05
10010110100110100111,21.68756837372726,9.765625e-05
00001111011011110111,18.988917301510753,9.765625e-05
11100100000011011010,17.182637499947216,9.765625e-05
10100101100100110100,16.510502440220723,9.765625e-05
00111001001010001100,18.443341365329772,9.765625e-05
10000000010100110111,55.00785372637813,9.765625e-05
10000100001100010011,26.006583978903592,9.765625e-05
00101010011001010000,52.28634376801671,9.765625e-05
01111010010010110011,22.21442648599616,9.765625e-05
00100110001010010011,23.927016193905082,9.765625e-05
01000000100101010111,42.79860339065105,9.765625e-05
00010111111111110100,24.373653682116746,9.765625e-05
01100011100011111011,25.82466335527959,9.765625e-05
11111000000101010111,28.597916229912407,9.765625e-05
01010101011100101100,32.68178507242433,9.765625e-05
01111001011101010101,13.422478076687785,0.0001953125
01001000010000010011,23.548770266721576,9.765625e-05
01101010111011111010,31.506561167784255,9.765625e-05
00000011111001011010,34.75148651248047,9.765625e-05
11011010000101111001,27.593216457670334,9.765625e-05
10111101010010001110,24.951066396919437,9.765625e-05
01010010010110110000,16.315742142085593,9.765625e-05
01111111101111010001,18.689498034651614,9.765625e-05
11001111001101000110,21.25060306743709,9.765625e-05
11010110100101110011,15.409826095532814,9.765625e-05
11100111101001011011,18.994576805072953,9.765625e-05
00100101011001010100,16.5371171640652,9.765625e-05
00011001111111110001,29.774628652411337,9.765625e-05
01110111000011101101,27.325057368146226,9.765625e-05
01010110101100001010,26.27274341166331,9.765625e-05
11000100101101011000,17.46408962350102,9.765625e-05
11111000000011000100,24.555946366864347,9.765625e-05
01010110111000010001,15.498900870005949,9.765625e-05
10111001011011010101,27.130150613593738,9.765625e-05
00000000001011010111,58.16852493858158,9.765625e-05
11001011000011101110,18.18278593196604,9.765625e-05
01001110000110111110,16.5963383385659,9.765625e-05
10010100110001100001,14.694756869929527,9.765625e-05
01100100001110110001,21.16172424608244,9.765625e-05
00100110000010011110,26.9463878848159,9.765625e-05
00101010010111100111,63.438483034878104,9.765625e-05
11011101100100101001,22.630983424484278,9.765625e-05
00110110001111001000,14.853363490268453,9.765625e-05
11111110110011001110,25.19239672074493,9.765625e-05
10001101111101010000,16.387554912060445,9.765625e-05
11010110010010100000,14.558207184478427,0.0001953125
11100000010110100001,28.423616239698735,9.765625e-05
11000100101110101000,26.256140901348907,9.765625e-05
00111101101001010110,13.775448131079434,9.765625e-05
10001101010101111101,20.69946831464985,9.765625e-05
01000101111111001111,42.60149367964663,9.765625e-05
11110010110101111001,22.262015595056774,9.765625e-05
01000000011100000110,33.847907177630404,9.765625e-05
01010001010110000001,19.274590321339502,9.765625e-05
10110100011100010001,12.206965880047209,9.765625e-05
11111010110101100100,34.767549037565686,9.765625e-05
11011111110010010000,23.73354154923861,9.765625e-05
11000110001001000111,21.99778653596284,9.765625e-05
01001000100111101110,37.57909120597794,9.765625e-05
11100111101011011011,19.771119609252505,9.765625e-05
01011000010101001100,19.120261560602017,9.765625e-05
01111110100001111000,23.620936547704027,9.765625e-05
00001001001010100101,25.012185915570907,9.765625e-05
01111101001110000011,21.336471849731204,9.765625e-05
11001000110010101001,22.055486537431996,9.765625e-05
11111011001100001100,34.67557046671109,9.765625e-05
01111111111111000110,14.193275981525456,9.765625e-05
01111010011011111100,24.136905917321062,9.765625e-05
00010010000011100011,28.297934008688337,9.765625e-05
00100111111000100010,21.273681180899843,9.765625e-05
10110100000001110111,19.490042132299266,9.765625e-05
11010100010110100000,11.168091538966571,9.765625e-05
10101001110000011100,32.78459003544488,9.765625e-05
01000010000001001111,28.91267251476347,9.765625e-05
10110100010000000000,12.917260368883131,9.765625e-05
11100000000110111110,28.694756869929527,9.765625e-05
00101011100110011100,32.54459163491579,9.765625e-05
00101001110010001010,24.413719388734677,9.765625e-05
10010000011111001110,40.36845557470643,9.765625e-05
10001111010001011001,26.49421181248916,9.765625e-05
10000110110001011000,23.767328754527846,9.765625e-05
10010110000110010000,15.724046857446805,9.765625e-05
11011101101111101100,22.15839538688401,9.765625e-05
01100010010011010001,31.844010988902127,9.765625e-05
11110111010101110000,22.046473398744205,9.765625e-05
11111000111011110101,18.806632109218757,9.765625e-05
11101011110101011011,39.90712938081943,9.765625e-05
11001000110001111100,25.855390600096882,9.765625e-05
11011110001110000110,21.585804026846567,9.765625e-05
01110100001001010110,15.151418124136661,9.765625e-05
00001001101110101001,36.933188093837394,9.765625e-05
11010111001000010110,30.529421566582684,9.765625e-05
01111110100100100010,21.167798686270856,9.765625e-05
11001000010110000100,24.161821869240917,9.765625e-05
11100101010011111001,17.5853858529168,9.765625e-05
10011001101110011011,25.977634284786152,9.765625e-05
11110010101011011011,21.89330968793169,9.765625e-05
00010111100001101001,22.350203496280926,9.765625e-05
10110111011000100111,25.361204069928014,9.765625e-05
01010110010000111101,15.02759684236814,9.765625e-05
01001100110111001111,26.75148651248047,9.765625e-05
11011010001010000011,23.268738101962363,9.765625e-05
11101001110110101011,23.37743713076469,9.765625e-05
00011011001111011000,18.643673720473082,9.765625e-05
01001011000001001001,21.137317849657478,9.765625e-05
00010110010000111011,21.04449148179701,9.765625e-05
01100111110101111100,15.645597776258132,9.765625e-05
01110111010000110100,21.683053154756493,9.765625e-05
11101110000111100001,37.00352620076352,9.765625e-05
01110110010111101000,15.624511287415713,9.765625e-05
01011011000110110100,16.535938074574553,9.765625e-05
01110111100111110111,20.165610221083096,9.765625e-05
11111000001110010101,21.39572654463488,9.765625e-05
01000000101010100010,45.07490372633112,9.765625e-05
01100010101010101011,30.84508555550727,9.765625e-05
11010110100100010101,11.6315712034442,9.765625e-05
11001000101101111100,28.857298728251628,9.765625e-05
00101110000010111110,30.66531248143114,9.765625e-05
00111110111001101001,18.958478093322135,9.765625e-05
10111101010011101111,19.777127236662892,9.765625e-05
01111010010000010111,27.995927230227153,9.765625e-05
11111000011011010110,20.136905917321062,9.765625e-05
11111111000111110011,34.21641392095547,9.765625e-05
00011101111010001111,27.995792222956148,9.765625e-05
00001111111110000101,18.618944944719875,9.765625e-05
00110100011000011011,16.73711275737948,9.765625e-05
01000100100100100111,31.788347783298363,9.765625e-05
11110101100001001001,22.485748872348523,9.765625e-05
00010100001001001000,24.81906378569971,9.765625e-05
00010100101010100110,46.81027689406966,9.765625e-05
11110100000010100100,19.663264747918234,9.765625e-05
10001000010001010110,49.25960652008792,9.765625e-05
11011111100100101000,28.43033874660432,9.765625e-05
11010110111010100100,18.755727184313074,9.765625e-05
00110001000101011010,19.494651246557453,9.765625e-05
11110001011100110101,12.232596820225655,9.765625e-05
01010101110100110011,31.569490201203024,9.765625e-05
00010110111111101011,32.77516145448606,9.765625e-05
11010110010110001100,10.91499881684798,9.765625e-05
01110110001110111000,18.20180617459793,9.765625e-05
11111000110111000110,19.12144969967558,9.765625e-05
01101100000100101000,17.72841808505467,9.765625e-05
00111010110111000100,35.72536628671669,9.765625e-05
11111111001010111010,38.66484649213447,9.765625e-05
10111000000000001110,29.49328101926704,9.765625e-05
00010100011000101000,28.13612346899057,9.765625e-05
00111101011000000111,12.333607227559874,9.765625e-05
10100001111101010110,34.149426521152506,9.765625e-05
11101001101010001110,17.271773787166165,9.765625e-05
10010110010010010000,16.983695947520616,9.765625e-05
01010101100110001001,41.59515028661954,9.765625e-05
10111000111010111100,28.582874654625876,9.765625e-05
01110000011011011101,24.191874660383704,9.765625e-05
00110101000100111100,20.76232716713435,9.765625e-05
11011011000011010101,25.478755681970874,9.765625e-05
01011100100010010000,17.530574013717747,9.765625e-05
00111010110011110010,31.83642304355014,9.765625e-05
00100010000100101110,42.00118813907356,9.765625e-05
00001010111001010001,49.755656192670365,9.765625e-05
10101101001010111111,23.2304508162604,9.765625e-05
00101100100101011000,23.484797798377024,9.765625e-05
01110101010011110100,19.531139710581215,9.765625e-05
01100001010001110100,16.670683420335344,9.765625e-05
00011110101010100000,18.161208389486532,9.765625e-05
01010011010000010001,12.316699370523239,9.765625e-05
11110000111011101011,21.12034433348636,9.765625e-05
10101011011000001000,41.86367851516228,9.765625e-05
10110111111000000101,19.730593539365067,9.765625e-05
10101100101001101011,21.04449148179701,9.765625e-05
10000011101000001110,23.448354701488896,9.765625e-05
01011101101101000000,24.089119428867342,9.765625e-05
01110110011100011001,10.07491527879651,9.765625e-05
01110000010011100000,16.49185064001442,9.765625e-05
10001101110010000101,18.181228430541957,9.765625e-05
01100000110101110011,39.58849618134698,9.765625e-05
10100011010011010100,38.35360854383525,9.765625e-05
11100100000100000000,13.30196938355229,9.765625e-05
01111010011101111100,29.089301517084195,9.765625e-05
00011001111011000010,22.583343451912118,9.765625e-05
10110111101110101110,22.98820501202523,9.765625e-05
10111110011110011010,28.44554721689847,9.765625e-05
00110011101100110000,18.73154994625445,9.765625e-05
11000000000101111101,31.396308082001454,9.765625e-05
01010100101111010000,30.386295868471375,9.765625e-05
10101011011111111010,45.21064303734823,9.765625e-05
00001001000000100000,16.9974587257497,9.765625e-05
01001011111110100100,18.25272337060788,9.765625e-05
01110110001110001101,16.363908500475063,9.765625e-05
10001001011101001110,32.258240890884665,9.765625e-05
01110010000000111100,20.0009509868443,9.765625e-05
00001000110000101101,46.47751592332852,9.765625e-05
10100101011010110111,26.846878321096,9.765625e-05
10110011011110110110,27.346968053756758,9.765625e-05
11111011011111010100,30.467163797793063,9.765625e-05
10110001010101110100,21.2334349690226,9.765625e-05
00100000101100010011,42.293743715653775,9.765625e-05
11010111000001000111,26.362509215073786,9.765625e-05
00010000111111011000,52.44917963267808,9.765625e-05
00011001101010000000,21.887443820884485,9.765625e-05
00110110101011101000,21.890676885481394,9.765625e-05
11000100000110011001,14.99586490677289,9.765625e-05
01101100101110001000,16.568689963756164,9.765625e-05
10000101000000101000,17.80874342829766,9.765625e-05
01001100100111100000,17.548770266721576,0.0001953125
11011110010001011001,19.871139033984033,9.765625e-05
01010010101000101011,31.124752809411707,9.765625e-05
01100010010010110100,27.489747206035055,9.765625e-05
01101101111000100011,16.55976115433171,9.765625e-05
00101110110111011001,36.911793471962824,9.765625e-05
10111110000001100011,37.78867745993995,9.765625e-05
10000011010110000000,23.86828065340605,9.765625e-05
10010101001010001101,28.04765946424927,9.765625e-05
10100001011111101110,37.094725876494614,9.765625e-05
11100010110110001100,28.34635229329382,9.765625e-05
01010111100101101011,30.520793739511912,9.765625e-05
01111100111001100110,10.75819029460601,9.765625e-05
11101010011110011110,44.25522289642056,9.765625e-05
01111101111101000001,10.908355616746952,9.765625e-05
11011000101111011111,26.197984618256214,9.765625e-05
00001001101110111000,36.768276209801336,9.765625e-05
11110010001110000101,22.82210852048642,9.765625e-05
10000000000100010100,36.95423626784598,9.765625e-05
10011010000100111001,33.501711162585934,9.765625e-05
01011000010100100010,12.691734315206286,9.765625e-05
00101001001010111011,28.846878321096003,9.765625e-05
11011010111011010101,24.4936905736762,9.765625e-05
00010101010100101101,23.489747206035055,9.765625e-05
11111101101001111010,23.003526200763524,9.765625e-05
00100001101101010110,30.75148651248047,9.765625e-05
00011101110011101011,24.18764562320132,9.765625e-05
00000110000000000101,20.78740656961822,9.765625e-05
00111101101111111101,17.478671472720404,9.765625e-05
01110011011100010001,13.5998305996605,9.765625e-05
11011101101110110100,20.748894625713508,9.765625e-05
00011110110101000011,16.423194621325365,9.765625e-05
11100000000100111110,25.734065312570234,9.765625e-05
11100010001001011110,31.9607466213717,0.0001953125
11101100000100000000,22.656968435836994,9.765625e-05
10010110000000111111,22.844154947789026,9.765625e-05
00001001001000010101,24.671948705517764,9.765625e-05
01011001100011110000,23.850113763620165,9.765625e-05
11110100110111000101,8.963087207580328,9.765625e-05
00110100100000001011,17.206515632876958,9.765625e-05
11000000000000110001,18.50703682148171,9.765625e-05
10110100000000011110,19.894933484944307,9.765625e-05
00010110101001101010,31.12475280941171,9.765625e-05
01000101000001111010,29.012256172792547,9.765625e-05
11010110011101100100,14.815561838568154,9.765625e-05
10010110011111010000,19.596063078642864,9.765625e-05
11110011011100101111,18.183614394726035,9.765625e-05
01100101111011010010,21.056509582435353,9.765625e-05
00010101111110001010,42.61978309351682,9.765625e-05
00100101010110110001,24.276205509671332,9.765625e-05
01011101111001110000,21.835084682360154,9.765625e-05
11110010110000110001,17.39572654463488,9.765625e-05
10010000100110101101,31.495008114881465,9.765625e-05
10111101110010000001,19.285039444419205,9.765625e-05
00101110010100000100,40.124592890418505,9.765625e-05
01110111001010010101,24.317309416673844,9.765625e-05
00110001001010111110,30.753333422156658,9.765625e-05
10101001000110111100,35.092523742000594,9.765625e-05
01011111011010001101,19.349966344051666,9.765625e-05
11000011010101110010,21.470038018874142,9.765625e-05
10011101100111101100,15.917799423391017,9.765625e-05
11000101101111110101,23.298522707573206,9.765625e-05
01100100001001110011,19.362157679667654,9.765625e-05
10001111101001010001,20.997801740011898,9.765625e-05
01101101111101010011,11.186530462211763,9.765625e-05
11001111001001110010,20.212960404008683,9.765625e-05
00111111001101001010,18.931951317438998,9.765625e-05
11111110011110111110,21.069586175457133,9.765625e-05
11000001000010111010,22.51986212474152,9.765625e-05
00111111100101110010,18.899348632525303,9.765625e-05
00010111000000010010,22.22299653903199,9.765625e-05
01110111111111111010,21.689240503296293,9.765625e-05
01010101000011011110,37.0243719074292,9.765625e-05
10101011111000101100,34.5656906069449,9.765625e-05
11011111101000111101,26.173490263073546,0.0001953125
00110110011000010100,18.424583154173337,9.765625e-05
11010111011010010011,24.18654647696927,9.765625e-05
11011000011000110001,11.759377404991245,9.765625e-05
01110101100010011101,30.68817468116699,9.765625e-05
10011001110100111100,20.427640285019542,9.765625e-05
00001010001011101110,39.08266520587038,9.765625e-05
11111111010111001110,31.1877848964642,9.765625e-05
00101011011101001100,37.82115753364212,9.765625e-05
11001100111110100101,16.107876818475503,9.765625e-05
01000011001101101010,25.596063078642864,9.765625e-05
11100011001010010101,24.333607227559874,9.765625e-05
00011110000101110000,16.400424564607377,9.765625e-05
00001001111111110000,39.04481369771067,9.765625e-05
11100101100010110010,21.42694518602437,9.765625e-05
00100000101101110111,57.89671305456146,9.765625e-05
01111111001001111010,29.7181815075891,9.765625e-05
00011001001000001100,19.623381656798166,9.765625e-05
10100011000011100101,33.652050355748905,9.765625e-05
11000000101000000111,27.07555186933567,9.765625e-05
10101000011111001010,49.93780000524533,9.765625e-05
01011011001100111001,21.35465738800975,9.765625e-05
01101001011100110000,18.049543660070977,0.0001953125
11000100101100111000,19.404141200477284,9.765625e-05
00000010100001010001,39.533333715417264,9.765625e-05
01111001110011100000,14.847794437550071,9.765625e-05
01001001110101110100,22.206259021446584,9.765625e-05
00011011101100101100,20.87767220402727,9.765625e-05
01011010000011111110,22.69134558078185,9.765625e-05
10111000100000001001,23.6459519345596,9.765625e-05
00000011010001110001,29.60758397117797,9.765625e-05
10010100001001100010,21.920670934449557,9.765625e-05
11001001011111001000,18.670683420335344,9.765625e-05
11001100110001011001,13.025078678902618,9.765625e-05
11000001001001110001,19.790158364582012,9.765625e-05
11000111001111000110,18.154218730679695,9.765625e-05
11010101010101011011,14.690744584214166,9.765625e-05
10110100100110011000,14.029015597810355,9.765625e-05
01000000000010010000,22.635878415423768,9.765625e-05
00001001000101111100,30.55934370398319,9.765625e-05
11111100000100010010,18.262204637651863,9.765625e-05
00001001100000110010,25.26623931057075,9.765625e-05
01110000010000010001,9.692663121987117,9.765625e-05
11010011001110100100,17.77455565269115,9.765625e-05
10110111110000101101,19.730593539365067,9.765625e-05
11111101001010101110,31.433153512316238,9.765625e-05
01110011011010101111,18.798978172637003,9.765625e-05
10111000011110110001,30.755373026011604,9.765625e-05
01000011001000100010,22.161208389486532,9.765625e-05
10011011111011110111,26.920954531170622,9.765625e-05
00010010001011110010,34.19803615069781,9.765625e-05
11000001001010001011,27.64087311393005,9.765625e-05
01101011101001011010,21.423265612968073,9.765625e-05
01101000001100001101,28.231104068850932,9.765625e-05
10010110111111110010,26.15322611541063,9.765625e-05
11110111010100100110,25.92920848493091,9.765625e-05
00100000110100111011,55.9312612409026,9.765625e-05
10101000101011110101,46.81928147872786,9.765625e-05
10000110101010100111,32.738391467309725,9.765625e-05
11111110111011110001,19.230441130223443,9.765625e-05
00001111010101111101,22.45586675275225,9.765625e-05
01000001111011101001,47.06758281286753,9.765625e-05
00111100001100000111,9.997786535962847,9.765625e-05
11111101111000011001,19.300469019709112,9.765625e-05
11011100101100111101,11.459075552920831,9.765625e-05
00101110110100100110,33.938233383224144,9.765625e-05
11111010100011101100,29.294373221005483,9.765625e-05
10101001100101010100,34.33299718140928,9.765625e-05
10111101111010010100,18.661963134343267,9.765625e-05
00100100011111011100,38.743977182079476,9.765625e-05
11101001011010010110,18.740331537852278,9.765625e-05
10110000101001010111,28.136777151643404,9.765625e-05
11011101101000101110,31.7539938471053,9.765625e-05
00010000001001001000,29.426686588152705,9.765625e-05
10010101100001010000,17.201659680352545,9.765625e-05
11101111111010011011,23.540485246772946,9.765625e-05
11010100110101101110,17.758485944451465,9.765625e-05
11011110111111000101,14.958478093322137,9.765625e-05
00001011111010110100,28.07429554660896,0.0001953125
00101001000010010100,24.42458315417334,9.765625e-05
10110100001000000011,14.661963134343273,9.765625e-05
00000100111110111110,63.07957061462426,9.765625e-05
10100101001000101111,23.39572654463488,9.765625e-05
01011111010101011101,13.417933712478955,9.765625e-05
10111010011001001010,42.051024738967456,9.765625e-05
11010100001101100000,15.095645622896164,9.765625e-05
10001110000010000001,27.761431244302457,9.765625e-05
00011010010000111100,30.596396836182095,9.765625e-05
11111101011101011010,16.53592838853759,9.765625e-05
10000100111000000001,24.494828736687147,9.765625e-05
10010111101011110101,22.32319026484785,9.765625e-05
00111001010100010110,19.15141812413666,9.765625e-05
01001111111000011000,16.270924923643932,9.765625e-05
10000010111011111001,52.78789150167482,9.765625e-05
11001110111010001011,18.232596820225655,9.765625e-05
10011001000010101110,20.267781607945782,9.765625e-05
00010101011011011010,35.17888620082714,9.765625e-05
10011100111110111110,22.714623364437774,9.765625e-05
00110001110110110101,26.555736189085955,9.765625e-05
10000101001011011110,26.976696515549616,9.765625e-05
10010101010101101011,16.288015897585748,9.765625e-05
11000010110011000101,28.00418749588482,9.765625e-05
10100111000101100010,25.62373715424706,9.765625e-05
11111100111011011001,10.69134558078185,9.765625e-05
11110110011110001100,16.720209166334726,9.765625e-05
00101101111001100001,15.212525246728632,9.765625e-05
11001000000000101110,18.39354213870859,9.765625e-05
01000110000100001101,16.547822811448082,9.765625e-05
11110100100000111011,14.229513047023865,9.765625e-05
10110000000010101010,21.919591269054802,9.765625e-05
01001010101010101001,26.625873385048163,9.765625e-05
01110010000000111010,20.163010008314476,9.765625e-05
01000100100110010111,31.508163654949517,9.765625e-05
00001110101100111010,26.066743646222072,9.765625e-05
00111111010111101100,19.514777884066877,9.765625e-05
01101010110101100001,42.61894494471987,9.765625e-05
01101011001001100010,22.764838365425277,9.765625e-05
11001011000001101100,20.214468761714794,9.765625e-05
10010100110011111111,32.08537961672164,9.765625e-05
11100111000101001110,22.88524357445509,9.765625e-05
00010001110110011101,37.32776024272394,9.765625e-05
01001001010110111100,22.012539339451312,9.765625e-05
00011110010111100101,17.521297102081295,9.765625e-05
10100010101011000000,36.32220440761333,9.765625e-05
10011011000000011100,29.909436005722952,0.0001953125
01011010011010010000,13.02759684236814,9.765625e-05
11101011111110100001,29.75914678862259,9.765625e-05
00101101001010011100,19.233573420737216,9.765625e-05
01010001100001111011,39.99238093380847,9.765625e-05
00001011010001000000,23.720218117950612,9.765625e-05
10110001001101111010,21.37743713076469,9.765625e-05
11101011110010101001,29.041684720787828,9.765625e-05
00011110001110000001,10.844154947789027,9.765625e-05
00010011001110111001,25.977634284786156,9.765625e-05
11010101000001011000,22.757066258287942,9.765625e-05
01000011000001010100,11.75759626321292,9.765625e-05
11110010010000101100,19.493281019267037,9.765625e-05
10001001101100111000,26.153952138945105,9.765625e-05
10100101111000000111,19.64087311393005,9.765625e-05
01000000001010000101,31.72055905864432,9.765625e-05
00010100001000000011,23.934161249905348,9.765625e-05
01011001100011001010,28.35360854383525,9.765625e-05
10110100111111111000,20.57497305822964,9.765625e-05
01000001110101010100,25.19686747082536,9.765625e-05
01000000100010101101,43.16425655787703,9.765625e-05
10010101000000111100,22.687418140771005,9.765625e-05
01111010010101110001,33.090239286320724,9.765625e-05
00111011000011011101,29.26191607258421,9.765625e-05
00000000100111110001,61.081173396056776,9.765625e-05
11010010001010000001,17.39477284776804,9.765625e-05
11110010011010111001,19.310660611433498,9.765625e-05
11110110100000100100,23.173809758124847,9.765625e-05
00101101000001010011,15.761061158370687,9.765625e-05
01011111101000001111,31.946457282661243,9.765625e-05
00000110001110101100,30.28748652911482,9.765625e-05
10000000001101011010,46.6729324891838,9.765625e-05
10101001101111111110,32.30872678248429,9.765625e-05
11010010011010000010,16.45115530803193,9.765625e-05
11110101010111011110,15.41246659757877,9.765625e-05
00111000101101000110,22.429734032961957,9.765625e-05
10011111010000001100,27.129908863277322,9.765625e-05
00110100100111100001,17.62258370005986,9.765625e-05
01000110110100101011,26.341428059149244,9.765625e-05
00001010111001001000,40.924679041300244,9.765625e-05
00111110100010100001,19.22106624165359,9.765625e-05
10010100001101100101,18.54579217004885,9.765625e-05
01011100000000101101,19.090025037736186,9.765625e-05
10101001100001011000,29.044845640098476,9.765625e-05
00011011011001100010,17.4074808615282,9.765625e-05
10000111000001010101,17.916896524544704,9.765625e-05
00000111001000011011,22.723692699145335,9.765625e-05
00101011000011111001,35.57783497037842,9.765625e-05
01011101011011100010,24.066513764274493,9.765625e-05
00001001011011001000,26.051310615648752,9.765625e-05
00111100001001110100,15.480692133815424,9.765625e-05
11011111101000000110,35.10207070065506,9.765625e-05
00111010000010110110,32.132598705341486,9.765625e-05
00100110100111010010,24.926952178276785,9.765625e-05
00000010101001111001,50.1535962013424,9.765625e-05
10110010001101101111,36.458159338090084,9.765625e-05
11011000111111000100,18.12653123032767,9.765625e-05
01010111110111010000,15.451768064205062,9.765625e-05
01001000010101010110,32.85417684735606,9.765625e-05
10111011110101011100,39.417574770586455,9.765625e-05
00101110000101011000,35.44756881955461,9.765625e-05
11010101010111011110,18.13690591732106,9.765625e-05
00101100001100100011,17.486364251417,9.765625e-05
00001101111100110100,22.777985590331486,9.765625e-05
11111110001100100000,32.597138358032886,9.765625e-05
01111101011010000111,16.84222194038809,9.765625e-05
01010001101100000011,35.155520344254654,9.765625e-05
11001101010100111000,11.393168314065946,9.765625e-05
01101101110110111101,19.406967714954835,9.765625e-05
00110000000010100111,26.427803735583556,9.765625e-05
11111000001111111011,21.89262612561972,9.765625e-05
00101101001001011100,16.6039646750391,9.765625e-05
01011110001111010000,11.871761476194122,9.765625e-05
10001011111000110010,30.13609610305373,9.765625e-05
01000000111010000010,39.971657467756216,9.765625e-05
11000010001100010111,32.80621557879518,9.765625e-05
01100101000011110000,20.22951304702386,9.765625e-05
01111011111000010001,19.22106624165359,0.0001953125
01111010101001001000,22.552175401403105,9.765625e-05
10000000101000011110,43.98147343390055,9.765625e-05
00101110101111010100,29.38532624397423,9.765625e-05
11100000000000111011,23.72026965039221,9.765625e-05
10110010111111110000,35.15222712769554,9.765625e-05
11001110100001101000,17.484816523157072,9.765625e-05
00000011010010101100,24.096172183377533,9.765625e-05
00011001111100010101,24.15947339793275,9.765625e-05
01001000001001100010,22.227959000883203,9.765625e-05
01110000100011011000,21.995376551908866,9.765625e-05
10110110001001011001,22.82030345721487,9.765625e-05
00111001010010101110,18.896362220690737,9.765625e-05
01110110011000100001,15.508331546169458,9.765625e-05
00011001110110010100,22.11438091956806,9.765625e-05
11010100000101000110,14.424583154173337,9.765625e-05
11000000011011010100,29.542131234645396,9.765625e-05
10111100010100101001,18.027596842368144,9.765625e-05
00010010111011010110,42.02787836552071,9.765625e-05
10001100101101011111,30.714623364437774,9.765625e-05
10000000111010001110,50.73675308106591,0.0001953125
00010101101011000001,35.23759849474635,9.765625e-05
10001011111110001001,31.77257653289369,9.765625e-05
01010000001100101111,35.53429438829852,9.765625e-05
01100000111000110011,31.689827128612666,9.765625e-05
11001110000000001101,25.252194089264158,9.765625e-05
00010000010101010100,35.044074031448496,9.765625e-05
10000010011011010000,45.26525374760348,9.765625e-05
01011010011111100010,18.879151737794235,9.765625e-05
00000000000001001101,43.184227787353215,9.765625e-05
10010111001000101100,24.51059383262567,9.765625e-05
10101111000000001010,41.35510918030951,9.765625e-05
00000011111010101001,36.149426521152506,9.765625e-05
11111010100100101001,30.172508144549887,9.765625e-05
10101110010000111010,44.27789874194768,9.765625e-05
11000111100001111011,17.2552470520855,9.765625e-05
10010000011011110111,44.31517927484787,9.765625e-05
10100111000000110010,28.86706523552286,9.765625e-05
10100010011001101100,50.41289716756803,9.765625e-05
00001100110100010110,29.20948124636299,9.765625e-05
01001010100000111000,23.527108394978733,9.765625e-05
01001010110001000011,30.97669651554962,9.765625e-05
01100101000110100100,21.783288421869923,9.765625e-05
10110110000111101101,24.447930373092987,9.765625e-05
00111110100111000110,19.792535366310382,9.765625e-05
01110001011111010000,15.07005840634716,9.765625e-05
10111010010110010110,53.2129310245989,9.765625e-05
11111011100111000100,30.312579247173474,9.765625e-05
10101101010101011010,26.75262748348098,9.765625e-05
00011111000110010010,16.29916116454079,9.765625e-05
11000001111111000000,23.558078418800772,9.765625e-05
11010110111010110100,17.18217588581545,9.765625e-05
11100100101111101000,19.719251203476013,9.765625e-05
00101110101011001000,22.65432159382101,9.765625e-05
11111101010101101110,18.44621222909445,9.765625e-05
11010110001011010000,18.110391537497417,9.765625e-05
00010011111111001110,29.623812471345857,9.765625e-05
01000000011100010101,37.11227468843895,9.765625e-05
10110010011101110111,47.317096441745704,9.765625e-05
11100110100101011111,22.563400644092752,0.0001953125
11010100000100111100,12.413613712205612,9.765625e-05
11110011001010110110,24.009352806473398,9.765625e-05
11000000110110100100,27.847907177630404,9.765625e-05
00110111111110111101,19.852379913742475,9.765625e-05
11111011110101100100,27.92494190516379,9.765625e-05
11110110111101110000,13.157096483331582,9.765625e-05
00010011101100000111,24.245669696172747,9.765625e-05
01010111011010110011,29.251453917400614,9.765625e-05
00101011101000000010,22.31669937052324,9.765625e-05
00011010010111010100,36.130328103723436,9.765625e-05
11111000000011101100,22.91465163456093,9.765625e-05
10111100000100001000,21.24937755509082,9.765625e-05
00011110101010000100,19.04484564009848,9.765625e-05
11000011001000111100,14.32645403106182,9.765625e-05
11000101011111000000,16.471294341600853,9.765625e-05
10111001011100110100,23.730569607032024,9.765625e-05
11001101101011010101,13.455943985988306,9.765625e-05
10010101001010111100,31.444706260111953,9.765625e-05
10111100101011110000,15.157096483331582,9.765625e-05
11010011010000011000,11.82162724001348,9.765625e-05
10000001000101111100,28.28748652911482,0.0001953125
10101011100010000110,35.68417727820176,9.765625e-05
00011000010001000100,24.112346539457953,9.765625e-05
00111110100001001011,20.91271789273892,9.765625e-05
00100101000011100110,21.820180933130562,9.765625e-05
01011100001101100000,13.127919039594397,9.765625e-05
01100110101100011011,19.150931472286487,9.765625e-05
00011101110101011110,19.117181526111093,9.765625e-05
10001111101101111001,18.782041061598914,9.765625e-05
01101100010101001100,20.78459003544488,9.765625e-05
01111010110011100001,22.320886866408053,9.765625e-05
11011010110110111110,19.82998368166713,9.765625e-05
01011011100011010100,17.48723881573369,9.765625e-05
11111110011101100100,29.789592754845742,9.765625e-05
01001101010001000110,10.983695947520612,9.765625e-05
01111000000101000111,19.272328769304355,9.765625e-05
11011100101000000001,14.959275315639381,9.765625e-05
00101010111000000101,47.405413745101555,9.765625e-05
00110110010011010111,21.64343221471509,9.765625e-05
00100110101011001110,28.236019683474908,9.765625e-05
01100001100110100001,26.97669651554962,0.0001953125
11101010001000011010,38.29323941152327,9.765625e-05
00110000011000111110,32.4702696530913,9.765625e-05
01100001001001100001,21.007457808799217,9.765625e-05
11100001010010010101,19.04258408806333,9.765625e-05
10001110100000010101,31.862684958332085,9.765625e-05
11001011101101100110,21.040405200149134,9.765625e-05
00000011100100100011,30.329826488934472,9.765625e-05
00000011111000010100,28.09843373541268,9.765625e-05
10011111101010101101,22.509276291420406,9.765625e-05
00010000000111110001,37.29085898698747,9.765625e-05
00011101000010011101,21.42930437205781,9.765625e-05
00010001001101100110,31.016779102198793,9.765625e-05
11010011110011100010,16.65018127684906,9.765625e-05
11000101000011011010,20.166442743104554,9.765625e-05
10000100001000100101,24.61491091909485,9.765625e-05
10011100000001111010,16.327060545641608,9.765625e-05
10100000101010111111,47.78217681408736,9.765625e-05
11100001001010110101,20.73154994625445,9.765625e-05
10010000010011001100,28.45067562135635,9.765625e-05
01011000110110110000,18.390407774626325,9.765625e-05
10000010010110101010,41.954463734038285,9.765625e-05
00111110000111101010,19.878545310341647,9.765625e-05
00011000111110011110,41.57717683622984,9.765625e-05
10100111010100011011,30.01003095998976,9.765625e-05
11000100001000011010,17.670968366295337,9.765625e-05
11110010011111100110,25.402065562497057,9.765625e-05
11001010000111010101,41.90248810619355,9.765625e-05
11010001000100010011,18.05519368473628,9.765625e-05
00010110111001001101,24.45947687929535,9.765625e-05
11010001100000001100,17.32774669302089,9.765625e-05
11010011001001000111,21.22089917198192,9.765625e-05
01101000000001011100,28.784590035444882,9.765625e-05
10010100111010100000,24.80560282262205,9.765625e-05
10000100101010111000,32.505116210140265,9.765625e-05
10110010010000000101,35.46622323140678,9.765625e-05
10010100001000110100,21.17121341986214,9.765625e-05
11111001101110000000,18.30325786664669,9.765625e-05
10010110001000111101,21.58670963571542,9.765625e-05
11001111011101100110,17.624320470914867,9.765625e-05
11111111111000110011,28.064356398290087,9.765625e-05
01001000000000001011,23.211038736947256,9.765625e-05
11100001111010010001,18.73711275737948,9.765625e-05
10100110100101111011,31.293444621364713,9.765625e-05
10011001111111001111,26.205242462595002,9.765625e-05
00010111000001101100,20.40450887065378,9.765625e-05
10000011000110010000,23.96362437402359,9.765625e-05
01000100011100011101,27.10160714874985,9.765625e-05
11000101110101001010,16.69547965616045,9.765625e-05
01101101000101101111,18.556889643273166,9.765625e-05
11110110010100000100,21.52784887194936,9.765625e-05
01011110001100011101,14.611505871540524,9.765625e-05
11011010010111011000,24.924416275403722,9.765625e-05
01001111101011011100,14.599846527290802,9.765625e-05
01010100000011001000,27.406374417982814,9.765625e-05
11111101101001010000,23.430329060567367,9.765625e-05
01101110111010011110,17.825402803561886,9.765625e-05
11100101000001111101,15.631561517407242,9.765625e-05
10001000011000010001,41.190311837291205,9.765625e-05
11111010001101011001,39.747893135115945,9.765625e-05
00101000011111000100,47.94062622545562,0.0001953125
00010111011001100001,17.0265171878132,9.765625e-05
00110000010101001110,30.24052312120403,9.765625e-05
00000011011111111110,44.527214278647854,9.765625e-05
11101110110101111001,32.88905556477271,9.765625e-05
01010100011010011001,25.768843675126224,9.765625e-05
01111011011101000110,18.47931410855267,9.765625e-05
11011111001000100101,32.826039383304675,9.765625e-05
01100101001100110000,19.195324242729022,9.765625e-05
01010010000101111111,28.31058961979079,9.765625e-05
01000110001010000000,17.359903092807098,9.765625e-05
11101111101110110001,25.49828572510919,9.765625e-05
11111101001011110010,24.943314277422196,9.765625e-05
11101001011101000110,22.536776223371497,9.765625e-05
01011100011000100111,13.81937809487765,9.765625e-05
11000011100111011001,18.830526180618623,9.765625e-05
11101101000001111011,21.480457055154652,9.765625e-05
01010101101100100001,42.6655387939799,9.765625e-05
11100101001001010010,15.740058057230474,9.765625e-05
10010011000011110101,21.885004044298572,9.765625e-05
11111010101110001101,26.822108520486424,9.765625e-05
00100010000110010010,38.84552664392157,9.765625e-05
10011111100101011100,20.270941879962567,9.765625e-05
00100101101001101010,27.17051654156573,9.765625e-05
11011100011100110101,6.184923942068378,9.765625e-05
01010000000110110101,27.157379649990343,9.765625e-05
10101001111000101010,22.962663701142336,9.765625e-05
00110111101001101110,23.800106649611,9.765625e-05
10110111110110010001,17.213129051285875,9.765625e-05
01011000101010011110,28.26614967043538,9.765625e-05
11000010110000110011,27.11915711433774,9.765625e-05
01110101111101100000,20.313882836349904,9.765625e-05
11100101000010110011,23.04321828987887,9.765625e-05
00110110011100001011,14.358274697707325,9.765625e-05
10000101010101011110,22.2479987082798,9.765625e-05
01111000101001111011,21.088318674979284,9.765625e-05
10100110001010001101,31.14384133366376,9.765625e-05
00001001110100110101,37.315080574333216,9.765625e-05
01101100001010001101,18.072400636061978,9.765625e-05
10110101000010110010,25.71525213536841,9.765625e-05
11000000010011010101,30.311907160996054,9.765625e-05
00111111001111100010,15.9290755512284,9.765625e-05
11101101110101001000,17.157450641633055,9.765625e-05
10011011001101001111,27.360027504956026,9.765625e-05
11010011101010110110,24.860420903414454,9.765625e-05
01101100010001010011,15.111332751177562,9.765625e-05
11011011011000100001,21.100584326668724,9.765625e-05
11001011001110001010,21.29663403861957,9.765625e-05
01011000111110110000,21.745394343724328,9.765625e-05
11100000101100001101,24.080224999222157,0.0001953125
01111011100101010101,25.00929503243845,9.765625e-05
00011010011110010100,29.914991840833565,9.765625e-05
11110010011011011001,22.539439112620986,9.765625e-05
11010110010111000101,12.355464405127334,9.765625e-05
00001101010101000110,15.229796213682622,9.765625e-05
00111110111111000111,18.353359327641783,9.765625e-05
10010110001100100100,20.086870272891687,9.765625e-05
10001101110010011101,20.962663701142336,9.765625e-05
10010110100000010001,15.6315712034442,9.765625e-05
00010011000011100110,21.458211604952748,9.765625e-05
01101110001001010000,22.501782154228646,9.765625e-05
10101100001110111010,23.822431781280248,9.765625e-05
11011110101100011100,17.484816523157072,9.765625e-05
10110001011101010111,23.815275249101973,9.765625e-05
10111011000100111100,41.68305315475651,9.765625e-05
11010111001110111100,22.9567599493236,9.765625e-05
01010011111100010000,16.471294341600853,9.765625e-05
01110010011000110001,16.73154994625445,9.765625e-05
11100101100101001011,15.876360904415357,9.765625e-05
11100011101100000010,20.163010008314476,9.765625e-05
01010101011001110010,32.94078435435122,9.765625e-05
10010101101011010000,26.6945740472916,9.765625e-05
11011101111101101100,13.920921304286585,9.765625e-05
10010100000111101111,24.73326809025299,9.765625e-05
01101001111010011010,19.23624526160259,9.765625e-05
00011111101101111101,17.426364590218924,9.765625e-05
00001001111000101110,33.770132805514486,9.765625e-05
11100000000011111001,28.930932783395594,9.765625e-05
10010000000000011001,20.798031539321432,9.765625e-05
10101000010100111011,55.911324674676585,9.765625e-05
11000010100001001000,17.610835341332443,9.765625e-05
00111011011101100100,24.181335886372253,9.765625e-05
10000010101101010001,47.99714807899525,9.765625e-05
00111101100001000010,15.349966344051666,9.765625e-05
01101100110000011110,15.273054999978886,9.765625e-05
00010101100101101010,35.155520344254654,9.765625e-05
00100001110010001100,28.45067562135635,9.765625e-05
11010110101010101001,22.793666553306913,9.765625e-05
11111110001110101011,24.439636489065315,9.765625e-05
11101101001000110000,21.091233593763825,9.765625e-05
10111000001011111110,31.782860561903203,9.765625e-05
00101001101011011111,32.07273024721254,9.765625e-05
10111101011111001000,16.82025192477327,9.765625e-05
10101111100100111111,32.543463343445666,9.765625e-05
10111110110010101001,25.041684720787828,9.765625e-05
11101110101001111110,24.614306478083556,9.765625e-05
01100110101101010000,15.374668390322082,9.765625e-05
00111001000000010011,19.221066241653592,9.765625e-05
00101000000100011100,44.689609435584515,9.765625e-05
11110100110100011101,5.500751224125752,9.765625e-05
11111010101110110000,24.614306478083556,9.765625e-05
01111000000110100000,14.603964675039103,9.765625e-05
11100011000001111111,26.533940317124248,9.765625e-05
00101111110000100010,22.61149618550356,9.765625e-05
11011101010110010101,12.611496185503569,9.765625e-05
11000010001011111010,28.118128981384583,9.765625e-05
10110110001000010000,25.050543458494516,9.765625e-05
01101001001110110011,21.74564325555904,9.765625e-05
10111011100011101110,27.64918854156714,9.765625e-05
00101001110111011000,35.732375611864704,9.765625e-05
11111010101011000010,27.035947863976716,9.765625e-05
01010000110010110110,34.818668722554726,9.765625e-05
11001101100101010000,10.351207696901039,9.765625e-05
00010110010010011001,15.161705597589775,9.765625e-05
00010001100100101001,31.887687214707093,9.765625e-05
00000101101010110000,40.528698693224555,9.765625e-05
01010110000010000011,21.133199701909177,9.765625e-05
10110001011000100100,14.993029724106888,9.765625e-05
00110101011100110100,16.428347143620165,9.765625e-05
11011110010101000101,22.810827490203117,9.765625e-05
01011000000000010011,15.586709635715417,9.765625e-05
10100101100101101010,16.487241525756232,9.765625e-05
11000111011000011110,15.898703715984485,9.765625e-05
11111100110001111110,11.997786535962842,9.765625e-05
11001001110001000001,16.229079669045042,9.765625e-05
01111111101110011011,22.679668643759452,9.765625e-05
11010001110001001001,13.732934125573694,9.765625e-05
00010101110101111010,33.47031149949595,9.765625e-05
01000010010110000000,21.399137833782554,9.765625e-05
11011001111111110100,14.63800776817747,9.765625e-05
11011101001000110000,26.20979741112955,9.765625e-05
10110011101110110101,24.135929316809502,9.765625e-05
10011010101111011001,34.018660871425396,9.765625e-05
11011000110101001000,15.00209374794241,9.765625e-05
11110001011100011111,13.978543425225812,9.765625e-05
00011111001000001110,23.76803914469928,9.765625e-05
00000100011000010001,28.590166215711342,9.765625e-05
11111111110011101100,27.264965160899642,9.765625e-05
01001111011011011011,13.742771744500494,9.765625e-05
11001011101110101100,16.916906210581665,9.765625e-05
00011110010111110001,15.582556101135705,9.765625e-05
01111001111110101100,16.929979086528753,9.765625e-05
11100101111000011011,16.660622395226028,9.765625e-05
10100011001001010011,35.577834970378426,9.765625e-05
10011001011011101110,20.712823426534392,9.765625e-05
00010001000000001000,21.130155701543536,9.765625e-05
11100100110010011110,16.379463124367938,9.765625e-05
11101000101100011010,23.58510061268955,9.765625e-05
01101011010000000101,30.546612590278073,9.765625e-05
10110010011110111100,36.49410250601261,9.765625e-05
00110100111110101111,31.93258617734477,9.765625e-05
00011101110000101110,25.423674748154745,9.765625e-05
00010011001000101011,25.931883770239892,9.765625e-05
00110001011100101100,20.475903455859044,9.765625e-05
10011100101000111111,20.52368462264436,9.765625e-05
10110000000010100001,20.486287828889388,9.765625e-05
01001010001001101111,31.343897411035528,9.765625e-05
10011110100100101001,16.74507212781067,9.765625e-05
00011111100011111101,18.61230872063325,9.765625e-05
10001100110010010000,20.61491091909485,9.765625e-05
00111101011000001110,16.61524570532241,9.765625e-05
01111010000011000100,27.60265484426932,9.765625e-05
10001011110010101010,24.008411505666054,9.765625e-05
11011111110101000101,18.600080969497533,9.765625e-05
11100001001010001011,23.27232876930435,9.765625e-05
00111001110110110001,20.421331784018868,9.765625e-05
10011000110100001110,27.28434498187808,9.765625e-05
01100011101011001011,23.0095631308432,9.765625e-05
10111001010100101011,23.07108309485671,9.765625e-05
00000011101110000010,29.53978900493058,9.765625e-05
11110001000011100100,17.5806689010242,9.765625e-05
11010101011010001010,34.19065286511212,9.765625e-05
10110001000100101101,18.230689426491978,9.765625e-05
11110111110011111110,18.92890222912356,9.765625e-05
00111010001101000000,30.598892830423964,9.765625e-05
11000110101000101100,18.006269669725654,9.765625e-05
01001001110111011100,26.470269653091304,9.765625e-05
10100100001110111001,28.065478361039656,9.765625e-05
11110000111000001001,8.941586898336876,9.765625e-05
01001000011001011111,36.090532139016446,9.765625e-05
01101100000111100011,16.515785823397863,9.765625e-05
11010101110010100111,29.079946305695334,9.765625e-05
00111001101101110000,17.21252524672863,9.765625e-05
00010010011001011010,32.61978309351682,9.765625e-05
01010010101101010101,26.050334015137192,9.765625e-05
01001011010111100100,17.451777750242016,9.765625e-05
10011010011101001111,42.99530211582255,9.765625e-05
10000000100011110001,44.1535962013424,9.765625e-05
11100100010010100000,15.268388111685748,9.765625e-05
00011011110000101100,18.99302972410689,9.765625e-05
00100011100101010000,24.753465632277923,9.765625e-05
01101000000001110000,24.32926432364181,9.765625e-05
00111011000010101011,24.21436600193867,9.765625e-05
10011101100110111010,20.18470301173668,9.765625e-05
11110010001011010010,24.45766566155765,9.765625e-05
01001001100111000100,18.959795634527403,9.765625e-05
10111010001000001110,40.696495393054114,9.765625e-05
10001011000000001000,28.27225942116783,9.765625e-05
10100110111110101110,34.749215274408364,9.765625e-05
11000111100110101001,18.229513047023865,9.765625e-05
00101000001100100000,30.39354213870859,9.765625e-05
11101101100000001101,23.332172250220097,9.765625e-05
10101111101000100111,30.032028652000506,9.765625e-05
11011010000000111001,23.903434619905916,9.765625e-05
10110010111101001001,30.33993719583914,9.765625e-05
00010001010101100110,26.401124996110777,9.765625e-05
01000100011111011100,32.703297777727286,9.765625e-05
11000101010100111011,18.13609610305373,9.765625e-05
10100000100010101011,36.12082996748803,9.765625e-05
00111010001101010100,39.151418124136654,9.765625e-05
11110111001110100110,30.917837825352052,9.765625e-05
00001001000001000101,21.87875374664683,9.765625e-05
11000000111000101111,34.8971178037434,9.765625e-05
11011010001010011100,21.268141273419534,9.765625e-05
10101100111110000000,23.73406531257023,9.765625e-05
11001100011110000011,14.879579597760953,9.765625e-05
00010110001100100010,21.186900548143534,9.765625e-05
11111011100011111001,29.768811906992816,9.765625e-05
11010010100101101001,17.141919987901254,9.765625e-05
11110111000011110111,28.626762516959857,9.765625e-05
10000111100100010111,20.917512725161448,9.765625e-05
11001010110001001010,29.359656254540884,9.765625e-05
00111101000111000111,11.883144738562887,9.765625e-05
10111000011010111100,30.69547965616045,9.765625e-05
00001011001010110011,25.612076999288895,9.765625e-05
10010111110000110110,21.821273081712008,9.765625e-05
00111100001100001001,10.603964675039107,9.765625e-05
01011110011000110001,12.276256100551805,9.765625e-05
10010000110111001111,41.55422836945722,9.765625e-05
01101000110101101000,32.098433735412684,9.765625e-05
00010011110110010110,24.136777151643404,9.765625e-05
11000101010100011100,10.393542138708584,9.765625e-05
11010100110000000101,9.819063785699711,9.765625e-05
11101011010010110110,33.133623393851046,9.765625e-05
00000010111111100001,59.27734649146821,9.765625e-05
10011001000100011100,21.57570906206833,9.765625e-05
01110001000010111000,26.598892830423964,9.765625e-05
11001010111110010100,32.37631374174049,9.765625e-05
11111100100110100000,14.140201843902716,9.765625e-05
01110001101001011000,22.14480127212395,9.765625e-05
00111100111001110000,12.45403306068382,9.765625e-05
01111011100101111001,26.36805807416998,9.765625e-05
11110111110001110000,20.28791375262749,9.765625e-05
01011000111000011001,20.798031539321432,9.765625e-05
00111010010010011100,36.07239168444609,9.765625e-05
10111010000100001100,49.68339482987127,9.765625e-05
11001111010001111011,18.839156081257887,9.765625e-05
01101110101000100010,19.969546127041127,9.765625e-05
10100100100111110011,28.293373629722005,9.765625e-05
01100000010101100101,35.649593399922125,9.765625e-05
10010101010111010101,14.886298681859117,9.765625e-05
00111111111001101000,18.33360722755987,9.765625e-05
00100100000110001000,22.48650875922109,9.765625e-05
01101000001000011111,25.58197873179399,9.765625e-05
11100011010011011110,22.863985749949123,9.765625e-05
00000100111001011111,52.242300889883765,9.765625e-05
00111011010000100100,26.47568503924964,9.765625e-05
11101111000110111001,33.97937458721198,9.765625e-05
10111001110100011110,23.88422783756143,9.765625e-05
10000111010101010100,20.15648372715845,9.765625e-05
11111100101101100001,10.039795241125745,0.0001953125
11101001011110101111,23.845930865822506,9.765625e-05
10011001000101110001,20.28040548874285,9.765625e-05
11011100111001101101,12.058193775968608,9.765625e-05
00101000100111010110,46.22594530496278,9.765625e-05
01000101011011111001,34.36435177163089,9.765625e-05
11000010011100000100,26.161821869240917,9.765625e-05
00001111011100101110,19.947323031566746,9.765625e-05
10001101101000100010,17.718438679186143,9.765625e-05
11111011111010011001,24.04634192304401,9.765625e-05
01001011111101101101,26.216173688105567,9.765625e-05
00110010110000011001,24.025265033111346,9.765625e-05
10110011101110011110,22.40105409159527,9.765625e-05
01000100100001110001,25.296039930939095,9.765625e-05
00111101000100000100,16.863678515162277,9.765625e-05
01101100110010110011,14.575948935159953,9.765625e-05
11011101000101011101,15.904954013636228,9.765625e-05
01101111100001010100,21.26223128000744,9.765625e-05
11010000101101111011,30.735574933136387,0.0001953125
10011100011110001000,13.211038736947257,9.765625e-05
01100111011011111111,20.04142302140766,9.765625e-05
10011000010100100100,24.300577111993448,9.765625e-05
00001001110010100000,24.611782796605933,9.765625e-05
01011011001011100010,20.67604749203197,9.765625e-05
10111010100000110010,37.724101187038144,9.765625e-05
01011111000000100100,31.317792253525752,9.765625e-05
00111001100110100100,17.04258408806333,0.0001953125
10111000010111111001,39.860298379330146,9.765625e-05
01011110110111100010,13.979548654534247,9.765625e-05
00001011011010110111,31.073925460677188,9.765625e-05
00010100110010001000,29.50853029643768,9.765625e-05
10101111001100000011,37.718191193626055,9.765625e-05
11101110110000111000,27.412370607086665,9.765625e-05
11001101101000111111,18.265956143911993,9.765625e-05
10010011000110110100,19.997786535962845,9.765625e-05
01110010001100010000,14.983695947520614,0.0001953125
10111001000001111100,27.76692659535559,9.765625e-05
01111011101000001001,25.59332106768305,9.765625e-05
00010110111110011101,27.113962745638297,9.765625e-05
11011011000101011001,27.37217622191828,9.765625e-05
00111110000011010000,24.19633475587785,9.765625e-05
11010000000111001010,20.91267251476347,9.765625e-05
11010010011111101010,22.11395305960134,9.765625e-05
10011110011011010111,27.450791463693506,9.765625e-05
00100000010011100011,47.04519117887934,9.765625e-05
11001111000100111101,20.139885793295022,9.765625e-05
11001101100011111011,16.966128596300102,9.765625e-05
10110101101001100111,18.479639121616074,9.765625e-05
00100111000011000110,17.461378852983948,9.765625e-05
00011010111110010101,34.39373494165073,9.765625e-05
10101101001101100010,17.08060612117813,9.765625e-05
00010011110111000010,20.257687796811094,9.765625e-05
11010001110110110011,23.086455837672787,9.765625e-05
10010101000101101010,19.472245328445155,9.765625e-05
10101101101110101011,19.561543313958538,9.765625e-05
11001110101001011001,18.503625532334034,9.765625e-05
11000000011010001000,22.27340218226594,9.765625e-05
11001101110101011111,13.009358960939549,9.765625e-05
01111011000101011100,28.347149809878324,9.765625e-05
11000000000101011000,22.872697171862164,9.765625e-05
00100001100010000011,25.899056230779763,9.765625e-05
10010011110101010100,20.253500300926277,9.765625e-05
11100011011010011101,22.84779443755007,9.765625e-05
00111100000111100100,15.332656240715576,9.765625e-05
11100101010000000110,15.955193496283627,9.765625e-05
10010001000001111101,21.553545628693517,9.765625e-05
10011010001000010000,32.086876514485034,9.765625e-05
10011111100100101001,19.524654334268703,9.765625e-05
00111100010101010111,17.52920588163201,9.765625e-05
11010010001111100101,22.921093706466483,9.765625e-05
00100001110110001000,30.468884357546877,9.765625e-05
01110101110000100111,23.9711247528087,9.765625e-05
01001111110011111001,14.984279558455679,9.765625e-05
00110110101000101101,21.88422783756143,9.765625e-05
00001101001111101010,21.13043116860663,9.765625e-05
00010101100011010011,32.94902804508472,9.765625e-05
00011001010101111111,28.384126775357522,9.765625e-05
00011010010000000110,26.550292163334365,9.765625e-05
01011100011101011100,12.400091530649393,9.765625e-05
01011000111000110000,17.238944370481235,9.765625e-05
10110100110110010100,16.43295625787836,9.765625e-05
10111111110101111101,27.255453072635408,9.765625e-05
10000011001010011010,25.70103278124853,9.765625e-05
01110101000001000101,20.659445792426013,9.765625e-05
10000011100000111101,24.914991840833565,9.765625e-05
10000101000100111001,18.220445491617532,9.765625e-05
00010100101111100010,41.65061278839946,9.765625e-05
01011001110000100001,17.92092130428658,9.765625e-05
11001100111001011110,16.012539339451312,9.765625e-05
00000110011000101100,30.006269669725654,9.765625e-05
10001100010000101010,19.995602130036552,9.765625e-05
00011111001001000000,18.097251935899493,9.765625e-05
00110011111111011111,26.247941178803284,9.765625e-05
11000000010000111101,24.938526235919863,9.765625e-05
01100101010001001011,18.561498757531353,9.765625e-05
01001000101000101111,33.96676936570394,0.0001953125
01111001011000101011,16.64654876310243,9.765625e-05
01100101111010000101,22.179862801338704,9.765625e-05
00010111001110001111,23.537588758501187,9.765625e-05
10010010100000111101,26.670683420335344,9.765625e-05
00001011110100110010,31.72594176799379,9.765625e-05
00011110100111101101,18.845873091787563,9.765625e-05
01011000101001001110,26.67630473991639,9.765625e-05
01001010100100100110,27.341803663093117,9.765625e-05
00001010001110010110,41.73500308180677,9.765625e-05
10100110100010000101,29.14384133366376,9.765625e-05
10001001010001001101,30.323347168711436,9.765625e-05
11010100010101010100,7.309472472359936,9.765625e-05
10100000111111101111,62.467798657698836,9.765625e-05
00010101000011011111,31.396444977337076,9.765625e-05
01111100100111100101,13.310660611433502,9.765625e-05
00100010100111001101,47.731818779080264,9.765625e-05
11000101111010111010,32.25642958601976,9.765625e-05
11100110110000111001,18.28315340920073,9.765625e-05
00001101000110101001,19.455953672025263,9.765625e-05
00000001001011100000,33.53429438829852,9.765625e-05
11010110001001010000,17.696504344670004,9.765625e-05
00110011110011011100,18.87381944466118,9.765625e-05
11101010011010000111,42.59732845095249,9.765625e-05
00010101001111101010,40.05699968956896,9.765625e-05
10011000010111111110,37.77909304088556,9.765625e-05
00110111100011011101,16.990580995905088,9.765625e-05
01000111100111100010,24.977634284786152,9.765625e-05
01101111110111010100,16.64654876310243,9.765625e-05
11001110111100111000,15.946648039066547,9.765625e-05
00100110111111101111,42.32382865632443,9.765625e-05
10111010011100111001,45.95297650067566,9.765625e-05
11111110001101111111,26.899348632525307,9.765625e-05
10100101011111010000,20.935657445723677,0.0001953125
11110001111011011001,16.402007788462107,9.765625e-05
11110100111101001001,7.098972789920566,9.765625e-05
11001000101010000001,20.611789038199284,9.765625e-05
11111101011101010010,15.984356791691738,9.765625e-05
01110011110100100111,15.116766883752135,9.765625e-05
00100011111000101000,24.292808743566983,9.765625e-05
01011100100000101001,22.755155332983456,9.765625e-05
10111100001101000111,19.071083094856714,9.765625e-05
00001011010111010000,30.39194309598694,9.765625e-05
01010110010101100101,13.701032781248529,9.765625e-05
11011111010111010000,20.046473398744205,9.765625e-05
11100110101101111000,18.03979868556935,9.765625e-05
11001011100111100110,19.5853858529168,9.765625e-05
01101111010001110010,22.56826582086412,9.765625e-05
10010111110111010001,12.148468656260809,9.765625e-05
11100010100001110101,33.28312154310031,9.765625e-05
00001110000001100010,21.264048015757247,9.765625e-05
00010101110001111100,31.887687214707086,9.765625e-05
10001001010100001110,29.435224051506857,9.765625e-05
10100000001101010100,45.871431886679744,9.765625e-05
01111101110110010111,11.986074935690276,9.765625e-05
11110111100000001000,34.077281440844374,9.765625e-05
00110110111110001111,20.073539043631357,9.765625e-05
10001111000011110111,22.726541393686357,9.765625e-05
10010111101010000110,29.347078818235616,9.765625e-05
11011010101011000000,21.155189089597904,9.765625e-05
00100111101001010000,14.360262769120666,9.765625e-05
01111111011111010100,15.600787828098149,9.765625e-05
00101100000000010100,22.498605943741744,9.765625e-05
11110110000110011000,19.670365394126176,9.765625e-05
10001100110011001000,22.276861559411607,9.765625e-05
11010011011110100111,18.452641817813305,9.765625e-05
01001100001011100000,15.263429017990763,9.765625e-05
10001101101001010110,16.566638062218395,9.765625e-05
11101100011101111010,17.551291151049455,9.765625e-05
01101111100110100001,24.29916116454079,9.765625e-05
00101000001100000100,34.16182186924092,9.765625e-05
00000101111000101110,45.045180339198836,9.765625e-05
00010010000100011100,25.43240751733352,9.765625e-05
10001100010010000100,23.161821869240917,9.765625e-05
00000101010100111100,28.633119655285373,9.765625e-05
11100111111100101000,17.898703715984485,9.765625e-05
11111001001111011000,21.95387595507836,9.765625e-05
11001000101100101101,26.058608418327562,0.0001953125
01010000100100011101,28.002151521977357,9.765625e-05
11111000110111000010,17.003281887015973,9.765625e-05
00111011111101000101,23.09462906404458,9.765625e-05
00000011000100000101,22.247051253006305,9.765625e-05
00011000101010100011,29.284050273593753,9.765625e-05
10100100100111011000,24.225639674813106,9.765625e-05
11010101010000101000,23.726652881746467,9.765625e-05
00011110011000001001,14.737530931309244,9.765625e-05
10010001101000101100,25.486998866354686,9.765625e-05
11101011011101001101,41.7076469232387,9.765625e-05
01100101000010111111,28.23596209494383,9.765625e-05
11010111110101000100,12.093416954809953,9.765625e-05
11010011001000000100,18.398949503972354,9.765625e-05
01110010000111100010,21.192324994681154,9.765625e-05
01011001001011101101,25.182959802988073,9.765625e-05
11111111011110010010,30.488275263848692,9.765625e-05
01000000001001011101,37.19686747082537,9.765625e-05
10000001010001100100,22.482737793759842,9.765625e-05
11100110100100100011,22.03979524112574,9.765625e-05
01100101110110110110,22.839252708204043,9.765625e-05
10010010001111100101,33.05836617814851,9.765625e-05
10001111111111010101,24.554949572730607,9.765625e-05
10111111100111111111,23.584640250168356,9.765625e-05
11010010011011011010,20.601564671289342,9.765625e-05
10000010011101110010,56.20509680114736,9.765625e-05
10111011110001010011,38.191419385812296,9.765625e-05
10001010011001010010,53.853893680697304,9.765625e-05
10000111010000010100,19.30076187240482,9.765625e-05
01100000010111110101,42.65618808271118,9.765625e-05
10011001101101110000,19.109629625724207,9.765625e-05
00110011100010100111,20.798978172637,9.765625e-05
00010010100110101001,28.619783093516823,9.765625e-05
11000001011100000111,22.071433721587372,9.765625e-05
10100101110110010100,20.571247176476582,9.765625e-05
11000101000010110000,19.432097708319173,9.765625e-05
00100011000010100011,25.857455289928424,9.765625e-05
00001011000111011000,25.839417802274244,9.765625e-05
11111101010000011100,26.68435476833146,9.765625e-05
01000010110100010110,32.01940031970769,9.765625e-05
01110110111011101001,19.07280123885525,9.765625e-05
10000111011000001001,18.6039646750391,9.765625e-05
00110100110011100001,19.09101966108273,9.765625e-05
11011111011000001100,27.064086040812967,9.765625e-05
00010011000110111110,25.57682620949918,9.765625e-05
01000001111111011111,51.976480830598945,9.765625e-05
00111111000001011111,26.077093530256647,9.765625e-05
00110001110000000110,13.830491310228394,9.765625e-05
01100011101101101110,22.91169591425191,9.765625e-05
10001001010110111101,36.4703211855329,9.765625e-05
10111010011110011010,41.148893806204995,9.765625e-05
01101001110110010001,22.93565744572368,9.765625e-05
00110011101110100001,19.00230528650441,9.765625e-05
01010010001000110100,20.32644778946847,9.765625e-05
00100111001110100011,22.10833799245346,9.765625e-05
01101101000111110001,16.172162948704127,9.765625e-05
00110011011000000100,13.647461347985693,0.0001953125
01110010000000111000,18.98088565494062,9.765625e-05
11111110000111001011,31.411067312177487,9.765625e-05
01011100111001011101,17.556523725366247,9.765625e-05
00111100100110001001,12.84876406204722,9.765625e-05
11101110111101110100,30.548487100062815,9.765625e-05
10101001100010011011,30.783821234784458,9.765625e-05
10101010111010110100,54.33617339189618,9.765625e-05
00111110011111110111,22.90605170186597,9.765625e-05
00010110111010110110,34.4674239736799,9.765625e-05
11110011000010000110,25.696412739772974,9.765625e-05
10110011100011111010,22.46411470947762,9.765625e-05
11101111010010011011,33.934783790082456,9.765625e-05
10010111011101100101,15.367909642151155,9.765625e-05
10110010001111101111,36.60509339657153,9.765625e-05
11101000011111100101,38.4937580337481,9.765625e-05
01000011001110011011,27.413416762874807,9.765625e-05
01110001011111111101,24.815275249101973,9.765625e-05
11110100001001111010,16.844154947789026,9.765625e-05
00101000011010111101,49.999017157895096,9.765625e-05
00111100011100000101,11.226985921102635,9.765625e-05
01000101011111101010,39.01310150474397,9.765625e-05
11001110011010011011,18.598901792879673,9.765625e-05
00010001111111100100,40.880280029264355,9.765625e-05
10010011011101010100,23.233434969022603,9.765625e-05
10010100111000100000,19.385098777781927,9.765625e-05
00011001101001001101,25.072470718619563,9.765625e-05
10011010110110111011,33.08645583767279,9.765625e-05
01011010111100000101,19.166725909763315,9.765625e-05
10001010001101101000,43.15831992210936,9.765625e-05
00000011011101010001,34.4674239736799,9.765625e-05
00010100000000011110,27.435224051506857,9.765625e-05
00011001101101111110,32.2755252934263,9.765625e-05
10101011010011010001,56.07993661965838,9.765625e-05
10110110101010100001,20.15421873067969,9.765625e-05
11010001011011100111,23.292265346370186,9.765625e-05
11110110001101100010,22.5359283885376,9.765625e-05
00000000010011101010,54.40342214211741,9.765625e-05
00010110100011011000,20.54233903449653,0.0001953125
00010010100110111101,36.75148651248047,9.765625e-05
01111111100001000000,34.364533614879676,9.765625e-05
01010011011011010001,16.346910279721808,9.765625e-05
11010110011011101001,15.310660611433502,9.765625e-05
10001001000000100101,22.532330265410057,9.765625e-05
00010010110111010010,36.15587556907248,9.765625e-05
10110011100001100001,20.728569139559177,9.765625e-05
11011101011011110001,14.36904363713725,9.765625e-05
01010101010110101001,32.6945740472916,9.765625e-05
01111010110011011011,23.64343221471509,9.765625e-05
00111111111100101111,16.78195495303435,9.765625e-05
00010110001101001000,15.803353753773596,9.765625e-05
00111000110111001101,34.887306228546166,9.765625e-05
10100110100100111111,33.102795287823405,9.765625e-05
11100110110011001011,20.893384124018006,9.765625e-05
00000111000110010111,19.87820428252074,9.765625e-05
00000011100101010000,24.2479987082798,9.765625e-05
11001001001000100000,13.586034643215221,9.765625e-05
11010011011000000011,18.333607227559874,9.765625e-05
01111100110001011100,12.958899711695508,9.765625e-05
10111011100101111011,33.8603136705064,9.765625e-05
00110010000101010000,27.23640411407944,9.765625e-05
01001011111110011001,24.090242730764338,9.765625e-05
01101001000100001101,24.31108222980687,9.765625e-05
01001111011100010000,13.149566752168347,9.765625e-05
00101011011000010000,32.60306875220721,9.765625e-05
00000000100101010101,55.59102403084946,9.765625e-05
00011010010001011011,34.02052370873189,9.765625e-05
10111111010110101110,30.142990054386253,9.765625e-05
01100101010110010101,15.76849025124582,9.765625e-05
01001011111100000001,21.474104634180843,9.765625e-05
10111001010111101100,25.103240963485053,9.765625e-05
01111111000100010010,32.80977716639012,9.765625e-05
01011010010001011100,22.138223458526326,9.765625e-05
11001000100111001010,26.11438091956806,9.765625e-05
01100010010010100001,27.050405006779897,9.765625e-05
00010110100001000111,22.1139662772091,9.765625e-05
11110110001101000000,21.813802876853302,9.765625e-05
11001000101000100100,16.53022403428095,9.765625e-05
11111001000110010110,22.552229730994444,9.765625e-05
10101101010111011111,30.04440185250146,9.765625e-05
10010000100010101111,34.51094905744349,9.765625e-05
10011110111010010101,22.73154994625445,9.765625e-05
11101001010100001001,30.397028158209842,9.765625e-05
11010101000001110111,22.468486857010422,0.0001953125
00000111010000010110,18.74034122388923,9.765625e-05
01110111001000110000,31.181969952392755,9.765625e-05
10000001001111001111,38.626232141436795,9.765625e-05
11000000111000001101,27.27340218226594,9.765625e-05
10110010100100110110,32.18402903708499,9.765625e-05
10010001110100100011,20.920538724328292,9.765625e-05
01111000010010110001,14.73154994625445,9.765625e-05
11101001100010101100,18.31108222980687,9.765625e-05
10111001011100110110,22.723692699145335,9.765625e-05
10100100101010111101,30.69917962997899,9.765625e-05
00000111001000010000,16.270924923643932,9.765625e-05
10001000000000001001,32.04921686770634,9.765625e-05
10111100000000111100,24.879946239249122,9.765625e-05
10100001110000100011,24.374636524221657,9.765625e-05
00101111101100100001,20.899368004599218,9.765625e-05
01100100110101101111,28.751486512480465,9.765625e-05
10010001110001100011,21.209483134427607,9.765625e-05
00000000001010111110,59.07958309781095,9.765625e-05
11001111001100000001,25.645706141173548,9.765625e-05
00000001101111100001,48.86441028548509,9.765625e-05
00110110100100101001,15.332656240715574,9.765625e-05
00010111001100010111,19.75914678862259,9.765625e-05
00110101100111100010,22.40024529517645,9.765625e-05
10010111011000100100,20.94451971500117,0.0001953125
01110001011011001001,19.762576627886254,9.765625e-05
11001101010001011010,12.611505871540523,9.765625e-05
10000010100001111110,43.80238683929899,9.765625e-05
00011010011001010111,37.05650958243536,9.765625e-05
11001011000100011001,29.432175883116358,9.765625e-05
10111101001001010111,20.837518723702402,9.765625e-05
10011001000100011001,21.780766813960792,9.765625e-05
10001110011000100110,32.04861140884654,9.765625e-05
10010110010010001011,17.624511287415714,9.765625e-05
01000011101001100110,25.44146531041551,9.765625e-05
11001111001011110111,17.199759791072264,9.765625e-05
11110000111100000010,8.292808743566983,9.765625e-05
01010001111010110110,41.89396751203083,9.765625e-05
00011010000010100100,22.215416216988285,9.765625e-05
01110000001000010000,11.38946656094618,9.765625e-05
10000100110101101111,38.932169646921196,9.765625e-05
01000101001001001000,27.596799082481553,9.765625e-05
10000000111001010110,53.78451904380217,9.765625e-05
11010111111101011011,16.528263944370618,9.765625e-05
11110101111000100011,21.95111719493997,9.765625e-05
11001011011011111010,18.984279558455686,9.765625e-05
11001001101110001001,22.471294341600853,9.765625e-05
01101101011111110110,11.138858601902996,9.765625e-05
11010110100110010111,15.986084621727233,9.765625e-05
11010111100011001111,25.46232983982825,9.765625e-05
10011000011000010001,24.763463686639113,9.765625e-05
10111010100010000001,36.6848360488044,9.765625e-05
10101101110010111110,22.232596820225655,9.765625e-05
01000011001111001000,19.57780281001074,9.765625e-05
00101100001100011000,20.223552168464046,9.765625e-05
01101000100001010110,23.624925929774673,9.765625e-05
01000001111100000000,27.49201844410716,9.765625e-05
10101000100010101010,31.06796465840475,9.765625e-05
10010110000011111000,17.99778653596284,9.765625e-05
10001110001011111110,28.6810767558214,9.765625e-05
10011000101010001010,23.58005812045254,9.765625e-05
10101111001101000011,36.049274005287245,9.765625e-05
11101000100011110000,24.428347143620165,9.765625e-05
10101001111110001100,31.183980949087,9.765625e-05
10110110100000100100,23.82162724001348,9.765625e-05
00111000101000101001,20.916848436546715,9.765625e-05
00100011011010110011,32.67900800672839,9.765625e-05
01111000111011010101,18.136777151643404,9.765625e-05
11110001110000001011,12.338216341818065,9.765625e-05
11001110000100010000,23.7243318034068,9.765625e-05
11011100001001000100,15.606132859067834,9.765625e-05
10101010001010001010,44.30098662857459,9.765625e-05
10101101010101010000,28.115450898925857,9.765625e-05
10001001111110101100,30.65754028716661,9.765625e-05
00000111101001001101,21.274590321339502,9.765625e-05
10000011001110110100,28.741288679162725,9.765625e-05
01100100001001110100,17.17090183154656,9.765625e-05
10110100011000011110,19.51609813529469,9.765625e-05
11001110000111010111,25.22673835925517,9.765625e-05
00010110011011100011,24.66927271826372,9.765625e-05
10010110111010100000,20.202241217719124,9.765625e-05
10111000110100000011,25.64087311393005,9.765625e-05
01001101110011010001,14.724023953802085,0.0001953125
01110000101000001000,17.414198781142993,9.765625e-05
00111001011001110000,16.441383691174718,9.765625e-05
01000100110110011101,33.428250244042935,9.765625e-05
11100010101101101000,27.62492592977467,9.765625e-05
00011011000010100101,17.98800596748974,9.765625e-05
11100011111011111110,20.325820259308585,9.765625e-05
01001100011110011100,18.058608418327566,9.765625e-05
11110000000100001010,12.914998816847982,9.765625e-05
01100100001101110010,18.484443640075554,9.765625e-05
01000110111010010110,25.296745869614778,9.765625e-05
01110110100001111101,19.04539093619971,9.765625e-05
00000111101011111100,28.5063399431853,9.765625e-05
01000101100101000110,24.579168439213998,0.0001953125
00001010010001111001,50.914018684765615,9.765625e-05
10110101101111001011,18.626183416984755,9.765625e-05
00110000010010110111,32.555736189085955,9.765625e-05
11101001010101101101,29.78973746978989,9.765625e-05
11010010110000111011,16.618944944719875,9.765625e-05
00011010011111001101,34.036328702461795,9.765625e-05
11101101001000110101,19.829754550332453,9.765625e-05
00111110111011011010,17.772399042764,9.765625e-05
00100010100010110101,43.38430779705803,9.765625e-05
11101100011010111100,16.78455370705234,9.765625e-05
00000010101101000101,49.09329089915484,0.0001953125
01001010010110110111,35.2985227075732,9.765625e-05
00001001000011010101,26.60663651590448,9.765625e-05
00110111000011110010,21.483405908212642,9.765625e-05
10001101101100110101,17.383468630412573,9.765625e-05
00111101000011101111,19.527249763446292,9.765625e-05
11001111000100000000,27.755784016786897,9.765625e-05
11111010101111000101,31.652050355748912,9.765625e-05
01000100000001101100,24.670446268106083,9.765625e-05
11111011111001111000,23.535870614502645,9.765625e-05
11101101011111010101,17.49009366474086,9.765625e-05
10011011111010100100,19.170201225379103,9.765625e-05
01001100001111111000,18.848227728401692,9.765625e-05
10110100100100001001,9.187809688583194,9.765625e-05
10011101101101101001,14.312227798894542,9.765625e-05
01111100011100100000,7.0668049409880105,9.765625e-05
00111011110010111001,24.069152797478306,9.765625e-05
01100111100111000100,14.363908500475063,9.765625e-05
00110111100001111000,20.11223844717361,9.765625e-05
01000110111010111100,28.446738702448616,9.765625e-05
10100110001001010101,36.74790282115289,9.765625e-05
00111000011010111010,24.161076179365274,9.765625e-05
10101011001111101111,41.976567113417914,9.765625e-05
11010001101101001010,25.404444120604413,9.765625e-05
00010010000101100011,28.806632109218757,9.765625e-05
01111000001010000001,13.394772847768042,9.765625e-05
00111011110101100110,23.466661207472757,9.765625e-05
11101000110101011001,40.12700187826016,9.765625e-05
11100010011010101101,31.274590321339502,9.765625e-05
11000101100100110001,16.20696765934844,9.765625e-05
00110110110101101001,16.91169591425191,9.765625e-05
11100100100011001001,16.54610999995777,9.765625e-05
11110100111001011000,8.453085605410326,9.765625e-05
00001000001111010000,40.62998529120311,9.765625e-05
00010101101010100111,49.849161008314454,9.765625e-05
11010101111011000000,27.267171648922393,9.765625e-05
01110110011001000111,15.049990364420946,9.765625e-05
00001101110111011111,28.6874911404912,9.765625e-05
10100101001001100110,18.55408279513678,9.765625e-05
10101001010000101010,28.76232716713435,9.765625e-05
11101110100100101010,27.768255896166302,9.765625e-05
11011101000000111101,22.83510340714021,9.765625e-05
00001111010101011111,23.219126171111036,9.765625e-05
10010110110110001000,13.032205956626331,9.765625e-05
00110000010000010100,21.656592831893118,9.765625e-05
01011100111100110100,13.79805716382851,9.765625e-05
01010011100101011100,17.032196270589374,9.765625e-05
01100100110000101010,22.247298091272526,9.765625e-05
00000110100100100000,22.368745902883482,9.765625e-05
11011011011010000011,21.361204069928014,9.765625e-05
11001000001001101000,19.043216216310373,9.765625e-05
11101100101110000000,14.14230527788208,9.765625e-05
00000001110101010110,43.57717683622984,9.765625e-05
10010011001000000110,21.954840072403222,0.0001953125
00001000111010000110,42.99836807332942,9.765625e-05
01100111010001011010,15.988005967489741,9.765625e-05
11101111111110100000,23.772668970178806,9.765625e-05
00011001000011111111,27.483280586978594,9.765625e-05
11001101010101100111,11.894536756656947,9.765625e-05
11001010010000011011,34.980937187382224,9.765625e-05
00010100000100011110,25.438034344086844,9.765625e-05
10011010100100011010,31.092523742000598,9.765625e-05
01110100011010111011,22.38395363875656,9.765625e-05
10110111000101010100,25.480773840183417,9.765625e-05
01011111101100100000,28.57143371618919,9.765625e-05
10101100101000011100,24.54436343430242,9.765625e-05
01000010010011010000,23.758485944451465,9.765625e-05
10001001001111111011,34.15795077773871,9.765625e-05
01110100110010100110,21.66964280419549,9.765625e-05
00110101010110110101,17.845930865822506,9.765625e-05
01111000010110000101,15.821157533642122,9.765625e-05
00111011010001101010,24.479314108552664,9.765625e-05
00011001001100101110,22.83471876445324,9.765625e-05
00000011100000000000,16.409531892849856,9.765625e-05
11101101100101000001,19.585804026846567,9.765625e-05
11100010001101000000,32.776765672284704,9.765625e-05
00001000011001011011,50.597293700575115,9.765625e-05
10011111101000011100,25.758620951722463,9.765625e-05
10111011110100011100,37.41112572266648,9.765625e-05
01000100010000101001,23.653191228782397,9.765625e-05
11111011011100000010,32.08757097702616,9.765625e-05
01000011110011111110,26.999433688318668,9.765625e-05
11100010001001000101,34.72964255252077,9.765625e-05
10101010000100101110,59.26850719132646,9.765625e-05
00011110110111101101,20.381085572141625,9.765625e-05
01100011000010110001,22.450872141373168,9.765625e-05
11011001101010001100,21.286344502437778,0.0001953125
11111111011100111011,28.06435639829008,9.765625e-05
11000011101101011011,24.46900364432764,9.765625e-05
01111011001010011010,23.478755681970878,9.765625e-05
10101110001101110000,42.98062113677453,9.765625e-05
00000111010111111101,24.19803615069781,9.765625e-05
10001100101110110101,26.20321429749969,9.765625e-05
01100110010111010101,23.24667565990225,9.765625e-05
00000001101111110110,56.27177119715648,9.765625e-05
11101010011001010001,53.413033116400165,9.765625e-05
00000111000111111011,22.878175137282675,9.765625e-05
10010011001010001100,18.44334136532977,9.765625e-05
10001100011001110010,23.348994880157747,9.765625e-05
01001111100001110111,16.79147797935577,9.765625e-05
10101000100000101100,35.25244092753037,9.765625e-05
11100000001001000001,22.24705125300631,9.765625e-05
00110010101110000010,20.271541233024063,9.765625e-05
00101100110011010000,23.294716871721732,9.765625e-05
00111001101000100110,15.557841277411327,9.765625e-05
11001100000111111010,13.199108632938094,9.765625e-05
00111100000001111111,19.490042132299266,9.765625e-05
11110100100100011000,8.431137769858985,9.765625e-05
00010100000100111000,22.39354213870859,9.765625e-05
00011000001000100011,20.910893075999,9.765625e-05
11010101011010011100,24.870201264747497,9.765625e-05
10001111011111111110,22.69516110267028,9.765625e-05
10001111111110000001,21.157096483331586,9.765625e-05
01100001010011010000,16.73615906051264,9.765625e-05
10101111110100100100,35.2528068454373,9.765625e-05
00101101100111110010,15.45366297475205,9.765625e-05
00111111001111100110,16.374629646174263,9.765625e-05
10001101100000100001,15.350254000034196,9.765625e-05
10110101111000100111,17.931883770239892,9.765625e-05
00011100001011100111,20.34105870763854,9.765625e-05
01011000101101101000,26.113790343458398,9.765625e-05
11111100011101010100,14.02759684236814,9.765625e-05
10110010101111101110,32.38091776804888,9.765625e-05
10100100000001101000,20.78740656961822,9.765625e-05
11111010001111011101,37.77537442941419,9.765625e-05
10111100100000011111,20.241141259594226,9.765625e-05
01110010111101111111,28.935386783887804,9.765625e-05
01011011101000010000,21.761431244302457,9.765625e-05
10101001111101100100,30.998591800810853,9.765625e-05
00011000100111011101,39.20767181872289,9.765625e-05
10001011010111101110,34.54328304532641,9.765625e-05
00010101001010010100,32.0897134494206,9.765625e-05
10100111101010111011,24.919184854730485,9.765625e-05
10110100000110011011,16.61945809129324,9.765625e-05
11101110011110011111,32.402593777324434,9.765625e-05
01100000011111101011,45.01853210574774,9.765625e-05
10100110110100101001,30.203201890600376,9.765625e-05
01011000101101000000,19.068935017322964,9.765625e-05
10010111001000011011,24.694290880632842,9.765625e-05
11110100010010011111,13.699731902094635,9.765625e-05
11000000101111111100,40.53745186316556,9.765625e-05
00101001100010110001,27.04449148179701,9.765625e-05
01101000111100001010,24.55372311882321,9.765625e-05
00111001100001100101,17.748543813478975,9.765625e-05
11100011011001010110,23.531139710581215,9.765625e-05
11110001001100100000,15.892180966399266,9.765625e-05
11110001110001101010,12.60348601705185,9.765625e-05
10001000001010100110,32.30166051609907,9.765625e-05
10011111101011001010,22.842221940388086,9.765625e-05
10100010000010111100,44.40008882062685,9.765625e-05
11111100100111111011,11.742771744500496,9.765625e-05
10010110110111101010,20.06628119929257,9.765625e-05
00001110001010111100,23.0974952425949,9.765625e-05
00001000111010101111,55.71078838334824,9.765625e-05
01101001111010101011,24.018660871425396,9.765625e-05
01111011000100101010,27.92920848493091,9.765625e-05
00010110001101100011,21.09304333730737,9.765625e-05
00111011001100101001,23.53587061450265,9.765625e-05
01110110111010000000,14.322204407613327,9.765625e-05
11011011000101111000,23.616169315390053,9.765625e-05
00011000000110101100,26.03727780124147,9.765625e-05
11000111100111001000,12.961369063581792,9.765625e-05
00100101111010111111,38.60244113492012,9.765625e-05
11010001111100011100,16.575709062068327,9.765625e-05
11101000001111001111,35.555807180728664,9.765625e-05
10011101011010111101,18.27937275770253,9.765625e-05
11000001100010101111,27.9033262549905,9.765625e-05
01110000000001111110,22.97574281868278,9.765625e-05
11111100110000101101,12.980885654940629,9.765625e-05
01001001001110001100,20.231104068850932,9.765625e-05
11000100010100011101,14.590166215711342,9.765625e-05
01000010011010110111,36.9807792764665,9.765625e-05
11110100011001000011,10.576897201141891,9.765625e-05
11011000110101101001,16.434089332939514,9.765625e-05
10010000111001000011,31.17125434634184,9.765625e-05
01100101010101000000,11.80526812352169,9.765625e-05
11111000101000101001,14.983695947520614,9.765625e-05
01010011010111110101,16.570128679806803,9.765625e-05
10011101101010001101,23.823474149689673,9.765625e-05
10110101111110101000,19.64087311393005,9.765625e-05
00000110100011010010,26.216173688105567,9.765625e-05
10011011111110101111,22.589914289495333,9.765625e-05
01001110100110001010,17.102996835241374,9.765625e-05
10100100011011101100,32.33856623412766,9.765625e-05
00101100101110001001,22.14665433626629,0.0001953125
00011111001101101000,15.37095873046659,9.765625e-05
10011001011100010110,21.97014712360881,9.765625e-05
10100100000100100110,24.51269653218397,9.765625e-05
00010100111101011011,37.06948396500786,9.765625e-05
10110011110100111010,21.310660611433498,9.765625e-05
10111111010011101000,31.8422929320308,9.765625e-05
11001011101001001001,22.16301000831448,9.765625e-05
11100000100111101111,34.626232141436795,9.765625e-05
11111101011101010011,14.997782367937987,9.765625e-05
00011111111100000101,14.165820300894467,9.765625e-05
11011000101110111000,17.548770266721576,9.765625e-05
00000001011010111110,50.6402408985558,9.765625e-05
10110110100100110010,20.039795241125745,9.765625e-05
10000110011001010111,37.72776649760651,9.765625e-05
01010100011110010010,23.98924554103788,9.765625e-05
01000111011101111010,21.362157679667654,9.765625e-05
10011101100101101001,12.665312481431146,9.765625e-05
11010100000001110000,12.897158708586915,9.765625e-05
11011010101110011100,20.181228430541957,9.765625e-05
10101111111111010111,32.43570834710942,9.765625e-05
00101100010110100101,29.26998465152492,9.765625e-05
01111111011000001110,26.811937329524262,9.765625e-05
00101001000101111100,33.35868934006628,9.765625e-05
01011010000010011011,19.423265612968073,9.765625e-05
11111000101101001000,17.09246596796565,9.765625e-05
00001011100011100000,19.64559777625813,9.765625e-05
01011110110110101000,13.471294341600851,9.765625e-05
11100011100000010000,19.362531297170232,9.765625e-05
01100000110111100001,38.63888151094589,9.765625e-05
11100011110000100100,16.469444721902118,9.765625e-05
11100101101001100010,18.617153099056086,9.765625e-05
10000001010010101010,28.42451216253063,9.765625e-05
11111100101100111000,10.83003771699121,9.765625e-05
00110001100001110001,20.33096309556643,9.765625e-05
00101110101011111011,26.683732669056468,9.765625e-05
10011000100101100000,20.817665272547522,9.765625e-05
11001010000001010001,38.29478088735003,9.765625e-05
01000010000111101111,38.555736189085955,9.765625e-05
11010101111101110100,17.338023746015985,9.765625e-05
00101110011010010000,27.475367209340725,9.765625e-05
01111010101001000110,21.963209731664634,9.765625e-05
11001001100110000001,19.02759684236814,9.765625e-05
10001001111010100110,26.32326461380697,9.765625e-05
10111011000110100110,35.26121564108081,9.765625e-05
01100010101100001101,28.475903455859044,9.765625e-05
11101001101100001111,21.15141812413666,9.765625e-05
11110000101111101000,19.465197808476166,9.765625e-05
10100101111110111001,26.765660499464722,9.765625e-05
10101010101111000000,50.958890025658555,9.765625e-05
10111011100100001010,31.593321067683043,9.765625e-05
11110000110000111011,12.374636524221657,9.765625e-05
10010000101000011001,27.30947247235994,9.765625e-05
11110000001111111001,22.177023363520647,9.765625e-05
10011011111000111001,22.97294773015184,9.765625e-05
10010001100111010111,28.815275249101973,9.765625e-05
01101101111110010101,13.406967714954835,9.765625e-05
00111000010100100001,22.87761369557126,9.765625e-05
00011001100001011110,26.098019093053722,9.765625e-05
01111101011100010110,10.956759949323601,9.765625e-05
10001110100111101011,25.801120830535325,9.765625e-05
00100100000101010010,21.012185915570907,9.765625e-05
00001010110011001001,43.95465279826955,9.765625e-05
10110000000101010110,30.373682827354813,9.765625e-05
00100111100111110110,20.99567521688394,9.765625e-05
00110111110100111100,17.332656240715572,9.765625e-05
11000000000000011010,18.59012092486309,9.765625e-05
11111110110000111010,23.524654334268703,9.765625e-05
11000010111000010011,28.693610577260607,9.765625e-05
11101110001000010110,34.8351034071402,9.765625e-05
00000011101010101100,31.467453118917966,9.765625e-05
00111110110000011000,22.204168805074982,9.765625e-05
01101111100001101011,25.336471849731197,9.765625e-05
00011101000101000110,13.076161915486265,9.765625e-05
01000111001010101000,28.471294341600856,9.765625e-05
10110011011100010010,25.775448131079436,9.765625e-05
10011110110111111000,18.442431490469044,9.765625e-05
11011101111111101011,19.011189942985443,9.765625e-05
00110001110100001111,20.306336257631425,9.765625e-05
11011100100000001100,17.087555685849903,9.765625e-05
01011000110101110010,22.29847461957521,9.765625e-05
10111011101100000001,31.597987221555115,9.765625e-05
01000001100001111010,36.11162215942967,9.765625e-05
11001111010111101100,14.110391537497412,9.765625e-05
00111001100011100000,16.84779443755007,9.765625e-05
11001101100101110001,10.565656999414722,9.765625e-05
00010010100011000000,22.428780336095112,9.765625e-05
11000011011100101001,19.474104634180843,9.765625e-05
01000111110001100011,22.15516618595318,9.765625e-05
01110011001001100000,20.22106697607466,9.765625e-05
01111111001011000101,26.742230801518346,9.765625e-05
01110000100110011000,19.58429965166144,9.765625e-05
11001101100010011111,18.229513047023865,9.765625e-05
10011001101100101010,19.920670934449557,9.765625e-05
00000100101001111110,50.8695628077799,9.765625e-05
10001010010010111101,52.22422716096424,9.765625e-05
01110110101110101000,21.78973746978989,9.765625e-05
11001011110111101000,18.487241525756225,9.765625e-05
01000111110000100011,24.555036492003623,9.765625e-05
00100101000110010001,18.556513021480782,9.765625e-05
01100001100011011011,28.53708616818089,9.765625e-05
00011110011010001010,15.249851859549342,9.765625e-05
10110111111100001110,17.8678660110471,9.765625e-05
00011111001011000100,16.22106697607466,9.765625e-05
10111111001011111010,29.106613693988777,9.765625e-05
11100011100010110100,18.163010008314473,9.765625e-05
01100001111011010001,25.20546804072269,9.765625e-05
01111011101011100010,21.036879391619895,9.765625e-05
11010100011100100111,15.677316210818177,9.765625e-05
11001111000001111100,18.01603962144049,9.765625e-05
10010100000011111111,27.264832129230115,9.765625e-05
10111100000100110011,17.506152658255267,9.765625e-05
10100101100001010111,16.69134558078185,9.765625e-05
00011101111000101101,25.114741330302692,9.765625e-05
00110101111111101100,27.092876256795876,9.765625e-05
01101100100111110001,16.520513930169553,9.765625e-05
10011101010101100000,10.622939637662558,9.765625e-05
01110101111110101011,35.0690818058356,9.765625e-05
10111011010110010100,43.70214886216303,9.765625e-05
00010010010100010110,31.06862342900738,9.765625e-05
10100000001110011100,44.38092285599868,9.765625e-05
11110101001000111010,31.06936495085818,9.765625e-05
00010010010101010000,28.26614967043538,9.765625e-05
10110100001110100010,17.273681180899846,9.765625e-05
00011111011010000000,15.149626278472873,9.765625e-05
01011010111010110001,18.334551151262556,9.765625e-05
00111010110000000001,28.72964255252077,9.765625e-05
11001101011010111110,14.348073332818775,9.765625e-05
11000000001111111001,37.55626087234253,9.765625e-05
01000010110000010101,27.07555186933567,9.765625e-05
10010000100010000010,23.937809691282283,9.765625e-05
10001001100010010000,21.770151530294534,9.765625e-05
10110100000100111001,13.52369086423771,9.765625e-05
11000110100000110011,17.561591107689267,9.765625e-05
01101110011110100011,20.607660480832784,9.765625e-05
00011011110100111100,23.229796213682622,9.765625e-05
11101001011011010000,21.395726544634876,9.765625e-05
00001011001001110100,24.891736150113914,9.765625e-05
01111011000101010000,29.77084599283566,9.765625e-05
00010110000011111000,20.48724152575623,9.765625e-05
11010111011010100101,22.509276291420406,9.765625e-05
01001010010011011100,29.311978152638765,9.765625e-05
10001111100001100110,20.47759243298333,9.765625e-05
01001111011001101000,14.991237144022033,9.765625e-05
00001101100111000000,14.471294341600853,9.765625e-05
11000011100001111100,12.181228430541957,9.765625e-05
00111100011100000111,10.487241525756232,9.765625e-05
00100001000010110010,27.165749309251755,9.765625e-05
01110001000010100100,21.302291686593154,9.765625e-05
11011100000001011100,15.086254072274944,9.765625e-05
10101100001110010000,25.127919039594396,9.765625e-05
01010010010010011011,18.495547169389347,9.765625e-05
10111110010111001111,37.34786824258053,9.765625e-05
00001111010111110100,17.470038018874142,9.765625e-05
10011011000100101001,24.482545285084967,9.765625e-05
11110010001100110111,25.759146788622594,9.765625e-05
01000101011011110011,34.06643579661736,0.0001953125
01101001100100011111,23.645597776258132,9.765625e-05
00110101000101001001,13.068568462961998,9.765625e-05
01010110100100100111,23.106608088849477,9.765625e-05
01111010110000010101,24.792712856440076,9.765625e-05
10010010110101101110,34.123309005411265,9.765625e-05
11100010011100100010,31.93823338322415,9.765625e-05
01000010100101101101,36.60383590936144,9.765625e-05
11001110000001101000,20.643179015252322,9.765625e-05
01111010101110010111,20.591218700220033,9.765625e-05
11011110001100110100,19.512049226919522,9.765625e-05
00101010100000000001,40.7767656722847,9.765625e-05
00010011011111100110,26.1498589900462,9.765625e-05
10101100000111010101,37.43590249929048,9.765625e-05
00000010110101110111,67.89671305456146,9.765625e-05
10000101101110011101,29.66096333591973,9.765625e-05
00100111100101111100,19.64559777625813,9.765625e-05
00000111010101111011,24.31350297725397,9.765625e-05
00111000010010100101,24.54233903449653,0.0001953125
00001000111001110100,51.57003686817937,9.765625e-05
00101100111110010110,27.204328724068187,9.765625e-05
00010010001101001111,34.38851122057315,9.765625e-05
01001001100000101111,26.20320189060038,9.765625e-05
11001000000001110011,24.846926114826733,9.765625e-05
01010110010000100101,14.983695947520616,9.765625e-05
01111111100100010001,27.944290877933753,9.765625e-05
11010101111000010001,21.60714088552601,9.765625e-05
11111010101000101001,26.353746261128798,9.765625e-05
10000110100010001000,18.119365637770123,9.765625e-05
00110011010101001010,16.724396662219544,9.765625e-05
01110111011000110110,22.37756589644235,9.765625e-05
11000011110000010001,14.916906210581661,9.765625e-05
00000000100011110001,54.99523370924715,9.765625e-05
11111010110000010011,32.24023565072537,9.765625e-05
11101110110000111011,27.665749303853573,9.765625e-05
01001101101111000000,19.38258965305949,9.765625e-05
01110010001100111011,21.802983667841822,9.765625e-05
00011101001110100111,19.75823214101065,9.765625e-05
00011110000110101000,13.583899343135428,9.765625e-05
10100011000011111100,31.976693805527077,9.765625e-05
00111000001111000101,25.899056230779767,9.765625e-05
11011101111100000101,13.828451891877322,9.765625e-05
10100010110000111101,51.508608471234865,9.765625e-05
10010111100001111110,21.775448131079433,9.765625e-05
10000111010000000110,21.26814127341953,9.765625e-05
11000111110010110011,18.770387958942546,9.765625e-05
00111000010010010110,25.274590321339502,9.765625e-05
01110010100010100011,20.079719993146576,9.765625e-05
00100100111111111111,53.25905083600467,9.765625e-05
10101001000101011100,40.28442315667527,9.765625e-05
10100101001110000001,20.36026276912067,9.765625e-05
00110010110011010111,34.43217060966269,9.765625e-05
01101110111101111110,24.16490491886146,9.765625e-05
00000101011110101110,43.19654339932309,9.765625e-05
11001100101110010001,12.97112644498273,9.765625e-05
10001110100000101101,26.928514022389784,9.765625e-05
10101001000011111000,31.395726544634883,9.765625e-05
00001111010111001110,17.06635219093528,9.765625e-05
01101010011010100111,30.73650207477484,9.765625e-05
00111001111100001001,16.76404531113289,0.0001953125
11001101001101000010,14.439665547176183,0.0001953125
00011000101000110101,30.698589053869323,9.765625e-05
11111000010010100000,15.917873125056264,9.765625e-05
10001111101100101001,19.354667074046702,9.765625e-05
11011010010110100111,22.947868327667976,9.765625e-05
01010000011001010110,26.850000925572814,9.765625e-05
11100011101110100111,24.234363052222182,9.765625e-05
01111011101100111110,20.867020886235732,9.765625e-05
10111100011001000110,20.96136906358179,9.765625e-05
01000111001100110001,20.19317199717042,9.765625e-05
11001001011100101001,19.125043996965047,9.765625e-05
01001000111110101000,35.11227468843895,9.765625e-05
11111010110100101010,25.429304372057818,9.765625e-05
01100100100100111000,19.723307114897246,9.765625e-05
10100111110111000100,22.60348601705185,9.765625e-05
11001100001001000110,14.086870272891684,9.765625e-05
11000111001001010111,17.871751790157163,9.765625e-05
01010011100000111101,23.515192526425835,9.765625e-05
00000111100101111100,20.784235877143413,9.765625e-05
11100011000110111010,24.786939671236414,9.765625e-05
00010110100100010000,14.13262776345236,9.765625e-05
11001000011000011110,23.653191228782397,9.765625e-05
01011100000010001011,20.66196313434327,9.765625e-05
10011101001101000110,15.816512825412453,9.765625e-05
10010011110001110011,22.99567521688394,9.765625e-05
10110011000001010100,29.39476389615215,9.765625e-05
11000111110010001001,14.961369063581792,0.0001953125
10010001110110100100,21.27459376578311,9.765625e-05
01010100110111110110,32.900496503209396,9.765625e-05
11001000111111010110,35.70989870210969,9.765625e-05
01110110111000111011,17.45080114973046,9.765625e-05
00111100111011011010,16.381085572141625,9.765625e-05
10011110111001111011,21.453662974752046,9.765625e-05
00001110001010000101,21.02759684236814,9.765625e-05
11100110011101110110,27.833812421163326,9.765625e-05
10001110101111111101,31.44337270414919,9.765625e-05
11101000000000101111,28.76232716713435,9.765625e-05
00110100110000011100,18.621129056378905,9.765625e-05
01011111011100011001,16.107596448966483,9.765625e-05
10001111001001100100,21.00811835870308,9.765625e-05
10000111001011000101,18.57689720114189,9.765625e-05
00010010000011000100,23.03461129288432,9.765625e-05
10111100101110001101,16.48628782888939,9.765625e-05
00010101001000100001,31.133974755002768,9.765625e-05
00000101110101010110,29.513268383513587,9.765625e-05
00110110101011000010,17.86296032701851,9.765625e-05
10010100000011011010,22.42417122183692,9.765625e-05
11001110101000101101,19.066804940988007,9.765625e-05
10001100100000110101,20.960132112928992,9.765625e-05
01011010001001111100,22.815561838568154,9.765625e-05
11000101110011100110,21.124752809411703,9.765625e-05
10111001011001011111,27.13015061359374,9.765625e-05
01010011111010110010,28.94815867748121,9.765625e-05
11011011011001100000,19.7273765381935,9.765625e-05
01001101101110011011,28.132873878137325,9.765625e-05
10100111111010100110,24.840541191298442,9.765625e-05
01110010110000110111,19.13312871026647,9.765625e-05
10100111101111101010,20.682733681341382,9.765625e-05
00100111010010010111,22.37733407672131,9.765625e-05
10101001001111000110,30.136905917321062,9.765625e-05
10111000100000001000,22.118563817365718,9.765625e-05
11111110010110101100,28.11265037951003,9.765625e-05
10001100010010001011,23.581978731793985,9.765625e-05
00000011001000110101,28.45403306068382,9.765625e-05
01000111101011100010,32.45870368768782,9.765625e-05
11001001111100101000,16.61491091909485,9.765625e-05
10111100000000011111,25.149626278472876,9.765625e-05
11000000000100110000,18.37186778377905,9.765625e-05
00011001110101100010,20.287681845779257,9.765625e-05
11000010010101001001,30.81963563702933,9.765625e-05
10110110100110111010,19.367909642151155,9.765625e-05
01110110111101010010,11.271419628864692,9.765625e-05
00000100110100101110,46.178103752496654,9.765625e-05
10101010000111011100,70.74920172470532,9.765625e-05
10010011000100001010,17.63812757139942,9.765625e-05
10000101001111010001,20.926274857558166,9.765625e-05
11001010111001110100,32.31948646519125,9.765625e-05
11001110011111010110,23.833812421163323,9.765625e-05
01000110100010111111,28.839252708204047,9.765625e-05
01010110011101011001,12.631484284171183,9.765625e-05
00010111010100010100,12.603964675039101,9.765625e-05
10111100101100001001,12.603964675039105,9.765625e-05
10000110101100011000,22.26930965902472,9.765625e-05
11101000110111101111,38.11203868985324,9.765625e-05
10010011000000101011,20.333607227559874,9.765625e-05
10101110100101101011,37.222013696927085,9.765625e-05
10001110001000101111,29.264048015757243,9.765625e-05
01001010001011100110,24.90806612136764,9.765625e-05
10000101001101010010,19.348073332818775,9.765625e-05
01100000010011111011,39.377302123493685,9.765625e-05
10010101001110101110,32.03323782829036,9.765625e-05
10010001110101001111,24.281777174035582,9.765625e-05
01111100111001101011,13.021542155648095,9.765625e-05
11000110001100110110,20.15737518769823,9.765625e-05
10001001011110110100,31.31199680113143,9.765625e-05
00011001001111001100,21.326871295906464,9.765625e-05
01010101000011011001,33.20692963878187,9.765625e-05
11001100100001111001,11.704279896250945,9.765625e-05
01000110001110100110,25.825551148453513,9.765625e-05
00100111011011111010,22.99567521688394,9.765625e-05
10011110010101101011,22.165466142592997,9.765625e-05
00110100111111111000,29.064428048023025,9.765625e-05
11110110010111011010,17.533840707524476,9.765625e-05
01001011100111111110,22.421331784018864,9.765625e-05
01001100011100100111,18.006583978903592,9.765625e-05
01110011111011001000,14.555308856400242,9.765625e-05
11011111101101111000,21.023564890311604,9.765625e-05
10010001001110011011,30.335385855615897,9.765625e-05
10011010100111000011,32.206425269160334,9.765625e-05
00100111010001100011,21.2027768277834,9.765625e-05
00101010110001110011,56.04069834711211,9.765625e-05
11001101101100111011,18.150218557596386,9.765625e-05
01111010010011110101,29.27327278013423,9.765625e-05
01000001011100000011,29.157379649990343,9.765625e-05
00110001010100010100,15.448354701488896,9.765625e-05
10010100011111001011,24.55573618908596,9.765625e-05
00001010011110101110,46.40383959246592,9.765625e-05
00000011111101011100,38.35766465155673,9.765625e-05
01011101000011011010,28.333671243188164,9.765625e-05
00101010101000101110,37.871385872250244,9.765625e-05
10000010101110110000,41.223565593211866,9.765625e-05
11000011010111110101,22.86502928325158,9.765625e-05
01000000111000111011,51.24743124295492,9.765625e-05
10011110011010001100,22.46944472190212,9.765625e-05
10101010010000111000,62.06158036053415,9.765625e-05
01101110100101011010,22.37561937716638,9.765625e-05
00011101100011110101,20.686974353173987,9.765625e-05
01111101000000000100,29.788516408939365,9.765625e-05
01111000011110000111,13.070058406347163,9.765625e-05
01111100101001010011,9.759146788622592,9.765625e-05
11000110100100101010,16.87606868817369,9.765625e-05
10100110100100110000,27.127919039594396,9.765625e-05
01111100011000110001,7.354667074046704,9.765625e-05
10001011001111001010,28.19997622124037,9.765625e-05
10110101001010000101,22.684836048804392,9.765625e-05
00110110001100110000,16.327060545641608,9.765625e-05
00111010000100101110,33.23266781186836,9.765625e-05
10010110101001001100,20.96075630740866,9.765625e-05
10111011111100110000,30.47382146752208,9.765625e-05
11111011010110110011,32.30887083933821,9.765625e-05
11000011001100100101,19.480692133815424,9.765625e-05
00011001001100100110,18.733425924881328,9.765625e-05
11011110011100110100,16.353686734824272,9.765625e-05
01011010010011110100,19.451777750242016,9.765625e-05
00000000000010001100,38.76944467169391,9.765625e-05
10011101001100110001,14.395679512356875,9.765625e-05
00110110111110110111,24.0558579949872,9.765625e-05
11101010011010000010,36.32392626868655,9.765625e-05
11011100110111100100,9.055139355144942,9.765625e-05
01010011010101001100,10.660845077827299,9.765625e-05
10010101110000001100,19.130155701543533,9.765625e-05
01001101111110000011,22.755373026011608,9.765625e-05
01010001001110101111,42.50255378451482,9.765625e-05
00000101001101111101,32.3580758603119,9.765625e-05
10010001011010001010,25.287730657358495,9.765625e-05
10011011001001110101,28.65198114340743,9.765625e-05
10011001100011001000,18.765966656895397,9.765625e-05
11111101101101101100,18.938889443804243,9.765625e-05
10111110000011000101,41.6857870356487,9.765625e-05
01100011110111000110,18.82743877746935,9.765625e-05
11111100010001001011,17.728736943651924,9.765625e-05
11000011000110010100,14.983695947520614,9.765625e-05
00010010001100110110,34.07429554660896,9.765625e-05
10011101100100010111,16.614306478083556,9.765625e-05
11100011110001110000,19.395726544634876,9.765625e-05
10000111001111010101,19.97954865453425,9.765625e-05
10001110101110011000,23.617374029387783,9.765625e-05
01101010101000010001,29.23081466059882,9.765625e-05
11001011001110000110,21.631561517407242,9.765625e-05
01111010010101001000,29.348055418747176,9.765625e-05
00000100001111101001,41.70989870210969,9.765625e-05
00100010100111101101,51.2301487284779,9.765625e-05
10101111010000110100,43.92452464031915,9.765625e-05
00011101101010101101,32.39797290346079,9.765625e-05
10111011011000110100,37.78959275484574,9.765625e-05
00010000100111100001,39.76115778531684,9.765625e-05
11110110100101110000,16.53593807457455,9.765625e-05
10110100000110000101,16.308820677771724,9.765625e-05
11101001010100011010,26.872109392902246,9.765625e-05
10111110111010101001,21.71052123144698,9.765625e-05
11101100001001010011,17.876486138522203,9.765625e-05
01110100101100010010,14.22002459682541,9.765625e-05
11100011001001000001,25.728736943651924,9.765625e-05
00110100100000111101,22.695479656160455,9.765625e-05
01011111111101000100,15.076161915486267,9.765625e-05
11000000111000011011,31.877052471839722,9.765625e-05
00010110111101011010,26.574973058229638,9.765625e-05
01001000011001000010,22.41796277058982,9.765625e-05
10001001001110010111,32.755373026011604,9.765625e-05
10010111111001000100,17.14384133366376,9.765625e-05
10101110000011101010,36.92944563716017,9.765625e-05
10001101101011001110,20.01593125652507,9.765625e-05
10111010000011101110,42.4479587947498,9.765625e-05
01101110101100001010,19.567784354887316,9.765625e-05
01001110011010110011,15.341147613352847,0.0001953125
11111111100110010011,33.517728701929975,9.765625e-05
10110010110001011001,32.46703223496566,9.765625e-05
01110100010010100010,18.137246858014766,9.765625e-05
00010111101001001111,27.013904146696646,9.765625e-05
00101000100100010100,40.13612346899057,9.765625e-05
10110001010110111110,24.601564671289342,9.765625e-05
00011011111101110011,26.246545436222277,9.765625e-05
00001010110101110010,54.20509680114736,9.765625e-05
00011010101010011100,28.292808743566983,9.765625e-05
10011000110111100111,34.48569831929608,9.765625e-05
00010010111101101110,45.11952555676333,9.765625e-05
00100000000111111001,53.393722458464026,9.765625e-05
01011010011001100111,22.146813324538186,9.765625e-05
01111001000001000011,19.54553917731648,9.765625e-05
11001100010010100110,12.341803663093119,9.765625e-05
00000010110110010100,49.752210033132464,9.765625e-05
11000011110110011001,18.451765267055322,9.765625e-05
11001100101001101000,13.171213419862138,9.765625e-05
10001101010110010000,17.625911492741935,9.765625e-05
11011100100100000010,12.88275653182911,9.765625e-05
00101011111001111011,36.22371862331786,9.765625e-05
11110111110101110101,14.36805807416998,9.765625e-05
01110000001101100100,18.43295625787836,9.765625e-05
00011011111010110100,20.935657445723677,9.765625e-05
01011010101111010001,22.421331784018868,9.765625e-05
00100111001010000000,17.76692659535559,9.765625e-05
11100010101011001010,25.052989721232205,9.765625e-05
11101101010100110000,20.307929244263597,9.765625e-05
10101000100110000101,45.31197815263876,9.765625e-05
11111111111001111000,25.736342155781635,9.765625e-05
11010100100101010101,9.780766813960792,9.765625e-05
11010101011111111001,21.311007070139304,9.765625e-05
11010001100000110111,21.850113763620165,9.765625e-05
11111110011111110110,23.997782367937987,9.765625e-05
00010001000010000110,26.087381640163812,9.765625e-05
10011010110111111110,40.824840845409284,9.765625e-05
10010011100000100001,17.076161915486264,9.765625e-05
10011000000101001001,26.071613099781686,9.765625e-05
01110100111110101010,27.029243994723966,9.765625e-05
11000010101011110010,30.13914176856175,9.765625e-05
01000001100001110001,29.735003081806767,9.765625e-05
01101001010011100101,20.608152170923923,9.765625e-05
00010001100000000001,22.91152975366536,9.765625e-05
01101010011101000101,45.64087311393004,9.765625e-05
00010011000110101110,22.734228763134244,9.765625e-05
10010010110101100110,34.5488555424884,9.765625e-05
01100111100100011100,15.493803117456288,9.765625e-05
00010111001100100001,19.34622026867643,9.765625e-05
00110111110011001001,13.569701347121093,9.765625e-05
11100101100001101010,18.66196313434327,9.765625e-05
10010000001000000001,19.001197825110516,9.765625e-05
01011000100110001010,22.736506242799695,9.765625e-05
11001111011001110001,17.86386165909911,9.765625e-05
01000101000011100001,28.049566857982953,9.765625e-05
11110111001100100000,32.64202656811725,9.765625e-05
00110110011010100010,18.840541191298442,9.765625e-05
10000000101111101010,54.083938397788515,9.765625e-05
10110001001110000101,18.959380992168448,9.765625e-05
10010110001000011111,23.997786535962845,9.765625e-05
00111101011110101101,15.310660611433502,9.765625e-05
10111110001110100110,29.87019709672264,9.765625e-05
00110111011010111010,22.79533868287595,9.765625e-05
11110000101011000110,17.90001066206767,9.765625e-05
11011011101001010011,25.75252025057293,9.765625e-05
00110111111100101100,17.88422783756143,9.765625e-05
01100010001100111010,29.07735620902597,9.765625e-05
11100101010001011011,15.407918701799133,9.765625e-05
10111110000001011111,42.70494946870606,9.765625e-05
10101001101110100100,24.962663701142333,9.765625e-05
01010110110001100100,18.739381285429047,9.765625e-05
00011110011011011000,15.88518153442827,9.765625e-05
10011000000110011101,30.378754671969954,9.765625e-05
10010000010010111100,30.322619049972282,9.765625e-05
01100110011011010001,18.073880904250004,9.765625e-05
00100000111001010011,49.14564307250457,9.765625e-05
11111010100011110000,30.777368742420876,9.765625e-05
10111100111000100011,10.91751272516145,9.765625e-05
11111101011101110100,13.800217724548954,9.765625e-05
00101010000000101000,40.59679908248155,9.765625e-05
11001011000110111010,21.354657388009745,9.765625e-05
01111001101001110010,17.491054337622117,9.765625e-05
01110010011110010010,15.469196240129715,9.765625e-05
10001000110111110111,61.90143771688954,9.765625e-05
01011111001111110110,18.078717670204373,9.765625e-05
10101000011001110100,52.60201742134207,9.765625e-05
10010001100010011001,24.8136377827831,9.765625e-05
00110111100000010011,19.167384043911895,9.765625e-05
10001110101110000001,24.566638062218395,9.765625e-05
10011111011101100000,18.19024271207693,9.765625e-05
10101000010110010011,56.842617857967,9.765625e-05
00001111001101000001,14.103761467876947,9.765625e-05
11110000101000110011,14.442431490469048,9.765625e-05
11001001111111000000,18.071433721587372,9.765625e-05
11000111000000101101,17.75862095172247,9.765625e-05
11111100111100011000,8.086870272891684,9.765625e-05
01110001101110001010,29.188168444971822,9.765625e-05
11110010001101100001,25.07108309485671,9.765625e-05
00011100101011010000,19.26998465152492,9.765625e-05
01110101010011110000,21.266823732214267,9.765625e-05
10101100110100000101,32.98403688821432,9.765625e-05
11011101011111111110,14.159890848281268,9.765625e-05
01111110110010101010,18.417875938444006,9.765625e-05
10001000010111001001,50.15354466890081,9.765625e-05
11101000100101010001,34.84448340529603,9.765625e-05
00111010110011110100,37.22842089844241,9.765625e-05
10110100110000001010,12.608573789297296,9.765625e-05
11011010101101011101,27.16293901667177,9.765625e-05
10010101000011011101,20.333844379789127,9.765625e-05
01000111000111111000,16.723692699145335,9.765625e-05
10111010110101011010,47.85851975127412,9.765625e-05
00101011011001111100,37.089301517084195,9.765625e-05
10000010111000001110,41.75784310147914,9.765625e-05
01000110100100100010,22.586950232388286,9.765625e-05
10001011010001111110,36.718968036817245,9.765625e-05
10110001001111001011,21.649001267433473,9.765625e-05
01010111001101011011,23.75347394743977,9.765625e-05
11111010101001100100,29.99274655744813,9.765625e-05
11001110001111111010,17.138896709596768,9.765625e-05
11100000010011001001,28.38301660394109,9.765625e-05
00000101010000101100,26.670446268106083,9.765625e-05
10000000110100010100,45.75011628519005,9.765625e-05
10000010001011001100,37.58940438022551,9.765625e-05
01111100110110101010,13.162939016671768,9.765625e-05
01110111100111000000,21.20841760656556,9.765625e-05
01111100001000001010,17.666081282091575,9.765625e-05
01101111001111111110,16.731488004194652,9.765625e-05
01010110101010001110,33.694381265985655,9.765625e-05
01110011101110101110,23.27910283028772,9.765625e-05
11000101000010111101,20.213565862868485,9.765625e-05
10010000000110111100,30.098433735412684,9.765625e-05
00011101000110101110,22.7479028211529,9.765625e-05
00111010111100100011,27.22942612775085,9.765625e-05
01100100000010100000,19.3599030928071,9.765625e-05
10010011000111001111,20.874147254874323,9.765625e-05
00010111010111100000,13.310660611433498,9.765625e-05
11101011011100000000,38.712863461161795,9.765625e-05
01000101110000111011,36.34807333281877,9.765625e-05
10111100110101100001,14.324111801347009,9.765625e-05
00010001011101010100,26.56017216674318,9.765625e-05
10111111000111000100,37.54851456396668,0.0001953125
10011101101001111000,19.211051230973773,9.765625e-05
00101011111110010000,31.38532624397423,9.765625e-05
11110011000110100010,25.030385052851678,9.765625e-05
00101001100001110110,24.80018306129879,9.765625e-05
01010100011001010110,22.423616239698735,9.765625e-05
11011101001101010010,19.023564890311604,9.765625e-05
00000001101111110010,54.09525774290565,9.765625e-05
10011110101101011010,21.157096483331586,9.765625e-05
10011010011100110000,34.03696175063377,9.765625e-05
11000101001011110011,25.654128274437685,9.765625e-05
00001010000110100100,36.449684002299605,9.765625e-05
01011110010010111010,14.103761467876945,9.765625e-05
11001011111011111000,17.04449148179701,0.0001953125
11000111000010110101,16.586426469056658,9.765625e-05
00110101011111001000,17.121449699675576,9.765625e-05
01100011000001010010,18.333607227559874,9.765625e-05
11001001000001111000,14.988673689708264,9.765625e-05
11100110100111111101,22.073880904250004,9.765625e-05
10111000111101110100,34.949057103195585,9.765625e-05
11001100101110001000,14.615813083520091,9.765625e-05
10110110110111111110,25.65979404122942,9.765625e-05
00011110000011111101,19.490042132299262,9.765625e-05
00000001011001110000,35.4000790474627,9.765625e-05
10100101010101010111,23.951935884535807,9.765625e-05
01011010111110010011,20.132213328233462,9.765625e-05
01001100001011010101,14.741288679162727,9.765625e-05
00111111011001011011,18.747779660614533,9.765625e-05
10011010111101001000,32.25543059830468,9.765625e-05
11100101010011010000,14.182795618002999,9.765625e-05
00011111000000110000,22.312693032133964,9.765625e-05
01010000111010001010,38.91671967086906,9.765625e-05
01011100100100011000,15.665405555170306,9.765625e-05
00010110011100101010,22.625873385048163,9.765625e-05
11001000010100101000,21.055155282775246,9.765625e-05
10010000000101111001,28.533570867646525,9.765625e-05
11001101000100001000,17.481357146011405,9.765625e-05
11100111011101010001,21.604606794430186,9.765625e-05
00010010011010011001,28.19896121876777,9.765625e-05
11010010111010010111,22.06628119929257,9.765625e-05
01001100011110010100,14.015661220346878,9.765625e-05
01011110011011110011,12.657824803812616,9.765625e-05
01111111101110001010,27.57027066309223,9.765625e-05
01011010111001010011,22.73613615686792,9.765625e-05
01101110010011000101,27.839421333845053,9.765625e-05
11110010111001000111,21.018175030283672,9.765625e-05
00010011010110111110,26.06628119929257,9.765625e-05
00101110000110101011,28.447396836597196,9.765625e-05
11101100011111001010,19.007457808799217,9.765625e-05
11111101100000011101,27.003880359064993,9.765625e-05
00010110100110001001,16.542339034496532,9.765625e-05
00111100111111000100,14.067257799804128,9.765625e-05
11110110100010000100,22.625877651040035,9.765625e-05
00101110010000101110,35.20165968035255,9.765625e-05
11111010101001001101,32.005203232778484,9.765625e-05
01001110100001000100,17.343709070385508,9.765625e-05
01100001101110001111,32.03632870246179,9.765625e-05
11011001111010110010,17.378510554566095,9.765625e-05
11011010011000100000,18.572245222630546,9.765625e-05
10001100000110001001,20.32644778946847,9.765625e-05
11111110000100111101,33.557028094987785,9.765625e-05
00001011001010100110,20.260248639479002,9.765625e-05
00100101001101100110,19.596063078642864,9.765625e-05
11011001011101000110,13.182637499947214,9.765625e-05
11111000110010110011,14.09023928632073,9.765625e-05
10000010000111010101,52.41008781654917,9.765625e-05
00111011000001010011,30.21250940622553,9.765625e-05
11010101111100011001,19.945774579725565,0.0001953125
01010100110010101111,39.79072125345593,9.765625e-05
10110010000000001010,27.182180151807323,9.765625e-05
10011111000110111001,19.480457055154652,9.765625e-05
01111111001100001101,28.6583119829438,9.765625e-05
10011010101001011101,37.2334349690226,9.765625e-05
10010100000101110000,13.0974952425949,9.765625e-05
00100101100111010001,18.99731955045384,9.765625e-05
00010000111000111010,48.91251000576059,9.765625e-05
01001011111011010010,18.421331784018868,9.765625e-05
11000101001110101100,24.56603154763861,9.765625e-05
11110101010111111011,16.999500511936525,9.765625e-05
10111001011001111101,26.366891195234953,9.765625e-05
11110101100001110010,22.577979663686385,9.765625e-05
00100011111100011111,37.4917637207414,9.765625e-05
00001101001111010000,13.348073332818775,9.765625e-05
11100101011001111011,16.98427955845568,9.765625e-05
01011111001010011100,25.683053154756507,9.765625e-05
10101101111110110100,20.87957959776095,9.765625e-05
00101001010010000101,27.821157533642122,9.765625e-05
01011001110000110000,17.09564562289616,9.765625e-05
11100110011000000101,25.33306817305199,9.765625e-05
00100010010101100000,48.02286593844671,9.765625e-05
10001000010101111000,49.429889353868,9.765625e-05
10010101010010011101,20.16582030089446,9.765625e-05
00110110011111100000,17.13312871026647,9.765625e-05
01101100001000010111,12.32706054564161,9.765625e-05
11010101001011111001,31.37601120300782,9.765625e-05
11001110010100110111,26.076860780223967,9.765625e-05
10010000000110110000,24.01253933945131,9.765625e-05
11011111001101010111,24.06930300879837,9.765625e-05
10111011010101001111,43.64535980207095,9.765625e-05
00010010110100000100,24.906470305109718,9.765625e-05
11101111010000001000,41.370511068363655,9.765625e-05
11010100010000111001,9.540303060589066,9.765625e-05
10001011011110011110,36.98271934700905,9.765625e-05
00001111010010111011,19.122570477053905,9.765625e-05
10001011101110111101,32.755373026011604,9.765625e-05
00100011001000001001,22.30882067777172,9.765625e-05
10011001111010011011,25.26483212923011,9.765625e-05
11110000100011011000,15.699741588131591,9.765625e-05
11010001001000010101,17.556594717008952,9.765625e-05
00000000011110111010,66.98805563350291,9.765625e-05
11101010110001011000,44.19386884843517,9.765625e-05
10110101100111000011,14.48891094530273,9.765625e-05
00011101010101011011,13.843409257913377,9.765625e-05
01011001110010100011,22.61988344837748,9.765625e-05
10000011010011001100,22.853373176305407,9.765625e-05
11100000011011100011,30.666478353314034,9.765625e-05
10111100100000111100,20.32364373848183,9.765625e-05
00111000111110100000,20.293756198840473,9.765625e-05
11010110100001111000,15.140201843902716,9.765625e-05
00101001101100110110,26.03134834862827,9.765625e-05
00111100001001101010,14.554082795136782,9.765625e-05
10100001011001110001,31.60758397117797,9.765625e-05
10001001100011111010,26.329826488934472,9.765625e-05
01100011100100100000,18.737530931309244,9.765625e-05
11001110000100100010,22.54184984728787,9.765625e-05
10010000101111010100,38.04753340859416,9.765625e-05
10110100000011100000,17.39477284776804,9.765625e-05
00111011111100000100,19.512940660427645,9.765625e-05
10001100110011100000,20.193777456030222,9.765625e-05
10011100100001110000,13.237648998499623,9.765625e-05
00111100100100111010,14.214455544107032,9.765625e-05
01001001001100011101,22.825638067726526,9.765625e-05
01000101100110110001,33.738156094381694,9.765625e-05
10100101000000111101,21.6315712034442,9.765625e-05
10010101011110011110,26.976696515549616,9.765625e-05
01010101011110111111,40.04069834711211,9.765625e-05
11010001110111101100,18.770568795139177,9.765625e-05
11111101100100011110,22.466351262663373,9.765625e-05
00001011011011001000,21.57780281001074,9.765625e-05
00100011100111110001,32.66927271826372,9.765625e-05
11010101010011111111,22.49970371909868,9.765625e-05
01010001011111101101,34.5148897150621,9.765625e-05
10010000101000011100,29.227644691705265,9.765625e-05
01111001101011010101,16.94712065135104,9.765625e-05
01001001100111101010,28.881398085780326,9.765625e-05
01001111001011000000,15.018876556376064,9.765625e-05
01101010111010010000,25.159544389575462,9.765625e-05
11000000101100001101,29.049216867706342,9.765625e-05
00010110111010111110,37.379563675528836,9.765625e-05
10001010101010011111,45.91587183603516,9.765625e-05
10110100111001000111,16.25123874889113,9.765625e-05
01011011100010010000,20.17250814454988,9.765625e-05
01011100110001110101,13.077356209025973,9.765625e-05
10000111110001100111,21.27141962886469,9.765625e-05
11011011000010010011,28.403319360705098,9.765625e-05
10001110001000110111,32.193171997170424,9.765625e-05
00011011011000100110,17.958223995614063,9.765625e-05
00010110101010011111,32.028903054030266,9.765625e-05
00011001101011010100,24.89670940297779,9.765625e-05
10001011010000111101,37.67822461683677,9.765625e-05
01101011010110010011,30.326065307477204,9.765625e-05
10011010011100010110,41.657263362101205,9.765625e-05
01010010011110010110,22.050334015137192,9.765625e-05
01001010111111011110,39.69066183296601,0.0001953125
11000101011101110100,12.744410560058297,9.765625e-05
10010111001011001110,24.335390121607773,9.765625e-05
00000010101010100101,45.57909120597794,9.765625e-05
01011110001111000000,13.508331546169455,9.765625e-05
01011011111110010110,15.687568373727258,9.765625e-05
10100101010100001001,20.25087375090915,9.765625e-05
10100000000111100011,45.15222712769554,9.765625e-05
01000110111010011011,28.070915203636773,9.765625e-05
11101101010010111110,18.457806823294806,9.765625e-05
11110000111101101101,18.372564036417778,9.765625e-05
10110011011010100111,24.559458430095162,9.765625e-05
10101101111101010111,22.554949572730607,9.765625e-05
00010111001000000101,20.37977665045696,9.765625e-05
10001101001100010010,16.73155516999929,9.765625e-05
10010010011000000111,30.54233903449653,9.765625e-05
11000010001110010100,25.73406531257023,9.765625e-05
00100000100111100011,49.01853210574774,9.765625e-05
00010110001110010101,18.80018306129879,9.765625e-05
10011010101101010010,35.64655147312497,9.765625e-05
10110101001011010101,19.213415015094377,9.765625e-05
01110001011011100111,21.026863461015132,9.765625e-05
01011010010001101101,22.339981545126264,9.765625e-05
10110110001101001111,24.447930373092987,9.765625e-05
00000111001110011010,22.898185198033882,9.765625e-05
01010001010101101110,26.125561605830526,9.765625e-05
10011110101001000010,23.26874778799932,9.765625e-05
00100101110110100110,27.53978900493058,9.765625e-05
01100101010010000000,18.14481095816091,9.765625e-05
11101111011111110011,26.565367885429875,9.765625e-05
10110110100011101011,20.46411470947762,9.765625e-05
00001110010111111111,37.17239552448241,9.765625e-05
01100101011101110100,14.741288679162727,9.765625e-05
10011001100001101001,18.004791300442065,9.765625e-05
00101011000010011100,32.40450887065378,9.765625e-05
01101000100111101101,36.61978309351682,9.765625e-05
01000010111010111000,34.24261871979269,9.765625e-05
10101001111000011100,30.231104068850932,9.765625e-05
00010000100100010111,37.689781837764414,9.765625e-05
00100000100010010001,36.50439966550269,9.765625e-05
01000111101100010101,18.707745514989956,9.765625e-05
11100010001001101001,31.15141812413666,9.765625e-05
01001100010100100100,12.906190582894567,9.765625e-05
01010111001110010001,23.28190612521711,9.765625e-05
10110100000111111000,17.645597776258132,9.765625e-05
10101010111111011011,66.95686032582046,9.765625e-05
01110001000101001010,18.338216341818065,9.765625e-05
11010001110000101110,18.380669776139115,9.765625e-05
00010001110111100010,36.77709872787887,9.765625e-05
00010010011010100011,30.134965846778503,9.765625e-05
01101111101001110001,20.39545858202517,9.765625e-05
11010101011010101110,34.65165069451677,9.765625e-05
00000000100111011101,65.91766712614255,9.765625e-05
00101011000011110010,30.21442648599616,9.765625e-05
11000001010001111001,18.202478369948384,9.765625e-05
01101100100010110010,13.733610810247928,9.765625e-05
10000001010100000010,24.654736236179968,9.765625e-05
10011011101000101000,20.94451971500117,9.765625e-05
01011100011110010110,11.18498617839544,9.765625e-05
01111100000001001000,19.462921972316906,9.765625e-05
11010011110101100010,14.783821234784455,9.765625e-05
01010110111100111100,22.01253933945131,0.0001953125
00100001000001100001,23.14191998790125,9.765625e-05
11011111010101000000,25.740402529494993,9.765625e-05
11111110111111000011,19.370800906678074,9.765625e-05
00011111110111111010,15.892626125619717,9.765625e-05
01010100111001010011,27.470311499495946,9.765625e-05
11001110111101010101,25.031348348628274,9.765625e-05
01111010010011111110,26.304929996215726,9.765625e-05
11110011011001011000,18.040724782327636,9.765625e-05
11000011010100001100,12.963017859443806,9.765625e-05
10001110001110000011,27.594234904586536,9.765625e-05
01100000110010100101,30.828021223921045,9.765625e-05
11101011100010000111,32.120050414274296,9.765625e-05
10000000011010011100,47.15990125789947,9.765625e-05
00010011000111001110,19.46372912522953,9.765625e-05
01011010001111000010,18.691345580781853,9.765625e-05
10111000111110101110,26.79068492506338,0.0001953125
10010001011111011110,32.62623214143679,9.765625e-05
11101110101011001000,25.07335162290628,9.765625e-05
11000010011101001011,35.65997153135912,9.765625e-05
10111001100101010100,24.67253033001154,9.765625e-05
01101110101011000010,17.443568097101007,9.765625e-05
10010110111111011110,28.26848057060705,9.765625e-05
00000011101111111100,40.28112994011615,9.765625e-05
10010110001101001111,22.11210968149596,9.765625e-05
10001101010111100100,15.970147123608811,9.765625e-05
10011001101100111000,20.431469024515735,9.765625e-05
01011001110001001101,18.583911651658067,9.765625e-05
01100011100101101100,19.82115753364212,9.765625e-05
01001010011010000101,24.69547965616045,9.765625e-05
00110011110100111101,22.911695914251908,9.765625e-05
01100000000110110001,30.166771200611564,9.765625e-05
01010011010100110001,14.945398975781695,9.765625e-05
01111000101001011100,19.138223458526326,9.765625e-05
11110001100100001000,13.493281019267041,9.765625e-05
01011010010001011110,23.08834782021735,9.765625e-05
00011000101000100000,22.016615651634783,9.765625e-05
00111101101000100101,17.918817870307215,9.765625e-05
11100010111100010111,37.62490376055102,9.765625e-05
01101010011011001011,33.43657564114443,9.765625e-05
00100001101011001010,31.37119840721452,9.765625e-05
01000001010100011000,22.23517964661334,9.765625e-05
10010101010000011010,20.762327167134348,9.765625e-05
00011101100010100101,24.158395386884003,9.765625e-05
01001100100111110010,19.17244331821314,9.765625e-05
11101000100000101011,23.02759684236814,9.765625e-05
01110010011110101100,18.56740875094344,9.765625e-05
01001111001010110111,17.04140698501397,9.765625e-05
10100110011111110111,46.673432712416655,9.765625e-05
10011011011000110100,26.09963333982443,9.765625e-05
11000010110000110100,21.653191228782397,9.765625e-05
11000010101100011000,22.237036242326486,9.765625e-05
11000000000000100101,18.59012092486309,9.765625e-05
10000011111001001011,30.136777151643404,9.765625e-05
01111001101100001100,17.267181334959343,9.765625e-05
11011000111110110100,16.150824016456188,9.765625e-05
00001100111000000101,26.20757311820824,9.765625e-05
10100010000001011011,51.10467852589214,9.765625e-05
00101100100101010100,24.566025306045262,9.765625e-05
11001011101110010101,23.157096483331586,9.765625e-05
01110110001001000100,18.858600428953793,9.765625e-05
10110001111011111001,24.815275249101973,9.765625e-05
01010111000011010011,25.06450464480504,9.765625e-05
11011101000001011000,24.26850719132645,9.765625e-05
01000011010011110010,20.421331784018864,0.0001953125
10110100100100111000,12.132627763452362,9.765625e-05
10110010000100011111,37.99585697300551,9.765625e-05
10010010000010101011,23.978543425225812,9.765625e-05
01010011110001110011,22.302100244434627,9.765625e-05
10101100110111101011,30.37365368211675,9.765625e-05
00110101011001110001,15.288073671620689,9.765625e-05
01101111101101001110,18.087442211348506,9.765625e-05
10010111010111100111,17.243693384364853,9.765625e-05
01101110000010101010,23.597575289218696,9.765625e-05
01110101101010010100,31.200952821751933,9.765625e-05
11111100100010000001,18.415862868181264,9.765625e-05
10110011000110100101,25.51477788406688,9.765625e-05
10000001001111011110,38.75148651248047,9.765625e-05
01110111110101001100,13.739927315951348,9.765625e-05
01111010111010111100,19.295609350110016,9.765625e-05
11000101100110100010,26.787046169723403,9.765625e-05
11111001000011010111,24.34793225820882,9.765625e-05
10001001110001100011,26.53570272328271,9.765625e-05
10111100010011010000,23.0370212769383,9.765625e-05
11000010001000000110,22.910636540856007,9.765625e-05
11001001100000101101,16.181540018857536,9.765625e-05
10110010100101101111,33.324535307785,9.765625e-05
01100111111101010101,13.31441835928698,9.765625e-05
00010101101110100111,45.540879385050616,9.765625e-05
10001111111111111101,22.867891108273167,9.765625e-05
00111100111010101110,19.826142458984243,9.765625e-05
00110010110100001111,28.371263157263883,9.765625e-05
10001001001101000010,23.97014712360881,9.765625e-05
01110100100000000111,16.729642552520772,9.765625e-05
10100011111111011000,34.583343451912114,9.765625e-05
10001001111011111100,32.93875714655577,9.765625e-05
01010110110101001010,17.577802810010738,9.765625e-05
10010101000101100001,12.665312481431146,9.765625e-05
11100011000001011011,27.579756316140937,9.765625e-05
00010100011010111111,42.900496503209396,9.765625e-05
00111011111011110001,22.04142302140766,9.765625e-05
11111010101000111100,26.716569676573677,9.765625e-05
11110010101101011001,20.84497092736232,9.765625e-05
10111000011110000100,29.765079685679392,9.765625e-05
00001011001100101001,26.214455544107032,9.765625e-05
00111111010101011110,22.842221940388082,9.765625e-05
10110001001111110010,23.17982397006368,9.765625e-05
01000101101010101101,49.127981275921464,9.765625e-05
01110101101000000110,32.20700574001056,9.765625e-05
10010011111001000001,17.43086439800057,9.765625e-05
10000011110111110011,39.9737639168652,9.765625e-05
01100110001010001100,19.277654428200123,9.765625e-05
01111111100001101100,32.1459111114451,9.765625e-05
11101100001111010101,21.11133275117756,9.765625e-05
00111111000111001001,20.101825750453468,9.765625e-05
00010111101111001001,21.39644497733708,9.765625e-05
00101110111101101100,35.914991840833565,9.765625e-05
00101011111000101110,27.811774945476603,9.765625e-05
11111101111010101101,20.08372975434327,9.765625e-05
10011110000000101010,24.30047870574606,9.765625e-05
01110111101001101111,29.277372290229692,9.765625e-05
10110111101000001001,22.663874794068825,9.765625e-05
11011110000111111101,16.315449289389875,9.765625e-05
10001100100110110010,20.066743646222072,9.765625e-05
00010110001001111111,29.088318674979284,9.765625e-05
01010101110010111000,43.583899343135435,0.0001953125
11000000000001000110,20.636527499989445,9.765625e-05
11010011000111000100,14.357385750889843,9.765625e-05
11010001010011001001,15.673323198800052,9.765625e-05
01010000011100111111,36.82058309230282,9.765625e-05
11100011011101001111,27.983142853447045,9.765625e-05
11101010000000101000,41.10734409268817,9.765625e-05
11111010101110010101,29.77544813107944,9.765625e-05
10011110000001111001,23.262123959972197,9.765625e-05
10010100000001101000,15.909682843989168,9.765625e-05
10011100010101001111,19.233434969022603,9.765625e-05
11100011111111010010,23.483280586978594,9.765625e-05
00011001000010001110,21.597926650370425,9.765625e-05
01011111011011101100,18.534008511617223,9.765625e-05
00100100010000101110,30.065164051861718,9.765625e-05
11001000011110011111,34.933188093837394,9.765625e-05
00111011001010000100,20.99873825722821,9.765625e-05
00110010011100100100,27.100903087298967,9.765625e-05
10111001101111010000,20.64367372047308,9.765625e-05
11001010100111011011,35.70954183378568,9.765625e-05
00011000101101011010,35.044774648455764,9.765625e-05
11001110111001111001,17.93006175064971,9.765625e-05
01110000101101010011,20.666478353314034,9.765625e-05
10100111001111101001,22.78195495303435,9.765625e-05
00011010001101011011,32.86502928325158,9.765625e-05
11000001001010011011,28.004303043954714,9.765625e-05
01101101110011110001,14.984279558455682,9.765625e-05
00011001011111100010,20.478331179320563,9.765625e-05
00000011111010011110,37.65604244784209,9.765625e-05
11011011001101110101,23.47080080086346,9.765625e-05
10010000101101101101,36.277583436557414,9.765625e-05
11110010111111001010,18.82743877746935,9.765625e-05
01101100010100100101,18.32926432364181,9.765625e-05
11011010110011010101,25.157867172056626,9.765625e-05
00010000001110000000,27.72055905864432,9.765625e-05
10111011100110101100,28.199087274422887,9.765625e-05
10110111001010001010,29.27834889074125,9.765625e-05
01100001001001001011,23.003281887015973,9.765625e-05
11110110110001111110,16.57689720114189,9.765625e-05
11011110011000000110,22.899722162900687,9.765625e-05
10101101011011011101,25.930923097358637,9.765625e-05
10101011000010110011,45.263123034814484,9.765625e-05
10010001000111110001,22.664923659879506,9.765625e-05
01111000111110111101,22.393734941650727,9.765625e-05
00111111010010100110,22.944490656890302,9.765625e-05
00110101010011100011,18.883073746920175,9.765625e-05
00011111000111001101,12.701020385189034,9.765625e-05
00010000001110011111,47.240941502273856,9.765625e-05
00010111001000011001,21.346226510269776,9.765625e-05
00000010111110001111,60.543437446307514,9.765625e-05
11011011011101101010,18.707330872630997,9.765625e-05
11011100010011000000,10.980885654940625,9.765625e-05
10110100001101010011,13.979548654534252,9.765625e-05
00011100000000110101,15.237648998499623,9.765625e-05
00011101011110001000,17.135470939981282,9.765625e-05
01110000110100000111,14.004187495884821,9.765625e-05
11001011010000011000,23.255004381844145,9.765625e-05
00101110000001101000,31.20231845095518,9.765625e-05
01101100001010000001,13.898703715984485,9.765625e-05
10101101101110110000,17.561591107689267,9.765625e-05
10011011110001110110,26.84460334431303,9.765625e-05
00000100011111011000,42.05828434682529,9.765625e-05
01101111011011000100,17.28503944441921,9.765625e-05
00100101010000010010,16.815561838568154,9.765625e-05
11101100111111111001,18.60172895465109,9.765625e-05
00001111001110110111,18.21886165294494,9.765625e-05
01000100011100100111,31.745394343724328,9.765625e-05
10101001000000111100,32.323643738481834,9.765625e-05
11100101011100001110,16.072400636061978,9.765625e-05
10011100000001100011,13.827760237325759,9.765625e-05
01111011011000100100,19.697111593670854,9.765625e-05
01001111101110111000,19.209408589577905,9.765625e-05
10100110100001101010,25.606707507547185,9.765625e-05
11110011110110110001,16.78195495303435,9.765625e-05
11000101001011011010,24.718968036817248,9.765625e-05
01111010010100101011,25.266823732214263,9.765625e-05
00001011011011010110,28.335385855615897,9.765625e-05
00110000001100100011,22.08551806843625,9.765625e-05
11000011001110001011,22.958478093322135,9.765625e-05
00000111111011100100,26.216267790533056,9.765625e-05
11010101111001001110,27.2919038691192,9.765625e-05
00110010001001110010,27.84593086582251,9.765625e-05
01011101001101111111,22.006561162386074,9.765625e-05
00101000111100110110,47.77519496409267,0.0001953125
11001011110001100011,23.19492926671124,9.765625e-05
10100000111110011011,53.699989367958935,9.765625e-05
01011010111011010111,24.183472411440615,9.765625e-05
11101111010000011011,38.295513457584924,9.765625e-05
01100111010110110001,19.131014572401632,9.765625e-05
11010010000111001000,15.64369038252445,9.765625e-05
11110000111110100101,16.198961218767774,0.0001953125
00101110100110101000,25.363664372231383,9.765625e-05
00111111001010111100,24.7316112518602,9.765625e-05
11001001111110101100,18.611782796605937,9.765625e-05
11000010000110011011,28.15040937409723,9.765625e-05
00011001001011011101,25.5121434381104,0.0001953125
11001010111111101101,37.77909304088556,9.765625e-05
11110111010111111100,18.046341923044007,9.765625e-05
10100101011001110001,19.568471754286822,9.765625e-05
10010110010111111111,25.510916467761817,9.765625e-05
10111011110010100100,29.030057242638534,9.765625e-05
00011011000100001101,20.184931935931303,9.765625e-05
00001000000101010011,44.55626087234252,9.765625e-05
00010101001111111001,34.152644578044054,9.765625e-05
11100010111101011001,38.12474032622501,9.765625e-05
01011000000001111110,23.05513935514494,9.765625e-05
01100111011000110110,18.103761467876947,9.765625e-05
10010110100101011000,14.11820965906425,9.765625e-05
00111010101001101011,27.9668415109902,9.765625e-05
00100000010000011111,48.11623127368786,9.765625e-05
00001010000100101100,39.322994653916155,9.765625e-05
10000001010011110100,30.56088871138076,9.765625e-05
10000110011011010001,30.28406275678045,9.765625e-05
00001000001110110001,41.840731822748516,9.765625e-05
11110001010010100011,16.97949441207011,9.765625e-05
11100100010001110110,16.42834714362017,9.765625e-05
11010101000100111100,20.737906535253117,9.765625e-05
10101000011010010001,47.7099696937524,9.765625e-05
00101011100110000010,25.48747596796295,9.765625e-05
10000010001001111001,42.4703211855329,9.765625e-05
10111111011010000001,33.39673883708494,9.765625e-05
00111110111111001110,19.465020318346472,9.765625e-05
01011100011110111010,16.613336766459213,9.765625e-05
01011010001110000110,17.16395746358797,9.765625e-05
11001000111111001111,39.240941502273856,9.765625e-05
01101011100001111001,28.867020886235732,9.765625e-05
11101101111100110110,11.246786734840208,9.765625e-05
11010011011111101000,14.358274697707323,0.0001953125
01010111000011001101,23.70294173095154,9.765625e-05
10011001101100110000,18.463742441213967,9.765625e-05
00001110010011011000,24.20320189060038,9.765625e-05
11001101000101100000,12.156433974018086,9.765625e-05
01110011011101000000,11.867866011047091,9.765625e-05
00110011011001100010,17.05842124216091,9.765625e-05
10010001100100100110,21.11724972060406,9.765625e-05
11001111011000111100,15.988400209086457,9.765625e-05
10100010100111001000,40.83926666023287,9.765625e-05
11001010101111010110,34.6286739915912,9.765625e-05
01011010111101111101,29.078830224780834,9.765625e-05
10001101110101110000,14.840650203507728,9.765625e-05
00011110010001010111,22.53579962285994,0.0001953125
00001011010100000110,28.808084657695026,9.765625e-05
10010000011101110100,37.05346558206971,9.765625e-05
01001011111101000101,23.23624526160259,9.765625e-05
00010011010001001100,14.07093539725895,9.765625e-05
01000001001100000111,28.423616239698735,9.765625e-05
10111101100000010000,24.78341718754757,9.765625e-05
00011001100011010100,22.098019093053725,9.765625e-05
10000011010110001100,25.00651379796933,9.765625e-05
01101100100010110011,14.938431409911127,9.765625e-05
10100010110111000100,54.903239128577425,9.765625e-05
00000011011010110011,36.153226115410625,9.765625e-05
01111000000110110100,17.02759684236814,9.765625e-05
10001011000110011010,31.610536247043378,9.765625e-05
11101000110001111000,28.00972904687132,9.765625e-05
00010100101100011101,32.735019009437075,9.765625e-05
11011000010100001101,16.00209374794241,9.765625e-05
01010101101110100011,54.34341091765757,9.765625e-05
00111111101110010011,15.227520807585663,9.765625e-05
00110110101101111001,18.469003644327643,9.765625e-05
01111100101101100010,11.11133275117756,9.765625e-05
00111110000001101000,26.41586286818126,9.765625e-05
01110101100111000110,24.097604450694774,9.765625e-05
11100001111110101001,24.864091514015044,9.765625e-05
00100000110110000011,46.01289185424659,9.765625e-05
10110001010111101101,22.9189537585907,0.0001953125
00000111001000100100,20.280690298907796,9.765625e-05
10111101101011101100,20.108461974540084,9.765625e-05
00101001110010000000,21.138223458526326,9.765625e-05
00010011001100101100,20.739381285429047,9.765625e-05
01010101000001111110,36.77867035599584,9.765625e-05
10011101111100011000,15.540303060589064,9.765625e-05
00011110001110110110,18.041690151672732,9.765625e-05
01001101101110010110,20.9710945788823,9.765625e-05
10110001101001110110,20.069156241921917,9.765625e-05
01001001100011000000,17.86828065340605,9.765625e-05
10010101101111001001,24.621995921099934,9.765625e-05
00000010101011101111,57.867653036118966,9.765625e-05
10100011001011111101,35.00230528650441,9.765625e-05
11110101010000010001,17.85395498630306,9.765625e-05
10111001001010011001,25.95387595507836,9.765625e-05
10010100101100110000,19.10819464838443,9.765625e-05
01011100110110010111,12.931886480262435,9.765625e-05
00101111001000000111,24.28791375262749,9.765625e-05
00111000110010000011,18.538494367370035,9.765625e-05
11101011010000011001,44.387405707792524,9.765625e-05
01101001110011110100,18.374636524221657,9.765625e-05
11011101010010011111,18.777368742420883,9.765625e-05
11011110010000111001,16.931041148311014,0.0001953125
10011010011111010010,39.53393678555344,9.765625e-05
10110111101010011010,25.472632506490598,9.765625e-05
00000010000011111111,52.08537961672164,9.765625e-05
11101100110000010011,15.550343695775966,9.765625e-05
00011001100000110011,24.236419318128494,9.765625e-05
00101000110011100101,48.49459618254505,9.765625e-05
01011011101100000110,19.77455565269115,9.765625e-05
01000101010111000100,17.849111244334267,9.765625e-05
00101100010010111010,25.077356209025975,9.765625e-05
00010000101101110110,51.9312612409026,9.765625e-05
01111101010000001011,23.749826964065143,9.765625e-05
00110111111010111101,22.20642526916033,9.765625e-05
00111110011001110000,22.473821467522082,9.765625e-05
10111011111010001110,24.710354161775314,9.765625e-05
11110001100011101111,20.87043479786909,9.765625e-05
11000010011001100011,31.896422704748225,9.765625e-05
01110101100110100001,30.823126232981558,9.765625e-05
00111011001100010000,25.018876556376064,9.765625e-05
11101111010110011010,32.10282724105103,9.765625e-05
01011100001101011111,15.787036483686446,9.765625e-05
01010010100110001000,18.302148761746608,9.765625e-05
10111010001011010110,46.32602001662896,9.765625e-05
00100100011110110110,37.6461633859944,9.765625e-05
00110010101111111001,34.51456490913875,9.765625e-05
00100110001001111010,27.21252524672863,9.765625e-05
10011101011011100111,15.853356525093856,9.765625e-05
00001101101000000001,18.69303872593099,9.765625e-05
11010100100111010111,18.335385855615897,9.765625e-05
01100111101001111111,21.450791463693502,9.765625e-05
00101101101100010111,15.651276135453056,9.765625e-05
01011010000111110000,19.759156474659545,9.765625e-05
11011001101110000000,18.733818474304016,9.765625e-05
01100100001111010000,16.46618337144343,9.765625e-05
01010111111000001011,32.48538222002054,9.765625e-05
11110111010100001011,25.000649182532698,9.765625e-05
00100101011001011001,20.434847723981733,9.765625e-05
01100101000010000101,21.02348567063426,9.765625e-05
01011111011111100101,12.223760262582447,9.765625e-05
01100110001011010000,15.953785297094479,9.765625e-05
10111001010110000100,25.154235392731067,9.765625e-05
00101110011010011110,31.040312849991224,9.765625e-05
10010010100000111100,24.833164060178895,9.765625e-05
01010000000010011010,28.255430598304677,9.765625e-05
00110010010100011100,31.02567696544776,9.765625e-05
01011110000111111001,13.096884559990256,9.765625e-05
11110010100110111110,20.068445938877687,9.765625e-05
10010110000001001000,16.554436953438252,9.765625e-05
01111001100000000100,17.419014835876027,9.765625e-05
00000100110010110010,42.600415581470685,9.765625e-05
10010111010110000100,15.638127571399423,9.765625e-05
00010100111000111111,45.17276561041418,9.765625e-05
11110110011000101000,19.22238378285886,9.765625e-05
01001111011010010110,12.103761467876947,9.765625e-05
00100110101101111100,32.449302156762386,9.765625e-05
00011111101110110010,20.16837950005618,9.765625e-05
01111111111110100000,20.37756589644234,9.765625e-05
10001000100001110000,33.663478702235516,9.765625e-05
10010111010010011101,16.867923785082038,9.765625e-05
01101001000110100000,19.58389934313543,9.765625e-05
00101100001011010011,19.09304333730737,9.765625e-05
10100000000110111100,44.86481503466704,9.765625e-05
10100000011101100011,50.706676477193284,9.765625e-05
00100001011111000111,37.678438679917434,9.765625e-05
10110001011110011000,20.73615906051264,9.765625e-05
01000000100111110001,46.39789838024728,9.765625e-05
01001110101110001000,16.631760267675467,9.765625e-05
11100111010111100001,23.24674247268029,9.765625e-05
00011101111100001011,20.982719347009052,9.765625e-05
01000111010111011110,14.921093706466483,9.765625e-05
00000101110111110100,35.70989870210969,9.765625e-05
10100101001101100010,17.157096483331586,9.765625e-05
11000101001101011010,18.70774551498996,9.765625e-05
11000100011111000110,24.246084338531702,9.765625e-05
00011001011001000011,16.96990561785082,9.765625e-05
11111000010011100100,20.658715001492347,9.765625e-05
01110001111010001001,23.72536628671669,9.765625e-05
00110101101111110001,22.54736236179969,9.765625e-05
01010101000100000111,27.97998004607178,9.765625e-05
11100011111111011010,22.845699046101473,9.765625e-05
01001111111011110100,12.44715615279713,9.765625e-05
11011000010000000011,13.233573420737216,9.765625e-05
10011011010111010010,29.2027768277834,9.765625e-05
11101001010000011010,23.892180966399266,9.765625e-05
01101001111011111010,22.752424281717005,9.765625e-05
00100010010011010001,49.12934599603959,9.765625e-05
00110010001100110110,29.82998368166713,9.765625e-05
10001110010100101100,33.9699162129729,0.0001953125
01010110101100111011,27.964217670995616,9.765625e-05
00110000111111100110,40.587880840106536,9.765625e-05
01101000011000001111,25.849111244334274,9.765625e-05
11011100111110100110,12.474143683435745,9.765625e-05
01110111010111010010,15.091989383546888,9.765625e-05
11001101010010010010,14.08748302906482,9.765625e-05
00001110110111011100,33.53429438829852,9.765625e-05
01011000110101000011,20.07788276950734,9.765625e-05
00111011000010100100,24.734422278861253,9.765625e-05
10111110100100111000,28.50178215422865,9.765625e-05
00100011011000100011,27.84593086582251,9.765625e-05
01001010001011000010,22.008411505666057,9.765625e-05
11110100011101111111,12.421331784018868,9.765625e-05
00001100100000101101,26.76387561897553,9.765625e-05
10100101101011101010,24.020523708731893,9.765625e-05
00100001000011101110,30.49829968793439,9.765625e-05
10111100100100101100,17.343709070385508,9.765625e-05
10101111000011111101,35.711529992326234,9.765625e-05
11001011000100110001,28.767631701686636,9.765625e-05
01101110100011110111,22.016823011332107,9.765625e-05
10000001010100010110,31.453426546104033,9.765625e-05
11110110110100000101,14.615245705322408,9.765625e-05
01100111011010100001,21.60264713383384,9.765625e-05
11111100110000111001,10.611505871540524,9.765625e-05
01010111101110100010,41.969248697894436,9.765625e-05
10010111111010011111,24.206425269160334,9.765625e-05
00000011110111000000,26.556712789597515,9.765625e-05
01110100001000001110,22.089649433792314,9.765625e-05
10101000100101000101,51.18020374203241,9.765625e-05
11100111001001110101,21.984356791691738,9.765625e-05
01110000001011000010,18.80472471548508,9.765625e-05
11101100111111001111,20.733268090252984,9.765625e-05
00111000011111000100,27.38954559511966,9.765625e-05
10101001010010100100,30.5656906069449,9.765625e-05
00110111001000010011,20.11976995763807,9.765625e-05
01010011000110011111,20.32088686640806,9.765625e-05
11101001100111110110,20.09023928632073,9.765625e-05
00000110101000101111,37.91120839218563,9.765625e-05
10110101001100111010,20.473821467522082,9.765625e-05
11001011010111110101,28.607300804519213,9.765625e-05
00011100001011011101,21.117181526111093,9.765625e-05
01001000100111010101,35.35490589141834,9.765625e-05
01001110011011010101,16.442431490469048,9.765625e-05
01111100111110011011,9.413416762874807,9.765625e-05
11111010111110110100,25.498891183968993,9.765625e-05
11111101011000101000,25.959028477373167,9.765625e-05
10010001101011000101,26.076826018597124,9.765625e-05
01110001101001000011,21.013904146696643,9.765625e-05
11011110001110011011,16.79334081666227,9.765625e-05
10110100101110111111,23.669288645894024,9.765625e-05
00010011111001010101,24.09311340902514,9.765625e-05
11100001100000100111,16.128536258059647,9.765625e-05
11100111101100001101,19.26779409113248,9.765625e-05
01001111000110101101,16.956759949323597,9.765625e-05
11100000101010011111,28.32961683843709,9.765625e-05
01011101010100111010,20.308909583486024,9.765625e-05
00001101000000000010,14.882756531829108,9.765625e-05
00010110101011010111,30.002234294861704,9.765625e-05
01011110101101101011,20.159890848281268,9.765625e-05
11001100101001111010,14.006590220496943,9.765625e-05
11001110111001011001,19.186900548143534,9.765625e-05
00101110001111001000,25.917799423391017,9.765625e-05
11000101001110110101,21.042666752184285,9.765625e-05
10010000110010111001,31.689781837764418,9.765625e-05
10110100111011100100,20.62355405897807,9.765625e-05
00111110010011100101,25.387734377381957,9.765625e-05
11010000111100011001,19.020354016574533,9.765625e-05
10011010101000000000,25.706185303543332,9.765625e-05
10100001101010010000,23.166725909763315,9.765625e-05
00000000011110001000,51.205658748460145,9.765625e-05
01001010010001000010,26.808084657695026,9.765625e-05
10010011000010100101,18.960399439084647,9.765625e-05
00000111000010100111,23.19811338393387,9.765625e-05
11011000001001111110,19.374668390322082,9.765625e-05
11101110111010110001,23.913763939763676,9.765625e-05
00101000100100111010,39.51268404899727,9.765625e-05
11110000001101110100,17.229796213682622,9.765625e-05
10010001011111100101,26.39251309667031,9.765625e-05
10101001001010000000,25.26814127341953,9.765625e-05
00111001110001110011,18.99567521688394,9.765625e-05
00011000010110011100,31.72055905864432,9.765625e-05
10010010110010111011,30.197984618256214,9.765625e-05
01110000011100011000,14.037277801241471,9.765625e-05
00001110001100101011,23.486364251416997,9.765625e-05
10100011001000010000,29.892180966399266,9.765625e-05
11110110111100111111,13.802983667841824,9.765625e-05
11010110101110011000,15.667499303112717,9.765625e-05
10100001101000001000,18.212895332660406,9.765625e-05
01100010001000011000,21.095587848861218,9.765625e-05
01010111111000000100,25.39517853851111,9.765625e-05
10111111101010100101,29.223931598245983,9.765625e-05
00110101100110010010,20.48769616387358,9.765625e-05
10100101110101111111,24.198036150697813,9.765625e-05
10111000100101000010,25.088347820217354,9.765625e-05
11111001111000101011,14.646548763102432,9.765625e-05
10110100011110000011,14.845873091787563,9.765625e-05
11000111101011010011,20.946891727156416,9.765625e-05
11010110000010010110,20.719312509081767,9.765625e-05
01011010110111100111,24.727186761177354,9.765625e-05
10001011000000010101,38.58389934313543,9.765625e-05
01101101110001010010,11.025393064367936,9.765625e-05
10010001101010111001,33.8243568549138,9.765625e-05
00101010011011010100,54.40258752489127,9.765625e-05
00011000100011111100,36.850000925572814,9.765625e-05
11110101110111010011,12.64917458953831,9.765625e-05
11111010111010011001,24.221002226025302,9.765625e-05
11011011000001001000,27.88936172220339,9.765625e-05
00011010100110111011,30.132213328233462,9.765625e-05
10000100101101001011,31.513268383513587,9.765625e-05
00010110111001011000,22.58287465462588,9.765625e-05
11101010001011111010,35.91122368336188,9.765625e-05
11111110100011101100,28.505512301973575,9.765625e-05
10001001011000000111,27.907076819689504,9.765625e-05
01011000101000100001,20.452488787707317,9.765625e-05
11011110101101000010,20.535938074574553,9.765625e-05
11001100000010001110,15.57570906206833,9.765625e-05
10100100110100001101,27.613639392319083,9.765625e-05
01000111110101100000,16.428347143620165,9.765625e-05
01110001100110100010,25.661818441035315,9.765625e-05
11011100010100011101,8.735019009437073,9.765625e-05
11111000011000110001,15.974878027530245,9.765625e-05
10000111000001101101,16.163010008314476,9.765625e-05
00101011111000001000,26.046708477404977,9.765625e-05
10011111000111000100,22.508328836146916,9.765625e-05
10101100100000110101,26.46755524224004,9.765625e-05
10101001000001100101,33.667431843040816,9.765625e-05
00010100111011100000,37.77387190487531,9.765625e-05
00101000111101100100,48.509477751711174,9.765625e-05
11111011110100110110,26.69429088063285,9.765625e-05
10101001010000111100,35.76734123771455,9.765625e-05
00101011001110011011,32.907035278391945,9.765625e-05
01110000101101000111,20.740693738684516,9.765625e-05
00101011101010111101,31.37743713076469,9.765625e-05
11100010110000010100,27.528095710215574,9.765625e-05
11010110111100100101,13.720269650392215,9.765625e-05
10000010001101110101,54.49600710259655,9.765625e-05
11111011110011001000,26.337311467370284,9.765625e-05
11011000111000111001,14.31886402298116,9.765625e-05
00011101010000100100,15.855108167859186,9.765625e-05
01010111000101100110,24.509276291420406,9.765625e-05
00011000100000100100,22.7751237653099,9.765625e-05
00110010110000110001,25.77257653289369,9.765625e-05
01101100110101011110,19.294716871721732,9.765625e-05
01110110011110110001,12.409768321497868,9.765625e-05
01111110011111101011,14.349768660299793,9.765625e-05
01110101010100101010,24.661963134343267,9.765625e-05
11111001111000010010,13.508331546169451,9.765625e-05
00100010111101001101,55.96021560939458,9.765625e-05
01101010110110110011,37.02092867589371,9.765625e-05
10111110111001001001,27.263949424005983,9.765625e-05
11001011100001111111,22.51764866070436,9.765625e-05
01010101011111100010,36.857604369241116,9.765625e-05
01011111011111010001,10.885177366403411,9.765625e-05
01001010010000110001,28.049543660070974,9.765625e-05
00001111011001010000,15.058013663353224,9.765625e-05
10100110110110110011,35.31751807095889,9.765625e-05
10100100011000000000,20.272506259434046,9.765625e-05
00010101011110111011,39.26583111694521,9.765625e-05
11010111000011001000,26.370096426004707,9.765625e-05
10100011011000010101,38.92441627540373,9.765625e-05
10011001110001000100,16.380423797249193,9.765625e-05
01110101100100110111,23.31544928938988,9.765625e-05
00110110001001011001,16.51387842966418,9.765625e-05
11110010110100000101,19.041630391196488,9.765625e-05
01011100011101001110,14.916848436546715,9.765625e-05
10010001100101010101,20.260656207446868,9.765625e-05
11111111110101001000,30.81193732952427,9.765625e-05
00000000010000101111,53.16706685045702,9.765625e-05
10100100101100111011,26.197181780003298,9.765625e-05
01110000010011000001,14.612761285182113,9.765625e-05
10010100010001001101,16.674633763990904,9.765625e-05
11100100010000111001,14.645976824645613,9.765625e-05
10100101000011110101,21.35647587602912,9.765625e-05
01010101011101010011,23.311007070139304,9.765625e-05
11111001100111000000,19.730593539365067,9.765625e-05
01001110001101101110,19.947323031566746,9.765625e-05
10110101110000111100,17.313898763980205,9.765625e-05
00101101001011000010,12.154218730679695,9.765625e-05
10001000001100110100,39.404141200477284,9.765625e-05
11100101001010101010,28.275544018206347,9.765625e-05
11011111011101000100,21.392886899676768,9.765625e-05
01001100011001111011,20.126685827652466,9.765625e-05
11011001010100101100,11.299707831517143,9.765625e-05
00111100000100101010,13.583899343135432,9.765625e-05
00110000111111011100,42.857910564499825,9.765625e-05
01111011001110010010,20.837518723702406,9.765625e-05
00100010001111010101,52.63982625619684,9.765625e-05
11110010100101111001,21.930923097358637,9.765625e-05
11111000010110010000,20.733818474304016,9.765625e-05
11011000110110100110,14.056086810418433,9.765625e-05
01001001001001011010,20.42834714362017,9.765625e-05
01000101101011110101,38.3129674543169,9.765625e-05
11101101101001011000,16.346236196306734,9.765625e-05
00110111111111101101,17.534539670185744,9.765625e-05
10101110001000101101,41.25280684543729,9.765625e-05
00101001110110100011,30.308726782484293,9.765625e-05
10010010101100010110,32.35868934006628,9.765625e-05
10100000001101010111,52.166733092917795,9.765625e-05
00010111010101000111,13.03863563247239,9.765625e-05
00010010010000110111,33.289638051092176,9.765625e-05
00000010110000111101,51.738761553241496,9.765625e-05
01011100011000110010,12.323308963094092,9.765625e-05
01110001111001010110,14.603421267002489,9.765625e-05
10010100010000001010,16.409531892849856,9.765625e-05
10101010101110111100,52.089048437224626,9.765625e-05
11110111010010101101,25.685787035648694,9.765625e-05
01100001101100011000,22.583808685151546,9.765625e-05
10000101110100011001,20.30166051609907,9.765625e-05
01001011101110011001,23.40696771495484,9.765625e-05
11100001110000010010,12.075210928641965,9.765625e-05
10001101101110110101,19.443410811842963,9.765625e-05
01010010000011000010,19.269512235131014,9.765625e-05
11010010010111101100,17.695970622670348,9.765625e-05
00101011011101101100,37.62829120449285,9.765625e-05
01010100100111111000,34.38629586847138,9.765625e-05
10111101001101101011,15.752520250572928,9.765625e-05
10011010010101111100,44.52543117745989,9.765625e-05
10110111011100111110,22.556889643273163,9.765625e-05
01000000101101111111,60.168982161766245,9.765625e-05
11011001000100101100,15.606132859067827,9.765625e-05
00101011101110011101,34.06915624192192,9.765625e-05
10101000000101011100,57.77710037138506,9.765625e-05
00001000111010001110,47.77694151890821,9.765625e-05
01111001101110101100,21.23640411407944,9.765625e-05
00111011100001011011,26.193275981525453,9.765625e-05
00010000000110011001,32.699179629978985,9.765625e-05
00100101010000000011,17.332656240715572,9.765625e-05
01001000111111111010,46.015344331999074,9.765625e-05
10001101010010110100,17.069615233567998,9.765625e-05
00001110001010100111,23.482577358325454,9.765625e-05
00001011001111011111,33.51091646776182,9.765625e-05
10101011001010001011,37.87669569064292,9.765625e-05
11100010100000111111,29.007457808799213,9.765625e-05
00001011010000001011,27.15141812413666,9.765625e-05
01011000000101001101,21.18607469702941,9.765625e-05
11101011011111001100,33.77635102992575,9.765625e-05
00001001100001000011,24.54267028915328,9.765625e-05
11010100001001100100,19.0489281938753,9.765625e-05
10100011111101001010,30.60342126700249,9.765625e-05
01000101111011011111,41.31429583520267,9.765625e-05
11010100111001011011,19.273681180899843,0.0001953125
01010010001001001000,18.96075630740866,9.765625e-05
01011000001010100011,20.111320267990862,9.765625e-05
00000011110000110110,32.06957088428087,9.765625e-05
11101111111111011011,21.759014589341152,9.765625e-05
11010100110010011110,20.255430598304677,9.765625e-05
10110110101100011010,17.95378529709448,9.765625e-05
10100110001000000101,33.33306817305199,9.765625e-05
10111111100011100001,29.502646308927133,9.765625e-05
00111011100100001111,23.960331979012743,9.765625e-05
01010010111110101101,30.0863562172332,9.765625e-05
01110011000110111011,22.912600886666713,9.765625e-05
00100111000001001010,17.624576037465076,9.765625e-05
10101001010110000100,37.0009509868443,9.765625e-05
11100111100011111011,20.408701150129623,9.765625e-05
00100011011100010101,35.1247528094117,9.765625e-05
01100011001111111011,28.66449579991279,9.765625e-05
00001101010100000110,15.770151530294532,9.765625e-05
01101001100010100010,18.247989022242844,9.765625e-05
01101000000001101100,27.192830000756732,9.765625e-05
01111011101011100101,20.579588512048197,9.765625e-05
10110011001110111010,24.703823701754608,0.0001953125
01111101100110110001,21.52621454571533,9.765625e-05
11001110101011101001,17.157096483331586,9.765625e-05
11011001011011011110,16.358274697707323,9.765625e-05
11100001001000000001,17.26814127341953,9.765625e-05
10100010001010100111,45.55520618416098,9.765625e-05
11011010001111111101,25.45080114973046,9.765625e-05
00000101101001011011,37.61141895226751,9.765625e-05
10011100000011100010,15.160867448792828,9.765625e-05
01101001110010011101,22.73615906051264,9.765625e-05
11100000000110011111,31.661792533100794,9.765625e-05
10010000101001101000,28.38092285599868,9.765625e-05
10111011100010101110,27.835598846782027,9.765625e-05
00101100100110010100,22.91997031744228,9.765625e-05
00001011000100011101,32.156483727158445,9.765625e-05
00110011000011000111,18.226226718942307,9.765625e-05
10110001110110110100,20.130328103723436,9.765625e-05
01100010110001010111,34.13306469463817,9.765625e-05
01000010110111010111,44.66263713063115,9.765625e-05
10010001111011111011,38.851680238296325,9.765625e-05
10010110000001000100,20.86924132628731,9.765625e-05
01110111010010000111,21.416572349267575,9.765625e-05
10100000100010011101,40.971939703693664,9.765625e-05
01001000100100000010,22.09688872801511,9.765625e-05
10101101011000110100,22.83003771699121,9.765625e-05
01111000110111010110,19.091019661082733,9.765625e-05
11010100111011111100,25.265253747603484,9.765625e-05
11101100011101000110,20.58389934313543,9.765625e-05
10110011111101100010,19.9668415109902,9.765625e-05
01011110001110010010,13.446172369131098,9.765625e-05
00100110110111000011,30.131034053238935,9.765625e-05
00000101111011111001,46.935021785905825,9.765625e-05
10111110101010011111,27.304034073383843,9.765625e-05
00101100011111010101,32.96733777258995,9.765625e-05
10001001111111000000,28.56088871138076,9.765625e-05
01111010110010111011,20.591218700220026,9.765625e-05
00101100000101101000,23.16809153896657,9.765625e-05
00000110100111010111,34.7799667944938,9.765625e-05
10111000011010010100,31.35965625454088,9.765625e-05
10011001010100111100,20.631760267675467,9.765625e-05
00100001111010111000,39.05034370117415,9.765625e-05
10101001001010110001,30.18470301173668,9.765625e-05
01111010111101111010,23.977634284786152,9.765625e-05
01001010110100101110,31.73501900943707,9.765625e-05
10111010110000111011,39.398527151177916,9.765625e-05
10101111001000111000,34.312693032133964,9.765625e-05
11000100000110100000,14.572865885539407,9.765625e-05
10010101111100110100,21.625289050531848,9.765625e-05
11010100010001111111,15.074234328130407,9.765625e-05
00100001001110110001,34.221946149727984,9.765625e-05
00011111100011001011,18.83738724800221,9.765625e-05
00001110001000010010,20.265255526904717,9.765625e-05
11101101010000110011,20.822877642445764,9.765625e-05
00100110110010110010,28.27004775806809,9.765625e-05
00000100001100010011,30.84822148680834,9.765625e-05
01110010011010011111,18.890509081388657,9.765625e-05
00011110000110000111,15.710521231446982,9.765625e-05
11010000100011011010,24.66931779113209,9.765625e-05
10010000110011011101,38.285651193540204,9.765625e-05
00001001000000000011,20.74034122388923,9.765625e-05
00000011011000000011,26.374636524221653,9.765625e-05
11110111101100011110,22.69608970231105,9.765625e-05
10110010000001000100,35.46999419686803,9.765625e-05
00010001111000100101,33.674686030853564,9.765625e-05
11011011011001011110,20.58348470077647,9.765625e-05
01011101010001111010,21.34622026867643,9.765625e-05
11101011011100101100,32.87493216866893,9.765625e-05
11001100001001110010,10.869839847004169,9.765625e-05
10000100100111010010,28.65622619040495,9.765625e-05
10110000011000011111,29.465197808476166,9.765625e-05
01011110001001111000,18.43966554717618,9.765625e-05
01001100001110101000,18.95073432071442,9.765625e-05
10000010110100010011,50.952351261315826,9.765625e-05
10110000001100110101,27.361499632646268,9.765625e-05
11011110001011110010,20.2847679502387,9.765625e-05
10111010101011010000,37.531139710581215,9.765625e-05
10011110011111010100,26.73154994625445,9.765625e-05
11101110100101000101,37.94550629581695,9.765625e-05
01000110000110001000,14.993282803966455,9.765625e-05
11111110001111100010,26.77456396785299,9.765625e-05
01000111001010000101,20.661963134343274,9.765625e-05
10101101011101010100,25.73847838658274,9.765625e-05
11000101000001011010,16.39199368686741,9.765625e-05
00100111011000100111,23.356475876029123,9.765625e-05
10011010111110110001,32.647492686805116,9.765625e-05
11000101100010111000,24.918742405532573,9.765625e-05
01000101111101011111,35.34045145863769,9.765625e-05
01001111011101000000,12.745072127810666,9.765625e-05
10011101001001110000,16.651564612983854,9.765625e-05
10001101000000010100,17.617733694861535,9.765625e-05
00001001100011101100,29.27459376578311,9.765625e-05
01001101001101101110,19.18786122102479,9.765625e-05
00011100111001111101,27.204328724068187,9.765625e-05
00011111111100010100,15.586709635715415,9.765625e-05
11010110000011110000,16.956759949323597,9.765625e-05
10111000011000101111,27.569945562901623,9.765625e-05
11001011111000001010,18.603964675039105,9.765625e-05
00000110101101111010,37.40729617246184,9.765625e-05
01110101010111101010,25.537588758501187,9.765625e-05
11100011100000101111,20.82025192477327,9.765625e-05
01000000100110000000,30.40977873111607,9.765625e-05
01110010100010110110,20.442543408591458,9.765625e-05
11110001110010110101,13.066352190935277,9.765625e-05
01011101010101010110,11.299444331199552,9.765625e-05
00011001111101101111,31.747499665768313,9.765625e-05
11010111000010010010,31.761080617571807,9.765625e-05
11010001101001111111,29.50567222096678,9.765625e-05
00101101011001100110,14.252382429914178,9.765625e-05
00110001111000110100,21.758485944451465,9.765625e-05
01001110000110000010,14.701408385192401,9.765625e-05
00010100000100101000,21.65038093620241,9.765625e-05
01110110101101101010,21.087371219705794,9.765625e-05
01101111000011100100,23.929208484930903,9.765625e-05
00000011111111001101,40.70043430919951,9.765625e-05
00101100100010010001,19.374668390322082,9.765625e-05
10110011010101100001,26.64069562380035,9.765625e-05
11111010000110111000,33.09539534018634,9.765625e-05
01000111011011011000,15.451777750242018,9.765625e-05
00000000110101100010,57.560327487649225,9.765625e-05
00011110000100100101,17.241114617238637,9.765625e-05
00000111101100111111,32.647492686805116,9.765625e-05
01100000010110011011,35.75611156520878,9.765625e-05
00010011001011110111,29.595798669240153,9.765625e-05
10111100011010111000,17.586709635715415,9.765625e-05
10100111000001111111,27.24674247268029,9.765625e-05
00111101110111001111,13.649001267433473,9.765625e-05
10010101010100011100,14.910636540856006,9.765625e-05
10011100000111010101,17.27368118089985,9.765625e-05
01001100000100010010,10.61453709445221,9.765625e-05
10110111001001100100,26.333671977609235,9.765625e-05
10101111010100000100,47.15003821080929,9.765625e-05
01100110111001101011,24.31058961979079,9.765625e-05
01101111011100100110,20.107596448966486,9.765625e-05
11110101100110110101,19.183745870426232,9.765625e-05
10001001101111000001,28.007386817156505,9.765625e-05
10000011010001010101,33.07039934704087,9.765625e-05
01110100010111110001,12.469003644327636,9.765625e-05
11100011100101100100,19.996832839096,9.765625e-05
11001010001001100100,29.220062704519183,9.765625e-05
11000000010001111100,25.58353342522851,9.765625e-05
00011010100001110101,33.97659617152878,9.765625e-05
00111001111110011101,24.00321089537326,9.765625e-05
10010000101100001110,31.52392249845487,9.765625e-05
00011010001000001101,25.58850845739362,9.765625e-05
11101011001011101111,29.953756238983612,9.765625e-05
11111000000101101011,23.07108309485671,9.765625e-05
01111001100010100100,19.546600107091376,9.765625e-05
01011110111101111100,16.454033060683816,9.765625e-05
01011111110000111000,23.811919638784573,9.765625e-05
11011011000101110101,25.707574266453612,9.765625e-05
00011010111000111100,32.417962770589824,9.765625e-05
11101111010101010011,39.2726086878632,9.765625e-05
11000010011110111100,30.263708740205914,9.765625e-05
11001110100000100111,21.820350516524535,9.765625e-05
11000110110001101100,14.833164060178893,9.765625e-05
01111000111101100000,14.146654336266293,9.765625e-05
01101110110011010101,23.931883770239892,9.765625e-05
10000011110100111100,29.453426546104033,9.765625e-05
10100010001111110011,56.673432712416655,9.765625e-05
11110100000010111010,20.01775776543903,9.765625e-05
11111000001000011010,18.248075941515857,9.765625e-05
11001101010101101100,10.142305277882079,9.765625e-05
11000000000001010101,23.196867470825364,9.765625e-05
00111010110010110000,28.184029037084983,9.765625e-05
11000110011110010111,23.169571807154597,9.765625e-05
01011111010001011100,17.602105369303413,9.765625e-05
10100100001111000101,29.107446237646425,9.765625e-05
01101000011010111100,26.798031539321435,9.765625e-05
10011101100001111101,16.665312481431144,9.765625e-05
00000110001110100000,24.382830249732358,9.765625e-05
00111110110100110110,23.455943985988306,0.0001953125
00110001011000001111,19.27974817614253,9.765625e-05
00101011111011101110,28.77891555075587,9.765625e-05
00011000111101111100,44.247285608085825,9.765625e-05
00111101101101010000,10.055193684736283,9.765625e-05
01100110101000000010,17.831139660373005,9.765625e-05
01100100010000010011,13.374668390322082,9.765625e-05
11110011111010010011,17.597738739782706,9.765625e-05
00000111011100000110,20.914991840833565,9.765625e-05
10000001101110000111,38.149426521152506,9.765625e-05
00011000011011111101,39.99096368503642,9.765625e-05
10001000001010111100,36.63311965528538,9.765625e-05
10011100011101001101,17.764292149399108,9.765625e-05
10111010100000101011,34.11223844717361,9.765625e-05
10111101001101101111,16.331640601788934,9.765625e-05
11100100101010101111,24.096091505697867,9.765625e-05
11110110001010100111,26.0093528064734,9.765625e-05
11001111100100010100,19.383529925178507,9.765625e-05
01111111110111110100,16.269624338757293,9.765625e-05
11110001100001011000,14.231707873408176,9.765625e-05
00101100000011100011,20.09023928632073,9.765625e-05
00001111100110010101,16.917512725161444,0.0001953125
11011000101101101000,16.919970317442285,9.765625e-05
01001011001001110101,19.894536756656947,9.765625e-05
00000000110110001000,52.21314217092662,9.765625e-05
10110101001101010011,14.038808954577231,9.765625e-05
10000110110101110110,37.358734630914526,9.765625e-05
01101100101000110111,13.930061750649713,9.765625e-05
11000111000001010010,17.250603067437083,9.765625e-05
00001000011100101001,45.69893623615638,0.0001953125
00111101010000000101,16.047659464249275,9.765625e-05
00010010010100001111,30.00418749588482,9.765625e-05
01111010110010110001,20.444284641738584,9.765625e-05
01100111011001100110,17.5998305996605,9.765625e-05
01110011111111011100,14.553387510637732,9.765625e-05
00001110010000101001,24.32926432364181,9.765625e-05
01100111101100011100,16.092092143323008,9.765625e-05
01101111001111011111,17.55676368558507,9.765625e-05
10010001101010110100,30.442779407177163,9.765625e-05
10010011001001011110,23.624511287415714,9.765625e-05
10010010000000111001,23.471294341600853,9.765625e-05
00000101100010101100,39.07274157675568,9.765625e-05
10111100100111010001,16.222903378165633,9.765625e-05
11111101100101001100,22.509630449721882,9.765625e-05
11000100001000100101,17.171213419862138,9.765625e-05
10101011001010101110,33.28814466326341,9.765625e-05
11100101010111001010,17.699731902094634,9.765625e-05
11101001100000111100,18.32364373848183,9.765625e-05
11010110010011010001,11.5998305996605,9.765625e-05
10110100001000110000,15.487626815737059,9.765625e-05
01110000010011110101,22.136777151643404,9.765625e-05
01110001100010101011,33.38108286211909,9.765625e-05
00001110011101010101,35.71462336443777,9.765625e-05
10000110001001010010,26.566638062218395,9.765625e-05
11011100110010110011,9.474762681202227,9.765625e-05
11010110010000010001,11.585813712883525,9.765625e-05
00011011010100111100,22.388158705777872,9.765625e-05
10101100110100010001,31.171901553682716,9.765625e-05
11111010001000010110,36.45039439247104,9.765625e-05
10111111011011001010,28.212516382239947,9.765625e-05
10111010111011110100,42.54328304532641,9.765625e-05
01100010001010110110,26.74927304844331,9.765625e-05
01110110000011100110,23.321282871114175,9.765625e-05
01000101001001010000,20.652908062123636,9.765625e-05
11011010101011111000,20.3107280715054,9.765625e-05
00011100111010001010,24.26614967043538,9.765625e-05
11000010011111011110,38.22594530496278,9.765625e-05
01010010011110010010,20.007386817156505,9.765625e-05
00001111110000110110,20.50643582491402,9.765625e-05
00010110010101011010,18.930932783395594,9.765625e-05
00110101001001111011,24.101821484461585,9.765625e-05
01101111001011000001,22.66763533907205,9.765625e-05
01001001000111000101,19.141919987901254,9.765625e-05
00100101011111010100,22.022447764516947,9.765625e-05
10111000000010101001,25.996832839096005,9.765625e-05
00111101011001100011,10.22376026258244,9.765625e-05
01011111111010011101,19.26682373221427,9.765625e-05
11111110100001110111,29.25339398794317,9.765625e-05
00110100011000110111,20.329826488934472,9.765625e-05
10010001100110010001,22.054168996226732,9.765625e-05
11111101010101011000,21.53723000211255,9.765625e-05
01000111001011000000,18.66196313434327,9.765625e-05
01010110110110101111,24.50997869852528,9.765625e-05
11011110110010011001,13.268747787999317,9.765625e-05
11001011111001011110,20.487241525756232,9.765625e-05
01001110110111011100,19.29471687172173,9.765625e-05
10100011001111000010,30.94712065135104,9.765625e-05
10000001110100010111,37.35490589141834,9.765625e-05
01000110101110001010,28.1734217959495,9.765625e-05
11000100001010001110,24.554619041655105,9.765625e-05
01000000001001101011,42.68887967333917,9.765625e-05
00001011101011110101,30.02619582633347,9.765625e-05
10100111100011100110,22.1008100135598,9.765625e-05
01001100100001100011,18.52368462264436,9.765625e-05
10010001100100110111,25.45210276330542,9.765625e-05
01100100101110011001,24.778693308308405,9.765625e-05
01001001011100100011,22.309786781537873,9.765625e-05
00000011100010110011,33.17797081879414,9.765625e-05
11010101111000011110,28.08971344942061,9.765625e-05
01101010011111111000,38.75852779085611,9.765625e-05
01110111110001000110,17.847791727527532,9.765625e-05
10001010000101101001,49.5656196153022,9.765625e-05
11011000111100100101,14.043758715261866,9.765625e-05
11111010001111101010,28.81553278045729,9.765625e-05
01001011111011110010,20.313502977253975,9.765625e-05
10100100011110101000,28.22352030236362,9.765625e-05
10000101010100111001,20.30166051609907,9.765625e-05
10111101011011100001,16.33164060178893,9.765625e-05
01111001110001001010,15.448900732011193,9.765625e-05
10000100110000101010,26.938526235919863,9.765625e-05
11100010010100101010,31.954534725680993,9.765625e-05
11011111111001111010,20.543463343445666,9.765625e-05
00010000010100001011,30.828021223921045,9.765625e-05
00100100001101010100,24.611782796605937,9.765625e-05
01110101100101000110,19.77635102992575,9.765625e-05
01000111011001110011,20.69988576499836,9.765625e-05
00100110001001110010,25.925327402284672,9.765625e-05
00110011100101110010,20.135929316809502,9.765625e-05
01010011010111101001,17.528090622265776,9.765625e-05
00001110001010100000,17.03448271271054,9.765625e-05
11110001100110001000,16.851581330641622,9.765625e-05
01000100101100010111,32.15363430903618,9.765625e-05
11100100011110111001,20.065478361039656,9.765625e-05
01001011001101000110,18.36026276912067,9.765625e-05
10000110000100011010,23.860728753019167,9.765625e-05
01000111001001100100,18.87210939290224,9.765625e-05
11111011000000000001,48.318776124319,9.765625e-05
00101101101101011000,15.569448354798384,9.765625e-05
01101101010001010011,13.761061158370687,9.765625e-05
10110111110101101111,16.46411470947762,9.765625e-05
00110000011100110010,26.86826119420494,9.765625e-05
00001110010010110000,21.45907555292083,9.765625e-05
01011001110011110110,20.757155920059503,9.765625e-05
11001010010110101111,34.942588683201706,9.765625e-05
00000110000110000000,17.273054999978886,9.765625e-05
10110001000001101101,18.76579885280266,9.765625e-05
10010111011001011110,20.576897201141886,9.765625e-05
10110001010101100011,18.465974015213312,9.765625e-05
11100001001101010110,17.88518153442827,9.765625e-05
01010110101001001011,28.020594700374605,9.765625e-05
00111101110011001001,15.308643187642026,9.765625e-05
01011101111110001010,30.68106155177234,9.765625e-05
10011111001111010001,18.997782367937987,9.765625e-05
11001011101010001101,19.39477284776804,9.765625e-05
11110001110011100100,11.411516345155537,9.765625e-05
01011011001110010101,16.556889643273166,9.765625e-05
00010111010101111011,17.547362361799685,9.765625e-05
11011001110001111100,12.41127845850521,9.765625e-05
10101001110010001100,28.764119747219205,9.765625e-05
00001100000101101100,24.411693100864166,9.765625e-05
01001010000111110011,33.38316078080786,9.765625e-05
00011011011110110011,20.988917301510753,9.765625e-05
01011010010101000000,19.720218117950616,9.765625e-05
00100111100010111110,24.366891195234953,9.765625e-05
00100111111110111010,26.703655810534663,9.765625e-05
01000110100011110000,20.101850542572457,9.765625e-05
10011100001101010010,14.640002081184166,9.765625e-05
01010110000001110000,17.69931463724999,9.765625e-05
10011011001000100110,25.58137400735525,9.765625e-05
11100010100001100100,27.117262203790755,9.765625e-05
11011011110001010110,20.583484700776474,9.765625e-05
00011111001110100110,17.604606794430186,9.765625e-05
00010001011100100100,25.62989816479004,9.765625e-05
10001001010101011111,41.93586617629612,9.765625e-05
11011100101011010001,13.455943985988307,9.765625e-05
10010001111111001101,30.327534664596257,9.765625e-05
01100100011110001000,20.482737793759842,9.765625e-05
10001010101011000001,40.97669651554962,9.765625e-05
11101100111101101100,17.213849029527246,9.765625e-05
11110100100110010111,11.635758699329019,9.765625e-05
11001101100011100010,16.62187776138417,9.765625e-05
11110111011010101000,28.637221962530575,9.765625e-05
00011010010111000110,31.948648702429978,9.765625e-05
11000011010000111001,15.896840878677988,9.765625e-05
10000101001111011110,27.28963805109218,9.765625e-05
01001011000000101101,20.142058439615866,9.765625e-05
11001110111010111100,15.0974952425949,9.765625e-05
10011100111101111101,20.45234335997829,9.765625e-05
11110100100101101010,13.151418124136661,9.765625e-05
11111011100101011101,33.627707898664866,9.765625e-05
11011111111011000100,20.22106697607466,0.0001953125
01000110101111011001,25.304650186873378,9.765625e-05
00010110111110011110,31.613095249861406,9.765625e-05
01110010111001000001,15.096653463850469,9.765625e-05
10110101101111100010,19.908927468076566,9.765625e-05
00001010010101101100,52.687911817303444,9.765625e-05
01010011111110000111,22.983071861804337,9.765625e-05
01010010100101100100,22.43295625787836,9.765625e-05
01011010001010011100,17.75759626321292,9.765625e-05
11101110000100001110,39.329663859918725,9.765625e-05
01100001110100110001,24.074295546608962,9.765625e-05
01111100000111010001,10.493870871795455,9.765625e-05
11011000000101001100,18.426686588152705,9.765625e-05
00000000010010010000,40.22763845011192,9.765625e-05
11001010111001000011,34.004303043954714,9.765625e-05
00101010011111011011,60.95686032582044,9.765625e-05
01010000101110100111,44.98548249315218,9.765625e-05
11010001111011110100,22.672517846824842,9.765625e-05
01110111100000101100,32.56296546517651,9.765625e-05
01011110101111010001,12.984279558455682,9.765625e-05
01101011101000000001,24.17250814454988,9.765625e-05
11010010110110010010,16.54267028915328,9.765625e-05
00100011000010000000,18.720209166334723,9.765625e-05
00011001001011010110,22.069156241921917,9.765625e-05
00000011101100000101,28.114380919568056,9.765625e-05
01110001001100000010,16.79271285644008,9.765625e-05
01010101111111011001,36.82801705589619,9.765625e-05
10101000101011011000,39.758485944451465,9.765625e-05
00001101010100011010,19.06960899197465,9.765625e-05
00110100001101100101,16.542670289153282,9.765625e-05
11110011000010100000,26.811937329524262,9.765625e-05
00110010011000111011,29.264832129230115,9.765625e-05
01010100110001100100,24.687347883549368,9.765625e-05
00000010111101101100,59.21282434101769,9.765625e-05
11101101101010000100,19.666081282091568,9.765625e-05
10001101100000101101,17.44873030543277,9.765625e-05
11001001100111101000,17.581978731793985,9.765625e-05
01110110011111100111,17.195054609581476,9.765625e-05
00110100001100101101,19.624925929774673,9.765625e-05
11110110110010111001,13.498486227646993,9.765625e-05
10111100000101101010,18.11039153749742,9.765625e-05
01010010010010111001,18.374636524221657,9.765625e-05
10010000011101110000,32.09365401991201,9.765625e-05
00111010000011101111,34.319823139483425,9.765625e-05
11101001001111101100,21.332656240715572,9.765625e-05
01111001111000100100,11.677323186832592,9.765625e-05
01001101100011100010,23.305152777193673,9.765625e-05
10001000110110010101,53.46881250652787,9.765625e-05
01000110000110101010,22.5677133632446,9.765625e-05
10111110110111100010,25.970118065497946,9.765625e-05
01110010101111010111,24.04501368874965,9.765625e-05
00001011001000000001,21.89870371598448,9.765625e-05
01101000101111100101,32.57497305822964,9.765625e-05
10011010001101010010,38.36121646598751,9.765625e-05
00001110001001100001,21.136044570612135,9.765625e-05
00010111010101110100,14.232596820225655,9.765625e-05
10110101101110011000,20.28461055576416,9.765625e-05
00111001110000111100,21.516098135294687,9.765625e-05
10001110100000110010,25.474100171888725,9.765625e-05
11110011100111011011,19.865715653553107,9.765625e-05
00010000000000111101,34.553723118823214,9.765625e-05
10010001101011010110,32.13306469463817,9.765625e-05
10100100000110000000,21.095587848861218,9.765625e-05
00110111010010011001,16.79602660955647,9.765625e-05
11100000100000100111,20.537117164065204,9.765625e-05
10001000001011010000,36.01253933945131,9.765625e-05
00011011010110010101,21.087371219705794,9.765625e-05
11010110111001011111,17.13312871026647,9.765625e-05
11111000000001000011,24.64560130782894,9.765625e-05
11100101010111110010,16.409768321497868,9.765625e-05
11010000110110110000,16.85417684735606,9.765625e-05
11010000000010010100,14.409531892849856,9.765625e-05
01001111111100100110,17.37286332705053,9.765625e-05
11101100101101011011,15.786750519877947,9.765625e-05
01110100000010100111,22.728665952009212,9.765625e-05
00101011100111011100,34.735189436015496,9.765625e-05
11100011010000000001,26.921670732873096,9.765625e-05
11010011011100111100,12.740341223889233,9.765625e-05
11110110011100101000,16.248075941515857,9.765625e-05
00100000000011011110,45.50990125814916,9.765625e-05
01110111000011010000,24.806829156516585,9.765625e-05
01110110111001000011,13.537588758501185,9.765625e-05
01101100011001110001,13.930061750649713,9.765625e-05
00001101101001111101,24.983978390598125,9.765625e-05
10011011010010110001,25.232313653566894,9.765625e-05
01100001011001100111,22.206428713603945,9.765625e-05
01100100110000110011,18.660957094326385,9.765625e-05
11011001100010001110,21.302291686593154,9.765625e-05
01101001000000101001,24.248075941515857,9.765625e-05
10011100100100111000,12.267459304904921,9.765625e-05
11100110111000010001,18.283153409200732,9.765625e-05
10000001010000100001,22.427640285019542,9.765625e-05
10011000010100010110,31.81590902085521,9.765625e-05
01100011110001111001,23.022438078479986,9.765625e-05
01101110010110011001,25.799303811358087,9.765625e-05
01101110000001000100,29.817921024601603,9.765625e-05
11011111000101101001,25.805283414697954,9.765625e-05
11011001011001111010,15.465277762574582,9.765625e-05
10001001010001011000,28.196867470825364,9.765625e-05
01111101001100101000,27.27197625450907,9.765625e-05
11100010111100001101,32.22602598264244,0.0001953125
11101111110101110010,26.46038548165764,9.765625e-05
01101100100011010000,12.815561838568154,9.765625e-05
10011111111100011101,18.942588683201706,9.765625e-05
00001111000010000101,16.172508144549884,9.765625e-05
00110000010101001100,28.57956874774001,9.765625e-05
10101010100100110110,59.07281808641049,9.765625e-05
11101101001001001111,20.55222973099444,9.765625e-05
00011110011011110111,20.878175137282675,9.765625e-05
10010011010100111101,21.162939016671764,9.765625e-05
01000000110001010100,32.492914366939054,9.765625e-05
01111111110101110111,16.731478318157688,9.765625e-05
11111001111001001110,12.92206135536215,9.765625e-05
10001101111000001111,21.58197873179399,9.765625e-05
00010011010011011011,22.446730904476276,9.765625e-05
00111010110101111101,46.95367619775799,9.765625e-05
01001000110001110100,29.502305917560275,9.765625e-05
00100011111100101100,30.338566234127658,9.765625e-05
00101100010101011111,37.21069249622133,9.765625e-05
00110000110001111000,30.828021223921045,9.765625e-05
10100101101001110011,18.695161102670276,9.765625e-05
00001101111100101000,24.36784373845824,9.765625e-05
00000010110110100111,57.379563675528836,9.765625e-05
11000101110101011001,12.967677048141281,9.765625e-05
10001011000000111100,30.086876514485034,9.765625e-05
00100001010000011110,28.475903455859044,9.765625e-05
01100100111001110001,20.872985856533024,9.765625e-05
10111110010101011111,44.079936619658376,9.765625e-05
11110101001101100100,18.938889443804243,9.765625e-05
01111010111110111110,20.707870857860193,9.765625e-05
00000010101000111000,41.00626342813231,9.765625e-05
00011111001100111101,17.35465738800975,9.765625e-05
01000110100001100111,25.596063078642864,9.765625e-05
10010001011110011101,28.27451932969679,9.765625e-05
01111111010000001111,29.548514563966663,9.765625e-05
00111111110110001100,18.357385750889847,9.765625e-05
00100010110101111000,53.77387190487531,9.765625e-05
00011001101101010010,23.45210276330542,9.765625e-05
10111001100101001110,21.096718213899834,9.765625e-05
10101000110100011001,54.11201536698604,9.765625e-05
01001001001111110000,20.83662615818692,9.765625e-05
01101110011011111011,21.30688268079766,9.765625e-05
00101001101100100111,26.090242730764334,9.765625e-05
00100010011111001100,51.64257159158741,9.765625e-05
11100011101000101111,20.887028444104462,9.765625e-05
11111100010111100100,15.445261242250147,9.765625e-05
00011001001110011101,25.117181526111093,9.765625e-05
01111000100010110001,16.73154994625445,9.765625e-05
01101010010101111110,46.8912043658877,9.765625e-05
10011111011011100111,19.392400542093853,9.765625e-05
00100001111111111101,53.8181183385037,9.765625e-05
01011010101001001100,22.433916930759615,9.765625e-05
10010011000000001100,16.268135766247248,9.765625e-05
01001001101110111001,33.965519284570576,9.765625e-05
00110010011101000000,24.91267251476347,9.765625e-05
01101110010011011100,25.805259171905803,9.765625e-05
00110111000100101100,20.54661259027807,9.765625e-05
00001101011011100010,17.867965544359482,9.765625e-05
01010010110001100001,20.192344366755066,9.765625e-05
11001100101010010010,13.642105515163532,9.765625e-05
01111001101000011010,20.66196313434327,9.765625e-05
00010110010110111110,26.007386817156508,9.765625e-05
11110001101100100010,16.747902821152895,9.765625e-05
10101101010101001110,26.79271285644008,9.765625e-05
11100110110011111110,21.469196240129715,9.765625e-05
01111110110010000000,18.04765946424928,9.765625e-05
11000001100101110110,20.693610577260607,9.765625e-05
11001000001101110001,28.158258627343425,9.765625e-05
10110000111101001001,25.637833711651567,0.0001953125
11101010001101010101,57.413033116400165,9.765625e-05
00101010111110011010,47.85995817305751,9.765625e-05
01011010000000110001,20.08748302906482,9.765625e-05
00101110001001111010,27.594234904586536,9.765625e-05
11001010000000110001,31.5703886269174,9.765625e-05
00111100101000001001,13.313898763980209,9.765625e-05
00110011011101100100,18.43906436510462,9.765625e-05
11111011011111111100,25.738060299780173,9.765625e-05
00111011010001001110,26.462002029615103,9.765625e-05
10010000111111101001,41.2963702656709,9.765625e-05
01110111000010000110,31.294701765639687,9.765625e-05
10010101101110111000,31.8538936806973,9.765625e-05
10111001011110111101,26.423194621325365,9.765625e-05
01001001100001111001,25.93912306446269,9.765625e-05
01001101111111000101,17.915871836035155,9.765625e-05
01011000000000100000,13.550944692343649,9.765625e-05
01010000111110110100,38.91251000576059,9.765625e-05
10110001010111010000,20.73422876313424,9.765625e-05
01111101001000001110,29.228095760423784,9.765625e-05
00001101001111011101,20.453056460172263,9.765625e-05
00000110001100110010,28.066743646222072,9.765625e-05
00101110000011010001,31.799335960885955,9.765625e-05
00111101100111100010,13.57783497037843,9.765625e-05
11111101101110110100,19.38230648640073,9.765625e-05
11100011101011100010,20.477717775853563,9.765625e-05
11100000111111001100,32.43942123342863,9.765625e-05
11011110001110010111,18.899358318562264,9.765625e-05
10110001110011100000,15.342818480061839,9.765625e-05
10010000010011000100,26.6473121815458,9.765625e-05
01011011001110010001,17.871751790157166,9.765625e-05
00101011101111110100,31.977634284786152,9.765625e-05
10101010110111101100,63.83089282210679,9.765625e-05
11000100001000100000,15.304130591566604,9.765625e-05
01010011100110101111,28.84579939012231,9.765625e-05
00100101100101111000,21.615205845359057,9.765625e-05
11101001100101101100,20.072400636061975,9.765625e-05
11000110001111001010,19.70103278124853,9.765625e-05
10011110101110001101,19.15141812413666,9.765625e-05
01000001111011110010,44.38437619869106,0.00029296875
00001101011101100100,16.106829019181173,9.765625e-05
00011001111110010101,26.849024325061254,9.765625e-05
00010100100001110010,31.04579309537197,9.765625e-05
01101100010001111110,18.42834714362017,9.765625e-05
10100011001111010000,33.93188377023989,9.765625e-05
11000100100111010010,19.018708665156126,9.765625e-05
01110100000011110010,20.535799622859937,9.765625e-05
01011110101100011000,16.270924923643932,9.765625e-05
11110010111010111011,18.570128679806807,9.765625e-05
00110101011001111110,23.19805560989892,9.765625e-05
11101100101011000000,14.737530931309244,9.765625e-05
10010111101101100100,18.056090341989243,9.765625e-05
01111010110011100101,24.151799060588754,9.765625e-05
00010101101111001000,37.83089282210679,9.765625e-05
11111100010101110100,15.79082961837134,9.765625e-05
10100010000100001010,42.287548569141634,9.765625e-05
01101100000110110110,14.596338338565902,9.765625e-05
00110100001110101111,26.509978698525284,9.765625e-05
01011000101001110000,22.209134064075936,9.765625e-05
01000000110100000110,34.492914366939054,9.765625e-05
00100000101011011011,51.76630866410546,9.765625e-05
01011101110011010100,17.51519252642584,9.765625e-05
00101111010111000010,22.61045910093452,9.765625e-05
01111110001100101000,22.25280684543729,9.765625e-05
11010001001000001110,23.286344502437778,9.765625e-05
11110100010001001101,11.564656966819465,9.765625e-05
11000011011111110000,20.755373026011604,9.765625e-05
10100100010110011001,30.864169405384786,9.765625e-05
11110111110110110101,16.45086245533621,9.765625e-05
10100101101010100110,24.579081519940985,9.765625e-05
11100100101100011101,14.495097755016838,9.765625e-05
01010111010011000111,18.995685724469165,9.765625e-05
01010101111011110010,47.27656340668367,9.765625e-05
00000011111101001000,30.828021223921045,9.765625e-05
11010011001110000111,20.97949441207011,9.765625e-05
00011110111111100101,20.096691778684306,9.765625e-05
00010111011110110101,19.80112083053532,9.765625e-05
00111011011100100111,23.131849276754977,9.765625e-05
00011111100111101110,18.023389065324288,9.765625e-05
11111001010100101100,18.451235985711598,9.765625e-05
11101100110111111100,19.959847166969,9.765625e-05
10101010111001111000,56.22422716096424,9.765625e-05
00111110111111100011,15.239007036870603,9.765625e-05
01011001001100111100,21.095645622896164,9.765625e-05
00001111001110111000,15.561591107689269,9.765625e-05
01010101111000100001,40.32779478101888,9.765625e-05
10011101110110101100,15.825333455425366,0.0001953125
01011110010100010111,13.26970148486616,9.765625e-05
10101011111100100100,40.43775117742808,9.765625e-05
10010101101001011101,23.302836248273316,9.765625e-05
00101011101111111111,37.10160579951092,9.765625e-05
11110100101101110000,9.455953672025263,9.765625e-05
00110101000001111101,20.53048093997858,9.765625e-05
10000010000000101101,35.43522405150686,9.765625e-05
00101001110001101011,30.381085572141625,9.765625e-05
10111100001100110010,14.563511719030712,9.765625e-05
01001101001011101000,22.980937187382224,9.765625e-05
00000000000100111101,53.11227468843895,9.765625e-05
00010111101110000111,26.40024529517645,9.765625e-05
01000111011111100011,23.913638912796884,9.765625e-05
10101101110100001101,25.04484564009848,9.765625e-05
10110111001100100111,24.915649974982156,9.765625e-05
11111011100001101100,30.601758921437423,9.765625e-05
00101000001111100111,45.44791362391442,9.765625e-05
00111110000101110000,25.38230648640073,9.765625e-05
01010110111101011010,21.289638051092176,0.0001953125
11010011001000001100,17.419014835876027,9.765625e-05
00011101010010000000,15.333068173051988,9.765625e-05
01000101001110101010,44.072381176860866,9.765625e-05
01001000000001110110,24.513306491207363,9.765625e-05
00100011011110001111,33.379964071182044,9.765625e-05
10111100010001111101,25.71924151743906,9.765625e-05
00000100011001110000,33.587349681538,9.765625e-05
11000001110111101111,32.15587556907248,9.765625e-05
01111001110011001000,16.965008553342837,9.765625e-05
10100001110101010010,30.216267790533056,9.765625e-05
00011010110000111100,31.438034344086844,9.765625e-05
10011101101010110111,23.4939161626437,9.765625e-05
01111001101010001100,21.239221382673847,9.765625e-05
11100011010101100110,27.20375342829496,9.765625e-05
01011010000110011011,19.736207148510633,9.765625e-05
00101000101000010110,32.798031539321435,9.765625e-05
10101110001101101101,44.84415494778902,9.765625e-05
11110011111111101110,15.538310635646988,9.765625e-05
10100111010011111101,28.023389065324288,9.765625e-05
10010010101101100100,30.2648221489259,9.765625e-05
11011010110001100011,22.84460334431303,9.765625e-05
11001011010110001011,25.775448131079436,9.765625e-05
10110011011000010100,25.638127571399423,9.765625e-05
10001111001011011111,21.915578983339444,9.765625e-05
10011011000001101000,24.019679111201537,9.765625e-05
11011000101101111001,20.121250862280153,9.765625e-05
01011110000100111001,14.981523301199772,9.765625e-05
00100001011000010100,24.276861559411607,9.765625e-05
10000111111100000111,24.618944944719875,9.765625e-05
01101101111111010100,10.80018306129879,9.765625e-05
11011011101101010101,22.604740881776248,9.765625e-05
00000010100001010000,35.07555186933567,9.765625e-05
01010110001000100110,28.11263436475252,9.765625e-05
01011101101000001001,36.88410976497286,9.765625e-05
11011010101011010100,23.332656240715572,9.765625e-05
11100010100110110110,30.440102478361993,9.765625e-05
11111010011010110001,29.428054290924454,9.765625e-05
11010000010111101110,24.31712903142738,9.765625e-05
11000010010001111110,29.914991840833565,9.765625e-05
10010101000010001101,23.805265413499146,9.765625e-05
01011111001110101011,26.67234678379237,9.765625e-05
10001111101110100000,17.66479831700927,9.765625e-05
00100111101000111111,25.45080114973046,9.765625e-05
01101110011000101000,22.227361525046504,9.765625e-05
01111100110010110001,9.759156474659548,9.765625e-05
10101001100100110010,27.59424459062349,9.765625e-05
00000011101101111101,41.29085898698747,9.765625e-05
11111010101010111101,25.71052123144698,9.765625e-05
10101001010100001110,37.0009509868443,9.765625e-05
10010110001100110100,21.069615233568,9.765625e-05
01010000111011101000,42.95786878159261,9.765625e-05
00110110000101001111,19.07472258461776,9.765625e-05
11110001011010111101,17.066352190935277,9.765625e-05
10001110101001110011,28.154905112230693,9.765625e-05
11000000001010011101,28.279671851991594,9.765625e-05
10000110000101111101,29.870175563953033,9.765625e-05
01011001101111001100,26.03123633212919,9.765625e-05
01000101110010111011,42.630186115039834,9.765625e-05
01011111110000110011,22.46038548165764,9.765625e-05
11110110100100111100,16.142058439615862,9.765625e-05
11011110000001000110,29.68682412021775,9.765625e-05
00011010001010110110,27.10470268155709,9.765625e-05
01001000011101000100,28.681635905984443,9.765625e-05
00100101001110101101,28.97669651554962,9.765625e-05
10011010000101100101,39.74917520730496,9.765625e-05
11000110010010111110,17.430440891562576,9.765625e-05
01100011010010010011,20.37733407672131,9.765625e-05
11001001011001011010,17.47410463418084,0.0001953125
11110101101000100000,30.550788512061317,9.765625e-05
10110111001100100110,26.17722312084102,9.765625e-05
00110101000000000110,20.256540437625826,9.765625e-05
11111010011111111111,34.83922365009318,9.765625e-05
10001010011000111101,53.35495024070546,9.765625e-05
01011001001010001101,23.848206369886487,9.765625e-05
10101000000111101001,49.17051654156573,9.765625e-05
10011101110001100001,11.69752812409443,9.765625e-05
01000011010111100101,22.38108557214162,9.765625e-05
10010010100000001000,16.766381299254355,9.765625e-05
11111100010001111001,15.498891183968997,9.765625e-05
00100000001110110000,41.4000790474627,9.765625e-05
01100010110101111100,38.600123452356215,9.765625e-05
10010101100101101010,22.313882836349904,9.765625e-05
01101010011011010100,34.958890025658555,9.765625e-05
11001111011001101100,15.484469340870014,9.765625e-05
11001110011000100101,21.794573941476997,9.765625e-05
00000010010011100000,38.62863214518655,9.765625e-05
10100001010001010011,32.26201559505678,9.765625e-05
00111000100110001000,20.65433127985797,9.765625e-05
00010010100110110001,30.217221487399897,9.765625e-05
01001110111100100101,20.47035929322668,9.765625e-05
00001011000100101101,28.388158705777872,9.765625e-05
11011110100100100011,19.193211122712704,9.765625e-05
10111100011011001000,18.729642552520772,9.765625e-05
00100000101110001010,42.94917870735495,9.765625e-05
01110010111101000011,18.60801371920931,9.765625e-05
10000101000111000011,19.84593086582251,9.765625e-05
00010011011100010100,18.670683420335344,9.765625e-05
00100100010110111011,37.107384942880486,9.765625e-05
00010101100101100000,25.42021192656548,9.765625e-05
10111101110001011100,19.736561306812096,9.765625e-05
01100001010100010100,15.389460319352834,9.765625e-05
10011100001100101011,12.886167097395537,9.765625e-05
10010011101101010010,23.37743713076469,9.765625e-05
11100101001111000100,15.996832839096005,9.765625e-05
01111101100010101000,36.60968289419738,9.765625e-05
00011101000101100100,12.72710127827047,9.765625e-05
01010001010110110110,26.881398085780326,9.765625e-05
10110110011000110011,24.184693325699726,9.765625e-05
01011011010111100000,13.49848622764699,9.765625e-05
00001001101110001111,38.149426521152506,9.765625e-05
11010010111001100111,24.04206557011273,9.765625e-05
11110100001110010100,13.233573420737216,9.765625e-05
01100100000000010001,12.209762747879374,9.765625e-05
00101111111011010011,18.68558582032601,9.765625e-05
00101011111101010101,43.860298379330146,9.765625e-05
11101001010001011100,26.15271973771162,9.765625e-05
11011110000111101000,17.620936547704027,9.765625e-05
11000011111110000011,24.31058961979079,9.765625e-05
10011001011101000100,18.583583107023863,9.765625e-05
00100100110001010010,24.38623185284308,9.765625e-05
00111110100010001110,22.37768823502278,9.765625e-05
11111000001001000110,20.363080037715072,9.765625e-05
00110011001011001011,18.46766009681118,9.765625e-05
01011000011010011001,18.35868934006628,9.765625e-05
10110110100101111100,22.128536258059647,9.765625e-05
11011010000010101001,20.353746261128794,9.765625e-05
01111100001110101101,15.395726544634881,0.0001953125
00011100100011100000,18.20320189060038,9.765625e-05
00011111100111000100,13.48723881573369,9.765625e-05
11011100001110101001,12.679243063752967,9.765625e-05
00010010001100000011,24.374636524221653,9.765625e-05
01011011010100010100,15.293833432076532,9.765625e-05
00111110000011101010,22.121900033973024,9.765625e-05
00110001001111010010,21.139577758186437,9.765625e-05
10110101001011111000,23.266823732214263,9.765625e-05
01101001110011110000,18.618944944719875,9.765625e-05
01110001011010111011,27.0690818058356,9.765625e-05
01000110111011010000,20.699179629978985,9.765625e-05
11001011100101010001,28.121963962474126,9.765625e-05
11011100001011101100,17.18409723157796,9.765625e-05
00010011011110110010,26.44234457119603,9.765625e-05
11011110101101001000,18.248075941515857,9.765625e-05
01101100001001111010,14.640002081184168,9.765625e-05
00000111011101111110,28.040708033149066,9.765625e-05
00111100110010000010,10.718287820572215,9.765625e-05
10010111011001010011,19.703881475789547,9.765625e-05
01010110100001010000,16.76232716713435,9.765625e-05
01001111111111010011,14.988917301510753,9.765625e-05
10010001111010111001,32.75750934393991,9.765625e-05
01101000000011100110,23.811774945476607,9.765625e-05
11111011011010010011,30.458738438065197,9.765625e-05
11000100000100101000,12.657215274103208,9.765625e-05
00010011011101111100,26.07788276950734,9.765625e-05
01000011000111101000,19.64087311393005,9.765625e-05
11101110110000111100,28.95927531563938,9.765625e-05
11110011011000010100,18.54661259027807,9.765625e-05
01001101110101010111,14.410109262191575,9.765625e-05
00101111001111000100,19.04168472078783,9.765625e-05
11101011111010011001,28.646548763102434,9.765625e-05
11100010001110111111,36.66588433276076,9.765625e-05
01001001011011010000,16.315742142085593,9.765625e-05
11001010111110001000,26.064268129029823,9.765625e-05
10001110111111111100,35.35873463091453,9.765625e-05
11111110000000100100,42.84744816434815,9.765625e-05
00101101110100000010,14.740341223889235,9.765625e-05
00110111000010000101,20.312579247173463,9.765625e-05
11011011101010011110,21.79551346298311,9.765625e-05
10010000010100011100,27.981473433900547,9.765625e-05
11001110101010100000,16.6365427040385,9.765625e-05
00001100100011100000,20.989657473374297,9.765625e-05
00000011111100110111,46.014042718424115,9.765625e-05
11110011011111101101,17.8265331686005,9.765625e-05
00111100101011101000,18.01593125652507,9.765625e-05
00110100011001011010,18.31156622030235,9.765625e-05
01001110011011111111,20.424193609040458,9.765625e-05
10001111001100010010,24.990921093414343,9.765625e-05
11101101011000101011,19.9843664777287,9.765625e-05
10010011111110100101,22.206428713603945,9.765625e-05
00101101000100111101,22.503625532334034,9.765625e-05
01111000101101010111,18.31058961979079,9.765625e-05
00000111101101100010,25.13043116860663,9.765625e-05
10111010000011110011,46.52922117280827,9.765625e-05
00000100011000010010,30.857298728251628,9.765625e-05
01111000011000011111,15.640873113930052,9.765625e-05
00001101001101011001,16.96767704814128,9.765625e-05
00010000101100111110,52.91251000576059,9.765625e-05
10011101111101101111,15.564533719153909,9.765625e-05
01010110001000110001,20.308909583486027,9.765625e-05
10011101111101001111,15.469196240129717,9.765625e-05
10001001000110111110,28.741288679162725,9.765625e-05
11000010111001110000,26.992467765954288,9.765625e-05
00000101100011111011,42.646464553851956,9.765625e-05
11110101000010000100,30.385498314058843,9.765625e-05
01100100010001111100,20.23391436143092,9.765625e-05
10001001100100000011,25.47410463418084,9.765625e-05
10110110100100101001,16.241141259594222,9.765625e-05
10000000010100011011,49.604286890952764,9.765625e-05
01010010011001101101,24.023256560935764,9.765625e-05
10111110111000111001,25.269701484866157,9.765625e-05
10011001010001111001,20.827252423260617,9.765625e-05
00010110011110100001,18.329826488934472,9.765625e-05
11011010010110101110,19.480682447778467,9.765625e-05
10110110100111000000,18.114031027258463,9.765625e-05
01000110010001110010,18.87957959776095,9.765625e-05
10100011001100100111,35.51483836812437,9.765625e-05
01111011111100111101,19.490042132299262,9.765625e-05
10101011001001100111,43.4028167703848,9.765625e-05
10001100101001111110,26.107876818475503,9.765625e-05
11101111101100110000,27.35340356816551,9.765625e-05
01000111001010100111,28.729671181317652,9.765625e-05
10010110001011100011,23.405027731539484,9.765625e-05
01000010001010100010,27.132872098836096,9.765625e-05
01111001010101000100,13.413784138784038,9.765625e-05
10001111001001000010,23.25060306743709,9.765625e-05
00011001001000100000,17.081201610573533,9.765625e-05
10011111010101101101,18.944283716415466,0.0001953125
00001001010010111001,32.02662368630019,9.765625e-05
10001010111011011111,59.039622126160964,9.765625e-05
11101100100111011101,20.75819029460601,9.765625e-05
00001111011110100011,17.612076999288895,9.765625e-05
11111100011110111100,11.586709635715417,9.765625e-05
00111100111111001101,18.0737068477241,9.765625e-05
10101101111010010110,20.232596820225655,9.765625e-05
11101010100110110000,37.211051230973766,9.765625e-05
01010101001110100010,47.49897280320979,9.765625e-05
10001101101001101010,17.18786122102479,9.765625e-05
10111000011000110001,27.86227302599567,9.765625e-05
11000010101000010000,18.967995601631454,9.765625e-05
11001011100010001100,16.55443695343825,9.765625e-05
10110001010001100010,15.699731902094634,9.765625e-05
10000101011110001110,29.16013841012873,9.765625e-05
01101001011001001001,20.718287820572215,9.765625e-05
00010100000100100111,23.959847166969002,9.765625e-05
00000100101111100111,54.27177119715648,9.765625e-05
01110100001011111111,27.0690818058356,9.765625e-05
10101110111110101010,31.440160252396943,9.765625e-05
10011100110101011111,21.048471177830695,9.765625e-05
00111011001010100001,21.361204069928014,9.765625e-05
01010000011100111001,29.97459028442051,9.765625e-05
00111011010100101001,27.13319970190917,9.765625e-05
11010101111101011011,21.956014259447954,9.765625e-05
10101000010000101101,50.03728404283482,9.765625e-05
10110100010010110101,19.885181534428266,9.765625e-05
01000000101001101010,47.09093782975951,0.0001953125
00011101100011111100,26.3138828363499,9.765625e-05
00101101000000100001,18.85767712934524,9.765625e-05
10111110011101101101,34.718900576745355,9.765625e-05
10000100011000100100,26.00939155062122,9.765625e-05
00110001000011110110,24.049919372778234,9.765625e-05
00001011001011001000,18.486287828889388,9.765625e-05
10110010001000100100,29.300414690117766,0.0001953125
10110101110100101011,14.199976221240366,9.765625e-05
11001010011000101111,30.931930829549557,9.765625e-05
01010111000010100110,35.764246010014375,9.765625e-05
10010000010001000001,21.323347168711436,9.765625e-05
00011111000001010110,20.00065813414858,9.765625e-05
10111111100011011111,28.762121353314857,9.765625e-05
11010010011110100110,20.434847723981736,9.765625e-05
10010011000000100010,20.489220645553686,9.765625e-05
00100000110010111000,47.04784499690974,9.765625e-05
00111000010110000100,24.497889399104164,9.765625e-05
00001010000111010000,41.7099696937524,9.765625e-05
00010101111111100011,40.35664995419121,9.765625e-05
11111001111100111010,13.157096483331586,9.765625e-05
00110111011010101110,23.300192850700945,9.765625e-05
00111100000111001001,13.801076274108144,9.765625e-05
10000101011010001111,30.130328103723436,9.765625e-05
10010001110010010111,27.09101966108273,9.765625e-05
11010111111010101100,25.54282914163013,9.765625e-05
10100001101101011000,26.051362148090348,9.765625e-05
00111001000100111001,22.94258868320171,9.765625e-05
11101011011011000011,34.86032688811417,9.765625e-05
10010001110001011001,20.351275265736323,9.765625e-05
01001001011110011101,26.069570884280875,9.765625e-05
01110010000110100001,18.57689720114189,9.765625e-05
00101010100011101111,47.37535495692385,9.765625e-05
10111000001001000011,26.720757172458498,9.765625e-05
00000111001011000101,17.066352190935277,9.765625e-05
10100010011010011111,55.3318597528194,9.765625e-05
10010011010110111010,21.37743713076469,9.765625e-05
10000100000101111101,28.798972753001575,9.765625e-05
01110000001101011011,22.11395305960134,9.765625e-05
01011110000111111011,14.455573900056535,9.765625e-05
01100011111100110110,22.118128981384583,9.765625e-05
00011000111000011011,33.044774648455764,9.765625e-05
00100000000010110101,42.913071229492125,9.765625e-05
10001001001100110001,27.474983611533922,9.765625e-05
10000001001111010100,32.2460843385317,9.765625e-05
01100101011101100011,19.801120830535325,9.765625e-05
00110101001110100110,25.170500613935427,9.765625e-05
00010111011010010101,18.199976221240362,9.765625e-05
01001011010001010010,18.844154947789022,9.765625e-05
00001001000010001110,23.448354701488896,9.765625e-05
01001010011110110111,35.50077361132928,9.765625e-05
00010100101100011000,29.904983071747097,9.765625e-05
00010001011100110100,29.26837562849905,9.765625e-05
00111100001111011100,17.220051239181,9.765625e-05
00010000000001101100,32.61259159302475,9.765625e-05
00110100011101100111,20.091967116356223,9.765625e-05
11111001110011101111,15.651876310062818,9.765625e-05
11110101011000100001,21.095395340186343,9.765625e-05
10011100101100011011,15.348073332818775,9.765625e-05
01011000101111010001,24.959766489289336,9.765625e-05
01010011011110010101,15.133128710266469,9.765625e-05
10111110101001101100,29.26779409113248,9.765625e-05
11101010011001001000,43.90943600572295,9.765625e-05
11000101000001010111,14.05519368473628,9.765625e-05
10100011001100110011,37.474752995165275,9.765625e-05
00010101010001010001,15.281804001895035,9.765625e-05
11011000010010011001,14.49135967350453,9.765625e-05
00010010011010110111,38.6874911404912,9.765625e-05
11100011100000011101,19.954840072403222,9.765625e-05
00100000001011101000,40.82802122392105,9.765625e-05
11011001011111101101,14.96990561785082,9.765625e-05
01000011011110100011,28.44234457119603,9.765625e-05
00011111011111000101,9.885004044298574,9.765625e-05
11011101111110101100,19.11168690947903,9.765625e-05
10110010001111101010,30.283839975802504,9.765625e-05
10011110111001101101,22.0910577687765,9.765625e-05
11110100110001100101,8.654321593821013,9.765625e-05
01110100110111011100,16.72913996220047,9.765625e-05
00110110100001111101,21.978543425225812,9.765625e-05
11011100010100011001,7.341803663093119,9.765625e-05
00110110011100101110,21.295609350110016,9.765625e-05
01010110101011101001,31.55023812801029,9.765625e-05
00001000100010000001,32.098433735412684,9.765625e-05
11111010001011111110,30.81553278045729,9.765625e-05
11010000011101011110,24.603835909361447,9.765625e-05
00001111100100110011,19.471630096421194,9.765625e-05
01100000001001111010,30.203137140551018,9.765625e-05
11111111100001111010,35.470166871679,9.765625e-05
00000010001010010101,40.91307122949212,9.765625e-05
00111010000110111111,36.499703719098676,9.765625e-05
00000001001110101111,50.656188082711175,9.765625e-05
11111010001110000000,32.11265037951003,9.765625e-05
01100001000101010111,21.02243807847999,9.765625e-05
10011001000100111000,18.988673689708264,9.765625e-05
10111110110000010101,37.94550629581695,9.765625e-05
00110011110100111100,20.975742818682775,9.765625e-05
11011111000110100001,28.432856186488593,9.765625e-05
10111101111001011100,17.183075340218146,9.765625e-05
10000110100100101001,20.75007995679751,9.765625e-05
10011101010100000011,14.457806823294803,9.765625e-05
11110010110111010001,22.981273774547198,9.765625e-05
01011011010111001101,14.64440881522665,9.765625e-05
01000011101110001100,23.27549593020835,9.765625e-05
01100011111011011100,18.082150943071827,9.765625e-05
11001010101110101111,30.453056460172263,9.765625e-05
00000100001110010010,34.12592743661024,9.765625e-05
00101110111001010010,28.51895027427932,9.765625e-05
11001001011000100010,13.146743976401666,9.765625e-05
01000001111100001001,36.30947247235994,9.765625e-05
00100001001111000100,26.00418749588482,9.765625e-05
11000101110001110111,16.16490491886146,9.765625e-05
10011001110101111110,24.216173688105567,9.765625e-05
01011101011001010101,12.665312481431144,9.765625e-05
10001110001011000011,27.75914678862259,9.765625e-05
00011010011010110111,31.43167703150693,9.765625e-05
00101010100100110010,44.65288589289998,9.765625e-05
00001001011111100100,31.19521587781361,9.765625e-05
00100101000111100000,18.487241525756232,9.765625e-05
01110110100001111000,19.445261242250147,9.765625e-05
11011001000000001010,22.50778354004568,9.765625e-05
01111110000001001111,27.685787035648694,9.765625e-05
10011100100001010010,15.586709635715417,9.765625e-05
00101011001100000000,29.202318450955183,9.765625e-05
01011001100110010001,21.498891183968997,9.765625e-05
01011110010111001001,10.88702844410446,9.765625e-05
11111101010100000011,23.7984587628341,9.765625e-05
01010001111001110000,31.398219741727004,9.765625e-05
10010111111011011011,21.35341710167672,9.765625e-05
11001000001001010111,28.101850542572457,9.765625e-05
10111110011011011111,34.30210377600544,9.765625e-05
00110110111111101101,24.143226199563372,9.765625e-05
10010001001100111001,23.93912306446269,9.765625e-05
01000011101011100011,32.86309274427983,9.765625e-05
10100001100101101011,28.06628119929257,9.765625e-05
00010101001001110010,32.940784354351216,9.765625e-05
11001001111001101110,16.52829373690255,9.765625e-05
10001100101010001010,21.88954652044278,9.765625e-05
01011011011010110000,14.428057735368057,9.765625e-05
00110100111011111101,33.04519117887935,9.765625e-05
11100001101101011101,20.142867443174744,9.765625e-05
01010011001010001000,23.348055418747176,9.765625e-05
11100100000110111111,21.00049024292865,9.765625e-05
01000100000110101100,29.185593416556472,9.765625e-05
01000101100000111100,32.367856221644935,9.765625e-05
11100011110011000111,21.82838976431365,9.765625e-05
01110111010110010011,16.588089647009802,9.765625e-05
01100001001110001001,26.54233903449653,9.765625e-05
10111110100111110010,26.639973023073303,9.765625e-05
01110010010110000010,13.869959758989504,9.765625e-05
11001100001000010010,11.52673457033609,9.765625e-05
00110010110000010001,22.929979086528753,9.765625e-05
10000000011110011011,57.9312612409026,9.765625e-05
00001111101101101011,19.80584549286341,9.765625e-05
00101111000010110100,25.5246543342687,9.765625e-05
01011011100111100010,20.315369346131277,9.765625e-05
01111000001110111000,17.474104634180843,9.765625e-05
11111101110111011011,14.511902117856287,9.765625e-05
11000111010101011100,9.470392177175615,9.765625e-05
11000101001101110100,13.459075552920831,9.765625e-05
01111111100001100010,33.08665912656396,0.0001953125
01111000110101100100,17.28489372242292,9.765625e-05
11101011011100101000,33.25280684543729,9.765625e-05
00100001011001100001,28.07788276950734,9.765625e-05
00101010101100010010,41.338023746015985,9.765625e-05
00101011111011011010,29.659794041229425,9.765625e-05
01011101001001100100,25.101322006489617,9.765625e-05
01011011111111011111,20.261773354877718,9.765625e-05
01110100010001100100,13.33863098417702,9.765625e-05
01111001011100010010,10.844154947789027,9.765625e-05
11101111101000010101,30.761148077643696,9.765625e-05
11010000010001111010,18.071433721587372,9.765625e-05
11001101001001010011,14.850757651472659,9.765625e-05
01010101011100100100,27.93076038121569,0.0001953125
10111001111010111100,21.220051239180997,9.765625e-05
01011000010100011001,17.020354016574533,9.765625e-05
11101010011110011011,46.04011130257326,9.765625e-05
00000100101110011011,49.53384333041982,9.765625e-05
10010101110100011100,16.512696532183966,9.765625e-05
11110100011010110001,11.759156474659548,9.765625e-05
01100010100101001101,32.38301660394109,9.765625e-05
10101000001111100010,40.1677214530348,9.765625e-05
01101010101110101011,30.664923659879506,9.765625e-05
00000100000000111001,28.952648690462517,9.765625e-05
11011011000011101101,21.333504173516488,9.765625e-05
10100010010110001110,52.79882169808741,9.765625e-05
10110111111100111101,17.356475876029116,9.765625e-05
11011001000111110101,16.186729299607187,9.765625e-05
00100111100000101100,21.046708477404977,9.765625e-05
01000101100001110000,26.11858526300812,9.765625e-05
10101010001111000011,60.40818873797734,9.765625e-05
00010111100011101001,24.85560567022969,9.765625e-05
00101101011101000110,14.487241525756232,9.765625e-05
11111001100000001101,22.534362669918686,9.765625e-05
10100101010100101110,22.181228430541957,9.765625e-05
11011110111101011110,16.73154994625445,9.765625e-05
00110101101110111100,31.578756506877582,9.765625e-05
00110100000110100100,18.247051253006312,9.765625e-05
00000110100001001010,24.60761311641604,9.765625e-05
01011000101001010010,21.959847166969,9.765625e-05
11110100001110010110,14.859395273343779,9.765625e-05
11101010101110010001,39.56758280746935,9.765625e-05
01110100100111001001,18.554479659219187,9.765625e-05
01001111001110100011,19.04140698501397,9.765625e-05
11111010110100100011,29.183745870426236,9.765625e-05
00111111100111000010,16.34793225820882,9.765625e-05
01111010101111000110,20.7084328160128,9.765625e-05
01111011001111011111,21.163702827349418,9.765625e-05
11101101101110100000,18.216376155448472,9.765625e-05
01010001011010101001,35.60107443920052,9.765625e-05
10101110100100000101,45.642303493182666,9.765625e-05
11100101100000101000,20.502071562480758,9.765625e-05
10000110000011000001,22.128536258059647,9.765625e-05
00110011111010011001,19.08495154961486,9.765625e-05
10110011001010101001,22.912717892738918,9.765625e-05
11010000001110001000,18.45528938341053,9.765625e-05
10111101100000000101,23.910386992567247,9.765625e-05
00101010100101110110,55.139219001797805,9.765625e-05
01010010001111010001,22.177023363520647,9.765625e-05
11101001001011010001,24.867020886235732,9.765625e-05
10000100011111010001,34.42268837447903,9.765625e-05
10010001110111001101,24.687200605174095,9.765625e-05
10100100011010101100,30.065164051861718,9.765625e-05
00011000111000110100,30.906827184273546,9.765625e-05
00001001110100001110,32.32261904997228,9.765625e-05
10100111101001001010,19.135056297622327,9.765625e-05
11111000111010011001,15.220051239180997,0.0001953125
01100010110111101001,38.270337166320196,9.765625e-05
00010010001110100011,30.19803615069781,9.765625e-05
01000011111110100011,34.171377077566206,9.765625e-05
11001110111111110001,19.63406014538427,9.765625e-05
00101111100000110010,23.115079871432954,9.765625e-05
01111111000000100101,38.28427228726497,9.765625e-05
01101010100011110000,30.1410818391043,9.765625e-05
11101110100100011000,30.795866603436075,9.765625e-05
00010011001101011000,19.295609350110016,9.765625e-05
00111100011100011001,12.20696588004721,9.765625e-05
00000101000101000110,19.624925929774673,9.765625e-05
01111110101010001110,21.550482256253964,9.765625e-05
01000010110001000001,26.78226373336037,9.765625e-05
10011000010100001100,26.678825613404452,9.765625e-05
11110100011010010001,10.36026276912067,9.765625e-05
00010000111110111001,55.8368712171519,9.765625e-05
01111000100110110001,17.04449148179701,9.765625e-05
01010111010010101110,29.347078818235623,9.765625e-05
10001111001010000010,23.167798686270856,9.765625e-05
00111100001011001000,14.729642552520772,9.765625e-05
10110001011011101000,19.34281848006184,9.765625e-05
01000101000101110001,19.908441725311512,9.765625e-05
01000011011111110000,24.040708033149066,9.765625e-05
01010001101100010010,34.22422716096424,9.765625e-05
11110001101010111000,23.15141812413666,9.765625e-05
01011100000011010000,13.140201843902716,9.765625e-05
11010010110101101101,18.928866537185066,9.765625e-05
11011100011010000011,11.821273081712015,9.765625e-05
01100001100111110111,31.04612894811588,9.765625e-05
00111100111001101100,18.43295625787836,9.765625e-05
00110001110111001010,22.942394051249508,9.765625e-05
11011111101000101101,29.541967882048397,9.765625e-05
11101101101111001100,15.996832839096003,9.765625e-05
00011100001101101010,17.677316210818177,9.765625e-05
10000101011111010000,22.07429554660896,9.765625e-05
10101001110100000110,31.359656254540884,9.765625e-05
10000000001011110000,41.232045282531075,9.765625e-05
00000011100011101010,29.84484840327801,9.765625e-05
10100011010000010100,37.395178538511104,9.765625e-05
00010000000000011100,28.31826374999472,9.765625e-05
10010001100000001001,18.002148811954818,0.0001953125
11010010101101000010,21.220051239181,9.765625e-05
01011010101010110101,21.60078774097095,9.765625e-05
01111001100111100000,18.2210022260253,9.765625e-05
10100111000010000100,27.935119212764064,9.765625e-05
10001000010110011111,56.43900220012257,9.765625e-05
11000101010101010111,13.009358960939549,9.765625e-05
10111010010010010101,54.191603851956415,9.765625e-05
11110010011101000011,25.537588758501183,9.765625e-05
00110111010111010010,13.423081881245029,9.765625e-05
00110110100100110011,16.409768321497868,9.765625e-05
00100101111100100110,25.911208392185625,9.765625e-05
00011010011001110001,31.760841734709146,9.765625e-05
01110100110000110010,14.519862124741516,9.765625e-05
11001101010101011101,12.403839592465921,9.765625e-05
10011101101111000010,17.486329675294034,9.765625e-05
11101110110111110110,30.2890921185369,9.765625e-05
01010110010000000100,12.917260368883131,9.765625e-05
00000111101001100100,22.20320189060038,9.765625e-05
10110100100100100101,12.18122843054196,9.765625e-05
11001010001010000011,28.05519368473628,9.765625e-05
10111111100100110110,31.6532642939936,9.765625e-05
00001011100011110111,30.404956739896768,9.765625e-05
00110000100111011101,37.35393712629749,9.765625e-05
00100100001000000111,22.670683420335344,9.765625e-05
01000111111011111101,25.86502928325158,9.765625e-05
11010010011001111100,19.166725909763315,9.765625e-05
10110100111010001001,15.695970622670348,9.765625e-05
01010110101100110100,22.707132758816826,9.765625e-05
10010000000000011110,26.45528938341053,9.765625e-05
00001001110010000101,28.051310615648752,9.765625e-05
11111111001000100001,47.27456468603606,9.765625e-05
00110111111010110011,21.48517829467531,9.765625e-05
01011001100000010010,22.603068752207207,9.765625e-05
00010111000011111101,20.368000300135034,9.765625e-05
00010000110111110100,50.73361871698365,9.765625e-05
10101001010011110000,34.73154994625445,9.765625e-05
01001001000100111100,19.527108394978733,9.765625e-05
01010101010111011011,27.55670862157266,9.765625e-05
10000111001011111001,18.984279558455682,9.765625e-05
00001000110011111000,50.53745186316556,9.765625e-05
01010101011110100000,35.22051470395901,9.765625e-05
10000101001011100000,21.47039217717561,9.765625e-05
10110110000111100000,23.041684720787828,9.765625e-05
00111001101000000011,14.221002226025298,9.765625e-05
01011110111111110010,14.739049514331107,9.765625e-05
00010110010001000101,16.367961898174002,9.765625e-05
01111011101110010001,20.450862455336214,9.765625e-05
11111101111110110001,13.680793589162633,9.765625e-05
11000011000011110011,21.561533627921584,9.765625e-05
01101000110011001000,26.700088770418645,9.765625e-05
10110010001110010011,32.90231061606386,9.765625e-05
11010000101000001001,18.81906378569971,9.765625e-05
11110101110010111110,22.668412182263243,9.765625e-05
11001010111011101001,29.28963805109218,9.765625e-05
10010001111100111101,29.95535341527683,9.765625e-05
00101010111011001100,47.37544532064047,9.765625e-05
10011000000010111111,28.80018306129879,9.765625e-05
01101110001100111001,23.499539250686162,9.765625e-05
00010101001111100011,33.69446495879494,9.765625e-05
10000111111101000000,16.914991840833565,9.765625e-05
10010111001111110010,21.853513908728573,9.765625e-05
01101010001100000100,32.59679908248155,9.765625e-05
11110010100000011000,16.694584467749625,9.765625e-05
00101000111001010110,45.2460843385317,9.765625e-05
00100011001000111010,26.232596820225655,9.765625e-05
00101000000001000001,36.69074875223902,9.765625e-05
11111010010010111110,30.551570960391807,9.765625e-05
01011010001101100001,21.36297271767982,9.765625e-05
11000100100010000010,19.84935808260049,9.765625e-05
11101111010111111000,29.272566841458556,9.765625e-05
00000111100101101010,22.618944944719875,9.765625e-05
11110100110011010011,9.9668415109902,9.765625e-05
10000101011110001001,25.00842119170301,9.765625e-05
10010000111101001101,37.46061964039346,9.765625e-05
10000011010101111100,33.2460843385317,9.765625e-05
01101011011111110010,24.483453909083433,9.765625e-05
00101111100000000011,24.000658134148583,9.765625e-05
01111010000011110010,25.480663075704552,9.765625e-05
11011001111010101001,18.29566785856603,9.765625e-05
11000011110000000011,17.15141812413666,9.765625e-05
11011101101101011011,19.694579565303705,9.765625e-05
01111010010001011011,29.775374429414185,9.765625e-05
10100011000000100100,29.97998973210873,9.765625e-05
10111110101110010100,28.630607820540405,9.765625e-05
01101000010100111100,33.116058137086895,9.765625e-05
11111000100000110111,17.02539306436794,9.765625e-05
00110101111010111011,33.317096441745704,0.0001953125
10011100000101100011,11.89453675665695,9.765625e-05
10100001111110011110,37.17125434634184,9.765625e-05
01011110001111110001,12.016610749188864,9.765625e-05
00000000011101011011,67.56781809327018,9.765625e-05
11101010010111110011,55.91973273589904,0.0001953125
00101101010111110000,18.44715615279713,9.765625e-05
00110111101010011110,24.605174074251188,9.765625e-05
01011010011011011001,19.57682620949918,9.765625e-05
00011111010110001100,13.638127571399421,9.765625e-05
00111101011000011011,15.02538337833098,9.765625e-05
11100101000010011010,22.70348246679364,9.765625e-05
01110110011000010001,11.268747787999317,9.765625e-05
11011101110000101101,18.13673351514116,9.765625e-05
10011010010101000100,44.08826340382682,9.765625e-05
01100101100110010010,21.512401741714804,9.765625e-05
00110101100110100000,23.151418124136658,9.765625e-05
01010110000011000000,17.638127571399423,9.765625e-05
00011001111000111011,30.80708933240342,9.765625e-05
00010001101000011100,35.81906378569971,9.765625e-05
11000111000011111000,13.740058057230474,9.765625e-05
11110011001101011110,20.912717892738918,9.765625e-05
10100111000110110011,28.432662681601393,9.765625e-05
11000010111100011011,33.80428872586039,9.765625e-05
10111010001111100011,39.75992299535974,9.765625e-05
11000111000010101100,17.66608128209157,9.765625e-05
11101100110010101100,16.57570906206833,9.765625e-05
11010000100110011101,20.98829808576439,9.765625e-05
11011110000111101010,18.53592838853759,9.765625e-05
01001011101100010111,23.470038018874142,9.765625e-05
01010101110110111100,37.47129434160085,9.765625e-05
00001100000110110101,24.246167737073726,9.765625e-05
00011001110011100000,19.66179253310079,9.765625e-05
10010101101011110100,30.089691280196952,9.765625e-05
00001001001000111110,28.707126517223475,9.765625e-05
10111000001111001101,34.14241095441115,9.765625e-05
10110011011000111101,25.622654691702564,9.765625e-05
10111010010001010101,64.15134442247141,9.765625e-05
01110001110011101110,24.953177873429567,9.765625e-05
01000111000101001110,15.996832839096003,9.765625e-05
10111011100001111101,36.05972565288562,9.765625e-05
00110011101010000100,15.718837295538119,9.765625e-05
10010110011001010111,26.423194621325365,9.765625e-05
11000001101111101011,37.658988689254215,9.765625e-05
01001001110011001100,20.700088770418642,9.765625e-05
01100000110111100011,41.01853210574774,9.765625e-05
01111001010000000110,12.619016670783651,9.765625e-05
01001101010111000100,10.181228430541957,9.765625e-05
11000001101010010101,23.914991840833565,9.765625e-05
01011000110100101010,20.611782796605933,9.765625e-05
00100110001110000101,26.05507189507304,9.765625e-05
01111011001101100011,23.82773117921489,9.765625e-05
01001010001101000000,26.372211521622496,9.765625e-05
01011011000101101010,21.361213755964968,9.765625e-05
10111000111010100100,22.750628697342346,9.765625e-05
00101111011111100110,20.528263944370618,0.0001953125
10000001100101010000,24.020354016574533,9.765625e-05
11101111000100111110,33.93391274649676,9.765625e-05
11100011000100001110,23.980876703324736,9.765625e-05
11011000101111001010,21.10744623764642,9.765625e-05
10101101010111010110,27.486329675294037,9.765625e-05
11001000010100101100,23.566596215813753,9.765625e-05
11011001010011111001,15.446378389680996,9.765625e-05
00101011111110000101,33.555807180728664,9.765625e-05
10001110011100101100,32.153964622131795,9.765625e-05
01110100101011111000,29.57875650687758,9.765625e-05
01100100000110000000,14.993282803966455,9.765625e-05
11011011101010010100,21.149626278472873,9.765625e-05
00010100000111000001,17.341366840670695,9.765625e-05
00101001101000110100,22.75007995679751,9.765625e-05
10000100001101011111,34.75757056241846,9.765625e-05
01001110001111001111,19.37743713076469,9.765625e-05
00111011111100010100,23.151418124136658,9.765625e-05
01111110101100111100,18.745072127810666,9.765625e-05
11011000111010011000,14.654736236179968,9.765625e-05
10000111100111000011,18.317167433388416,9.765625e-05
10111010111100100111,40.039383308789326,9.765625e-05
10001011101010011000,24.74034122388923,9.765625e-05
11010000111010011011,27.35354650380843,9.765625e-05
10010001001011001010,27.092941006845237,9.765625e-05
10111011100110100101,31.250461905699936,9.765625e-05
11110000001011110110,21.02243807847999,9.765625e-05
00010011011011111011,30.703608016803933,9.765625e-05
10011000101101101011,28.173220248531536,9.765625e-05
11000011101001000101,16.654321593821013,9.765625e-05
00110011110111011110,22.440614705010418,9.765625e-05
10001110101010001101,26.181228430541957,9.765625e-05
00011001101000011100,26.307622852661204,9.765625e-05
10110000010110011100,31.32131192922504,9.765625e-05
10001101011001011110,19.47410463418084,9.765625e-05
10101101101000001010,19.293833432076532,9.765625e-05
01011011000100101001,21.78897031263565,9.765625e-05
01110000100011110110,25.84484840327801,9.765625e-05
11111100011010100000,13.585813712883525,9.765625e-05
00101000110111110000,51.17276561041419,9.765625e-05
10010000110101101100,32.30239560001282,9.765625e-05
00101101101111001111,19.13957775818644,9.765625e-05
10010011111100101000,16.916848436546715,9.765625e-05
10011111001001101000,23.43966283715364,9.765625e-05
01100100101101011000,19.142915236905473,9.765625e-05
01000011101011100000,25.124752809411707,9.765625e-05
01011111101111010111,18.016813325295157,9.765625e-05
11010110000110101011,17.602647133833838,9.765625e-05
00000001101100000000,31.49201844410716,9.765625e-05
11110010001100110101,24.844154947789026,9.765625e-05
01111000100111100010,17.02243807847999,9.765625e-05
11000000101010011001,30.463720261150495,9.765625e-05
00011110100111100110,19.31441835928698,9.765625e-05
01111011000011100011,26.36423911867776,9.765625e-05
10011101000111100100,13.816512825412456,9.765625e-05
10100001101010011110,28.928866537185062,9.765625e-05
01110010010110000111,17.644408815226647,9.765625e-05
00000111011100111101,26.03134834862827,9.765625e-05
01011010011101000101,22.64634182262759,9.765625e-05
01001000010001010011,28.470321185532903,9.765625e-05
10000010111010001101,44.321253420769025,9.765625e-05
11010001000100111100,15.1768731305644,9.765625e-05
01110111010000001111,22.312579247173467,9.765625e-05
11101110101110010100,26.281547183324612,9.765625e-05
11110101000110001011,27.546161619526572,9.765625e-05
10111110100101000000,33.21174288552535,9.765625e-05
00110100100011011011,22.53708616818089,9.765625e-05
11010001010010010011,18.199976221240366,9.765625e-05
01001100100101011111,22.07429554660896,9.765625e-05
10100101011101111111,26.442344571196035,9.765625e-05
11010010111101000100,18.725780929075647,9.765625e-05
10000001001100111101,34.17871026707643,9.765625e-05
00000010011110010111,58.86441028548509,9.765625e-05
00000011100110001101,28.18542561246373,9.765625e-05
00000111000111111111,24.404956739896768,9.765625e-05
11010000011001110101,20.08100465040291,9.765625e-05
01111101000100000111,21.01701725064038,9.765625e-05
10001010010110011111,62.329268796773746,9.765625e-05
11000110000101001101,17.04484564009848,9.765625e-05
10000011011010101001,26.374636524221657,9.765625e-05
11010011100011101101,16.863985749949123,9.765625e-05
00100110011001111110,35.91587183603516,9.765625e-05
10010100010100111100,18.096888728015113,9.765625e-05
11111001110000001100,16.268135766247248,9.765625e-05
00010000001001100011,35.925199371028086,9.765625e-05
00001010001010000110,31.871385872250247,9.765625e-05
11011100010000000000,11.430868751529296,9.765625e-05
01111000000111010011,19.11304745073249,9.765625e-05
01101000000101101010,28.471294341600853,9.765625e-05
00001001011001100010,24.00240805712035,9.765625e-05
11111110001011110011,27.137984211840703,9.765625e-05
11001001111101010001,22.49534833199392,9.765625e-05
00000101001101100100,24.778920638705664,9.765625e-05
11011110101110000010,19.498891183968997,9.765625e-05
11101100011001000110,18.76232716713435,9.765625e-05
10011011101100000100,23.056106269619548,9.765625e-05
01110100000111100000,17.15141812413666,9.765625e-05
00100001001000110000,23.17090183154656,9.765625e-05
00001100000110100001,18.28912117664776,9.765625e-05
00111110011101000001,20.597916229912407,9.765625e-05
00101000100111110101,52.900496503209396,9.765625e-05
11011100101000110001,12.206013962481602,9.765625e-05
01001000100011011001,32.29375619884048,9.765625e-05
10100011001111100111,37.353417101676726,9.765625e-05
10101010000101101110,64.58766686415308,9.765625e-05
00110101101001100100,22.646896679810553,9.765625e-05
10111000111010110101,29.289638051092172,9.765625e-05
10111001101110101101,20.358274697707323,9.765625e-05
10011111010110110000,19.61403299746175,9.765625e-05
00010000001101110000,35.4000790474627,9.765625e-05
01011010010000111001,18.632467126276094,9.765625e-05
11101000011111000001,37.17051654156573,9.765625e-05
00010011100000001000,17.070544774769893,9.765625e-05
11001111011101110100,15.924073582440442,9.765625e-05
10011110101110101001,15.157096483331587,9.765625e-05
11010011111000111001,16.141081839104302,9.765625e-05
10101011111001011110,42.0205947003746,9.765625e-05
10101010011110011011,65.67762882782209,9.765625e-05
01111001111101100001,13.607487158727942,9.765625e-05
00010010001100001000,20.45528938341053,9.765625e-05
10111111101010001111,28.65621388147266,9.765625e-05
11101001010110000001,29.0370212769383,9.765625e-05
01100001010110100011,26.31058961979079,9.765625e-05
11101001101110010001,22.917512725161448,9.765625e-05
10111101100110011000,20.897460610865537,9.765625e-05
10011110001000111011,22.108212649583223,9.765625e-05
11111010001010110011,30.110387369472566,9.765625e-05
11101101110100101010,16.74507212781067,9.765625e-05
10010111011000010101,19.296634038619565,9.765625e-05
11100110010101110010,27.303266829102395,9.765625e-05
11101000111100101001,28.01253933945131,9.765625e-05
10000100111110111010,43.224449032857066,9.765625e-05
10110111011001111001,20.36805807416998,9.765625e-05
00100101000100110010,19.136044570612135,9.765625e-05
01000001000011101010,33.9033262549905,9.765625e-05
00001011101111011101,34.50811586121878,9.765625e-05
10110001101011110100,22.245669696172747,9.765625e-05
11001000011101000011,31.98924554103788,9.765625e-05
01110100010001101001,15.228832830778828,9.765625e-05
00000000100000010111,48.34082154456946,9.765625e-05
11100010000110101000,28.002148811954815,9.765625e-05
11111000000011100010,20.182785931966045,9.765625e-05
01100101110000001100,18.151739398489195,9.765625e-05
10100110110111111100,38.67251784682484,9.765625e-05
00011111011010101001,16.200994668156568,9.765625e-05
00001010101010100000,30.025078678902617,9.765625e-05
10011100000110111110,17.89965117125798,9.765625e-05
11010000101011101111,35.86867845904958,9.765625e-05
10110011000000000101,27.884283635994898,9.765625e-05
00110100010010110101,20.374636524221657,9.765625e-05
00011110000000111101,20.74507212781067,9.765625e-05
10111010010011110111,54.134929605513165,9.765625e-05
01001000100010110011,28.852914283036,9.765625e-05
10000000000110011001,41.770132805514486,9.765625e-05
01000101111001010100,23.30857654952804,9.765625e-05
11001111010111000100,18.17250814454988,9.765625e-05
00011011110100110110,23.406967714954835,9.765625e-05
10000111111111010110,26.021471164005384,9.765625e-05
10001110101101001101,31.358689340066277,9.765625e-05
10110000010010101101,27.030840327423075,9.765625e-05
01110011000010000110,18.879442702015673,9.765625e-05
01010100111111111100,40.840654665799846,9.765625e-05
11011110101001010111,21.58449617167826,9.765625e-05
10100011001011101110,28.708432816012795,9.765625e-05
11010001000010001100,19.26813576624725,9.765625e-05
11001101000001000010,16.919793736397708,9.765625e-05
01010010111000011100,20.501046873971205,9.765625e-05
01101100001111110001,14.946060467246689,9.765625e-05
01010110111111000011,22.0022342948617,9.765625e-05
11101100110000011101,18.87993375606242,9.765625e-05
11011011010001011001,24.37211844788333,9.765625e-05
01110000100001100100,17.877614429992327,9.765625e-05
11001100111110010011,16.02066832575247,9.765625e-05
10110101100111000101,13.308643187642028,9.765625e-05
00000101110100001100,28.298198418091047,9.765625e-05
00000000011110111111,77.45431716890371,9.765625e-05
10101011001110111000,39.34622026867643,9.765625e-05
00110100000111101110,24.982191866602747,9.765625e-05
00000100110100010001,32.0357718430988,9.765625e-05
01000001111001011000,32.309472472359936,9.765625e-05
00010001010110111100,33.55807841880077,9.765625e-05
01110100000010001000,22.2144047460865,9.765625e-05
00100011011101000001,30.75333342215666,9.765625e-05
10010100100001111010,23.26998465152492,9.765625e-05
11000111011100110100,13.809966143494183,9.765625e-05
10100111110101100000,21.395726544634876,9.765625e-05
00001111101110011101,19.406967714954835,9.765625e-05
00011100110001110000,16.31886402298116,9.765625e-05
10101100100101101101,29.358689340066277,9.765625e-05
11011100001110010000,10.83003771699121,9.765625e-05
01011010111010010010,16.71737868013256,9.765625e-05
10011010111100101110,32.02062927649757,9.765625e-05
10000110010011010101,33.1247528094117,9.765625e-05
11101111001110100010,31.169667041589456,9.765625e-05
11011001101010010000,20.603068752207207,9.765625e-05
00101111110011110010,20.016823011332104,9.765625e-05
10010101000100111000,18.2549680534516,9.765625e-05
11011010101010100111,21.610169605555214,9.765625e-05
10011111010111001110,19.51477788406688,9.765625e-05
01011111011100011101,14.611496185503569,9.765625e-05
10110101011011010100,17.911766905894616,9.765625e-05
01110010110011101010,20.4705831294715,9.765625e-05
00001011000000010111,28.844154947789022,9.765625e-05
00101100111011011010,26.455751204682358,9.765625e-05
10001001010110111110,33.58292618706748,9.765625e-05
10000000100101111110,52.53745186316556,9.765625e-05
11110100011111100111,14.648259931086553,9.765625e-05
11110100010010011011,12.727338430499731,9.765625e-05
00010000000100000111,28.051310615648752,9.765625e-05
01010010001101111001,26.118128981384583,9.765625e-05
00110111100100111100,19.445261242250147,9.765625e-05
11011000001101010010,18.214455544107032,9.765625e-05
11111111011111011011,24.764086521083485,9.765625e-05
00110010000111000111,29.965662235995673,9.765625e-05
10011010101101011000,33.35868934006628,9.765625e-05
00011001111111000000,21.033981874659816,9.765625e-05
00110101110010000100,19.159798203856095,9.765625e-05
01010000001101000110,27.27459376578311,9.765625e-05
00001110011111011101,34.96733777258995,9.765625e-05
00111100100010110000,14.632467126276094,9.765625e-05
11001101110101001011,14.38628618243442,9.765625e-05
10010010010100100110,30.12850961570406,9.765625e-05
10001101000001010011,16.997801740011898,9.765625e-05
11011110100011111001,15.871751790157163,9.765625e-05
11101110000001101000,37.26916596192909,9.765625e-05
10011111001001100101,23.64833967804491,9.765625e-05
00111011010111001100,25.815976393390258,9.765625e-05
00000011000000100100,18.547822811448082,9.765625e-05
11010110010001101000,12.980885654940625,9.765625e-05
00100011000100110001,31.111332751177557,9.765625e-05
11010000001111000110,24.623554058978065,9.765625e-05
11111100001011010011,15.584486485641307,9.765625e-05
01010001101011011110,45.44505877490724,9.765625e-05
01010110010000100000,15.30076187240482,9.765625e-05
00000101101110110111,47.41670738942424,9.765625e-05
10001011100001000111,32.7207571724585,9.765625e-05
01010000110001000010,23.919600955091756,9.765625e-05
01010101111111100100,38.77482289171961,9.765625e-05
11001110011111010100,22.918820580329758,9.765625e-05
00111111001011011011,18.78691061312555,9.765625e-05
11000101000000001111,20.824443774186822,9.765625e-05
11011011000001100001,27.885113143635053,9.765625e-05
00100101110010111111,34.34184458957282,9.765625e-05
01101010001000010101,34.60306875220721,9.765625e-05
01010011001011000110,22.00607698638672,9.765625e-05
11010111101010010111,30.26962433875731,9.765625e-05
01100001110011111011,33.71868489179468,9.765625e-05
00100101101000001000,22.396949983412654,9.765625e-05
11010111001000110000,30.66487555024534,9.765625e-05
01110110011011010001,11.829569039308176,9.765625e-05
00110010010011010001,29.472591601647082,9.765625e-05
01100100111101110011,25.59794550600315,9.765625e-05
00001011100111010100,27.77257653289369,9.765625e-05
10101000101101011010,44.199424683545786,9.765625e-05
00011001111010011010,29.65997153135912,9.765625e-05
10110010001110100110,31.312812133410855,9.765625e-05
10111100111001110101,17.906100219177947,9.765625e-05
01100001001000100101,19.825333455425366,9.765625e-05
11101000011001010111,36.61894494471987,9.765625e-05
10011000000111100010,23.343897411035528,9.765625e-05
01000010111001011001,35.57909120597794,9.765625e-05
00000101111000000111,35.26525374760349,9.765625e-05
11101011001011001110,29.034098244277978,9.765625e-05
00110100110101101100,22.27549593020835,9.765625e-05
10011001001100000111,19.953785297094477,9.765625e-05
01011001100101100100,18.547713515811356,9.765625e-05
10101001110101000101,39.742955290719664,9.765625e-05
00100111111010010110,21.208528703139702,9.765625e-05
10110010111010011011,29.022212500352303,9.765625e-05
01000011111010111111,35.08351677941514,9.765625e-05
01000010110110010111,38.695328721259145,9.765625e-05
10011011001010010011,27.584486485641303,0.0001953125
11100101011100111010,17.136044570612132,9.765625e-05
00101001101110011001,32.02717242684503,9.765625e-05
01000011110110011100,20.12653123032767,9.765625e-05
10111100111100100000,10.510502440220723,9.765625e-05
00101011101000001100,25.20225443532689,9.765625e-05
00011110001010011111,19.490042132299266,9.765625e-05
01011111111101100110,18.122571211474977,9.765625e-05
01000001001100010101,25.223578076398564,9.765625e-05
00011111001111111011,14.866939484974822,9.765625e-05
01010000110100000111,25.495008114881465,9.765625e-05
11011110110100011011,14.428057735368062,9.765625e-05
10101000011010101010,36.780766813960796,9.765625e-05
01100001000010000100,15.162059755891244,9.765625e-05
11010100101100000111,19.934161249905348,9.765625e-05
11000001001000000010,18.14239938030957,9.765625e-05
11111111100110110011,31.12169608699162,9.765625e-05
00011111110101000000,12.163010008314476,9.765625e-05
11000100010111010110,20.44930215676239,9.765625e-05
10100011001000011000,28.204168805074982,9.765625e-05
01010100110101110100,22.263708740205914,9.765625e-05
00010101010100100111,23.385326243974234,9.765625e-05
01101111011011010001,18.140782744815244,9.765625e-05
10000111000111111011,19.945022648256575,9.765625e-05
10100111001110110010,26.108376100147236,9.765625e-05
01000001110100100011,34.933188093837394,9.765625e-05
10000100111111011011,45.417545538221184,9.765625e-05
10110111001000000001,28.6583119829438,9.765625e-05
11101011110001110001,36.7591467886226,9.765625e-05
00011101000000101101,22.136733515141156,9.765625e-05
00100111010010000100,18.720209166334723,9.765625e-05
00110001101001010010,19.555807180728664,9.765625e-05
01000111000011111011,22.946891727156416,9.765625e-05
10000011000100100001,24.63246712627609,9.765625e-05
11000011001001011011,21.356475876029123,9.765625e-05
00101111101101000100,18.66196313434327,9.765625e-05
10011110001011000010,23.268738101962363,9.765625e-05
10111110100000011100,36.507783540045686,9.765625e-05
00100010100001111100,44.403493133760115,9.765625e-05
00100010000010000100,32.62894102347959,9.765625e-05
01010011011101111000,19.0742343281304,0.0001953125
00011100000000101100,19.097849400896365,9.765625e-05
10000011110100000101,28.736506242799695,9.765625e-05
10111001101011111111,23.57478588206299,9.765625e-05
01111010111111000101,23.324535307785,9.765625e-05
00100001111111001011,43.394889276850414,9.765625e-05
11100111101100011110,17.71420778051769,9.765625e-05
01010000111010110001,37.17276561041418,9.765625e-05
11000110000010111110,17.634560874218504,9.765625e-05
10011000101101101101,30.332738719332657,9.765625e-05
11101011001111110101,37.23044113022344,9.765625e-05
01110111011110010011,16.408701150129627,9.765625e-05
10011110010101010000,28.29478088735003,9.765625e-05
10101111001111100001,30.899348632525307,9.765625e-05
10101111111001101101,29.07108309485671,9.765625e-05
00011111110100110111,17.122570477053905,9.765625e-05
01001101000010101010,26.294780887350026,9.765625e-05
10110001011101000111,19.58408405383797,9.765625e-05
00110111110011001010,16.280531358894095,9.765625e-05
10010001010101100110,20.16154747953399,9.765625e-05
11111001001011010011,22.43764841765197,9.765625e-05
01010101110000001101,31.466936331600756,0.0001953125
01110100110110111101,19.828627738500835,9.765625e-05
00001010011010000101,40.741237146721126,9.765625e-05
10001011001001111100,29.73056960703202,9.765625e-05
00101000101110011000,39.20530532457975,9.765625e-05
00101011110001110000,34.73154994625445,9.765625e-05
10011101000111101111,15.616975608926396,9.765625e-05
10010011010100111110,22.487241525756232,9.765625e-05
10010010101111100011,34.20448519861778,9.765625e-05
00111100001101100101,12.441383691174721,9.765625e-05
11101100000011111001,20.428057735368064,9.765625e-05
10101110001001001010,38.53628254683907,9.765625e-05
00111111000000011001,30.464543489369277,9.765625e-05
00111100100110001101,16.002395650221036,9.765625e-05
10100100010111010101,38.12474032622501,9.765625e-05
00110010001010000110,22.22865878509274,9.765625e-05
10101010011110011010,60.69801823122803,9.765625e-05
01011111111101011010,17.759146788622587,9.765625e-05
11001110001010100111,20.911907344050526,9.765625e-05
11010000000011100100,17.83466723201164,9.765625e-05
11001110010110001000,19.090025037736183,9.765625e-05
01011011100000000000,22.50778354004568,9.765625e-05
10001101000100001010,17.484816523157072,9.765625e-05
01011000111000110001,18.942897474367545,9.765625e-05
00010001001011010001,29.774660594799144,9.765625e-05
01111110111011101010,16.477717775853563,9.765625e-05
01000000111110100101,52.3562075049933,9.765625e-05
10001100010000111000,20.575987766434974,9.765625e-05
00010010011000010000,22.654736236179968,9.765625e-05
01111111111111001110,15.374456324069424,9.765625e-05
11011000010110101010,12.962663701142336,9.765625e-05
00110101001011110010,25.64461148970961,9.765625e-05
10111110011100101011,27.428054290924454,9.765625e-05
01000000001000100100,27.69177064359883,9.765625e-05
10000001011011001011,36.626232141436795,9.765625e-05
01100011011011110011,24.77051330181278,9.765625e-05
00001000001111110010,44.91597210376861,9.765625e-05
01111010110010011010,18.24783443575787,9.765625e-05
00011101010111100100,12.193362813671264,9.765625e-05
11101100011011111011,17.80584549286341,9.765625e-05
00111101000101111101,16.443625871135957,9.765625e-05
11011010111110001101,19.577802810010738,9.765625e-05
01111101100101100110,18.50927629142041,9.765625e-05
01101110100111100010,20.446436163715937,9.765625e-05
11010000111111101110,34.71128559145148,9.765625e-05
10111100110101101001,15.162939016671768,9.765625e-05
01000010111001010001,33.35490589141834,9.765625e-05
10101101100000010101,23.585813712883525,9.765625e-05
00111111001011110010,19.66475957286145,9.765625e-05
11011111001001101010,32.29551345758493,9.765625e-05
00010001010101101101,28.496934058731135,9.765625e-05
01110110100101111101,16.69134558078185,9.765625e-05
10001001000100111111,31.925337088321626,9.765625e-05
00111100100111010011,10.94024021189355,9.765625e-05
10111001101010101100,19.842235070868647,9.765625e-05
11000100010011000101,16.292808743566983,9.765625e-05
11011110100100110111,18.108212649583226,9.765625e-05
10001000010110011110,51.32582534725838,9.765625e-05
00100000001011011001,45.425950584314016,9.765625e-05
10001001011010010001,29.184986178395437,9.765625e-05
10101101101101001000,16.6039646750391,9.765625e-05
11010010001110100101,19.645597776258132,9.765625e-05
10110011010101101111,27.474350650489136,9.765625e-05
01001001011011101110,23.13504028286482,9.765625e-05
11100100000110101010,19.102996835241377,9.765625e-05
01100000111101111111,50.675286500140245,9.765625e-05
01000111111111001101,22.16157338746851,9.765625e-05
11111111100001010010,40.199270369691874,9.765625e-05
00011110111101101111,24.096691778684306,9.765625e-05
01011101100000001110,35.70160356606179,9.765625e-05
10101100100100101000,21.524298102398742,9.765625e-05
10011011000000101100,25.014119744520116,9.765625e-05
11001001010011101001,17.70103278124853,9.765625e-05
10110101000000101101,21.95614448312792,9.765625e-05
10010010000111101101,29.899056230779767,9.765625e-05
11100110111000000011,20.165820300894467,9.765625e-05
11010011011101000111,17.247422503421454,9.765625e-05
10111101000011000101,25.186833909619907,9.765625e-05
11000011001000101110,17.47039217717561,9.765625e-05
00111101001111001110,14.447930373092987,9.765625e-05
01001101101110101011,33.555977705683766,9.765625e-05
10100001101100011000,24.175568719839696,9.765625e-05
00010110101011010110,30.50997869852528,9.765625e-05
10111100001010000011,17.221066241653595,9.765625e-05
01100100110110101100,27.18422778735322,9.765625e-05
11010111010010101110,24.413926329209517,9.765625e-05
01010110101000111000,28.32926432364181,9.765625e-05
00011001110110100101,22.57021280193008,9.765625e-05
01100111110101100100,15.151418124136658,9.765625e-05
10110000011111000001,28.51740434695681,9.765625e-05
11001000000000001001,20.60551936847363,9.765625e-05
00100000010010001101,44.443192198889875,9.765625e-05
10100001110000101110,24.096172183377533,9.765625e-05
01100111110011010000,12.727338430499728,9.765625e-05
00101110110111110101,41.526440879900264,9.765625e-05
10011101100011101101,18.465554774767195,9.765625e-05
01111000111101010010,14.506339943185303,9.765625e-05
00110010000010100001,21.91176690589462,9.765625e-05
10011110001101110100,25.498527045363307,9.765625e-05
01010001111110110011,43.85567054029191,9.765625e-05
01100101100001010010,16.166442743104554,9.765625e-05
11011100101110000000,13.724394039733859,9.765625e-05
01000000010101110010,39.00785372637813,9.765625e-05
00011100110111100101,20.455751204682358,9.765625e-05
11000101010010011100,14.35400278543197,9.765625e-05
11110010100101100100,21.512940660427645,9.765625e-05
11110010101010000001,17.86786601104709,9.765625e-05
01110100011111110110,18.752424281717,9.765625e-05
01111100111010111001,13.646551473124973,9.765625e-05
11100000111101100000,25.49918403666471,9.765625e-05
00100010010101000100,51.40445380664137,9.765625e-05
00100011110100110110,33.91587183603515,9.765625e-05
00100111101100101010,22.324111801347005,9.765625e-05
11000000011000110101,26.857298728251628,9.765625e-05
01000101001100110010,30.92817924700204,9.765625e-05
10101011111110111011,41.990157696607156,9.765625e-05
01001100011111000101,18.203137140551018,9.765625e-05
01011010111000011011,20.618944944719875,9.765625e-05
10101010111011110000,55.139219001797805,9.765625e-05
11001000110001110011,27.76977864721302,9.765625e-05
01111110010000001101,25.165025456504473,9.765625e-05
10010101001011101100,28.646896679810553,9.765625e-05
01100101100111011000,21.078196137124152,9.765625e-05
00011111111100011110,18.731549946254447,9.765625e-05
01111010111000111100,20.649722165599776,9.765625e-05
00101111101010011000,19.71420778051769,9.765625e-05
11001000000001111101,26.763463686639113,9.765625e-05
11010101011010000111,27.9711247528087,9.765625e-05
10100101100010000111,21.27232876930435,9.765625e-05
01110110110011000010,14.644408815226647,9.765625e-05
00001111101101110001,17.341147613352845,9.765625e-05
01101100100100011000,14.833095582258483,9.765625e-05
10001110000110010110,33.211051230973766,9.765625e-05
11000010011111100100,33.05417868226369,9.765625e-05
01111000101010111110,20.624839010501656,9.765625e-05
01010010111010000111,25.360956224609655,9.765625e-05
11101010001010000000,36.93076317836544,9.765625e-05
00000111101111100000,23.72776649760651,9.765625e-05
01010110010111111001,14.469003644327636,9.765625e-05
10100110110100110110,37.338023746015985,9.765625e-05
01110011101100010010,17.07108309485671,9.765625e-05
10100110010111000001,39.10467852589214,9.765625e-05
11111111100101100000,36.57805065532911,9.765625e-05
01011110011010011100,12.737530931309246,9.765625e-05
01100000010111000101,35.470760619601194,9.765625e-05
10001111001011010111,23.230441130223443,9.765625e-05
11110100110101001011,7.4946512465574555,9.765625e-05
10110110100001100000,20.90531785797465,9.765625e-05
11000100001000000111,19.16809153896657,9.765625e-05
00001001010111111111,44.79439832362974,9.765625e-05
11011101110000101110,21.490522259128653,9.765625e-05
10110001010011110011,23.32862086585162,9.765625e-05
00011111111100111111,19.805845492863405,9.765625e-05
10110001000001101000,16.720209166334723,9.765625e-05
00000110010001101000,24.654736236179968,9.765625e-05
01011011010000100001,17.576935308835665,9.765625e-05
01001011001110101011,22.825917066360432,9.765625e-05
11111001010001101101,20.30203602166627,9.765625e-05
11011000100110101100,15.389460319352834,9.765625e-05
01000000010100101011,39.69581435526081,9.765625e-05
01111100101000101111,18.7479028211529,9.765625e-05
00110001000011100001,19.707479119145958,9.765625e-05
10001011111010001001,27.64087311393005,9.765625e-05
01110010000100011010,17.70295412701104,9.765625e-05
10000101001101100001,17.790158364582012,9.765625e-05
00110000101110110011,34.794398323629736,9.765625e-05
10011110001000101001,20.751659627445246,9.765625e-05
11010001101000001000,24.345961670804765,9.765625e-05
10100110011010111101,37.385326243974234,9.765625e-05
11011000000111111011,20.846878321096,9.765625e-05
00001011100111000101,27.647322161850017,9.765625e-05
10000110101110100010,28.49534833199392,9.765625e-05
11000111000010001111,20.64560130782894,9.765625e-05
10110001000110110110,22.643673720473082,9.765625e-05
01110000010010101100,18.76782596263109,9.765625e-05
10011010001000000011,31.074927761983208,9.765625e-05
00010000111000101110,48.87890282595952,9.765625e-05
10111000111111101100,32.123309005411265,9.765625e-05
11101101011100110011,16.788355080611694,9.765625e-05
01000111111001110011,25.383160780807863,9.765625e-05
10101001010010111011,36.155166185953185,9.765625e-05
00101010000001000000,45.90943600572295,9.765625e-05
11001001111000001100,13.473809707916635,9.765625e-05
10110001001100100010,16.55408279513678,9.765625e-05
11100001111111011011,28.45621926754753,9.765625e-05
01100010001000100001,25.02759684236814,9.765625e-05
10011001011111000000,17.350706858850316,9.765625e-05
00110111001001110110,21.246742472680285,9.765625e-05
10000100110111011101,40.07045432392607,9.765625e-05
00010111110110001100,17.93932534630173,9.765625e-05
01111000111010111111,20.508115861218783,9.765625e-05
00011111011010010111,15.915578983339438,9.765625e-05
11110100100110011000,11.789438081233566,9.765625e-05
00101001101110010000,24.2097246401856,9.765625e-05
11001001111011010000,16.31574214208559,9.765625e-05
01001001001110001101,23.624925929774673,9.765625e-05
10000111100101101010,16.73154994625445,9.765625e-05
00011011111101111000,24.14567773575473,9.765625e-05
11010101010100101010,22.603068752207207,9.765625e-05
10111101111110101001,14.444284641738584,9.765625e-05
11010010011110110110,22.453056460172263,9.765625e-05
01110111010000001011,24.469085143555567,9.765625e-05
01111100010000011011,11.26874778799932,9.765625e-05
10001100101100101001,20.153952138945105,9.765625e-05
11111010100101111011,33.31351899201148,9.765625e-05
00110111100100100010,19.664763740886304,9.765625e-05
01110101011010010001,21.12067556650693,9.765625e-05
01011111010101001110,16.997783825940303,9.765625e-05
11110110001111110110,21.70388147578955,9.765625e-05
00110110101111111000,20.806632109218757,9.765625e-05
10001000001000110001,33.83404303753198,9.765625e-05
10101001000101100101,37.55297024579309,9.765625e-05
11001111111010000001,18.956759949323605,9.765625e-05
10010010001110011100,28.959795634527403,9.765625e-05
10010000001011101101,34.86489406884051,9.765625e-05
01010010101010001111,30.33993719583914,9.765625e-05
00011100101011101000,26.44277940717717,9.765625e-05
01101101110000110011,15.393547656720688,9.765625e-05
11011010011010110110,19.977730166514878,9.765625e-05
01100111111010101001,24.606295575210773,9.765625e-05
10100101000111111001,21.787636756672885,9.765625e-05
10110100001010000001,15.996832839096005,9.765625e-05
10001010111111101101,58.26854803067896,9.765625e-05
11011000101000111110,18.28349434989444,9.765625e-05
00011011110010111001,21.377437130764687,9.765625e-05
10111001011011100000,18.727338430499728,9.765625e-05
10101100001010110111,26.819367674419627,9.765625e-05
11111011011111001011,27.76391319897865,9.765625e-05
11110001100001110100,12.517049122138989,9.765625e-05
10011111101111000001,16.724913722167834,9.765625e-05
00111100100010110101,16.731549946254454,9.765625e-05
01000010101010101111,41.00168899876047,9.765625e-05
11000110101000001010,19.3599030928071,9.765625e-05
11010010100101111011,22.421331784018868,9.765625e-05
11110010011000010101,22.79271285644008,9.765625e-05
01000011001011110001,23.801120830535325,9.765625e-05
00001010001111011111,53.658988689254215,9.765625e-05
01110100010111111011,18.475452692247604,9.765625e-05
00101101001101111100,17.89965117125798,9.765625e-05
10010101001110011000,24.437751177428083,9.765625e-05
10111011011000000100,37.93574165497415,9.765625e-05
01011111100110110000,23.61403299746175,9.765625e-05
10110101010110001001,15.963209731664634,9.765625e-05
11010000111100001101,19.00209374794241,9.765625e-05
11101010111001111000,37.38258965305949,9.765625e-05
11100000110100011011,28.165811262151376,9.765625e-05
11000100001010001000,19.56814122321132,9.765625e-05
11000101110111001001,18.459592427365244,9.765625e-05
00010100110101101100,32.88859282357594,9.765625e-05
01100100010111100100,22.114380919568056,9.765625e-05
00110100101101001010,18.66931779113209,9.765625e-05
10010100000100101101,15.66632812035779,9.765625e-05
10101011011111011110,50.385249097865376,9.765625e-05
00101011000100110100,38.65355714668931,9.765625e-05
00111110001011000000,19.285039444419212,9.765625e-05
00101111111010000111,19.857455289928424,9.765625e-05
11011100011001100001,8.451093071704868,9.765625e-05
01101111001001011011,22.411750238445066,9.765625e-05
01100000100101000111,30.556712789597515,9.765625e-05
11101010111110110110,38.41733616035488,9.765625e-05
10000101111101101111,32.624832768908306,9.765625e-05
10100000010110101101,51.84719063299283,9.765625e-05
01010001000001011000,23.556594717008952,9.765625e-05
11110011011101101100,16.363908500475063,9.765625e-05
11011101010011110111,13.644639911366436,9.765625e-05
10001011011110100011,33.946952945634976,9.765625e-05
10111001001011101101,23.00598912555258,9.765625e-05
00111001011010000100,13.404106624354316,9.765625e-05
01001100100100000101,15.255251220110361,9.765625e-05
01001000110110101100,33.847907177630404,9.765625e-05
11100000100111110111,35.30680617114285,9.765625e-05
01110001001101100110,18.558675981764665,9.765625e-05
00110111000110010000,16.702670960352275,9.765625e-05
01011110000010110000,16.93104114831101,9.765625e-05
11001011100110011110,20.165820300894463,9.765625e-05
01100100001111011101,24.145340239504634,9.765625e-05
11110110001111100010,22.36805807416998,9.765625e-05
11100101111110111000,19.3811911399073,9.765625e-05
00011000100000011100,28.227644691705265,9.765625e-05
10001111000001101000,20.567611218286345,0.0001953125
00101100110010110000,22.31886402298116,9.765625e-05
01011100000101101101,15.363664372231389,9.765625e-05
11001101010001110001,10.29655858468474,9.765625e-05
11011111100000001000,36.68064855291958,9.765625e-05
11000100000000101101,15.252440927530373,9.765625e-05
00011110000001010101,20.786089028412956,9.765625e-05
10000001100110111001,35.51799304584167,9.765625e-05
00111011000001111100,30.645601307828933,9.765625e-05
10101100011110101110,30.269325880922285,9.765625e-05
01001111100011001010,19.133199701909177,9.765625e-05
10000011001101011000,26.202241217719124,9.765625e-05
10000010001101000101,48.20589590068941,9.765625e-05
10010011101011111000,23.198055609898923,9.765625e-05
00010100001011010011,29.86502928325158,9.765625e-05
11101110111010101010,20.974483051512458,9.765625e-05
10100011001100101101,33.15141812413666,9.765625e-05
11111011011000101110,26.651344417073226,9.765625e-05
00110010010110001011,25.138530693313175,9.765625e-05
11111100110001001100,15.46848478344193,0.0001953125
01111111111100100010,21.271606168577293,9.765625e-05
10011001100000000100,17.22544164812613,9.765625e-05
11011100000000001100,18.087555685849907,9.765625e-05
11110110100010101111,22.19047537498242,9.765625e-05
01100101010001101001,20.362456861083913,9.765625e-05
00001000000000101000,28.362476233157825,9.765625e-05
10100101010101110101,23.294693968077013,9.765625e-05
00011101000101010010,12.614306478083558,9.765625e-05
01011010100001100000,20.638094687450483,9.765625e-05
01011001011011101101,20.968049756558734,9.765625e-05
10000110110010000001,22.916848436546715,9.765625e-05
00101010100010010010,37.040312849991224,9.765625e-05
01110100001110111010,24.599675191627256,9.765625e-05
01011010011010001001,14.486287828889392,9.765625e-05
01000001010110111001,35.51799304584168,9.765625e-05
00101101000110100101,18.844154947789026,9.765625e-05
00111010001010100110,25.22883210719758,9.765625e-05
01001111110001100011,17.476615832471765,9.765625e-05
11110101100010110000,28.82505653035996,9.765625e-05
11111110001000001111,34.6583119829438,9.765625e-05
01010010110100100111,24.022447764516944,9.765625e-05
01111111000001110101,30.971213745650203,9.765625e-05
10110111111111111010,18.04142302140766,9.765625e-05
00110100011110010110,20.077882769507344,9.765625e-05
11011000111111101000,18.386231852843082,9.765625e-05
00000000011100111010,61.0207472241309,9.765625e-05
10110001100000111100,18.046708477404973,9.765625e-05
01011000001111001000,20.959795634527403,9.765625e-05
11110010000010110100,23.647862859864087,9.765625e-05
11101011001110101011,32.32703148753074,9.765625e-05
11001010110100111101,36.94671027539361,9.765625e-05
01101010100111101000,33.0504050067799,9.765625e-05
10011011100010101110,21.3135294124695,9.765625e-05
11011111010000111011,25.282930813726665,9.765625e-05
01100000110111111100,44.783153414598914,9.765625e-05
00001001001100001100,24.31826374999472,9.765625e-05
01000100011000111011,33.08780524497848,9.765625e-05
11001011010101001000,26.15553627188496,9.765625e-05
11110010100101111110,23.066352190935277,9.765625e-05
11101111100001000010,34.527562260846985,9.765625e-05
11110000010100011110,14.782328483409731,9.765625e-05
00101010101111010001,50.39281684959518,9.765625e-05
11001000001110111100,24.302916838825784,9.765625e-05
01110000111001111111,30.155875569072474,9.765625e-05
11010000110100000010,12.276861559411605,9.765625e-05
10000011110000101000,18.83316406017889,9.765625e-05
11101111100110101000,28.947332804730905,9.765625e-05
10101010100000000000,49.63603382345701,9.765625e-05
10110101000101111000,15.631561517407242,9.765625e-05
01010111001000100110,37.677465377258066,9.765625e-05
10100011000100101110,31.693620350424762,9.765625e-05
11100111100101010010,18.57005840094898,9.765625e-05
01101001000110011100,21.897743777524298,9.765625e-05
00011100001000001110,20.741642837464198,9.765625e-05
00001010011001100100,44.153215193545286,9.765625e-05
10101000111110111100,52.05958875754999,9.765625e-05
01111111101010100110,30.8902765877952,9.765625e-05
01001010011111101000,30.227933376376125,9.765625e-05
11100100100110001000,14.690628741877012,9.765625e-05
00001000100011100010,36.981755876978056,9.765625e-05
00100101000010110001,22.723692699145335,9.765625e-05
01111111010111110101,18.483463682247585,9.765625e-05
00000011111101011011,44.41652364686138,9.765625e-05
00010001110101111100,36.958112175415216,9.765625e-05
10100111101110010010,22.289498668656258,9.765625e-05
11100101011011000100,14.729642552520769,9.765625e-05
11001101011000011001,14.351207696901035,9.765625e-05
10010000111101010110,41.8919812090789,9.765625e-05
10001001111101111001,37.871296155827494,9.765625e-05
00111111101010110000,22.42805429092445,9.765625e-05
01111000110010010011,12.845873091787563,9.765625e-05
01011100111001000110,17.11724972060406,9.765625e-05
01111101010101100001,14.625830902189477,9.765625e-05
11110101000001010000,23.003880359064993,9.765625e-05
00101101001111110110,15.138858601902996,9.765625e-05
10000010100001110111,48.81928147872786,9.765625e-05
01000111001011100011,27.334531779188644,9.765625e-05
10100000001111101101,51.10923808331021,9.765625e-05
11110011011000010001,20.86236097395701,9.765625e-05
10000000110001011001,46.681643089138916,9.765625e-05
00010101011010001110,38.08361067470257,9.765625e-05
01011000110100111100,22.20757311820824,9.765625e-05
11001011010100000101,30.339590922637207,9.765625e-05
10101000000111100000,44.02759684236814,9.765625e-05
01101101011001011111,13.356475876029123,9.765625e-05
01000110010001101000,17.211038736947256,9.765625e-05
01100100011101110110,22.404492121475204,9.765625e-05
11011111100100111011,24.666426075654996,9.765625e-05
10001001011001110000,25.64677240345667,9.765625e-05
11011111111010000100,23.76803914469928,9.765625e-05
10000001000010111010,29.361499632646268,9.765625e-05
01101110000011000010,23.4628084978155,9.765625e-05
11101000001011010111,32.331679640204015,9.765625e-05
11100001110100001011,18.73615906051264,9.765625e-05
10010101011011010000,20.184029037084986,9.765625e-05
01100101111100010110,16.459602113402198,9.765625e-05
01010010001001111110,28.930932783395594,9.765625e-05
11000100000110011010,17.451998680573716,9.765625e-05
11011100111111101001,11.452102763305422,9.765625e-05
00010100011000110111,32.04859714635861,9.765625e-05
10000001001010010100,26.654736236179968,9.765625e-05
10101000000010011111,48.75943693129577,9.765625e-05
11101111010101011101,38.05622629082137,9.765625e-05
11101000010011110010,30.29758149389306,9.765625e-05
10011100001101010000,13.301615225250824,9.765625e-05
10010011110111001000,14.612761285182112,9.765625e-05
10100110001000100111,34.05519368473628,9.765625e-05
01110010001101010001,19.930923097358637,9.765625e-05
10010111000011110100,19.888053132614008,9.765625e-05
11100001001100001100,15.565077850771768,9.765625e-05
10000111100000001010,18.628703136829266,9.765625e-05
10000101001000001111,25.135470939981282,9.765625e-05
01000110100110000111,23.23624526160259,9.765625e-05
00101111111101111001,24.426107978788544,9.765625e-05
01110100100011110000,21.08930151708419,9.765625e-05
10000011001101100001,27.906100219177944,9.765625e-05
00010001000110100001,25.849095316703966,9.765625e-05
11011100011100100101,7.025613994699636,9.765625e-05
00001111001111110010,14.218861652944941,9.765625e-05
00111010001010000000,22.84916630834668,9.765625e-05
00011111101000010100,21.761431244302454,9.765625e-05
10111000010111100111,37.91029395665611,9.765625e-05
10001110111101111000,31.644107745745764,9.765625e-05
01111000100110010110,15.141919987901254,9.765625e-05
01101010010101001001,47.430224140095554,9.765625e-05
10000011110001100100,23.28489372242292,9.765625e-05
11001010010000010001,36.658564975676164,9.765625e-05
01110111100001110111,23.391890927091293,9.765625e-05
10111011110111010101,40.013823469016984,9.765625e-05
11111011011000010000,35.193598164963106,9.765625e-05
01010001101101101110,43.40161510324438,9.765625e-05
11110011111100101110,13.801076274108143,9.765625e-05
11000110110000010100,12.544363434302417,9.765625e-05
00111111110000110110,22.535928388537585,9.765625e-05
01000001110100010000,23.144560588323884,9.765625e-05
00000001010111100110,42.39929775277576,9.765625e-05
10111100101000001001,15.268141273419534,9.765625e-05
01110001001110011110,23.40960124098638,9.765625e-05
10110100101001010110,17.64087311393005,9.765625e-05
01010000101111110000,41.17276561041419,9.765625e-05
00101111010101101101,30.5979162299124,9.765625e-05
00001001101110100101,33.80428872586039,9.765625e-05
01110100110110100010,18.096091505697867,9.765625e-05
10011001101010100001,20.013136902415205,9.765625e-05
00011101000101000111,12.046588761310229,9.765625e-05
01010001110111001000,29.375445320640473,9.765625e-05
11110111101100011100,21.380399092667055,9.765625e-05
10011111000011010101,24.89963533075487,9.765625e-05
10110000001011000000,21.337265354973766,9.765625e-05
01101010101010011111,29.469196240129715,9.765625e-05
01010101000000101010,47.39242601996607,9.765625e-05
11011001010100010101,14.362703699350135,9.765625e-05
01000011011110011010,24.21617368810557,9.765625e-05
01000111000001010000,12.346236196306734,9.765625e-05
11101001101100111000,19.069615233567998,9.765625e-05
11100101001110010110,18.201806174597927,9.765625e-05
11111001101010101001,22.08372975434327,9.765625e-05
11100110110111010001,22.830578447481287,9.765625e-05
00110000000000101010,21.448354701488896,9.765625e-05
00111111111000111100,21.50833154616945,9.765625e-05
01000010110010101111,37.20767181872289,9.765625e-05
00000011001111010100,28.26203152268708,9.765625e-05
00001011011000111000,25.911252741472747,9.765625e-05
01111010100110100010,19.463691203039623,9.765625e-05
11111101001010000101,30.723238882576247,9.765625e-05
10000011010000000010,23.313898763980205,9.765625e-05
11001011101101111000,20.640002081184164,9.765625e-05
01001000011010010010,22.178710267076436,9.765625e-05
11110100100111111111,15.852379913742478,9.765625e-05
11011110110111110010,13.40982609553281,9.765625e-05
01000001111111110110,48.27177119715648,9.765625e-05
01001011011000101101,18.815561838568154,9.765625e-05
10001110000101110010,32.07686078022397,9.765625e-05
01011010111011100001,20.211153375932028,9.765625e-05
10110010110101111110,40.04526217052205,9.765625e-05
10100001011000000010,21.803353753773592,9.765625e-05
10010110011010110010,23.568471754286826,9.765625e-05
10000110111010000010,28.09173620572031,9.765625e-05
11010100000100110011,12.803089235607498,9.765625e-05
10010101001000100001,23.940154728986656,9.765625e-05
01010100011100000100,16.670446268106083,9.765625e-05
11100011011010101000,19.183075340218153,9.765625e-05
11000000010100101100,23.090619058289455,9.765625e-05
10011000011011111111,37.63190425903837,9.765625e-05
11001011100011111000,16.844154947789022,9.765625e-05
01111010110110100100,20.16582030089446,9.765625e-05
01110101010110010001,15.37246116787827,9.765625e-05
10111111100110101000,28.062774741201054,9.765625e-05
00011010000110011100,27.86828065340605,9.765625e-05
11111110010010101000,30.066892888949354,9.765625e-05
01110001110111100010,20.983071861804333,9.765625e-05
10111101000101101010,20.000658134148587,9.765625e-05
10101000100101111000,45.78553749071837,9.765625e-05
01010010111010111001,28.393734941650727,9.765625e-05
01111010110001011010,23.976693805527077,9.765625e-05
11101010001011101110,35.93596214515205,9.765625e-05
01001010010010111001,26.806215578795182,9.765625e-05
10000000011100011100,49.75011628519005,9.765625e-05
01111011110000100110,18.982436914771355,9.765625e-05
01111100101111001000,15.088347820217352,9.765625e-05
01000011000110111100,19.229796213682622,9.765625e-05
11111010000101010011,46.5074100096703,9.765625e-05
01000010111100000011,35.04477464845577,9.765625e-05
00011111101001111000,21.34622026867643,9.765625e-05
00110100001111100110,23.35353057617813,9.765625e-05
00011001111101101110,29.75611156520878,9.765625e-05
10011110001010110101,23.080606121178132,9.765625e-05
11001001110110111000,18.150830258049538,9.765625e-05
10011011001101100000,23.23785679835075,9.765625e-05
10010010000111010011,33.444139948430625,9.765625e-05
11101100010111101000,21.092523742000598,9.765625e-05
00011110100010110110,21.565661461706835,9.765625e-05
11010111001001000011,30.14209413155436,9.765625e-05
10001001010101111101,39.34064052286896,9.765625e-05
10001010101100110101,51.45028771972965,9.765625e-05
10111010011010101000,33.23266781186837,9.765625e-05
01010000110000110000,22.559755636319604,9.765625e-05
10010100011001110100,22.07455560248294,9.765625e-05
10110001010110011110,23.34281848006184,9.765625e-05
11011001111000011001,16.225431227668103,9.765625e-05
11101101011001110111,14.439295461244408,9.765625e-05
10010101100110010010,24.718968036817248,9.765625e-05
10010100001011101001,23.849095316703966,9.765625e-05
10010100001010100100,25.11951127263921,9.765625e-05
01101001101100000000,15.767341237714547,9.765625e-05
00011001101110110010,28.795548980667206,9.765625e-05
11000100000110111011,21.16172424608244,9.765625e-05
11011000100010100110,15.540933420374698,9.765625e-05
01010011001001000001,19.064804473515167,9.765625e-05
10101010011010110011,58.31202551705551,9.765625e-05
01001110000000101010,18.744423043244993,9.765625e-05
10111001101110100110,17.136951208169307,9.765625e-05
00110110100010000011,15.911599101801883,9.765625e-05
00101110011111010000,33.205100332718175,9.765625e-05
10100100111001000011,24.26203152268708,9.765625e-05
01010011001001111111,26.902310616063854,9.765625e-05
11011001110000101001,14.274005986823184,9.765625e-05
10001101000000111101,18.01628021811336,9.765625e-05
11101001000010111101,25.508331546169458,9.765625e-05
10110011000000101000,23.767085447832436,9.765625e-05
00000010100101010110,49.754708737396875,9.765625e-05
11000111001100110000,17.094037644750465,9.765625e-05
10010010000110111111,33.264832129230115,9.765625e-05
10010101100100111100,21.02324154239058,9.765625e-05
01000111100000110101,20.170618664887797,9.765625e-05
00010110111011111101,34.08537961672164,9.765625e-05
00101010111101011111,66.87754717706048,9.765625e-05
01000010110101101101,41.09329089915484,9.765625e-05
11101100000101001010,21.892180966399266,9.765625e-05
11011110111001011101,16.22978652764567,9.765625e-05
01000111010100101001,18.05520337077324,9.765625e-05
00010100010010100000,23.029794378774994,9.765625e-05
01101011110010100110,18.664994651522214,9.765625e-05
11000011011111000110,21.07005840634716,9.765625e-05
01001100101010101000,25.91845466242284,9.765625e-05
00001010101101011101,55.19654339932309,9.765625e-05
10101101101000101010,18.453143379445276,9.765625e-05
00011101101011101000,30.397972903460794,9.765625e-05
01011101001100010001,19.57921830651322,9.765625e-05
01010010010011010011,20.537517766858475,9.765625e-05
10111001111110111100,22.374636524221653,9.765625e-05
11111100111100011100,9.346519362965495,9.765625e-05
10101101110111010111,25.134060237909658,9.765625e-05
00011100111101100111,23.107384942880486,9.765625e-05
10000000101101111101,58.54526029869544,9.765625e-05
00101110101111110100,30.16490491886146,9.765625e-05
11111100010011110111,14.517638974667406,9.765625e-05
01101101001010000100,17.66608128209157,9.765625e-05
01111011111111011000,17.116766883752135,9.765625e-05
11010110000001100110,22.48922064555369,9.765625e-05
01110001001111111001,27.836423043550145,9.765625e-05
11110010001100101010,20.316699370523242,9.765625e-05
00011001111110011000,27.80238683929899,9.765625e-05
01110000000111110001,22.177023363520647,9.765625e-05
10011011010111111100,26.60629557521077,9.765625e-05
10100101101100011000,16.85758022976801,9.765625e-05
10101011101010100010,28.64498709365349,9.765625e-05
00010101010110101001,27.627726536317702,9.765625e-05
11010100000001001011,17.693620350424766,9.765625e-05
10100011011001101011,34.206425269160334,9.765625e-05
11001011000100010101,31.009445880212564,9.765625e-05
01110110011101101011,16.135929316809502,9.765625e-05
01000000110100101000,37.37505814259502,9.765625e-05
11000101000111001010,20.536776223371497,9.765625e-05
10101000000001011101,56.17181815514069,9.765625e-05
00010001011010001101,31.596814101026737,9.765625e-05
00111111110001101101,20.72856913955918,9.765625e-05
10011110101011000100,23.155189089597904,9.765625e-05
00100011001111001010,24.890509081388657,9.765625e-05
11011000001001110101,17.98630555205893,9.765625e-05
10000011001110001100,23.138223458526326,9.765625e-05
10000111010011111111,23.17982397006368,9.765625e-05
11111001011100101110,14.182795618003,9.765625e-05
01111011101111110111,19.519636117299843,9.765625e-05
00001110010100100100,28.153964622131802,9.765625e-05
10001000111000111011,44.72532277022731,9.765625e-05
00010111010011111010,22.135929316809495,9.765625e-05
11101011100000001101,35.16502545650448,9.765625e-05
00101000101101001101,47.27171872315376,9.765625e-05
10111001010101011001,32.12305966426257,9.765625e-05
00010010011111110010,40.21713456812688,9.765625e-05
01010101110110101011,45.173317148108765,9.765625e-05
10111001100011010001,24.1008100135598,9.765625e-05
11000111000111101010,17.60264713383384,9.765625e-05
11011001110101101101,13.187821262684766,9.765625e-05
11110100001101100000,12.250886234095844,9.765625e-05
01001000100000011111,30.055486537431996,9.765625e-05
10001000001110111100,42.098796856169855,9.765625e-05
10100010000100100111,52.6945740472916,9.765625e-05
10111100011110110110,18.6810767558214,9.765625e-05
11001010011001110110,35.541525775785594,9.765625e-05
11111101011000111001,21.441576472480676,9.765625e-05
01011101111101011001,18.951658959470393,9.765625e-05
10101011000011011111,49.27737229022969,9.765625e-05
10111011011111001101,35.78263227375298,9.765625e-05
01110100100010100110,27.021825322306853,9.765625e-05
11010000100111110110,27.370853075573716,9.765625e-05
10000011011000110101,32.10185054257246,9.765625e-05
01110111011110100100,19.79551346298311,9.765625e-05
10000110001101011100,28.566025306045262,9.765625e-05
11000001010100011101,18.50891308353603,9.765625e-05
00011101101011010111,23.608525271985314,9.765625e-05
01110001001011001010,26.12233667089158,9.765625e-05
00001010000010101001,32.47129434160085,9.765625e-05
10011111001011010111,23.752510564535967,9.765625e-05
00001111111000010101,19.899651171257975,9.765625e-05
10001011011101110000,38.49474359671537,9.765625e-05
00001101010100000101,16.002151521977357,9.765625e-05
01011011001000011000,21.75862095172247,9.765625e-05
11011100000111000000,12.248075941515857,9.765625e-05
11101001110000011011,22.554082795136782,9.765625e-05
11101101011100101100,17.484816523157072,9.765625e-05
11111111000000010010,53.15544317650961,9.765625e-05
00001101010111101000,18.315742142085593,9.765625e-05
10000110101110000011,28.14567773575473,9.765625e-05
01110010111111110000,22.197984618256214,9.765625e-05
00110101011100010101,12.008411505666054,9.765625e-05
00110100101110011011,23.802423303486577,9.765625e-05
01001110111100101100,20.23517964661334,9.765625e-05
11001000111111011100,35.738761553241496,9.765625e-05
01100100001100100000,16.572865885539407,9.765625e-05
10011001011101001100,19.709665940827527,9.765625e-05
00000001000000101110,32.231097827257585,9.765625e-05
11010110111011110001,15.801120830535325,9.765625e-05
00011110011110010100,16.42834714362017,9.765625e-05
01100100010100101011,22.2097246401856,9.765625e-05
11111100111001111011,8.515785823397863,9.765625e-05
00010001110011101010,41.24931189595634,9.765625e-05
01111100011100001100,10.363774402289183,9.765625e-05
01101000001000000110,16.910636540856007,9.765625e-05
00110010011101100100,32.23591400694584,9.765625e-05
11010100001101011001,12.674807086095743,9.765625e-05
10101101110100011100,24.87993375606242,9.765625e-05
10001111110100000110,25.140201843902716,9.765625e-05
10110111101110100100,21.79551346298311,9.765625e-05
11111100000100100010,17.88247336517035,9.765625e-05
00011101010000111100,19.448730305432765,9.765625e-05
00010100100110011100,32.491275257114,9.765625e-05
01101101001001101110,17.46256781401543,9.765625e-05
10001000011011101100,43.47120368361697,9.765625e-05
00010010000001110001,27.165749309251755,9.765625e-05
10110011001101000101,25.5528938341053,9.765625e-05
10010100101101000111,23.38430779705803,9.765625e-05
00111110000111110001,21.60549927281847,9.765625e-05
00111010011101111010,37.53393678555344,9.765625e-05
11010010011111111000,20.506339943185303,9.765625e-05
01001001010011011010,20.374636524221657,9.765625e-05
01001011001011010001,18.202844287855303,0.0001953125
11110000000010100100,15.09156380354041,9.765625e-05
00101000100001011111,46.99484123611185,9.765625e-05
01010110011110101100,20.378754671969954,9.765625e-05
10011000101000111100,26.23703624232649,9.765625e-05
10101110111001111111,42.75536333997465,9.765625e-05
01101010111111000001,37.08545060836435,9.765625e-05
11011000101111110001,20.213466460408775,9.765625e-05
11010000011111001101,24.596749350977376,9.765625e-05
11101101111111000000,13.997786535962842,9.765625e-05
10011010000011001011,31.652050355748905,9.765625e-05
10011011011000010111,30.70074961458977,9.765625e-05
00000010111010001010,44.60682558013575,9.765625e-05
00100001110101101001,37.20767181872289,9.765625e-05
11001100101001101100,14.191278751765813,9.765625e-05
01011010011110100010,15.10470268155709,9.765625e-05
01000011000111101011,27.0690818058356,9.765625e-05
11111111110101011011,26.23735717449223,9.765625e-05
01111011001011010101,22.34793225820882,9.765625e-05
01001110101110000010,16.67845552747268,9.765625e-05
11001110001000100101,22.350876442244285,9.765625e-05
01100010000101100000,29.135470939981282,9.765625e-05
01001101001101110011,15.75039978398755,9.765625e-05
11010001000101111101,16.372365286149552,9.765625e-05
11100111111110110011,20.78848042348193,9.765625e-05
00110011100011111100,22.23487692237679,9.765625e-05
01111101001100011111,18.69429088063285,9.765625e-05
10100101101010011100,22.443256214518172,9.765625e-05
11101101001000010010,21.9605105140226,9.765625e-05
10000100111000011100,31.158356250501903,9.765625e-05
11101110101110001000,24.478125969479116,9.765625e-05
00011110011101100011,16.13094358075893,9.765625e-05
01100011000011011001,21.12711910725461,9.765625e-05
01101000000001100100,24.35400278543197,9.765625e-05
10111101101010011100,23.507377849302607,9.765625e-05
10000010000111100000,37.914991840833565,9.765625e-05
01011010111001000110,20.85905153550033,9.765625e-05
11100111111001011001,15.407918701799135,9.765625e-05
11011011101100101100,18.94451971500117,9.765625e-05
01010001000111101010,35.99579222295615,9.765625e-05
10111110101110110000,23.35465738800975,9.765625e-05
10000101100010101101,26.579168439213994,9.765625e-05
00101010001010110010,36.6214561430108,9.765625e-05
11001000111100100010,22.48887337613943,9.765625e-05
01100001000001100010,18.128536258059647,9.765625e-05
11011101100110110011,21.241820752258008,9.765625e-05
00000001101010011011,52.26854803067895,9.765625e-05
01010011000100000100,13.221423844398668,9.765625e-05
10101101100001001000,19.821627240013484,9.765625e-05
11010111010001111010,19.62373715424706,9.765625e-05
00100110101010011100,26.379463124367934,9.765625e-05
00111000010111101101,36.03632870246179,9.765625e-05
10110000100101001101,25.089079383400115,9.765625e-05
11011101000111011111,17.48066307570456,9.765625e-05
01111000010001001011,18.005138482729123,9.765625e-05
10111100010000011011,21.462567814015433,9.765625e-05
11110001111001011000,11.032196270589374,9.765625e-05
00000010101011111100,53.57717683622984,9.765625e-05
11111100010111101101,15.622654691702568,9.765625e-05
01101100000111010000,14.283153409200732,9.765625e-05
11110111101010101110,33.913042905802314,9.765625e-05
01101101001000100000,20.17940994252259,9.765625e-05
01110100011011001001,17.12144969967558,9.765625e-05
11101010011011010011,47.62961529239855,9.765625e-05
00110001011101110101,24.245835856759296,9.765625e-05
10011010001000101010,26.04171929691079,9.765625e-05
01010000001010100011,35.21069249622133,9.765625e-05
10011001000110000100,17.894933484944307,9.765625e-05
10001110001111100010,25.756355144535267,9.765625e-05
11110011011001001110,17.25788204695918,9.765625e-05
01011001100011110001,24.686974353173987,9.765625e-05
11100000011001101110,26.98829808576439,9.765625e-05
10001111100010100111,21.761061158370683,9.765625e-05
10111000110101101000,28.255430598304677,9.765625e-05
10001000101111100010,39.785170849230205,9.765625e-05
01011001111111100001,23.202051244402732,9.765625e-05
10101010000111010101,78.22800884115077,9.765625e-05
11001001111011100000,15.012185915570907,9.765625e-05
11011011101011010110,21.69229656762615,9.765625e-05
01001010111010001101,28.338566234127658,9.765625e-05
00010111100110010000,18.166442743104554,9.765625e-05
11001110010100101010,20.52682522831997,9.765625e-05
11101111000101110110,34.23717332316599,9.765625e-05
01111111011011101111,19.741089106936585,9.765625e-05
10111011001000010111,41.26969533040001,9.765625e-05
10001010111110111001,52.111661208684566,9.765625e-05
01011011001010000000,19.76803914469928,9.765625e-05
10000000100101001001,40.17488152758025,9.765625e-05
10001110011010000001,28.54095214515474,9.765625e-05
10001011101101101111,33.4134167628748,9.765625e-05
11110100001011111000,18.599846527290804,9.765625e-05
10010110011010000101,20.486287828889388,9.765625e-05
01011111111101011100,14.740331537852278,9.765625e-05
01001101011111110101,14.505446741215769,9.765625e-05
00110101100011110111,25.237105884730266,9.765625e-05
10001100111101011110,34.62998529120311,9.765625e-05
01000111111101011101,18.67724177473186,9.765625e-05
10010100000001001010,18.046708477404977,9.765625e-05
00101100000011010000,19.963624374023592,9.765625e-05
11101110110111000101,35.9711247528087,9.765625e-05
01110100001111101000,23.64087311393005,9.765625e-05
11111000010000111100,19.94576906171347,9.765625e-05
01010001111011001101,36.94882881504536,9.765625e-05
00000010010111101100,52.430081215249004,9.765625e-05
00100100000110000000,18.78916282131053,9.765625e-05
01111010100111000011,23.418357218916945,9.765625e-05
11001111000010010101,22.761148077643696,9.765625e-05
00101101100011001001,18.561498757531353,9.765625e-05
00110111011001010000,13.953875955078352,9.765625e-05
11010000100101011001,18.202478369948388,9.765625e-05
00101110010011110001,35.910013375064665,9.765625e-05
10010110111010000010,22.18300434857544,9.765625e-05
11010010101111100000,20.930932783395594,9.765625e-05
01001100001010100100,16.10160714874985,9.765625e-05
00011010100111000111,31.391311827116187,9.765625e-05
11001100001111111101,16.1696392672265,9.765625e-05
10011110111111111000,18.755373026011608,9.765625e-05
01110010111111100100,22.121378708032864,9.765625e-05
11011111011001110010,23.25027108919909,9.765625e-05
10101111111100000001,33.33181809191862,9.765625e-05
11111001101111000100,16.114031027258463,9.765625e-05
11111111100000111010,39.96155215885079,9.765625e-05
00111010110111011100,41.582395996638624,9.765625e-05
00110011110001100110,17.755709406036523,9.765625e-05
01010011100110010011,23.521287416044338,9.765625e-05
01111111011111010000,16.915649974982152,9.765625e-05
11100110001011111000,20.906171210820656,9.765625e-05
10011000100110000110,24.340480603875754,9.765625e-05
00011110110011110101,20.73613615686792,9.765625e-05
10101111001010101011,30.439636489065315,9.765625e-05
11001011011110101001,21.759156474659548,9.765625e-05
11011001111110110001,15.882373962710638,9.765625e-05
11001011101110110110,20.04169015167273,9.765625e-05
01000001011110101001,39.999017157895096,9.765625e-05
00010001000100000001,17.001188139073562,9.765625e-05
10000110100110111100,26.07455560248294,9.765625e-05
01001000000011111010,28.02662368630019,9.765625e-05
10000001100010100010,27.48757622485659,9.765625e-05
00111100111011010101,16.066281199292572,9.765625e-05
01000011111110110010,32.006465193530154,9.765625e-05
11111101011111010001,15.54935396478384,9.765625e-05
00100111110111101010,22.353369013678737,9.765625e-05
00110001001110001000,19.939325346301725,9.765625e-05
11010100100111000011,18.689431211033757,9.765625e-05
01100001101000100001,23.934161249905344,9.765625e-05
10010001000110100100,18.739381285429047,9.765625e-05
00110010101111010001,28.629026506386477,9.765625e-05
00101100100111010000,21.01218591557091,9.765625e-05
01001110001011101110,18.58572679361051,9.765625e-05
01001001001000000101,16.181540018857536,9.765625e-05
00011001100010110100,24.203201890600376,9.765625e-05
11001110111011010001,18.44715615279713,9.765625e-05
11001111010001110111,19.756020445434906,9.765625e-05
01010111001111101110,32.21720909134041,9.765625e-05
01100100110101101110,26.603835909361443,9.765625e-05
01000110111101101010,31.311958693437653,9.765625e-05
11000100001101011111,22.07429554660896,9.765625e-05
00101010000101101100,54.91595875530817,9.765625e-05
10111111010000111111,36.403319360705105,9.765625e-05
11000101000011000010,20.66196313434327,9.765625e-05
00101011010101001000,39.90058071245987,9.765625e-05
10100010100111010101,57.12934599603959,9.765625e-05
11100000000101100010,24.471294341600853,9.765625e-05
10110010100101000000,27.041630391196488,9.765625e-05
00100001001001000111,24.251238748891126,9.765625e-05
00101100111001011000,24.611782796605937,9.765625e-05
10010011011101001110,21.59269595327844,9.765625e-05
00010000101100101111,50.86538688599666,9.765625e-05
10101000010101011100,66.61873787928981,9.765625e-05
00001011110101110000,33.21067209545909,9.765625e-05
10010010110000111100,26.878921550739566,9.765625e-05
00001101101000111111,29.18880867629828,9.765625e-05
00011111001010110011,19.995639808416335,9.765625e-05
01111011000011101111,25.101657946360717,9.765625e-05
00100010001011001011,39.379964071182044,9.765625e-05
10010001010111001100,20.047995022725924,9.765625e-05
10001101011100001100,18.298198418091047,9.765625e-05
00010100111000100011,34.952351261315826,9.765625e-05
01010001000111111000,31.627726536317702,9.765625e-05
01011010111011011100,22.06725779980413,9.765625e-05
10011110100100101110,21.631571203444203,9.765625e-05
10010010001101101000,25.166725909763315,9.765625e-05
11000001110000111111,23.157379649990343,9.765625e-05
11110111011100100010,26.04647339874421,9.765625e-05
10001110111111111001,33.10849051620976,9.765625e-05
11010100100110001000,18.396949983412657,9.765625e-05
11010111011001010010,21.62373715424706,9.765625e-05
01010010000101010011,21.68756837372726,9.765625e-05
10000101110110101110,30.689781837764418,9.765625e-05
00100010010101101111,60.53471716031544,9.765625e-05
01100100001100111101,22.513306491207363,9.765625e-05
10000010111000100011,43.51799304584167,9.765625e-05
11010100101000101001,24.55103535032753,9.765625e-05
10110110100000000100,23.774909810992618,9.765625e-05
10011101111100111110,18.52368462264436,0.0001953125
10010111011010110110,25.490093664740858,9.765625e-05
10000111011101011111,25.708581160904423,0.0001953125
00001110010111011111,36.39281684959518,9.765625e-05
10001011101010111000,23.899651171257975,9.765625e-05
11000010010001001100,23.414198781142993,9.765625e-05
01111000100111000000,15.821157533642122,9.765625e-05
11001000011001001101,28.786287778681178,9.765625e-05
01110010100111111111,28.04501368874965,9.765625e-05
00010101110100100101,24.95542440691954,9.765625e-05
10011000000010011100,26.409531892849856,9.765625e-05
10111101111100111111,14.515785823397861,9.765625e-05
00010011010100011101,19.384307797058028,9.765625e-05
01010100101001111010,43.39797561348333,9.765625e-05
00101111100101010001,23.604606794430183,9.765625e-05
00011111001011011011,16.972918672040976,9.765625e-05
11001101111101101001,13.790158364582014,9.765625e-05
11101110011010011011,28.76507625207561,9.765625e-05
10001110010100111001,34.517128989110205,9.765625e-05
01100011000010100001,22.087442211348502,9.765625e-05
01100000000001100000,20.833164060178895,9.765625e-05
11001000111001111011,31.407296172461844,9.765625e-05
11001101001110000010,18.216376155448476,9.765625e-05
00001100011010000111,26.069570884280875,9.765625e-05
11111100010101101001,14.786089028412956,9.765625e-05
11000100101111011101,26.344238351729235,9.765625e-05
11011001001011110000,17.930065282220518,9.765625e-05
10100110011100101011,34.51895027427932,9.765625e-05
10011110111110001101,19.64087311393005,9.765625e-05
01011101110011111111,25.608525271985314,9.765625e-05
00010011001001110101,23.607487158727942,9.765625e-05
00110001110100010110,18.06725779980413,9.765625e-05
11111001000100001010,25.455097609156724,9.765625e-05
11100111100001100100,19.8138028768533,9.765625e-05
11011010111110001010,17.295609350110016,9.765625e-05
00100111100100011100,17.733380634033075,9.765625e-05
11011011111001000000,18.861316619106287,9.765625e-05
01000111110110100011,25.892635811656678,9.765625e-05
00001000000101110001,44.20720023512673,9.765625e-05
11010101110010111110,30.681061551772345,9.765625e-05
10001100001100110001,19.450219241809243,9.765625e-05
01110000000010000001,14.245750373852413,9.765625e-05
10111010111010010011,36.49970371909869,9.765625e-05
10010011111000001110,19.8935616141477,9.765625e-05
01010100111110101100,40.713069394584494,0.0001953125
10001001001100000111,27.97014712360881,9.765625e-05
00010001000101100110,25.66179253310079,9.765625e-05
10101100100111010010,25.10279528782341,9.765625e-05
00110111100001100100,19.374698564248476,9.765625e-05
00110101010000100101,16.51704912213899,9.765625e-05
01011110101010001110,24.088672833280754,9.765625e-05
00101011011101111100,42.61894494471987,9.765625e-05
01010011011011111011,26.72469803721716,9.765625e-05
11101100001110001010,17.567784354887316,9.765625e-05
01111001011000000100,10.694584467749628,9.765625e-05
11100001111011101101,22.740693738684516,9.765625e-05
11000001011001010010,18.315742142085593,9.765625e-05
00001011000010010100,21.69177344074857,9.765625e-05
10011100001011001110,21.04258408806333,9.765625e-05
01111011010111100111,20.730299043163164,9.765625e-05
10101111001001011011,34.605570264461186,9.765625e-05
01001101100000010111,18.170618664887797,9.765625e-05
10110111100100010000,21.203885638416224,9.765625e-05
10110101110010111111,22.206425269160334,9.765625e-05
11001010000101100000,33.47504490629986,9.765625e-05
11001010011010010011,31.833812421163323,0.0001953125
10110110111110010110,23.469196240129715,9.765625e-05
00001101010111110100,18.164914604898417,9.765625e-05
00110101110001010011,13.283897749837445,9.765625e-05
10010101100111000011,20.857455289928424,9.765625e-05
00110100000111000000,12.002395650221036,9.765625e-05
10001010111111000100,54.7869946372818,9.765625e-05
01011011001101101010,21.253333416758476,9.765625e-05
11100101100100100011,18.473821467522086,9.765625e-05
11010011110111101000,12.113966277209101,9.765625e-05
00101100110110100110,26.600418378620425,9.765625e-05
00011010010001010011,33.46895211188604,9.765625e-05
01110011111011010011,16.32564276917889,9.765625e-05
11001010000000100011,30.580772999947747,9.765625e-05
11010000000101100001,14.89887685258545,9.765625e-05
10011011111010001101,20.85336349026845,9.765625e-05
10101001100111111010,31.088318674979284,9.765625e-05
10000011011100100100,28.178385254013033,9.765625e-05
11110001011110111001,17.84593086582251,9.765625e-05
11100111001000010000,26.153376843171884,9.765625e-05
10110010011011110000,34.68943121103375,9.765625e-05
00100001010010101010,30.29925779148695,9.765625e-05
01101001010100111001,27.186900548143537,9.765625e-05
01000100000110110100,23.663478702235516,9.765625e-05
01000010011111110101,44.611378047424,9.765625e-05
00101110101101110010,26.77641423484559,9.765625e-05
10101001110010100101,30.42417122183692,9.765625e-05
00100010111111001100,52.3819040545974,9.765625e-05
10000110100001110010,24.87957959776095,9.765625e-05
10110111001101010001,21.190648697087262,9.765625e-05
00111110100000010111,23.88805313261401,9.765625e-05
01000101011011110111,33.17239552448241,9.765625e-05
10100110001011010010,31.0265171878132,9.765625e-05
11111100100010001000,20.823483835726634,9.765625e-05
11111010101101100000,29.074927761983204,9.765625e-05
01011110110001110101,14.972947730151844,9.765625e-05
00101000011001001111,47.760832772253444,9.765625e-05
00011011010100010110,22.599846527290804,9.765625e-05
11111000111011010010,15.133128710266469,9.765625e-05
10111111101010110100,30.046473398744197,9.765625e-05
10010100111010010111,30.393734941650727,9.765625e-05
11101111000011010000,37.80133380546346,9.765625e-05
11000011010101111100,17.358689340066277,9.765625e-05
01111010010001011100,31.348055418747176,9.765625e-05
10101001101010000100,22.95889971169551,9.765625e-05
11010110111101001001,11.295609350110016,9.765625e-05
00001010011111100111,56.4105870110937,9.765625e-05
01000101100001110001,26.900010847571544,9.765625e-05
10000111111111100110,26.198036150697813,9.765625e-05
01111010110001110101,28.60629557521077,0.0001953125
10101000101100001000,34.67044626810608,9.765625e-05
10001010011111011011,62.20971589570977,9.765625e-05
00000111100111101011,26.715036450417745,9.765625e-05
10001111101101100010,18.551903907222588,9.765625e-05
10000001110001100010,26.38623185284308,9.765625e-05
00110100000111000110,17.096653463850473,9.765625e-05
11111101000101110101,21.386311159647633,9.765625e-05
11000101110010011000,18.34423116857476,9.765625e-05
01011001111011101000,27.16203758666759,9.765625e-05
01111111110101100011,19.75251056453597,9.765625e-05
11010110011100110001,11.246786734840214,9.765625e-05
11011111010101011000,21.540046536285892,9.765625e-05
01001100000001010011,12.506435824914023,9.765625e-05
00110001011111100111,26.451326801126708,9.765625e-05
00000110101011101001,34.39373494165073,9.765625e-05
00100000111000100100,40.54058622724782,9.765625e-05
01011010101100010101,21.474104634180843,9.765625e-05
11111100101101010101,10.942588683201706,9.765625e-05
00100101101000000001,18.808084657695026,9.765625e-05
00010000000001011111,38.345015282047626,9.765625e-05
00110111101000010001,18.02916058538557,9.765625e-05
01001011100111011110,20.84587309178756,9.765625e-05
10001110101011101110,26.631484284171187,9.765625e-05
11100010110101100101,40.13032810372343,9.765625e-05
00010101111011110011,43.356707728226155,9.765625e-05
00001010010111111000,51.28537061194876,9.765625e-05
10011100000110011101,16.916906210581665,9.765625e-05
10000001001010101011,34.881398085780326,9.765625e-05
00001111101000001110,20.44560218294385,9.765625e-05
11011110000101000010,25.73354154923861,9.765625e-05
01000101100011000101,27.785135331546112,9.765625e-05
00101111100111100011,19.06257081585583,9.765625e-05
00010000100110101111,49.97375121569863,9.765625e-05
00100010110000011100,42.714896637919516,9.765625e-05
11110101111110101011,24.135929316809502,9.765625e-05
01011001011100100110,14.733425924881328,9.765625e-05
01111001011111001101,15.735923796348,9.765625e-05
01100101000100111100,19.893050246875568,9.765625e-05
10011110111101010000,22.34334867049069,9.765625e-05
11011111100110100100,25.085717825756618,9.765625e-05
00101011101010111111,30.968126462513787,9.765625e-05
00110011000110111110,23.038635632472392,9.765625e-05
10001110111010101100,26.735019009437075,9.765625e-05
01001001011100111110,24.107876818475503,9.765625e-05
01011100000011111111,20.155166185953185,9.765625e-05
11011111010000011000,28.73765969698691,9.765625e-05
01001011110001001011,22.112109681495955,9.765625e-05
11011111000011001110,30.525632697889662,9.765625e-05
00101001000000000110,20.46944472190212,9.765625e-05
00001111001111110011,15.754115979703649,0.0001953125
10101001000010000001,32.30325786664669,9.765625e-05
10010010001000111101,29.229796213682622,9.765625e-05
00111110110100010000,20.87210939290224,9.765625e-05
11101101000001100100,22.208905950589767,9.765625e-05
00111101010011011101,17.01485784356348,9.765625e-05
11100001111010101110,20.31746028608413,9.765625e-05
00010010000001111110,34.311566220302346,9.765625e-05
01110001101000101001,29.26717164892239,9.765625e-05
01000010001111110110,38.9807792764665,9.765625e-05
10110001000100010110,19.39477284776804,9.765625e-05
10110000110010110010,24.050334015137192,9.765625e-05
00111100100011100000,14.128536258059649,9.765625e-05
00111001100010100110,17.64462191016764,9.765625e-05
00101101100011100001,16.444284641738587,9.765625e-05
10001001101100010110,28.150830258049538,9.765625e-05
00011100010011101110,22.44704060472724,9.765625e-05
11111111000100011011,42.85372688365669,9.765625e-05
11100100001100100000,13.731228377634656,9.765625e-05
10111010001111001011,40.37259972835628,9.765625e-05
11101011110011101101,29.652050355748905,9.765625e-05
10111101000100011010,24.891897799740505,9.765625e-05
00000111000010100011,22.646541787088015,0.0001953125
00011110001010101001,15.821273081712015,9.765625e-05
01000000011000010111,35.69581435526081,9.765625e-05
11110111111001110111,18.08360306223411,9.765625e-05
00101110101110101000,23.430440891562576,0.0001953125
11110101110101011001,9.22883210719758,9.765625e-05
00101111000101111011,26.07871767020437,9.765625e-05
01000110101101010101,22.07429554660896,9.765625e-05
01111011110010010100,17.730593539365067,9.765625e-05
00110011000010010100,18.35738575088984,9.765625e-05
00000111101011100111,30.863092744279832,9.765625e-05
01001111010111101101,13.490042132299262,9.765625e-05
10111110110101111011,29.33453177918865,9.765625e-05
11101001000001001011,27.728736943651924,9.765625e-05
01011111001010001110,30.720351356760204,9.765625e-05
11111111011011010001,31.835717192001667,9.765625e-05
00010010011101100100,33.958397121375214,9.765625e-05
00111000001000011000,20.78740656961822,9.765625e-05
11011100010010010001,8.611505871540524,9.765625e-05
10010000010000100100,20.378085921063104,9.765625e-05
10101010000011001000,55.3330592214361,9.765625e-05
10010110000011001001,15.734299754776952,9.765625e-05
00011100001000100011,15.08656838145288,9.765625e-05
10101111101001010101,32.37756589644235,9.765625e-05
