bitstring,energy,prob
00011011110101101001,21.208528703139702,9.765625e-05
11110111110111101111,16.344883169893386,9.765625e-05
01111001000010000001,21.59332106768305,9.765625e-05
01110011011011010011,15.744672798264151,9.765625e-05
01111011101011110101,20.66272341345011,9.765625e-05
10110111101110111001,19.48217519915319,9.765625e-05
01010011111111010100,19.091019661082726,9.765625e-05
11010011111100001000,12.046708477404975,9.765625e-05
00111111110001101010,20.046341923044004,9.765625e-05
11001100101011110011,15.634060145384272,9.765625e-05
01101001110001001010,17.82115753364212,9.765625e-05
01011010101100000001,18.740341223889235,9.765625e-05
11011001000010001001,21.956144483127925,9.765625e-05
10011111101110010100,20.956759949323597,9.765625e-05
01110101111011011110,27.926595299112957,9.765625e-05
01011010110101111000,23.361499632646268,9.765625e-05
00100000000000010011,33.29471687172173,9.765625e-05
11101110011001011000,33.780594411780896,9.765625e-05
01000011011000000100,11.988710018100805,9.765625e-05
00110111111100100110,17.93092309735864,9.765625e-05
01110011011110011101,14.345619086604874,9.765625e-05
00010011000011100010,20.65018127684906,9.765625e-05
01101011111010110011,21.97290889887682,9.765625e-05
01010111010110100001,19.511132152712484,9.765625e-05
10100101100000111000,17.89305024687557,9.765625e-05
10110100000011100010,18.88702844410446,9.765625e-05
11100011110010010110,18.247834435757866,9.765625e-05
01100110000000011010,18.16007346377913,9.765625e-05
00110110000101001110,19.448900732011197,9.765625e-05
00111100011100101100,15.392276853526171,9.765625e-05
11000101010011000100,12.046708477404973,9.765625e-05
00011100111011001111,28.2703371663202,9.765625e-05
11101101100110010110,16.666593694243865,9.765625e-05
01110111110111011100,12.82255691701042,9.765625e-05
10011100011000111001,13.55059053404218,9.765625e-05
01011001010110110100,13.720269650392211,9.765625e-05
11011100111001010111,11.212525246728635,9.765625e-05
11110000100001100100,12.433916930759613,9.765625e-05
01111000010010100011,12.691345580781853,9.765625e-05
10100111101011001110,20.644408815226647,9.765625e-05
11000001010010100000,14.188156870870245,9.765625e-05
11111100111101011111,9.68756837372726,9.765625e-05
00011111001110000110,16.508315618539154,9.765625e-05
00101110111111110001,34.154238320733484,9.765625e-05
11010110100110111000,13.730569607032024,9.765625e-05
00011110000110110101,16.18470301173668,9.765625e-05
00111111100100101110,22.862360973957006,9.765625e-05
00011110110010011110,21.14191998790125,9.765625e-05
11011100111010101101,14.203201890600381,9.765625e-05
10010111010101001001,11.017119395598634,9.765625e-05
01011100010011110000,10.566638062218392,9.765625e-05
01111000001010111110,18.293746512803523,9.765625e-05
10010011101011001001,19.644408815226647,9.765625e-05
00001111101100110011,20.34086789113769,9.765625e-05
11110000101010100111,19.17606342506046,9.765625e-05
00000110001000110001,24.6086502118249,9.765625e-05
01101101000001100001,19.524654334268703,9.765625e-05
01011100001001000011,15.610536247043383,9.765625e-05
11000110010101001000,14.741642837464195,9.765625e-05
01110001010001000000,9.92151261481731,9.765625e-05
11010110010001101010,16.241141259594222,9.765625e-05
01101000010111110111,40.37179084481025,9.765625e-05
10110110111000101001,17.15141812413666,9.765625e-05
11010110011100010011,13.763881136987631,9.765625e-05
00010011001101001101,19.052989721232205,9.765625e-05
00111011001010101011,21.193333755560403,9.765625e-05
00011100010011110001,14.256419899982811,9.765625e-05
01001111111111000000,12.73154994625445,9.765625e-05
10100101101100000100,15.38946656094618,9.765625e-05
00011111110000010011,17.871751790157163,9.765625e-05
10011111001001011101,24.02096061828152,9.765625e-05
10110100100100100101,12.18122843054196,9.765625e-05
00110001000100000000,11.202254435326887,9.765625e-05
01110100000010110111,20.53579962285994,9.765625e-05
10011101101101010110,16.279372757702532,9.765625e-05
01111001011010110100,12.55408279513678,9.765625e-05
10111100111001110111,17.34292081052397,9.765625e-05
11111100100100101110,14.558207184478427,9.765625e-05
00100111001110111010,23.087228305699064,9.765625e-05
01111100100000100011,15.331818091918624,9.765625e-05
11011110011010011000,15.409248726191098,9.765625e-05
10011101110010101010,20.74790282115289,9.765625e-05
11110001010111011010,16.34561908660487,9.765625e-05
10101101100111110010,17.12257047705391,9.765625e-05
10001111111010111110,21.568471754286826,9.765625e-05
11010011110100001111,12.959380992168446,9.765625e-05
00111111111111100100,13.829569039308174,9.765625e-05
00001111001101111100,16.640002081184164,9.765625e-05
11010110001100101011,19.269701484866157,9.765625e-05
01100100000000001010,17.721425629098086,9.765625e-05
01111100100100000011,10.110391537497417,9.765625e-05
00110001000110001101,20.172834751410647,9.765625e-05
11111100110110111101,10.310728071505402,9.765625e-05
11010111010100010000,16.30047870574606,9.765625e-05
01001111010010101111,16.867020886235736,9.765625e-05
10011110101011100001,18.34299180216668,9.765625e-05
11010000100000010001,12.422077473894513,9.765625e-05
01101110101000010010,17.756563667967647,9.765625e-05
11110011101110111110,19.34691027972181,9.765625e-05
01011111110001111101,17.46746841009422,9.765625e-05
11010010110000100000,10.547822811448082,9.765625e-05
11000011001100000011,22.844154947789026,9.765625e-05
01000111010101110101,13.568471754286826,9.765625e-05
01111001010110101010,16.887028444104462,9.765625e-05
11000101010100001100,11.650380936202412,9.765625e-05
11110010100110101110,18.84611722003124,9.765625e-05
11001001000001000100,14.027850656648774,9.765625e-05
00111001101110001010,17.890676885481398,9.765625e-05
00011111110111000000,10.57689720114189,9.765625e-05
11000100001011100000,19.545959974141585,9.765625e-05
11010110110000000011,14.661963134343274,9.765625e-05
11000110011011111011,22.13693799056155,9.765625e-05
00110100100100111000,18.178385254013037,9.765625e-05
01111101111101010001,9.06861926098253,9.765625e-05
01011011110011001010,17.074722584617753,9.765625e-05
11100111111101000000,16.241141259594222,9.765625e-05
10010100000100001011,14.64972216559978,9.765625e-05
10010111011100011011,18.250516148164074,9.765625e-05
01111111111011000110,18.080735730040242,9.765625e-05
00110110101110000111,17.61960560338713,9.765625e-05
01001101000100100000,16.296928670616513,9.765625e-05
00111101110100011001,14.057997735722921,9.765625e-05
11111100111000000001,10.248075941515857,9.765625e-05
10010110100001010001,15.962654015105382,9.765625e-05
10110011111011000011,20.288271599931,9.765625e-05
10011110101110011011,18.40976832149787,9.765625e-05
11011100001111010001,9.839439247916648,9.765625e-05
01010011011000010100,12.424583154173336,9.765625e-05
01111100111000110111,8.447156152797131,9.765625e-05
10110100010101100101,17.233434969022603,9.765625e-05
01111101111011100110,17.931861601016244,9.765625e-05
11011011110010111010,16.86702088623573,9.765625e-05
01001101010110010100,10.51050244022072,9.765625e-05
11100011101001101100,16.30882067777172,9.765625e-05
11010011101101011111,20.34691027972181,9.765625e-05
11110011000010111101,23.377505412384856,9.765625e-05
10110100101001011001,13.811774945476607,9.765625e-05
01110011110010000111,13.363666994717073,9.765625e-05
01010010110000100001,16.916848436546715,9.765625e-05
00111100000111001110,16.959380992168448,9.765625e-05
11000100101000011000,16.621751498589,9.765625e-05
01011011011000001101,15.70014383443105,9.765625e-05
00110011000001010010,18.912717892738918,9.765625e-05
00111101100101000010,11.041684720787828,9.765625e-05
01011000000010001001,18.046708477404977,9.765625e-05
11110110110010100011,17.368000300135037,9.765625e-05
10011111101010001000,25.21174288552534,9.765625e-05
01101100000000111001,17.988393967493113,9.765625e-05
00011111110110110110,16.82591706636043,9.765625e-05
01010011011000110010,21.111332751177557,9.765625e-05
11011100100100110011,9.12261827078464,9.765625e-05
00111100101110000010,9.16293901667177,9.765625e-05
01100101010000001001,19.30041469011777,9.765625e-05
11011000111010011101,18.11438091956806,9.765625e-05
01110110100000011010,18.759011574211527,9.765625e-05
11111101100011111101,21.899635330754872,9.765625e-05
11010011101100011110,19.15141812413666,9.765625e-05
01111001011011111110,16.160661537006316,9.765625e-05
11011000010000001001,12.910578766821061,9.765625e-05
11001101011000101000,14.533695894613317,9.765625e-05
00011011100001000010,18.960399439084647,9.765625e-05
11011000010011000010,14.848764062047216,9.765625e-05
10010100000100000110,16.78740656961822,9.765625e-05
10100111101001111110,21.490042132299262,9.765625e-05
01110100011111000100,12.91267251476347,9.765625e-05
01010110111111111111,30.885903618714135,9.765625e-05
11011011110000001000,19.175666353837997,9.765625e-05
01111101101001001110,25.124821091031876,9.765625e-05
00011101011001011001,15.372423060184492,9.765625e-05
01001111110011100100,12.554082795136777,9.765625e-05
01100001101001000100,15.00651379796933,9.765625e-05
11111001110100010010,15.508331546169458,9.765625e-05
11011100001100000001,11.10127869124284,9.765625e-05
01011101011101000011,14.447396836597203,9.765625e-05
01111000111110000001,12.130328103723436,9.765625e-05
11110100110101001100,7.676310981509738,9.765625e-05
11011100110100111011,7.486364251417001,9.765625e-05
01111100011100101100,11.346519362965497,9.765625e-05
10110011101101000100,19.09671821389983,9.765625e-05
00101101101001100110,13.844142464602328,9.765625e-05
11110000110100001110,10.45769471966852,9.765625e-05
10110001100110001011,19.018175030283672,9.765625e-05
01101101111110000010,14.324111801347007,9.765625e-05
01011100010101111001,10.766315825623744,9.765625e-05
01111010010000000100,26.401766038145695,9.765625e-05
11101101101100100000,17.386340217758498,9.765625e-05
10011101101010110011,23.410838300855666,9.765625e-05
01011101011000101011,28.03237032711528,9.765625e-05
11101101110010001001,21.26779409113248,9.765625e-05
11001001110010000001,16.181228430541957,9.765625e-05
01011101001011100000,29.738591959051163,9.765625e-05
00011110001000101100,20.640356239485634,9.765625e-05
11000111110000011111,14.36026276912067,9.765625e-05
00111100110101000001,10.183004348575444,9.765625e-05
10111101111110101011,14.246671481037577,9.765625e-05
01111010000111101010,25.213415015094377,9.765625e-05
01101001000011111010,21.490042132299266,9.765625e-05
00011111100111010010,14.517638974667403,9.765625e-05
00010111000101110000,14.614306478083558,9.765625e-05
11111001101101110110,14.34299180216668,9.765625e-05
01011110100100010111,15.871761476194122,9.765625e-05
00011111010101101010,14.45087214137317,9.765625e-05
11010011011110110010,18.825917066360432,9.765625e-05
01110110100101110110,17.490042132299262,9.765625e-05
10001000111010010000,37.96050593757163,9.765625e-05
11110100100101001010,11.512940660427645,9.765625e-05
00101101010010110000,18.327060545641608,9.765625e-05
01010100111000010010,28.01253933945131,9.765625e-05
01001011000110111100,17.586709635715415,9.765625e-05
10010011011000101001,17.213434387168288,9.765625e-05
01111001110001101001,18.247834435757866,9.765625e-05
01101100111010111101,20.341428059149244,9.765625e-05
01111100011100101111,10.310728071505403,9.765625e-05
01001011011010100000,13.52369086423771,9.765625e-05
01011111010001101101,18.782279758957696,9.765625e-05
00001111000101000001,15.498891183968995,9.765625e-05
01110100110011010101,13.188226219006769,9.765625e-05
00101100001000001111,22.18122843054196,9.765625e-05
00100101001010100000,23.914991840833565,9.765625e-05
11000100011000011110,18.411693100864166,9.765625e-05
01000101111100010001,27.016325508961607,9.765625e-05
00011101010110011101,16.008411505666054,9.765625e-05
00101101101100000100,13.767341237714545,9.765625e-05
11110001111100110010,12.442431490469048,9.765625e-05
11011000000010101100,14.680486903292984,9.765625e-05
01110111111110010101,13.635749013292061,9.765625e-05
11011000011000000000,9.94978686544093,9.765625e-05
01111001101100000110,13.349009115614017,9.765625e-05
01110110011111100110,17.569232756974912,9.765625e-05
10010110100111111001,16.46900364432764,9.765625e-05
11001111011010111110,14.997801740011901,9.765625e-05
10110001111010110000,19.772576532893694,9.765625e-05
10110001000110101001,19.91176690589462,9.765625e-05
00111101111010010011,13.4507914636935,9.765625e-05
00111111111100100001,15.584496171678254,9.765625e-05
01000011110000011110,18.60761311641604,9.765625e-05
10111101111101001001,12.463633429004684,9.765625e-05
11111001111110100011,13.405027731539478,9.765625e-05
01001101010010010010,13.974878027530243,9.765625e-05
10100111011010101110,26.463633429004684,9.765625e-05
10100011000001001001,31.77352825415906,9.765625e-05
01011110000101001100,17.955193496283627,9.765625e-05
01010010110110011001,20.14061557717655,9.765625e-05
11110101110111110101,11.346968053756758,9.765625e-05
10000101000000001000,16.206683436969698,9.765625e-05
11110100011101000001,7.2498518595493415,9.765625e-05
11011011011101100111,20.87395643837348,9.765625e-05
11110000001010001101,17.1597982038561,9.765625e-05
01110101010101010101,8.664994651522218,9.765625e-05
01001110110010011001,15.374668390322082,9.765625e-05
01101100101110110000,13.470258949205839,9.765625e-05
11100101010011100010,18.15421873067969,9.765625e-05
11010100010001100000,10.181540018857536,9.765625e-05
01111100111001000000,8.42458315417334,9.765625e-05
01001110001001100111,19.705535495396408,9.765625e-05
01011110011000111000,14.227977725663248,9.765625e-05
01000110000101100110,21.340538377910697,9.765625e-05
00111101101110000010,14.597916229912407,9.765625e-05
11000111000111001010,16.583484700776474,9.765625e-05
11010111100011010100,20.841341945186493,9.765625e-05
00110111011000011110,19.135056297622324,9.765625e-05
11000010101010001000,19.00209374794241,9.765625e-05
00111000111101000101,29.06613900886709,9.765625e-05
11011100011001100011,9.966044914330638,9.765625e-05
00111101111100100011,10.159890848281266,9.765625e-05
11010110001001011100,17.268141273419534,9.765625e-05
00110101010010010101,16.56149875753135,9.765625e-05
01110011000111010110,16.6435032063578,9.765625e-05
10011100100110100001,10.566638062218395,9.765625e-05
01011001010000000101,12.231001014807553,9.765625e-05
01010011010100100000,12.983695947520612,9.765625e-05
01011001011001010111,15.607487158727942,9.765625e-05
00011101011000001111,19.917799423391017,9.765625e-05
11111001011010111110,15.5998305996605,9.765625e-05
11001100100001110110,11.628721785321927,9.765625e-05
11000011100100011001,16.7249943127203,9.765625e-05
10110111110011000010,19.553844820949596,9.765625e-05
00001111000010110000,15.115089557469913,9.765625e-05
01011110110010010011,12.51764866070436,9.765625e-05
00110001000010110101,23.066352190935277,9.765625e-05
01101101010011001001,18.86792378508204,9.765625e-05
11010111111001111101,16.309105917998973,9.765625e-05
10011001001010101101,20.682882553514016,9.765625e-05
01101001101100110001,21.486364251417,9.765625e-05
01100011000110101110,21.644813771548648,9.765625e-05
11011001111100100011,15.001502448251498,9.765625e-05
00110011101110111111,27.307530845438393,9.765625e-05
11001101110001111100,8.784553707052337,9.765625e-05
11010001011101100001,15.472318121025282,9.765625e-05
01101101101000111111,20.18470301173668,9.765625e-05
11110110110011010101,15.606286623594883,9.765625e-05
00110101000100110011,17.255247052085508,9.765625e-05
01001111001011001100,14.303257866646689,9.765625e-05
11011100010111111011,9.13885860190299,9.765625e-05
10101101001011111110,20.202844287855303,9.765625e-05
01111011110011000101,18.495441405323426,9.765625e-05
11010011010111111010,16.135929316809502,9.765625e-05
00111110100110101110,20.46363342900468,9.765625e-05
11010101011101010000,13.540293374552107,9.765625e-05
01101010111001111000,33.269984651524915,9.765625e-05
01110011100011010101,16.159611027689444,9.765625e-05
01011101010011010001,14.510473382109858,9.765625e-05
10010100010110011101,20.051362148090348,9.765625e-05
10010111010000101101,17.073351622906273,9.765625e-05
10010110000101101010,17.997786535962845,9.765625e-05
00011011101100011000,21.02759684236814,9.765625e-05
01011110011011001101,13.624511287415718,9.765625e-05
00011000011100000010,20.41796277058982,9.765625e-05
01010011010100000001,11.18307534021815,9.765625e-05
00011111100111000111,13.949921257894076,9.765625e-05
00000110000001000010,20.181228430541957,9.765625e-05
11110101000100011110,21.380399092667055,9.765625e-05
00111001011101001100,18.1988740923547,9.765625e-05
01100101010000010101,12.832874651926787,9.765625e-05
11111100110010100000,12.558207184478427,9.765625e-05
11001001101101000110,17.05513935514494,9.765625e-05
10111100010111010011,21.598847757555596,9.765625e-05
01011110010010010000,11.409248726191095,9.765625e-05
10011111101101011011,18.885177366403415,9.765625e-05
11011100100100110101,8.265255526904719,9.765625e-05
11001101011100000100,11.72841808505467,9.765625e-05
10110111101101101010,18.533940317124248,9.765625e-05
11011111111011101001,19.03600563801166,9.765625e-05
01001001010011100101,18.330635285353292,9.765625e-05
11010010101111100010,25.043450865657157,9.765625e-05
10110101001111111110,22.135929316809502,9.765625e-05
01100011101011100110,20.768615594116053,9.765625e-05
10011111101010100101,23.11606094507645,9.765625e-05
11010001110001101010,19.38622914282054,9.765625e-05
11011000100010001000,14.963017859443806,9.765625e-05
01111100010001000000,11.955193496283627,9.765625e-05
01011011101101011001,21.88732337036867,9.765625e-05
01011111011111011011,13.531064550913651,9.765625e-05
10011100100110111011,15.362157679667654,9.765625e-05
01100100110110100100,22.645238099944564,9.765625e-05
00110011101100001111,18.234876922376795,9.765625e-05
00011011011000001011,18.470879699241898,9.765625e-05
01110010111011010100,18.188168444971822,9.765625e-05
01111100011111101011,11.179823970063683,9.765625e-05
01111110000110111000,21.1313812138898,9.765625e-05
00010011100000010011,22.19997622124037,9.765625e-05
10110101110111111111,18.730267089935538,9.765625e-05
01110000010000000000,6.7663812992543555,9.765625e-05
00101101100011111000,19.514848054161327,9.765625e-05
01101110001100100110,22.63845362934299,9.765625e-05
00110011011110000001,14.585202844775008,9.765625e-05
11111100101101110011,8.016610749188864,9.765625e-05
11011001111011011100,16.098019093053722,9.765625e-05
11001101010110001100,13.343709070385508,9.765625e-05
01111100001110010010,8.73337021357506,9.765625e-05
11111100110101110110,9.759156474659545,9.765625e-05
11111100100101110010,10.899368004599218,9.765625e-05
11000111101110000111,22.53579962285994,9.765625e-05
11001001111010010000,15.170901831546558,9.765625e-05
11111100010111010001,15.13138839704428,9.765625e-05
01100011011011110000,19.37743713076469,9.765625e-05
10111101111110010001,14.250516148164072,9.765625e-05
11001101011011111000,11.59424459062349,9.765625e-05
01001011001011001100,14.30882067777172,9.765625e-05
01101001001011000010,14.887028444104462,9.765625e-05
11010111110100100001,16.366291842173453,9.765625e-05
10110100101100101100,16.231104068850932,9.765625e-05
10001101000011000011,16.556889643273163,9.765625e-05
01101101111110011100,15.907076819689502,9.765625e-05
10110001100011111110,24.12041532512907,9.765625e-05
11010101010101010000,10.449674316262652,9.765625e-05
01000011001111000111,24.537517766858475,9.765625e-05
01010010000110100010,20.29374651280352,9.765625e-05
10110110010011100101,27.65205035574891,9.765625e-05
00000010011010111011,53.06666743083452,9.765625e-05
01011110110011101011,17.113047450732488,9.765625e-05
00011011011110000101,16.608152170923923,9.765625e-05
10110001010000001000,14.248966357175469,9.765625e-05
01110011010011010110,13.691117292631622,9.765625e-05
01111011100101001110,22.44985171885549,9.765625e-05
01001100001100011100,14.906190582894567,9.765625e-05
00111001100000001111,19.448900732011193,9.765625e-05
01110011111010100101,16.539439112620983,9.765625e-05
11110100001101011010,12.360262769120668,9.765625e-05
11110100100110110000,11.730569607032024,9.765625e-05
10011111011101110100,20.25701923140812,9.765625e-05
00100011111011110100,32.555736189085955,9.765625e-05
10011101110100110010,13.91377362580063,9.765625e-05
11110110111011111001,14.317167433388413,9.765625e-05
10010010001000111000,23.770151530294534,9.765625e-05
11011100111010001001,13.135470939981284,9.765625e-05
10010011111011000000,17.342818480061837,9.765625e-05
10110110001000010101,27.149626278472876,9.765625e-05
10010111100101000101,13.063843800633915,9.765625e-05
10111101111000010010,16.956759949323597,9.765625e-05
01100111110100011100,13.733380634033075,9.765625e-05
00010111001101000101,13.487475967962952,9.765625e-05
01100011000100110010,22.03979524112574,9.765625e-05
11111111010100011111,35.08665912656396,9.765625e-05
01101101011110010100,11.480692133815424,9.765625e-05
11110100011100010100,7.346519362965495,9.765625e-05
01000111011001010001,13.280326454569371,9.765625e-05
11010110100110000101,13.996832839096001,9.765625e-05
01001100000100000000,10.259275265431171,9.765625e-05
01110011111001110010,17.113047450732488,9.765625e-05
11100111111111001000,15.699731902094634,9.765625e-05
00011011001100010001,20.103761467876947,9.765625e-05
10111101111101100101,11.367909642151155,9.765625e-05
11110011110001111000,14.820251924773267,9.765625e-05
11010110100001110110,19.821273081712015,9.765625e-05
01011000001110001110,21.58005812045254,9.765625e-05
01100111100010100100,22.626772839450865,9.765625e-05
10011101111100010000,13.812160235457434,9.765625e-05
01111011110011110011,19.563550229755126,9.765625e-05
11010110111110110011,17.474675761929213,9.765625e-05
11110110010010011001,17.45464384125548,9.765625e-05
11110000011100100010,10.962663701142336,9.765625e-05
11100111111001001001,16.86792378508204,9.765625e-05
11011101110001010001,13.597633063253646,9.765625e-05
01101110100100000011,23.37095873046659,9.765625e-05
10011001000110101010,18.554082795136782,9.765625e-05
11010010011101001001,18.253500300926277,9.765625e-05
10010111110100010101,13.962654015105379,9.765625e-05
11011011001011011000,22.55222973099444,9.765625e-05
10101101110010001000,21.894933484944307,9.765625e-05
01111101001101110011,15.030113558671168,9.765625e-05
00000010011000110110,48.91157775453615,9.765625e-05
10001111101111001110,18.643673720473082,9.765625e-05
11110101010110100001,18.777368742420876,9.765625e-05
00100010100010011101,41.53565192526218,9.765625e-05
01011110111000110010,16.53403611172577,9.765625e-05
10110101111100101001,14.18402903708499,9.765625e-05
00110001001000110001,20.141081839104302,9.765625e-05
11001100101100110011,12.965171084435013,9.765625e-05
01011010010011001101,19.83605067690982,9.765625e-05
00011011101001000110,20.081371302730894,9.765625e-05
01111100011111110011,6.807679184931841,9.765625e-05
00010101011011100110,35.92995067571175,9.765625e-05
11110000110001010110,12.912672514763472,9.765625e-05
11110100110011100010,13.820180933130562,9.765625e-05
01111000111000000000,7.988710018100807,9.765625e-05
11000111100110001110,17.904199067037617,9.765625e-05
10011110100011110000,19.871761476194116,9.765625e-05
11010111011001010000,18.363481549593466,9.765625e-05
01101110111000111000,19.237648998499623,9.765625e-05
10010101000000001100,21.83452073776626,9.765625e-05
01101001100110010010,18.44138369117472,9.765625e-05
01000001011010111100,34.29506405400878,9.765625e-05
11001111011111001100,14.66196313434327,9.765625e-05
11010001010100001000,10.307622852661204,9.765625e-05
11101101011111110010,14.016610749188864,9.765625e-05
00111000001100101010,18.96266370114234,9.765625e-05
10110100001110111101,20.800183061298792,9.765625e-05
01001111011011010001,11.096884559990256,9.765625e-05
11110001001001100101,15.96345385990831,9.765625e-05
01110001010000111001,18.362456861083913,9.765625e-05
01100111100001110010,19.232313653566894,9.765625e-05
10001101100101000000,12.114756523511932,9.765625e-05
00110011001100101110,19.80107627410814,9.765625e-05
11010100000001001111,18.139174445370628,9.765625e-05
11111100100010000101,18.54661259027807,9.765625e-05
00011111110101000111,13.885004044298574,9.765625e-05
01101101001101001010,16.11039153749742,9.765625e-05
10010111111011011011,21.35341710167672,9.765625e-05
11110001010001000010,12.35738575088984,9.765625e-05
01001011100001011000,18.6039646750391,9.765625e-05
10111100110010001001,16.30882067777172,9.765625e-05
11011101100011110111,20.349004947589158,9.765625e-05
11000111110001000001,12.316699370523239,9.765625e-05
01001011110000010110,17.02759684236814,9.765625e-05
10001000101110011000,39.25242844434367,9.765625e-05
00101101110000000010,14.737530931309244,9.765625e-05
00110110001100001110,18.230689426491978,9.765625e-05
11100011110010000100,15.92151261481731,9.765625e-05
01011111100010110100,26.84236310212524,9.765625e-05
01011111001111110100,16.543463343445666,9.765625e-05
01110011110101101001,16.37350533722512,9.765625e-05
11111100101111111001,10.984279558455679,9.765625e-05
11001110010011011110,21.47224532844515,9.765625e-05
00010111010111101010,19.00230528650441,9.765625e-05
10000111100000110010,20.400424564607377,9.765625e-05
01000110000010010100,13.47717498263481,9.765625e-05
11101100111101110001,16.197239554038248,9.765625e-05
00010110000100110000,15.069615233568,9.765625e-05
11110001110101000101,8.208535679154117,9.765625e-05
10010111101000000101,22.37977665045696,9.765625e-05
11011110010001100001,20.427016177667078,9.765625e-05
00001111011010000111,17.356475876029123,9.765625e-05
10001111101010101011,20.938522067895008,9.765625e-05
00111101110011110001,13.591276474254972,9.765625e-05
11010111100100111110,22.956759949323597,9.765625e-05
01110111110001001100,17.627387064466134,9.765625e-05
00000011000010101000,20.247051253006305,9.765625e-05
10011101010111000000,12.163010008314476,9.765625e-05
00110011011101111000,21.57682620949918,9.765625e-05
00110110000110101010,18.624748439644975,9.765625e-05
01111100000011001100,19.772648258957474,9.765625e-05
01111001001010111110,20.83940811623729,9.765625e-05
10001110101000111001,24.369072695248114,9.765625e-05
10110011011000101110,21.963209731664634,9.765625e-05
01111111110111100000,19.60078782809815,9.765625e-05
00111101110001101011,15.191429071849258,9.765625e-05
10011101110111100010,13.026266817976179,9.765625e-05
01111011100010100100,23.371939804110085,9.765625e-05
00110110010100100111,20.199976221240366,9.765625e-05
11001110111110000011,19.925327402284672,9.765625e-05
01011110001010110010,18.35841513586323,9.765625e-05
01110111110101010101,10.01491561759843,9.765625e-05
01111011111011100110,14.584242182733568,9.765625e-05
01000111010000111111,19.759156474659548,9.765625e-05
11100111010111001110,20.374530760155732,9.765625e-05
10011110101000101001,18.991237144022033,9.765625e-05
10010111101100001011,21.266823732214267,9.765625e-05
01110001001100101000,22.776765672284704,9.765625e-05
00100111011100011000,19.19720123920441,9.765625e-05
11011000011110100001,12.529253675362739,9.765625e-05
10010111011110100110,22.222903378165633,9.765625e-05
00011111011011110001,12.623607664988155,9.765625e-05
01001011101111010000,19.04449148179701,9.765625e-05
01110011011010001001,15.189184181865482,9.765625e-05
01000111010110010110,14.441383691174714,9.765625e-05
10110111110100111010,18.450872141373168,9.765625e-05
01010100010110110011,22.647492686805116,9.765625e-05
11010001001101011011,23.33102086960138,9.765625e-05
00010110010110001001,12.736159060512643,9.765625e-05
01001100011110110101,18.203214297499695,9.765625e-05
11110011101100011110,17.135056297622327,9.765625e-05
01101101011100010010,11.248649572146709,9.765625e-05
00111100111011110011,14.244731410495026,9.765625e-05
11001010011011101001,30.004303043954714,9.765625e-05
11111001110000000110,14.619016670783651,9.765625e-05
10011110111111101001,16.736136156867925,9.765625e-05
01001110101011001010,19.162939016671764,9.765625e-05
01001111011110000110,12.94258868320171,9.765625e-05
00100111100010000010,18.54346939953514,9.765625e-05
11110100110100100000,5.767341237714543,9.765625e-05
10010011010000100001,16.371796879263538,9.765625e-05
00110101110001001000,15.927139441570638,9.765625e-05
11010011011111101010,18.160661537006312,9.765625e-05
11101101011101011110,15.821273081712016,9.765625e-05
11000011110011111000,14.374636524221655,9.765625e-05
00100101000110010000,17.253258686404898,9.765625e-05
11110001100000001111,16.22567609033285,9.765625e-05
10011011010000000000,27.00753848647888,9.765625e-05
11111000100000010110,17.268141273419534,9.765625e-05
11110100001100000011,12.110391537497417,9.765625e-05
11010100010111001001,11.098972789920566,9.765625e-05
11101100110011110011,15.805845492863408,9.765625e-05
11010110010010110010,16.103761467876947,9.765625e-05
11111000100001011011,20.887028444104462,9.765625e-05
00111101011101101010,11.736207148510633,9.765625e-05
11000011110000101100,9.988710018100805,9.765625e-05
10010111100111011000,13.876360904415357,9.765625e-05
11010000111001010001,18.489676214392347,9.765625e-05
01100011100010101110,20.77926970905734,9.765625e-05
01111001011011011000,15.91176690589462,9.765625e-05
10101101111010101010,19.273681180899843,9.765625e-05
00110011101010100111,22.5738259436028,9.765625e-05
01111100100011110011,13.561533627921584,9.765625e-05
00011110001101101110,20.252382429914178,9.765625e-05
11000100000010100000,15.301008710671038,9.765625e-05
01110011100001011000,17.29437322100548,9.765625e-05
10010110000010101001,16.661963134343274,9.765625e-05
00011111010100111101,16.103761467876943,9.765625e-05
00111101110111001000,13.427874727226264,9.765625e-05
01101100100001100010,13.896840878677986,9.765625e-05
01100111001001010001,16.764838365425277,9.765625e-05
00001010010101000000,46.65473623617997,9.765625e-05
01111101111111000111,10.88307374692018,9.765625e-05
01001110010010010010,12.95038369398376,9.765625e-05
10011011101011100111,23.460969641509895,9.765625e-05
00110101110101010100,11.098972789920566,9.765625e-05
00011111010011001100,14.357385750889843,9.765625e-05
01111100101110000100,12.201293762445633,9.765625e-05
01111101110111110101,11.591276474254979,9.765625e-05
11010110000001111001,14.611496185503569,9.765625e-05
01110010110010101011,18.95447530813986,9.765625e-05
01011100000100001001,13.534682475429086,9.765625e-05
01000110000100101110,22.002151521977357,9.765625e-05
11100011110010001010,16.765798852802657,9.765625e-05
11010100101010100101,27.35126442605582,9.765625e-05
11011100110011001100,12.960756307408657,9.765625e-05
10010100000000010000,13.322994653916155,9.765625e-05
11011100010101111101,8.678455527472682,9.765625e-05
00101111100011011110,20.064392541178755,9.765625e-05
11110001100110010110,15.272328769304353,9.765625e-05
01111110100000110011,21.614023311424795,9.765625e-05
01101100010110001011,18.193362813671268,9.765625e-05
10011111100000000100,29.064086040812967,9.765625e-05
01001111011011011111,12.848731472365541,9.765625e-05
10110110101011010010,21.885004044298572,9.765625e-05
11100101101110010100,15.667499303112715,9.765625e-05
11110010111001100011,19.9668415109902,9.765625e-05
11000000011101010101,36.681643089138916,9.765625e-05
11110101011110000000,19.507377849302614,9.765625e-05
11111000101010101110,15.627714053131008,9.765625e-05
01101101010110111000,18.402281160320523,9.765625e-05
01001111111100111110,17.930061750649706,9.765625e-05
01001011000000011111,21.508331546169455,9.765625e-05
01111001001110101101,20.2210022260253,9.765625e-05
01111001111110100000,13.839417802274244,9.765625e-05
11110001011001010010,12.57689720114189,9.765625e-05
11110100100101010011,7.585385852916804,9.765625e-05
11000111010111001001,12.513878429664182,9.765625e-05
10110101000101001111,15.615068215192716,9.765625e-05
11100001110000101010,14.247051253006308,9.765625e-05
01001111101101011100,14.055203370773237,9.765625e-05
01101101110100111010,17.136044570612132,9.765625e-05
00011111011111000100,10.470879699241896,9.765625e-05
11111101110101100011,13.752520250572932,9.765625e-05
01110010100001110011,22.135929316809502,9.765625e-05
00110111110100010011,12.723609311443127,9.765625e-05
01110011110010000000,12.317191071454197,9.765625e-05
01111011100100011100,24.12579071552902,9.765625e-05
01110110011010110000,15.390959312320906,9.765625e-05
11110010111010101100,15.302132834116302,9.765625e-05
01101101010101110000,13.664798317009273,9.765625e-05
11000111100011001010,18.782873779510965,9.765625e-05
01010111010110010010,18.700749614589768,9.765625e-05
10011100110000100001,10.391280586673439,9.765625e-05
10110101110101100110,12.358274697707323,9.765625e-05
10010111110111111011,17.2390070368706,9.765625e-05
10011100001000100001,12.53615900490625,9.765625e-05
00010111010101111111,18.968126462513787,9.765625e-05
01011101000101001110,22.379776650456968,9.765625e-05
11110001000110100000,18.303257866646693,9.765625e-05
00110001001100010000,14.649722165599778,9.765625e-05
01011011101000100100,21.701217258232457,9.765625e-05
01011001010110000100,11.33863098417702,9.765625e-05
10001010001010101011,36.72402395380209,9.765625e-05
11011001100001011110,18.517049122138985,9.765625e-05
00110111111011000001,13.06803129651873,9.765625e-05
00001111001111101011,16.184606406426713,9.765625e-05
10001101100110100100,15.306382457564798,9.765625e-05
01001111001101010100,11.772678656215763,9.765625e-05
11100101001001001000,17.97998973210873,9.765625e-05
00110111001001110010,20.98242649431334,9.765625e-05
11111001101000110000,18.501782154228646,9.765625e-05
11010011110010110110,15.930923097358637,9.765625e-05
11110000111010000000,9.385284397569588,9.765625e-05
11111101111101111010,12.184693325699726,9.765625e-05
10110101010110000100,16.552175401403105,9.765625e-05
00111100101010100010,14.269001809420011,9.765625e-05
11110001010011010100,12.781913841050775,9.765625e-05
11011001100001100111,17.262911321588426,9.765625e-05
01101101000010111010,22.49379269699827,9.765625e-05
00110110101001010010,16.958478093322135,9.765625e-05
00111101101000110111,17.226738359255165,9.765625e-05
11110001011110101101,16.113966277209105,9.765625e-05
00101000010000000111,41.405413745101555,9.765625e-05
11101101101110111010,17.3009138846623,9.765625e-05
10000111101101110111,24.428918271368538,9.765625e-05
01110100010100011000,8.670715286435772,9.765625e-05
01000011100101010000,16.962663701142336,9.765625e-05
00011011001011000101,17.00598912555258,9.765625e-05
10110011101101101100,18.85336349026845,9.765625e-05
10110101001010110001,23.42805429092445,9.765625e-05
11011001101011001101,20.848038565793743,9.765625e-05
11110001101100011010,16.536776223371497,9.765625e-05
01101101111101111110,14.755373026011608,9.765625e-05
11111100111101000101,9.69822248866854,9.765625e-05
00011110000001010100,21.293833432076532,9.765625e-05
00111100010010100010,11.962654015105382,9.765625e-05
11001100011011101000,12.75007995679751,9.765625e-05
11011100011010001000,12.741649079057545,9.765625e-05
11110100011001000011,10.576897201141891,9.765625e-05
10000111010011011100,17.042584088063325,9.765625e-05
00110110110110001000,13.293264116105401,9.765625e-05
11010011101000011110,20.792712856440076,9.765625e-05
10111101100001000111,19.545539177316485,9.765625e-05
00011101010100010000,11.142363051917027,9.765625e-05
10100100101011100010,25.048471177830695,9.765625e-05
01110100110100100010,13.358689340066277,9.765625e-05
10110001001100101000,16.424583154173337,9.765625e-05
01000111010001010111,13.35647587602912,9.765625e-05
10011111101101101000,17.37095873046659,9.765625e-05
00011110010001000100,20.144810958160907,9.765625e-05
11010001000000101100,17.32774669302089,9.765625e-05
11111000101010101001,16.128536258059647,9.765625e-05
01010010100010001000,18.855634728340554,9.765625e-05
11101001000011010111,26.53394031712425,0.0001953125
10100101001011010010,19.98608462172723,9.765625e-05
11111101010001111101,20.02096061828152,9.765625e-05
00001111001010110010,16.54246354502213,9.765625e-05
11100001010010110000,16.740341223889235,9.765625e-05
01011110001010011110,18.786089028412956,9.765625e-05
00101001111111111000,37.50255649453736,9.765625e-05
00001001001010010110,24.625873385048163,9.765625e-05
11001101101101000110,13.230814660598826,9.765625e-05
00111101011001110011,10.623607664988153,9.765625e-05
11100111110000111101,17.268747787999317,9.765625e-05
11111011111111010110,22.839236867700947,9.765625e-05
11001111110111111100,11.157096483331584,9.765625e-05
11001101001000111000,16.241399563198627,9.765625e-05
11100111100010000101,23.13512104767169,9.765625e-05
00010110000000011010,19.233573420737216,9.765625e-05
01011010001010000111,18.51387842966418,9.765625e-05
10000010100100101111,43.80238683929899,9.765625e-05
11010010000100101010,16.6039646750391,9.765625e-05
00010011000011010000,15.91176690589462,9.765625e-05
00101101101000000001,15.140201843902716,9.765625e-05
10001000000001100000,29.89515368085494,9.765625e-05
10010100000101000110,17.51609813529469,9.765625e-05
00111111111110011011,14.137733656499805,9.765625e-05
00011101110101000010,13.007457808799215,9.765625e-05
11110111111011001110,20.624334531707085,9.765625e-05
11010011001011111110,22.023389065324288,9.765625e-05
01010011000111001110,18.724396662219544,9.765625e-05
10100000100100100010,30.798031539321432,9.765625e-05
11111100101111010000,11.025393064367936,9.765625e-05
00111111111111001100,14.097604450694767,9.765625e-05
01111100110101110001,7.568471754286823,9.765625e-05
00010111010101101001,12.887265596333721,9.765625e-05
01001101010011100101,13.14574872739744,9.765625e-05
11001101111111101110,16.284062756780447,9.765625e-05
01110111011111110001,15.531064550913651,9.765625e-05
10010111100101001111,15.792535366310386,9.765625e-05
10110111111100101000,16.66196313434327,9.765625e-05
00010011001111000000,16.1139662772091,9.765625e-05
01011011110011001011,18.17871568671186,9.765625e-05
11100101101110110010,21.632006382360437,9.765625e-05
00010101010101101101,21.951485637365554,9.765625e-05
01001110000000010010,16.156433974018086,9.765625e-05
01001111001101101100,14.991237144022037,9.765625e-05
10010111000011110001,18.32703148753074,9.765625e-05
11111101110011100001,18.723064102469095,9.765625e-05
01111100011101001110,10.486287828889392,9.765625e-05
11100000010100000111,29.311978152638762,9.765625e-05
01110011000101100111,19.77712723666289,9.765625e-05
01001111110110011111,15.87820428252074,9.765625e-05
01110111111101001110,16.097604450694774,9.765625e-05
11011000001001101111,19.741744051701144,9.765625e-05
10111100010000101111,21.445261242250147,9.765625e-05
00011111001110100011,16.078717670204377,9.765625e-05
00111111001111101001,16.43764841765197,9.765625e-05
11011001100111000111,17.95178753964418,9.765625e-05
11001001011001000011,18.441383691174718,9.765625e-05
11001001001101111010,19.199108632938096,9.765625e-05
00011110011010110101,17.651276135453056,9.765625e-05
01110111001101001001,21.057037884389942,9.765625e-05
00111111001111010100,17.600787828098152,9.765625e-05
11110000100001110110,15.220051239180998,9.765625e-05
11010010001000101101,17.897743777524298,9.765625e-05
01011110111011101101,18.06915624192192,9.765625e-05
01110110000100001110,18.67445167577405,9.765625e-05
00111101000110001001,17.934771296055942,9.765625e-05
00010111010110111001,16.73997113795746,9.765625e-05
01001110101011100110,20.185917706038627,9.765625e-05
00111101110111110101,12.96812646251379,9.765625e-05
01001011000110011000,17.724046857446805,9.765625e-05
01011100011100001101,11.666328120357788,9.765625e-05
01110110110001011101,12.896362220690737,9.765625e-05
01110011100100001000,16.555946366864347,9.765625e-05
00110011110000011010,16.85336349026845,9.765625e-05
11010010100000111011,18.73154994625445,9.765625e-05
00110111101101111010,19.450791463693506,9.765625e-05
01111101111001000001,14.906505997048214,9.765625e-05
00001111100110101110,19.273681180899843,9.765625e-05
11100101010110111111,19.87820428252074,9.765625e-05
11101001001011100100,18.182795618003,9.765625e-05
00011111010110011111,14.78195495303435,9.765625e-05
01110000000010010001,14.848764062047216,9.765625e-05
01110010101000110101,19.88518153442827,9.765625e-05
10011001001000110100,19.268968718331013,9.765625e-05
11010100100000110010,19.865495250912076,9.765625e-05
00101111000110010000,24.60082938023553,9.765625e-05
01010100000101100001,18.29316841988055,9.765625e-05
11100100000011100100,17.75759626321292,9.765625e-05
11010001010001100011,15.786875655608117,9.765625e-05
11001100101101110010,12.464403932678959,9.765625e-05
01101111101011101111,20.12462964887335,9.765625e-05
10010101010111101000,17.050405006779904,9.765625e-05
11100101111010111110,21.257264290373108,9.765625e-05
11001001100100000000,14.854500918858335,9.765625e-05
10001101001100000100,15.728418085054667,9.765625e-05
11000110000011001110,18.230689426491974,9.765625e-05
10001111011110101100,20.055203370773235,9.765625e-05
11001011011001111010,20.968001119643553,9.765625e-05
11111000111010101111,14.538545899811634,9.765625e-05
11000011110001111101,16.606636515904476,9.765625e-05
00101000101100101011,38.86826119420494,9.765625e-05
10101011101110011110,36.88822626921498,9.765625e-05
11001111101100101000,19.386340217758494,9.765625e-05
01111001110110000000,12.729642552520772,9.765625e-05
01001110110000110010,16.15737518769823,9.765625e-05
01010001110111110100,30.225945304962778,9.765625e-05
11110100110000100011,9.395726544634883,9.765625e-05
01001111011001110000,12.276256100551803,9.765625e-05
00110110000011011010,19.00598912555258,9.765625e-05
00110111110110101011,18.178708710697446,9.765625e-05
01110100010001011000,11.18780968858319,9.765625e-05
11110100100110110010,13.666522702601158,9.765625e-05
11011111110100100000,22.262204637651863,9.765625e-05
00001101000100011010,17.432091466725822,9.765625e-05
00111111011101111000,18.315449289389875,9.765625e-05
10111101010011110001,19.81648647732412,9.765625e-05
01110011110010011111,15.370189744302293,9.765625e-05
11110001011100111110,13.885181534428266,9.765625e-05
10010011011011001111,22.905402224656356,9.765625e-05
11110011110101100110,15.412466597578769,9.765625e-05
01010011001000111000,24.603068752207207,9.765625e-05
11011011110001000110,19.88103476872291,9.765625e-05
01000111010100010010,14.402281160320523,9.765625e-05
01100010100111111001,36.89442839174153,9.765625e-05
00101101001110000111,15.490042132299266,9.765625e-05
11001001001010101000,16.280690298907796,9.765625e-05
11111100110010011010,12.371796879263542,9.765625e-05
11001101100110100101,14.67924306375297,9.765625e-05
00110101010000001100,17.805268857942757,9.765625e-05
10001111001010101001,19.984366477728695,9.765625e-05
01110111110111001111,15.250958204718062,9.765625e-05
00111101100110110001,15.255247052085508,9.765625e-05
11010000000010001001,15.850071917215525,9.765625e-05
00110110011110100100,19.295609350110016,9.765625e-05
11110100001100010100,10.504881855060745,9.765625e-05
00100101011100010000,16.691734315206286,9.765625e-05
00111011110011001000,19.815976393390255,9.765625e-05
00011111011110011000,13.025393064367938,9.765625e-05
11010111110001010010,18.777368742420876,9.765625e-05
11010000101101100010,24.649703440819735,9.765625e-05
01111101011100111010,16.899368004599218,9.765625e-05
01110110001011011100,18.363908500475066,9.765625e-05
01111110111110010110,11.446378389680998,9.765625e-05
11110100011100101011,10.73154994625445,9.765625e-05
00111111111110000011,12.416558397238742,9.765625e-05
11000001010011011101,20.032125278946666,9.765625e-05
00011111010011101101,14.064392541178751,9.765625e-05
00001011000100110000,25.809966143494186,9.765625e-05
11010111101011101100,29.256524509995522,9.765625e-05
10100101100100001011,17.876370590452314,9.765625e-05
01011110011010010100,11.583899343135428,9.765625e-05
01011110100001100110,22.381340306347198,9.765625e-05
01000101110110100010,36.914018684765615,9.765625e-05
10010001010101000000,13.18607469702941,9.765625e-05
11010011111001101100,13.352621963019475,9.765625e-05
10001101001111100010,14.633118931704129,9.765625e-05
01001110010010111010,14.5963383385659,9.765625e-05
11100101101000011101,16.195357126677962,9.765625e-05
11001001011000011100,14.298198418091047,9.765625e-05
00101101001110100001,16.18470301173668,9.765625e-05
11001000110110100111,29.51799304584167,9.765625e-05
11000111110111111101,12.469003644327639,9.765625e-05
11110100110011011100,11.699741588131591,9.765625e-05
01001000011111011011,41.58849618134698,9.765625e-05
01101100100001000100,14.363774402289181,9.765625e-05
01110101011011011110,23.789322827430933,9.765625e-05
11111000100000001110,17.33491852717179,9.765625e-05
11010010000110001010,16.230689426491974,9.765625e-05
01100100000111110100,20.2097246401856,9.765625e-05
11101100111001001110,15.803353753773596,9.765625e-05
01111000100101101010,19.220051239180997,9.765625e-05
01110010011100011001,16.753465632277926,9.765625e-05
10111100101111000101,16.112109681495955,9.765625e-05
11100101001011011000,18.59103558331485,9.765625e-05
10101101111110100000,17.899651171257972,9.765625e-05
00011100011111001100,20.051310615648752,9.765625e-05
11100111110010111010,19.128332125574367,9.765625e-05
00111100000101100010,11.02539306436794,9.765625e-05
01110010000010011111,20.1596207137264,9.765625e-05
11010101100001010101,18.32392626868654,9.765625e-05
11001111010100000100,23.43624874001641,9.765625e-05
00110001010000011100,17.676310981509737,9.765625e-05
01011111000101011011,20.77456396785299,9.765625e-05
10011001100111101010,20.06915624192192,9.765625e-05
11010110000010011111,18.583484700776474,9.765625e-05
01110100101111000100,18.91267251476347,9.765625e-05
01111010110000101001,21.996832839096,9.765625e-05
00110111110100101110,18.355464405127336,9.765625e-05
01111100010010100011,10.867020886235736,9.765625e-05
00111100111101100011,10.02619582633347,9.765625e-05
00011111011000000011,16.915659661019106,9.765625e-05
01111011111110001001,17.049990364420943,9.765625e-05
11011001001100110111,17.099668944635727,9.765625e-05
00010101100111011001,29.78974298780199,9.765625e-05
11010011000110010111,19.13600030845221,9.765625e-05
01000101101010100000,45.13772000882974,9.765625e-05
11000001100100111110,22.01253933945131,9.765625e-05
10010111110000100000,17.892180966399263,9.765625e-05
00011001000011110000,19.14574872739744,9.765625e-05
01001100000000010001,10.519251147869616,9.765625e-05
00001101101001010010,17.833822107200277,9.765625e-05
01111001011100001100,12.914998816847984,9.765625e-05
01111100100111011100,14.848764062047216,9.765625e-05
11010001100011000000,20.072391684446085,9.765625e-05
11000010110111111001,35.45679276238334,9.765625e-05
11110001100101101101,13.869959758989506,9.765625e-05
11011100110001000111,11.213434387168292,9.765625e-05
11110100100100111001,8.886173338988883,9.765625e-05
01011011111011111100,18.069156241921917,9.765625e-05
11001101000101010110,11.772678656215763,9.765625e-05
11001011100001100110,19.391640262987007,9.765625e-05
11111100010110011010,13.816512825412453,9.765625e-05
01001101010001101000,15.448730305432766,9.765625e-05
11100110011010000101,24.517049122138985,9.765625e-05
11000100110000000100,11.0,9.765625e-05
11001101100011000111,15.775448131079434,9.765625e-05
00110001010011101111,26.44061470501042,9.765625e-05
10010110101110000110,24.183004348575444,9.765625e-05
00011110011000101100,19.28817372137427,9.765625e-05
11001011111110100100,17.569448354798382,9.765625e-05
11001100011000011000,10.50825057422253,9.765625e-05
00110011001101001010,16.09760445069477,9.765625e-05
01100111100000101100,23.000950986844302,9.765625e-05
11010001011010010100,15.86828065340605,9.765625e-05
01011100000111001110,17.884227837561426,9.765625e-05
10011001010111000000,17.347896566270325,9.765625e-05
10010101100100110101,17.608030566764555,9.765625e-05
11111100110110110110,8.945398975781696,9.765625e-05
11001100100101110101,12.840650203507728,9.765625e-05
11110111011111001001,18.84115821346346,9.765625e-05
01001011101001000110,17.46813062514046,9.765625e-05
01000111100010001010,28.59777403948693,9.765625e-05
11001101111001000001,12.497288402536475,9.765625e-05
11111100101000111011,12.89936800459922,9.765625e-05
01011101110011010100,17.51519252642584,9.765625e-05
01010011000100011100,14.469444721902121,9.765625e-05
01100000000000111100,24.31826374999472,9.765625e-05
11110011111110110010,17.080731464048363,9.765625e-05
01110011001100000111,16.912717892738918,9.765625e-05
11100001001010000111,20.355464405127336,9.765625e-05
10011001001111110000,19.532054281905772,9.765625e-05
01000011011000110010,21.18971084072352,9.765625e-05
11000101011001110111,17.882373962710634,9.765625e-05
00110110101000001011,17.27232876930435,9.765625e-05
11001110111010011100,15.938185295226155,9.765625e-05
11000011000011101100,12.30882067777172,9.765625e-05
10011101000101101000,14.03257187453325,9.765625e-05
00011110001000101111,21.16086744879283,9.765625e-05
11100110111100011000,16.77477658302285,9.765625e-05
01011100110011110100,15.959847166968999,9.765625e-05
11110100000011110100,16.661963134343274,9.765625e-05
10011101111001000001,13.244432832647147,9.765625e-05
00000010001101100001,44.22882305761467,9.765625e-05
10110101101101100001,12.309105917998973,9.765625e-05
11010111001101000010,26.35284065225995,9.765625e-05
11001011101100001010,21.583899343135432,9.765625e-05
11010011110000010101,11.18307534021815,9.765625e-05
01110010101111001101,22.20306158823952,9.765625e-05
10010011111010001000,16.7352053636458,9.765625e-05
11010111110111000001,13.213415015094384,9.765625e-05
01101101001101010111,11.096884559990261,9.765625e-05
11110100110001001001,7.7669203537622415,9.765625e-05
11111000101010100001,14.554082795136779,9.765625e-05
01110100011101001101,12.56740875094344,9.765625e-05
11111100010011110001,14.315449289389878,9.765625e-05
11111100110110001010,11.210624094588303,9.765625e-05
00101000101001111110,43.51326838351359,9.765625e-05
00100001100000101100,25.656592831893118,9.765625e-05
11010010110000110110,16.962663701142336,9.765625e-05
10011111100110001001,19.02072346605226,9.765625e-05
01111001010110111110,16.643673720473082,9.765625e-05
11010110111101010011,14.713312064825857,9.765625e-05
11000001110000100010,16.566025306045262,9.765625e-05
01000110010110010111,20.63800776817747,9.765625e-05
01000111010011011001,13.101493674248447,9.765625e-05
01110011011100000000,11.63812757139942,9.765625e-05
11011001111001000001,14.004791300442065,9.765625e-05
00010111010110001011,16.32088686640806,9.765625e-05
10000101011101101100,22.22352030236362,9.765625e-05
01111010101000100100,20.96553874377169,9.765625e-05
01010111010001001111,19.369863871862602,9.765625e-05
11111100111001011111,10.643673720473082,9.765625e-05
01001111110100111110,16.640002081184164,9.765625e-05
11010011010111100101,13.247422503421452,9.765625e-05
00001010110001110010,47.03134834862827,9.765625e-05
00011100100101001110,20.959795634527403,9.765625e-05
00111100101010000011,11.087371219705794,9.765625e-05
00110010001000101001,22.48628782888939,9.765625e-05
10000111000001000010,18.172508144549884,9.765625e-05
01001000011111001001,36.13347933699713,9.765625e-05
01110110010110011111,13.318930661095143,9.765625e-05
11011000110001010000,13.757843101479137,9.765625e-05
10110010010011110011,39.23710588473027,9.765625e-05
11001101010110111001,13.29445859514898,9.765625e-05
11100001100011101110,18.80472471548508,9.765625e-05
11111101011110001010,21.597987221555115,9.765625e-05
00001101001100010000,13.189048331410023,9.765625e-05
10000111001100111110,22.640002081184164,9.765625e-05
00110111000101111001,16.282163678208608,9.765625e-05
00011111111011010001,13.591276474254974,9.765625e-05
11100001001011101000,19.88422783756143,9.765625e-05
10000111011001100111,23.87820428252074,9.765625e-05
11011100111010011000,12.372211521622495,9.765625e-05
11100001101101001010,17.57780281001074,9.765625e-05
11101101101111100010,14.938522067895006,9.765625e-05
10111001010100000100,26.517058808175946,9.765625e-05
11001001001001110000,13.871982406525818,9.765625e-05
10110111011111100001,18.41655839723874,9.765625e-05
10001000010010100000,30.904983071747093,9.765625e-05
11110100101100101100,14.185346578290257,9.765625e-05
11100101110100010010,11.737150865073254,9.765625e-05
10000000000110001110,41.00209374794241,9.765625e-05
01111100011110010101,6.310728071505404,0.0001953125
01010011000101000011,18.45766566155765,9.765625e-05
11001101101001111100,12.544074026050307,9.765625e-05
01111110011111000000,15.041684720787828,9.765625e-05
01000110010100011100,15.3925822002484,9.765625e-05
00101101001110000000,13.898703715984485,9.765625e-05
01111100111111100010,9.708581160904426,9.765625e-05
01001111101101001001,18.05519368473628,9.765625e-05
11110100110111000001,7.494651246557455,9.765625e-05
11110101010110000110,18.776351029925742,9.765625e-05
01100110111001001110,20.413719388734677,9.765625e-05
11011001100001110001,17.118407772878427,9.765625e-05
00110111111111000100,12.234876922376793,9.765625e-05
01101011111011000110,16.708432816012795,9.765625e-05
11011010000010100101,22.897460610865537,9.765625e-05
01100011100000001111,19.09671821389983,9.765625e-05
10110011001001111001,25.368000300135037,9.765625e-05
10011001110000000100,15.521076611903403,9.765625e-05
11011110111001111001,13.685749885707882,9.765625e-05
11001110001010000010,20.744413357208035,9.765625e-05
01001110001010100011,17.20005264376798,9.765625e-05
01001110100010011100,15.47717498263481,9.765625e-05
00110011000010100000,18.040724782327636,9.765625e-05
11100101001111101010,22.53579962285994,9.765625e-05
11010100110101000000,7.575709062068329,9.765625e-05
01110100011001010000,8.649722165599776,9.765625e-05
11100101110101111010,13.406967714954838,9.765625e-05
00010111001101011011,18.528263944370618,9.765625e-05
11110101010000011110,19.329910698184946,9.765625e-05
10111100001010110110,19.83662895533666,9.765625e-05
01000011000010111110,21.162939016671768,9.765625e-05
11000101101110111100,27.35495024070546,9.765625e-05
11110100110111101110,14.982191866602747,9.765625e-05
01111101001111111010,21.230441130223447,9.765625e-05
00111100100000001000,15.519320360211093,9.765625e-05
01100111001010111110,23.742013353458272,9.765625e-05
01001100010010100001,13.309192750144785,9.765625e-05
01011011010011011100,13.867866011047093,9.765625e-05
11001111111111010110,14.515785823397866,9.765625e-05
00100101100000000110,18.138223458526326,9.765625e-05
11010110110000111001,10.055203370773237,9.765625e-05
11000101000111100100,15.092523742000598,9.765625e-05
11010100000000011011,16.391993686867412,9.765625e-05
01001111110111110001,13.612076999288893,9.765625e-05
00101101111101100000,14.45403306068382,9.765625e-05
01100101100001011110,18.6549440360311,9.765625e-05
01111100011001111011,10.515785823397863,9.765625e-05
11010110100101001111,15.911766905894623,9.765625e-05
01111100111010000101,9.88422783756143,9.765625e-05
01101101011110000001,15.025393064367943,9.765625e-05
11110100111100110010,7.925337088321627,9.765625e-05
11110101000101100111,18.723064102469102,9.765625e-05
01011110001111001000,14.661963134343274,9.765625e-05
00111101101010001101,21.776351029925742,9.765625e-05
11110001010100100010,12.241141259594222,9.765625e-05
00011001001111000100,17.283924097925777,9.765625e-05
00100010010010000110,39.334994116901655,9.765625e-05
01111000100101000000,15.092465967965651,9.765625e-05
11111011100110010001,33.22393159824599,9.765625e-05
01010110000011000100,17.950115410075142,9.765625e-05
01100101101110001010,31.941976786404865,9.765625e-05
11100100110011011000,14.26859311438714,9.765625e-05
11100100100010000001,14.749681242068858,9.765625e-05
00000111000001101000,15.69177344074857,9.765625e-05
01111001111011001101,16.586005399600477,9.765625e-05
00011111011101101111,14.804730233497178,9.765625e-05
10011001111010000011,20.069156241921917,9.765625e-05
01001111000100100100,17.38352992517851,9.765625e-05
10011001001010111010,23.11133275117756,9.765625e-05
01011000000011010001,17.673484026878377,9.765625e-05
01111010101010011100,20.230689426491974,9.765625e-05
01111000001000101101,17.897743777524298,9.765625e-05
11001101110000111111,13.594244590623491,9.765625e-05
01111101111101101000,17.472245328445155,9.765625e-05
10100101111011001000,19.695970622670345,9.765625e-05
01011110011010001111,14.887028444104462,9.765625e-05
11111001101110010001,19.025383378330982,9.765625e-05
11000101001111011000,18.931930829549557,9.765625e-05
11010101001100010011,25.223011743081045,9.765625e-05
00101100101000011010,18.880735576466826,9.765625e-05
11011110101110110101,14.791487665392728,9.765625e-05
11000100001110010000,15.499121800337647,9.765625e-05
00011101001100101000,20.606190633102774,9.765625e-05
00011100000111001010,15.640873113930049,9.765625e-05
01011001011010000100,13.539032268234365,9.765625e-05
00011011100000101110,22.26778160794578,9.765625e-05
01111101111011101000,23.9711247528087,9.765625e-05
00010110000100001010,16.072400636061978,9.765625e-05
00111101110100111101,16.386286182434418,9.765625e-05
11010010010000001101,13.162059755891246,9.765625e-05
11011101011110001100,17.333068173051984,9.765625e-05
01100111111000110111,19.561543313958538,9.765625e-05
00011011101100001000,18.424583154173337,9.765625e-05
01111000010010110111,15.84593086582251,9.765625e-05
00111111000010100000,28.837693503809554,9.765625e-05
11001101100101100101,10.950383693983762,9.765625e-05
00111101000001101101,19.62110697428246,9.765625e-05
00001101011011010111,20.132213328233462,9.765625e-05
10110100111100001111,16.06725779980413,9.765625e-05
01001111001101001111,16.556889643273166,9.765625e-05
11111001110110100110,12.513878429664182,9.765625e-05
11110000101011011100,19.03084032742308,9.765625e-05
01110001010100000101,9.431992874974563,9.765625e-05
10000111100001000011,17.710521231446982,9.765625e-05
11101101111011010111,12.848731472365541,9.765625e-05
01110010001011001011,20.874147254874327,9.765625e-05
10000001100000001100,19.473809707916633,9.765625e-05
11001100110110010110,14.31886402298116,9.765625e-05
10000111010010011000,16.638094687450483,9.765625e-05
01100101010000010111,14.36026276912067,9.765625e-05
11111000101000111111,16.3107280715054,9.765625e-05
11001101110100100100,9.977393393846027,9.765625e-05
11001110100010000001,19.409248726191095,9.765625e-05
11110000000010111010,17.69822248866854,9.765625e-05
01110000110000000011,10.91267251476347,9.765625e-05
01101100001100000110,12.114756523511934,9.765625e-05
00110011100110101100,18.9191863127328,9.765625e-05
11111110000111010111,33.500783471620636,9.765625e-05
11000101111101001000,17.42207747389451,9.765625e-05
01011100000101010101,9.47344586357821,9.765625e-05
01000011011011000101,18.251238748891126,9.765625e-05
11110100110010000001,9.512940660427647,9.765625e-05
01110001001100110101,18.141081839104306,9.765625e-05
01111110111111001100,14.959380992168443,9.765625e-05
00011100110100110101,18.029745567195757,9.765625e-05
01101110101011011010,17.367909642151155,9.765625e-05
01100110011010001101,19.88317379667375,9.765625e-05
01111101011101110110,9.476615832471767,9.765625e-05
11001101000101111111,12.579790157842842,9.765625e-05
00111101001100010001,12.107596448966486,9.765625e-05
01110100111000010100,11.435224051506856,9.765625e-05
10111100110110101101,17.64087311393005,9.765625e-05
01011011100111110010,20.53865176184457,9.765625e-05
11111001101100111111,16.869831178815723,9.765625e-05
11010100100100010010,13.714622422876646,9.765625e-05
11000011100010000110,15.271773787166165,9.765625e-05
11111001101001011010,19.041684720787828,9.765625e-05
01110110110011101011,19.04508468039236,9.765625e-05
11111100111100110010,5.246786734840212,9.765625e-05
11001101100111010011,14.05955794716955,9.765625e-05
11100100000001000100,14.917260368883131,9.765625e-05
11110100101000001101,14.758556936094177,9.765625e-05
11100111110001111100,14.241141259594219,9.765625e-05
10111101101000111101,20.36629184217345,9.765625e-05
01001111101110000101,16.844154947789026,9.765625e-05
11100111110001100001,19.22106624165359,9.765625e-05
00001111101100000111,19.157096483331586,9.765625e-05
01111101010111010101,11.100867787594751,9.765625e-05
11011101110011101110,19.81934351875468,9.765625e-05
11101000011110110100,31.403920270145587,9.765625e-05
11101111100100101001,32.7611480776437,9.765625e-05
01110100010001001000,12.584796000388387,9.765625e-05
11001111010010110100,16.487343649078298,9.765625e-05
01101001001111001000,20.48628782888939,9.765625e-05
11111010001000010010,35.43032906056737,9.765625e-05
00001101100000010001,16.749147705573073,9.765625e-05
01111100110100011110,10.075210928641965,9.765625e-05
01001111010100111001,16.45282108724423,9.765625e-05
10001110101010010001,24.886167097395536,9.765625e-05
10000101000101000000,11.422077473894513,9.765625e-05
01011110001011010000,14.956759949323597,9.765625e-05
01011111110101100100,15.816512825412456,9.765625e-05
11100100101100000001,12.132627763452358,9.765625e-05
00010111000001110111,21.037855257710387,9.765625e-05
01110110111001110100,15.885181534428266,9.765625e-05
01110010001101000011,19.537588758501187,9.765625e-05
11010110011111011011,14.940240211893542,9.765625e-05
01110110110001000111,14.09760445069477,9.765625e-05
01011110011110000000,9.583899343135428,0.0001953125
01000011010011000010,15.446979386248682,9.765625e-05
11010010010110101010,15.295609350110016,9.765625e-05
00110101000011110110,23.467092806150347,9.765625e-05
11000001000000000100,9.73537316773854,9.765625e-05
11010100011100000001,8.51269653218397,9.765625e-05
10000101101000101000,25.67236063785418,9.765625e-05
11000111000111001110,15.135056297622327,9.765625e-05
01111011011010010000,18.55222973099444,9.765625e-05
01110110110000111001,14.360262769120668,9.765625e-05
01111101111100011000,16.39199368686741,9.765625e-05
01010011110101000101,13.052989721232205,9.765625e-05
10000111100001111100,15.02759684236814,9.765625e-05
01111101011111000001,11.878545310341654,9.765625e-05
11111001111000101001,15.076161915486264,9.765625e-05
00100011001010000000,18.230689426491974,9.765625e-05
10010011011110111100,22.374636524221657,9.765625e-05
00101101001100010010,13.24864957214671,9.765625e-05
11111101101111011110,17.738060299780173,9.765625e-05
11010100110010001101,16.497889399104164,9.765625e-05
10001000101110101110,41.708353694712116,9.765625e-05
00100111101111101110,23.815275249101973,9.765625e-05
10100111000011100111,27.304024387346878,9.765625e-05
11001100111110011000,14.090881835025796,9.765625e-05
11001101100010010010,17.735300510953458,9.765625e-05
01111100110110000011,6.958478093322138,9.765625e-05
11110001111000011000,11.117262203790755,9.765625e-05
01001111001001010111,14.89935831856226,9.765625e-05
01011101101010100100,37.391511372354124,9.765625e-05
11000100001000011101,15.904983071747095,9.765625e-05
01011110001011011010,17.602647133833838,0.0001953125
11110001010001111111,15.03863563247239,9.765625e-05
01001001000010000110,15.044845640098478,9.765625e-05
10110110111010000000,18.230689426491974,9.765625e-05
10110100011000000000,12.363774402289181,9.765625e-05
10011100000011011001,15.962654015105382,9.765625e-05
11010011011011001110,15.882752912721443,9.765625e-05
10110101111001000111,13.707479119145958,9.765625e-05
00001011100010110010,23.568471754286822,9.765625e-05
11011110011110110001,12.000332310376738,9.765625e-05
11111100010010111111,14.556889643273164,9.765625e-05
01001111100100110010,18.530858236096485,9.765625e-05
11010011010010100101,12.960399439084647,9.765625e-05
11001101111111000100,11.581978731793981,9.765625e-05
11000001011010100111,25.61893246153318,9.765625e-05
01000101110010110110,34.914018684765615,9.765625e-05
01010011100110001100,19.15979820385609,9.765625e-05
01100111110000011000,15.493803117456288,9.765625e-05
01101101011000110110,11.664798317009273,9.765625e-05
01111001011110100010,12.222903378165633,9.765625e-05
01100101010000110001,17.264048015757247,9.765625e-05
01110111011111000011,15.765762818677384,9.765625e-05
00011110001110000001,10.844154947789027,9.765625e-05
10110001001101111010,21.37743713076469,9.765625e-05
01010010100000010110,20.24705125300631,9.765625e-05
11100011101100001010,19.2106240945883,9.765625e-05
01101101101100101000,21.48762681573706,9.765625e-05
11100001111001111100,16.114380919568056,9.765625e-05
11010110110000110000,11.487626815737059,9.765625e-05
11110001110011001000,12.662354491253392,9.765625e-05
11100110101000110011,20.607338912212988,9.765625e-05
10110100100011110011,17.781883961391642,9.765625e-05
11010001110101011000,13.158583716694206,9.765625e-05
11000111000111001000,13.26779409113248,9.765625e-05
00110011001011000010,16.001248535594193,9.765625e-05
10001111101010111000,18.400424564607377,9.765625e-05
00000101000100010000,16.826572098252196,9.765625e-05
11011111111000111011,22.460385481657635,9.765625e-05
01001110001000011010,16.04382897248351,9.765625e-05
10010011011100001011,20.11210968149595,9.765625e-05
10010110011001001000,17.09246596796565,9.765625e-05
00011101001010111111,27.910013375064665,9.765625e-05
01101101011001010011,11.096884559990258,9.765625e-05
00000111100011000001,16.13690591732106,9.765625e-05
01110111001101101011,25.3918909270913,9.765625e-05
11011100110100100101,6.391280586673441,9.765625e-05
11011111010011101111,19.90895942130419,9.765625e-05
11011000101111000010,18.930932783395594,9.765625e-05
11100011101000011011,21.498486227646993,9.765625e-05
10010100000001010001,12.780766813960792,9.765625e-05
00110000000110001000,20.351677217768525,9.765625e-05
11001101010111011000,11.52369086423771,9.765625e-05
11001101010111000100,10.737530931309243,9.765625e-05
01011010100010101011,21.930923097358637,9.765625e-05
11000011010010101011,18.643673720473082,9.765625e-05
11001011111010101011,19.979548654534252,9.765625e-05
11011100101101110001,8.716472053415199,9.765625e-05
11001101010000001111,16.248075941515857,9.765625e-05
01110000001000100000,14.741642837464195,9.765625e-05
01011110010010111011,13.230450816260399,9.765625e-05
11000111110101111111,14.713312064825859,9.765625e-05
01011001110100110001,17.790158364582012,9.765625e-05
11110100111100111011,9.53867113391848,9.765625e-05
11011100111000110000,8.36465962123561,9.765625e-05
11110001001000010011,18.77736874242088,9.765625e-05
01011110110000000110,17.157450641633055,9.765625e-05
00011111001110111000,16.899368004599218,9.765625e-05
01111000110110100001,14.374636524221655,9.765625e-05
11010000010110110010,18.02662368630019,9.765625e-05
11011110111110000001,12.844154947789026,9.765625e-05
11010110011100100111,16.91751272516145,9.765625e-05
00110111110010010000,15.812336903629202,9.765625e-05
11000111001001011111,17.025383378330982,9.765625e-05
00111100000111010010,11.736207148510635,9.765625e-05
00110110100000010111,18.470879699241898,9.765625e-05
01111001011100110100,11.480692133815424,9.765625e-05
01001011110000110001,20.640002081184164,9.765625e-05
00101101001110110010,15.230411690718118,9.765625e-05
00001110011101010000,28.06211932791483,9.765625e-05
01110011111100100110,14.84497092736232,9.765625e-05
00101101110110010001,19.121620224630675,9.765625e-05
11110001000010111111,22.00237627814712,9.765625e-05
10001111001011001110,19.95387595507836,9.765625e-05
10011111110101101110,17.498486227646993,9.765625e-05
10111101000111011101,22.32134064514912,9.765625e-05
00110110000000001110,21.273695132928673,9.765625e-05
11100001100000100100,11.34089253621217,9.765625e-05
01110100011100010111,8.80018306129879,9.765625e-05
00101101100111010110,15.271419628864699,9.765625e-05
01010011110100000101,12.27644691705265,9.765625e-05
01001111001111010000,11.080606121178132,9.765625e-05
01101100101001101000,17.16809153896657,9.765625e-05
01100111000110010101,17.196850612473746,9.765625e-05
11111101110000011011,20.937645604264233,9.765625e-05
11011110011001111111,17.72649330568837,9.765625e-05
11101100001100001100,19.828808760201333,9.765625e-05
00010011011000100111,23.30273310710274,9.765625e-05
01111000100110110011,16.846878321096,9.765625e-05
11000100010010001010,17.69477279755983,9.765625e-05
10010110000110110010,19.685749885707885,9.765625e-05
01110110000011101010,24.190475374982423,9.765625e-05
11011010111000010000,18.928514022389784,9.765625e-05
11011110110000011001,15.585813712883525,9.765625e-05
10010110110010011010,19.350706858850316,9.765625e-05
00000111100000001101,19.11726220379076,9.765625e-05
11011100101101011011,12.681076755821401,9.765625e-05
00010111001101001010,19.531139710581215,9.765625e-05
00110011110110001100,15.114431335784476,9.765625e-05
00100101001001010001,14.902451777801009,9.765625e-05
11000110111000001101,16.833164060178895,9.765625e-05
01001111101111111110,17.582556101135705,9.765625e-05
00111001000001010011,19.368000300135037,9.765625e-05
00011010101101001100,30.725780929075643,9.765625e-05
00010110000100110010,18.640002081184164,9.765625e-05
01000001110010000110,28.42726468107567,9.765625e-05
11110011010110110110,19.878545310341643,9.765625e-05
11001101100011111001,14.95204424945122,9.765625e-05
00111101101011111000,21.398527151177912,9.765625e-05
10000111000110000000,16.142058439615866,9.765625e-05
00111100110000000010,9.757596263212921,9.765625e-05
01011100010001101101,14.411278458505212,9.765625e-05
01001100000010011001,15.054216789957461,9.765625e-05
01010100010010010001,15.723086184565549,9.765625e-05
01110011001110000100,15.088338868601461,9.765625e-05
11100101110001011110,10.848764062047213,9.765625e-05
01001100000000101100,16.362476233157828,9.765625e-05
11111101011111011110,15.13600030845221,9.765625e-05
00111101001101011011,12.038808954577233,9.765625e-05
01101101000000110110,16.931041148311014,9.765625e-05
00110111110001010100,13.734299754776945,9.765625e-05
01010111000110111011,29.21785922078624,9.765625e-05
00111011100111101101,23.826533168600495,9.765625e-05
11010010100110111101,18.374636524221657,9.765625e-05
10011100100100100000,9.977393393846027,9.765625e-05
11010100111000000011,17.934161249905348,9.765625e-05
00110111010100111101,17.599830599660496,9.765625e-05
11100101011100100011,18.184703011736683,9.765625e-05
11101101000100001111,25.262231280007448,9.765625e-05
00111100011001100011,9.878204282520743,9.765625e-05
01100011001001011100,16.30882067777172,9.765625e-05
11100011000000101011,26.55222973099444,9.765625e-05
00111101100001110001,15.069586175457129,9.765625e-05
11111001111000111001,15.299444331199552,9.765625e-05
01011011010000101110,16.982446600808316,9.765625e-05
01110011100000000100,15.970239250434826,9.765625e-05
11100001000011001110,18.010766043903512,9.765625e-05
00011111010001100011,15.540485246772938,9.765625e-05
00001101000000000110,15.30076187240482,9.765625e-05
11111100100100111110,12.745072127810667,9.765625e-05
01111111011110101101,19.60078782809815,9.765625e-05
01001111011100100101,15.24864957214671,9.765625e-05
01110100010001001001,11.766920353762242,0.0001953125
11011011001011110010,23.21606113352911,9.765625e-05
11110101000110011010,26.156668416224804,9.765625e-05
00111101011110001100,14.729642552520772,9.765625e-05
00011001111000100101,21.911079430207728,9.765625e-05
01111100111001010101,7.6734840268783815,9.765625e-05
11011000010010100010,10.724994312720296,9.765625e-05
00011111000110001101,15.285039444419208,9.765625e-05
11010100010110000110,14.247051253006308,9.765625e-05
01001001100010110100,19.545959974141585,9.765625e-05
01100100100100000100,13.723687181133235,9.765625e-05
00001111011111101000,15.04449148179701,9.765625e-05
11011100011001110101,8.517869591036057,9.765625e-05
11010110101100110011,18.683607326186237,9.765625e-05
00101111111110000011,19.016765237297165,9.765625e-05
11011000000110100111,16.252382429914178,9.765625e-05
00110001101100000111,18.60342126700249,9.765625e-05
00111111000110110010,22.069303008798368,9.765625e-05
11010110101000100111,24.752627483480982,9.765625e-05
11001110101000101101,19.066804940988007,9.765625e-05
11011001001111010000,17.299444331199552,9.765625e-05
11110101111100010110,12.599846527290804,9.765625e-05
01101101110001001110,14.729642552520769,9.765625e-05
01001111011110010110,11.685749885707883,9.765625e-05
01010011000001010010,19.041684720787828,9.765625e-05
11010110011001100100,16.638094687450486,9.765625e-05
00111001110110000011,15.072801238855249,9.765625e-05
11110001100010101000,21.348055418747176,9.765625e-05
10010110000110010011,18.34299180216668,9.765625e-05
11011001111100100000,11.860728753019165,9.765625e-05
01111001001010100111,18.202829094646066,9.765625e-05
10010100010100001001,10.798031539321434,9.765625e-05
11110100000111110001,12.250516148164074,9.765625e-05
11101101111101001110,13.151418124136658,9.765625e-05
00001111001110011001,15.705535495396408,9.765625e-05
10011101111001001001,14.972575657778778,9.765625e-05
11000001000100100100,12.544363434302417,9.765625e-05
10111001111000000010,15.155189089597902,9.765625e-05
01111100110000010010,7.898703715984485,9.765625e-05
00111011101001001111,21.585099790731633,9.765625e-05
00001101010000000111,16.740341223889235,9.765625e-05
01110110011101101011,16.135929316809502,9.765625e-05
11011101000011001010,29.21269387236964,9.765625e-05
11011100011001011101,10.760643708022172,9.765625e-05
11100101110010101101,19.088347820217354,9.765625e-05
01100100000100011110,17.242258112757813,9.765625e-05
10110110101111101110,23.17123497426793,9.765625e-05
01001110001000001011,18.745072127810666,9.765625e-05
11100101010011000001,16.86792378508204,9.765625e-05
11010110100001010101,14.316699370523242,9.765625e-05
00110011100110001000,14.506808533331482,9.765625e-05
01011010011011000000,14.848764062047216,9.765625e-05
10101001110110100010,27.82998368166713,9.765625e-05
10011001001010000010,19.77455565269115,9.765625e-05
11000011100100100111,20.3107280715054,9.765625e-05
01110110010100010111,12.646548763102432,9.765625e-05
00011111100110010011,16.01373923813032,9.765625e-05
10010110000110101011,17.490042132299266,9.765625e-05
11011001110011000101,13.189431020131696,9.765625e-05
11110010101000010000,16.980885654940625,9.765625e-05
00111111111111001001,12.330548453207477,9.765625e-05
10001101101100100000,14.36465962123561,9.765625e-05
11010011010111000110,14.278842567273681,9.765625e-05
10110101111011000001,14.884050347431732,9.765625e-05
01111101001111010110,14.269624338757303,9.765625e-05
01111110110110110101,14.869831178815717,9.765625e-05
11110100010001101101,12.230689426491976,9.765625e-05
10011100011111011011,18.442344571196035,9.765625e-05
11100101010001000101,13.7365613068121,9.765625e-05
01110000000110010011,16.921093706466483,9.765625e-05
10000111001000110001,20.56351171903071,9.765625e-05
10001100100000100100,17.81557152460511,9.765625e-05
10010111101110001111,23.537588758501187,9.765625e-05
11110000010100111100,14.231104068850932,9.765625e-05
10011101010111110100,12.972947730151844,9.765625e-05
11010010001110001111,21.446979386248685,9.765625e-05
10110001100011001010,18.55530885640024,9.765625e-05
11101101110011101110,14.887028444104459,9.765625e-05
11011001010011111010,15.73620714851063,9.765625e-05
11011100011110000100,9.346519362965495,9.765625e-05
00011101010101000111,10.627558732224966,9.765625e-05
01111001011011011110,14.585202844775011,9.765625e-05
01110001101001010100,16.1849319359313,9.765625e-05
01111010111010000110,15.047478442548773,9.765625e-05
11100101000000001010,23.007538486478886,9.765625e-05
00011101110001010000,14.225431227668102,9.765625e-05
01000111000101010011,15.325794536877941,9.765625e-05
11010001010010011110,17.82115753364212,9.765625e-05
11110100101000110111,14.555036492003623,9.765625e-05
11001101001001111011,15.409864203226588,9.765625e-05
00111101001101010110,10.556889643273166,9.765625e-05
01111100011000110000,8.22797772566325,9.765625e-05
00111100100100000101,11.757596263212923,9.765625e-05
11011100000100111100,10.889590869729906,9.765625e-05
11100100101010100000,17.491606511770748,9.765625e-05
01110001010010011110,17.836050676909817,9.765625e-05
10000000010000000011,36.098433735412684,9.765625e-05
11011101110111000100,12.517049122138992,9.765625e-05
00011111011011000111,13.423081881245032,9.765625e-05
01000111111011000000,19.640873113930045,9.765625e-05
10001111001010101010,20.392931456103952,9.765625e-05
00011101001001101001,20.310378179195805,9.765625e-05
01001001101001001100,21.221670682664886,9.765625e-05
00110101001101100001,14.309105917998973,9.765625e-05
11001100000000100001,11.944746152505152,9.765625e-05
00000111101010010000,22.22002459682541,9.765625e-05
11110000101100110000,11.17090183154656,9.765625e-05
00101011101010000100,22.384378788700737,9.765625e-05
01101101111110001101,18.424171221836925,9.765625e-05
11111010101100001000,26.909436005722952,9.765625e-05
11011100000011111010,15.269701484866157,9.765625e-05
01011100010001110001,8.5963383385659,9.765625e-05
10011001001111000000,17.213434387168288,9.765625e-05
11000011100011001000,12.245750373852413,9.765625e-05
11111100110000100011,10.535938074574553,9.765625e-05
11011101010010101110,22.080980680241844,9.765625e-05
11110011111100110011,17.561533627921584,9.765625e-05
00110011110011101111,22.412898146547533,9.765625e-05
01101110110110111010,20.323411195179546,9.765625e-05
11110110011011111110,19.857455289928424,9.765625e-05
11111000001010101010,16.516139981699332,9.765625e-05
01101101111001011000,13.677328694004872,9.765625e-05
01101101101101100110,13.111332751177562,9.765625e-05
11100111101110010110,19.128332125574364,9.765625e-05
01110011000101101101,19.461378852983948,9.765625e-05
11111001101110101000,19.037021276938297,9.765625e-05
00110011011001101100,18.263453809700103,9.765625e-05
01110110111010100011,19.121758050687607,9.765625e-05
10110111101100011000,18.897460610865537,9.765625e-05
11110100111110000101,9.577802810010741,9.765625e-05
11011100000111111001,9.83943924791665,9.765625e-05
01111010110110101110,20.3127543593759,9.765625e-05
01101101011011110100,11.157096483331584,9.765625e-05
11010110000100011101,12.18505717003815,9.765625e-05
11000101100101110100,11.60804025280151,9.765625e-05
11110100110010010000,8.749681242068858,9.765625e-05
10110100000000001010,16.86924132628731,9.765625e-05
11110100110110100100,10.247051253006308,0.0001953125
11000001100011110100,18.423616239698735,9.765625e-05
01010011010110000111,14.585202844775008,9.765625e-05
11110000000010110000,14.737530931309244,9.765625e-05
01110001000100110001,18.05519368473628,9.765625e-05
00011111011000011011,17.871751790157163,9.765625e-05
01111011101110110111,19.3727020588184,9.765625e-05
10100101000101000001,16.516139981699332,9.765625e-05
00111100001100000110,10.603964675039107,9.765625e-05
01110010000010000000,15.273695132928673,9.765625e-05
00011111010111111001,11.65996736333426,9.765625e-05
10011101100111100111,14.907035278391943,9.765625e-05
01110001110001100001,15.691531934990577,9.765625e-05
11100100000001110111,17.157096483331586,9.765625e-05
01000110111000000101,20.654736236179968,9.765625e-05
10011111100011000101,21.54553917731648,9.765625e-05
11001100000010011111,15.480692133815424,9.765625e-05
11110111110010111110,22.059725652885618,9.765625e-05
11100111001011111011,23.22752080758566,9.765625e-05
00111100110010010100,15.516098135294689,9.765625e-05
11010110000111010000,13.268747787999317,9.765625e-05
10100100111110010101,33.741218421941085,9.765625e-05
10010110101100100001,16.5666380622184,9.765625e-05
11111101101001100100,22.96464011091726,9.765625e-05
10010110100011000000,16.729642552520772,9.765625e-05
11010000000010110101,17.581978731793985,9.765625e-05
01101101110110010011,14.666227052755701,9.765625e-05
01011110010010011000,12.142058439615866,9.765625e-05
01110110001100100001,16.956759949323597,9.765625e-05
00100101000101001001,16.54649902864947,9.765625e-05
01110011011010100010,17.69819063340793,9.765625e-05
11010010010100101010,14.649722165599778,9.765625e-05
11011111011111110100,14.793340816662266,9.765625e-05
11111101110010110111,16.982426494313344,9.765625e-05
01100111011011011100,13.699731902094634,9.765625e-05
00011101110110100100,18.203201890600383,9.765625e-05
01110010111010001110,16.774107206458318,9.765625e-05
01111100100101100110,12.55408279513678,9.765625e-05
01011100010111111011,14.424193609040453,9.765625e-05
01100111001110010110,17.128332125574364,9.765625e-05
01110000001110000100,15.385284397569588,9.765625e-05
00111101011101010011,7.659967363334264,9.765625e-05
10111100100100101010,13.58389934313543,9.765625e-05
00001111001111001101,14.643673720473082,9.765625e-05
11100101001100001000,18.864547795638583,9.765625e-05
00100011000010100000,21.18307534021815,9.765625e-05
11100101110001010110,9.332656240715568,9.765625e-05
11010100000101000111,13.60670750754719,9.765625e-05
00011011011100101011,19.87820428252074,9.765625e-05
10110100100001010000,11.80526812352169,9.765625e-05
10001101101111010110,18.755373026011608,9.765625e-05
11010010001100011011,20.3107280715054,9.765625e-05
01110110100001000110,19.088338868601465,9.765625e-05
01011011111000000100,14.697394760329615,9.765625e-05
11011001101110000000,18.733818474304016,9.765625e-05
01100110101100110000,17.75937740499124,9.765625e-05
10000111000110101000,15.898703715984485,9.765625e-05
11110001101111100011,21.32490840884639,9.765625e-05
00110100001100110001,13.348073332818773,9.765625e-05
11001100001011011100,13.770151530294532,9.765625e-05
11100111111110000000,18.37179687926354,9.765625e-05
11100101100011001000,18.720831608544813,9.765625e-05
10011100010010101011,14.310728071505402,9.765625e-05
01111100011001100000,9.724046857446805,9.765625e-05
01111001100101000110,14.114031027258463,9.765625e-05
01000111100010110101,22.361216465987507,9.765625e-05
11011001111100111100,13.585100612689551,9.765625e-05
11000011110000000101,13.092465967965651,9.765625e-05
01111001011111010101,13.836365269515198,9.765625e-05
11001101010000101101,13.652850288088695,9.765625e-05
01001110000000001010,18.380993113220324,9.765625e-05
01110011100110110110,19.34691027972181,9.765625e-05
01011011010001011111,18.549180642679,9.765625e-05
11001101001000100101,16.046704015112862,9.765625e-05
00011111010110111111,15.561533627921579,9.765625e-05
01011001000100000000,16.42022785419578,9.765625e-05
11010010000010001011,17.867866011047095,9.765625e-05
11011111011110001000,21.683053154756493,9.765625e-05
11111000100011011010,19.624511287415718,9.765625e-05
01011111010111010010,13.5844864856413,9.765625e-05
01010011000111100000,18.221002226025295,9.765625e-05
11111100011011111001,12.202844287855303,9.765625e-05
00001101010000101101,19.938185295226155,9.765625e-05
01101001001000100100,14.640356239485635,9.765625e-05
10001101100101101110,15.720269650392213,9.765625e-05
11110100001001111101,14.74033153785228,9.765625e-05
01000001011011100110,33.81831529867432,9.765625e-05
01001111010011111110,12.202844287855301,9.765625e-05
01011111110101101101,16.046588761310232,0.0001953125
10001101001010111111,21.47476268120223,9.765625e-05
11010100010000000111,12.42458315417334,9.765625e-05
11101001100001100011,20.450872141373168,9.765625e-05
11111100101101110100,10.327060545641606,9.765625e-05
01110000011101001100,18.151269692117832,9.765625e-05
01000111011100000100,13.767341237714545,9.765625e-05
11010110110010001001,11.512940660427645,9.765625e-05
11001101110110001010,16.388158705777876,9.765625e-05
11000110010010101001,14.740341223889235,9.765625e-05
11110000100010000100,11.942541329624783,9.765625e-05
00001111000000001001,18.670812186013002,9.765625e-05
01110111011110010110,15.997609045833148,9.765625e-05
11101110100000110010,28.740333317153514,9.765625e-05
11110001001100100010,17.462567814015433,9.765625e-05
01110011011011001100,12.624006721493942,9.765625e-05
01010111001100111110,30.667641493538195,9.765625e-05
01000111000101010101,10.856694287240337,9.765625e-05
01101100111110100101,18.02662368630019,9.765625e-05
01110011011010101101,17.074722584617756,9.765625e-05
11101101010010111011,20.79334081666227,9.765625e-05
11111011011101001111,30.75610820789238,9.765625e-05
01100110101110001001,19.921969962957203,9.765625e-05
11100001100100000000,12.545012518868095,9.765625e-05
00011001010101000000,13.87875374664683,9.765625e-05
01011110011100010100,11.487626815737059,9.765625e-05
10110101100001000001,13.684177278201762,9.765625e-05
11110111100110111010,26.34194055842874,9.765625e-05
01101000001000011010,19.93818529522616,9.765625e-05
11010011010011110100,12.470879699241896,9.765625e-05
01101011110010000111,21.792535366310382,9.765625e-05
11100100011011010011,18.56147929833024,9.765625e-05
10011101011000101101,16.727101278270467,9.765625e-05
01101101011100011100,14.086870272891684,9.765625e-05
11000101000110001100,17.74913250152402,9.765625e-05
10010111110000110111,20.869831178815716,9.765625e-05
01110101110110110101,20.004293357917756,9.765625e-05
10011101100101100101,11.697528124094434,9.765625e-05
10100000110000001001,34.25864658162773,9.765625e-05
11010011101011010001,20.368000300135034,9.765625e-05
11011000100010000111,17.04258408806333,9.765625e-05
11011010111110101000,14.962663701142338,9.765625e-05
11000100000010110001,14.832841767977852,9.765625e-05
10010111100100010111,19.025383378330986,9.765625e-05
01110001000011010100,16.33821634181806,9.765625e-05
00010110100100000000,13.389466560946182,9.765625e-05
11101000000110000000,28.818167862867817,9.765625e-05
01000111000001010010,15.740058057230474,9.765625e-05
01111100001100110111,8.791487665392728,9.765625e-05
11001001000110101011,21.157096483331586,9.765625e-05
01111001111000100000,13.184097231577958,9.765625e-05
00001011001000000100,19.706185303543332,9.765625e-05
00011111001101010000,13.772668970178806,9.765625e-05
11110111110110010100,17.073004440619215,9.765625e-05
11011101011001001110,18.96362166400105,9.765625e-05
11111001101110010010,17.602647133833838,9.765625e-05
00110110100000000011,15.135056297622327,9.765625e-05
01110101110101011101,13.297413689800319,9.765625e-05
11001001001001101101,16.864373749952495,9.765625e-05
01011011101100010101,19.299444331199556,9.765625e-05
11001011101011001100,16.30882067777172,9.765625e-05
11100100001100001110,16.60325781643848,9.765625e-05
01100111011100010101,15.160867448792827,9.765625e-05
11000110110010011100,12.78916282131053,9.765625e-05
11001101011110100110,13.372863327050533,9.765625e-05
01110100001001100100,19.045806312979735,9.765625e-05
01001010101100100001,28.470359293226675,9.765625e-05
11110001000101101000,16.09341695480995,9.765625e-05
01101110101010111110,19.225250205967605,9.765625e-05
00011111101101000101,14.046588761310229,9.765625e-05
11101101101101100110,12.428057735368062,9.765625e-05
11111001101001110101,16.786939671236414,9.765625e-05
01111101010101011111,13.100867787594751,9.765625e-05
10000010000001010101,46.22039217987471,9.765625e-05
10110100111000001101,14.941586898336876,9.765625e-05
01101100011011010110,13.074234328130409,9.765625e-05
00001111001011011110,15.490042132299264,9.765625e-05
11000011010010101001,15.15141812413666,9.765625e-05
11000110001010000000,16.87044810301371,9.765625e-05
11110101110101000001,9.6860268979005,9.765625e-05
01100110000010001001,19.669346947209974,9.765625e-05
01110010100001000100,16.561509177989375,9.765625e-05
01110110110001110100,15.151418124136658,9.765625e-05
01001110010010111000,13.23764899849962,9.765625e-05
11110001100010000101,16.225676090332847,9.765625e-05
11110010110010111110,17.690571262109327,9.765625e-05
00001100000001101110,24.372205280029146,9.765625e-05
10110101111001110111,16.302100244434623,9.765625e-05
01101101110000001000,19.101315019635383,9.765625e-05
01001001000000000110,13.900005329559445,9.765625e-05
01111100000011000111,14.912717892738925,9.765625e-05
11011101110110100001,15.34622026867643,9.765625e-05
01011100101011111110,30.477882782796563,9.765625e-05
01110001011110000000,13.82115753364212,9.765625e-05
11000110101000000010,19.60421151330532,9.765625e-05
11011000110100000011,13.229796213682622,9.765625e-05
01101101011001101101,16.165820300894467,9.765625e-05
11101110100100100010,29.685178034378268,9.765625e-05
01101101011100111010,15.561591107689267,9.765625e-05
11001110100111010100,19.23081466059882,9.765625e-05
11011100010000101101,10.385660001513461,9.765625e-05
01111100001000010100,12.879946239249122,9.765625e-05
11010110111010011100,15.163915617183326,9.765625e-05
01011101110111100111,19.590310294201448,9.765625e-05
10111110001111001110,31.21156539539565,9.765625e-05
01001101100110110010,21.897408267715488,9.765625e-05
10011101101100010110,18.67924306375297,9.765625e-05
11001110110000111010,16.265255526904717,9.765625e-05
01110011010011101000,16.587124190537516,9.765625e-05
01001001011010010001,18.741288679162725,9.765625e-05
11111100101111110010,9.853523594765527,9.765625e-05
00000100011101000010,33.69581435526081,9.765625e-05
11101101100010011011,22.024055856821505,9.765625e-05
11110110100110011101,14.796036295593428,9.765625e-05
10110110010100001011,22.108461974540084,9.765625e-05
00011100110000110110,20.707126517223475,9.765625e-05
11110100110000001100,9.50110538242722,9.765625e-05
11010010011000001011,16.48628782888939,9.765625e-05
01101011111001001000,20.729642552520772,9.765625e-05
01011011010001110010,17.659716786357176,9.765625e-05
00000110000000001000,17.075869699244596,9.765625e-05
00011001000001000001,15.334994116901658,9.765625e-05
00100111101111000000,14.608152170923923,9.765625e-05
00101101111101101110,20.08551806843625,9.765625e-05
01011011111001110111,19.67396802821367,9.765625e-05
01011100000110000001,11.140201843902714,9.765625e-05
11000101010100110001,12.492302666485902,9.765625e-05
10111101111100001110,15.394772847768042,9.765625e-05
11011001000011110110,17.25333341675848,9.765625e-05
11101100011010110111,16.819367674419627,9.765625e-05
00111100101001000011,9.310660611433502,9.765625e-05
01111100100011110010,14.646541787088015,9.765625e-05
01011010110111101010,22.113953059601336,9.765625e-05
01101100001110000100,13.268388111685752,9.765625e-05
00110110101000011111,20.608152170923923,9.765625e-05
11011000011010001010,13.692663121987115,9.765625e-05
11000111111010111011,23.101480456640687,9.765625e-05
10111100011001111110,21.514848054161327,9.765625e-05
00000111001011011010,21.521297102081295,9.765625e-05
00110111001101100101,15.304034073383837,9.765625e-05
01111001111101111000,17.074234328130405,9.765625e-05
00110001001110010010,20.4936905736762,9.765625e-05
11010011010010101011,16.97949441207011,9.765625e-05
01111110011010001111,16.701020385189036,9.765625e-05
10111101111110100001,12.869831178815717,9.765625e-05
11011001000010110001,19.106642752099642,9.765625e-05
01100110001000001101,19.894933484944307,9.765625e-05
01001111001111100011,16.32673230611448,9.765625e-05
11000110000100010000,13.586034643215221,9.765625e-05
11010111010101100100,14.234524407581517,9.765625e-05
01111100110010010010,8.859395273343779,9.765625e-05
11001111111101101010,15.76388113698763,9.765625e-05
01001111101111001100,15.151418124136661,9.765625e-05
11000101100110000110,22.27274341166331,9.765625e-05
01010111010101011101,10.664994651522218,9.765625e-05
11011101010000010110,18.919793736397708,9.765625e-05
00011111100101010001,13.624921761749816,9.765625e-05
01110010100000001010,16.01302759593866,9.765625e-05
11010011100000010101,15.647862859864087,9.765625e-05
10111100111010100011,11.979548654534248,9.765625e-05
10001000110011110000,41.83410527385904,9.765625e-05
01111101011101000000,12.627797527960418,9.765625e-05
01000101001111100100,29.7099696937524,9.765625e-05
01001110101000011011,19.136044570612135,9.765625e-05
10101101000001010100,26.512449693917752,9.765625e-05
10110110100011111000,20.470879699241898,9.765625e-05
00011100111001000100,18.585042838654605,9.765625e-05
01101111000111100100,22.28791375262749,9.765625e-05
11111000111010101100,13.075204687048615,9.765625e-05
01101111111111011100,14.783821234784456,9.765625e-05
01011010000000011010,20.248075941515857,9.765625e-05
10011111101111101111,17.285796191955246,9.765625e-05
00011111110001000111,16.064392541178755,9.765625e-05
11010101000000100100,28.014862931513278,9.765625e-05
11011100010100100101,7.197460560657328,9.765625e-05
11000010101000100000,19.144560588323884,9.765625e-05
01111000011010100000,10.11820965906425,9.765625e-05
11111101111001100011,15.642790291667701,9.765625e-05
00011010101111000101,30.63281964107137,9.765625e-05
11000101000001000011,17.80717904882618,9.765625e-05
10110101101110000110,20.799161904360048,9.765625e-05
10010111001010111100,24.90627155484149,9.765625e-05
11100100100000111101,14.132627763452362,9.765625e-05
00110101011001001001,14.912964731005136,9.765625e-05
10010010110001111100,31.69912809753739,9.765625e-05
00100000001100010010,35.26837562849905,9.765625e-05
01100001001001100000,17.825333455425366,9.765625e-05
01011001000101010000,15.827491218996066,9.765625e-05
00111101110100110001,11.839439247916648,9.765625e-05
01011110011001000101,14.371796879263542,9.765625e-05
01010011010001100101,13.748543813478971,9.765625e-05
11101011110000011100,31.9514810392784,9.765625e-05
11000111101011010000,16.22951304702386,9.765625e-05
10011111001100010011,25.110123574887716,9.765625e-05
11011010100111110000,21.759156474659545,9.765625e-05
11100101110011000001,14.561498757531353,9.765625e-05
00011100001100000000,9.524298102398744,9.765625e-05
00010111110100111101,19.82998368166713,9.765625e-05
11011001100000110100,15.543120329183466,9.765625e-05
00111101011110011011,13.211207705523371,9.765625e-05
01111001010001100000,14.861316619106287,9.765625e-05
01101101101110011101,18.660622395226028,9.765625e-05
00000111111100010001,22.260258325515956,9.765625e-05
10010100010100101111,20.071433721587372,9.765625e-05
11100100000100000000,13.30196938355229,9.765625e-05
00111100110010001011,13.761783759097742,9.765625e-05
00010011001101000101,17.43086439800057,9.765625e-05
01111011110010001010,18.681851710538318,9.765625e-05
11100101110100110110,12.214455544107029,9.765625e-05
11011010101000010000,21.484816523157072,9.765625e-05
00110111111001010110,15.537588758501178,9.765625e-05
01100110001001100110,21.962654015105382,9.765625e-05
10011110111000000010,21.631571203444203,9.765625e-05
11011011001111101001,20.33164060178893,9.765625e-05
01001011100010101101,20.128536258059647,9.765625e-05
01111100101100111100,14.32926432364181,9.765625e-05
11001001000101000100,16.20531780776644,9.765625e-05
11110011111100101010,14.88702844410446,9.765625e-05
00011111101101111110,20.159890848281268,9.765625e-05
10011100101100110011,13.342117972271057,9.765625e-05
00100111110010011010,20.27398467697583,9.765625e-05
11110000000000011101,15.09156380354041,9.765625e-05
00110111100101110011,15.531064550913651,9.765625e-05
11011101000111110011,17.030113558671168,9.765625e-05
10011101110111001100,14.276446917052649,9.765625e-05
00100111111111000100,18.251238748891126,9.765625e-05
01101100101000110111,13.930061750649713,9.765625e-05
01101001110001100000,16.075210928641965,9.765625e-05
00110110001010110011,20.10833799245346,9.765625e-05
00100111110101001000,16.13787003464592,9.765625e-05
10011110111111100011,18.87817513728268,9.765625e-05
11001100000000010110,12.889590869729906,9.765625e-05
01001111010001101010,16.53593807457455,9.765625e-05
01101100111000111010,14.835925541179645,9.765625e-05
10010111111101110011,19.26296856834237,9.765625e-05
11001111111011111110,12.825917066360432,9.765625e-05
01100111011010001110,18.961474740110855,9.765625e-05
01100011001000001100,15.468484783441932,9.765625e-05
11001110110010111001,14.886167097395532,9.765625e-05
00111111111010110101,17.915578983339437,9.765625e-05
11111100011001101010,13.268747787999317,9.765625e-05
01100110101001011011,19.52787836012253,9.765625e-05
00011001000010010101,19.60670750754719,9.765625e-05
01110111110101010011,12.511902117856284,9.765625e-05
01100111110010011001,17.34627339491539,9.765625e-05
00111101101011001011,18.37259972835627,9.765625e-05
11111101110110011111,15.498476541610039,9.765625e-05
01011100010100111100,11.52710839497873,9.765625e-05
01011000110100010110,18.055486537431996,9.765625e-05
10111000100100001010,22.046708477404977,9.765625e-05
10100111011000101100,25.268141273419534,9.765625e-05
11111000111000110000,10.510502440220723,9.765625e-05
11011110101000110000,20.307929244263597,9.765625e-05
01111001000101100110,15.988005967489741,9.765625e-05
10110111101011011100,20.743630086919616,9.765625e-05
01111100110011000101,10.959380992168448,9.765625e-05
01111100101001110001,11.594234904586536,9.765625e-05
11000100100101110100,14.302916838825784,9.765625e-05
00010111011110011010,21.521297102081295,9.765625e-05
11110101110100010101,8.83286496588983,9.765625e-05
11011011100011101000,20.221066976074653,9.765625e-05
01100100000100010011,13.875435542078137,0.0001953125
11101000101011101010,22.339504003364194,9.765625e-05
10001101000010101000,16.88275653182911,9.765625e-05
01010111000001101000,30.242504178774944,9.765625e-05
00011011001111011010,20.135929316809502,9.765625e-05
01110100011011001001,17.12144969967558,9.765625e-05
01110010100010000100,14.7935091696722,9.765625e-05
11110000011110001000,12.65433127985797,9.765625e-05
01111110111011110010,13.65996736333426,9.765625e-05
01001101010111010010,11.651276135453056,9.765625e-05
11000110100100001000,11.94978686544093,9.765625e-05
11010010011100100001,15.970147123608811,9.765625e-05
01011110111010101000,18.156483727158452,9.765625e-05
10110100101001101000,15.868280653406051,9.765625e-05
01110100010001110100,12.181228430541958,9.765625e-05
00110111110100000110,13.867866011047095,9.765625e-05
11011100100101000001,9.827491218996071,0.0001953125
11111000101100100000,12.086870272891684,9.765625e-05
01001011110000101100,16.547822811448082,9.765625e-05
10110110101010011101,21.699731902094634,9.765625e-05
01100101110011000101,17.121449699675573,9.765625e-05
00010000000010101010,35.467453118917966,9.765625e-05
11000110011000100100,16.904983071747093,9.765625e-05
00100111001101000001,15.599830599660502,9.765625e-05
11111101110101100101,13.204951253405483,9.765625e-05
01000111101010010000,23.980447080248624,9.765625e-05
00110100000101000010,10.486287828889392,9.765625e-05
11101001100001101110,17.155189089597904,9.765625e-05
00111111111110010111,14.062513041820882,9.765625e-05
10010101000111110101,17.288073671620698,9.765625e-05
11011101011010111000,20.79184806528755,9.765625e-05
11110100011100111000,8.510502440220721,9.765625e-05
10110101111000011101,16.16582030089446,9.765625e-05
00111101110001011101,15.664936877487266,9.765625e-05
10011101110000111011,17.59423490458653,9.765625e-05
11111110010111110011,26.931943617843334,9.765625e-05
11000110000100101111,19.586709635715415,9.765625e-05
11000011010010100010,15.962654015105382,9.765625e-05
10000111101101101010,20.442431490469048,9.765625e-05
11100011101011100101,21.116766883752135,9.765625e-05
01101101111100100101,14.566638062218397,9.765625e-05
01111100000100111000,14.827227424411223,9.765625e-05
11111100111001000100,11.894933484944307,9.765625e-05
00111100000100010000,12.04111278233101,9.765625e-05
10011111101010100000,24.97783748655013,9.765625e-05
10001011001101100111,36.120224508628226,9.765625e-05
11100100111010100101,18.80238683929899,9.765625e-05
01011001001101011101,20.372365286149552,9.765625e-05
11010110100001011001,12.832864965889831,9.765625e-05
10011100001101100000,11.025613994699636,9.765625e-05
11000111011000111101,14.614316164120513,9.765625e-05
11011000111011001010,18.623554058978065,9.765625e-05
00011111100111001101,13.792535366310384,9.765625e-05
01010110010010010011,13.986084621727231,9.765625e-05
01101001001011000110,13.801076274108144,9.765625e-05
11111001101100010110,15.508331546169458,9.765625e-05
11000111100101101001,14.055193684736281,9.765625e-05
01100011001010011000,17.600649082116277,9.765625e-05
11110001100111001111,17.65930195849435,9.765625e-05
11010110001100011100,14.504881855060745,9.765625e-05
00110101111101000100,12.322204407613324,9.765625e-05
00110011011110001000,14.18823319502118,9.765625e-05
00100111100001000111,17.049990364420946,9.765625e-05
00111001101001100101,16.72847223998195,9.765625e-05
01011001111100010110,17.959847166969,9.765625e-05
10000111001010101101,21.39572654463488,9.765625e-05
11111001011000011101,19.137317849657475,9.765625e-05
00110101011000010101,14.362456861083912,9.765625e-05
11010111111011111100,19.66284312954486,9.765625e-05
01001100111000000110,17.384138104900668,9.765625e-05
01001011000001000100,16.451235985711595,9.765625e-05
11100101111100000011,15.514848054161329,9.765625e-05
10010111111010010011,23.4507914636935,9.765625e-05
00011001100000000100,17.623381656798166,9.765625e-05
11000111011001010011,17.096884559990258,9.765625e-05
11100000001010011101,26.43295625787836,9.765625e-05
11010001001110001011,28.020594700374602,9.765625e-05
11110111111001111100,17.041684720787828,9.765625e-05
11011001001111101010,19.93660843256798,9.765625e-05
11110001101001000000,14.02663419388541,9.765625e-05
11011100110001111100,9.938185295226155,9.765625e-05
10011110101001111101,22.972947730151844,9.765625e-05
11011101000100000010,26.43033874660432,9.765625e-05
01011110010100011101,12.871148720020988,9.765625e-05
11011100000110010101,10.611505871540524,9.765625e-05
11001100000100010011,13.28785142917323,9.765625e-05
00100111010001001101,20.06916321793633,9.765625e-05
01100111010101001110,16.114031027258463,9.765625e-05
10000110100010001100,21.4266865881527,9.765625e-05
11101001101100001100,18.36377440228918,9.765625e-05
01101110101111000110,18.88726559633372,9.765625e-05
11010110010101000111,15.622654691702566,9.765625e-05
01111011111011010110,14.330548453207477,9.765625e-05
01001111000011100101,14.915659661019106,9.765625e-05
01001101110001110010,15.551291151049455,9.765625e-05
01001111100000001111,22.172508144549887,9.765625e-05
11010100000001001001,13.954534725680993,9.765625e-05
11111101111101010011,10.885177366403411,9.765625e-05
11011110011010111101,13.871761476194122,9.765625e-05
11001100100000101001,12.685470887073981,9.765625e-05
01111001111010011100,15.821157533642118,9.765625e-05
10110011101110101101,20.585202844775008,9.765625e-05
01011110011000110100,13.988393967493112,9.765625e-05
10010111000111000101,14.701020385189032,9.765625e-05
11101011101111101010,24.85751306396337,9.765625e-05
00110011100110010100,16.85336349026845,9.765625e-05
11001111110010101011,18.31544928938988,9.765625e-05
11011011101011110110,20.788587743517184,9.765625e-05
11010011001100111000,17.69931463724999,9.765625e-05
01111100001011000010,13.795513462983116,9.765625e-05
11010000000010000101,14.960756307408657,9.765625e-05
11101110001111011000,30.23834690548436,9.765625e-05
10111101101101111010,14.184693325699726,9.765625e-05
00111101001110001101,16.37655442554056,9.765625e-05
11011110010110111001,11.876486138522203,9.765625e-05
11101101011101111101,16.726834246382076,9.765625e-05
00110111011110101011,18.395468376825516,9.765625e-05
11011001000101100010,16.738101851917556,9.765625e-05
11111101011011110110,16.14078274481524,9.765625e-05
10001101101011100000,15.18786122102479,9.765625e-05
00110101000001010111,15.213415015094373,9.765625e-05
00110110111101001000,14.491850640014421,9.765625e-05
01011001001101111000,22.144203719999872,9.765625e-05
11011111111111110010,16.326732306114476,9.765625e-05
10011100100111001011,15.133128710266472,9.765625e-05
01100111100001011100,14.363080037715068,9.765625e-05
01110010000100001001,17.108471660577038,9.765625e-05
01000111011000000101,15.691773440748571,9.765625e-05
00111110111000100100,20.832874651926787,9.765625e-05
01001100000000100101,13.977393393846025,9.765625e-05
10000101000101000001,12.780766813960792,9.765625e-05
01110100000100110011,12.968001119643555,9.765625e-05
01101100101000110000,11.76631208691288,9.765625e-05
11110101011110101101,19.531139710581215,9.765625e-05
11111100111001111010,9.157096483331586,9.765625e-05
01111100000110101001,16.110391537497417,9.765625e-05
11000100000000100110,16.14456058832388,9.765625e-05
01111100011101010010,5.157096483331585,9.765625e-05
11011000001011101011,20.073880904250004,9.765625e-05
00110100111100010000,12.417962770589822,9.765625e-05
10010110100011111010,22.423194621325365,9.765625e-05
01110100001100100000,15.724394039733859,9.765625e-05
11011110111011100100,16.07491527879651,9.765625e-05
01011101000101110001,16.50388142018316,9.765625e-05
11000011001010001001,17.996832839096,9.765625e-05
00001111001111011001,14.452767051920155,9.765625e-05
10011101000110111011,17.68079358916264,9.765625e-05
01111100101001011011,13.514838368124371,9.765625e-05
00111100111101111011,16.153226115410632,9.765625e-05
01001110100111000001,16.3107280715054,9.765625e-05
00101101000110100000,16.745072127810666,9.765625e-05
00101101101101110010,13.366882341995737,9.765625e-05
01111101110101011010,14.360253083083713,9.765625e-05
11110100110111110100,10.374636524221653,9.765625e-05
11111010000010111000,33.092585047606356,9.765625e-05
01011110000111011100,14.241141259594222,9.765625e-05
00100111001100111010,21.894536756656947,9.765625e-05
01011011100110001101,18.822108520486417,9.765625e-05
00010010000000010010,22.181228430541957,9.765625e-05
11010010001101000110,22.848764062047216,9.765625e-05
00110010101001000100,23.03461129288432,9.765625e-05
11100001001110101100,20.24705125300631,9.765625e-05
11110100100101111111,11.84593086582251,9.765625e-05
01111001011011110100,12.783821234784456,9.765625e-05
01110011010110000100,11.271433580893522,9.765625e-05
01011100011010110100,13.263429017990763,9.765625e-05
11011110111010111010,14.726834246382076,9.765625e-05
00110001100000010011,18.13690591732106,9.765625e-05
11110000100110010100,13.032205956626331,9.765625e-05
11000110100010011000,12.048438086741701,9.765625e-05
11001001100011000110,15.042584088063329,9.765625e-05
00010111010101010110,14.64367372047308,9.765625e-05
01001111110110010111,14.409768321497868,9.765625e-05
11001001011010001110,15.692663121987115,9.765625e-05
10010101000100100001,15.564135913510377,9.765625e-05
01111110101110010001,13.65971678635718,9.765625e-05
01111011101011011010,20.92890222912356,9.765625e-05
11001101011010100101,13.550343695775965,9.765625e-05
00001101000101100110,14.039798685569352,9.765625e-05
11010100010000000100,9.73537316773854,9.765625e-05
11011110100010010000,20.567611218286345,9.765625e-05
10110001110011100000,15.342818480061839,9.765625e-05
01100100010001101000,18.833164060178895,9.765625e-05
01000011110001111100,20.114380919568056,9.765625e-05
11001100011110100001,12.608650211824905,9.765625e-05
01001111001111101100,13.821273081712016,9.765625e-05
11011001110100100111,12.512891848848408,9.765625e-05
00011011010000000101,18.995778798208324,9.765625e-05
11100111110111111101,16.452641817813305,9.765625e-05
11001111001011100110,18.47763427938797,9.765625e-05
11011100110110011011,9.406967714954837,9.765625e-05
11111101011111101010,17.246742472680292,9.765625e-05
00111101011100100011,9.476615832471767,9.765625e-05
11010110100010010000,16.391935912832466,9.765625e-05
01111101010111100011,14.083603062234115,9.765625e-05
00111001111110011000,20.311566220302346,9.765625e-05
01111001111101001000,14.276446917052649,9.765625e-05
11011111011111110010,17.199759791072264,9.765625e-05
11110110110101101000,13.394772847768039,9.765625e-05
00011011101110011010,22.423194621325365,9.765625e-05
00110111100101000111,12.930758824836708,9.765625e-05
11111100111001111000,9.586709635715415,9.765625e-05
00001101000101000011,12.945398975781696,9.765625e-05
10101100010111000101,40.811811273869154,9.765625e-05
10010101011011001100,22.811724147456076,9.765625e-05
11101101111110100101,15.157096483331584,9.765625e-05
11010100010111110001,10.410109262191572,9.765625e-05
01110001010101100001,14.068445938877687,9.765625e-05
11011001111110011000,16.471294341600853,9.765625e-05
00011111010111110101,12.108337992453459,9.765625e-05
11011100001010101000,18.23493280834712,9.765625e-05
01011111010101010010,15.984356791691738,9.765625e-05
11111101111000011101,17.383546881497143,9.765625e-05
11110011110100110100,14.661963134343267,9.765625e-05
00100111100000000110,18.1849319359313,9.765625e-05
10110101110100100110,14.12853625805965,9.765625e-05
00011011010011101010,17.05842124216091,9.765625e-05
11100100010100001010,15.095587848861218,9.765625e-05
11001100001100010111,14.369072695248116,9.765625e-05
01111101011011000011,15.368951286979339,9.765625e-05
01100110000010100110,22.281746227860094,9.765625e-05
11100110100001011001,18.874566261601828,9.765625e-05
11011111111101101101,14.786939671236418,9.765625e-05
00110110111011111000,22.38108557214162,9.765625e-05
01100111110010100011,22.795338682875958,9.765625e-05
11010101010001010000,14.201659680352549,9.765625e-05
11001100010000000000,10.987418090562802,9.765625e-05
11011011101111000110,20.319088779150924,9.765625e-05
11011001101101000101,16.004791300442065,9.765625e-05
00100111101111001110,19.58408405383797,9.765625e-05
00011101011111011111,18.85552146097921,9.765625e-05
11110111110110111101,15.498476541610035,9.765625e-05
10110100000110001011,15.699731902094637,9.765625e-05
10110100011010000010,16.718287820572215,9.765625e-05
01111011011001010001,22.878545310341643,9.765625e-05
10111101110000000100,21.175666353837997,9.765625e-05
01001111110101001010,15.997786535962844,9.765625e-05
00011111001010101010,24.03987341592293,9.765625e-05
01001001001100010011,21.486364251417,9.765625e-05
11100100001001001001,15.80526812352169,9.765625e-05
11001001110011100000,13.055139355144942,9.765625e-05
00001111101100011100,18.51050244022072,9.765625e-05
11000100000101000110,15.211038736947256,9.765625e-05
10001101111010100100,18.283494349894436,9.765625e-05
11110110101001000101,19.73059353936507,9.765625e-05
11000111110000101101,13.691773440748571,9.765625e-05
01100110001000011010,17.670553723936383,9.765625e-05
11001100110001100001,11.125043996965047,9.765625e-05
10011100000110110000,11.80996614349419,9.765625e-05
10110001011000100000,13.897743777524294,9.765625e-05
11011001000101001001,18.88195659948932,9.765625e-05
01100001000000100000,16.741649079057545,9.765625e-05
11111100101110111111,11.561543313958538,9.765625e-05
10011001100010010111,23.310660611433498,9.765625e-05
11101101101111010001,15.325794536877941,9.765625e-05
01110100010111010011,10.589914289495328,9.765625e-05
01111100110110111100,13.229796213682622,9.765625e-05
11110001111110110111,17.510916467761817,9.765625e-05
10000110000100101000,19.524298102398742,9.765625e-05
11110011001110101110,21.32128287111417,9.765625e-05
10011111111110001101,16.57689720114189,9.765625e-05
10010011100011100100,17.655824765653758,9.765625e-05
00010101000101010100,16.13481216937865,9.765625e-05
01011111111111110011,16.467130397402936,9.765625e-05
10110101110000100100,15.645056011727707,9.765625e-05
10111110010011100111,36.71417872240683,9.765625e-05
01101001101001100001,19.145748727397443,9.765625e-05
01010100111000110011,32.826326201547104,9.765625e-05
11100100000010000001,17.056106269619548,9.765625e-05
01100110001010010011,18.289498668656258,9.765625e-05
10100011101010000010,23.644813771548648,9.765625e-05
01100100111100000100,16.364021240555395,9.765625e-05
11110000110110001000,10.351677217768525,9.765625e-05
00101101001001100101,14.906171210820656,9.765625e-05
11010011100010001110,19.423202331760848,9.765625e-05
00011110100110010101,16.3107280715054,9.765625e-05
11110010001011010011,25.949921257894072,9.765625e-05
11000110100000011100,11.94978686544093,9.765625e-05
01101101100111000011,15.98607493569028,9.765625e-05
01011100111110101010,24.553450579762533,9.765625e-05
11100011001001101000,20.90531785797465,9.765625e-05
11100101111010110110,18.765946463273224,9.765625e-05
01100011000100101100,20.0009509868443,9.765625e-05
11110011011010111110,18.1008100135598,9.765625e-05
01011011110110011101,15.97854342522581,9.765625e-05
01001001000000111011,23.59424459062349,9.765625e-05
01001110001001100010,17.291648302568994,9.765625e-05
10000111100010011100,16.749681242068856,9.765625e-05
01110111111111111100,18.206425269160334,9.765625e-05
11110000000011101110,20.36479818171361,9.765625e-05
00001101001110001000,18.372211521622496,9.765625e-05
00111100110110111010,16.145677735754735,9.765625e-05
11001110001001011111,23.269701484866157,9.765625e-05
10001000111010101011,42.20126806165117,9.765625e-05
00111111101000000010,23.77084599283566,9.765625e-05
11111101110100111111,13.871751790157163,9.765625e-05
11001001100011010110,15.885181534428266,9.765625e-05
11100100001000011111,16.815561838568154,9.765625e-05
11001111011010011001,17.74478271955856,9.765625e-05
11111110110001011000,27.76803914469928,9.765625e-05
11110100100100010111,8.36026276912067,9.765625e-05
00110110110100000001,11.042584088063329,9.765625e-05
11001101110101100000,9.237648998499623,9.765625e-05
11100101100001000110,13.63812757139942,9.765625e-05
11101001100000111111,20.844154947789026,9.765625e-05
11011010101000010011,23.871761476194123,9.765625e-05
01111100101100110100,10.467555242240037,9.765625e-05
11110001011101010101,12.442543408591458,9.765625e-05
11110101101000010001,23.01513401257165,9.765625e-05
11010000011011100000,18.810824693053373,9.765625e-05
00000111000101000011,15.356475876029121,9.765625e-05
11110011110000110001,17.22106624165359,9.765625e-05
00110011110001000000,12.01076604390351,9.765625e-05
11001101000101011110,12.611505871540524,9.765625e-05
01011111011101101001,16.207819320020416,9.765625e-05
01011110100010010011,17.232313653566898,9.765625e-05
00011111111000100000,19.19163842807938,9.765625e-05
01000011011000100011,23.600787740970947,9.765625e-05
10010101000100010111,18.05519368473628,9.765625e-05
01011011111101110111,20.47169766525648,9.765625e-05
11100101100001111000,14.391993686867409,9.765625e-05
01011011110100111110,18.3107280715054,9.765625e-05
01001100000000000000,10.987418090562802,9.765625e-05
10000111101110001111,24.493690573676197,9.765625e-05
01101110011010111010,18.09737552650015,9.765625e-05
01111100011111100011,7.471804250870673,9.765625e-05
10011110111111111000,18.755373026011608,9.765625e-05
11000111010111111000,10.917512725161448,9.765625e-05
11001101110101100001,10.596338338565902,9.765625e-05
11001111101111101011,17.853513908728573,9.765625e-05
11000100000011110001,15.348073332818773,9.765625e-05
11010011011000111110,16.55408279513678,9.765625e-05
11101000110011100111,30.874375543024552,9.765625e-05
01001111011110011110,12.972947730151843,0.0001953125
01111001101111111010,22.577763978735717,9.765625e-05
11001101000001001101,15.465975658719497,9.765625e-05
00111011101011100100,19.12711910725461,9.765625e-05
11111101101011000111,22.344219801203593,9.765625e-05
00111001100110001001,19.427874727226264,9.765625e-05
01110000100000001000,14.75098285564382,9.765625e-05
10010000000100100010,20.372205280029146,9.765625e-05
01111000100000101010,17.04484564009848,9.765625e-05
01100000000000000000,14.383190649627178,9.765625e-05
11001110011010110100,17.021004880441446,9.765625e-05
01011110000010011100,17.537188155707916,9.765625e-05
11010011110101001111,13.735923796348,9.765625e-05
10110100010010001101,18.738976329107047,9.765625e-05
00110000101110000001,23.158772780925478,9.765625e-05
01110111011000010010,21.64847561603723,9.765625e-05
10110100111010001000,16.302148761746608,9.765625e-05
01001011010000101100,15.706185303543332,9.765625e-05
11010110110110101000,11.226985921102631,9.765625e-05
00110100010110000010,12.79159406550304,9.765625e-05
00011110111010100011,17.579739566962367,9.765625e-05
11001100010001100010,11.432091466725826,9.765625e-05
10010001000001100011,19.78687565560812,9.765625e-05
01011011110110000011,16.06915279747831,9.765625e-05
11000111010000011101,12.18505717003815,9.765625e-05
01001101010101100110,12.03979868556935,9.765625e-05
11000100101001000001,16.910636540856007,9.765625e-05
10110001100000110110,18.128536258059647,9.765625e-05
00101101000011101111,20.069152797478313,9.765625e-05
10010011100101101000,14.654321593821013,9.765625e-05
11011001010001011101,15.46292657040406,9.765625e-05
11100000101000001001,18.636527499989445,9.765625e-05
10100101101010011010,23.988752723881742,9.765625e-05
11100110101000011000,16.35486311429239,9.765625e-05
01101110011010111110,19.644280235052868,9.765625e-05
01001111011010001110,15.204094368988667,9.765625e-05
00111100101000110101,14.566638062218395,9.765625e-05
11001001111001011010,18.315742142085593,9.765625e-05
00111110000100110001,23.98909114005678,9.765625e-05
10011100011001010000,14.876068688173689,9.765625e-05
01111011110001111010,21.136000308452203,9.765625e-05
01110111110111111111,17.325700543213838,9.765625e-05
00000111000100000101,14.603964675039101,9.765625e-05
01010110010100111001,11.947323031566746,9.765625e-05
00111001110000000001,14.230689426491974,9.765625e-05
01001111011001100010,15.216080505603017,9.765625e-05
00011110100110000000,12.737530931309246,9.765625e-05
01101011111010011000,19.213434387168288,9.765625e-05
00011101010010000011,15.775448131079434,9.765625e-05
01010110010010011010,16.509069350945566,9.765625e-05
00111100101010010100,15.226985921102635,9.765625e-05
00010111011110010001,14.739971137957461,9.765625e-05
10100000100101111011,47.45679276238334,9.765625e-05
01010110000100011111,16.360262769120666,9.765625e-05
10111100101111000100,16.48628782888939,9.765625e-05
11110100101101000001,8.362456861083917,9.765625e-05
11100101001101011001,15.13327612443679,9.765625e-05
01101001000101001110,20.729642552520772,9.765625e-05
11111110011010101110,24.64032718137477,9.765625e-05
11011110101111110010,16.326741992151433,9.765625e-05
00101101001011100111,15.405027731539484,9.765625e-05
10011101110011001101,15.869959758989506,9.765625e-05
00110101010010000010,18.91362350160777,0.0001953125
01011110110101100011,14.409768321497868,9.765625e-05
01111001101000001000,21.57360636251003,9.765625e-05
11011001111011110111,17.755183052695212,9.765625e-05
00111101010110101111,16.069152797478313,9.765625e-05
10011100000110010001,12.503625532334034,9.765625e-05
11100001001110100110,20.29374651280352,9.765625e-05
01111010011000111110,21.67731900796792,9.765625e-05
10000111101001000100,16.42458315417334,9.765625e-05
11010011110011000111,15.120312271085691,9.765625e-05
10010001010011000111,22.434165657090453,9.765625e-05
01011100011001110111,13.068278967582689,9.765625e-05
01011110110010100000,14.871148720020983,9.765625e-05
11011011011111110110,18.286486094237233,9.765625e-05
01111101010111111101,14.85751306396337,9.765625e-05
11101110110000010001,34.10012344695804,9.765625e-05
01111000010000100100,13.088726868604834,9.765625e-05
11100100001000000011,15.898703715984485,9.765625e-05
11001011100011110101,20.517648660704356,9.765625e-05
00110101010101011001,12.003622104128429,9.765625e-05
11110110111001011101,13.801076274108144,9.765625e-05
11011100011011100111,12.259843683157001,9.765625e-05
11111001101000010011,19.62373715424706,9.765625e-05
11111000011000011101,20.201293762445633,9.765625e-05
11011100111110000000,9.16809153896657,9.765625e-05
00100101100100000100,15.19283000075673,9.765625e-05
11100100100001100010,13.471294341600853,9.765625e-05
11001101100001111100,10.897158708586911,9.765625e-05
00110100100100001001,12.437687161799794,9.765625e-05
10110100000100010001,12.07717683083166,9.765625e-05
11001101111001010001,11.03728331925357,9.765625e-05
00100000111010110000,46.03849873713676,9.765625e-05
01111000101101000010,13.220051239181,9.765625e-05
10001101001010010001,17.82316080910452,9.765625e-05
00101101111100000000,13.770151530294534,9.765625e-05
11000100111000000100,15.488559066961495,9.765625e-05
00000111110000011001,19.372811794608932,9.765625e-05
11010110111100110001,11.486364251417001,9.765625e-05
11010110011001010000,13.583899343135428,9.765625e-05
01001101000100100110,16.182213993509226,9.765625e-05
01011000001000000010,14.879933756062423,9.765625e-05
00011001000001111011,24.426306816183974,9.765625e-05
11100111110110001010,18.906906305574225,9.765625e-05
01001111110110100010,16.726834246382076,9.765625e-05
01011110010001101111,17.498486227646996,9.765625e-05
01011100100100100001,14.544074026050309,9.765625e-05
10011001011010100000,15.19720123920441,0.0001953125
11010011000100011111,17.953875955078363,9.765625e-05
01010110010000010011,13.025393064367938,9.765625e-05
11100110111011110000,19.21252524672863,9.765625e-05
11110000110000110000,7.211038736947257,9.765625e-05
11111100111010111011,9.561543313958538,9.765625e-05
11000100001001011010,17.954199939453435,9.765625e-05
11111001001010010100,21.813802876853302,9.765625e-05
10010100000100100101,13.938185295226159,9.765625e-05
11100101110011000000,13.512940660427645,9.765625e-05
01001111111100010100,13.069615233567996,9.765625e-05
11110110010000101010,21.602105369303416,9.765625e-05
11101100111011100000,13.340538377910697,9.765625e-05
00110111110101000101,10.196038186107451,9.765625e-05
11001101111100100110,13.162136178418855,9.765625e-05
00110011000010011010,19.67016572393301,9.765625e-05
11010110101001011100,17.31389876398021,9.765625e-05
01001111110011001001,15.045390936199707,9.765625e-05
11111000011000101000,13.706185303543332,9.765625e-05
11111100110001100010,11.268747787999317,9.765625e-05
11101100100010010011,15.827760237325759,9.765625e-05
11110010100010101010,18.1982997381426,9.765625e-05
00001111001011110010,14.326741992151433,9.765625e-05
01111101110101011001,13.846290542136078,9.765625e-05
11010000011010100110,21.4740859094008,9.765625e-05
11011100011001001010,12.983695947520614,9.765625e-05
00001011101010001010,22.18300434857544,9.765625e-05
00111110101110010011,13.623549890953212,9.765625e-05
10010101010111000000,13.228832830778826,9.765625e-05
10101101100010000011,21.53587061450265,9.765625e-05
00000011001010000101,22.975742818682775,9.765625e-05
11101101100111110111,14.455573900056539,9.765625e-05
01001110000001101100,18.504881855060745,9.765625e-05
11111001111001100011,12.984118730377356,9.765625e-05
01101101001000010010,15.847905512488033,9.765625e-05
10110100010010001010,17.459541629344713,9.765625e-05
00101111000001101100,26.41586286818126,9.765625e-05
00111101101101000111,9.191429071849264,9.765625e-05
10010011111000000000,15.33863098417702,9.765625e-05
11001111100011110000,15.614032997461749,9.765625e-05
10111100111000111001,13.899651171257975,9.765625e-05
01110110011000000011,14.087442211348502,9.765625e-05
11001001000111000110,17.332656240715572,9.765625e-05
01010010100101000110,22.491850640014423,9.765625e-05
01011010010010000000,12.46944472190212,9.765625e-05
11010010001001001010,20.30882067777172,9.765625e-05
01011111011111111010,15.853513908728573,9.765625e-05
11101111011111100001,28.899348632525303,9.765625e-05
00001101010010000001,15.02759684236814,9.765625e-05
01101101001110010100,13.241114617238637,9.765625e-05
11110011110101010010,16.97949441207011,9.765625e-05
01110110001100101010,20.786089028412956,9.765625e-05
11111100100011011010,16.583484700776474,9.765625e-05
11001110000000010000,23.896178369364492,9.765625e-05
10110111011101001111,19.37445632406942,9.765625e-05
11110000110110100000,10.292808743566983,9.765625e-05
10000111100110110001,18.439298905688013,9.765625e-05
01110010000000000001,16.858600428953785,9.765625e-05
01000111001110000000,19.546521197873123,9.765625e-05
11001111011101011000,17.059928033101322,9.765625e-05
01010010001010001100,19.51794848941449,9.765625e-05
11110001100000111000,16.82444377418682,9.765625e-05
01111100001010010010,12.54932180441616,9.765625e-05
01100101110001100000,17.135470939981282,9.765625e-05
01011010010100000001,17.78328842186992,9.765625e-05
11000010001010001000,17.91057876682106,9.765625e-05
10011011001110101110,21.40791870179914,9.765625e-05
00110111000011010001,16.443275978826357,9.765625e-05
11101100101100111000,12.61453709445221,9.765625e-05
11110000101110000000,12.183980949087001,0.0001953125
11000111110101100000,11.586709635715417,9.765625e-05
11010001000000011100,15.216107871539851,0.0001953125
00011111010111001010,12.002376278147121,9.765625e-05
10010011100001101100,15.951871661767449,9.765625e-05
11001111011010111000,15.115089557469915,9.765625e-05
10111101100001011011,19.724017799335936,9.765625e-05
01001000010110110101,32.768276209801336,9.765625e-05
01011000000000100110,15.9799443649731,9.765625e-05
10111110111010111000,23.299444331199552,9.765625e-05
10011011101110000010,21.5998305996605,9.765625e-05
11110001000100011111,16.86792378508204,9.765625e-05
01101100100010011011,17.012646795281608,9.765625e-05
10010111100000011000,20.030478126590836,9.765625e-05
10011011001111100111,24.575430504336552,9.765625e-05
01111100111101001101,10.76404531113289,9.765625e-05
11111110001100001000,33.35415819346522,9.765625e-05
00011100010011010101,16.60663651590448,9.765625e-05
11110110101011011001,16.727328744462774,9.765625e-05
10011011111000100010,20.862938049031463,9.765625e-05
11001100001101010110,14.049543660070974,9.765625e-05
10010111100111000000,14.376554425540558,9.765625e-05
00000111001000100101,21.230814660598824,9.765625e-05
00111111111010111111,18.7934661595325,9.765625e-05
00011111011110001110,14.887028444104462,9.765625e-05
11110111111101010111,14.282992140968602,9.765625e-05
01101101010011110000,13.87176147619412,9.765625e-05
01110011111110110011,19.816270792373455,9.765625e-05
10010110100000001111,20.729642552520772,9.765625e-05
11110101000011010100,22.663874794068825,9.765625e-05
01101110101010111011,19.485226088406048,9.765625e-05
11011100000100010011,10.981523301199772,9.765625e-05
01111100111111000110,8.911695914251911,9.765625e-05
11010110000101010101,13.916896524544708,9.765625e-05
01011010001010111000,17.89684087867799,9.765625e-05
00100111100011010110,17.24742250342145,9.765625e-05
00110011101001000000,13.448900732011193,9.765625e-05
00111100011101110010,11.362157679667654,9.765625e-05
01011100110100001100,14.18188720114459,9.765625e-05
11110010001000001101,21.772648258957467,9.765625e-05
00000111000100000111,17.99778653596284,9.765625e-05
00111101001100111001,16.110406741546477,9.765625e-05
10110100001111111001,18.469003644327643,9.765625e-05
11111100101100111100,11.487626815737059,9.765625e-05
10110001111000101000,14.782328483409731,9.765625e-05
00110111010101001011,12.820068193050227,9.765625e-05
10001100000100101010,18.26745930490492,9.765625e-05
00001010000000110010,34.81688489778552,9.765625e-05
10110001101101110011,20.679008006728388,9.765625e-05
11110110111101000011,14.069152797478312,9.765625e-05
00111101110010111101,20.199976221240362,9.765625e-05
11100011000010100101,25.28503944441921,9.765625e-05
01111010001001100011,24.994576805072953,9.765625e-05
01101101110101100010,13.157096483331584,9.765625e-05
01001111000010001000,20.093490656475204,9.765625e-05
11000110001110000100,17.26838811168575,9.765625e-05
01111000100110110010,15.276491473479835,9.765625e-05
11000101101000000101,21.08535814944305,9.765625e-05
00100010111010000110,39.73657559093622,9.765625e-05
01011110010110110010,10.579790157842837,9.765625e-05
01110100100001000000,14.758556936094177,9.765625e-05
01011001110110010000,16.471294341600853,9.765625e-05
10010111000111000111,17.883144738562883,9.765625e-05
00010101110101101111,33.15247125593922,9.765625e-05
01111001011010001110,14.069163217936335,9.765625e-05
11000110100000011001,12.209762747879374,9.765625e-05
10110001110010010000,16.002395650221032,9.765625e-05
00010000100010000000,27.702350322453793,9.765625e-05
00110101000100010011,13.85635334654663,9.765625e-05
10010011010110000001,16.355464405127332,9.765625e-05
01101110100011101011,22.7038237017546,9.765625e-05
01110111110111011111,13.650805607123774,9.765625e-05
01110110100011000101,17.189184181865482,9.765625e-05
11011010110100100010,18.886173338988883,9.765625e-05
11110110111001010110,16.57689720114189,9.765625e-05
10001001100000100010,18.64597682464561,9.765625e-05
01001111111011110011,16.67883759098978,9.765625e-05
11011101000111111011,18.423328905015122,9.765625e-05
01100111110010111001,20.84460334431303,0.0001953125
00111101110000101110,19.349009115614017,9.765625e-05
11011010101101111010,23.651276135453056,9.765625e-05
00111101011101000100,9.210624094588301,9.765625e-05
11001001100010001111,19.88422783756143,9.765625e-05
11011100001011101001,15.610536247043381,9.765625e-05
01001011001011100111,18.925860215199208,9.765625e-05
01101101011011000001,13.710521231446979,9.765625e-05
00011111000011101000,18.196334755877846,9.765625e-05
10010100010000011111,20.5371171640652,9.765625e-05
10101101011010101010,20.942588683201706,9.765625e-05
01011001110000110000,17.09564562289616,9.765625e-05
00110011110010000101,14.555308856400242,0.0001953125
10011010111011111010,32.95845863412103,9.765625e-05
11000011110000000110,12.958899711695508,9.765625e-05
11010001110100101100,13.221670682664886,9.765625e-05
00100100110001011100,30.863516865535683,9.765625e-05
00110001010011101001,22.82743877746935,9.765625e-05
11011100011100101000,7.977393393846025,9.765625e-05
01011110000011000100,18.12579071552902,9.765625e-05
10010011000100100101,18.37179687926354,9.765625e-05
00011110100000111110,23.89684087867799,9.765625e-05
01111110111111000011,11.349710886264845,9.765625e-05
11110100010110101001,11.332656240715572,9.765625e-05
11001011010101100111,30.046866731255804,9.765625e-05
00111101001101111100,15.299444331199558,9.765625e-05
01110001011101111001,20.707870857860193,9.765625e-05
01010010000011100000,19.04258408806333,9.765625e-05
01111101100000010101,22.450394392471047,9.765625e-05
10010101000101010010,16.05519368473628,9.765625e-05
11000001010000101110,15.389460319352832,9.765625e-05
00001111101010110001,18.683607326186234,9.765625e-05
00110101000001011001,16.6706862283249,9.765625e-05
00001111100011101001,16.444284641738587,9.765625e-05
10111101011111111010,15.561533627921582,9.765625e-05
01011111011010100101,19.116060945076455,9.765625e-05
00110111101011011000,19.218646571562658,9.765625e-05
11011101011011110110,15.677017116529115,9.765625e-05
11000101100010001000,24.953252484179945,9.765625e-05
11001001001110100010,17.37286332705053,9.765625e-05
00010111110110000010,19.157867172056626,9.765625e-05
11110100110101011000,5.500751224125748,9.765625e-05
01010111011101111101,17.288073671620694,9.765625e-05
01001011011110010001,20.44715615279713,9.765625e-05
01111101111001110000,15.346220268676433,9.765625e-05
11001100001001111001,12.157375187698229,9.765625e-05
01000011001001100001,21.14574872739744,9.765625e-05
11010110010110011111,12.783821234784458,9.765625e-05
11001011111000011000,18.32645403106182,9.765625e-05
01100110001011101101,24.11210968149595,9.765625e-05
11001011100010011110,18.163010008314473,0.0001953125
01101001111011000011,18.537517766858475,9.765625e-05
11100001000010111100,18.072400636061975,9.765625e-05
11111001001110000111,20.04634192304401,9.765625e-05
11110000110001000100,9.507223175690438,9.765625e-05
00111100010010001011,13.624511287415718,9.765625e-05
11000111011111111000,13.651276135453056,9.765625e-05
00101001101000100010,18.206965880047207,9.765625e-05
10011101000001010011,18.22794866755238,9.765625e-05
01101110100110111011,21.246603003117166,9.765625e-05
01011001101100010000,20.69303872593099,9.765625e-05
01110110011111101001,15.604365277832375,9.765625e-05
01110001111100000101,12.322204407613325,9.765625e-05
01001011001010110010,17.20005264376798,9.765625e-05
01111000111100100110,12.056086810418433,9.765625e-05
01011101011101000101,11.244432832647155,9.765625e-05
11010011001001011100,16.09341695480995,9.765625e-05
10100101100110001110,21.178808760451027,9.765625e-05
01110110110011111000,16.608152170923923,9.765625e-05
10110001110010100000,14.798275667565107,9.765625e-05
00100111111100010011,20.74744207723724,9.765625e-05
11010110000110011000,12.398517170873696,9.765625e-05
11011000011000100010,10.348047424884253,9.765625e-05
00110010001001010101,29.890676885481398,9.765625e-05
00111111111001010011,15.416616171273684,9.765625e-05
00100101001111000000,16.42417122183692,9.765625e-05
11010110000100011001,11.393901815022158,9.765625e-05
11110000000010000010,14.784175393085924,9.765625e-05
01011110010011000010,13.95387595507836,9.765625e-05
11100101011001101011,18.444284641738587,9.765625e-05
01100010010011110100,32.49410250601261,9.765625e-05
11110100010010111001,12.36026276912067,0.0001953125
11010011110001000011,15.218024129352568,9.765625e-05
01011001001011010000,19.47224532844515,9.765625e-05
00001111100101000001,14.942588683201707,9.765625e-05
11101100101000110111,13.246786734840214,9.765625e-05
11010111110111000010,18.002376278147125,9.765625e-05
11011100110111110000,6.8795795977609515,9.765625e-05
11011101100010110110,26.13242277159079,9.765625e-05
01011011100000110000,22.50178215422865,9.765625e-05
00101111100011100001,20.269624338757296,9.765625e-05
11011101010110010111,13.871751790157163,9.765625e-05
00110101110001010100,13.03219627058937,9.765625e-05
11011001000101101101,16.20891128309799,9.765625e-05
01011110111110000010,13.273681180899844,9.765625e-05
01110110001111111100,18.958478093322135,9.765625e-05
01001111110111011110,13.271419628864695,9.765625e-05
11010001100100100101,16.06988600416726,9.765625e-05
01010110110100011100,13.19564029333672,9.765625e-05
11011001011010100111,14.74936342299975,9.765625e-05
10010111010100000111,18.087442211348502,9.765625e-05
11010001000000110000,16.95927531563938,9.765625e-05
11001101000111110100,9.354667074046702,9.765625e-05
00011001000101100001,16.27849809500917,9.765625e-05
10110101000101000100,14.6469029214039,9.765625e-05
11001110001000011110,21.10127869124284,9.765625e-05
11000011001001011011,21.356475876029123,9.765625e-05
00011111100100100110,20.06935246767148,9.765625e-05
11110000101001000001,12.27644691705265,9.765625e-05
01100111011001110111,17.56153362792158,9.765625e-05
11010101000010110101,26.27477686105211,9.765625e-05
11110101111000011000,18.678295608479488,9.765625e-05
01110000110011000010,16.750033756864138,9.765625e-05
00001101110001101000,19.73406531257023,9.765625e-05
01110000010100010100,11.43240751733352,9.765625e-05
10001110111111010011,36.154238320733484,9.765625e-05
00010011000101000000,12.230689426491974,9.765625e-05
00110000101100000011,20.619783093516823,9.765625e-05
11100001010001000100,13.162059755891244,9.765625e-05
11001101101011110011,17.23803106201672,9.765625e-05
01101101011110100000,15.058013663353229,9.765625e-05
10110001011100011111,22.91169591425191,9.765625e-05
00100111101001010111,18.317167433388413,9.765625e-05
01101100111010111010,17.258523333962177,9.765625e-05
11001111000110111001,18.583293884275623,9.765625e-05
00010011111001100001,23.209483134427607,9.765625e-05
11000111111101001100,11.803353753773592,9.765625e-05
11110000111000100100,8.772001884414333,9.765625e-05
01001001000110100100,16.32644778946847,9.765625e-05
01001110100010000101,16.737530931309244,9.765625e-05
01011011110001011100,16.230689426491974,9.765625e-05
00000110001010101001,27.361499632646268,9.765625e-05
01100101111000010100,14.596396836182095,9.765625e-05
11000110101010110010,21.75462359742509,9.765625e-05
11100100111000011011,14.466183371443433,9.765625e-05
00111101111001100011,10.90703527839194,9.765625e-05
01000110010001100000,15.770151530294532,9.765625e-05
11101101111000101011,17.26970148486616,9.765625e-05
01001111100101111000,15.823160809104523,9.765625e-05
11000110000011000000,14.980885654940625,9.765625e-05
10100101100000110100,16.928514022389784,9.765625e-05
00011101110110100101,17.385326243974234,9.765625e-05
00001101001000110110,18.323308963094092,9.765625e-05
01010100100010110001,31.853893680697304,9.765625e-05
11100101110010100101,17.15141812413666,9.765625e-05
01011101111111011100,21.627726536317702,9.765625e-05
00110110001110001100,17.459541629344713,9.765625e-05
10101101001100001110,22.248075941515857,9.765625e-05
10110001000001001110,18.079463908997212,9.765625e-05
01111100111100010010,4.214455544107032,9.765625e-05
11000111100100001101,13.917873125056266,9.765625e-05
11110000010010111100,15.138223458526326,9.765625e-05
00000111000001110000,14.614316164120511,9.765625e-05
01011010001010101000,17.47039217717561,9.765625e-05
11101101011101101100,15.898703715984482,9.765625e-05
10111100000100101000,18.879946239249122,9.765625e-05
11011110111110100001,11.763881136987631,9.765625e-05
01011101010100010010,15.328981156983048,9.765625e-05
01111001011000010011,12.556889643273163,9.765625e-05
00110100000000101000,18.36377440228918,9.765625e-05
11010101010101010101,8.28180400189504,9.765625e-05
10001000001000101111,36.737491805766965,9.765625e-05
00011011110001000110,19.109822221526287,9.765625e-05
00111001001110001000,16.729642552520772,9.765625e-05
01000011001000001000,16.36377440228918,9.765625e-05
00111100111000100011,9.600787740970949,9.765625e-05
01011011011010000101,12.960399439084647,9.765625e-05
00001111000110100001,14.899368004599216,9.765625e-05
11011111100110111111,20.899348632525303,9.765625e-05
00101111100111001110,19.21802412935257,9.765625e-05
01110001010011000011,15.828389764313647,9.765625e-05
11100110101000011011,18.875374323599583,9.765625e-05
00011110001100101010,16.503625532334034,9.765625e-05
11011010111001011000,21.226985921102635,9.765625e-05
11110101011100000011,16.77736874242088,9.765625e-05
11001100101101011000,12.55470868179048,9.765625e-05
10010110011100110001,17.930061750649713,9.765625e-05
11111001110100000010,14.905317857974651,9.765625e-05
11011011001110101011,22.140782744815244,9.765625e-05
11011010111001010000,22.388158705777872,9.765625e-05
01110111110000110101,18.777368742420883,9.765625e-05
11011101010101011111,12.443625871135955,9.765625e-05
11001100100100010101,12.156768673118442,9.765625e-05
10010111000110101001,16.77736874242088,9.765625e-05
01101101011001001011,15.71052123144698,9.765625e-05
01010011001010011101,21.468069406661908,9.765625e-05
01101101000100010111,15.744782719558557,9.765625e-05
01011000010000000001,10.603257816438479,9.765625e-05
00110011000010101010,20.50246321365814,9.765625e-05
11101101100101111001,16.911907344050526,9.765625e-05
11110001001101001100,13.921512614817312,9.765625e-05
11011110101111111010,15.85352359476553,9.765625e-05
11001001000001011111,20.229786527645665,9.765625e-05
11110011111011101100,13.882752912721442,9.765625e-05
01100011000011100010,20.1008100135598,9.765625e-05
11110001111111011100,14.656662180029638,9.765625e-05
01111001110010011111,17.18726283610297,9.765625e-05
01101101111001000000,11.69177344074857,9.765625e-05
01111100111011001100,14.735205363645802,9.765625e-05
01111001100011010010,18.00237627814712,9.765625e-05
00011110100001001101,20.230689426491978,9.765625e-05
01100111010010010011,18.300843714567854,9.765625e-05
11001110111110111001,16.735333318615012,9.765625e-05
01100111111011010011,16.71870362741454,9.765625e-05
11100001001001001000,15.202254435326887,9.765625e-05
11110101111100000001,13.429304372057814,9.765625e-05
01110110011001110011,15.561533627921582,9.765625e-05
01110110011100110110,14.945398975781696,9.765625e-05
01001111111111000111,15.17982397006368,9.765625e-05
10110111101101101110,18.97949441207011,9.765625e-05
11110011111111001010,14.874147254874323,9.765625e-05
01001100001011110001,15.443410811842966,9.765625e-05
01110110000111001011,16.718723821036722,9.765625e-05
10000110101110111000,26.238532438144816,9.765625e-05
01110111111111100111,18.91746057790199,9.765625e-05
01100110001011110001,20.409768321497868,9.765625e-05
01110100011000011000,12.35400278543197,9.765625e-05
01101101010010001101,19.819365687978333,9.765625e-05
10111001110010001100,20.561509177989375,9.765625e-05
11001101110100000111,13.586709635715419,9.765625e-05
11000101010100100000,12.685470887073983,9.765625e-05
11011000011011011001,18.60663651590448,9.765625e-05
01101110111001100010,19.28032645456937,9.765625e-05
11001011011010101100,14.832874651926787,9.765625e-05
11001001000000001011,20.248075941515857,9.765625e-05
11000110010000001000,12.42805221735596,9.765625e-05
11110100101101110011,10.695161102670278,9.765625e-05
11110001111001100000,10.544591634915786,9.765625e-05
11110011100100111110,18.087442211348502,9.765625e-05
01010110010110000110,14.718287820572213,9.765625e-05
00011111000010101101,20.196334755877842,9.765625e-05
11010110011100111011,14.07682267253019,9.765625e-05
10011110110001011001,22.247989022242844,9.765625e-05
00010011001001010001,18.88726559633372,9.765625e-05
00101111111011010110,18.59121870022003,9.765625e-05
00110110110100000010,12.654321593821013,9.765625e-05
11111001011010100001,17.361213755964968,9.765625e-05
11000110010000101111,19.02759684236814,9.765625e-05
01111111011111100011,16.765936140782223,9.765625e-05
11100100101001111011,17.53867113391848,0.0001953125
11011000011000101101,13.242258112757813,9.765625e-05
00001111000011001011,15.136000308452212,9.765625e-05
11110000011000010011,11.885181534428268,9.765625e-05
10010011001010100110,23.93660219097463,9.765625e-05
01111100010100110110,8.614316164120513,9.765625e-05
00011110001110010001,11.763881136987631,9.765625e-05
11011000010000111000,11.17211558428738,9.765625e-05
11010110011010010010,17.390959312320906,9.765625e-05
01110001001110000100,17.041630391196488,9.765625e-05
01011110001001010111,17.58449617167826,9.765625e-05
10100111110011001101,21.882752912721443,9.765625e-05
01111100100111100011,12.24667148103758,9.765625e-05
10011101010011101011,15.616975608926392,9.765625e-05
00101111001001110011,21.620581665821312,9.765625e-05
01111100011111010100,7.885181534428268,9.765625e-05
11110000010000001111,13.159798203856095,9.765625e-05
00011110100111101010,17.68756837372726,9.765625e-05
01110010110011010000,15.342818480061839,9.765625e-05
00010011110010100100,20.025265033111346,9.765625e-05
11101101111001100011,13.476615832471767,9.765625e-05
01101101101001011000,16.39199368686741,9.765625e-05
01110011010000100111,16.673134134568784,9.765625e-05
01101101110100110001,15.29445859514898,9.765625e-05
00001010001000000001,32.372211521622496,9.765625e-05
11101101110011110101,14.202844287855301,9.765625e-05
01100111110011001100,14.50680853333148,9.765625e-05
01110111110110011101,14.137419063894423,9.765625e-05
11101100111001100001,14.21445554410703,9.765625e-05
01001111111001011000,14.055203370773235,9.765625e-05
11010001010110010001,14.008411505666057,9.765625e-05
01111101011111111110,14.24667148103758,9.765625e-05
01111101000111011101,18.63806562933962,9.765625e-05
11111001111001000010,12.960399439084647,9.765625e-05
11000111011111011100,11.645597776258136,9.765625e-05
10110101111111110001,15.434757360265113,9.765625e-05
01010010110001000001,16.413719388734677,9.765625e-05
11011100101100110111,11.449998311477547,9.765625e-05
01101001101000100100,14.879933756062423,9.765625e-05
01011111101011110000,26.293585870229066,9.765625e-05
11011101110011010100,14.071495027193123,9.765625e-05
01111100011001110110,8.917512725161448,9.765625e-05
10100101010000010000,18.640356239485634,9.765625e-05
11101101100000111000,20.587649907834432,9.765625e-05
10011111111010111100,19.82127308171201,9.765625e-05
11001000101110000010,22.110973074863992,9.765625e-05
11000001101101000000,18.064268129029823,9.765625e-05
00110100100000010011,13.45177775024202,9.765625e-05
11001101011101111100,9.550590534042184,9.765625e-05
11110100011011101101,16.113966277209105,9.765625e-05
01111110001111011011,15.556763685585068,9.765625e-05
11111100110110000111,10.576897201141893,9.765625e-05
01110110100001111001,18.360253083083713,9.765625e-05
01111001011110100111,12.452641817813308,9.765625e-05
10111111101101000110,27.11318943401791,9.765625e-05
11011001010110111101,14.232596820225655,9.765625e-05
11110001000011001110,19.282614267155992,9.765625e-05
11011010001011001101,24.363908500475066,9.765625e-05
11000011001110000101,19.15141812413666,9.765625e-05
11011101010011111100,14.630607820540401,9.765625e-05
00011010010011111101,36.02890305403026,9.765625e-05
01001101010101100100,10.391280586673439,9.765625e-05
10011101110011000100,15.143841333663762,9.765625e-05
10100101101101100000,14.428347143620169,9.765625e-05
01110110011100001110,14.230689426491976,9.765625e-05
01011110111010010101,12.73154994625445,9.765625e-05
00111111110110010110,17.304034073383832,9.765625e-05
01111111111111100100,15.692296567626151,0.0001953125
11010011011010010101,14.57689720114189,9.765625e-05
10011100110011110010,16.334551151262556,9.765625e-05
01011011001010111010,23.000638674947474,9.765625e-05
01011001010110000000,12.424583154173337,9.765625e-05
11011100011011101000,11.963624374023592,9.765625e-05
11000101011110110000,19.210710203152864,9.765625e-05
10111101001101111110,17.58449617167826,9.765625e-05
11011100001100111011,11.12261827078464,9.765625e-05
01100100001101000010,15.229796213682622,9.765625e-05
01011011011111011110,15.604365277832374,9.765625e-05
00110001101001001011,22.735923796347997,9.765625e-05
00111100010010111100,20.181228430541957,9.765625e-05
00010011001110011000,20.42417122183692,9.765625e-05
10110111011101010100,21.795513462983113,9.765625e-05
11011100111011000001,11.007457808799217,9.765625e-05
01111100010110100000,9.583899343135428,9.765625e-05
11001101101010100011,22.93954395925482,9.765625e-05
01100111110101111000,16.252382429914178,9.765625e-05
00000101010001000010,19.62492592977467,9.765625e-05
11110111111101111111,14.349768660299791,9.765625e-05
10011001100111100000,16.193362813671264,9.765625e-05
01011100110101010100,10.400091530649393,9.765625e-05
01000111010000111100,14.928514022389782,9.765625e-05
11010110101101011001,12.902451777801009,9.765625e-05
11110110101100111110,17.390959312320906,9.765625e-05
11110001111000011010,13.08834782021735,9.765625e-05
10001000111101001011,51.97792713748187,9.765625e-05
00111101100101100010,12.20099466815657,9.765625e-05
00011011111111111000,24.021471164005384,9.765625e-05
11011001000011000110,18.42703731285038,9.765625e-05
01011100000110010011,10.968001119643555,9.765625e-05
01111100111010010110,9.162939016671768,0.0001953125
00101001001010100000,18.91690621058166,9.765625e-05
10100000111000000000,29.227644691705265,9.765625e-05
01100100001101110111,22.045432695477153,9.765625e-05
11110001011110000111,14.58520284477501,9.765625e-05
01011011001100101101,19.816512825412453,9.765625e-05
01100010100110000001,25.283924097925777,9.765625e-05
01001110101000011001,17.432091466725826,9.765625e-05
11111001101111000010,16.97949441207011,9.765625e-05
11011000110010010111,16.374636524221657,9.765625e-05
11011000110010000010,11.692663121987115,9.765625e-05
01001001000000111101,20.78455370705234,9.765625e-05
11011100101011011001,15.498891183968993,9.765625e-05
10110001011000000110,15.404106624354313,9.765625e-05
00001110001011010000,18.566638062218395,9.765625e-05
01011111010111110100,11.584496171678254,9.765625e-05
11011101011100000000,17.163395298295306,9.765625e-05
00100011000000100001,24.661963134343267,9.765625e-05
01111000100010000101,15.643690382524452,9.765625e-05
11110110100111111011,16.137733656499805,9.765625e-05
01110010001011000110,19.291324132690047,9.765625e-05
01011001000001011111,21.48747596796295,9.765625e-05
11111100100011111011,14.517638974667406,9.765625e-05
11110100011100110110,9.899651171257975,9.765625e-05
11010111101111000101,20.366150680436306,9.765625e-05
01011110001000001100,21.249377555090817,9.765625e-05
00111100001110010000,9.480692133815428,9.765625e-05
10010111100110101100,18.79271285644008,9.765625e-05
00111111110110101100,18.820251924773267,9.765625e-05
01110101010011010001,16.331640601788934,9.765625e-05
01011101001111010110,19.222013696927082,9.765625e-05
01110110110110011111,13.104020614665806,9.765625e-05
01010110010110011001,9.768490251245822,9.765625e-05
01110100000100000000,11.101315019635383,9.765625e-05
10110000010010100000,19.606717193584146,9.765625e-05
01001111010110100100,12.611505871540524,9.765625e-05
00010101001101011110,29.627726536317706,9.765625e-05
00011011101000111110,25.844142464602328,9.765625e-05
10010001110010010000,19.849111244334267,9.765625e-05
11110001101101001110,14.540415713132544,9.765625e-05
01111110011110010101,14.200994668156573,9.765625e-05
11101111010111000110,33.295725719728175,9.765625e-05
11010111000110010010,25.880202127098244,9.765625e-05
11110001111100101001,13.0504050067799,9.765625e-05
11111100100011001111,17.96033197901275,9.765625e-05
11001100100001010111,13.899651171257975,9.765625e-05
11010011010100110101,13.390959312320906,9.765625e-05
11110100001100000001,10.716569676573677,9.765625e-05
11110001100100010001,12.832864965889833,9.765625e-05
01111101011101011110,11.71052123144698,0.0001953125
11011101010110001111,17.041684720787828,9.765625e-05
01111100010010101100,16.31108222980687,9.765625e-05
11011110100111010100,17.50833154616945,9.765625e-05
11111001111110110100,12.310728071505398,9.765625e-05
11010110000101101100,14.980885654940625,9.765625e-05
00110110101110000100,16.367961898174002,9.765625e-05
00010111000110001101,15.892662246872202,9.765625e-05
01110100100011011101,20.554479659219187,9.765625e-05
01001101001001011010,18.170618664887797,9.765625e-05
01111100101100100101,11.230814660598824,9.765625e-05
11110100011010100001,13.395726544634883,9.765625e-05
11011001011111000110,14.012673437637192,9.765625e-05
01101101111110000001,15.514848054161329,9.765625e-05
11010001010001001000,11.026881032151627,9.765625e-05
11011100110000110101,7.237648998499623,9.765625e-05
11101101110011001111,17.049990364420946,9.765625e-05
11010010100000011010,16.072400636061978,9.765625e-05
00011100000110100001,10.566638062218395,9.765625e-05
00001111001011101101,15.736207148510633,9.765625e-05
11011100010001010100,10.870448103013711,9.765625e-05
10011101100001100011,16.76507625207561,9.765625e-05
01110111101110001110,27.644408815226654,9.765625e-05
01101101110011000101,13.91176690589462,9.765625e-05
10010101110101001001,12.37236528614955,9.765625e-05
01111001111000111101,17.007457808799217,9.765625e-05
01011111001101011010,21.540659292459026,9.765625e-05
11011000010010111100,13.392276853526171,9.765625e-05
11000100010010011011,18.466183371443435,9.765625e-05
11110000101110000100,13.385284397569588,9.765625e-05
01111101000001110011,21.977788027677022,9.765625e-05
11000011000011001000,12.552175401403101,9.765625e-05
10110001110110100010,16.91169591425191,9.765625e-05
01110100110000010000,8.35400278543197,9.765625e-05
00110111001111110011,17.121753882662752,0.0001953125
01001111111001110110,14.633118931704125,9.765625e-05
01011100111000010100,13.320178119742817,9.765625e-05
11100100100111101100,18.60761311641604,9.765625e-05
10100101001000111000,20.270924923643932,9.765625e-05
00011100101100000000,13.320178119742819,9.765625e-05
10111101101111001001,15.213415015094379,9.765625e-05
01000111001010010100,17.546521197873123,9.765625e-05
11111001111101101111,13.560364038964012,9.765625e-05
01110011001011000111,18.261748268491466,9.765625e-05
01110010001000000001,15.63812757139942,9.765625e-05
11100011001100001100,21.221423844398668,9.765625e-05
11110101011011011111,18.488910945302727,9.765625e-05
11110000110010110011,14.31058961979079,9.765625e-05
00001111100110101001,17.759156474659545,0.0001953125
11110000101110100000,14.378754671969954,9.765625e-05
11000011110100000010,16.18122843054196,9.765625e-05
10010011100100101011,19.310660611433498,9.765625e-05
11010110101111011100,16.42417122183692,9.765625e-05
00011111110110000000,12.66196313434327,9.765625e-05
11111100111101100011,6.40976832149787,9.765625e-05
01110110010101011111,14.650181276849063,9.765625e-05
11100111011001100101,21.535870614502645,9.765625e-05
11011100000110010010,12.08748302906482,9.765625e-05
01001100001010010100,12.572865885539407,9.765625e-05
01001101011111000000,12.428347143620169,9.765625e-05
11111100001011000110,19.17434881263273,9.765625e-05
00111100101000000011,9.395726544634883,9.765625e-05
01101001100001111000,21.02759684236814,9.765625e-05
01100110011110010010,17.504591537723517,9.765625e-05
01011110011110111011,11.74564325555904,9.765625e-05
10111101011001000001,18.600080969497526,9.765625e-05
11110100000001111111,15.710521231446982,9.765625e-05
11111100010111000010,15.041684720787828,9.765625e-05
01100101001001000100,14.955193496283623,9.765625e-05
11011100100110111001,10.664798317009271,9.765625e-05
11000110111000010010,17.125043996965047,9.765625e-05
11011100001100101101,11.901825596880052,9.765625e-05
11000000010100010000,20.203211576637337,9.765625e-05
01001111111000011011,18.968001119643553,9.765625e-05
11111001111010101111,14.650181276849063,9.765625e-05
11011001100111001000,18.139174445370625,9.765625e-05
00111111011110100111,15.464288031582463,9.765625e-05
10110100001000000001,13.268141273419534,9.765625e-05
01010011011001000000,13.143841333663758,9.765625e-05
01010110101011000101,24.466148795320464,9.765625e-05
11111100011100001011,11.508331546169455,9.765625e-05
00000001110010110111,50.78789150167482,9.765625e-05
01011110101011101001,21.486329675294037,9.765625e-05
00110110000100011010,16.44330503693723,9.765625e-05
01010111000000010000,26.941779679642835,9.765625e-05
01001111001101010001,14.073080128725767,9.765625e-05
01100110001001111000,19.480692133815424,9.765625e-05
00111111001110011000,20.075878748827506,9.765625e-05
00101101101011000010,13.087371219705794,9.765625e-05
00111111101111111011,15.121753882662752,9.765625e-05
00010011000000111100,20.424583154173337,9.765625e-05
10110101111100011010,15.451777750242018,9.765625e-05
11010010100010010101,16.486287828889388,9.765625e-05
01110111110101111111,15.818204621322664,9.765625e-05
11000111101111001010,20.606295575210773,9.765625e-05
00011111110001000110,16.960399439084647,9.765625e-05
01100111010100111110,18.906171210820652,9.765625e-05
11110000101100000000,8.409531892849856,9.765625e-05
10011101010111010011,13.659967363334262,9.765625e-05
11100101010101010000,12.077176830831661,9.765625e-05
11001001110100100110,14.691734315206288,9.765625e-05
11000101110100010010,14.875788965958535,0.0001953125
11000110010100110101,18.424601802666004,9.765625e-05
01111100011101100010,6.917512725161448,9.765625e-05
01111110011010000010,16.438965958857235,9.765625e-05
11001101001101001011,16.614306478083556,9.765625e-05
11010110000100111000,12.82722742441122,9.765625e-05
11001111011010101100,15.585813712883525,9.765625e-05
11010011100100001011,18.376554425540558,9.765625e-05
10011100101111011000,16.784235877143413,9.765625e-05
11110000011110000001,12.975742818682779,0.0001953125
11110100100011001111,17.928516644875472,9.765625e-05
11111001010100101010,18.353746261128798,9.765625e-05
11110001000100011011,18.182785931966045,9.765625e-05
00110001001101100010,18.069156241921917,9.765625e-05
11100001100001111100,13.803353753773596,9.765625e-05
11100100000000000110,15.819063785699711,9.765625e-05
11111100010110111010,12.039795241125745,9.765625e-05
11110001110110110100,11.640873113930047,9.765625e-05
00110100000011101001,21.003281887015973,9.765625e-05
10110111001011010010,26.08361627984187,9.765625e-05
11100001100110101111,23.647322161850017,9.765625e-05
11001100101000111110,14.668203364563599,9.765625e-05
10011100010100000011,12.632467126276094,9.765625e-05
01011011010110011000,14.241141259594222,9.765625e-05
10110000100010101010,21.454803749408864,9.765625e-05
11110101111110111010,23.098618631619097,9.765625e-05
00110111010111000101,12.001248535594193,9.765625e-05
00111101101101010001,9.06861926098253,0.0001953125
01101111111110110100,15.685749885707882,9.765625e-05
10101101100001001010,18.90531785797465,9.765625e-05
11110100100110100000,13.783288421869923,9.765625e-05
11100111101000001110,22.139174445370628,9.765625e-05
11001100011110010110,14.744410560058293,9.765625e-05
11010110100100110000,12.83003771699121,9.765625e-05
11001110001010110010,17.371836973398608,9.765625e-05
01111100010101101011,11.490042132299266,9.765625e-05
01000111011011010011,18.675924233526594,9.765625e-05
11011110111100001000,14.323643738481834,9.765625e-05
10111101111010101010,18.839408116237287,9.765625e-05
00111111110010001110,20.681851710538318,9.765625e-05
11011100011010101100,12.879933756062421,9.765625e-05
00101101101101010000,11.947323031566748,9.765625e-05
01111100001001010011,9.871751790157168,9.765625e-05
10110001001101001010,16.959380992168445,9.765625e-05
01100100000010000001,16.74968124206886,9.765625e-05
01011011011000001100,14.694584467749625,9.765625e-05
01111100101011100001,15.486329675294034,9.765625e-05
01101101101101101100,17.0925237420006,9.765625e-05
00110100100001010001,11.811774945476607,9.765625e-05
10011101101101111000,15.459065866883876,9.765625e-05
01110010100110000000,13.459541629344711,9.765625e-05
00111101011011001111,14.178715686711868,9.765625e-05
11000110100010000101,16.072400636061975,9.765625e-05
11110000101001110001,15.074234328130405,9.765625e-05
11110011111110100010,16.477717775853563,9.765625e-05
00111101010111011110,15.116766883752138,9.765625e-05
00110101011010101010,29.661818441035308,9.765625e-05
11001100010010000010,12.114756523511932,9.765625e-05
01010100000101011000,17.540303060589068,9.765625e-05
10111101010011111100,22.0874422113485,9.765625e-05
01101100101000010001,11.432091466725826,9.765625e-05
11001001100000100010,14.600219334084938,9.765625e-05
01110010100100011000,14.993029724106888,9.765625e-05
00100111110010000001,17.699731902094634,9.765625e-05
10011100010000011001,14.735019009437071,9.765625e-05
01000110001110010100,16.880735576466826,9.765625e-05
10111101111111100111,11.866766162869979,9.765625e-05
01101111101111111111,17.3334610762496,9.765625e-05
01011110000110101101,15.508331546169453,9.765625e-05
01101100000010110110,14.347363029774543,9.765625e-05
01111101101100010111,15.428054290924454,9.765625e-05
11011001111001001101,14.674530709947526,9.765625e-05
11011001101011100101,18.90042884683725,9.765625e-05
11000001001111100100,21.29471687172173,9.765625e-05
00110001000000110010,19.395726544634876,9.765625e-05
11111001100111101111,18.71027972568899,9.765625e-05
10010110000110000000,14.980885654940629,9.765625e-05
10000010000000000111,39.35965625454088,9.765625e-05
10010001100000011100,19.909682843989167,9.765625e-05
11100100001011100010,19.273681180899846,9.765625e-05
00011111110010101000,19.037021276938294,9.765625e-05
01111000010000110010,12.055203370773238,9.765625e-05
00000101000010001001,27.21350808883354,9.765625e-05
11010000000100111001,14.825638067726528,9.765625e-05
01110111010111110111,15.563550229755133,9.765625e-05
01101100001010011110,15.10299683524138,9.765625e-05
11011101110100011100,13.534682475429086,9.765625e-05
01100110100100001010,17.844250644013872,9.765625e-05
11000101000011010011,19.010938631587283,9.765625e-05
10010101010000011101,16.62337123634014,9.765625e-05
11010010111010010011,20.31058961979079,9.765625e-05
01111011110010111111,19.282934366933645,9.765625e-05
01110011110000001010,14.317191071454197,0.0001953125
11010011100010011001,17.62834626850525,9.765625e-05
11001101011000110000,11.115310487801612,9.765625e-05
10100111111001010110,23.310660611433498,9.765625e-05
01111101001011011001,23.438682792198478,9.765625e-05
00100011100000010010,21.213434387168288,9.765625e-05
11110100110110011010,9.921969962957203,9.765625e-05
00011011111101100001,20.50798616481982,9.765625e-05
00011101011001110011,15.28211831107297,9.765625e-05
11001100011000111110,12.82656585665885,9.765625e-05
00111100010000000001,11.711838772652246,9.765625e-05
11110001100000011111,15.892662246872202,9.765625e-05
01111100010000001110,14.554436953438252,9.765625e-05
01101101101001110100,12.679243063752967,9.765625e-05
01111100110000001010,13.046708477404977,9.765625e-05
10001101100101100000,11.237648998499623,9.765625e-05
10001101001011101011,18.159890848281268,9.765625e-05
00011100110000000101,15.001197825110516,9.765625e-05
01000011000000000000,12.318016911728506,9.765625e-05
00010011111100001000,19.183980949087,9.765625e-05
00010111010100000001,10.316699370523239,9.765625e-05
11100111100001100100,19.8138028768533,9.765625e-05
11010010111110010001,18.08551806843625,9.765625e-05
11100100001111111010,20.465206770931875,9.765625e-05
11110000001011100010,18.844970927362322,9.765625e-05
11011010111010100000,14.724994312720296,9.765625e-05
11111100001001011100,19.22238378285886,9.765625e-05
10001111111010111001,20.07682267253019,9.765625e-05
11011110011110101010,13.836628955336662,9.765625e-05
10111101101110001001,18.11223844717361,9.765625e-05
00111101011001100011,10.22376026258244,9.765625e-05
11001000011111100010,27.703955824748668,9.765625e-05
11000111110111001101,11.494651246557453,9.765625e-05
01001110011000011000,13.977393393846025,9.765625e-05
01010010001010000001,17.884227837561426,9.765625e-05
00110101010101001101,12.22865878509274,9.765625e-05
11111000011100010000,17.72439403973386,9.765625e-05
00110001101000000111,19.092941006845237,9.765625e-05
11110101110101000100,9.29472040329254,9.765625e-05
11111001010000101011,20.44621222909445,9.765625e-05
01001111000011000100,13.813802876853302,9.765625e-05
00110111001000010101,19.020723466052253,9.765625e-05
01001110101111011000,16.52925367536274,9.765625e-05
01011110110101110111,15.453662974752046,9.765625e-05
01110011111111110011,20.694157968566515,9.765625e-05
10011100111011111110,24.773517746573837,9.765625e-05
01111101011011110010,15.60549927281847,9.765625e-05
10010110111100011010,20.2097246401856,9.765625e-05
11110100001000010001,12.346236196306737,9.765625e-05
10010001011110001100,22.700088770418645,9.765625e-05
00101100101100101010,20.38283024973236,9.765625e-05
00111111110111000111,14.344883169893382,9.765625e-05
00011111001011010100,15.888053132614008,9.765625e-05
10111101100101001100,18.6469029214039,9.765625e-05
11100100001001100010,15.896840878677986,9.765625e-05
10110100100100000111,12.486287828889392,9.765625e-05
10110001100100111101,19.295609350110016,9.765625e-05
00110110100101000000,12.30882067777172,9.765625e-05
01110100011010110101,16.618944944719875,9.765625e-05
10011100011001101100,17.242258112757813,9.765625e-05
01111001011011000000,12.114031027258463,9.765625e-05
01100111100001011000,15.992746557448129,9.765625e-05
11011001010111101010,14.783821234784455,9.765625e-05
00010101011111100010,32.39281684959518,9.765625e-05
11000101110001000101,11.001188139073559,9.765625e-05
11111100110110101101,11.151418124136661,9.765625e-05
10011001001011100100,17.810441916794844,9.765625e-05
00110011101001101010,20.539439112620983,9.765625e-05
01011100101011000111,23.217218777377358,9.765625e-05
01110100111101100100,15.758485944451465,9.765625e-05
10110000001011101001,26.25123874889113,9.765625e-05
01011001010000100001,14.727101278270467,9.765625e-05
11110001110001110101,10.068445938877687,9.765625e-05
11111000010000000100,20.85610443471192,9.765625e-05
11001100100101100001,11.55059053404218,9.765625e-05
11011010111110101110,18.434847723981736,9.765625e-05
00111001000011000111,17.585099790731633,9.765625e-05
00111110100100101010,19.296634038619565,9.765625e-05
00011001001101100010,18.04911653452532,9.765625e-05
00111111101001111000,21.62373715424706,9.765625e-05
00000111000100100100,16.32645403106182,9.765625e-05
00010110001010011101,22.424171221836925,9.765625e-05
01111001010110001001,17.734299754776952,9.765625e-05
11001001000111101010,18.3107280715054,9.765625e-05
01111001111000000101,11.143841333663763,9.765625e-05
01111001111000100110,11.557841277411327,9.765625e-05
11110000101100011100,12.636527499989445,9.765625e-05
01111001100110011110,19.272328769304355,9.765625e-05
01111100101011000011,13.467092806150351,9.765625e-05
11011100010100001101,9.57570906206833,9.765625e-05
11011101001111111101,16.04951460196011,9.765625e-05
11111101110111100100,14.333607227559874,9.765625e-05
11110101011110011001,17.37246116787827,9.765625e-05
10010110001010011001,18.36026276912067,9.765625e-05
00001101100111010000,15.391020530799459,9.765625e-05
01111010111010001011,16.373505337225122,9.765625e-05
11010100110001000101,10.048802225347387,9.765625e-05
01111100100011001000,19.154235392731067,9.765625e-05
00111010001010101001,25.045390936199713,9.765625e-05
10001101010011100011,16.409768321497868,9.765625e-05
01001100010001101001,16.671948705517764,9.765625e-05
00100101110000010001,17.372811794608932,9.765625e-05
00110110100011011100,20.263453809700103,9.765625e-05
01011011001010000101,18.22106697607466,9.765625e-05
01111000100001010100,17.09246596796565,9.765625e-05
10110100011000001101,16.29376941644824,9.765625e-05
00011101010101000011,9.446378389680998,9.765625e-05
00001111000111000010,12.556889643273163,9.765625e-05
00111100111100101011,12.329826488934474,9.765625e-05
10110110101011111111,25.32862086585162,9.765625e-05
01011111011111010010,13.230441130223443,9.765625e-05
00011110110011001011,17.07280123885525,9.765625e-05
00110110001110110001,16.409768321497868,9.765625e-05
00011001100001000100,17.436971351583278,9.765625e-05
10001101001010011001,19.264048015757247,9.765625e-05
10010011101101100001,19.607487158727942,9.765625e-05
11111010111010011110,23.109601291194593,9.765625e-05
01111000010010010010,11.606707507547192,9.765625e-05
01001111001011110100,11.876486138522203,9.765625e-05
11111100001101101100,16.142058439615866,9.765625e-05
11110110111000101011,16.154218730679695,9.765625e-05
11001001000110100010,16.503625532334034,9.765625e-05
11001100110011100000,10.75007995679751,9.765625e-05
00001011100010000110,20.45115530803193,9.765625e-05
11110001100110000000,15.154235392731067,9.765625e-05
11000100001101111111,24.409216783803288,9.765625e-05
00011100001000110100,17.203486836560373,9.765625e-05
01001111000111010101,11.761061158370689,9.765625e-05
01111100110011000111,10.585202844775011,9.765625e-05
01110111110101010111,11.330606227242424,9.765625e-05
11011011100110111101,18.55688964327316,9.765625e-05
10001101111000111000,17.914374622368314,9.765625e-05
11111100110111000011,10.069152797478313,9.765625e-05
11100111111010011001,17.93618307548374,9.765625e-05
11101101111100000111,14.844154947789027,9.765625e-05
01100011110101101100,20.91267251476347,9.765625e-05
01101101111011100111,15.134060237909654,9.765625e-05
00111100100001001011,13.911766905894623,0.0001953125
10110001110100100111,16.495547169389347,9.765625e-05
00001110100000000000,18.854500918858335,9.765625e-05
01100001011000001011,21.57780281001074,9.765625e-05
10011000001000110011,23.274329247617015,9.765625e-05
01100111110101011100,12.563416571723057,9.765625e-05
10011100100110011011,15.406967714954837,9.765625e-05
01111100101101110101,9.925327402284672,9.765625e-05
00011111001001110000,18.028231778604745,9.765625e-05
10010111100110000010,21.133199701909177,9.765625e-05
10000111100100101110,19.471294341600853,9.765625e-05
10101101101110000000,17.89870371598448,9.765625e-05
00101101110001110000,15.899651171257974,0.0001953125
01101111111111100111,16.3058545478445,0.0001953125
01111100100010100101,17.0370212769383,9.765625e-05
00011011000010101000,17.46161411714859,9.765625e-05
11011011111001000111,20.03359565395768,9.765625e-05
01111100010011100011,10.781954953034354,9.765625e-05
11111001011010000100,16.61901667078365,9.765625e-05
01011000011000010000,10.967995601631454,9.765625e-05
11110110010101101000,18.30325786664669,9.765625e-05
01110101100000010000,26.790900610014063,9.765625e-05
00111000001100110111,25.53867113391848,9.765625e-05
01001111010010110001,14.108212649583223,9.765625e-05
10110100110010100110,19.384307797058028,9.765625e-05
01010110011001011101,15.295609350110016,9.765625e-05
11110011011101011011,20.57018374381921,9.765625e-05
11100101010100110111,15.76388113698763,9.765625e-05
11111001111000101000,14.204168805074982,9.765625e-05
10110010100011000010,26.069001655436942,9.765625e-05
10011111011101100110,20.097413634193924,9.765625e-05
00111101001111001111,13.418357218916952,9.765625e-05
01110010101000001001,16.245750373852413,9.765625e-05
00011110110101011001,18.314759299980686,9.765625e-05
11110011011000111101,18.087442211348502,9.765625e-05
01110010110100010011,16.069156241921917,9.765625e-05
01101101011001000111,11.423265612968073,9.765625e-05
11100101101111010110,15.521297102081295,9.765625e-05
01101110001011110010,18.368082964255994,9.765625e-05
10010111010100111110,18.844154947789022,9.765625e-05
11001111110000100000,19.383529925178507,9.765625e-05
11010101010101011001,10.951658959470395,9.765625e-05
00011100000010111000,18.32926432364181,9.765625e-05
01101100001010111010,15.73361081024793,9.765625e-05
11011000111110000110,16.051362148090348,9.765625e-05
11001001000001100110,13.559683713955588,9.765625e-05
10111100101101110001,12.308822664213016,9.765625e-05
01011001100101110001,21.291195552516264,9.765625e-05
01001011100011110100,16.310728071505398,9.765625e-05
11001101101010010101,16.170618664887797,9.765625e-05
00011111011000110110,19.216080505603017,9.765625e-05
10001111111110101110,21.00935896093955,9.765625e-05
01110010010110010110,17.69153193499058,9.765625e-05
00111011111011101010,17.936308418353974,9.765625e-05
11111000100010110000,15.583899343135426,9.765625e-05
11000001000100000000,12.161821869240917,9.765625e-05
11011011110010001111,17.53951010426369,9.765625e-05
00001101000000100101,15.901825596880052,9.765625e-05
00000010000010100000,28.309472472359936,9.765625e-05
01001110101001010001,16.50643582491402,9.765625e-05
11010111111101001011,18.36800030013504,9.765625e-05
11110001010001000100,10.08172546103236,9.765625e-05
00111001010000001000,17.46848478344193,9.765625e-05
11011001010101100100,10.899405926789118,9.765625e-05
01111101000011110101,20.746003742581053,9.765625e-05
00001010111110001110,48.00111714743085,9.765625e-05
11011101011110110010,16.375390452971757,9.765625e-05
00010001000000010001,20.134812169378648,9.765625e-05
01111110110100010100,17.892180966399263,9.765625e-05
01001111110001011111,15.356475876029121,9.765625e-05
10110100011111110010,20.132213328233462,9.765625e-05
11111101101000100001,28.30053376975846,9.765625e-05
01110111010111111100,16.183614394726032,9.765625e-05
11001101010110011101,13.523690864237707,9.765625e-05
01110011010101001000,13.581564823856091,9.765625e-05
10111011110101100011,33.162478359883316,9.765625e-05
11110001001110110100,17.395726544634883,0.0001953125
10001001101001101001,24.545792170048845,9.765625e-05
01001110001010101011,18.726834246382076,9.765625e-05
10110110100001001010,20.357385750889843,9.765625e-05
11100101110101000101,10.451155308031929,9.765625e-05
01100011001001110010,20.202844287855303,9.765625e-05
00000111101110111111,36.11584797014832,9.765625e-05
10010001000101001100,15.766213495161615,9.765625e-05
11010110111010001101,15.821157533642122,9.765625e-05
00110011111011001100,16.70473163884188,9.765625e-05
11110000101001100010,14.753465632277926,9.765625e-05
11001101110010111111,15.470038018874144,9.765625e-05
01001011001110101000,17.896840878677992,9.765625e-05
10110100010011000011,16.58520284477501,9.765625e-05
11100001000010010011,21.498486227646993,9.765625e-05
00011011100011101011,21.754174378943166,9.765625e-05
10110101110101111100,13.295609350110016,9.765625e-05
11001100110000100100,9.81557152460511,9.765625e-05
01111100111000110000,8.467555242240037,9.765625e-05
11111100111100110000,5.8099661434941865,0.0001953125
11001100111011001001,16.358689340066277,9.765625e-05
10110111110001111011,18.282992140968595,9.765625e-05
11000101000111100010,20.55503649200362,9.765625e-05
10110100110010100000,14.247051253006308,9.765625e-05
01100110001101000000,16.983695947520616,9.765625e-05
00110011000011001000,15.884674258483955,9.765625e-05
00011111011001000011,14.33164060178893,9.765625e-05
01001011100101011100,20.49135967350453,9.765625e-05
11110101001100010110,20.22299653903199,9.765625e-05
01011111100110110000,23.61403299746175,9.765625e-05
10010111100101101000,14.071495027193127,9.765625e-05
10100111101010001011,23.360027504956026,9.765625e-05
01100101010000101010,23.783288421869923,9.765625e-05
00010110010000000100,15.565077850771768,9.765625e-05
11001100101100000110,13.837239637941302,9.765625e-05
01110001100010010101,19.58623721932151,9.765625e-05
11101100011110111011,17.78108112313873,9.765625e-05
10011101111001100100,14.57998693250959,9.765625e-05
00011111110101010101,13.820475859394767,9.765625e-05
00011111011001001011,15.304034073383834,0.0001953125
01011111000111110000,18.56826582086412,9.765625e-05
01110100011110101010,22.096091505697867,9.765625e-05
01101001110010000010,14.718287820572215,9.765625e-05
00110110101000001001,15.512940660427645,9.765625e-05
11011000010110001100,14.212895332660406,9.765625e-05
11011100100100010100,10.015673703533572,9.765625e-05
00110101011101110100,15.074234328130405,9.765625e-05
10010101000101100101,13.244432832647151,0.0001953125
11011001111011001011,19.839182538109597,9.765625e-05
10000101000110100000,18.32926432364181,9.765625e-05
10000011000011001011,24.585202844775008,9.765625e-05
11010110100010011010,19.667431843040816,9.765625e-05
01101100101011011011,17.413416762874807,9.765625e-05
11110111011011100011,25.582790630469624,9.765625e-05
01011011010000110110,16.477592432983325,9.765625e-05
10111101110110101011,15.2027768277834,9.765625e-05
00001111101101101000,16.566638062218395,9.765625e-05
00011011101100001110,21.04258408806333,9.765625e-05
01011100010101101010,13.720269650392211,9.765625e-05
01110001010111000001,13.889613158556763,9.765625e-05
01111100011000001110,12.311082229806873,9.765625e-05
01110010111000000000,10.293769416448237,9.765625e-05
01100111100110001000,20.169101893643177,9.765625e-05
11100101101101010110,11.514848054161327,9.765625e-05
01101011011010110010,19.627732054329805,9.765625e-05
11100001100001100110,13.042584088063329,0.0001953125
01110011010010001111,15.122233616848204,9.765625e-05
01011100100111000100,15.86828065340605,9.765625e-05
01100010110000100011,27.11718152611109,9.765625e-05
11110101011100100101,14.630607820540401,9.765625e-05
01010110010101001110,15.821157533642118,9.765625e-05
11100101000101011001,15.265940216281692,9.765625e-05
01100100111011100100,26.311907160996054,9.765625e-05
00111100011001101010,13.645597776258134,9.765625e-05
11001100100110000000,11.17211558428738,9.765625e-05
00011011100100000000,16.980885654940625,9.765625e-05
10110100000100101011,13.997786535962845,9.765625e-05
01101111111010001011,19.99760904583315,9.765625e-05
01111001000101001100,19.273695132928673,9.765625e-05
11111000011110001010,15.228832830778828,9.765625e-05
01001011100000101001,22.250886234095844,9.765625e-05
11100001011001000100,12.608573789297294,9.765625e-05
11110100110101011001,5.169571807154597,9.765625e-05
10000111000100101100,16.32364373848183,9.765625e-05
00010110010010000000,13.09246596796565,9.765625e-05
01111001011101111011,17.393672999590926,9.765625e-05
10011111111111100001,13.623549890953212,9.765625e-05
11011100011101111101,8.92743083626404,9.765625e-05
01011110100100000101,16.248075941515857,9.765625e-05
01001110101100010010,16.184923942068377,9.765625e-05
11010110010111101010,14.64367372047308,9.765625e-05
00101000001110010011,38.80708933240343,9.765625e-05
11000110000001001001,15.157450641633053,9.765625e-05
10011100010010001011,15.15141812413666,9.765625e-05
00110110110000000111,16.959380992168445,9.765625e-05
10010111000110000100,18.546612590278073,9.765625e-05
01110001100111011100,21.420855628914097,9.765625e-05
00010110010001110001,17.276491473479833,9.765625e-05
00110111000001001011,18.83930859376472,9.765625e-05
01110010101011001000,18.750098506913503,9.765625e-05
01001110100010000000,14.870448103013711,9.765625e-05
01011001000011000000,18.404508870653775,9.765625e-05
11001101101101000111,14.279372757702534,9.765625e-05
11000110110100100000,13.52710839497873,9.765625e-05
11000111110111011011,15.063132686881234,9.765625e-05
01100111101001011000,16.59103558331485,9.765625e-05
11011010101001100010,22.862938049031467,9.765625e-05
00100011001010001110,22.208535679154117,9.765625e-05
01000101010101000001,15.780766813960792,9.765625e-05
00100111100110010010,17.651917127779136,9.765625e-05
01011010101111101010,25.043450865657157,9.765625e-05
11010010110000101001,11.516098135294687,9.765625e-05
01001110000000000111,19.696504344670004,9.765625e-05
11110101100000111101,22.49615188303172,9.765625e-05
11010111010101011001,11.19847306024744,9.765625e-05
00000011000000101111,27.220051239180997,9.765625e-05
01111100000001010100,15.22238378285886,9.765625e-05
01000111000011000101,14.376554425540556,9.765625e-05
00001111001001001000,14.248075941515857,9.765625e-05
01100011111001011100,16.49185064001442,9.765625e-05
01001111111110100000,16.348073332818775,9.765625e-05
11000101010111100100,13.581978731793981,9.765625e-05
00110001000110010000,16.848764062047216,9.765625e-05
11111101011100010011,17.480457055154652,9.765625e-05
01001011101011000000,16.128536258059647,9.765625e-05
11111000101011100111,17.68149402066604,0.0001953125
01101001011010110101,19.04449148179701,9.765625e-05
11110101011100100010,19.331818091918628,9.765625e-05
01000110000000010000,11.803638699733586,9.765625e-05
00011111011010110111,17.01187015923047,9.765625e-05
01111111001110011101,23.030111572229877,9.765625e-05
00111001101000100110,15.557841277411327,0.0001953125
11001001110000100001,14.391280586673439,0.0001953125
11011100000001111111,14.039795241125747,9.765625e-05
01011010100100101001,20.740341223889235,9.765625e-05
11100110100100101110,20.69386718869098,9.765625e-05
10110011101101001111,20.874147254874327,9.765625e-05
11110111011100111101,18.535928388537595,9.765625e-05
00011100010110011001,14.252723370607884,9.765625e-05
11001101101111011110,15.64655147312497,9.765625e-05
00001101001101101101,19.07735620902597,9.765625e-05
11101011110001011110,31.839421333845053,9.765625e-05
01110100010100010101,6.1182096590642505,9.765625e-05
11010011010010001101,11.271433580893525,9.765625e-05
11110101010011011111,17.58049067647344,9.765625e-05
00111001010010000001,15.867866011047095,9.765625e-05
11011000001001101100,16.643969086891097,9.765625e-05
01001011011000010111,19.759156474659548,9.765625e-05
11010011110100101110,13.042584088063329,9.765625e-05
11100110100011111010,19.367909642151155,9.765625e-05
01110110101100111100,18.388158705777872,9.765625e-05
10111111101110001011,24.083616279841877,9.765625e-05
10111101010010111011,21.5844864856413,9.765625e-05
00001111101011010111,17.89262612561972,9.765625e-05
11110001001101101011,19.19142907184926,9.765625e-05
01011111011011111111,16.706675840739237,9.765625e-05
01110110110110000000,10.439476297441036,9.765625e-05
00010011000101000010,15.624511287415714,9.765625e-05
01000110110110001100,20.210880618891473,9.765625e-05
00011000000010000000,15.988710018100805,9.765625e-05
01001111001010010110,15.262123959972197,9.765625e-05
11010000101110000100,20.876105016566232,9.765625e-05
01011100001101011001,12.7654261443852,9.765625e-05
00100100000001000001,17.692663121987117,9.765625e-05
00100101000010110011,24.65964579471447,9.765625e-05
11011100101111110000,11.551291151049455,9.765625e-05
00001101011011010010,16.755373026011604,9.765625e-05
11011000000001101001,16.615398441161137,9.765625e-05
00101111001000100110,23.081904290309485,9.765625e-05
00011111110100000001,13.296634038619565,9.765625e-05
11100001001101110011,23.138858601902992,9.765625e-05
11000011101000110000,16.46755524224004,9.765625e-05
00011001010100000111,17.350706858850316,9.765625e-05
11011001000001100101,16.4205731966764,9.765625e-05
11010001000110010101,16.362456861083917,9.765625e-05
10110010101000000001,22.72964255252077,9.765625e-05
11110110010010101101,19.73059353936507,9.765625e-05
11001001101010111000,18.707132758816826,9.765625e-05
01110100110111000000,11.695970622670345,9.765625e-05
01111100111101011001,8.631484284171183,9.765625e-05
00001101001001110110,16.42239178307245,9.765625e-05
01011001011011000001,15.648584737009891,9.765625e-05
11001111100101101011,18.899358318562264,9.765625e-05
10001111101011110110,19.299135463746335,9.765625e-05
01011110010000101001,15.409248726191098,9.765625e-05
11011000011100001010,13.39227685352617,9.765625e-05
01001111101110001110,19.719241517439055,9.765625e-05
11010001110100000101,10.048802225347385,9.765625e-05
11110110001100101011,20.669494644807738,9.765625e-05
00110111110010010010,17.360027504956022,9.765625e-05
01101100010000001101,19.340892536212166,9.765625e-05
00110011000001100111,20.71872382103672,9.765625e-05
10011111110111100000,14.450872141373168,9.765625e-05
01101100000111000001,16.554082795136782,9.765625e-05
11001001000001011100,15.57570906206833,9.765625e-05
01111100001110110000,10.400424564607379,9.765625e-05
00100010111000010001,41.53429438829852,9.765625e-05
01110100000000001001,17.362531297170232,9.765625e-05
10001111101000110001,21.48510074553581,9.765625e-05
00000111000101000000,10.603964675039101,9.765625e-05
10000111001100001011,21.02539306436794,9.765625e-05
01001101001100010000,13.551530806161196,9.765625e-05
00011001000110100010,17.844142464602328,0.0001953125
11001000000010101110,19.223578076398567,9.765625e-05
01100011001010000101,17.867866011047095,9.765625e-05
11011100001111011010,13.759156474659545,9.765625e-05
01100111110011010001,13.952461514295864,9.765625e-05
11000111110000110010,16.400424564607377,9.765625e-05
11001110111111000011,21.801120830535325,9.765625e-05
11100000101100001010,20.092712806231866,9.765625e-05
01111111010110111000,23.630324653881637,9.765625e-05
11010110010110100001,10.844154947789026,9.765625e-05
10010110010110100101,18.487241525756232,9.765625e-05
10000111111110000101,22.374636524221653,9.765625e-05
11111001100011111100,19.48723881573369,9.765625e-05
00110111010110001110,16.40297543735778,9.765625e-05
10011100000100101010,13.066804940988012,9.765625e-05
11101011101011101001,27.13600030845221,9.765625e-05
01011110110011111010,16.533936785553436,9.765625e-05
11010100010101110101,8.474335544816755,9.765625e-05
01111110101010011000,19.53015937135879,9.765625e-05
10100000011000010010,37.529945329914305,9.765625e-05
01001011011110110000,17.486364251417,9.765625e-05
11010100111000000111,18.666970963330115,9.765625e-05
01100110001011010100,17.21343438716829,9.765625e-05
11001111101111011000,14.234237709351948,9.765625e-05
01110110110011000010,14.644408815226647,9.765625e-05
01000110011000001110,21.065164051861718,9.765625e-05
11100100100001110010,12.214455544107032,9.765625e-05
01011101110101000011,16.309105917998977,9.765625e-05
11011100110010010010,10.632467126276092,9.765625e-05
00011111100011100010,20.178096874449253,9.765625e-05
01100110010001100100,21.313898763980205,9.765625e-05
01100001010100011100,18.772001884414333,9.765625e-05
10000010000000010001,36.52026781548459,9.765625e-05
01000110100010011100,18.686857776415767,9.765625e-05
01100111001011011111,18.27501934578959,9.765625e-05
10110101101100011001,14.976782711241384,9.765625e-05
11110100111000000001,7.313898763980209,9.765625e-05
10001000000001011100,41.492914366939054,9.765625e-05
01001110110001110110,19.34807333281877,9.765625e-05
01011100010100010001,5.034482712710538,9.765625e-05
10110000000100101000,18.409531892849856,9.765625e-05
11001100000110110000,9.354888004378399,9.765625e-05
11100101101111000110,17.15786717205663,9.765625e-05
10011101000011110001,15.809937085383318,9.765625e-05
11011000010011101111,18.75200590064718,9.765625e-05
00111101000011001111,18.50808733038893,9.765625e-05
01011011010111001110,14.278842567273681,9.765625e-05
10000000001001100010,36.37500933101579,9.765625e-05
11100111111100010011,19.131014572401636,9.765625e-05
11100100000001110001,14.503625532334034,9.765625e-05
10010101101101000101,17.37051566645082,9.765625e-05
10101101000110100111,23.871751790157166,9.765625e-05
01100111110001100011,19.2027768277834,9.765625e-05
11110001011111011011,18.844728687183263,9.765625e-05
11100101010101110111,14.825917066360434,9.765625e-05
10110001001101000101,17.00723223067153,9.765625e-05
10011110111100100001,17.136044570612135,9.765625e-05
01001111110100010100,13.066804940988007,9.765625e-05
01011110000101110111,16.43929546124441,9.765625e-05
01110001010001011001,15.047478442548769,9.765625e-05
00000111001110010110,21.906100219177944,9.765625e-05
10110100000111110001,15.979548654534252,9.765625e-05
11101001100100110000,20.227977725663248,9.765625e-05
01110011111101111110,18.53751776685847,9.765625e-05
00100110000010111011,27.927016193905082,9.765625e-05
00001111101001111010,19.474762681202225,9.765625e-05
11010011110011100000,12.84779443755007,9.765625e-05
10110001001100011110,20.48628782888939,9.765625e-05
11011001100100100100,13.855108167859186,9.765625e-05
01110110011101110000,13.157096483331582,9.765625e-05
01100011001100010110,18.165820300894467,9.765625e-05
01011100010101001101,11.536400619427624,9.765625e-05
00110110100101111001,17.314418359286982,9.765625e-05
01111001101000000101,16.404508870653775,9.765625e-05
11111100010011110101,15.602647133833838,9.765625e-05
00001101010001110011,16.86792921596694,9.765625e-05
10011101110100100011,12.598901792879671,9.765625e-05
11110011100111111000,18.183614394726035,9.765625e-05
01110011011100001111,14.09760445069477,9.765625e-05
01110010100000111100,19.09246596796565,9.765625e-05
00011011101100001111,22.358274697707323,9.765625e-05
01001011111001000101,19.350706858850316,9.765625e-05
00111101100000101100,23.95148103927839,9.765625e-05
01010000011000001110,26.258646581627733,9.765625e-05
11011111010010110110,23.54257366220712,9.765625e-05
01001111100011010110,13.602647133833834,9.765625e-05
01111100011000010001,6.611505871540526,9.765625e-05
11101101111011010110,11.490042132299262,9.765625e-05
00110111000111011100,15.481164462672472,9.765625e-05
10110101010010110100,20.661963134343267,9.765625e-05
10100111101011111100,20.958478093322135,9.765625e-05
11001111110101111100,13.058013663353229,0.0001953125
01111100000110110001,11.08060612117813,9.765625e-05
11110001011101111110,14.84587309178756,9.765625e-05
11011001110100000101,11.741481274964805,9.765625e-05
00000111001000000010,20.02759684236814,9.765625e-05
11010110000111011000,12.182795618002999,9.765625e-05
11001100001000010001,11.39316831406595,9.765625e-05
10001111000001000000,25.360680943050433,9.765625e-05
11001011000010101001,21.620936547704027,9.765625e-05
01010110100100011010,19.667499303112717,9.765625e-05
11011111100000001110,34.7386407706304,9.765625e-05
01101101101011110100,14.55503649200362,9.765625e-05
10010110101010001000,20.138223458526326,9.765625e-05
01110100000101000100,11.202254435326887,9.765625e-05
11100100000110110010,16.517869591036057,9.765625e-05
01001100010010010111,14.45403306068382,9.765625e-05
00010110000010100000,18.44560218294385,9.765625e-05
01111001110011100100,13.655824765653758,9.765625e-05
11000100010100110011,16.14487489750182,9.765625e-05
11010010100110000000,13.09246596796565,9.765625e-05
01111000001100101001,16.740341223889235,9.765625e-05
00110111110101011110,14.345619086604872,9.765625e-05
11011110111110101010,13.565661461706837,9.765625e-05
01010100001000101010,38.7140878415007,9.765625e-05
01011100100000011110,21.767341237714547,9.765625e-05
10011101011110101000,15.230814660598824,9.765625e-05
11111001001011100001,21.908969107341147,9.765625e-05
10011100110011100001,12.680961207751507,9.765625e-05
10110001010111000111,22.057177217117026,9.765625e-05
01110110010010111101,16.470879699241898,9.765625e-05
11110000000100100001,12.737530931309244,9.765625e-05
01111101011101010111,7.703881475789554,9.765625e-05
01101001100000110100,16.32645403106182,9.765625e-05
01100111111001010101,12.69134558078185,9.765625e-05
01011100010111111110,16.329826488934472,9.765625e-05
01000111001101010100,12.055203370773237,9.765625e-05
11011101110011000110,18.108461974540084,9.765625e-05
01001100010001100010,13.069608991974649,9.765625e-05
01001111011000011001,15.820350516524535,9.765625e-05
11100110111110100000,19.430440891562576,9.765625e-05
01111101111101100000,13.610536247043385,9.765625e-05
11110000100101111010,16.374636524221657,9.765625e-05
00110100011010000010,16.253500300926277,9.765625e-05
00110111011001011001,14.014915617598426,9.765625e-05
11100100000101001100,16.121374109945705,9.765625e-05
01001011010010010110,14.740331537852278,9.765625e-05
11110000101001011011,17.07005840634716,9.765625e-05
01100111110101100000,15.997786535962842,9.765625e-05
11110100010011010010,12.470879699241898,9.765625e-05
00110010001100111110,31.117181526111093,9.765625e-05
00110101011111100000,17.198055609898923,9.765625e-05
00011111100011110100,18.200994668156564,9.765625e-05
00001111001011101011,16.538651761844573,9.765625e-05
11110000011001110001,15.165749309251757,9.765625e-05
01001001000000001011,21.69177344074857,9.765625e-05
10000010101011000011,42.555736189085955,9.765625e-05
10111001010010110010,23.025383378330982,9.765625e-05
00001110101010101000,21.713033066191954,9.765625e-05
00011001001000000101,16.90079819834796,9.765625e-05
00101100001110000011,17.212525246728635,9.765625e-05
01101100111011100010,14.738391467309725,9.765625e-05
11011010101000110010,21.29164830256899,9.765625e-05
10110001110000000111,14.18823319502118,9.765625e-05
11000001000011011000,16.45308560541033,9.765625e-05
11010011100101100010,18.64654876310243,9.765625e-05
10100000000110100011,39.91587183603515,9.765625e-05
11001001011100111110,18.47035929322668,9.765625e-05
01110110010101100110,17.04539093619971,9.765625e-05
11100101010101100110,13.99778653596284,9.765625e-05
11000001001001000110,16.739381285429047,9.765625e-05
11111100110001101011,11.423265612968073,9.765625e-05
11011111111111100111,15.759014589341152,9.765625e-05
11110000101010100100,15.712722212297443,9.765625e-05
00111111100111101111,17.16370282734941,9.765625e-05
10110001000111100110,20.34561908660487,9.765625e-05
10010111101001001001,18.52863132027985,9.765625e-05
01001011010001101100,16.749681242068856,9.765625e-05
01001100001000110110,14.56691052499169,9.765625e-05
10110111110101101000,14.820251924773267,9.765625e-05
11010011110000010111,14.57689720114189,9.765625e-05
00000111000001101001,16.740331537852278,9.765625e-05
10110111010011001010,22.710351451752764,9.765625e-05
00101101011010000011,15.490042132299266,9.765625e-05
10111101111011111001,15.59127647425497,9.765625e-05
01111111101001111101,24.746003742581053,9.765625e-05
11000111110011011101,10.207453402113494,9.765625e-05
10110101110010000111,18.097604450694767,9.765625e-05
11100001001111101100,20.97574281868278,9.765625e-05
01111010010011010010,24.366150680436302,9.765625e-05
10010101000111100101,16.88822626921498,9.765625e-05
00100101000000001001,19.300414690117766,9.765625e-05
11001101100011000011,17.511132152712484,9.765625e-05
11001100110010010001,11.06960899197465,9.765625e-05
11101101010011100100,18.353746261128794,9.765625e-05
11000011101001011100,13.803353753773596,9.765625e-05
11110001111110000001,13.003281887015971,9.765625e-05
11101001001011111111,22.848731472365543,9.765625e-05
11010100000011110000,16.54095214515474,9.765625e-05
00000111000011011001,15.101493674248447,0.0001953125
11100110100001011000,17.437745670255804,9.765625e-05
10111101100000011110,24.415862868181264,9.765625e-05
11010111110110010100,13.445261242250147,9.765625e-05
11011100110111010011,8.713312064825857,9.765625e-05
11110101011000110101,16.366291842173457,9.765625e-05
01001111100110111011,20.160470720505465,9.765625e-05
10101101110011100001,19.490042132299262,9.765625e-05
11000101111000111100,20.277230921762133,9.765625e-05
01111000100101100011,17.271419628864695,9.765625e-05
01011110010010010001,10.535938074574553,9.765625e-05
01111000001100101111,17.645597776258132,9.765625e-05
11101100000000000110,22.596799082481553,9.765625e-05
11111000100110111000,16.740341223889235,9.765625e-05
01101101010001101110,16.241141259594222,9.765625e-05
00101000000100110000,37.52620623055349,9.765625e-05
10011100110100000011,11.474104634180843,9.765625e-05
01101001100000100110,15.470392177175611,9.765625e-05
00111111111001101001,17.304034073383832,9.765625e-05
01111000011111000010,13.070058406347165,9.765625e-05
10110100111001101010,17.107446237646425,9.765625e-05
01001111111000010100,13.487626815737059,9.765625e-05
11011010111010110010,17.482577358325454,9.765625e-05
11101101100111101011,18.517638974667406,9.765625e-05
00010110010000011000,14.547822811448082,9.765625e-05
01011110100101011111,17.356475876029123,9.765625e-05
01110100110011010000,12.542339034496527,9.765625e-05
01111001101001010100,14.517049122138989,9.765625e-05
11011001110011101010,16.558675981764665,9.765625e-05
10100100110001010101,28.688879673339173,9.765625e-05
01111100010101010000,8.871148720020987,9.765625e-05
11000101000111110100,13.455953672025263,9.765625e-05
00011010101011101010,28.5595586869888,9.765625e-05
11110101110111001111,14.898943490699438,9.765625e-05
11010010111110101001,18.26203152268708,9.765625e-05
01010110000101100010,19.82127308171201,9.765625e-05
01111000100011011010,19.761783759097742,9.765625e-05
01100101110101100000,16.471294341600853,9.765625e-05
01000111001100010000,15.794573941476997,9.765625e-05
00110100101110010110,22.771457741956656,9.765625e-05
11110011110010000001,16.44985171885549,9.765625e-05
00010110000100100101,16.74034122388924,9.765625e-05
11010001011101111001,18.817010240655755,9.765625e-05
10001100100000101010,17.837239637941302,9.765625e-05
11011100010011000000,10.980885654940625,9.765625e-05
11001101011101101000,11.237648998499623,9.765625e-05
10100101001010101011,26.53579962285994,9.765625e-05
11011000110000101110,12.910292803012561,9.765625e-05
11010110100000010001,14.346236196306737,9.765625e-05
10001101001010110001,17.12261827078464,9.765625e-05
01010110000100000111,16.66196313434327,9.765625e-05
10011101101001101000,19.783648832604555,9.765625e-05
11001001000001010101,18.362703699350135,9.765625e-05
11000101100001111001,17.434333646687058,9.765625e-05
00101010001111111011,52.67343271241666,9.765625e-05
11001111010000011001,22.74890086730686,9.765625e-05
11110100110111100101,10.601564671289342,9.765625e-05
11001100001101110111,14.989935454159696,9.765625e-05
01101101110011110001,14.984279558455682,9.765625e-05
01001111110110000011,16.51764866070436,9.765625e-05
11000110100101111010,16.77356209586096,9.765625e-05
00111011101011001010,18.001248535594193,9.765625e-05
01110010001110000111,18.37350533722512,9.765625e-05
01001000000001101000,22.590120924863093,9.765625e-05
11111001111100000000,12.980885654940625,9.765625e-05
00011110001111000100,15.332656240715576,9.765625e-05
01111011011011101010,17.820125967085175,9.765625e-05
01010011000110010000,15.445261242250147,9.765625e-05
01110110100100110010,16.733370213575057,9.765625e-05
11101001101011111110,17.68756837372726,9.765625e-05
00110111010100011000,14.982446600808316,9.765625e-05
11011110111010110001,12.791487665392728,0.0001953125
00010011010000011001,16.45115530803193,9.765625e-05
10011110101100010001,19.66479831700927,9.765625e-05
11001110101001000110,21.6315712034442,9.765625e-05
11110100011010111111,16.423194621325365,9.765625e-05
11011001110010110110,13.844142464602326,9.765625e-05
00011110111101001011,18.31058961979079,0.0001953125
01111110011010100011,15.549353964783844,9.765625e-05
00101101100001100111,15.736207148510633,9.765625e-05
10011001100010011010,23.151418124136658,9.765625e-05
11011000111001010000,14.427640285019544,9.765625e-05
11011011111101001000,17.2106240945883,9.765625e-05
00111101110101000100,10.230689426491974,9.765625e-05
11111100010110101111,13.710521231446982,9.765625e-05
01110111100001000000,26.370096426004707,9.765625e-05
11110001011110110011,17.89262612561972,9.765625e-05
10010101010001110000,14.497288402536471,9.765625e-05
11011001000000111010,20.501782154228646,9.765625e-05
10110111110101111011,16.23907802851331,9.765625e-05
10010111011000011010,22.110391537497414,9.765625e-05
01101100101010000000,13.3599030928071,9.765625e-05
00111001010010111101,24.11210968149595,9.765625e-05
10011100101001011101,19.15858371669421,9.765625e-05
11010110001110011001,13.569107414104678,0.0001953125
10111001111000111011,19.802983667841822,9.765625e-05
00111101101010100101,19.794611298557864,9.765625e-05
10010111110100000101,13.183075340218153,9.765625e-05
01100011101111001001,23.08495154961486,9.765625e-05
01110111011101101011,19.370800906678074,9.765625e-05
11000011101001000011,21.310660611433498,9.765625e-05
01010011011001011001,16.509390919565355,9.765625e-05
00110111100101001111,14.159611027689445,9.765625e-05
00011111001011110101,15.644639911366435,9.765625e-05
01110010010010001111,17.010598239810776,9.765625e-05
11000101010001011001,11.163366153057236,9.765625e-05
11010100010000100111,13.963624374023592,9.765625e-05
01110011111011010000,13.187262836102969,9.765625e-05
10100101101001110001,16.681076755821397,9.765625e-05
01101101110011101110,17.82018093313056,9.765625e-05
11001000100000110010,16.82656585665885,9.765625e-05
11101111000111011001,34.80974251397977,9.765625e-05
11100000010010000010,20.048802225347387,9.765625e-05
00111100001110000110,11.249851859549345,9.765625e-05
11001101111100011011,16.13609610305373,9.765625e-05
10011101110100101011,14.27937275770253,9.765625e-05
01011011100111001101,18.552893834105298,9.765625e-05
01011010110010001011,17.44697938624868,9.765625e-05
01111010111010101010,16.04184463978103,9.765625e-05
11101001000010011001,28.48922064555369,9.765625e-05
00101101001100000100,14.323643738481833,9.765625e-05
01001100110100110000,14.051056517940678,9.765625e-05
11010110000111010001,12.493870871795455,9.765625e-05
01100001010000000100,10.766381299254355,9.765625e-05
11100011111000001010,16.230689426491978,9.765625e-05
11110010001000001011,21.730593539365067,9.765625e-05
11100011011000000111,24.376554425540558,9.765625e-05
11011111111011011000,18.777368742420876,9.765625e-05
00100111001010100000,20.786089028412952,9.765625e-05
10110101001001011110,20.376554425540554,9.765625e-05
01101111001010110101,21.6140233114248,9.765625e-05
11110111111111111101,13.818204621322662,9.765625e-05
10110001001001000000,14.720209166334723,9.765625e-05
11100101101111100011,21.89262612561972,9.765625e-05
01110110010010101100,18.784175393085924,9.765625e-05
10010011101011001100,19.34844604123623,9.765625e-05
11011100110010000011,11.395726544634881,9.765625e-05
11000111110100100101,13.586709635715419,9.765625e-05
00111001101111100110,17.410526527036218,9.765625e-05
01101101001101100011,14.791477979355772,9.765625e-05
00010111011100011010,19.514848054161323,9.765625e-05
11010010100000011100,13.565077850771768,9.765625e-05
00011101011100010011,12.819367674419626,9.765625e-05
01100110111100011000,16.46835155547216,9.765625e-05
10011100001101110001,11.853744525097227,9.765625e-05
10010111100001110010,21.93667868978962,9.765625e-05
11100101010100111101,15.523690864237707,9.765625e-05
01011000011010000100,12.772001884414333,9.765625e-05
01110100110100111100,15.438034344086844,9.765625e-05
11001001001110010100,16.32926432364181,9.765625e-05
11111010110010101111,24.72952283642602,9.765625e-05
10110101100001110100,16.071495027193123,9.765625e-05
11010100000100001110,16.36377440228918,9.765625e-05
11000111110100001011,16.360262769120673,9.765625e-05
10110100111100001001,10.340480603875754,9.765625e-05
11100111110101101000,16.241141259594222,9.765625e-05
01100111111101001010,16.608152170923923,9.765625e-05
11000101110000011110,16.596396836182095,9.765625e-05
11011001101101000000,16.274005986823184,9.765625e-05
00110100111001000001,12.809802801693564,9.765625e-05
00110111110011101011,18.92585314080812,9.765625e-05
00100111101100111011,24.130943580758927,9.765625e-05
11010011110111100100,11.587126900560058,9.765625e-05
01101100011000001001,15.346519362965497,9.765625e-05
11110011010000010101,22.347149809878324,9.765625e-05
11011110010011100110,19.67888619542896,9.765625e-05
11010010110000100100,11.930364376509583,9.765625e-05
10111001001011100010,19.213129051285875,9.765625e-05
01001111001001010100,12.857677129345241,9.765625e-05
11111100010110100111,13.025383378330984,9.765625e-05
01001101010000010110,11.487626815737059,9.765625e-05
10110001100000000100,12.915953248135887,9.765625e-05
00011101001011000001,16.30725629830024,9.765625e-05
10110001001100100010,16.55408279513678,9.765625e-05
01100011110000100100,14.958899711695507,9.765625e-05
01001110100000010111,18.327060545641608,0.0001953125
10100000111000110001,40.62998529120311,9.765625e-05
11110100100000010001,9.547539644789325,9.765625e-05
11001111111010100100,15.477933373677033,9.765625e-05
10011100110000110001,11.55059053404218,9.765625e-05
10010111100111011101,13.708490590047745,9.765625e-05
11100001101010110100,17.358689340066277,9.765625e-05
11011000101010001010,18.932240638563904,9.765625e-05
11011001111110100010,16.111320267990862,9.765625e-05
00111101110100001111,13.911766905894623,9.765625e-05
10001100100001001010,19.211038736947256,9.765625e-05
01100111100011000001,18.47931410855267,9.765625e-05
01011001011001100110,15.346666602471757,9.765625e-05
11011110100110111110,16.103761467876943,9.765625e-05
11110001111100011111,13.070058406347162,9.765625e-05
01110100010101011010,11.161705597589773,9.765625e-05
01011111011001111001,17.80993708538332,9.765625e-05
11111100101000100110,15.429359348943024,9.765625e-05
01011110110001101001,16.165820300894467,9.765625e-05
11011100010000011100,11.161821869240917,9.765625e-05
11011000010010101011,13.645597776258132,9.765625e-05
00011111001110010111,15.230441130223445,9.765625e-05
01110101010111000101,13.308643187642033,9.765625e-05
10011001001000111100,20.634635310304816,9.765625e-05
10110100100100111001,11.569448354798386,9.765625e-05
11011010101010111010,19.56566146170684,9.765625e-05
10110101110110100110,17.820180933130565,9.765625e-05
11011100001110101000,13.862684958332085,9.765625e-05
01001111110011000100,11.394772847768037,9.765625e-05
10011100001000001011,16.250886234095848,9.765625e-05
10010111110100001111,15.911766905894623,9.765625e-05
11010111110000010101,15.383546881497143,9.765625e-05
10011100000001100011,13.827760237325759,9.765625e-05
11110001110100001101,8.814534440036065,9.765625e-05
00100101000001000111,15.911766905894622,9.765625e-05
11000111100011111101,13.514838368124368,9.765625e-05
00111101101100000100,13.333068173051991,9.765625e-05
01000011001011000110,18.73422876313424,9.765625e-05
11110010101010010010,18.624748439644975,9.765625e-05
00110110000100000011,14.333607227559874,9.765625e-05
11010000010111000110,20.185425612463735,9.765625e-05
00101101010100101001,21.89684087867799,9.765625e-05
00011001001000000001,16.274005986823184,9.765625e-05
10010101000000011111,23.42930437205781,9.765625e-05
11110100010101110001,7.565661461706833,9.765625e-05
01011110111110011101,12.80018306129879,9.765625e-05
01101001100000010000,16.504881855060745,9.765625e-05
01001001000001000010,14.983695947520614,9.765625e-05
00111101001010100001,18.665782187802506,9.765625e-05
01011010100100010101,21.471294341600853,9.765625e-05
01000011000000101101,18.424583154173337,9.765625e-05
11010000010100110000,10.368745902883482,9.765625e-05
11011100100111111001,10.6810767558214,9.765625e-05
11001001001111110111,22.322900769468546,9.765625e-05
00011011000110011101,20.88702844410446,9.765625e-05
11110000100010100110,15.516971888902932,9.765625e-05
11000111010111011000,10.07491527879651,9.765625e-05
00011111110000001011,19.041684720787828,9.765625e-05
10101000111110101011,45.801403997194086,9.765625e-05
10110101111001101010,18.108397224490723,9.765625e-05
01110011110111001001,14.150671318035831,0.0001953125
01011011001100000101,18.234524407581514,9.765625e-05
01011111011011110101,13.644639911366436,9.765625e-05
00010111001100001110,22.79271285644008,9.765625e-05
01111100111111111101,14.308726782484293,9.765625e-05
01100101100101000011,17.451768064205062,9.765625e-05
11010110110101000001,9.249851859549342,9.765625e-05
01011001100001000111,20.80509136781306,9.765625e-05
01101100101111101011,21.177970818794137,9.765625e-05
01111100001111000101,10.576897201141893,9.765625e-05
00111111110111111010,16.06251304182088,9.765625e-05
01100111001100001011,22.21315122050953,9.765625e-05
01101100000010011011,16.875374323599583,9.765625e-05
10011100010000100011,12.402281160320527,9.765625e-05
11000011100000001100,10.118563817365718,9.765625e-05
11110111010101111001,19.19064869708726,9.765625e-05
00111101111001100101,11.786875655608123,9.765625e-05
01111101110110000011,15.738060299780173,9.765625e-05
00111101001110110100,15.26970148486616,9.765625e-05
01001111100000111110,20.216376155448476,9.765625e-05
11001101110101110110,9.199108632938097,9.765625e-05
10110101001101101001,14.908355616746947,9.765625e-05
01010110001110000101,17.151418124136658,9.765625e-05
11100101110101011111,12.830526180618627,9.765625e-05
10000000010000001110,37.92032374132268,9.765625e-05
01111100011111101110,13.022438078479992,9.765625e-05
01001111100110000101,16.110391537497417,9.765625e-05
01110010001100010001,16.55408279513678,9.765625e-05
01010111001100111100,26.653557146689316,9.765625e-05
00110011111000011100,17.337265354973763,9.765625e-05
01110000011000000100,8.993376906393944,9.765625e-05
10010111001010110100,25.33181809191862,9.765625e-05
01111100101000100110,16.112634364752523,9.765625e-05
01011110110010000111,14.887028444104462,9.765625e-05
10110100010010001001,15.404106624354316,9.765625e-05
01111100011111010101,7.687568373727261,9.765625e-05
11001100001111001000,13.770151530294532,9.765625e-05
11100111111001001011,18.183614394726035,9.765625e-05
00110001100001101000,20.811724147456072,9.765625e-05
01110011000100101011,22.467163797793056,9.765625e-05
10001101101101100010,14.42239178307245,9.765625e-05
11011000101000110101,15.617374029387786,9.765625e-05
11110111101001111011,25.596068683782164,9.765625e-05
11010111110101011101,8.664994651522218,9.765625e-05
01011010000010100101,18.182795618003,9.765625e-05
10000111100111011000,13.768490251245819,9.765625e-05
00010110001100011101,18.962663701142336,9.765625e-05
00010011100010011010,25.409601240986376,9.765625e-05
10011100101111000000,13.581978731793985,9.765625e-05
10010001000010000000,17.267181334959343,9.765625e-05
11010110010000001010,15.955193496283627,9.765625e-05
11110001001000010101,15.647862859864087,9.765625e-05
01100110000011100001,21.423265612968073,9.765625e-05
01011100010000111101,12.78455370705234,9.765625e-05
00110100000100000011,9.332656240715576,9.765625e-05
10001111011110101010,19.83943924791665,9.765625e-05
01001111110111000100,11.151418124136658,9.765625e-05
10100100000000100010,20.114756523511932,9.765625e-05
10011001100100100010,16.283153409200732,9.765625e-05
00101100100100100010,17.097495242594896,9.765625e-05
00010011101010011011,31.7416377495144,9.765625e-05
01111000000111000011,17.537588758501187,9.765625e-05
11011100110010011100,11.38946656094618,9.765625e-05
11111110011100101001,25.069364950858173,9.765625e-05
11101001110000100101,19.233573420737216,9.765625e-05
10000101001001011001,18.674807086095743,9.765625e-05
10011101001110000101,16.630607820540405,9.765625e-05
10010001111000101100,23.78263383013196,9.765625e-05
11011001110111100101,12.96990561785082,0.0001953125
11000001000001011000,12.910636540856007,9.765625e-05
00110100100000101011,21.64087311393005,9.765625e-05
10000111100010001000,16.144810958160907,9.765625e-05
11100101111000111110,16.51986212474152,9.765625e-05
00011111111001010001,14.44643616371594,9.765625e-05
11100001100001100101,14.654321593821013,9.765625e-05
00110111010000100001,18.552229730994437,9.765625e-05
01001110001100011111,18.886167097395536,9.765625e-05
01011110010011110011,12.455573900056534,9.765625e-05
10000101100000000000,15.718124370008203,9.765625e-05
01000101110110100101,32.11162215942967,9.765625e-05
01100011111000011000,15.59131874997361,9.765625e-05
11100111110010101000,19.76692659535559,9.765625e-05
01110101110101010000,11.480682447778467,9.765625e-05
01001101010011001001,16.362456861083913,9.765625e-05
11001101000101111010,12.563511719030714,9.765625e-05
11100101011011000011,18.671212788806272,9.765625e-05
11110001001101010110,14.57689720114189,9.765625e-05
11111001110000110110,13.268747787999317,9.765625e-05
01110010101101101111,26.187191844460262,9.765625e-05
11000110001110110100,17.550590534042183,9.765625e-05
11101101111001001110,13.394772847768039,9.765625e-05
00110001001111001000,20.1690637859494,9.765625e-05
11001111100110111111,16.439295461244406,9.765625e-05
10100101110011100100,18.975742818682775,9.765625e-05
11110101111001100101,14.465554774767192,9.765625e-05
11100100010010111000,15.726150291426169,9.765625e-05
01101101001111010100,11.02539306436794,9.765625e-05
10000111100000101101,17.69177344074857,0.0001953125
01010011111000001100,17.80616478077465,9.765625e-05
11010011011110010110,16.643673720473082,9.765625e-05
01011001000111110110,19.02626681797618,9.765625e-05
01110010011010010000,12.654321593821013,9.765625e-05
01001110110010000110,16.06796465840475,9.765625e-05
11001101101111010101,12.681076755821401,9.765625e-05
11110100110101100001,5.67348402687838,9.765625e-05
01101000111111101000,33.689781837764414,9.765625e-05
11001001000001101111,17.95378529709448,9.765625e-05
01110100010011100101,16.113966277209105,9.765625e-05
01110000101001011010,22.66931779113209,9.765625e-05
11000110001111100011,23.138858601902992,9.765625e-05
10011101011011001010,18.2210022260253,9.765625e-05
11010011000101011100,13.736561306812101,9.765625e-05
11001100100011001101,15.803353753773596,9.765625e-05
11000111100110001011,20.350423692191555,9.765625e-05
11100101111011011000,15.569945562901621,9.765625e-05
11111000110011101011,17.254039355434163,9.765625e-05
11011110111110001110,15.249851859549342,9.765625e-05
11110001101101011111,16.283839975802504,9.765625e-05
01101011001110111110,22.446436163715944,9.765625e-05
11000111001101111001,14.914717636630517,9.765625e-05
11100100010000011110,15.095587848861218,9.765625e-05
11110100010011001010,15.096718213899834,9.765625e-05
01111100100011110111,14.24667148103758,0.0001953125
11010011001110000110,20.10750130165883,9.765625e-05
01011000000000110010,15.625911492741936,9.765625e-05
01100001000010000001,19.512940660427645,9.765625e-05
00010111010100000110,15.39477284776804,9.765625e-05
11011011010110111110,17.02538337833098,9.765625e-05
01110010101001101011,24.049919372778234,9.765625e-05
10001101000100110110,16.73155516999929,9.765625e-05
11111111111010111101,23.336471849731197,9.765625e-05
01011101110111010001,14.512316760215242,9.765625e-05
11110101110111101111,16.953569699271014,9.765625e-05
01001111110011111101,14.090239286320726,9.765625e-05
00011001001011000100,17.352621963019477,9.765625e-05
11010011000001100100,16.327954492872024,9.765625e-05
00110101101001110000,22.04956685798295,9.765625e-05
00000111000100010010,16.402281160320527,9.765625e-05
10110011100111101000,18.097604450694767,9.765625e-05
10010111110111100010,17.113047450732488,9.765625e-05
01011010000100101101,21.233573420737216,9.765625e-05
10010111001101110001,16.368082964255994,9.765625e-05
11110100010100010111,8.554082795136782,9.765625e-05
11011101110001010010,16.366291842173453,9.765625e-05
00010110100100011001,15.372811794608934,9.765625e-05
00011011111010101000,18.753465632277923,9.765625e-05
11000111100100100111,19.26970148486616,9.765625e-05
10010011001001011111,25.038635632472392,9.765625e-05
11001100110001111010,12.289121176647765,9.765625e-05
11100100111000100000,11.698948719343075,9.765625e-05
01110111111001110100,17.775448131079436,9.765625e-05
11010110011101101000,12.740341223889233,9.765625e-05
01001101000101110101,11.490378610700855,9.765625e-05
01101100110010111011,18.465206770931875,9.765625e-05
01100111011011000010,16.549180642679,9.765625e-05
11101101000000110101,23.645706141173548,9.765625e-05
00011101010001001000,14.91152975366536,9.765625e-05
10011101100110110000,16.308909583486024,9.765625e-05
11010001010000110100,10.181540018857534,9.765625e-05
00011111001100010101,15.772668970178806,9.765625e-05
01011010001000100111,20.86293804903147,9.765625e-05
00001111000110001110,16.163010008314476,9.765625e-05
01001100011000001101,16.696138426763085,9.765625e-05
00010111010001110001,14.446436163715939,9.765625e-05
11000100100000011010,15.895153680854937,9.765625e-05
01111000010100011111,20.015931256525075,9.765625e-05
00111101001111111011,14.574959204167833,9.765625e-05
01001111100111100010,16.938522067895008,9.765625e-05
11011100101111010000,11.455953672025263,9.765625e-05
11001101010011000011,14.55688964327316,9.765625e-05
11110100110000010101,5.8052681235216905,9.765625e-05
11010100010100000101,6.575709062068331,9.765625e-05
11100111111101010111,17.405027731539484,9.765625e-05
01010111011101111100,18.141081839104302,9.765625e-05
00111110100010000001,18.997783825940303,9.765625e-05
01001100010000100010,12.15676867311844,9.765625e-05
01010101011110101110,43.318572835427815,9.765625e-05
01011011111001000101,15.748543813478971,9.765625e-05
01110111001100000011,25.269695330400012,9.765625e-05
01111001011011011010,15.537588758501187,9.765625e-05
11011001111001000111,14.72847223998195,9.765625e-05
11111000011010000110,14.90054438406733,9.765625e-05
00011011011001010000,18.85939527334378,9.765625e-05
10000000010001000001,38.044074031448496,9.765625e-05
11111001100100110010,17.984366477728695,9.765625e-05
11101100001010111001,17.24864957214671,9.765625e-05
11001101010100010100,11.19972211269247,9.765625e-05
11111100111010011011,9.986084621727233,9.765625e-05
01100100000010001001,20.447027179979415,9.765625e-05
00110011000111101100,19.326456653547506,9.765625e-05
01111100111111001110,12.982191866602747,9.765625e-05
01011011011011100001,14.984118730377356,9.765625e-05
10011101111101000001,10.64422246101792,9.765625e-05
10010111001101111110,20.869831178815723,9.765625e-05
00111101011111110110,11.471804250870672,9.765625e-05
00111100001110010100,12.740341223889239,9.765625e-05
01010100010100011100,15.25525122011036,9.765625e-05
11011001100011011100,18.139174445370625,9.765625e-05
10010010011000101000,21.19564029333672,9.765625e-05
11011100100001011001,12.449674316262653,9.765625e-05
11111000100110001110,17.431992874974565,9.765625e-05
00111100001110101001,12.731549946254454,9.765625e-05
11000011110100000011,19.88518153442827,9.765625e-05
00011111110110111011,16.786666397754672,9.765625e-05
00110101010101001110,14.475488813500087,9.765625e-05
11011100011101001111,11.701032781248529,9.765625e-05
01011011111010110000,17.111332751177557,9.765625e-05
11000110001111011100,17.05513935514494,9.765625e-05
11011001010001001100,13.346352293293819,9.765625e-05
11101110100000000010,33.22550221931081,9.765625e-05
11110110101111001000,16.363908500475063,9.765625e-05
11010001010011100101,14.590181321383723,9.765625e-05
11110000100000111000,11.389466560946182,9.765625e-05
11111100101010110010,13.885196738477322,9.765625e-05
01001101110000001010,21.767341237714547,9.765625e-05
10110001001100000011,16.57689720114189,9.765625e-05
11101100000100010101,24.554461843524265,9.765625e-05
11001001000010001100,14.917260368883131,9.765625e-05
11011100001101001101,12.693867188690982,9.765625e-05
11010001010011011111,19.46502031834647,9.765625e-05
11010001010101011001,13.147213057115346,9.765625e-05
01010110011001010101,13.67348402687838,9.765625e-05
01011111010111110001,11.912783894808506,9.765625e-05
11111010100101110000,34.956759949323605,9.765625e-05
11010000010000101000,9.473809707916635,0.0001953125
10001001111000101001,26.07455560248294,9.765625e-05
11001101110101011101,11.403839592465921,9.765625e-05
01001110111001001011,20.618944944719875,9.765625e-05
11000101010000101100,14.226748768873373,9.765625e-05
11001011000110111100,19.69931463724999,9.765625e-05
01010011010011111101,17.528090622265776,9.765625e-05
11111101101010101101,27.946457282661243,9.765625e-05
11110011100111100111,19.92406129514433,9.765625e-05
11110101101001010001,18.75574871708268,9.765625e-05
01010110110110101110,25.116156837601544,9.765625e-05
10100111000001001011,25.933801671558797,9.765625e-05
00110011111110100001,18.53751776685847,9.765625e-05
01111001110010010100,12.729642552520769,9.765625e-05
00010110101001010101,23.117181526111093,9.765625e-05
11011011010111001000,18.776351029925742,9.765625e-05
01110100000101001010,15.512940660427645,9.765625e-05
10010111110110111100,16.48724152575623,9.765625e-05
11011111011111111010,16.1244814023584,9.765625e-05
11001011101111111010,21.138858601902992,9.765625e-05
00110111101101011010,15.635749013292063,9.765625e-05
11010100000100000001,9.534682475429086,9.765625e-05
00100101100011001001,22.554479659219187,9.765625e-05
01011100010001011111,13.67348402687838,9.765625e-05
01011001000100100011,19.930065282220518,9.765625e-05
10010001011001100101,20.378393155849956,9.765625e-05
01100110101000110010,19.733610810247924,9.765625e-05
01100100001101010001,14.438686149514881,9.765625e-05
01001100000100011010,14.055424301104933,9.765625e-05
01001000010000001010,20.60551936847363,9.765625e-05
11101100111100111001,15.164946470998842,9.765625e-05
10000111100011000101,15.91176690589462,9.765625e-05
10110111111001101101,17.21802412935257,9.765625e-05
11100001001010101001,23.15141812413666,9.765625e-05
11100111110100001001,18.98244660080832,9.765625e-05
01110010100110001010,16.550888806373322,9.765625e-05
11000011100000101011,19.39572654463488,9.765625e-05
01100100010001001110,18.65433127985797,9.765625e-05
11010010110011110000,16.374636524221657,9.765625e-05
11100101111001101001,16.18402903708499,9.765625e-05
11100111111101010010,16.34299180216668,9.765625e-05
11011000001100100100,12.833095582258483,9.765625e-05
11010110111101011100,12.5371171640652,9.765625e-05
10010110010000111101,19.471294341600853,9.765625e-05
11001110101111001000,16.74034122388923,0.0001953125
01101010110111100000,35.627726536317695,9.765625e-05
11010110110001110000,11.586709635715415,9.765625e-05
01010011010110100111,18.160661537006312,9.765625e-05
00011110011001000100,18.74968124206886,9.765625e-05
10111101111001000001,14.043778468730238,9.765625e-05
11010011110100011100,8.958899711695507,9.765625e-05
00111111110111000100,15.960331979012743,9.765625e-05
01111101000111010000,18.937645604264226,9.765625e-05
00111000000000000000,17.519320360211093,9.765625e-05
11001111110011100000,14.535938074574545,9.765625e-05
01011011100110010010,19.602647133833838,9.765625e-05
01110000000011010000,16.002395650221032,9.765625e-05
01110001111010100100,21.617025067799496,9.765625e-05
11110101110101001010,13.892662246872206,9.765625e-05
00101001001000101100,22.547822811448086,9.765625e-05
11111101010001111000,22.919784050360754,9.765625e-05
10010111010011111111,19.349710886264837,9.765625e-05
01100001010100000110,15.138223458526326,9.765625e-05
01011000101010001000,24.228287534677595,9.765625e-05
00110110000100110000,16.991237144022037,9.765625e-05
11111000111000101011,11.645597776258132,9.765625e-05
01100011000001000010,17.730593539365067,9.765625e-05
01111101110110001110,18.91362350160777,9.765625e-05
01110101011111000100,15.913623501607773,9.765625e-05
01100111001100111000,20.7647636350717,9.765625e-05
01010011010100000100,8.91499881684798,9.765625e-05
00110100001000011111,20.424171221836925,9.765625e-05
01110110010011101001,17.049990364420946,0.0001953125
00110110011100101000,16.18122843054196,9.765625e-05
10110001100110001110,18.750098506913503,9.765625e-05
10011001010011100000,15.182637499947216,9.765625e-05
10011101010101111100,13.634560874218502,9.765625e-05
00110001000101010011,17.569232756974912,9.765625e-05
11010011001101100100,16.44330503693723,9.765625e-05
11110001111100000100,6.960756307408657,9.765625e-05
00001101000011110001,14.819367674419624,9.765625e-05
01101110101100101000,20.988673689708264,9.765625e-05
11010011110110110100,11.885181534428266,9.765625e-05
00011111101001101001,20.445547216898465,9.765625e-05
10011000101000000001,19.273054999978886,9.765625e-05
00011011101010000001,18.2210022260253,9.765625e-05
01111000100110110000,15.474104634180843,9.765625e-05
11010100100110011101,16.12850961570406,9.765625e-05
10010001111101010000,22.489676214392343,9.765625e-05
01001010100010100110,22.89239865942741,9.765625e-05
00011000000010001100,22.993376906393944,9.765625e-05
01101101011110000011,14.517648660704364,9.765625e-05
11001100000000000111,15.48481652315707,9.765625e-05
11111100101101101110,12.554082795136782,9.765625e-05
01110001000101000010,14.82210852048642,9.765625e-05
10101101111010001010,19.69822248866854,9.765625e-05
10000111100010001010,19.904199067037613,9.765625e-05
00001101010011010101,16.717378680132555,9.765625e-05
11001110101100111010,16.791708595724423,9.765625e-05
00010011100100000000,14.046708477404975,9.765625e-05
10011001000011100010,17.880125628283253,9.765625e-05
01001111000111001000,14.353746261128798,9.765625e-05
01101100101010110001,14.846926114826731,9.765625e-05
01111100110111110010,8.846878321096,9.765625e-05
10010111100011000111,20.995685724469165,9.765625e-05
01110011011001001101,13.31702326736146,9.765625e-05
11011100101000100101,14.769213771897817,9.765625e-05
01010111010100011001,14.328965229352743,9.765625e-05
00111001001010110010,17.49009366474086,9.765625e-05
00001010110000101100,40.85731121143832,9.765625e-05
10011101110010010111,18.444284641738584,9.765625e-05
10111100111000111010,13.899651171257977,9.765625e-05
00001110101010000010,19.804538361276347,9.765625e-05
10110111010100000111,24.7754454210569,9.765625e-05
11011100010100111100,7.731228377634656,9.765625e-05
01100101010000010110,13.233573420737216,9.765625e-05
00011101000110011000,18.39199368686741,9.765625e-05
00010111001001010111,20.61230872063325,9.765625e-05
01001101000110000000,16.086876514485034,9.765625e-05
11011100110000001110,13.340892536212168,9.765625e-05
11001011001111011000,21.821273081712015,9.765625e-05
01100101010000010100,11.706185303543332,9.765625e-05
01111001011000011110,13.39477284776804,9.765625e-05
11110100010010100010,15.204094368988667,9.765625e-05
11011110011110111000,11.354667074046702,9.765625e-05
11110100010100001001,7.937932215366592,9.765625e-05
00111000000110100011,19.84593086582251,9.765625e-05
00010011000101011001,18.04184463978103,9.765625e-05
01101100100101000000,13.346519362965495,9.765625e-05
00100011100010011110,24.97452097370236,9.765625e-05
10111011110101101000,30.782873779510965,9.765625e-05
11010001000011100100,18.011229508681524,9.765625e-05
00111001001011001001,18.5528938341053,9.765625e-05
00110110011010101000,18.718287820572215,9.765625e-05
11000110011000101001,16.32926432364181,9.765625e-05
00011011101110000000,16.128536258059647,9.765625e-05
00010111110011010001,15.283897749837443,9.765625e-05
11010011110000000011,15.48723881573369,9.765625e-05
10010010011100110101,35.98924554103788,9.765625e-05
01100011001010110010,20.981648644070006,9.765625e-05
00111101101101101001,14.309105917998975,9.765625e-05
00000111000010011101,17.87637059045231,9.765625e-05
01001110001011100010,16.038879859092738,9.765625e-05
11111100111101111011,7.138858601902991,9.765625e-05
01110001011110011000,18.54233903449653,9.765625e-05
00101101101011010011,14.675924233526596,9.765625e-05
01000110001011000100,18.24705125300631,9.765625e-05
01100000100010000100,20.60882062756351,9.765625e-05
11010010000000111001,15.583899343135428,9.765625e-05
10111100101000110111,15.763881136987631,9.765625e-05
11000011111000110010,19.189710840723524,9.765625e-05
01111110011001111010,17.871751790157166,9.765625e-05
01110011101101110000,18.444284641738587,9.765625e-05
11000100000000111001,12.917191156541653,9.765625e-05
01110010110011000010,15.252031617679643,9.765625e-05
01100001000001000110,13.64369038252445,9.765625e-05
01110011100000111100,19.638127571399416,9.765625e-05
00101100000000000111,21.69177344074857,9.765625e-05
01110011001001010010,18.467163797793056,9.765625e-05
00111111011110011000,17.361213755964968,9.765625e-05
01111101001101100111,15.642790291667708,9.765625e-05
01110101100100111100,26.920689659229602,9.765625e-05
01101000101010110000,20.38283024973236,9.765625e-05
11100100111101010010,14.166771200611564,9.765625e-05
10111101101100001010,18.172508144549884,9.765625e-05
11110001010110000101,12.781913841050777,9.765625e-05
11110001110101100001,10.068445938877687,9.765625e-05
01000101000001100111,25.850113763620165,9.765625e-05
11010001110000000101,10.538321965190134,9.765625e-05
01111000001011110000,16.3107280715054,9.765625e-05
00001000100110010111,48.82058309230282,9.765625e-05
01111001111110110101,15.088318674979284,9.765625e-05
10110101010011111000,19.045390936199706,9.765625e-05
11001101101000001010,22.280696540501147,9.765625e-05
00101010000000111011,47.58579778525321,9.765625e-05
10011000101101001000,24.092712806231866,9.765625e-05
10000111100011011001,15.101493674248445,9.765625e-05
10111100111100001010,12.18122843054196,9.765625e-05
00110011001100000110,15.734299754776952,9.765625e-05
00110001000001111000,21.228832830778824,9.765625e-05
11110000101011100111,21.72060623755719,9.765625e-05
11010110100100110111,16.18470301173668,9.765625e-05
01110010101000001000,15.162059755891244,9.765625e-05
01011010100110010101,19.885181534428266,9.765625e-05
11000011010001001001,15.271773787166165,9.765625e-05
01001110001011111111,19.138858601902992,9.765625e-05
10100101100000001001,17.300414690117766,9.765625e-05
11001111110110111100,12.327060545641599,9.765625e-05
11100100001111001110,20.791594065503038,9.765625e-05
11001101110010101001,16.540952145154744,9.765625e-05
01100111111011000111,17.045084680392357,9.765625e-05
01001111010100001001,17.585813712883528,9.765625e-05
01100001100001000110,14.7352053636458,9.765625e-05
00110011001001101010,19.606286623594883,9.765625e-05
01010010100010100111,27.17606342506046,9.765625e-05
11000011001000000101,16.98088565494063,9.765625e-05
10011100001100011000,13.597662121364515,9.765625e-05
01011000001110001100,19.43240751733352,9.765625e-05
11011001100110101100,17.04580631297973,9.765625e-05
10011111111111001011,15.349710886264845,9.765625e-05
01110011110001101001,16.552893834105298,9.765625e-05
11101001001011111110,19.356475876029123,9.765625e-05
01111100111101000111,6.845873091787563,9.765625e-05
10000010100100101001,35.45342654610403,9.765625e-05
01111100111000010110,7.471294341600855,9.765625e-05
11100101110001101101,13.228832830778824,9.765625e-05
11011110100111110100,15.871761476194118,9.765625e-05
00011100000100010111,13.899651171257977,9.765625e-05
00111111111110000001,13.13600030845221,9.765625e-05
01011011001100010010,19.984366477728695,9.765625e-05
00111011101011011111,22.925853140808123,9.765625e-05
11101101101100101001,19.32898115698305,9.765625e-05
00111100000100100000,11.484816523157072,9.765625e-05
11101001001000010000,22.04111902392436,9.765625e-05
01001101110001000101,13.091807197363016,9.765625e-05
00111011100110000101,21.960331979012743,9.765625e-05
01001001101010000101,22.666970963330115,9.765625e-05
10010001000010001000,19.070544774769893,9.765625e-05
00010011001000000000,15.645056011727705,9.765625e-05
01000100010100000000,14.362476233157826,9.765625e-05
11001101011001010100,8.988673689708262,9.765625e-05
10110100000101101101,16.71828782057222,9.765625e-05
10011001101010001101,22.587538832896474,9.765625e-05
10110100001010001011,19.27232876930435,9.765625e-05
10001101110011101100,16.916848436546715,9.765625e-05
11010110110100011100,8.547822811448082,9.765625e-05
10111001111000101000,15.897743777524294,9.765625e-05
01111101011101011101,11.463691203039632,9.765625e-05
01000101000101111010,27.506435824914025,9.765625e-05
11100100100010110000,13.686915550450715,9.765625e-05
00111100011100111010,12.879579597760955,9.765625e-05
00010111000001110100,18.630607820540398,9.765625e-05
01011010011011101000,17.161705597589776,9.765625e-05
01110011100111001111,18.011316672512972,9.765625e-05
11111100111101011010,8.310728071505402,9.765625e-05
11000001100000000000,12.136129710583916,9.765625e-05
10011101011101111001,12.05346141404486,9.765625e-05
11010100110000010001,7.449684002299609,9.765625e-05
01110110001111010000,13.498486227646993,9.765625e-05
01100111001011010110,15.997609045833144,9.765625e-05
00110011101000011100,18.245750373852413,9.765625e-05
10010111110101011101,12.04184463978103,9.765625e-05
11000111001001111110,17.269701484866154,9.765625e-05
11100111110001100000,18.17250814454988,9.765625e-05
11011111111000011101,20.363481549593473,9.765625e-05
10010111000000010100,22.73292879306547,9.765625e-05
00011111011110001101,12.576897201141893,9.765625e-05
00000111001011010110,20.42319462132536,9.765625e-05
00011101011111011011,17.434757360265113,9.765625e-05
00011111101101111000,17.594234904586536,9.765625e-05
01110111100110011111,21.487583423793247,9.765625e-05
00010111010001011101,13.664936877487266,9.765625e-05
10010011011000100110,21.170201225379103,9.765625e-05
10011100010010111001,13.899651171257975,9.765625e-05
11110001100100110101,12.740331537852281,9.765625e-05
11101101101100011011,17.624320470914867,9.765625e-05
10011101100001111000,17.564135913510377,9.765625e-05
01101101110010011101,17.876370590452314,0.0001953125
10001101001010100100,16.600219334084937,9.765625e-05
01111000000110110100,17.02759684236814,9.765625e-05
00011101000000000111,18.938889443804236,9.765625e-05
01010011101100010101,20.18402903708499,9.765625e-05
11001111111111011110,13.802983667841826,9.765625e-05
10110001001000100001,17.076161915486264,9.765625e-05
01100101000111110100,17.514848054161327,9.765625e-05
10010111010101101101,12.624748439644977,9.765625e-05
11110011111110001110,13.558456645230331,9.765625e-05
10011101100000110100,19.412370607086658,9.765625e-05
10110111001111110111,22.56360800379008,9.765625e-05
00010111001000110110,28.621877761384166,9.765625e-05
01100111110110001110,17.53082347446965,9.765625e-05
00010010000000010000,18.78740656961822,9.765625e-05
01100111010110001100,16.508174162534736,9.765625e-05
01110110110101000000,10.30882067777172,9.765625e-05
11110101010001011100,14.981830400191576,9.765625e-05
01111100101010010011,12.165466142592999,9.765625e-05
11010011101001011111,20.94712065135104,9.765625e-05
11011001010011111110,14.783821234784455,9.765625e-05
11100011001001101010,21.95387595507836,9.765625e-05
11011000100110000000,12.787406569618218,9.765625e-05
10111100100000101110,19.157450641633055,9.765625e-05
11001110100010011001,16.645635883951904,0.0001953125
11000111010001000111,16.087442211348502,9.765625e-05
00110100110000100001,13.62492592977467,9.765625e-05
11000111111110111000,17.023439569077556,9.765625e-05
11000101000000100000,18.63690310393332,9.765625e-05
11010110000110111000,13.241114617238637,9.765625e-05
01110110011001100001,15.423265612968073,9.765625e-05
10110001111000000011,14.113966277209101,9.765625e-05
11010010001000110000,17.06680494098801,9.765625e-05
01011010010001001000,18.56281629873662,9.765625e-05
11101101100001111110,14.956759949323597,9.765625e-05
11110000101001001010,14.735205363645802,9.765625e-05
01101101001010000100,17.66608128209157,9.765625e-05
11110100110111001100,11.03461129288432,9.765625e-05
01110010100000010011,16.470879699241898,9.765625e-05
11111100010010000111,17.285039444419212,9.765625e-05
11001001010001101001,17.102996835241374,9.765625e-05
11110100010000011001,8.965538743771688,9.765625e-05
00101101100100000110,14.737530931309244,9.765625e-05
01001011000010101001,19.50833154616945,9.765625e-05
01001110111010001011,19.165749309251755,9.765625e-05
10110101100111000111,15.068031296518734,9.765625e-05
01111000101010011111,19.64732216185002,9.765625e-05
11001101100011110011,14.970853258628184,9.765625e-05
10101111000111111000,33.272566841458556,9.765625e-05
11111110110110000001,24.19633475587785,9.765625e-05
11101100000010000000,22.022287845523742,9.765625e-05
00110011110011010011,19.086001236973807,9.765625e-05
11001100001101000011,14.640002081184164,9.765625e-05
11110001010001001011,14.37542668298763,9.765625e-05
10011011111100001010,21.332656240715572,9.765625e-05
11110010111010001100,14.0433866428888,9.765625e-05
00011110001011001001,14.576897201141893,9.765625e-05
01000111110001100001,18.141081839104302,9.765625e-05
01001101101000011101,22.65290806212364,9.765625e-05
01000010000010100101,24.5371171640652,9.765625e-05
11010111010110011011,16.99457680507295,9.765625e-05
10011110100010111000,18.745072127810666,9.765625e-05
01111101001100001000,26.289231293832756,9.765625e-05
11110000110000110101,10.670683420335347,9.765625e-05
11110111011101011001,17.502636535762978,9.765625e-05
11110000100100100010,10.49135967350453,9.765625e-05
11010011001011101010,23.910848813839074,9.765625e-05
00110001001000000100,13.760407290213974,9.765625e-05
00011101010011000000,12.517049122138989,9.765625e-05
10011100100100101111,15.720269650392215,9.765625e-05
01010011110101010000,13.295609350110015,0.0001953125
01011110100110011111,15.986084621727231,9.765625e-05
01010011110100010101,13.295609350110016,9.765625e-05
10111101001111000110,18.04634192304401,9.765625e-05
11110100100101111011,10.739971137957463,9.765625e-05
00111001011001010111,18.465974015213312,9.765625e-05
01111000100100111101,20.914991840833565,9.765625e-05
01011100000111111001,14.6810767558214,9.765625e-05
01001010101010100010,23.004030504894036,9.765625e-05
11011001101000100101,17.8406544694996,9.765625e-05
01001111011000100000,16.5446964682604,9.765625e-05
00011101010111010011,11.547362361799687,9.765625e-05
01110010110011111001,22.187191844460262,9.765625e-05
11110001011100111100,12.181228430541957,9.765625e-05
11001100001100001100,13.385358099234839,9.765625e-05
00011110010000101000,16.504881855060745,9.765625e-05
11011010101010100111,21.610169605555214,9.765625e-05
00001111101111001000,14.48724152575623,9.765625e-05
11100101110000101001,16.762327167134355,9.765625e-05
00011110111101001000,16.670683420335347,9.765625e-05
00111101111011110001,13.30215801846957,9.765625e-05
01110111101101010100,16.11223844717361,9.765625e-05
01010100101100100010,37.094766569255704,9.765625e-05
01011001000100110010,18.998772098930107,9.765625e-05
11100111100010010011,23.617568698758355,9.765625e-05
01111000011100101000,13.392276853526171,9.765625e-05
01110111110001011001,15.733351575922214,9.765625e-05
01110001110001110110,16.245669696172747,9.765625e-05
00001111100011010100,13.997786535962842,9.765625e-05
10011001011011101100,18.832305335955652,9.765625e-05
11011001110010110000,13.23081466059882,9.765625e-05
11110100101101000000,9.313898763980207,9.765625e-05
01000110000001010010,15.480692133815424,9.765625e-05
11011001000000100110,18.063699732983633,9.765625e-05
01111100101111000110,11.820180933130562,9.765625e-05
10110101110011101101,17.64440881522665,9.765625e-05
01010111010011100101,18.768757577401477,9.765625e-05
00011111010011100011,13.556763685585064,9.765625e-05
00000111011100010000,17.069608991974647,9.765625e-05
00111100110111100000,12.374636524221657,9.765625e-05
11001101001010001001,21.25280684543729,9.765625e-05
11100001001010010100,16.072400636061978,9.765625e-05
10000101001111011001,23.150460172117764,9.765625e-05
11001101000101110110,10.276256100551805,9.765625e-05
11010011110110001101,10.475488813500089,9.765625e-05
01001011000000001110,17.821627240013484,9.765625e-05
00111101100101110001,11.627732054329805,9.765625e-05
01110010101100111101,22.374636524221657,9.765625e-05
11010001010101111000,13.158583716694206,9.765625e-05
01001110011110110000,13.383468630412574,9.765625e-05
01010011101011001110,29.61178541909162,9.765625e-05
10110101100110111101,19.451768064205066,9.765625e-05
00011100000111101010,17.596063078642867,9.765625e-05
00111001011000100000,12.638094687450485,9.765625e-05
11001110100000111101,18.22797772566325,9.765625e-05
11000110101000100111,23.186900548143534,9.765625e-05
01101101000101110011,15.199769477109221,9.765625e-05
00101101011000011101,20.916906210581665,9.765625e-05
01010010100100010010,19.229796213682622,9.765625e-05
11011000001001001010,17.897743777524298,9.765625e-05
00001111100000111101,20.614316164120513,9.765625e-05
11111100111100100110,7.523690864237709,9.765625e-05
10111101011010100111,18.586336839761103,9.765625e-05
11110001001111110100,17.310660611433498,9.765625e-05
11101100101111011111,18.561479298330244,9.765625e-05
10010101010001110100,15.363664372231382,9.765625e-05
11010110001100001111,18.661963134343274,9.765625e-05
11000101110010101111,27.170516541565732,9.765625e-05
11011001011111001111,17.13481750188688,9.765625e-05
01001111100011110000,14.89936800459921,9.765625e-05
00011100100110000010,15.358689340066281,9.765625e-05
10110111011010101100,24.040724782327636,9.765625e-05
01010100011000111011,30.073399623777064,9.765625e-05
00110110101100000001,11.332656240715574,9.765625e-05
10011111111111100100,15.390605888440502,9.765625e-05
01110011001110001110,17.864881672781017,9.765625e-05
00010100100010110001,31.139228687834766,9.765625e-05
01001101011001100100,11.860728753019163,9.765625e-05
10011011011010101010,19.407918701799137,9.765625e-05
11000101010000001100,12.624688777545408,9.765625e-05
00011100000101001010,14.18122843054196,9.765625e-05
11000101110001000011,16.18402903708499,9.765625e-05
00011100000101110111,16.575948935159953,9.765625e-05
00111101011001100010,11.253333416758478,9.765625e-05
10100000111110000010,40.958112175415216,9.765625e-05
11000101100001110000,14.322705245664045,9.765625e-05
01110001101100010101,16.40821435164459,9.765625e-05
00001101010110010010,16.77356209586096,9.765625e-05
01001110000100011011,18.051110847532016,9.765625e-05
00111000101111110111,33.06714173529305,9.765625e-05
11011111110011000010,23.909069451361987,9.765625e-05
11110000010100000001,10.800537219600258,9.765625e-05
00000101101000110001,35.055560249937066,9.765625e-05
01011111110111110011,14.866939484974818,9.765625e-05
00010111010100000101,11.183075340218153,9.765625e-05
01110101010110010101,13.876360904415357,9.765625e-05
00001110101000000010,20.427698059054492,9.765625e-05
01111100100110101111,17.087371219705794,9.765625e-05
11100100001001010001,13.52369086423771,9.765625e-05
01011101100101100000,23.940154728986663,9.765625e-05
11100100101010010101,15.907076819689506,9.765625e-05
01101111101111011110,14.91261057270367,9.765625e-05
11110011111111101110,15.538310635646988,9.765625e-05
00110011001010000001,15.960331979012743,9.765625e-05
01001101100010001010,28.829045912430598,9.765625e-05
00011011001100000100,17.056106269619548,9.765625e-05
11011011001110011100,20.172508144549887,9.765625e-05
01101101011011110111,12.184606406426713,9.765625e-05
01100111001001000000,18.415862868181264,9.765625e-05
01001111000111110100,10.899368004599216,9.765625e-05
00110011000010100100,18.533950737582266,9.765625e-05
01111001111011100010,14.671194064026228,9.765625e-05
11110100110100010011,4.252382429914179,9.765625e-05
11001100000010100011,13.664798317009273,9.765625e-05
10110100001011001010,20.005138482729123,9.765625e-05
01000011000111110000,19.04449148179701,9.765625e-05
01000111011000011101,15.677328694004874,9.765625e-05
11001011100011111110,17.35647587602912,9.765625e-05
01111011101010110010,21.834688971921302,9.765625e-05
01010011011000000100,12.138281966982337,9.765625e-05
00010101110110010111,30.824840845409284,9.765625e-05
10001101100100100110,15.625911492741938,9.765625e-05
11000111001101111100,12.614316164120513,9.765625e-05
11011111000111110110,22.147434260078114,9.765625e-05
01110011100000100010,22.413926329209517,9.765625e-05
11001110101110100000,15.90839987890687,9.765625e-05
11010110010011111010,15.490042132299262,9.765625e-05
11111010100011101110,28.1312338105593,9.765625e-05
01100001011000100010,18.202241217719124,9.765625e-05
00110100011100010011,12.090242730764336,9.765625e-05
01111000010000100011,12.36026276912067,9.765625e-05
10010110101111010010,22.73613615686792,9.765625e-05
00000010110110000111,53.00822496595345,9.765625e-05
01001011011110100001,19.651276135453056,9.765625e-05
01110010111000000101,13.337265354973763,9.765625e-05
11011100001110110010,11.876447012979922,9.765625e-05
11101101110000110110,13.772678656215763,9.765625e-05
01011001111101000001,17.62128282090596,9.765625e-05
00011011001001110111,23.592753003732135,9.765625e-05
01000100001010000011,30.407257123206943,9.765625e-05
11011011111010011000,16.661963134343267,9.765625e-05
01010010001101100001,22.680961207751505,9.765625e-05
10011001101101000010,18.193362813671268,9.765625e-05
00111101101100111000,18.170618664887797,9.765625e-05
01111100110101011011,9.314418359286979,9.765625e-05
00101101010001010000,16.871148720020983,9.765625e-05
10001101101001101111,19.102795287823408,9.765625e-05
11011100010010000001,10.248075941515857,9.765625e-05
11001101011101111101,11.219411117071031,9.765625e-05
01011110010010001000,13.955193496283627,9.765625e-05
11001100100010110000,9.76631208691288,9.765625e-05
01100100100010010101,18.02524463234911,9.765625e-05
11001100011000100000,9.142583982248725,9.765625e-05
10010110101111010110,26.31058961979079,9.765625e-05
10010011000011100100,17.768429767188334,9.765625e-05
10111101110100000010,16.172508144549887,9.765625e-05
11001001110110001100,16.45528938341053,9.765625e-05
11100100001000110100,13.731228377634656,9.765625e-05
01110100010000010110,10.072400636061975,9.765625e-05
00111010101000010010,24.740331537852278,9.765625e-05
11110101110001100100,14.404508870653775,9.765625e-05
11001100001010111000,11.76631208691288,9.765625e-05
01111111110110001111,19.108290726003737,9.765625e-05
00011011000100011000,20.558207184478427,9.765625e-05
00111100001011010111,14.135929316809506,9.765625e-05
11110000111000010000,6.833164060178894,9.765625e-05
01011000101011101010,32.12474032622501,9.765625e-05
10010011101000011101,21.228832830778828,9.765625e-05
00011111011110000011,11.91557898333944,9.765625e-05
00110001000000001110,17.959449186661413,9.765625e-05
01111101011010001111,20.310657901410963,9.765625e-05
00101100100001000011,17.885181534428266,9.765625e-05
10101101000011000001,24.86236097395701,9.765625e-05
11010110110100111000,8.510502440220721,9.765625e-05
00011111011110111011,15.078646678561665,9.765625e-05
11111101010110101111,19.60078782809815,9.765625e-05
00111101010111100100,12.470879699241896,9.765625e-05
10000111011000011000,18.086870272891684,9.765625e-05
11110000011011010011,18.53751776685848,9.765625e-05
01111100110110111101,12.80018306129879,9.765625e-05
01001111100010001010,22.810827490203117,9.765625e-05
01111100011110111110,11.276491473479837,0.0001953125
00111101001101011110,13.710521231446984,9.765625e-05
01010011000111000101,14.5528938341053,9.765625e-05
11100110110000101010,18.69386718869098,9.765625e-05
10010110011000101101,20.075210928641965,9.765625e-05
01101101001011111110,16.64654178708802,0.0001953125
01111100111110001010,11.233434969022603,9.765625e-05
01111010101111101000,21.978543425225812,9.765625e-05
11100111110010001010,20.30203602166627,9.765625e-05
00101101101110011110,19.976596171528783,9.765625e-05
01010110010110100001,12.73154994625445,9.765625e-05
01000011001100110100,19.309192750144785,9.765625e-05
00111101110101101111,13.772399042763999,9.765625e-05
10110101110110101101,17.003281887015973,9.765625e-05
01100101100100010000,15.220062704519183,9.765625e-05
01100011101101100110,21.02243807847999,9.765625e-05
01111001100111001000,20.338216341818065,9.765625e-05
11010001111100101011,25.624903760551017,9.765625e-05
11110101010101010110,11.95387595507836,9.765625e-05
01010011101000011101,23.739377840985437,9.765625e-05
11011100011100101110,10.645976824645613,9.765625e-05
00000111000110010101,16.252382429914178,9.765625e-05
10101101000101101011,22.315449289389882,9.765625e-05
01100100010100001110,18.51730564644216,9.765625e-05
11011100100001000111,15.076161915486267,9.765625e-05
11110001101100000100,11.267181334959343,9.765625e-05
10000101100001100111,21.38532624397423,9.765625e-05
11110110110100011110,13.702954127011038,9.765625e-05
10011101010100011101,15.780766813960788,9.765625e-05
01001101000110010001,14.654130777320166,9.765625e-05
11110001010111111101,17.17123497426793,9.765625e-05
10101111001001101011,31.253393987943166,9.765625e-05
01110111111100101101,19.531139710581215,9.765625e-05
11111101011111010110,14.2696243387573,9.765625e-05
00110011000110000000,14.35738575088984,9.765625e-05
01011011111000100101,17.002411588691153,9.765625e-05
10110101011101001100,13.431992874974561,9.765625e-05
00011111011110000101,11.423265612968075,9.765625e-05
11000101000101011010,14.886173338988884,9.765625e-05
01110011010110110101,16.06915279747831,9.765625e-05
01100001000001000010,14.729642552520769,9.765625e-05
10000010100100111110,44.263708740205914,9.765625e-05
00111000101100100010,16.25272337060788,9.765625e-05
11110000000010010000,13.894933484944307,9.765625e-05
01001110100100110010,16.791708595724423,9.765625e-05
01100111110101001000,14.250475036180497,9.765625e-05
01010111010100010000,14.346236196306734,9.765625e-05
10011111110000101001,19.78897031263565,9.765625e-05
11101100111010111111,16.25641989998281,9.765625e-05
01111010110010011010,18.24783443575787,9.765625e-05
11010110000110010000,13.484469340870014,9.765625e-05
00110001001110001010,22.142410954411147,9.765625e-05
11001110101011011010,16.972947730151844,9.765625e-05
01001111011101010010,12.791487665392728,9.765625e-05
00110001110100000100,12.457694719668519,9.765625e-05
00011101010011000100,13.143841333663762,9.765625e-05
01001111100111110010,15.062368239749537,9.765625e-05
11001000000011000001,23.22698592110263,9.765625e-05
01011001010101011001,17.65865399015385,9.765625e-05
11011110111100111000,11.809966143494185,9.765625e-05
11011000110011111100,18.008363417668065,9.765625e-05
00000111000110001101,16.848764062047216,9.765625e-05
01001110101010110100,16.59167489471637,9.765625e-05
11011100111100100000,7.203486836560371,9.765625e-05
10000111000001010101,17.916896524544704,9.765625e-05
10100100001000011110,25.273054999978886,9.765625e-05
11011001011011100011,15.853356525093853,9.765625e-05
11101011101010000110,25.038209416011863,9.765625e-05
01111001111101001101,15.052989721232205,9.765625e-05
11110001000001011100,15.427384495137439,9.765625e-05
10010111000010010110,25.59798722155511,9.765625e-05
11001101110111011101,12.631484284171187,9.765625e-05
11110101011001011100,14.849166308346675,9.765625e-05
00001111111110111100,22.164914604898414,9.765625e-05
00010111000101101101,15.487475967962952,9.765625e-05
01110110111010100100,18.73649031516939,9.765625e-05
01001101111100010111,17.725941767993785,9.765625e-05
01110111000010100000,35.545706981409225,9.765625e-05
01110110100110010011,13.483873676810557,9.765625e-05
01101101101001110000,14.308909583486027,9.765625e-05
01110001010011011000,17.12522066513682,9.765625e-05
00001101001000110111,19.449998311477547,9.765625e-05
11001001001101001100,16.60325781643848,9.765625e-05
00110111010101000101,12.502463213658139,9.765625e-05
00101101010010110011,19.12257047705391,9.765625e-05
01110111110101010000,12.182785931966041,9.765625e-05
11001011010001001110,23.02348567063426,9.765625e-05
00011001001001100110,19.346666602471757,9.765625e-05
00111101000011101111,19.527249763446292,9.765625e-05
01110110110000110001,13.025393064367938,9.765625e-05
01010010010010000101,13.337265354973763,9.765625e-05
00011100011001100001,12.57806558674708,0.0001953125
10010111000011000011,21.302174767648147,9.765625e-05
11000110011010001110,19.536400619427624,9.765625e-05
01111100011100110000,5.809966143494188,9.765625e-05
10010110000100101011,16.84415494778903,9.765625e-05
01110100010010000000,12.562816298736621,9.765625e-05
10110111011110111100,21.423265612968073,9.765625e-05
11011101010101000001,13.597575289218703,9.765625e-05
01011110001001010101,16.457806823294806,9.765625e-05
01101100110010001000,16.119365637770123,9.765625e-05
11001001100001101100,13.095587848861218,9.765625e-05
10111101010001110110,21.165537134235702,9.765625e-05
11000011001011111000,16.73154994625445,9.765625e-05
01110110000011101000,22.776351029925745,9.765625e-05
01101001100011010110,16.112109681495955,9.765625e-05
00011011110000101000,17.897743777524294,9.765625e-05
01111100101111101001,16.331679640204015,9.765625e-05
01101101101100000100,14.323643738481834,9.765625e-05
10010110011100001000,14.78740656961822,9.765625e-05
00101100010111100111,31.86502928325158,9.765625e-05
11000111011000111000,14.83003771699121,9.765625e-05
10010101100101101001,16.791395315234816,9.765625e-05
00011011011011010110,19.9668415109902,9.765625e-05
00110011110100000110,14.475488813500087,9.765625e-05
01010110000010100110,26.199414997508832,9.765625e-05
01100111011110001010,19.148339683443094,0.0001953125
11011111100100010111,25.6532642939936,9.765625e-05
00010101100111011010,35.63479802644777,9.765625e-05
11000101110111111110,22.819281478727863,9.765625e-05
01011101010101000010,14.630607820540405,9.765625e-05
11001100101010100000,13.39634618969523,9.765625e-05
00110111101011000011,18.344883169893382,9.765625e-05
11010010010011000000,14.245750373852413,9.765625e-05
11110100001101100011,12.869831178815723,9.765625e-05
01110111110110010100,13.812336903629209,9.765625e-05
00111111101111011000,15.498476541610037,9.765625e-05
01011100011001100011,13.0015024482515,9.765625e-05
10100101001111000110,20.112109681495955,9.765625e-05
01111100001100111000,12.830037716991212,9.765625e-05
00110001010010000101,15.704341016352824,9.765625e-05
11000011001000000111,20.241141259594222,9.765625e-05
10010111111110101001,18.33167964020401,9.765625e-05
01111001011000100110,10.874566261601828,9.765625e-05
11010110100100000010,17.293833432076536,0.0001953125
11011100010010101000,11.30076187240482,9.765625e-05
10000111001111000001,17.356475876029123,9.765625e-05
10111101011010110111,18.80961925547439,9.765625e-05
00100101101000000101,19.35965625454088,9.765625e-05
10011101010110111000,14.614316164120511,9.765625e-05
11110110111101111110,15.377437130764687,9.765625e-05
01011000000100000000,11.87456625076201,9.765625e-05
10010101010111011000,15.811774945476605,9.765625e-05
11000110110100101100,14.696138426763085,9.765625e-05
01011101001101100110,21.774571591161276,9.765625e-05
10011001000010101111,21.273340974627207,9.765625e-05
01011110001100000011,15.984366477728695,9.765625e-05
10010011101010001010,23.111149743035764,9.765625e-05
11001001111110000000,16.611789038199284,9.765625e-05
11010110100001001111,18.822108520486424,9.765625e-05
11111100011011100011,11.675995225169306,9.765625e-05
00111111000111101001,19.768811906992813,9.765625e-05
10110101001101010100,14.316699370523242,9.765625e-05
01010011111100010101,17.11718152611109,9.765625e-05
00010101100101100110,30.535245375142818,9.765625e-05
01111001101100011100,17.31389876398021,9.765625e-05
11010001110010110110,21.124752809411703,9.765625e-05
11101011010110100110,34.75574871708268,9.765625e-05
00111100001011101101,18.358274697707326,9.765625e-05
00111001010101001010,18.005138482729123,9.765625e-05
11100110101010110100,19.6345608742185,9.765625e-05
11111100101011011011,13.986074935690278,9.765625e-05
00111110010111101000,21.53113971058121,9.765625e-05
10010001100000100001,18.06988600416726,9.765625e-05
10001101000110001110,18.737530931309244,9.765625e-05
11110010101010001001,17.09671821389983,9.765625e-05
01101001011011100000,15.645597776258132,9.765625e-05
11011100111100001010,11.168091538966571,9.765625e-05
01101001101010000110,14.736490315169393,9.765625e-05
00011111011100101011,15.476615832471765,9.765625e-05
11110010101000111101,19.15141812413666,9.765625e-05
11011110101001001010,23.149626278472876,9.765625e-05
01100111011101000010,15.423265612968073,9.765625e-05
01011110010001010101,14.786089028412956,9.765625e-05
00110001000100011110,20.002395650221032,9.765625e-05
11011000010011001011,17.76178375909774,9.765625e-05
00010011000001101000,17.143841333663758,9.765625e-05
11110010001101001010,22.82210852048642,9.765625e-05
11100001100000101010,16.201293762445633,9.765625e-05
01001111110010000011,17.60264713383384,9.765625e-05
01110010101111001000,18.92756565803117,9.765625e-05
11110000100011101100,17.830491310228396,9.765625e-05
01111100101111000111,11.002305286504415,9.765625e-05
01111101111001111100,17.472245328445155,9.765625e-05
10111101101101111111,14.016823011332114,9.765625e-05
01011011110000000000,16.20135851249499,9.765625e-05
01001110001101100010,17.29445859514898,9.765625e-05
11001100011110111100,14.153952138945105,9.765625e-05
00010110000011000110,21.269512235131014,9.765625e-05
00101111111010101110,20.840541191298442,9.765625e-05
11110100110000101110,12.800537219600258,9.765625e-05
11010001000100000011,18.071495027193127,9.765625e-05
10011111110110011101,17.599830599660496,9.765625e-05
11001001011101110000,17.47025894920584,9.765625e-05
00110011100101110011,21.726618648558603,9.765625e-05
11011001011010110101,13.46527776257458,9.765625e-05
00101101100010111101,23.514848054161327,9.765625e-05
11110110011101101111,18.671212788806276,9.765625e-05
00110011110001001010,14.555308856400242,9.765625e-05
11010111001100010000,24.0408358572656,9.765625e-05
00101000111000100011,35.51799304584167,9.765625e-05
10110101100111011011,16.48008678371901,9.765625e-05
01101001001101001010,19.15141812413666,9.765625e-05
11111111100111010000,32.89283910054785,9.765625e-05
00001101010110000100,15.211038736947256,9.765625e-05
01101001100010000001,19.996832839096,9.765625e-05
11100101100011110011,18.94689172715642,9.765625e-05
10000000000011010110,43.55807841880077,9.765625e-05
11000100000001011010,14.132627763452358,9.765625e-05
10111101010001101111,20.17699754271333,9.765625e-05
00011011110111000010,17.25403935543416,9.765625e-05
11100001010011000011,20.585202844775008,9.765625e-05
00110011110010001000,13.420856363335162,9.765625e-05
00011111100110100100,17.46256781401543,9.765625e-05
01101100111110101010,18.805428042514894,9.765625e-05
01001101100000110000,19.43521958921474,9.765625e-05
00111101000100110110,15.984366477728695,9.765625e-05
10110100000100000100,14.917260368883134,9.765625e-05
11000011100010011010,16.509069350945566,9.765625e-05
01111111001111111111,19.186758015531268,9.765625e-05
11011100000101101011,12.039795241125747,9.765625e-05
11100101111001010000,9.67732869400487,9.765625e-05
00010111110111010101,14.660747738096262,9.765625e-05
10100001111100111011,36.90522116553748,9.765625e-05
10010011110100101011,18.84587309178756,9.765625e-05
10010111110101010010,15.356475876029121,9.765625e-05
10011100001011011010,18.73154994625445,9.765625e-05
11010011111111000000,14.113966277209101,9.765625e-05
10111001001111110011,23.3334610762496,9.765625e-05
00111000001000000100,17.927554083929596,9.765625e-05
11100101110001110101,10.386286182434418,9.765625e-05
01010110011101010101,12.717378680132557,9.765625e-05
00111101100001000111,14.034994167109872,9.765625e-05
11011100010000010010,10.64598930783231,9.765625e-05
10000111101000100001,20.67924306375297,9.765625e-05
01111001011101101100,14.442286590021027,9.765625e-05
11010011000000111001,18.363481549593466,9.765625e-05
11001100111010000110,15.020354016574533,9.765625e-05
11000001010110010101,20.247998708279802,9.765625e-05
11100001000001111101,19.24985185954934,9.765625e-05
01010110000100100110,20.871148720020987,9.765625e-05
01011001101101001101,24.130874134245737,9.765625e-05
01110011011101101110,16.34561908660487,9.765625e-05
00100100100000100010,21.88954652044278,9.765625e-05
01100100011010011011,22.787436792212457,9.765625e-05
11011101011110011000,16.769868363635773,9.765625e-05
01111100011000010111,6.844154947789027,9.765625e-05
11010111010111110101,11.703881475789553,9.765625e-05
01100001100111000100,19.030840327423075,9.765625e-05
01111001000101100001,19.204951253405476,9.765625e-05
01011010000011101110,21.609164376246774,9.765625e-05
11110011101000001001,20.507368897686725,9.765625e-05
11110110111010101001,15.622654691702566,9.765625e-05
00111111010001000101,25.278348890741256,9.765625e-05
11001100101111101100,16.989657473374297,9.765625e-05
01101100110100011010,14.952243734140517,9.765625e-05
10110100001001011001,15.16395746358797,9.765625e-05
01100011110000101100,16.293769416448235,9.765625e-05
11001101011001100100,9.268968718331013,9.765625e-05
01011010011000001011,17.332656240715572,9.765625e-05
00111111111100010110,16.55688964327316,9.765625e-05
01110101001101110100,19.207929350078203,9.765625e-05
11110011000001111101,23.60950540406768,9.765625e-05
00011110101000100001,17.550343695775965,9.765625e-05
10011100001110111000,14.049543660070977,9.765625e-05
01111010011010001000,17.294720403292537,9.765625e-05
01100011100000001001,18.914651634560926,9.765625e-05
11011101110101100101,9.697528124094438,9.765625e-05
01011110111001001101,16.654321593821013,9.765625e-05
11111110000110110001,30.927035838610067,9.765625e-05
00110011111110001000,14.927565658031169,0.0001953125
01011111111100101110,22.752627483480975,9.765625e-05
10001101000100010011,18.45282108724423,9.765625e-05
11110100011001101100,13.33863098417702,9.765625e-05
01011110010001110011,14.43929546124441,9.765625e-05
10011100110000101111,17.05513935514494,9.765625e-05
01111101101100110101,17.2631424068884,9.765625e-05
11110001101101101100,14.587538832896474,9.765625e-05
10011101010001001000,15.91152975366536,9.765625e-05
01001111010110010110,12.039795241125741,9.765625e-05
11011110100101100110,20.47759243298333,9.765625e-05
01110010110110001100,14.718752879147587,9.765625e-05
00011111010111001000,10.82025192477327,9.765625e-05
11110000111001010110,14.067257799804128,9.765625e-05
00110100001101110010,16.755373026011608,9.765625e-05
11100101001001110010,16.899368004599214,9.765625e-05
01100111011011101101,19.537588758501183,9.765625e-05
01111000001110001100,16.293769416448242,9.765625e-05
10100111101000101101,22.66196313434327,9.765625e-05
01111100110010010110,9.698222488668542,9.765625e-05
11011100110010010001,8.055203370773237,9.765625e-05
00110000000001100000,19.03220595662633,9.765625e-05
10010111010001110001,15.604798655811187,9.765625e-05
01110101011001110100,17.47224532844515,9.765625e-05
01011110001100111010,17.007209218263423,9.765625e-05
11110011110110011100,12.922061355362148,9.765625e-05
11111110110110010110,23.46561879039549,9.765625e-05
10001101010011000010,15.997786535962842,9.765625e-05
01011110001110001001,14.110391537497417,9.765625e-05
10001111000001110101,25.20659485255431,9.765625e-05
01011011000010001110,20.238315773805,9.765625e-05
01100101001101101000,22.58389934313543,9.765625e-05
00101101001111101001,18.09023928632073,9.765625e-05
11000100110011101100,21.72055905864432,9.765625e-05
11000001001001101101,20.207158475849287,9.765625e-05
10011100000010010010,16.745072127810666,9.765625e-05
11110101101101100110,19.79461129855787,9.765625e-05
00010011000001001000,13.92151261481731,9.765625e-05
11001100110000000101,12.298198418091047,9.765625e-05
11011000101000110100,14.223552168464046,9.765625e-05
01011001110110001100,19.006513797969333,9.765625e-05
11111001001100101100,19.362531297170232,9.765625e-05
01111000011000100000,9.288173721374273,9.765625e-05
11010001110011000001,15.915717249550177,9.765625e-05
00001111100010001000,16.628703136829262,9.765625e-05
01010010100110001000,18.302148761746608,9.765625e-05
01011111010111111101,11.70388147578955,9.765625e-05
10111100011111111010,17.801120830535325,9.765625e-05
10010111111000111101,20.141081839104302,9.765625e-05
01100111010110010001,16.668148398518206,9.765625e-05
01011011010001100000,16.203727520360438,9.765625e-05
11001100100110011000,11.67754962433657,9.765625e-05
01000011001010010100,15.226985921102631,9.765625e-05
01011100001010010000,15.487626815737059,9.765625e-05
11100111101111100111,20.793466159532503,9.765625e-05
01101110111100101000,20.78455370705234,9.765625e-05
10001101000111110111,17.745643255559038,9.765625e-05
11100101011000110110,15.058013663353226,9.765625e-05
10110001001011111100,24.1139662772091,9.765625e-05
00111111101101101100,18.333607227559874,9.765625e-05
01100001100000011001,21.465293690204888,9.765625e-05
01100110000110000110,19.334994116901658,9.765625e-05
11001100100111110011,14.236120136712234,9.765625e-05
10011111100110001011,20.20284781942611,9.765625e-05
11000100000001100101,13.938185295226155,9.765625e-05
01111000011001001001,16.367961898174002,9.765625e-05
11100111101100011010,19.237856798350755,9.765625e-05
01001010110110000111,32.5608790253438,9.765625e-05
01011001000100010111,17.299444331199556,9.765625e-05
11010010000011111010,20.643673720473082,9.765625e-05
01110110111010011110,17.170196861010556,9.765625e-05
11010011110011010111,15.999327189831682,9.765625e-05
01100101011011011000,19.569945562901623,9.765625e-05
10110101011011111001,19.346968053756754,9.765625e-05
01110110111010011011,15.45805899406925,9.765625e-05
01100101010100000011,16.36026276912067,9.765625e-05
10000111100100011001,15.513017082955255,9.765625e-05
01000111100101110110,19.470038018874142,9.765625e-05
10011101110110110110,16.447156152797128,9.765625e-05
01100101001101110111,18.69516110267028,9.765625e-05
01110010100000111010,19.698222488668538,9.765625e-05
11110100000101010011,10.493870871795455,9.765625e-05
01100110100000110110,19.6345608742185,9.765625e-05
11001111000101101000,20.01603962144049,9.765625e-05
01010110001101010100,15.02759684236814,9.765625e-05
00110111100001000001,15.034098244277974,9.765625e-05
01110110001110000011,15.997609045833148,9.765625e-05
11010011111100000010,16.128536258059647,9.765625e-05
01110010100110011110,18.97452097370236,9.765625e-05
01111100111100100000,7.306382457564798,9.765625e-05
01110101010101010000,10.83286496588983,9.765625e-05
11110001100010101111,21.87060260196183,9.765625e-05
01111000001110100111,15.314418359286982,9.765625e-05
01011001010101100001,14.27849809500917,9.765625e-05
00101101101001001010,15.15141812413666,0.0001953125
00011100001100110101,14.776683976756528,9.765625e-05
11110110101110000100,18.1849319359313,9.765625e-05
10011101111101001000,13.091807197363018,9.765625e-05
10000010011100000000,40.04832094487445,9.765625e-05
10001101000110101111,19.157096483331586,9.765625e-05
00111100000110011011,13.390605888440504,9.765625e-05
11010100100101111000,13.938243069261103,9.765625e-05
11001101011001000000,11.652850288088693,9.765625e-05
00110111101000001011,22.116837875394843,9.765625e-05
11011011011010100000,17.6980652905377,9.765625e-05
01000011000011001000,14.245750373852413,9.765625e-05
01001110001111000000,13.586709635715417,9.765625e-05
11000100000000010100,9.566596215813751,9.765625e-05
11010111011011011101,15.213415015094377,9.765625e-05
10111101010111101010,17.13600030845221,9.765625e-05
01100100000000011000,14.387483713277675,9.765625e-05
01100110100100110011,20.032821433661827,9.765625e-05
11011001001101001110,17.70295412701104,9.765625e-05
11101100011100101000,16.685470887073983,9.765625e-05
01111100001101011111,11.356475876029123,9.765625e-05
00011001100110100011,23.70954183378568,9.765625e-05
11111001101101100110,13.880125628283253,9.765625e-05
00110111011100000000,12.905317857974651,9.765625e-05
11110001001101001101,15.025505716911418,9.765625e-05
01111100101101000110,10.128536258059649,9.765625e-05
10100111101111011001,20.154712418051943,9.765625e-05
11101101101110110010,15.592894165469287,9.765625e-05
00100111000001001110,18.357385750889843,9.765625e-05
01100011110011101000,19.09665346385047,9.765625e-05
11011110111100100011,14.551903907222588,9.765625e-05
11010110110100011010,10.815561838568154,9.765625e-05
10010101011110001100,22.09246596796565,9.765625e-05
11011100010010010010,10.745072127810666,9.765625e-05
11000011100000101010,16.44560218294385,9.765625e-05
00010111000101010100,12.316699370523242,9.765625e-05
00110111010011011100,16.347540432367374,9.765625e-05
01101100000100000111,16.250886234095848,9.765625e-05
11010011011001100000,14.443305036937225,9.765625e-05
01101101100110010110,14.20180617459793,9.765625e-05
11111001011110101101,16.470879699241898,9.765625e-05
00110001010100100010,15.220051239180997,9.765625e-05
11011000000001000100,17.123136603231366,9.765625e-05
11110010110000011010,15.143841333663762,9.765625e-05
11100101111101100000,12.428347143620169,9.765625e-05
10001101101010011010,21.86227302599567,9.765625e-05
00100111000001110111,21.915578983339437,9.765625e-05
11011000001110011001,17.3405383779107,9.765625e-05
10011101100101101010,15.610536247043381,9.765625e-05
10011101000000001010,24.797855692697922,9.765625e-05
00110110110100000000,11.33863098417702,9.765625e-05
11000100010001000100,11.227644691705265,9.765625e-05
10000111001101011010,18.917512725161448,9.765625e-05
01011110111011000001,13.3106606114335,9.765625e-05
11100100110000100000,10.298198418091047,9.765625e-05
10100100101001101010,22.80238683929899,9.765625e-05
01111100111101011011,8.469003644327636,9.765625e-05
11010110010001000110,17.819365687978333,9.765625e-05
00110110101101000010,14.112109681495955,9.765625e-05
01111110111111101010,14.23436305222218,9.765625e-05
11110001110101111000,11.295609350110016,9.765625e-05
01100111010000111110,19.324182792989713,9.765625e-05
11111100100101000111,14.087442211348506,9.765625e-05
11010010011010101010,17.495049961286107,9.765625e-05
10110101110111100100,14.113966277209101,9.765625e-05
00100111001011011111,20.60611184348773,9.765625e-05
00111101100100110111,14.184693325699726,9.765625e-05
11100111111010010011,20.121455217687675,9.765625e-05
10100101001110000011,21.986084621727233,9.765625e-05
00111001100000001110,18.44334136532977,9.765625e-05
00111111101110010010,16.44609522302224,9.765625e-05
11101001111010100110,13.787030242093095,9.765625e-05
11010111110001100101,15.623917266862442,9.765625e-05
11000111100101010111,14.250516148164078,9.765625e-05
11110100100110011001,10.782561173346878,9.765625e-05
11000010001010001011,25.141919987901254,9.765625e-05
11110001010000011100,11.334918527171787,9.765625e-05
00011110100101001101,18.71828782057222,9.765625e-05
11111001111110000101,13.624511287415714,9.765625e-05
11001001010110101100,15.39227685352617,9.765625e-05
01001100000100100101,13.980203686426012,9.765625e-05
10011101101110011100,20.58389934313543,9.765625e-05
11010010110010111000,12.670683420335346,9.765625e-05
11001101110100001110,13.767341237714545,9.765625e-05
10010101000100111101,17.54029337455211,9.765625e-05
11100001000000100001,18.248075941515857,9.765625e-05
00110011010010100100,16.82958570135954,9.765625e-05
11111100011110101100,12.603964675039103,9.765625e-05
01110001100010010011,23.525006849063985,9.765625e-05
01001011100110011100,18.075210928641965,9.765625e-05
01000110100110000010,20.63820931559544,9.765625e-05
11000111010100100101,14.74507212781067,9.765625e-05
10010110011111001111,24.60801371920931,9.765625e-05
10000110011110011000,27.544003768828667,9.765625e-05
11010010001000101110,20.25087375090915,9.765625e-05
01001110110000011111,19.72026965039221,9.765625e-05
10110011101110100011,21.659842129227414,9.765625e-05
11010110110110110111,14.846878321096002,9.765625e-05
11011010101110100110,20.260248639479002,0.0001953125
00011011001000010001,20.457806823294803,9.765625e-05
00111101110100110011,11.409826095532814,9.765625e-05
01111000100000100010,13.470392177175611,9.765625e-05
11001101010101100000,10.04382897248351,9.765625e-05
11111001011010110100,15.268747787999317,9.765625e-05
11000110111010111000,17.012438995430472,9.765625e-05
01110101101000011110,33.20095282175193,9.765625e-05
01111100111110110010,8.037855170583189,9.765625e-05
11011100000000110100,13.3398758685972,9.765625e-05
10100111000011111100,24.33360722755987,9.765625e-05
11110000010000101000,9.565077850771768,9.765625e-05
11001100100000101110,14.144560588323882,9.765625e-05
01111000000100100010,13.6315712034442,9.765625e-05
11001001001010111101,18.566638062218395,9.765625e-05
10110100100111101011,17.13957775818644,9.765625e-05
10010101011100011000,17.449684002299605,9.765625e-05
01110110110100111101,13.645597776258132,9.765625e-05
00111100010001011001,16.84723247939747,9.765625e-05
10110101101011001011,22.62433379728602,9.765625e-05
00110011001101011110,20.585202844775008,9.765625e-05
10000110010111010101,37.21069249622133,9.765625e-05
11110001011100010010,11.997786535962842,9.765625e-05
11010010001001000111,23.699731902094634,9.765625e-05
11110000100101000010,11.82115753364212,9.765625e-05
00101101000100111010,19.24864957214671,9.765625e-05
11110000000010010101,16.30882067777172,9.765625e-05
11100101110110010001,14.556513021480779,9.765625e-05
01111101000101100110,19.223941284282944,9.765625e-05
01011011100000010011,23.62373715424706,9.765625e-05
11010001011100100100,12.742503166324614,9.765625e-05
11100101001101011101,14.057997735722925,9.765625e-05
11000111011111100001,16.515785823397863,9.765625e-05
00011110100010100010,18.539969303049833,9.765625e-05
01010110010100000101,9.757596263212921,9.765625e-05
01110110001000001111,20.77635102992575,9.765625e-05
00111101010011010100,14.820251924773267,9.765625e-05
00010111001000000111,24.083729754343267,9.765625e-05
01101011101001101011,24.78195495303435,9.765625e-05
11110000011000001000,8.766381299254355,9.765625e-05
11101100011111101001,20.442431490469048,9.765625e-05
00111001101001001110,17.41151634515554,9.765625e-05
01110100100110001000,20.13779185984874,9.765625e-05
01001111111010111000,17.68575957174484,9.765625e-05
10010100000010100000,18.14239938030957,9.765625e-05
11110001011100010111,12.643673720473082,9.765625e-05
11011110110100101111,15.02539306436794,9.765625e-05
10001110001010101011,23.83943924791665,9.765625e-05
01111000010000000010,10.469444721902121,9.765625e-05
01101101010011101000,18.66196313434327,9.765625e-05
00110011000010000000,15.57785860844421,9.765625e-05
01011001010001101100,15.708828526451645,9.765625e-05
00011101010111000010,11.310660611433498,0.0001953125
11100001110011101000,16.91267251476347,9.765625e-05
11111100110100010010,8.991237144022037,9.765625e-05
10000011100011001010,21.09665346385047,9.765625e-05
00011101010001101011,17.026517187813205,9.765625e-05
10010111011110100101,17.736207148510633,9.765625e-05
10111100101000110010,13.664798317009273,9.765625e-05
11111101101010110011,25.1913289133323,9.765625e-05
11010100011001011000,12.422077473894511,9.765625e-05
11110001100000100100,13.842647003205066,9.765625e-05
11101001001011100011,21.675995225169306,9.765625e-05
11100111110011010111,17.423081881245025,9.765625e-05
00011101000001100010,18.238346905484356,9.765625e-05
01111110111010011101,14.470879699241896,9.765625e-05
01011111000010100101,27.086668812600912,9.765625e-05
01000001100100000101,24.57570906206833,9.765625e-05
01011011000000101101,22.1219841560963,9.765625e-05
11010101010101100001,12.665312481431151,9.765625e-05
11111001011001001010,17.624576037465076,9.765625e-05
01110101110100011111,17.56993587686467,9.765625e-05
01110101001000000110,29.717550750217164,9.765625e-05
00110110000100100011,16.556889643273163,9.765625e-05
11110100011101110001,7.568471754286822,9.765625e-05
10010111010111001001,11.014857843563483,9.765625e-05
11000111000100011000,13.924427740741912,9.765625e-05
00110011111010011000,17.592695953278437,9.765625e-05
10110001010111001001,19.872294103604784,9.765625e-05
00010100000111101010,31.65997153135912,9.765625e-05
00110110000111011001,15.750191885759744,9.765625e-05
00100111101111001010,18.430452465664153,9.765625e-05
01110110011011000000,13.867866011047095,9.765625e-05
11100001000010000101,18.5521754014031,9.765625e-05
11110100100001011111,12.561498757531357,0.0001953125
11011110101110101011,16.938522067895008,9.765625e-05
01110011110110010000,11.699731902094634,9.765625e-05
11001011001011000100,19.267794091132476,9.765625e-05
11011001011001111000,13.816759663678669,9.765625e-05
01011011000010001100,19.056191420431148,0.0001953125
11110100001110010011,13.194929266711242,9.765625e-05
00010110011000010010,19.47410463418084,9.765625e-05
00011011110111001110,20.55338751063773,9.765625e-05
11110100110110001110,12.1988740923547,9.765625e-05
01001101111010000001,21.382589653059494,9.765625e-05
00011001001011000110,19.366706309868356,9.765625e-05
10011111101111011010,18.517638974667406,9.765625e-05
11010100011101111000,12.89337525993897,9.765625e-05
10010111110110101001,14.199976221240366,9.765625e-05
01110011001001101011,23.52724976344629,9.765625e-05
00011110100110010010,14.972947730151844,9.765625e-05
11101111010111101011,30.10469308264733,9.765625e-05
01010111000101010000,17.300469019709105,9.765625e-05
10110101001100011000,17.54753964478932,9.765625e-05
00011111010110011000,13.268747787999317,9.765625e-05
11010110000011111011,18.517638974667406,9.765625e-05
01110010110010000000,10.660845077827299,9.765625e-05
01110001010001100101,13.189431020131696,9.765625e-05
10010001001000100010,23.141143792003923,9.765625e-05
01000111000111110010,18.77038795894255,9.765625e-05
01010110010110001110,16.367961898174002,9.765625e-05
10001101101000100011,18.534996784607024,9.765625e-05
01110010010110001110,16.614919783173885,9.765625e-05
10110100110101110000,12.625873385048163,9.765625e-05
10111001110010101100,19.404106624354313,9.765625e-05
11001011101101101100,18.81556183856815,9.765625e-05
01010110110110010011,15.413416762874805,9.765625e-05
11011001011100001111,15.21343438716829,9.765625e-05
01101001000011010110,16.576897201141893,9.765625e-05
01111100000111010000,11.26874778799932,9.765625e-05
00010111010101000100,10.230689426491974,9.765625e-05
01110011100001001100,15.833357401241855,9.765625e-05
01000110100011100100,22.378754671969954,9.765625e-05
01011001000001110011,20.766925871774337,9.765625e-05
10110101010000010100,17.821627240013477,9.765625e-05
11001010001001101000,25.893050246875568,9.765625e-05
01010011110011010101,15.465020318346468,9.765625e-05
00011111001100100100,17.554120902830558,9.765625e-05
01111000011110000000,9.803353753773596,9.765625e-05
01100001000000001110,17.162059755891242,9.765625e-05
11001001110010011010,17.229796213682622,9.765625e-05
00001111101010000000,16.02759684236814,9.765625e-05
01101111010011100010,20.99120808591116,9.765625e-05
11100101001100111000,17.794573941476997,9.765625e-05
01111100001111110101,10.515785823397863,9.765625e-05
11011111111101000001,18.625830902189477,9.765625e-05
11010010010000011011,16.128536258059647,9.765625e-05
01110010011001001000,15.159798203856095,9.765625e-05
01111000000101001111,22.005138482729123,9.765625e-05
01110110011000011000,13.056106269619548,9.765625e-05
00011100010100000110,13.39227685352617,9.765625e-05
01100111000011100000,21.597987221555112,9.765625e-05
01010110100101110010,21.470038018874142,9.765625e-05
11110101110110110000,16.22951304702386,9.765625e-05
00011100110110100000,14.989657473374299,9.765625e-05
00110111011110001100,15.096718213899834,9.765625e-05
01110100010110000101,10.002395650221034,9.765625e-05
10111110100010010100,34.936079151224256,9.765625e-05
01011010111000010001,17.474104634180843,9.765625e-05
01110000010011100001,18.251238748891126,9.765625e-05
11010011100111010111,18.818146847287718,9.765625e-05
11011001100011100010,19.824068181082765,9.765625e-05
10110110011010101111,25.192324994681154,9.765625e-05
11010111101011000100,27.124821091031876,9.765625e-05
01001011000010100011,19.761061158370687,9.765625e-05
01001001100000000001,19.1768731305644,9.765625e-05
11010110101000010100,18.323643738481834,9.765625e-05
11100100100100110000,10.055424301104935,9.765625e-05
01110100011100110000,9.911252741472747,9.765625e-05
11110000000100010101,15.04484564009848,9.765625e-05
11000011100111010100,15.220051239180997,9.765625e-05
00010111010110110001,14.98427955845568,9.765625e-05
11110001111011001001,15.762576627886252,9.765625e-05
01101001000011101110,19.80107627410814,9.765625e-05
11000110001110001001,16.815561838568154,0.0001953125
11110011111001001010,14.587124190537516,9.765625e-05
10100101100001000001,13.518002819005828,9.765625e-05
00111100011111101010,14.17702336352065,9.765625e-05
01110010100110001000,14.869631948776362,9.765625e-05
11010011100100010101,14.316699370523242,9.765625e-05
10010100000000110000,14.685470887073981,9.765625e-05
11100100000110011010,16.727559360831428,9.765625e-05
01110011010010000001,14.449851718855491,9.765625e-05
01100111100011111010,22.20824553648094,9.765625e-05
00001000000101000000,33.18559341655647,9.765625e-05
01011011100110010111,19.202776827783403,9.765625e-05
11101101100111000011,18.450862455336214,9.765625e-05
01100001000010110100,19.22698592110263,9.765625e-05
10001100101011000000,18.611789038199284,9.765625e-05
11110100100100000101,8.46944472190212,9.765625e-05
01000011100101110111,28.132213328233462,9.765625e-05
10101101101111100111,17.47180425087067,9.765625e-05
01001110010100100011,18.8030892356075,9.765625e-05
11000100001100010110,16.821841194330766,9.765625e-05
11010100000100001001,11.023241542390581,9.765625e-05
11001101111001011010,13.455953672025263,9.765625e-05
01110000101100010100,14.87892155073957,9.765625e-05
00011011001100101010,19.16086744879283,9.765625e-05
11100101111101100100,11.581978731793981,9.765625e-05
11110100111010010100,11.163915617183326,0.0001953125
01111001111000111100,15.825333455425364,9.765625e-05
01010000001000010011,25.26998465152492,9.765625e-05
01001010100010010000,19.938185295226155,9.765625e-05
00111011100011111101,26.464114709477617,9.765625e-05
01010111110110111101,22.004293357917756,9.765625e-05
11100001011110000110,18.76404531113289,9.765625e-05
10110101111100101010,17.283121543100304,9.765625e-05
10100000110010001011,39.50990125814916,9.765625e-05
10110111101111010110,19.597738739782713,9.765625e-05
11110011101001011111,18.93075882483671,9.765625e-05
10010101010001010000,13.134812169378645,0.0001953125
00111100100010100110,16.84723247939747,9.765625e-05
00111100101000111001,15.455953672025265,9.765625e-05
00010011000001000101,14.765798852802659,9.765625e-05
00110011010011010011,19.902971274731108,9.765625e-05
01100011110000011110,15.883173796673749,9.765625e-05
00110111001101110011,16.243866706469692,9.765625e-05
00011100100000000101,15.909682843989168,9.765625e-05
01100111100111011010,17.027530252512353,9.765625e-05
11010011110110001110,12.919186312732801,9.765625e-05
01110110011100011101,11.468130625140464,9.765625e-05
00000010011100101100,48.006269669725654,9.765625e-05
01011011011110011100,13.15141812413666,9.765625e-05
00111001001011001011,18.178715686711865,9.765625e-05
00111101110011000101,12.552893834105301,9.765625e-05
10011101110000111010,18.679243063752963,9.765625e-05
00011100101001001000,20.307622852661204,9.765625e-05
01011100110101110000,10.744410560058292,9.765625e-05
10010101110100110011,19.05894519099641,9.765625e-05
00111101101001110001,14.049514601960107,9.765625e-05
11010100110100110101,8.893375259938974,9.765625e-05
10011101000111001011,15.87854531034165,9.765625e-05
00101000011111000010,42.00457652457652,9.765625e-05
00110110111000000000,13.09246596796565,9.765625e-05
01011111011111110101,10.623607664988159,9.765625e-05
01111001110000000100,11.714649799653301,9.765625e-05
01111010111010010100,17.228832830778828,9.765625e-05
11100101001101001101,15.51800281900583,9.765625e-05
01001100000100011101,15.464089623501023,9.765625e-05
01000110000001000001,14.603964675039101,9.765625e-05
01110101000100010100,18.030478126590836,9.765625e-05
10110100101100101000,13.211038736947259,9.765625e-05
01001100011000010110,12.507036821481709,9.765625e-05
11110011110011101010,16.001248535594193,9.765625e-05
01100101100001010101,13.480682447778467,9.765625e-05
00110100010001011001,14.877591526347608,9.765625e-05
01101011111010001000,18.230689426491974,9.765625e-05
00101101100000101010,20.02759684236814,9.765625e-05
00110011101010000010,17.083433184572876,9.765625e-05
10010100111000010011,21.582926187067475,9.765625e-05
11010111010111000001,14.121900033973034,9.765625e-05
10001101000010100110,17.477933373677033,9.765625e-05
00110100001101000001,9.29560935011002,9.765625e-05
01110111100110000010,26.93268912221511,9.765625e-05
11001111100110010000,18.275308645278308,9.765625e-05
01111110110000101100,21.82162724001348,9.765625e-05
00111100001000010101,13.583899343135432,9.765625e-05
11111101111111111011,12.574959204167829,9.765625e-05
11000100000001101101,15.666328120357786,9.765625e-05
11001101111001001111,15.007457808799215,9.765625e-05
11011100110101000001,6.760643708022171,9.765625e-05
11110000101010100001,16.01593125652507,9.765625e-05
01010100011011110100,28.199424683545786,9.765625e-05
01001100111000000011,17.548770266721572,9.765625e-05
11010010101001000100,18.433916930759615,9.765625e-05
01010010000001010110,20.486287828889388,9.765625e-05
01011010000001111100,23.233573420737216,9.765625e-05
00111111111101111010,15.561533627921579,9.765625e-05
00111101001001001001,16.482873829719175,9.765625e-05
10111110110001101000,29.507377849302618,9.765625e-05
11100101100111100110,17.087371219705794,9.765625e-05
11101001110011001110,18.475488813500093,9.765625e-05
11100011101100000010,20.163010008314476,9.765625e-05
01110100001001100001,17.472245328445155,9.765625e-05
11000100110001110100,14.164625920227557,9.765625e-05
11111101111101100111,10.223760262582447,9.765625e-05
11011000110100110000,10.821841194330766,9.765625e-05
01010110000101100111,19.736207148510633,9.765625e-05
11110001110000010101,8.384378788700737,9.765625e-05
00110101000000100100,21.951481039278395,9.765625e-05
11010010011010010000,14.181228430541958,0.0001953125
00011111100110011101,16.360253083083713,9.765625e-05
00111100011011001110,16.96308720758033,9.765625e-05
00011101111100011111,22.628673991591192,9.765625e-05
11011101110010101110,23.366315687379306,9.765625e-05
01011011011000000001,16.234524407581514,9.765625e-05
00001111100111000110,14.643673720473082,9.765625e-05
01001111000011100110,15.402355890674102,9.765625e-05
00110011011000010010,16.57689720114189,9.765625e-05
01100101110101011011,18.997319550453838,9.765625e-05
11001100000110001000,12.748483416958342,0.0001953125
11001001101100100001,18.463742441213967,9.765625e-05
01101101100101010101,12.856694287240337,9.765625e-05
11110000111000001111,12.428780336095116,9.765625e-05
01001111011011011100,9.997786535962842,9.765625e-05
11110101111101001001,12.333844379789138,9.765625e-05
00011101000111110101,13.426364590218924,9.765625e-05
10110101100101000000,10.849166308346675,9.765625e-05
10111101101101111110,14.869831178815724,9.765625e-05
01110110011000011100,13.894933484944307,9.765625e-05
01100101111001101000,24.579168439213994,9.765625e-05
11011100111111001101,12.585617487133964,9.765625e-05
01011100001101000111,13.145748727397445,9.765625e-05
01011101010001000011,17.46561879039549,9.765625e-05
11110001101111001100,16.65858352579215,9.765625e-05
11011111111101111101,13.186787073642131,9.765625e-05
11100100010010011000,14.643969086891095,9.765625e-05
01101001000100010000,20.04111278233101,9.765625e-05
00111000101100001100,22.25865282322108,9.765625e-05
10000001000001000100,17.4266865881527,9.765625e-05
01111011101110100111,19.14941964310511,9.765625e-05
00110111110110000000,12.363908500475063,9.765625e-05
10000101000100010100,14.904983071747093,9.765625e-05
11101101001000100011,23.305816124247286,9.765625e-05
10110011111011000101,20.41780383057612,9.765625e-05
11000011010010111000,12.740341223889235,9.765625e-05
10111111110001001111,29.416572349267575,9.765625e-05
11000100100101010100,12.14456058832388,9.765625e-05
00011011111001101010,21.30273310710274,9.765625e-05
11000110100110010101,15.374668390322082,9.765625e-05
01011011100100101000,21.892180966399266,9.765625e-05
01110111111111011101,13.29879089310515,9.765625e-05
11111100110010101100,14.311082229806871,9.765625e-05
11010010100001000011,19.624511287415714,9.765625e-05
10010101010111010000,14.008411505666055,9.765625e-05
11001111110011111101,12.2028442878553,9.765625e-05
11111000001111010110,22.19997622124037,9.765625e-05
11010100100100101010,20.56603154763861,9.765625e-05
00010111110101010011,15.303053941301467,9.765625e-05
11100001010100100111,20.48724152575623,9.765625e-05
11011001101100000001,17.82845189187732,9.765625e-05
01011111000111010000,18.204835890839455,9.765625e-05
11110001011101000100,9.459541629344711,9.765625e-05
01011110010010101001,13.508331546169455,9.765625e-05
11001111100001110110,17.193211122712704,9.765625e-05
11010111100001011100,19.313953827992613,9.765625e-05
11010001010010010110,15.884227837561426,9.765625e-05
01011001111001000010,18.9224600700908,9.765625e-05
10000111101001100000,17.230814660598824,9.765625e-05
00110110001100000111,16.576897201141893,9.765625e-05
01011011111000010101,16.165820300894463,9.765625e-05
00110111011111010001,11.286692114787133,9.765625e-05
11110100011100011001,6.7249943127202965,9.765625e-05
10110101001101000010,15.041684720787828,0.0001953125
01110111001101110100,19.62373715424706,9.765625e-05
00111100100001001110,17.64369038252445,9.765625e-05
11110100111100100100,8.188156870870245,9.765625e-05
10011100000100111000,12.471579287560846,9.765625e-05
11110001011010000100,12.443341365329772,9.765625e-05
01011010100010100010,19.139212760204458,9.765625e-05
01100111111001010001,13.585385852916803,9.765625e-05
11011110101010001101,20.30325786664669,9.765625e-05
01101101011011000011,13.202776827783403,9.765625e-05
01110010111110010010,16.050166211044452,9.765625e-05
00111001011111101010,18.297934008688344,9.765625e-05
10110100100000001010,14.562816298736621,9.765625e-05
01111000111011000011,14.187191844460262,9.765625e-05
11100101110100111111,15.406967714954835,9.765625e-05
01011111010100101000,20.919793736397708,9.765625e-05
11000111101100111010,21.209408589577905,9.765625e-05
11001001010001100011,17.36297271767982,9.765625e-05
01100111101101010000,13.569107414104678,9.765625e-05
11001101111100110010,12.826886407430132,9.765625e-05
11011001011001101101,13.399483176263178,9.765625e-05
11000101000010111110,23.67822461683677,9.765625e-05
11110001111000101001,13.960746621371701,9.765625e-05
00111110100011010110,22.45766566155765,9.765625e-05
11110001100001001001,15.225017319730217,9.765625e-05
10001010101111100000,40.83471803003217,9.765625e-05
11111001101011111100,18.221002226025295,9.765625e-05
11010000010100000000,7.227644691705265,9.765625e-05
11010110011100100000,13.06680494098801,9.765625e-05
01111001111011000010,12.539439112620984,9.765625e-05
00100111110101100101,21.57682620949918,9.765625e-05
11111100111011100011,9.40502773153948,9.765625e-05
11011101111001111000,17.211051230973773,9.765625e-05
11001100010010001010,13.268388111685748,9.765625e-05
11010011010001110001,14.604740881776245,9.765625e-05
11111101100011101110,26.127621697574916,9.765625e-05
11011010101011101000,19.468130625140464,9.765625e-05
11110110111110100111,16.234363052222182,9.765625e-05
01111100110001110010,9.157096483331582,9.765625e-05
01110001110000011100,13.834673473604987,9.765625e-05
11010111100100010001,19.39862927449998,9.765625e-05
11010010000001101010,19.155189089597904,9.765625e-05
00101111111000000101,22.66196313434327,9.765625e-05
01011000010010111000,16.611789038199284,9.765625e-05
01001011010100100111,22.723692699145335,9.765625e-05
01011011110001011000,17.18307534021815,9.765625e-05
11001011110100011100,22.142399380309573,9.765625e-05
11110100110100110111,7.044491481797011,9.765625e-05
11001001010011111111,20.73613615686792,9.765625e-05
00010111000100000100,14.909436005722952,9.765625e-05
00001111001110010100,14.327060545641606,9.765625e-05
01000110100100000001,16.13262776345236,9.765625e-05
11001001000100101101,18.14230527788208,9.765625e-05
11101001101001101110,15.468130625140464,9.765625e-05
11000110110010101001,15.229796213682622,9.765625e-05
11001101100101101000,12.897158708586915,9.765625e-05
00100000100001100100,36.72804248111079,9.765625e-05
01100100101101000000,15.438034344086844,9.765625e-05
10000101010000000011,19.02759684236814,9.765625e-05
00110011011010000100,13.87719978763337,9.765625e-05
11011000110000011011,14.914991840833565,9.765625e-05
01001111100000000110,20.512449693917752,9.765625e-05
01110011101000111101,21.531139710581215,9.765625e-05
11010101101101110100,22.404871256989882,9.765625e-05
01110110001100111000,17.241114617238637,9.765625e-05
10000110000010100000,20.114756523511932,9.765625e-05
00011101000001100011,16.765076252075605,0.0001953125
11111011010011110101,33.73143376173051,9.765625e-05
10010110111100010001,16.630598047376246,9.765625e-05
00110100000001001101,16.814534440036063,9.765625e-05
01110010001001000001,17.867866011047095,9.765625e-05
11011110101011000010,22.508315618539154,9.765625e-05
11110100011001000101,10.230689426491976,9.765625e-05
01111000000110111110,19.67348402687838,9.765625e-05
01000110110000110000,16.821841194330766,9.765625e-05
00110101001100001101,17.496983790235316,9.765625e-05
11110001100010100100,17.302291686593154,9.765625e-05
11001100000000110110,11.39316831406595,9.765625e-05
01101110111011011000,18.193362813671264,9.765625e-05
11010101110100010001,12.945774579725565,9.765625e-05
01000110000001010011,16.917512725161448,9.765625e-05
10011110011011110000,20.968001119643557,9.765625e-05
11110100111110000000,9.163915617183326,9.765625e-05
11111000111011101001,16.495547169389347,9.765625e-05
01111001110100100001,14.165820300894467,9.765625e-05
01011100110101010000,8.825638067726526,9.765625e-05
00101111010011000000,23.349966344051666,9.765625e-05
11110001110001000010,9.448900732011193,9.765625e-05
11111010011000000011,33.17908595814751,9.765625e-05
01110011010110000000,12.35738575088984,9.765625e-05
01000111110010010110,18.39460775369784,9.765625e-05
10011110110111101011,17.781883961391642,9.765625e-05
11001101101001110001,12.987439547045021,9.765625e-05
00010111011001110010,22.15989084828126,9.765625e-05
11101101011010111100,16.745072127810666,9.765625e-05
10000101100111000000,16.69547965616045,9.765625e-05
11011001101001000101,17.16129793124523,9.765625e-05
00110111111011000010,15.955426294984157,9.765625e-05
11010011100000110001,18.366291842173453,9.765625e-05
01100111000101010100,14.489220645553686,9.765625e-05
11000001000001010100,10.57570906206833,9.765625e-05
10110101011111011000,16.207453402113494,9.765625e-05
10111001111000101111,18.012673437637194,9.765625e-05
11101100110001111010,14.566638062218395,9.765625e-05
11010000010000100011,13.055139355144942,9.765625e-05
11101111010010001100,35.19578674975408,9.765625e-05
01110100010001110001,10.38628618243442,9.765625e-05
00111001111010000010,12.734228763134242,9.765625e-05
10010110011110100000,17.3405383779107,9.765625e-05
10011100010000101001,12.14230527788208,9.765625e-05
11111001011110111011,17.561533627921584,9.765625e-05
10000101010000000100,15.18188720114459,9.765625e-05
11101101111010001101,17.996832839096,9.765625e-05
01110111110111001101,13.5697013471211,9.765625e-05
00110011001111100000,17.116766883752135,9.765625e-05
01011111010010100010,24.310840909552752,9.765625e-05
01101011011110100110,20.690744584214166,9.765625e-05
11110100111100011110,9.166725909763315,9.765625e-05
11110011111100111100,13.151418124136658,9.765625e-05
11100000100110100010,22.09173620572031,9.765625e-05
01001101010100000110,12.326454031061822,9.765625e-05
01001110011011011000,13.720269650392211,9.765625e-05
01001010110011100111,33.49744832152968,9.765625e-05
00111100100000000001,11.268141273419534,9.765625e-05
01001110110001000010,17.02759684236814,9.765625e-05
01011111111101111101,15.42636459021892,9.765625e-05
11010011010010101111,15.606286623594885,9.765625e-05
00101111101000100101,22.53593807457455,9.765625e-05
11101001000111100110,22.360253083083713,9.765625e-05
01011110011010011100,12.737530931309246,9.765625e-05
01011001010100010111,14.232596820225655,9.765625e-05
11111100110111000001,10.88702844410446,9.765625e-05
01011100011101001110,14.916848436546715,9.765625e-05
11101101100001111111,15.871751790157163,9.765625e-05
01111100111100001110,10.247051253006308,0.0001953125
11001111110010001001,18.353746261128798,9.765625e-05
01001110100100111010,18.184923942068377,9.765625e-05
00000111000111011010,17.52787836012253,9.765625e-05
01001110010010001011,16.165820300894467,9.765625e-05
01111101110100001011,18.11223844717361,9.765625e-05
01100111000101111011,20.75127361388317,9.765625e-05
00110011100110000001,14.278842567273681,9.765625e-05
01110100000100100110,16.445602182943855,9.765625e-05
01101011001011011010,21.30403407338384,9.765625e-05
11001101100001100010,15.060888705982578,9.765625e-05
11110001100011011000,17.590008184782757,9.765625e-05
01011001010011100001,15.786875655608117,9.765625e-05
00101101001000000110,14.55820718447843,9.765625e-05
11001101111100100000,12.364659621235612,9.765625e-05
11110001110101011001,11.42438620484253,9.765625e-05
10110111100101111001,16.282163678208608,9.765625e-05
11001101110101101101,11.430440891562577,9.765625e-05
11010011000011001100,14.73807145465926,9.765625e-05
01111111100011100110,28.341461041065195,9.765625e-05
01111000000010000100,15.33491852717179,9.765625e-05
01110110001111011111,16.60611184348773,9.765625e-05
10001101100100101011,17.59424459062349,9.765625e-05
11110001111100001001,11.032196270589376,9.765625e-05
11011100110010101101,11.825333455425366,9.765625e-05
00011111000101010101,14.999928371903245,9.765625e-05
11000100010000100101,12.967995601631454,9.765625e-05
10001111101110101000,17.05801366335323,9.765625e-05
10101000101000011011,37.959847166969,9.765625e-05
10110110011001111011,24.24667148103758,9.765625e-05
11011011111100110000,17.248649572146707,9.765625e-05
11110110100010011001,17.510701288455966,9.765625e-05
10100101000001000110,17.63812757139942,9.765625e-05
00110110110001110111,23.0690818058356,9.765625e-05
00110100011100000000,8.833164060178895,9.765625e-05
10111101010011011010,22.046341923044004,9.765625e-05
11000111110110010000,11.737150865073254,9.765625e-05
10001111110010101110,19.96265401510538,9.765625e-05
00111101110011011011,15.467878698924446,9.765625e-05
11011111111001111100,17.37095873046659,9.765625e-05
01110010000000101100,19.334918527171787,9.765625e-05
00100111100000010100,17.056106269619544,9.765625e-05
11100101110001101100,12.046708477404973,9.765625e-05
11010100000100011000,10.1539646221318,9.765625e-05
10110001101000101010,19.23640411407944,9.765625e-05
10000010110100101010,41.195971547993466,9.765625e-05
01111011110000110111,20.450862455336207,9.765625e-05
11101100111000011001,14.645976824645613,9.765625e-05
00011101010111000000,9.606707507547188,9.765625e-05
11011110111110100000,12.503625532334034,9.765625e-05
11111101110101111111,11.703881475789553,9.765625e-05
00101101100110101100,21.22698592110263,9.765625e-05
00110110101011010011,17.82466335527959,9.765625e-05
11010100100110010100,14.596396836182095,9.765625e-05
00010111011101101100,18.055071895073038,9.765625e-05
11111100101001011011,13.025383378330984,9.765625e-05
10010011010010101101,16.85336349026845,9.765625e-05
10011101010001101100,15.104918181003885,9.765625e-05
11101111011100000100,35.26916596192908,9.765625e-05
00111100000010111001,17.02539306436794,9.765625e-05
11010110011000011101,12.603964675039103,9.765625e-05
10010011000000110010,22.53593807457455,9.765625e-05
11000011011100101000,15.770151530294534,9.765625e-05
10110100100001010011,12.691345580781853,9.765625e-05
00110011111000001101,15.704341016352824,9.765625e-05
00111110101100010001,16.428057735368057,9.765625e-05
11011001111011000010,16.558675981764665,9.765625e-05
01111001101010000100,17.302291686593154,9.765625e-05
11111100001111001111,16.002376278147125,9.765625e-05
01010110000111010000,12.360262769120668,9.765625e-05
10110101010110111000,18.360262769120666,9.765625e-05
11100010011011101001,33.555807180728664,9.765625e-05
01001101011101010111,12.548400180789804,9.765625e-05
11110101111001100011,18.321340645149117,9.765625e-05
10110101000011111011,22.44135463306385,9.765625e-05
11000001001100110100,17.174023712442125,9.765625e-05
10110100000110000000,13.894933484944309,9.765625e-05
10000110001000001111,28.181228430541957,9.765625e-05
00011101001100110110,18.534996784607024,9.765625e-05
01001110010001011110,19.092523742000598,9.765625e-05
11100111111111000110,17.038635632472385,9.765625e-05
01101001000110101100,21.75759626321292,9.765625e-05
00011111001011010001,14.32703148753074,9.765625e-05
10011101100000011011,21.724101187038137,9.765625e-05
11011001111011000000,14.544591634915786,9.765625e-05
00100111101101101011,21.781883961391642,9.765625e-05
00111011110000010111,26.002376278147118,9.765625e-05
11010111000100011100,19.3826606447022,9.765625e-05
00111110110011111010,20.591218700220026,9.765625e-05
00010011000001000000,12.720209166334723,9.765625e-05
01110111100110000111,22.756108207892375,9.765625e-05
00000111100000100001,20.54095214515474,9.765625e-05
11111011101111100110,23.001421857699036,9.765625e-05
10010111001101011100,16.316699370523242,9.765625e-05
10001101000110110110,17.24678673484021,9.765625e-05
01000111000000110111,20.899368004599214,9.765625e-05
11010001010101110110,14.680961207751505,9.765625e-05
01110011100111110001,19.818204621322664,9.765625e-05
01111000001010001100,16.42643350829314,9.765625e-05
11001001000110101000,16.32645403106182,9.765625e-05
00111111011001001100,21.265870769768497,9.765625e-05
11011000100010000110,15.825327213832017,9.765625e-05
01110111110011111000,21.38773437738196,9.765625e-05
01110110100111110110,18.682733681341382,9.765625e-05
00010011000000001000,14.422727292881255,9.765625e-05
11111001111110110001,14.515785823397861,9.765625e-05
01110110000110100000,18.719312509081764,9.765625e-05
01110011100101000111,15.691117292631624,9.765625e-05
00001111000110011000,14.645635883951906,9.765625e-05
11001101010100001101,14.422077473894515,9.765625e-05
01011100100100000000,13.80874342829766,9.765625e-05
11100000000010001100,20.31695662924748,9.765625e-05
11100001111001101100,14.475903455859044,9.765625e-05
01001111100001010100,13.69650434467,9.765625e-05
10110110101001111000,19.99778653596284,9.765625e-05
00001000001010010010,32.17871026707643,9.765625e-05
01001011101101111111,28.136937990561545,9.765625e-05
11001101100101110000,9.474100171888729,9.765625e-05
10001101001010001010,20.02759684236814,9.765625e-05
11000100100001101001,16.910636540856007,9.765625e-05
11110100110101000101,5.919591269054802,9.765625e-05
01111001011100010001,12.94258868320171,9.765625e-05
00110100001101000000,9.803353753773596,9.765625e-05
10010110001101111001,17.568471754286826,9.765625e-05
11110000000001110110,17.332656240715572,9.765625e-05
01011110010100010110,13.69931463724999,9.765625e-05
11010011011101100110,16.61945809129324,9.765625e-05
00111101111101100110,10.073880904250002,9.765625e-05
10110000110010101010,22.1026212312975,9.765625e-05
01010001001101000110,25.38622914282054,9.765625e-05
00011011011110011100,19.64087311393005,9.765625e-05
10011011101010100001,21.25333341675848,9.765625e-05
01101001110010010010,15.701032781248529,9.765625e-05
11110100011101000011,8.643673720473082,9.765625e-05
00001111100001101110,18.55408279513678,9.765625e-05
00110111011001101011,17.949921257894072,9.765625e-05
11011000000011111000,16.740341223889235,9.765625e-05
11000111001111110111,19.078646678561668,9.765625e-05
11110000111100100001,10.071433721587372,9.765625e-05
00111100100100100110,12.916906210581663,9.765625e-05
11110000010000000001,9.645951934559601,9.765625e-05
01011100010110100100,10.326447789468471,9.765625e-05
01100011101011110100,19.576826209499178,9.765625e-05
00011011100011101100,19.655824765653755,9.765625e-05
10011001101011000001,19.64858473700989,9.765625e-05
11100101110000110111,13.759156474659548,9.765625e-05
11100100110000010011,11.374668390322082,9.765625e-05
11011011111110010100,15.997786535962842,9.765625e-05
11110101111101000011,12.36800030013504,9.765625e-05
01111000101010001100,17.51794848941449,9.765625e-05
11110001111111000000,12.050895973289794,9.765625e-05
10000101010101010101,19.132872098836096,9.765625e-05
11000011101010100110,20.868245266574636,9.765625e-05
11000111110011100110,15.930923097358637,9.765625e-05
11011100001111101100,13.963624374023592,9.765625e-05
11111101001010000100,32.73864077063039,9.765625e-05
11111110111101001010,21.041684720787828,9.765625e-05
10010111011111000110,19.116766883752135,9.765625e-05
10001111101001110000,18.2762561005518,9.765625e-05
11011100110111111110,12.329826488934472,9.765625e-05
01011111011111111011,14.866939484974822,9.765625e-05
11001101100111011011,15.81524952667133,9.765625e-05
11011001110101100010,12.512891848848406,9.765625e-05
01001101001110011000,19.23827144070971,9.765625e-05
10011101100100011101,16.44967431626265,9.765625e-05
00011111000101011000,15.585804026846567,9.765625e-05
11111000110010000000,13.202254435326886,9.765625e-05
11001011001001011110,22.110391537497417,9.765625e-05
01010011000100100101,17.076161915486264,9.765625e-05
10010110100010010000,17.233573420737216,9.765625e-05
11000110010011101010,17.673484026878377,9.765625e-05
10011101101101111011,16.56470704125875,9.765625e-05
11001001000000010100,14.456560910186298,9.765625e-05
01100111001001101000,22.172508144549884,9.765625e-05
10000101000111101000,18.471294341600853,9.765625e-05
01110101000101010111,14.81553278045729,9.765625e-05
01101111100110011101,21.19685061247375,9.765625e-05
01100001010010000011,19.761783759097742,9.765625e-05
11001101001010100111,18.807840540291174,9.765625e-05
01110111010110110111,17.731420544122745,9.765625e-05
11110000010001111011,17.576826209499185,9.765625e-05
01100011000010000001,19.624576037465076,9.765625e-05
00011111110001011111,17.85745528992842,9.765625e-05
01110110100001110100,18.661963134343274,9.765625e-05
00111111101111111111,15.940457992048893,9.765625e-05
11100101001101101010,18.844154947789026,9.765625e-05
10011101011000011110,20.250886234095844,9.765625e-05
01111111110111010111,14.16376060138436,9.765625e-05
11010110100111101011,18.135929316809502,9.765625e-05
11011001011001000101,13.15050786747182,9.765625e-05
01001110001001011110,17.58670963571542,9.765625e-05
11000111100100100010,20.216376155448476,9.765625e-05
01100111001010110001,23.04321828987887,9.765625e-05
10101000001011010010,40.98271934700906,9.765625e-05
00101101101101000110,11.88518153442827,9.765625e-05
11011100001100110100,9.77289958654746,9.765625e-05
01100111011100001100,15.89493348494431,9.765625e-05
11100001000110000010,19.210624094588304,9.765625e-05
11100110110011101010,20.068445938877687,9.765625e-05
11011001101011010110,19.931883770239892,9.765625e-05
01101111111001110101,17.230450816260397,9.765625e-05
01100011100001001101,17.87719978763337,9.765625e-05
11010001000111001100,16.569330096705947,9.765625e-05
01111000000010010100,16.000950986844302,9.765625e-05
10100110100101101100,29.86828065340605,9.765625e-05
01101111001001011000,22.891897799740505,9.765625e-05
01000110000011000010,17.698222488668538,0.0001953125
00001100001000101000,19.702070600238642,9.765625e-05
01001111101101010010,15.39354765672069,9.765625e-05
10000010100110001011,39.033981874659816,9.765625e-05
01010011000111010100,13.91176690589462,9.765625e-05
01001111101001011101,16.055193684736278,9.765625e-05
11010011011001001000,12.720209166334723,9.765625e-05
00110110101110100010,19.19732584765358,9.765625e-05
10110101000001010000,17.937032848091086,9.765625e-05
01101101110101001010,15.332656240715572,9.765625e-05
01101101111101001001,16.008411505666057,9.765625e-05
11100111101011110111,20.108328306416503,9.765625e-05
01011000110000010000,12.696138426763085,9.765625e-05
11000110010100001110,17.909682843989167,9.765625e-05
11011100011001110001,7.230671746592097,9.765625e-05
01101100110010111111,20.145677735754735,9.765625e-05
10001101010100000100,17.90025840941901,9.765625e-05
01111111111111101010,18.124629648873352,9.765625e-05
01000101101101011010,35.595140513455384,9.765625e-05
10110110111110101010,18.866175575920497,9.765625e-05
11101100011110110100,17.45907555292083,9.765625e-05
11011000100100000101,14.60325781643848,9.765625e-05
00001100001010100000,17.794286198367267,9.765625e-05
11110100110001100001,7.60670750754719,9.765625e-05
11100100001100000000,12.748483416958342,9.765625e-05
11111100011000100001,12.75165962744525,9.765625e-05
10101101101011001001,19.04539093619971,9.765625e-05
00110011010110010110,19.707479119145958,9.765625e-05
00101101100100100000,15.487626815737059,9.765625e-05
11100101110100100100,11.767341237714547,9.765625e-05
11001100101011110001,13.443410811842964,9.765625e-05
11100110111111001001,21.298008444774652,9.765625e-05
01100011000110000101,20.114031027258463,9.765625e-05
11010000101011010010,27.65997153135912,9.765625e-05
00001111100110110010,17.230411690718114,9.765625e-05
11100101010001100111,15.423265612968072,9.765625e-05
01111000100101001111,21.096653463850473,9.765625e-05
11010101111101011001,17.4630998925089,9.765625e-05
00110001001111011011,26.982001158865287,9.765625e-05
01111100001000010110,12.140201843902716,9.765625e-05
11011100101101100001,10.176477136698107,9.765625e-05
10000111110011001010,17.76178375909774,9.765625e-05
10110100000100101010,14.737530931309248,9.765625e-05
01101101001101101010,17.26970148486616,9.765625e-05
11011000010010110011,13.651276135453056,9.765625e-05
01001100011001001010,16.611789038199284,9.765625e-05
10110111011110000011,21.01676876886797,9.765625e-05
10101101100000110010,19.115089557469915,9.765625e-05
11000110101101110011,22.236120136712238,9.765625e-05
10010100000000100000,14.498605943741742,9.765625e-05
00110111001101010010,14.450862455336214,9.765625e-05
01101100100010101101,21.22698592110263,9.765625e-05
11010111010111011011,14.511902117856284,9.765625e-05
00110001000100100111,18.358274697707323,9.765625e-05
01101001111001010011,18.421331784018868,9.765625e-05
01011111110111110000,14.184693325699719,9.765625e-05
01010110010001000101,12.230689426491978,9.765625e-05
11001001011011101010,16.935657445723677,9.765625e-05
01101110000110111011,23.26769302353039,9.765625e-05
01001100001100000110,13.837239637941302,9.765625e-05
11111000011010001101,18.245750373852413,9.765625e-05
01011010100111000111,23.25403935543416,9.765625e-05
11010111011100011011,18.521483641793896,9.765625e-05
11011010101000010111,25.025393064367943,9.765625e-05
00011000000010000001,17.516098135294687,9.765625e-05
01010011010000000101,10.720209166334723,9.765625e-05
01010011010111110001,16.968126462513787,9.765625e-05
11000111010110000101,14.241141259594222,9.765625e-05
11100101000110001101,20.363080037715072,9.765625e-05
00111111001101001101,19.609505404067686,9.765625e-05
01011110110101011111,15.68756837372726,9.765625e-05
00110100010011000100,16.853373176305407,9.765625e-05
11010000110000100011,15.294716871721729,9.765625e-05
10110111000011100100,27.26496516089965,9.765625e-05
01100011100110011000,18.592727819378865,9.765625e-05
11011101010011110111,13.644639911366436,9.765625e-05
01110110100100111011,17.19492926671124,9.765625e-05
01111001011110101110,14.844970927362324,9.765625e-05
00111100000111000001,10.887028444104466,9.765625e-05
00101001111100011001,34.93599838641738,9.765625e-05
11001100100011010010,12.214455544107032,9.765625e-05
00011001000000011101,22.00118813907356,9.765625e-05
11110011100101000111,19.5538448209496,9.765625e-05
11010001010100000011,13.606707507547188,9.765625e-05
11011100001101110000,8.899588934930915,9.765625e-05
01111100011000100110,10.07717683083166,9.765625e-05
00010101001011001000,34.09341695480995,9.765625e-05
11010011111010001101,14.540415713132544,9.765625e-05
01111100100010011001,16.591035583314852,9.765625e-05
01101110111011111001,21.09304333730737,9.765625e-05
01010011010110111011,21.781883961391642,9.765625e-05
01010011000101111110,21.310660611433498,9.765625e-05
01100001011010001111,25.233925935532497,9.765625e-05
01001101011010100100,16.237736859333765,9.765625e-05
00011110010010101100,17.80526812352169,9.765625e-05
11011100010010111010,11.058013663353226,9.765625e-05
11001001010000100001,15.197460560657326,9.765625e-05
01100011110011111100,20.251238748891126,9.765625e-05
00111101010111010110,12.069152797478313,9.765625e-05
10011001101000010100,20.181540018857532,9.765625e-05
01011110100010101110,24.199414997508832,9.765625e-05
10110101011010011011,21.63574901329206,9.765625e-05
01001100000001100010,13.625911492741936,9.765625e-05
11100111101001001010,20.64560130782894,9.765625e-05
01001011110111011000,20.930932783395594,9.765625e-05
11011001100110001111,19.976693805527077,9.765625e-05
01000111111010110100,23.628683677628153,9.765625e-05
00111111101110010111,15.731420544122749,9.765625e-05
11101100101010011011,15.36297271767982,9.765625e-05
01110011001111000111,17.1052416376883,9.765625e-05
01110110010001010001,12.82030345721487,9.765625e-05
11000111001010010110,20.549321804416156,9.765625e-05
00001101111000000101,19.73406531257023,9.765625e-05
01110011111010000110,13.576659139827507,9.765625e-05
01101101011110110001,14.864845442765148,9.765625e-05
11111000111010101000,11.692663121987113,9.765625e-05
11011100001000111000,14.296928670616516,9.765625e-05
11100100010011111001,18.935657445723677,9.765625e-05
11010100000111000000,13.313898763980205,9.765625e-05
11011101110011111101,14.309105917998973,9.765625e-05
01011111111101011011,16.772572364868836,9.765625e-05
01011001011000000010,15.184097231577958,9.765625e-05
11001100100101111011,14.355602046133498,9.765625e-05
11110001011000110111,13.73620714851063,0.0001953125
11110111110101011110,14.673134134568784,9.765625e-05
00111001100101011011,21.569232756974912,9.765625e-05
11110001011111011100,14.963087207580328,9.765625e-05
00011001000101000000,13.741481274964803,9.765625e-05
11110100001100100101,12.250886234095846,9.765625e-05
01001110011010010110,14.143243047118618,9.765625e-05
01011110110001101000,16.983695947520616,9.765625e-05
01101100001010110110,12.970435808279674,9.765625e-05
00010110000100000001,10.603964675039105,9.765625e-05
10000111011001010000,17.896840878677985,9.765625e-05
11100111101101101110,18.154218730679695,9.765625e-05
11011100010000001000,12.136129710583916,9.765625e-05
00100111001100011100,18.638094687450483,9.765625e-05
11110011100100010100,18.12579071552902,9.765625e-05
10101101111111101010,18.421331784018868,9.765625e-05
01011011111000011110,18.128536258059647,9.765625e-05
00011011001011111010,21.40502773153948,9.765625e-05
01001111110111111000,13.651276135453054,9.765625e-05
01111111111110101011,19.8603136705064,9.765625e-05
01001011111010111001,22.755373026011608,9.765625e-05
01110011110101111001,17.569232756974912,9.765625e-05
11111100011011111111,12.848731472365543,9.765625e-05
00001111100011010000,13.025393064367936,0.0001953125
00100111011000111010,22.972947730151844,9.765625e-05
11011011100111101101,18.064392541178748,9.765625e-05
10100101011011110010,22.846878321096,9.765625e-05
11110000110000101011,10.975742818682779,9.765625e-05
11000111111011001011,20.206425269160334,9.765625e-05
11001001110010000110,13.692663121987115,9.765625e-05
11010011010100100100,11.056106269619548,9.765625e-05
10110101110101000010,9.91176690589462,9.765625e-05
10011001100100101110,18.877672204027274,9.765625e-05
11011100000111011001,10.856694287240334,9.765625e-05
10111101111111001111,13.999327189831686,9.765625e-05
11011111110001101100,20.121984156096303,9.765625e-05
10110100101001101001,15.050405006779904,9.765625e-05
11010011011100000010,16.241141259594222,9.765625e-05
00011011001000010000,19.409248726191095,9.765625e-05
00111100010001101010,15.332656240715576,9.765625e-05
11011101011111110110,12.345853627188264,9.765625e-05
01110111010100000001,18.24119632360663,9.765625e-05
00001101011100000010,15.309192750144787,9.765625e-05
00111100100001000011,10.576897201141893,9.765625e-05
00001101000100000011,14.614316164120513,0.0001953125
11011010011000111100,19.89305024687557,9.765625e-05
00011001000100000110,15.897743777524296,9.765625e-05
11110111110010000110,24.988276738089,9.765625e-05
00110111110011001101,14.330059814916012,9.765625e-05
01001101001010110100,17.582964294761254,9.765625e-05
11001001010011011100,16.247051253006305,9.765625e-05
10111011101101101000,26.58348470077647,9.765625e-05
00110001001101000000,12.276446917052649,9.765625e-05
10011001001001000010,18.443305036937225,9.765625e-05
00111101100011100010,17.886116593642264,9.765625e-05
01101101101001100110,14.752627483480977,9.765625e-05
01111101111111001011,16.37444934805501,9.765625e-05
00110111001000010000,20.466351262663366,9.765625e-05
01101111111110011111,16.804730233497178,9.765625e-05
11110011101101011001,18.014915617598433,9.765625e-05
11000011110010001011,17.76178375909774,9.765625e-05
10100101010101111011,23.579739566962367,9.765625e-05
10101101100100101000,19.484816523157072,9.765625e-05
10011101101001010011,18.049514601960105,9.765625e-05
00111100101101001001,11.29560935011002,9.765625e-05
11011001111001100100,11.388017260613275,9.765625e-05
01100110101111101110,26.845085555507268,9.765625e-05
11100001001011110100,17.88518153442827,9.765625e-05
01101001100010100101,20.128536258059647,9.765625e-05
00010101110011100101,31.331859752819398,9.765625e-05
01100111110001111110,16.958478093322135,9.765625e-05
11011011111001101011,18.984118730377354,9.765625e-05
11011110011100011000,15.623107441755298,9.765625e-05
11001100010100011000,12.041664967319456,9.765625e-05
11110011111011110110,16.707456215501235,9.765625e-05
01000111010011111000,15.514848054161323,9.765625e-05
01101101000100011010,19.00811835870308,9.765625e-05
11001101111010110110,14.61525113620731,9.765625e-05
00111100111000000010,8.49135967350453,9.765625e-05
01010001010110110000,23.26998465152492,9.765625e-05
00011111110111111010,15.892626125619717,9.765625e-05
01101011111110001000,20.654321593821013,9.765625e-05
01001110000001110000,15.5703886269174,9.765625e-05
11010100011000101101,15.977420036201613,9.765625e-05
00011010001101010110,34.004303043954714,9.765625e-05
10111100101011111000,16.731549946254447,9.765625e-05
00011111100111100111,15.285796191955242,9.765625e-05
10010111110011000000,14.822108520486417,9.765625e-05
11000100001001000110,18.188156870870245,9.765625e-05
00111110111111100011,15.239007036870603,9.765625e-05
01111100111100010101,5.340538377910702,9.765625e-05
11100111101101111001,17.325794536877943,9.765625e-05
01001011110000010101,19.471294341600853,9.765625e-05
11110000011100001111,14.912672514763472,9.765625e-05
11010000100000110111,19.959847166969002,9.765625e-05
11010110010111011010,12.783821234784455,9.765625e-05
01101001000000010100,17.297951579824833,9.765625e-05
11110001101101110010,16.155166185953185,9.765625e-05
11011110100110111010,15.446172369131094,9.765625e-05
11101100100111010011,17.212229596883176,9.765625e-05
01000011110111100001,26.197984618256214,9.765625e-05
01101100101110010000,11.515068984493023,9.765625e-05
01000100101111000001,33.67163087560884,9.765625e-05
10100101101010101011,27.46895211188604,9.765625e-05
01001011101101101010,23.600787740970947,9.765625e-05
10110110111000011011,18.783821234784455,9.765625e-05
01000111010001000000,11.26814127341953,9.765625e-05
01011011111000011111,19.310660611433498,9.765625e-05
00010111001110000101,17.531139710581215,9.765625e-05
10010111100111100000,15.775448131079436,9.765625e-05
01100011001110100110,20.840541191298442,9.765625e-05
01111000101011001000,18.735205363645804,9.765625e-05
10011011100110101000,18.24114125959422,9.765625e-05
11110000111100010000,8.23391436143092,9.765625e-05
01110111110111001011,16.671837853502055,9.765625e-05
01101001110011100010,17.02243807847999,9.765625e-05
11000011101101011000,16.962663701142336,9.765625e-05
01111000010110001010,14.276446917052652,9.765625e-05
11010101010101100011,16.447396836597203,9.765625e-05
10110101110111111100,17.07005840634716,9.765625e-05
01101101111110001001,19.451777750242023,9.765625e-05
01110000000001000110,14.738976329107047,9.765625e-05
10010111110110101100,15.88422783756143,9.765625e-05
11110001011001001000,11.92151261481731,9.765625e-05
01100111110011011100,13.109822221526283,9.765625e-05
11110010101100011110,18.654321593821013,9.765625e-05
01101100001110010000,11.025613994699636,9.765625e-05
00000111001111000001,15.84593086582251,9.765625e-05
01101101001111110110,11.85352359476553,9.765625e-05
10010110110101000100,18.183980949087,9.765625e-05
11101101111111001110,14.112109681495951,9.765625e-05
11010011000010101001,19.349966344051666,9.765625e-05
01110110000111101011,19.597738739782713,9.765625e-05
11010011010100011110,13.394772847768039,9.765625e-05
00111101011011111010,16.246671481037577,9.765625e-05
01111111101011100011,26.957906547099597,9.765625e-05
11110110101110100011,19.193336465582938,9.765625e-05
10110000110011010101,32.03351216828845,9.765625e-05
01111100000010010000,15.300420931711116,9.765625e-05
11110001100101000101,11.025505716911418,9.765625e-05
11000101000010000001,20.87493216866893,9.765625e-05
11111000001100100000,15.847292756314896,9.765625e-05
11100111001110011110,21.307720622454546,9.765625e-05
11100101100011111101,17.451768064205062,9.765625e-05
11001100001011100010,13.372863327050531,9.765625e-05
01111010110011100110,21.405836527958293,9.765625e-05
10010111100011110111,22.414695559932245,9.765625e-05
10110100110001011001,12.877591526347608,9.765625e-05
10011100000110011010,15.480692133815424,9.765625e-05
01000111110011100000,19.283121543100304,0.0001953125
11011110111001110001,14.607338912212985,9.765625e-05
11110001011011000110,13.882752912721443,9.765625e-05
10110110010010111011,23.616975608926392,9.765625e-05
10110101010011010111,18.330548453207474,9.765625e-05
00111001111000101000,16.739381285429047,9.765625e-05
00111101101101000001,8.908355616746949,9.765625e-05
01100111000110110011,22.33035763670663,9.765625e-05
10110011100010101010,20.50246321365814,9.765625e-05
01001111110100101110,17.89684087867799,9.765625e-05
11110100010101111111,11.68756837372726,9.765625e-05
10110001000001000001,16.37768823502278,9.765625e-05
01111100111011010110,9.576826209499181,9.765625e-05
11110001110000011000,9.85198628696362,9.765625e-05
01000111010011111100,14.487241525756229,9.765625e-05
00001101000101101001,16.143243047118617,9.765625e-05
01000110000100001001,15.288173721374271,9.765625e-05
01001111000101011100,13.585813712883525,9.765625e-05
01101011101111001101,24.585202844775008,9.765625e-05
10111101001111010011,16.597912061887552,9.765625e-05
00111101101110110001,14.966128596300102,9.765625e-05
01100011111000001010,16.367961898174002,0.0001953125
10000011001100101000,21.770151530294534,9.765625e-05
01101100110101100100,17.213849029527246,9.765625e-05
00110111100011011011,18.27395561886496,9.765625e-05
10111101110110100110,15.599830599660503,9.765625e-05
00011111011110111101,14.515785823397861,9.765625e-05
10011111110100111011,18.124491088395352,9.765625e-05
10110101110101010000,9.163957463587968,9.765625e-05
01011100011110110000,10.00659022049694,9.765625e-05
01110110110011000011,13.826533168600502,9.765625e-05
00111101111001000101,10.24783443575787,9.765625e-05
01011111010011010011,16.039766183014876,9.765625e-05
10101111101011101100,23.95387595507836,9.765625e-05
11100111100011011111,18.033585967920718,9.765625e-05
00110110001111100001,16.135929316809502,9.765625e-05
00111101111010001100,19.041630391196488,9.765625e-05
11100111010111011100,18.739978848392944,9.765625e-05
01110110110100010111,10.783821234784456,9.765625e-05
01001111111010101010,21.8509964688443,9.765625e-05
00111011110000110110,24.360253083083705,9.765625e-05
01110011100101001000,15.739927315951341,9.765625e-05
10100101100101001100,14.34144127675701,0.0001953125
01011010100000100010,20.077176830831657,9.765625e-05
00111100000111000010,10.576897201141893,9.765625e-05
11110100111100011000,5.935991203262908,9.765625e-05
01111100010000111010,12.74507212781067,9.765625e-05
01000111010011011010,15.635758699329017,9.765625e-05
01000011001010000100,14.800537219600258,9.765625e-05
11100011111011110010,20.968126462513787,9.765625e-05
00110111001101010110,15.136000308452212,9.765625e-05
00011110101100000001,13.586709635715419,9.765625e-05
11011000010100101010,12.13262776345236,9.765625e-05
00011011011110101111,20.589914289495333,9.765625e-05
11001011111111001010,21.13312871026647,9.765625e-05
00111100000100110110,14.614316164120515,9.765625e-05
01111010101110000010,16.463633429004684,9.765625e-05
11000011000011001101,14.781913841050775,9.765625e-05
01001111111001010011,15.409826095532814,9.765625e-05
01011011111011010110,16.160661537006312,9.765625e-05
00011001001000001010,21.045806312979735,9.765625e-05
10000111011000110110,24.50643582491402,9.765625e-05
10011101010111100011,11.623549890953212,9.765625e-05
01001111011011001001,13.710521231446979,9.765625e-05
11101101010110001101,23.461614117148596,9.765625e-05
01101100011100111001,17.164946470998842,9.765625e-05
01101101100011001010,20.782873779510965,9.765625e-05
00110110000100100101,18.661963134343274,9.765625e-05
11011101111001100111,16.459599414219475,9.765625e-05
01101100000101000000,15.30076187240482,9.765625e-05
11110110111101001010,13.624511287415714,9.765625e-05
01111100000110110101,11.871761476194122,9.765625e-05
01111110111110011100,13.213434387168288,9.765625e-05
10011001101001001001,19.732934125573696,9.765625e-05
01100110111100000001,17.05513935514494,9.765625e-05
11001101010011000100,10.980885654940622,9.765625e-05
10110101100101100001,10.908355616746949,9.765625e-05
00101101010010101011,21.490042132299266,9.765625e-05
01100111111010111100,20.39460775369784,9.765625e-05
01011001000100010001,17.142353365880073,9.765625e-05
00111101110011010111,12.818146847287714,9.765625e-05
00111011101110010110,19.857455289928424,9.765625e-05
11010001010100111000,12.51269653218397,9.765625e-05
11011100011001111110,12.039798685569352,9.765625e-05
11010110101001011011,19.514838368124373,9.765625e-05
10110111110100101011,17.136000308452207,9.765625e-05
11001101010111100111,12.40976832149787,9.765625e-05
00101101100111001111,19.254039355434163,9.765625e-05
01011110111001010000,13.586709635715415,9.765625e-05
11000111010101111000,10.503625532334034,9.765625e-05
10001001110111100110,31.11868740796638,9.765625e-05
01011011011000100110,15.662589031836788,9.765625e-05
11011101100001010111,19.488558430507446,9.765625e-05
11001100000000110101,11.526734570336092,9.765625e-05
11001101110010101000,15.724394039733859,9.765625e-05
11100100101000100000,13.301008710671038,9.765625e-05
11110011001111101000,20.912717892738918,9.765625e-05
01100001000010000100,15.162059755891244,9.765625e-05
11000101010000010101,10.449684002299609,9.765625e-05
10110100001000111110,21.471294341600853,9.765625e-05
00110101110011101100,25.631930694253896,9.765625e-05
11011010110010101000,13.805268123521687,9.765625e-05
00010110000111001000,14.002395650221034,9.765625e-05
01111101011111000011,11.370800906678078,9.765625e-05
00001110001010111010,21.21941111707103,9.765625e-05
11010110010000011001,10.18505717003815,9.765625e-05
11001111101011110100,13.876486138522203,9.765625e-05
10111101110100101110,16.241141259594222,9.765625e-05
11110100110011111100,13.577802810010741,9.765625e-05
01001100000010000000,11.90025840941901,9.765625e-05
01011010100010101110,21.627714053131008,9.765625e-05
11110000100101001010,13.337265354973765,9.765625e-05
01100101100101010110,13.45177775024202,9.765625e-05
11011111001010111110,28.78215117878392,9.765625e-05
11000011011010101000,14.49135967350453,9.765625e-05
11100100111001100010,14.625873385048163,9.765625e-05
00100111101011001110,19.82743877746935,9.765625e-05
11000110011100010110,20.431469024515735,9.765625e-05
01011011011010111000,15.821273081712013,9.765625e-05
11110010111000110010,16.38628618243442,9.765625e-05
11001001101000010110,15.306382457564798,9.765625e-05
00001100001001000011,18.45403306068382,9.765625e-05
01111110011100001001,17.149626278472873,9.765625e-05
10110100110010101100,19.38528439756959,9.765625e-05
00010011010001100000,14.442286590021025,9.765625e-05
11011100110001111001,8.143243047118617,9.765625e-05
00100101001100100100,19.16809153896657,9.765625e-05
11110001110010000110,11.718837295538119,9.765625e-05
01100110011011011100,19.283924097925777,9.765625e-05
01110110010001011010,14.960399439084647,9.765625e-05
01110100010100010010,6.815561838568153,9.765625e-05
00010111011100110101,17.92532740228467,9.765625e-05
11010001110001100100,11.50470854379572,9.765625e-05
00111001100101100101,17.989977191347844,9.765625e-05
00111101110100010000,11.631571203444196,9.765625e-05
11110000101001000101,13.505299119905388,9.765625e-05
11001001001011000100,13.897743777524294,9.765625e-05
00011001011100100100,16.468351555472157,9.765625e-05
11000111110111011101,10.830526180618623,9.765625e-05
10110110001000111100,26.24807594151586,9.765625e-05
01011110011100000001,10.745072127810666,9.765625e-05
01111100101100100000,11.862684958332089,9.765625e-05
11010011000001001111,18.617885483787116,9.765625e-05
01001011000110101111,21.356475876029123,9.765625e-05
00010100110010001001,28.90235215736142,9.765625e-05
11010100010010001001,13.117262203790759,9.765625e-05
01001100010010010000,9.421090893078738,9.765625e-05
01111001100100101110,19.349009115614017,9.765625e-05
01001111110011110110,12.825917066360429,9.765625e-05
11110010101100101011,18.643673720473082,9.765625e-05
11000110110001011011,16.935657445723677,9.765625e-05
00001111000010100101,16.53593807457455,9.765625e-05
10100000000110000100,37.73311161570339,9.765625e-05
00010011001100100000,17.96362437402359,9.765625e-05
01100111010011111100,16.470879699241895,9.765625e-05
10011001001010100101,19.002411588691157,9.765625e-05
11000101010100110011,16.274387021651957,9.765625e-05
00110110010001010111,21.912646901096213,9.765625e-05
10111001111100101101,19.350706858850316,9.765625e-05
11000011100100010100,13.346519362965495,9.765625e-05
10011110000001101010,23.983412780861855,9.765625e-05
01100111000111000110,16.728569139559184,9.765625e-05
01000011110001000001,16.76404531113289,9.765625e-05
10111100011111000011,16.135929316809506,9.765625e-05
01010011101010011000,27.690407811545313,9.765625e-05
01100100101011000001,21.51568620295827,9.765625e-05
10000111001001101000,16.250886234095844,0.0001953125
11000110110001111001,14.630598047376246,9.765625e-05
00001111000111001000,12.241141259594222,9.765625e-05
01010111110111000110,19.98314285344705,9.765625e-05
00111100111000110001,10.879579597760953,9.765625e-05
01010100110110010010,24.949057103195585,9.765625e-05
10110001101010000100,17.53485634645112,9.765625e-05
11010001011110010100,15.624925929774669,0.0001953125
01111100111101000010,5.885181534428268,9.765625e-05
00111101101100100000,14.741359670805437,9.765625e-05
11010000000000001010,14.963017859443806,9.765625e-05
10100001111000001000,20.25865282322108,9.765625e-05
10100111101111000010,19.885004044298572,9.765625e-05
01110110111100110110,15.276491473479833,9.765625e-05
11110001111101001110,11.279748176142531,9.765625e-05
10010101000100011101,15.938233383224148,0.0001953125
01101100100101100000,14.329264323641809,9.765625e-05
10010110011101010010,22.442431490469048,9.765625e-05
01010011101101011110,25.555807180728664,9.765625e-05
01110010011000100000,13.80526812352169,9.765625e-05
11100100110011010000,12.571247176476586,9.765625e-05
10011011111011101010,19.681494020666044,9.765625e-05
01011000001001000010,16.877672204027274,9.765625e-05
11100001101100000010,15.226985921102635,9.765625e-05
10000111001100101001,18.614316164120513,9.765625e-05
01011011111010010100,14.128536258059645,9.765625e-05
01010100010010001111,26.91267251476347,9.765625e-05
11101101110100100111,15.871761476194123,9.765625e-05
11110011110010011101,14.347540432367378,9.765625e-05
00110111010110111010,18.912610572703667,9.765625e-05
11110100110110110001,7.4069677149548365,9.765625e-05
11010011100001010001,16.484723449417906,9.765625e-05
00111100000000001111,17.638127571399423,9.765625e-05
10110100010010101000,17.09246596796565,9.765625e-05
11011101100101011100,16.20165968035255,9.765625e-05
00000111010010000111,20.112109681495955,9.765625e-05
11010010100000101101,15.33863098417702,9.765625e-05
00111100000000100001,13.409248726191098,9.765625e-05
10011100010110101001,11.474104634180843,9.765625e-05
01010010000100010110,18.181228430541957,9.765625e-05
11010011000000100001,20.097251935899493,9.765625e-05
11100101011100001010,17.233573420737216,9.765625e-05
11010100000101011101,10.269325880922285,9.765625e-05
11001111110101101110,15.025393064367936,9.765625e-05
01010010101000001000,21.00877535000448,9.765625e-05
01000111100111001101,18.255073729980666,9.765625e-05
00011011101101100000,18.512891848848405,9.765625e-05
10101101101100001000,18.504881855060745,9.765625e-05
00100111010100101100,22.424583154173334,9.765625e-05
00011001001001011000,21.091807197363018,9.765625e-05
01111100001110011110,12.859395273343782,9.765625e-05
01111111011101111100,18.669494644807735,9.765625e-05
10001101001111110100,15.199108632938096,9.765625e-05
11011010110010101010,15.163957463587966,9.765625e-05
11010100001001000101,16.002148811954818,9.765625e-05
00000111010000001011,19.332656240715572,9.765625e-05
11011001110101111010,15.212525246728632,9.765625e-05
01001001000001110111,19.532054281905772,9.765625e-05
10110100101010101101,22.37368282735482,9.765625e-05
11110010101100110011,20.515785823397863,9.765625e-05
10011100110000111110,18.75007995679751,9.765625e-05
00100100000001000000,15.988710018100805,9.765625e-05
11100100100000111111,15.970147123608815,9.765625e-05
10001110110111011001,34.1925352924724,9.765625e-05
01111001011011010000,12.57689720114189,9.765625e-05
01100111011010110101,18.51764866070436,9.765625e-05
11011000001111101001,18.680961207751505,9.765625e-05
11110001111000010000,9.313898763980205,9.765625e-05
11011100100101000011,11.299444331199556,9.765625e-05
11110001110000010001,9.518002819005826,9.765625e-05
10010100010111011010,22.022447764516944,9.765625e-05
11010110010100100000,11.484816523157072,9.765625e-05
11100100001001110011,16.07682267253019,9.765625e-05
11110000100100001010,10.608573789297296,9.765625e-05
11100111001110010110,22.547362154659623,9.765625e-05
01101111100001100000,25.131481557910632,9.765625e-05
00111100001111011010,13.271419628864699,9.765625e-05
11000111110100100100,12.326454031061822,9.765625e-05
01100101010100011001,16.895558648016753,9.765625e-05
10011101011100111010,15.91377362580063,0.0001953125
01010011000100010101,14.316699370523242,9.765625e-05
10110101100011010010,19.387734377381953,9.765625e-05
01011010100010101010,20.84723247939747,9.765625e-05
01011110011101010011,11.853523594765527,9.765625e-05
01011100011110001001,12.471294341600855,9.765625e-05
01000111000100000010,19.057066208079736,9.765625e-05
01111101101110110110,20.780159575799757,9.765625e-05
01110101001001100010,31.65733882687585,9.765625e-05
00001111010011001000,13.394772847768039,9.765625e-05
10001101000111011111,19.979548654534252,9.765625e-05
00011111000111111011,14.24386670646969,9.765625e-05
10100101000011001110,21.096718213899834,0.0001953125
10001111111011110100,19.651276135453056,9.765625e-05
11110110001001111110,23.221066241653595,9.765625e-05
01100110001011110110,21.823286151974756,9.765625e-05
11111101111111101101,13.191429071849264,9.765625e-05
11011100011000110011,8.414540777556685,9.765625e-05
01111110110111000011,13.949921257894072,9.765625e-05
01000001111100000110,31.91718937724042,9.765625e-05
01010011001011010100,17.976693805527077,9.765625e-05
11011100000101100101,10.62293963766256,9.765625e-05
11010111010110011111,15.498476541610035,9.765625e-05
01011011010011011001,16.1008100135598,9.765625e-05
10110101011000010001,15.631561517407238,9.765625e-05
11110111100111011001,19.03466218887187,9.765625e-05
10111101100111101011,15.37080090667807,9.765625e-05
00110111010001010110,16.912717892738915,9.765625e-05
01001101001100010001,14.411087642004365,9.765625e-05
11010000110000100000,9.54154690012908,0.0001953125
00110010000000000100,21.805268857942757,9.765625e-05
01011110100101001001,16.316699370523242,9.765625e-05
11010011010101001110,13.09671821389983,9.765625e-05
01011111001111000110,19.55502409594413,9.765625e-05
11011110000111101111,18.450862455336214,9.765625e-05
00100111011000110111,24.515785823397863,9.765625e-05
01010111100101010100,17.429304372057814,9.765625e-05
01011011110100001100,14.914998816847984,9.765625e-05
11110100100001001011,13.892662246872202,9.765625e-05
11101101110011100001,16.55688964327316,9.765625e-05
01011110110101001000,13.75759626321292,9.765625e-05
00010111110111001001,14.40200778846211,9.765625e-05
00110011001110010000,16.470879699241898,9.765625e-05
01000101001001011011,30.43868894666462,9.765625e-05
01001000001000110000,18.40414120047728,0.0001953125
11101100011000101101,18.928514022389784,9.765625e-05
11000111010100011001,12.865199601066616,9.765625e-05
01111101101101111110,19.222013696927085,9.765625e-05
01100011000110010011,22.984118730377357,9.765625e-05
11100000000000100110,18.910636540856007,9.765625e-05
01010111111100101101,26.3138828363499,9.765625e-05
11000101010000011001,13.147087714245112,9.765625e-05
10001101001110011110,20.214455544107032,9.765625e-05
11011110101010100101,20.06935246767148,9.765625e-05
10110101100010011010,24.664274368173768,9.765625e-05
11100100000011010000,14.638094687450486,9.765625e-05
11101100100000101000,16.456560910186298,9.765625e-05
01011110010010100110,15.410180253834284,9.765625e-05
10101101101001111010,16.18470301173668,9.765625e-05
01001011001100111100,19.069615233567998,9.765625e-05
01100110000001111010,20.906171210820652,9.765625e-05
00011111000101010111,15.816486477324128,9.765625e-05
11011100111001101101,12.058193775968608,9.765625e-05
01101100001011111001,17.651276135453056,9.765625e-05
11010000100001111001,19.556523725366244,9.765625e-05
10110100011000000011,13.151418124136661,9.765625e-05
11000001101111011110,31.35354650380843,9.765625e-05
01011011011001111101,17.367909642151155,9.765625e-05
10011011111110000000,19.332656240715572,9.765625e-05
10001101001100010010,16.73155516999929,9.765625e-05
00011100000001010010,13.586709635715417,9.765625e-05
00110101010100001110,16.245750373852417,9.765625e-05
00011110001000010001,15.772678656215763,9.765625e-05
11111001111100110110,10.917512725161448,9.765625e-05
11000011000000011100,11.897195036979456,9.765625e-05
01011110100111011110,16.958478093322135,9.765625e-05
01110100001101000110,13.884227837561427,9.765625e-05
11110100000000011111,15.26779409113248,9.765625e-05
11110000101011001000,16.853373176305407,9.765625e-05
10011011110010001010,19.73429975477695,9.765625e-05
11010100100110110011,19.964217670995616,9.765625e-05
11111100111010001110,13.271773787166165,9.765625e-05
11000100001100100111,21.26623931057075,9.765625e-05
01111000110100110000,13.170901831546558,9.765625e-05
00011100000111110010,14.760097688339691,9.765625e-05
01011001011110000010,15.839417802274244,9.765625e-05
01001111010011011100,10.24114125959422,9.765625e-05
11101110010110100001,36.41306777965033,9.765625e-05
11110110100010001111,21.31146045623643,9.765625e-05
10001100001010100000,16.156768673118442,9.765625e-05
01110010101110100001,19.576826209499178,9.765625e-05
10100001011010001010,26.413719388734677,9.765625e-05
00011001110010010111,24.733268090252984,9.765625e-05
01111100100110001010,15.904199067037617,9.765625e-05
00010011001000011110,23.884227837561426,9.765625e-05
00111111110111110010,15.062570815855825,9.765625e-05
01011011000011000001,19.545539177316478,9.765625e-05
00011011110011000110,17.755709406036523,9.765625e-05
00011111011111000011,10.062513041820885,9.765625e-05
01110101101000100110,36.95807572206745,9.765625e-05
10101101001011001010,20.087442211348502,9.765625e-05
01111000001000010000,12.323643738481833,9.765625e-05
00011101001100111010,22.26595614391199,9.765625e-05
01011110110110100100,12.91690621058166,9.765625e-05
00111001011011000011,13.893309687931694,0.0001953125
11011011100111000011,23.01676876886797,9.765625e-05
00101100000001000011,19.395726544634883,9.765625e-05
00001011101000100000,20.64597682464561,9.765625e-05
01111011101110101000,21.795513462983113,9.765625e-05
11110000000001000000,13.46848478344193,9.765625e-05
11000011000000011111,18.241141259594222,9.765625e-05
11011000110010110110,14.252723370607885,9.765625e-05
11010111010001011111,16.121900033973027,9.765625e-05
00110111111001111111,20.282863375290937,9.765625e-05
11010101010111110011,18.483453909083437,9.765625e-05
11010011110100100101,11.21343438716829,9.765625e-05
01100110010000101111,23.60670750754719,9.765625e-05
01011001110011011111,24.017545612059166,9.765625e-05
01100011110010101110,19.427087190945976,9.765625e-05
11100000101000011000,16.39348436467364,9.765625e-05
11010010000010001001,14.552175401403101,9.765625e-05
01010011001101001100,16.7659666568954,9.765625e-05
00011111010011101000,14.33360722755987,9.765625e-05
00010011001101010101,20.866175575920497,9.765625e-05
00111111111011010111,14.563492455720183,9.765625e-05
01110101110101011011,16.583361453110918,9.765625e-05
01111000001110110010,13.568471754286827,9.765625e-05
10000101100101011001,16.96767704814128,9.765625e-05
11110000101000001000,10.766381299254355,9.765625e-05
10011101110110100111,15.02626681797618,9.765625e-05
00111111101011010001,16.906142152709783,9.765625e-05
01110000000101000011,15.446979386248685,9.765625e-05
00111111101001111111,20.083603062234104,9.765625e-05
01110110110100110111,13.802983667841822,9.765625e-05
11110001110001001100,8.112084507982498,9.765625e-05
11001111101001111100,14.439665547176176,9.765625e-05
11111001101001110100,15.816512825412453,9.765625e-05
11111100111010100001,9.821273081712013,9.765625e-05
01001111010110100110,13.83662895533666,9.765625e-05
00110111010000010011,17.361204069928007,9.765625e-05
01101001000010110110,16.942588683201706,9.765625e-05
10011101011010100011,17.677017116529115,9.765625e-05
11010111110100110010,18.899368004599214,9.765625e-05
10110111111100110010,19.2304508162604,9.765625e-05
10111001111010101110,17.94025687394491,9.765625e-05
11110000001000000011,13.394772847768039,9.765625e-05
01100101011101011110,16.73711275737948,9.765625e-05
11000111000010110010,21.20659485255431,9.765625e-05
11001101001011011111,15.759146788622587,9.765625e-05
01110010011110001110,16.856353161042755,9.765625e-05
11111101101010010101,23.844216253394784,9.765625e-05
11110100100000110000,12.086876514485034,9.765625e-05
10111101000010010011,26.584557477284008,9.765625e-05
11100001111010100000,16.378754671969954,9.765625e-05
11110001111100001110,10.735205363645802,9.765625e-05
00111110100111001010,17.21802412935257,9.765625e-05
11011110000001111010,22.69903147059123,9.765625e-05
01110011010010101110,16.99568916891277,9.765625e-05
00110011101001100101,18.893384124018006,9.765625e-05
11000101010100110110,14.04954366007097,9.765625e-05
01111100101001110011,11.474752995165272,9.765625e-05
00100111100101111111,22.940240211893542,9.765625e-05
00001111000010110011,17.33333573337936,9.765625e-05
11111100001110111101,13.871761476194122,9.765625e-05
01101101001111100011,15.853513908728576,9.765625e-05
10001010111101100010,51.06643829949984,9.765625e-05
10110111000100001101,24.703103293450937,9.765625e-05
10010101010011111101,20.33096309556643,9.765625e-05
01111100001110110101,10.184703011736682,9.765625e-05
00001010000000001100,34.22674876887337,9.765625e-05
01011100100100111111,19.833822107200277,9.765625e-05
00110110101100010010,14.441383691174718,9.765625e-05
01111100010010100000,12.558207184478427,9.765625e-05
01000110011010110000,18.83592554117964,9.765625e-05
11110111110010001010,26.219945475115082,9.765625e-05
11000111100101011000,10.041719296910797,9.765625e-05
11100111111101111010,16.40976832149787,9.765625e-05
10001101101101010011,17.021618578175705,9.765625e-05
10011111101011010111,22.083603062234108,9.765625e-05
00100101100100000010,16.325088401858565,9.765625e-05
10110101111101001000,11.032196270589376,9.765625e-05
01100111011111010100,12.783821234784458,9.765625e-05
11101100100001011100,17.900005329559445,9.765625e-05
01000110001100110100,18.960132112928992,9.765625e-05
10010110001100011000,16.086870272891687,9.765625e-05
01110111011101111110,17.2027768277834,9.765625e-05
10010111100101000011,15.87854531034165,9.765625e-05
01010110010110010101,9.645597776258132,9.765625e-05
11010100010010100100,14.741642837464195,9.765625e-05
01000111010000010100,10.504881855060745,9.765625e-05
10010011010000001001,14.784175393085924,9.765625e-05
00011111100100001100,18.909436005722952,9.765625e-05
01111100001110010011,7.726493305688371,0.0001953125
10111100101010001110,19.271773787166165,9.765625e-05
11010011011111011101,15.171234974267929,9.765625e-05
01111010111000111110,20.008411505666054,9.765625e-05
11100011001010001111,23.46137885298395,9.765625e-05
11010011000001110110,19.361213755964968,9.765625e-05
10110101011100010110,15.997786535962842,9.765625e-05
10010111010101000010,16.087442211348502,9.765625e-05
01110011011100001100,11.466223231406783,0.0001953125
01011100000011001101,18.139174445370628,9.765625e-05
11111101011101100010,16.124504306003118,9.765625e-05
01011110111100001011,14.73154994625445,9.765625e-05
10000111111001111011,24.42419360904045,9.765625e-05
00011111011010101000,17.46256781401543,9.765625e-05
11100101001001011110,15.445261242250146,9.765625e-05
10011101101110100010,20.889055564772708,9.765625e-05
00011011001001101010,19.88012562828325,9.765625e-05
01011101110111110001,16.84723799740957,9.765625e-05
11111101011111111110,13.91557898333944,9.765625e-05
01001001011010001100,17.43240751733352,9.765625e-05
10010111100101001110,16.822108520486424,9.765625e-05
10011100101000001101,17.909682843989167,9.765625e-05
10110111101101101011,17.37080090667807,0.0001953125
10011001010100100000,14.532330265410057,0.0001953125
11101001000110110110,22.614306478083556,9.765625e-05
01011001010001000101,12.276590701275486,9.765625e-05
01111010000100100011,26.694290880632842,9.765625e-05
01011110000111010100,13.508331546169455,9.765625e-05
10011111001111110111,19.031889476704656,9.765625e-05
01110010110010010110,15.052989721232205,9.765625e-05
11011100000001010001,12.744413357208035,9.765625e-05
11110100101100001001,10.565690606944901,9.765625e-05
01110111011101010001,12.282163678208612,9.765625e-05
00011110000110100101,15.02539306436794,9.765625e-05
01101101110111000101,13.978543425225812,9.765625e-05
01110111010111101101,16.930758824836712,9.765625e-05
00110001001011110000,23.198055609898923,9.765625e-05
01100110100111000001,18.01267343763719,9.765625e-05
11011011011010111111,17.675995225169306,9.765625e-05
10001101000001101100,14.385660001513461,9.765625e-05
10010001001100001000,17.81906378569971,9.765625e-05
01010001010100111000,22.910636540856007,9.765625e-05
01110011110110001001,13.688932886705333,9.765625e-05
01100100110000100100,17.049216867706342,9.765625e-05
00011101100100100001,17.21105123097377,9.765625e-05
01100100001100001001,17.93599120326291,9.765625e-05
01110010110110010000,13.283924097925777,9.765625e-05
11100110101101100110,22.386286182434418,9.765625e-05
10010010000000001011,22.729642552520772,9.765625e-05
11001100001000010100,11.133192431627503,9.765625e-05
01011100010011001101,14.276446917052652,9.765625e-05
11010110001101011010,17.02539306436794,9.765625e-05
11111100111000101100,11.900005329559445,9.765625e-05
01011001000101000000,15.604208803282777,9.765625e-05
11010011110101001100,8.660845077827299,9.765625e-05
11110100011001100010,12.55408279513678,9.765625e-05
01010111010100001011,20.11223844717361,9.765625e-05
01111011000110111100,24.552229730994437,9.765625e-05
11111001110111110100,14.958478093322134,9.765625e-05
00101000000100011000,39.93858474437587,9.765625e-05
01011100000001001111,18.51704912213899,9.765625e-05
01111111001011011101,24.235456022351904,9.765625e-05
10000111100001001010,15.996832839096003,9.765625e-05
01111000110000010101,14.247051253006308,9.765625e-05
11000100000000110011,14.971132686576079,9.765625e-05
11110100011100000011,7.997786535962842,9.765625e-05
11100110111001101010,19.673484026878377,9.765625e-05
11010000100001001111,21.551056610466063,9.765625e-05
00010111000100001101,14.849166308346677,9.765625e-05
00100111101110000000,16.509069350945566,9.765625e-05
11110100100010000100,16.514242274002605,9.765625e-05
00110001110000000000,10.764119747219205,9.765625e-05
00110100010101000100,13.385284397569588,9.765625e-05
11000111001001011001,15.127661780870156,9.765625e-05
10010110100000101100,19.340892536212166,9.765625e-05
00010100100011000011,30.045262170522058,9.765625e-05
01011100110001100111,16.150409374097233,9.765625e-05
01001110010111011010,17.102795287823408,9.765625e-05
01011001010100001100,13.733111615703391,9.765625e-05
10100100101000001101,22.636527499989445,9.765625e-05
11011101010101010110,12.457806823294803,9.765625e-05
10110011100010101100,19.58156482385609,9.765625e-05
10110111101111001101,16.159611027689444,9.765625e-05
00100101001001100110,19.839417802274244,9.765625e-05
11011001010011100011,14.984118730377356,9.765625e-05
01011100010101000001,6.760643708022171,9.765625e-05
01110100011100100110,14.202241217719124,9.765625e-05
10110011001110101110,23.014857843563483,9.765625e-05
11010110001110110001,15.393547656720688,9.765625e-05
11000110110110101110,20.09173620572031,9.765625e-05
11010110011100001100,12.363774402289181,9.765625e-05
10000111001111011100,17.645597776258132,9.765625e-05
01010010000000110001,17.586709635715415,9.765625e-05
01010000111000111000,34.35563565366368,9.765625e-05
00111101011111010111,9.726618648558606,9.765625e-05
01110100110001011101,13.08357434631003,9.765625e-05
00000101010001000000,15.575709062068329,9.765625e-05
11010111101111001001,22.32602001662896,9.765625e-05
01100100000000011110,16.993282803966455,9.765625e-05
01110000010111001000,18.12612627400567,9.765625e-05
01101100001110111010,15.561764244290238,9.765625e-05
11110000111100101011,14.26203152268708,9.765625e-05
01111011101000110101,22.915659661019106,9.765625e-05
11010111011001100001,20.20596970032168,9.765625e-05
11110011110110101000,13.867866011047091,9.765625e-05
01100110101001001010,19.347896566270325,9.765625e-05
11010001000101011011,19.509448693600305,9.765625e-05
11101100101010011000,14.532330265410057,9.765625e-05
00101001110111001001,35.36095622460966,9.765625e-05
11100101100111101011,21.52128741604434,9.765625e-05
10011011101010010100,24.241141259594222,9.765625e-05
00101101000001110011,16.124491088395352,9.765625e-05
10001101001100011000,16.519251147869618,9.765625e-05
11111000010111001000,23.04163039119649,9.765625e-05
01011101010011010111,14.612308720633253,9.765625e-05
11110011110000011010,15.624576037465076,9.765625e-05
01111111111111001000,17.514777884066884,9.765625e-05
11011001001100011111,19.299444331199556,9.765625e-05
01101101100000011110,18.391935912832466,9.765625e-05
11011100000001011001,13.449674316262652,9.765625e-05
11001001001011100010,16.030105243509325,9.765625e-05
00000111000110111011,24.130943580758927,9.765625e-05
11111100111001110010,7.763881136987631,9.765625e-05
10011011111000110010,23.705535495396404,9.765625e-05
01100111100110011011,20.417613014075272,9.765625e-05
01001101000001110001,13.761346104330674,9.765625e-05
01000111111101000010,20.618944944719875,9.765625e-05
11000100000000001001,12.811553720877649,9.765625e-05
10001111110010101011,20.2028442878553,9.765625e-05
00001101110001100101,18.545792170048845,9.765625e-05
11001101100101110011,12.214175098310635,9.765625e-05
11001110101000001010,19.7168165148399,9.765625e-05
01110101110001000111,16.46137885298395,9.765625e-05
10010100010001110010,18.45403306068382,9.765625e-05
01100110001011111000,20.441383691174718,9.765625e-05
11000111101011011111,19.521287416044338,9.765625e-05
11001100001010101110,16.02507867890262,9.765625e-05
00010111010010001010,20.913623501607766,9.765625e-05
00110111011111011101,13.936308418353974,9.765625e-05
10110100110110101101,18.06725779980413,9.765625e-05
00010110001100010001,13.947323031566746,9.765625e-05
11011100111101010010,8.879579597760952,9.765625e-05
10110101111101100000,11.007457808799217,9.765625e-05
00111101011100000011,8.556889643273163,9.765625e-05
11011100111110111001,9.725941767993788,9.765625e-05
01011111001010000110,29.433153512316238,9.765625e-05
00111100010000010110,15.691773440748571,9.765625e-05
11100000100111101111,34.626232141436795,9.765625e-05
01100011010110011110,20.590181321383724,9.765625e-05
10100101000000101010,21.293833432076536,9.765625e-05
01010110000100000000,13.900011571152795,9.765625e-05
01110010111100101010,18.228761839136116,9.765625e-05
10011111100010110010,25.3220945630594,9.765625e-05
11110000100000000101,10.11630226533057,9.765625e-05
01100101111011101000,30.130328103723432,9.765625e-05
00101101001100100101,16.327060545641608,9.765625e-05
10010110001011110000,21.157096483331586,9.765625e-05
10010100000111100001,15.074234328130409,9.765625e-05
11001111001101011110,17.984366477728695,9.765625e-05
01010111110100011100,16.5656906069449,9.765625e-05
00110011010001110011,22.395468376825516,9.765625e-05
00110011011000111001,20.643673720473082,9.765625e-05
11001110100110100000,16.01628021811336,9.765625e-05
11001000000001101100,20.597604347329565,9.765625e-05
10010111110101010001,11.41977709058434,9.765625e-05
01001001100000100001,21.095645622896164,9.765625e-05
10001111000011111010,18.89935831856226,9.765625e-05
11100100100000100000,11.90025840941901,9.765625e-05
11111001110000110010,14.535938074574549,9.765625e-05
00111001011000000000,11.894933484944307,9.765625e-05
11010011010000010000,13.222383782858856,9.765625e-05
00111101000111011001,15.196211508212292,9.765625e-05
11001100011100001010,13.52710839497873,9.765625e-05
01110000000000001011,16.245750373852413,9.765625e-05
11001100000110011111,16.03979868556935,9.765625e-05
01110011001100101010,21.795513462983113,9.765625e-05
11001111010101101001,19.262123959972197,9.765625e-05
11100111001100101101,23.620936547704034,9.765625e-05
00111001111010100101,17.298008444774656,9.765625e-05
01011111011101000000,15.788970312635655,9.765625e-05
01110010110010001011,15.279580372049793,9.765625e-05
11111001011011001010,17.539510104263695,9.765625e-05
00011011001101101100,19.182637499947216,9.765625e-05
00110011100100100101,17.624511287415714,9.765625e-05
01110100010111000000,10.002395650221032,9.765625e-05
01111100110001100011,9.736207148510633,9.765625e-05
01101001000010100110,16.516139981699332,9.765625e-05
01111110101110010011,12.94027487514371,9.765625e-05
00111101111001010100,11.606707507547185,9.765625e-05
10001101001010010110,19.058013663353226,9.765625e-05
10000111100011001100,14.245750373852413,9.765625e-05
01100110101000011010,17.807826195618407,9.765625e-05
11110101100101010100,12.584850329979727,9.765625e-05
00000111101000100101,25.47039217717561,9.765625e-05
00111101010000110001,15.772668970178803,9.765625e-05
11001111010011011000,16.177232806877967,9.765625e-05
01110011011101001000,12.781913841050775,9.765625e-05
11111100011110100011,9.096884559990258,9.765625e-05
01101110101101101001,23.157096483331582,9.765625e-05
11110010101000100001,18.241141259594222,9.765625e-05
00011111000011101111,18.240051919002333,9.765625e-05
10000010011010011000,38.86481503466704,9.765625e-05
01100111011000000000,17.537188155707916,9.765625e-05
11001101001100001111,17.69931463724999,9.765625e-05
01111011111011011010,16.46411470947762,9.765625e-05
11010011111110100000,15.839417802274244,9.765625e-05
11000001011000001001,17.57570906206833,9.765625e-05
01110001011101001001,15.493934701919875,9.765625e-05
11011001100111000101,16.247834435757866,9.765625e-05
11111011010010110001,34.4033193607051,9.765625e-05
11011000010010100001,10.815561838568154,9.765625e-05
11001101000110010111,15.080606121178128,9.765625e-05
10010110001001010010,22.844154947789026,9.765625e-05
01001001101001110000,21.055502475902117,9.765625e-05
00010011011100000110,18.73615906051264,9.765625e-05
00001111001111010010,13.122570477053909,9.765625e-05
11100101110101011100,9.500751224125754,9.765625e-05
01000111100110000101,18.536776223371497,9.765625e-05
01110111110011011010,19.57066128558128,9.765625e-05
11011100001010110000,13.945446769512426,9.765625e-05
01011111011000111011,22.460385481657635,9.765625e-05
10010101010001000110,17.14384133366376,9.765625e-05
10000111100001001110,16.729642552520772,9.765625e-05
01011011001010001001,21.349966344051666,9.765625e-05
00100111001010001111,21.911599101801883,9.765625e-05
00011111000110111010,17.94511580912293,9.765625e-05
00011110010111011010,17.021542155648095,9.765625e-05
01110000110011000011,18.509421865740844,9.765625e-05
11100101000110111000,20.09963333982443,9.765625e-05
00111001011110100100,15.161705597589776,9.765625e-05
00011110001100011001,14.503625532334034,9.765625e-05
10110001101000001000,15.070544774769893,9.765625e-05
11010001011100000101,12.139421283636842,9.765625e-05
11110000111110001000,12.347906252307283,9.765625e-05
11010110100100011000,11.048596204797484,9.765625e-05
01111011111000011110,16.82025192477327,9.765625e-05
11011101111101110010,13.44998862544059,9.765625e-05
01100110001010000001,18.371796879263538,9.765625e-05
00011011100111000110,18.34561908660487,9.765625e-05
11010100011111000011,17.264832129230115,9.765625e-05
00011101110101000001,10.37236528614955,9.765625e-05
01010011100101000101,15.869959758989506,9.765625e-05
01001111010111111111,14.184606406426711,9.765625e-05
11010001110000010001,12.134812169378648,9.765625e-05
11011100011101100011,8.032821433661827,9.765625e-05
11001101011001111001,11.490378610700853,9.765625e-05
11100100101100010100,11.043216216310375,9.765625e-05
00110111111111000111,13.50682311172286,9.765625e-05
01111101110101100100,13.076161915486267,9.765625e-05
01000111011111110000,17.362157679667654,9.765625e-05
01110101110100110101,15.498891183968992,9.765625e-05
00110111101001010001,14.815532780457282,9.765625e-05
01110100110000010101,8.453085605410328,9.765625e-05
01011110010110101110,13.96265401510538,9.765625e-05
11010110100110011111,15.635758699329019,9.765625e-05
11101100101100101010,13.301615225250824,9.765625e-05
01110001011010111010,26.020523708731893,9.765625e-05
00111001100010101001,21.976693805527077,9.765625e-05
10111111000111010110,35.8548288270385,9.765625e-05
00111101010111100011,10.062513041820885,9.765625e-05
11000111111101011101,12.631484284171187,9.765625e-05
01011011011011010010,14.78195495303435,9.765625e-05
01100110000000011100,18.09935881432246,9.765625e-05
01011110010010110010,12.997801740011898,9.765625e-05
10010111111111101001,16.478613698685457,9.765625e-05
01111001000111001111,19.691117292631628,9.765625e-05
11011011010010100100,17.697111593670854,9.765625e-05
10111000101000100110,20.107535877781796,9.765625e-05
11100011110010111000,17.213434387168288,9.765625e-05
01001110001101001000,16.32645403106182,9.765625e-05
11110000000000010101,14.311082229806871,9.765625e-05
01100111111101101101,19.13312871026647,9.765625e-05
01110001001000111001,25.25087654805889,9.765625e-05
10100101110000001100,16.94761941583327,9.765625e-05
11011110111010111001,12.184703011736682,9.765625e-05
00011111010110010001,11.761061158370685,9.765625e-05
01111110011011110011,14.243866706469692,9.765625e-05
11011100011100111101,7.550590534042183,9.765625e-05
00011011001001000001,17.96530972120039,9.765625e-05
11110001010100001111,12.781913841050777,9.765625e-05
11000001000100110100,13.52710839497873,9.765625e-05
00011011001101000001,17.785921224320216,9.765625e-05
01110001000101001001,17.647688814178,9.765625e-05
10110001100111001011,19.47991346161417,9.765625e-05
01111100110110111010,11.906100219177945,9.765625e-05
01100111110111000100,12.85336349026845,9.765625e-05
01011011111001011111,19.772399042763997,9.765625e-05
01001110100111101000,17.47410463418084,0.0001953125
00011011100110000111,19.116766883752135,9.765625e-05
01001101000111110010,14.683607326186237,9.765625e-05
01001101101000000001,22.805643727465565,9.765625e-05
00001111011011011000,14.3107280715054,9.765625e-05
01111100101111010011,8.675924233526597,9.765625e-05
10011101100110100110,18.75262748348098,9.765625e-05
00110100001100101110,22.378754671969954,9.765625e-05
10011101011010010000,17.699314637249987,9.765625e-05
11000101010101010100,7.7350190094370745,9.765625e-05
01001101000101011101,13.674807086095747,9.765625e-05
00011111011101001110,14.470879699241896,9.765625e-05
01011111111000001110,25.655434143164705,9.765625e-05
11111001101111110011,17.685643594360958,9.765625e-05
10010011110010101000,14.798275667565107,9.765625e-05
01010110111000101100,25.583280345368944,9.765625e-05
11110001100110000100,13.46622323140678,9.765625e-05
11011100010000111011,9.354667074046704,9.765625e-05
01110110110101110111,15.17982397006368,9.765625e-05
00001111111011000100,15.220051239180997,9.765625e-05
00011110101011001010,19.820180933130562,9.765625e-05
01111101011100010110,10.956759949323601,9.765625e-05
01101101101101011000,14.886173338988884,9.765625e-05
01110110011000101110,19.80333782614329,9.765625e-05
11011000011111001001,18.677132468255316,9.765625e-05
10011001110000010100,18.60325781643848,9.765625e-05
11011001111000011110,15.825333455425364,9.765625e-05
10010111001111010101,16.85751306396337,9.765625e-05
00001101010010100000,15.306382457564798,9.765625e-05
10000101000010010001,18.886173338988883,9.765625e-05
01100101011000010100,12.55063934562142,9.765625e-05
00010010001010000100,22.830896266550397,9.765625e-05
10011100100101001011,13.67348402687838,9.765625e-05
10011111011000000001,24.947332804730905,9.765625e-05
10010100001101010001,14.494458650755378,9.765625e-05
01111100111101110010,6.760097688339688,9.765625e-05
01001110110000010001,15.625911492741938,9.765625e-05
01100001000000000110,13.645951934559601,9.765625e-05
10110111101110000001,19.250461905699936,9.765625e-05
11000111010110010011,17.131014572401636,9.765625e-05
01101001011000100000,14.086870272891685,9.765625e-05
10111100100100001001,15.157450641633055,9.765625e-05
11010011110111000100,10.18823319502118,9.765625e-05
01111100111000100011,9.111332751177562,9.765625e-05
10100101000001010011,18.49387087179545,9.765625e-05
11110001011101100010,12.783821234784455,9.765625e-05
00100101100010010110,22.64634182262759,9.765625e-05
01000101111001000001,27.02131124501218,9.765625e-05
01001110000111110111,18.699885764998363,9.765625e-05
00110101110010000000,18.847810365180376,9.765625e-05
01011111111111010111,13.393663313553969,9.765625e-05
01110011010111000110,12.91996949548436,9.765625e-05
00010011001101000011,19.772399042763997,9.765625e-05
10110100110000110000,11.770151530294534,9.765625e-05
00011101100111101111,24.18764562320132,9.765625e-05
10011101100101100011,12.766925871774342,9.765625e-05
10011100100001101011,15.145748727397445,9.765625e-05
00111111001111101011,15.584640250168361,9.765625e-05
01110110011100011010,11.953785297094479,9.765625e-05
00111001011010111111,22.648259931086557,9.765625e-05
01011100100010010110,19.91499184083357,9.765625e-05
00011111101101000011,15.03785525771039,9.765625e-05
00111101001000110110,17.93860274557467,9.765625e-05
00110001000010001001,20.03556227972862,9.765625e-05
10001101111111001101,22.05033401513719,9.765625e-05
01111011011110001110,15.615068215192716,9.765625e-05
10011100001110010111,17.470038018874142,9.765625e-05
10110001001101111101,22.866175575920497,9.765625e-05
11000111110100000001,13.631571203444203,9.765625e-05
11011110001111001110,19.95387595507836,9.765625e-05
11111100101010010011,13.232313653566898,9.765625e-05
00010111110000110101,20.141081839104302,9.765625e-05
01011011001011011100,17.48723881573369,9.765625e-05
01110111010011001101,17.805637398335364,9.765625e-05
10111101110001100001,15.204951253405476,9.765625e-05
11110001001101001110,15.448900732011195,9.765625e-05
11101100101110100010,12.97043580827967,9.765625e-05
10100000111010000100,37.69477279755983,9.765625e-05
01001100011010010101,14.150830258049538,9.765625e-05
11110011101110101110,19.300192850700945,9.765625e-05
10011101001011010001,17.06958617545713,9.765625e-05
11111000001110111100,19.02759684236814,9.765625e-05
11111101101101101111,17.03600563801166,9.765625e-05
10011101100001010001,15.597633063253646,9.765625e-05
10010110001001001001,17.183075340218153,9.765625e-05
11010001111000111010,25.7099696937524,9.765625e-05
01111010101001000111,23.41246659757877,9.765625e-05
01010011001100001000,18.955193496283627,9.765625e-05
11011110101111001000,16.66196313434327,9.765625e-05
01111110011110100111,14.038808954577231,9.765625e-05
00011001000001000011,16.80694722910514,9.765625e-05
11101100101000101100,15.164632161820904,9.765625e-05
11011101111100011111,15.455943985988307,9.765625e-05
00011101110110000100,15.868280653406053,9.765625e-05
01001101100111010000,14.70774551498996,9.765625e-05
10110101101001101100,19.84820636988649,9.765625e-05
10110100110110111001,16.027172426845027,9.765625e-05
00010111110101111100,19.117181526111093,9.765625e-05
10010011111110000000,16.975742818682775,9.765625e-05
11001001010011000001,17.698222488668538,9.765625e-05
01011110000111111000,13.87176147619412,9.765625e-05
01111100111000110100,9.306382457564798,9.765625e-05
11010011111001010001,14.88726559633372,9.765625e-05
11001001010011010100,15.226985921102631,9.765625e-05
01001111100000010011,20.39733110536863,9.765625e-05
01001111110110111101,15.651276135453053,9.765625e-05
00011111100101100001,14.207819320020413,9.765625e-05
00001111101010101111,23.219126171111036,9.765625e-05
00100111110011101110,22.954475308139855,9.765625e-05
11110000011000000010,8.958899711695508,9.765625e-05
00111110101011101010,18.477717775853563,9.765625e-05
00011111111111101110,18.18167432418348,9.765625e-05
11100100001110100010,18.678455527472682,9.765625e-05
01010010110010001010,19.706537818338614,9.765625e-05
10011100000100000101,14.870448103013715,9.765625e-05
10010111100101111001,13.068619260982528,9.765625e-05
10010110011000110001,18.640002081184164,9.765625e-05
11111100110110111100,10.740341223889235,9.765625e-05
11100111111111001101,16.34561908660487,9.765625e-05
01110010001110011010,17.989977191347844,9.765625e-05
10010011111000000100,16.43391693075961,9.765625e-05
01101111111011001011,17.59773873978271,9.765625e-05
01100011011010000100,13.431992874974561,9.765625e-05
01011110011111111001,11.138858601902992,9.765625e-05
10011111101111100010,18.34303364857132,9.765625e-05
01011011110101011011,20.234363052222182,9.765625e-05
10011011110111101010,19.966841510990196,9.765625e-05
11100101100111010101,13.10149367424845,9.765625e-05
11000111011001001111,16.57689720114189,9.765625e-05
01110011111000101100,15.597926650370427,9.765625e-05
11000110100101110111,20.76009768833969,9.765625e-05
11101100101000110001,12.73155516999929,9.765625e-05
00011100000110011000,14.13262776345236,9.765625e-05
01110111111111011100,14.151799060588758,9.765625e-05
11110000101010000110,15.587467841253765,0.0001953125
00011110000111100011,13.742771744500496,9.765625e-05
00001111101110110010,18.830602603146232,9.765625e-05
00101101000010000100,17.955193496283627,9.765625e-05
00111110101100000001,15.508331546169455,9.765625e-05
00011110001111111010,17.138858601902996,9.765625e-05
11110110001010010100,23.62965412367356,9.765625e-05
10010111110101000011,13.857455289928424,9.765625e-05
00110010100110100000,20.76404531113289,9.765625e-05
11011000000111001000,17.09246596796565,9.765625e-05
01101101100101110011,14.485104484246683,9.765625e-05
11001001011010011001,19.340538377910697,9.765625e-05
11010011001111010111,21.349710886264845,9.765625e-05
10110101010110100001,15.710521231446979,9.765625e-05
01100011100011100100,17.269512235131014,9.765625e-05
11000110111001111101,20.02662368630019,9.765625e-05
01001110011010110110,15.23953422300965,9.765625e-05
10110100111100111010,16.341428059149244,9.765625e-05
01111110111110001011,11.885004044298574,9.765625e-05
11000100011101000000,14.096888728015111,9.765625e-05
01010110110101010011,14.469003644327636,9.765625e-05
00000111000011100001,16.444284641738587,9.765625e-05
11110100110110011100,9.288664687884165,9.765625e-05
01011000000100011010,17.770151530294534,9.765625e-05
01111111111111001001,16.351638473620707,9.765625e-05
11011001011001010111,15.367909642151153,9.765625e-05
10010011000001011111,23.28199035610377,9.765625e-05
01011100110100000000,9.252440927530373,9.765625e-05
11001101010010111000,12.83003771699121,9.765625e-05
10001101110010011010,19.97014712360881,9.765625e-05
01110010011010000000,11.431992874974561,0.0001953125
11010110100011101001,17.53113971058122,9.765625e-05
00100101100110000001,19.569945562901626,9.765625e-05
01011011011011010111,15.243693384364851,9.765625e-05
01110100100100110100,14.372211521622495,9.765625e-05
10100000000100100000,31.65038093620241,9.765625e-05
01111000011110100111,14.405933340408332,9.765625e-05
10011110011011110010,22.05955794716955,9.765625e-05
11011100000110111001,9.823160809104522,9.765625e-05
11110011110010100100,14.533950737582266,9.765625e-05
01110010101000110100,18.491359673504526,9.765625e-05
01100110111000110110,20.474335544816753,9.765625e-05
11010110110000010001,9.6315712034442,9.765625e-05
01101101000100110111,16.108212649583223,9.765625e-05
00001111000110000000,13.409248726191096,9.765625e-05
01110111101111110101,19.906071161067075,9.765625e-05
10110001110000011000,14.341441276757008,9.765625e-05
00011111011110000000,11.508331546169455,9.765625e-05
01110110100100011011,13.936183075483738,9.765625e-05
00111101110100001001,13.518002819005826,0.0001953125
00001100100010000001,19.213849029527246,9.765625e-05
10110001101101101011,19.659794041229425,9.765625e-05
10101101101110100110,17.56566146170683,9.765625e-05
11101100111000011000,12.9974587257497,9.765625e-05
01001101000110110111,16.683607326186234,9.765625e-05
11100001100000101001,17.31389876398021,9.765625e-05
00110111011111001011,13.107091257387033,9.765625e-05
01001010100111111100,33.15737964999034,9.765625e-05
11011100010111100000,7.480692133815424,9.765625e-05
10111100100111010001,16.222903378165633,9.765625e-05
11000001000010110000,16.32926432364181,9.765625e-05
01011000010100110010,14.470359293226677,9.765625e-05
11011001001101000001,17.448552815303074,9.765625e-05
11100100101010001110,20.323347168711436,9.765625e-05
00110111111110010000,13.635758699329017,9.765625e-05
00111101111111001011,12.353359327641781,9.765625e-05
10100101010001011001,19.919694333937997,9.765625e-05
01011000001111000100,18.43295625787836,9.765625e-05
11001001100000001010,16.741649079057545,9.765625e-05
11001101100111110111,12.699885764998365,9.765625e-05
10111001100010011111,25.049990364420946,9.765625e-05
00001111100110011101,18.252382429914178,9.765625e-05
10011111111110000101,17.423265612968073,9.765625e-05
11001100111000010110,12.507036821481709,9.765625e-05
11100111011011111010,19.731430230159702,9.765625e-05
00011100011001101010,19.012185915570907,9.765625e-05
11001100100100101001,12.26745930490492,9.765625e-05
11000111010011001000,11.81936568797833,9.765625e-05
00101000111110000000,36.95166312749525,9.765625e-05
11101100011100110000,15.707070522489762,9.765625e-05
00001111000111100110,14.250516148164074,9.765625e-05
00000101000100111001,26.61838550028957,9.765625e-05
10100100100010000010,19.87875374664683,9.765625e-05
00001111011110100111,19.186530462211763,9.765625e-05
11011110110111100010,14.25051614816407,9.765625e-05
11110100110101000001,4.451155308031929,9.765625e-05
01110110111111000000,11.761783759097739,0.0001953125
11011001010000011111,16.163010008314473,9.765625e-05
01110000000001001000,15.498843830392069,9.765625e-05
00010111010101001111,14.37350533722512,9.765625e-05
00111100111001000000,9.51609813529469,9.765625e-05
01001101011111100000,14.52368462264436,9.765625e-05
10111011001100100111,35.26554429870278,9.765625e-05
10011100100001111011,15.925327402284674,9.765625e-05
01110011100110001101,16.59927450129713,9.765625e-05
11011100011100011100,8.857311211438324,9.765625e-05
01101111111100110100,17.3546670740467,9.765625e-05
11001101101010110011,20.267510113765272,9.765625e-05
00110000101000001000,20.06201626303163,9.765625e-05
01110111110011000111,17.28463013456848,9.765625e-05
11110001001000000110,16.812836696799767,9.765625e-05
11100011100110110000,20.906171210820652,9.765625e-05
11000011100000110111,19.157096483331586,9.765625e-05
01111000000001101001,21.210624094588304,9.765625e-05
11100101011101001000,13.80526812352169,9.765625e-05
01000101001101000010,25.38258965305949,9.765625e-05
11011011110010101011,17.692296567626148,9.765625e-05
11100100111011100100,18.42451216253063,9.765625e-05
11101101100101011010,16.47759243298333,9.765625e-05
00110011010110001001,15.882752912721443,9.765625e-05
01111000110110001010,14.413719388734677,9.765625e-05
10011111011011101111,18.317122153379987,9.765625e-05
11011001100011111010,21.48632967529403,9.765625e-05
11000011010110101011,21.37743713076469,9.765625e-05
01111100001100000001,9.696504344670004,9.765625e-05
01011100100101100010,17.18786122102479,9.765625e-05
00110100011010110101,22.5063399431853,9.765625e-05
11110101111101010000,9.677319007967917,9.765625e-05
11100100111000001111,16.60761311641604,9.765625e-05
11101111000100110101,39.41842112578186,9.765625e-05
01111101111110011010,18.23596209494383,9.765625e-05
11111101111100011001,15.127661780870156,9.765625e-05
01101101001011000111,14.533940317124252,9.765625e-05
11110001011001010111,13.038635632472388,9.765625e-05
00111100001001110101,14.972947730151848,9.765625e-05
11000110101011010011,21.342920810523967,9.765625e-05
11111100111011110110,9.979548654534248,9.765625e-05
11000110011101000011,22.442431490469048,9.765625e-05
11111001000101101100,22.25644633519834,9.765625e-05
01101110000000010010,25.55251467695443,9.765625e-05
01110100100100110110,16.519862124741515,9.765625e-05
11011001000110000010,19.149626278472873,9.765625e-05
00011110011000001101,18.072400636061975,9.765625e-05
10001101001111101011,17.805845492863412,9.765625e-05
00011110111010000010,16.29374651280352,9.765625e-05
01100111100001010000,14.897460610865533,9.765625e-05
11100001101001010111,17.13312871026647,9.765625e-05
01100001010001101110,20.49185064001442,9.765625e-05
00110111100101001011,13.58049067647344,9.765625e-05
11011011100110011110,20.087442211348502,9.765625e-05
11000110010011001001,15.042584088063329,9.765625e-05
10110110110011000111,23.82838976431365,9.765625e-05
01101101101011101011,23.644611489709614,9.765625e-05
01100111110001100100,15.394772847768039,9.765625e-05
01011101001101010110,17.34622026867643,9.765625e-05
01001100010100011000,13.041664967319456,9.765625e-05
10011111111111101110,16.452641817813305,9.765625e-05
10110101000110110011,20.01373923813032,9.765625e-05
01011110110110010000,9.480692133815422,9.765625e-05
01101101001001110001,14.850757651472662,9.765625e-05
11110011111110010101,15.116766883752135,9.765625e-05
00110011110000100010,15.80107627410814,9.765625e-05
00110011010000110100,19.996832839096,9.765625e-05
11001111011110011010,16.961384267630848,9.765625e-05
11110101111100100100,14.733818474304012,9.765625e-05
11100101001101010000,12.840415848428208,9.765625e-05
01100100001100000101,15.39227685352617,9.765625e-05
10010111011011010100,18.576897201141886,9.765625e-05
11011001000010001000,21.52784887194936,9.765625e-05
11011010000100001000,24.27225942116783,9.765625e-05
00101101100001000010,12.66196313434327,9.765625e-05
01010111001100100110,31.66111250235963,9.765625e-05
11001101111011101111,17.70954183378568,9.765625e-05
01011111011101011111,13.703881475789553,9.765625e-05
11110000110010111010,14.677132468255316,9.765625e-05
01111110011011111111,16.349768660299794,9.765625e-05
00001111010101101010,17.759156474659548,9.765625e-05
11011100000100110001,8.280280145872615,9.765625e-05
11111111010111111000,29.38043749462809,9.765625e-05
01001101110011010000,13.498900870005947,9.765625e-05
11111100001111111101,14.202844287855303,9.765625e-05
11111001011110111100,15.997786535962842,9.765625e-05
10010011010010101010,17.80107627410814,9.765625e-05
11010011100011110111,20.99381591114825,9.765625e-05
01011100000011001011,19.53113971058122,9.765625e-05
00001111000110001000,14.142058439615864,9.765625e-05
11010011010100101000,10.980885654940625,9.765625e-05
11001101110001100101,9.816759663678669,9.765625e-05
01011011110101111110,19.27141962886469,9.765625e-05
11010110111000011111,16.487241525756232,9.765625e-05
01111100101001111100,17.0925237420006,9.765625e-05
10001101101110101011,22.15803769701173,9.765625e-05
11110001011000110001,13.299444331199552,9.765625e-05
00011100010111010000,12.625873385048163,9.765625e-05
01011011101110000110,19.151395954913006,9.765625e-05
11101101011110100000,17.772678656215767,9.765625e-05
00111001100011101011,21.64343221471509,9.765625e-05
00110100000110011001,15.465836189156379,9.765625e-05
01011111110011011111,16.83923686770094,9.765625e-05
01111000111011000000,12.491850640014421,9.765625e-05
01111001100000000110,16.812836696799767,9.765625e-05
11111101110011011110,17.514777884066884,9.765625e-05
00110101010100110000,14.055203370773235,9.765625e-05
01111010110010001000,17.92151261481731,9.765625e-05
01110100010000010000,7.706185303543332,9.765625e-05
11100100000010011010,16.89940592678912,9.765625e-05
01111101011011111110,17.57783497037843,9.765625e-05
10110111111101110111,18.439420804114643,9.765625e-05
00011001011000001001,18.139421283636842,9.765625e-05
01110100100101000100,11.850071917215525,9.765625e-05
00110101001111001001,18.423097808875333,9.765625e-05
00111101001010101001,22.240235650725374,9.765625e-05
10000101010101001011,20.339504003364194,9.765625e-05
10000111110000010010,19.480692133815424,9.765625e-05
01110010110001001001,16.014472259315394,9.765625e-05
11110010001110001000,18.720209166334726,9.765625e-05
11100100000110111100,17.72615029142617,9.765625e-05
11100001100110001110,18.1988740923547,9.765625e-05
01011111011011110111,15.179894238125142,9.765625e-05
00111100111110001001,12.31156622030235,9.765625e-05
11001100111100010001,12.362790542335764,9.765625e-05
11101100100111100010,14.945398975781696,9.765625e-05
11011011111101011110,18.958478093322135,9.765625e-05
00110111001100001111,17.514777884066888,9.765625e-05
10010100000101010000,11.735019009437073,9.765625e-05
10010111000101110100,16.457806823294806,9.765625e-05
01101111101111100110,16.324143961714693,9.765625e-05
01101101100101111011,18.05955794716955,9.765625e-05
11110101111010110101,19.398527151177916,9.765625e-05
01101101000111010110,12.450872141373171,9.765625e-05
00011100010000110100,15.421090893078738,9.765625e-05
01011100010111001001,11.295609350110016,9.765625e-05
01111100011100010010,4.327060545641608,9.765625e-05
00011100000100010001,9.034482712710538,9.765625e-05
01100111110000110000,17.241114617238637,9.765625e-05
11110100110000101111,11.88422783756143,9.765625e-05
11101100100011001110,18.230689426491978,9.765625e-05
00001011000010000000,17.26814127341953,9.765625e-05
10111100101111010011,13.471804250870674,9.765625e-05
10011100000010111100,18.32645403106182,9.765625e-05
01010100001000010100,22.206683436969698,9.765625e-05
01011100000111011011,14.739971137957461,9.765625e-05
01011101011011110101,16.404443397023165,9.765625e-05
11100101000001110111,15.871751790157163,9.765625e-05
00101101100011001011,18.32088686640806,9.765625e-05
10010111000111100011,18.08360306223411,9.765625e-05
11011001110111110000,13.212525246728632,9.765625e-05
01011110011001110111,15.197791091732828,9.765625e-05
01011110100010101101,21.037021276938297,9.765625e-05
00111111110111100110,15.330606227242418,9.765625e-05
11011111011100011011,21.480457055154652,9.765625e-05
10010101011101000100,14.13942128363684,9.765625e-05
11001101100001101110,14.87210939290224,9.765625e-05
01100011111011000100,14.612761285182113,9.765625e-05
01000111100011011101,17.56993587686467,9.765625e-05
01111100001010100000,16.825391229460315,9.765625e-05
10111100100111101101,18.11210968149596,9.765625e-05
00010110110000010011,18.80018306129879,9.765625e-05
01001111110001010110,12.844154947789024,9.765625e-05
00001111101001000111,17.736207148510633,9.765625e-05
10111100101010011001,16.360262769120666,9.765625e-05
01011011000110010010,18.669494644807735,9.765625e-05
00110101000101000101,10.265147249116502,9.765625e-05
11010110101001111111,22.155166185953185,9.765625e-05
01011011001100101011,22.807779321812614,9.765625e-05
00110111010001101011,17.88314473856288,9.765625e-05
11000110110100011001,13.383504958805116,9.765625e-05
11001111101000111100,17.386340217758494,9.765625e-05
01011110100110001001,15.445261242250147,9.765625e-05
01011100001001011000,16.62530153371854,9.765625e-05
10011100100011010001,14.38628618243442,9.765625e-05
00010001010001100110,25.07188285253244,9.765625e-05
01111100110100010110,6.740341223889234,9.765625e-05
11001011110011100101,19.635758699329017,9.765625e-05
10111111101111000110,24.214366001938686,9.765625e-05
11011100100101011011,11.280326454569373,9.765625e-05
11101010010111010100,59.32652949583647,9.765625e-05
10110001100010011001,20.25884469544191,9.765625e-05
01001110000111101110,18.386286182434418,9.765625e-05
11110100100011010010,14.720757172458498,9.765625e-05
01000111010111110011,18.988917301510753,9.765625e-05
11010010011000000100,13.927554083929596,9.765625e-05
00110111100001100010,20.842221940388086,9.765625e-05
00110100010101001111,18.49829968793439,9.765625e-05
11000111000110101100,15.293833432076536,9.765625e-05
00111100010010011000,15.897743777524296,9.765625e-05
01001011000010100100,14.185057170038148,9.765625e-05
11001101010110011011,15.705535495396404,9.765625e-05
11001111001010011100,18.56761121828635,9.765625e-05
01001101100000000101,18.687418140771012,9.765625e-05
01011011110011000000,14.114031027258463,9.765625e-05
00101111011000100011,23.367852053620084,9.765625e-05
00111101001011111100,19.775448131079436,9.765625e-05
11110000001110100011,17.68756837372726,9.765625e-05
00111101110100000010,10.66196313434327,9.765625e-05
00110100100101000100,12.941586898336876,9.765625e-05
01011011010001011110,17.135056297622327,9.765625e-05
11010100011100101100,14.340243451646492,9.765625e-05
01101101011101110110,10.076822672530191,9.765625e-05
11011001110011101001,15.648584737009891,0.0001953125
00111001101110110010,18.55494957273061,9.765625e-05
01111001011010010011,13.202776827783403,9.765625e-05
11011100010011010011,10.202844287855303,9.765625e-05
00100111110100010001,18.944153073513004,9.765625e-05
01110001011000110000,15.092523742000594,9.765625e-05
01110010100010000000,14.01302759593866,9.765625e-05
11011100000000011000,15.481357146011405,9.765625e-05
01101111011011100010,17.54935396478384,9.765625e-05
11011110010110001100,16.90943600572295,9.765625e-05
01011011110101010110,16.958478093322135,9.765625e-05
01111001011001001111,14.159620713726401,9.765625e-05
11011101011001111100,14.281547183324605,9.765625e-05
01111101110101010011,10.038808954577231,9.765625e-05
10011110110100101110,21.677328694004874,9.765625e-05
01111100011100000100,7.343709070385508,9.765625e-05
01000100000001000100,16.18188720114459,9.765625e-05
01100011101011000000,16.00513848272912,9.765625e-05
01111100011001101000,12.983695947520616,9.765625e-05
01111001111011001100,15.34844604123623,9.765625e-05
10011001000010110010,20.428057735368057,9.765625e-05
10111100100110100000,13.583899343135428,9.765625e-05
11010110000101111001,11.83662895533666,9.765625e-05
01110011100101010100,13.73429975477695,9.765625e-05
10011111110111111011,15.018656703400538,9.765625e-05
11011101110101000010,14.630607820540405,9.765625e-05
01111100111101000000,6.1812284305419585,9.765625e-05
10001111101010011101,21.02539306436794,9.765625e-05
01110101110110000100,18.847810365180376,9.765625e-05
01100101011011000001,18.13690591732106,9.765625e-05
11010111110000100001,21.095395340186336,9.765625e-05
11010011010010101100,11.108471660577038,9.765625e-05
01011111110001100111,19.801088768134658,9.765625e-05
11101100001010110001,16.276256100551805,9.765625e-05
00011011101011110010,23.005218643967595,9.765625e-05
00011111000110111100,16.956759949323597,9.765625e-05
01001001011000010000,13.52710839497873,9.765625e-05
11001011111000111101,20.21445554410703,9.765625e-05
11101100011001000011,18.844154947789022,9.765625e-05
01011100010011010000,9.027596842368139,9.765625e-05
00100101100000000001,16.5656906069449,9.765625e-05
01101110100100101010,22.701408385192398,9.765625e-05
11011100011100100000,6.611726801872221,9.765625e-05
00101101101000010010,13.974878027530245,9.765625e-05
00111101001001100011,13.642790291667703,9.765625e-05
11010011010010101101,12.114031027258463,9.765625e-05
00110001100000110010,21.2831215431003,9.765625e-05
00111100001100011001,11.523690864237711,9.765625e-05
01110010011000111111,21.13312871026647,9.765625e-05
01001111011101011000,12.503625532334034,9.765625e-05
01001111110111011111,14.940240211893544,9.765625e-05
10100101101010001000,21.83838593061022,9.765625e-05
11100011101111011000,20.012673437637194,9.765625e-05
11110100001101001000,12.469444721902121,9.765625e-05
01101100101000001011,16.388158705777872,9.765625e-05
00001110100100000110,24.51269653218397,9.765625e-05
11110001110110100101,12.113966277209103,9.765625e-05
00001111000110101000,14.745072127810666,0.0001953125
11010000011100001010,16.276861559411607,9.765625e-05
10111101000111100001,18.837518723702406,9.765625e-05
01111100011001100011,8.34299180216668,9.765625e-05
10100011101010100000,23.249851859549338,9.765625e-05
00101101000010101111,22.154218730679695,9.765625e-05
00111011101111101101,21.89330968793169,9.765625e-05
01011111110111101011,18.414695559932248,9.765625e-05
01011001011101001011,19.469196240129715,9.765625e-05
01100011101000001110,16.92144786476795,9.765625e-05
11000111101001010011,19.255247052085505,9.765625e-05
01101100111110011000,16.043758715261866,9.765625e-05
01100000100100000000,18.12162718980527,9.765625e-05
10011100010100110010,12.97113268657608,9.765625e-05
11010001101101010001,19.770363068856533,9.765625e-05
01011111001111010110,16.98242649431334,9.765625e-05
01000111000000110000,18.590460200414423,9.765625e-05
00110100110100000010,10.60761311641604,9.765625e-05
00111101101000011111,19.266823732214263,9.765625e-05
11000101000001010100,9.534682475429085,9.765625e-05
01100110110000001001,16.99302972410689,9.765625e-05
11110110111100011100,11.897743777524296,9.765625e-05
01010010001010000010,20.73649031516939,9.765625e-05
10110001100100000100,12.11630226533057,9.765625e-05
01111100101100000110,10.445602182943855,9.765625e-05
01101001001001111110,18.3107280715054,9.765625e-05
00111101100011100111,16.57114441670047,9.765625e-05
01111001010011100011,15.423081881245029,9.765625e-05
00101000101010010111,38.84902432506126,9.765625e-05
00011011000001011100,22.1849319359313,9.765625e-05
00010110101101110100,26.693610577260607,9.765625e-05
01011100010101000111,9.701032781248529,9.765625e-05
00010011000100001010,16.72964255252077,9.765625e-05
01111001000001111111,21.304034073383836,9.765625e-05
01100011101001000001,17.91176690589462,9.765625e-05
11011100011100111000,6.720554596352203,9.765625e-05
01101101111000110111,13.474762681202227,0.0001953125
00101101001011001100,16.729642552520772,9.765625e-05
11100101100111010000,13.085215235436323,9.765625e-05
00011111001110100100,16.06935246767148,9.765625e-05
11001111010010111101,15.984366477728694,9.765625e-05
11000111110001010000,9.631571203444198,9.765625e-05
10110100000110111111,21.2714196288647,9.765625e-05
00110100000101100001,11.673484026878382,9.765625e-05
00101000101010000001,30.11438091956806,9.765625e-05
00101101010001100001,17.390959312320906,0.0001953125
11011100001100110000,9.115310487801612,9.765625e-05
11110001110001010100,7.431992874974561,9.765625e-05
11011000110010100100,10.91029280301256,9.765625e-05
11111010101001010001,33.6647637408863,9.765625e-05
01011110000101111111,17.2304508162604,9.765625e-05
00111011001010100011,20.37462964617426,9.765625e-05
11011001110001100010,13.002411588691155,9.765625e-05
01101001110001011110,18.975742818682775,9.765625e-05
10001111111010101010,19.56566146170684,9.765625e-05
11100100101001010000,10.132627763452358,9.765625e-05
11010010110110000110,16.56740875094344,9.765625e-05
11011001100111001111,19.707479119145958,9.765625e-05
01010110000110001100,16.562816298736617,9.765625e-05
01101100000100110110,14.265255526904719,9.765625e-05
10110001101000000110,15.597926650370427,9.765625e-05
01011100001000110011,16.164663304340085,9.765625e-05
10000111001101110010,20.683607326186234,9.765625e-05
11011001001111000100,15.70295412701104,9.765625e-05
01100111100111100100,17.622654691702564,9.765625e-05
00101101101011100010,15.21912617111104,9.765625e-05
11010110110101011100,9.692663121987113,9.765625e-05
01011100110010110001,13.833822107200278,9.765625e-05
11001101000101001100,13.086254072274944,9.765625e-05
00010001010010001000,23.411937229107842,9.765625e-05
10110100111100001010,12.60761311641604,9.765625e-05
11010000001100011000,15.164632161820904,9.765625e-05
11100001100000010111,15.332656240715572,9.765625e-05
00111101010100001111,14.820251924773274,9.765625e-05
01101111101011010100,15.535870614502645,0.0001953125
10010110000000011010,20.142058439615866,9.765625e-05
10011001001100000000,16.38566000151346,0.0001953125
11111000110000110100,14.55063934562142,9.765625e-05
01100111011001000111,16.002376278147118,9.765625e-05
11010011110010010100,10.729642552520767,9.765625e-05
00111101110101100001,9.446378389680998,9.765625e-05
01111100110101001010,10.486287828889388,9.765625e-05
01011101010101010110,11.299444331199552,9.765625e-05
11111100101110000101,12.66196313434327,9.765625e-05
01110001100011011100,22.331197243505894,9.765625e-05
10101101111010001110,20.718287820572215,9.765625e-05
00111100001101100011,8.409768321497872,9.765625e-05
01010010000000110000,16.32645403106182,9.765625e-05
11011100110100000101,7.26838811168575,9.765625e-05
10110001010000001110,16.561509177989375,9.765625e-05
11100011101001101000,17.39477284776804,9.765625e-05
10010001100000001001,18.002148811954818,9.765625e-05
01100111110100010111,15.3906058884405,9.765625e-05
11110001100101111010,16.19997622124037,9.765625e-05
00011111001111110011,13.340157882360725,9.765625e-05
00110100000000011001,14.215416216988288,9.765625e-05
11110000100101011101,16.76684936211953,9.765625e-05
01110010101001010010,18.11210968149595,9.765625e-05
11010000000100000001,10.57570906206833,9.765625e-05
10010101100100001000,18.68741814077101,9.765625e-05
01111100011100100011,5.7638811369876315,9.765625e-05
00111111011011100010,16.37462964617426,9.765625e-05
11010110111111000110,18.911695914251908,9.765625e-05
00110110011010000000,14.230689426491974,9.765625e-05
11011001001110110111,18.34585362718827,9.765625e-05
11110000000000010100,12.917260368883131,9.765625e-05
11011000001000001010,15.900005329559445,9.765625e-05
11001001011000101110,13.8472802731282,9.765625e-05
10011110101011000100,23.155189089597904,9.765625e-05
11011001101000111111,21.567582807469343,9.765625e-05
01110010011010010100,14.27644691705265,9.765625e-05
10010011000001101011,20.06439254117875,9.765625e-05
11001101001101011101,12.367486135713166,9.765625e-05
01110110101101011101,14.207453402113494,9.765625e-05
01100101000001010100,11.917873125056262,9.765625e-05
01110110101100111110,20.324111801347005,9.765625e-05
11100011000100010010,27.679240353730428,9.765625e-05
00101111000100010111,29.272566841458552,9.765625e-05
01110010101000011011,18.608152170923923,9.765625e-05
00010111100000010000,20.874932168668924,9.765625e-05
01011111110101000101,14.043778468730245,9.765625e-05
11110001101101100000,13.917799423391013,9.765625e-05
10010011110000001000,12.116302265330567,9.765625e-05
01110001110011010010,17.324535307784995,9.765625e-05
01010000010010000011,21.465197808476166,9.765625e-05
00011101000001110001,14.720525538241333,9.765625e-05
00010110110101000001,14.228761839136117,9.765625e-05
10111100110001100110,17.876370590452314,9.765625e-05
10000111011000101100,19.346519362965495,9.765625e-05
11100111111111010011,18.339984560255886,9.765625e-05
00110001000001000100,12.729542942920999,9.765625e-05
10011101110001110100,13.816759663678665,9.765625e-05
01100100101000010111,18.459602113402198,9.765625e-05
01111100010110111101,12.310728071505402,9.765625e-05
11111100011010010010,12.457806823294806,9.765625e-05
10011001111011111000,22.920538724328292,9.765625e-05
01011001110010011000,21.35965625454088,9.765625e-05
01101001010010010100,16.42458315417334,9.765625e-05
11100011111110100000,19.673484026878377,9.765625e-05
10111011110000100011,31.167384043911902,9.765625e-05
00110101110000000100,15.070544774769893,9.765625e-05
11111001111101001110,12.853363490268451,9.765625e-05
00011111110100100110,17.16086744879283,9.765625e-05
10001111001110100010,20.073080128725767,9.765625e-05
11100100011010101001,19.229796213682622,9.765625e-05
11001100110010111011,14.484443640075558,9.765625e-05
10011100000001111000,14.988673689708264,9.765625e-05
11100101010000000100,14.871502878322456,9.765625e-05
11011001011001100100,10.796257225925125,9.765625e-05
11011001101010001100,21.286344502437778,9.765625e-05
01011011110110111011,19.892626125619717,9.765625e-05
01111001110111101101,18.890509081388657,9.765625e-05
10110101001101000000,13.647862859864091,9.765625e-05
11001110111010111011,16.867929215966946,9.765625e-05
11111100100001001111,17.730593539365074,9.765625e-05
10110001001101001110,18.188233195021184,9.765625e-05
11111100111101011000,8.916906210581661,9.765625e-05
01111000000010001101,19.466223231406783,9.765625e-05
11000100100001010001,11.341803663093119,9.765625e-05
11011001100100100010,17.191638428079386,9.765625e-05
01100100100000011101,17.920592759652372,9.765625e-05
01111001011100111010,15.157096483331586,9.765625e-05
11011000100010010100,14.787406569618218,9.765625e-05
00110111101001100010,21.886116593642264,9.765625e-05
11010110110110100000,11.471294341600853,9.765625e-05
11000111100101110101,11.839439247916651,9.765625e-05
00001100000010001000,17.920323741322683,9.765625e-05
01111001110000100010,13.774555652691149,9.765625e-05
11110011101001111011,21.37080090667807,9.765625e-05
00110111111000100111,20.023389065324288,9.765625e-05
01000110001001011011,21.406967714954835,9.765625e-05
01101001111011000101,18.251238748891126,9.765625e-05
00111001000010110010,18.867020886235732,9.765625e-05
01101100000011100010,14.942588683201707,9.765625e-05
10011101010110001010,16.66196313434327,9.765625e-05
11111011111001100100,23.510701288455962,9.765625e-05
11001100000100110110,11.642143622857308,9.765625e-05
01100111011010011011,19.483873676810557,9.765625e-05
01101110111110111011,20.65896829933179,9.765625e-05
00001101010001100101,15.351972144032732,9.765625e-05
11011100111101110110,10.309786781537873,9.765625e-05
11010010100011010011,21.604365277832372,9.765625e-05
01111100101010000001,14.66196313434327,9.765625e-05
01111000100001010110,16.486287828889388,9.765625e-05
10011101010001100100,14.160073463779131,9.765625e-05
11000101001110110001,22.432749513747208,9.765625e-05
01100110001000010000,15.440815284288707,9.765625e-05
00110110110100100100,17.803353753773592,9.765625e-05
01110000011010000001,12.912672514763472,9.765625e-05
11000011010110011001,18.75819029460601,9.765625e-05
11011100111000010000,8.685470887073981,9.765625e-05
10110100100010010101,16.848764062047216,9.765625e-05
01111100011000010011,5.8717614761941235,9.765625e-05
10011001101001110101,21.504591537723517,9.765625e-05
00100001001100001001,26.340480603875754,9.765625e-05
01001011001101001011,23.490042132299266,9.765625e-05
11000100100001111000,14.39354213870859,9.765625e-05
11010101011011110001,22.2890921185369,9.765625e-05
00111101111110100111,13.134060237909658,9.765625e-05
00111011101000000100,20.61901667078365,9.765625e-05
11111101010000010011,25.715380901046075,9.765625e-05
01010111001101011011,23.75347394743977,9.765625e-05
01111000001011011101,21.446979386248685,9.765625e-05
10110011000011101011,24.524271666773558,9.765625e-05
00111100001111010000,10.310728071505405,9.765625e-05
01001001110011000100,16.475903455859044,9.765625e-05
00001101100110100110,21.870175563953033,9.765625e-05
01000100100010110010,34.21277552943846,9.765625e-05
10001111000101010110,27.382306486400736,9.765625e-05
00000100000000001011,27.438034344086844,9.765625e-05
10011101000101011110,17.296634038619565,9.765625e-05
01111011110010111000,20.087442211348495,9.765625e-05
00100111001000110010,21.446172369131098,9.765625e-05
00111001000110000110,15.734299754776954,9.765625e-05
01101101010111001010,16.470879699241898,9.765625e-05
00110011111100101011,20.53751776685847,9.765625e-05
11110100110100010100,4.547822811448082,9.765625e-05
01000111111001001110,22.373682827354813,9.765625e-05
11101100111100111011,14.73533331861501,9.765625e-05
01111010011010101011,18.1923827687161,9.765625e-05
11110111010110111101,19.36120406992801,9.765625e-05
00110101110001110101,16.330963095566428,9.765625e-05
00101101001010000011,15.602647133833841,9.765625e-05
01111100001100100111,10.42805773536806,9.765625e-05
00011101110110000101,15.050405006779904,9.765625e-05
01010110000010111000,21.546521197873123,9.765625e-05
01110011001011001101,18.076476126287528,9.765625e-05
10110001100111001010,18.065789116557493,9.765625e-05
10011001001000010100,20.385660001513457,9.765625e-05
10001100101001001101,24.155783110151177,9.765625e-05
00001111100111111101,18.713312064825857,9.765625e-05
01110011110110011010,14.791079079123246,9.765625e-05
11011111000011101110,28.509331355432813,9.765625e-05
11011100110000101100,11.097849400896367,9.765625e-05
10001101101110110011,20.42208291561923,9.765625e-05
01111100011100101011,9.157096483331586,9.765625e-05
11001101110101111100,9.097495242594901,9.765625e-05
10011101101111000110,17.931883770239896,9.765625e-05
01101101011001110011,12.016610749188862,9.765625e-05
00101101101001010010,11.759156474659546,9.765625e-05
01011011000010011011,22.20284781942611,9.765625e-05
11011101011100011111,14.614306478083556,9.765625e-05
11111001110110111010,15.490042132299266,9.765625e-05
11001111100011001001,19.020723466052257,9.765625e-05
01110110011101001111,14.58520284477501,9.765625e-05
01011101011110000000,18.603068752207207,9.765625e-05
01110001011001000010,12.60348601705185,9.765625e-05
11011001000111011010,19.71052123144698,9.765625e-05
01001101110100010000,12.917191156541652,9.765625e-05
10110100100010111100,21.163915617183328,9.765625e-05
01001111010000100001,18.200088030599396,9.765625e-05
01111100010010110111,10.202844287855305,9.765625e-05
11101101111001111001,13.839439247916648,9.765625e-05
11110110110001110000,15.508331546169451,9.765625e-05
10011001110010000001,16.65432159382101,9.765625e-05
00110111101111111001,18.534712992290586,9.765625e-05
10110101010100100000,14.248075941515857,9.765625e-05
01000011001001100000,17.96362437402359,9.765625e-05
11001110001000110101,21.094037644750465,9.765625e-05
11000001100000100001,17.244610322776843,9.765625e-05
01011111110011010001,15.480663075704555,9.765625e-05
01100111101101110000,16.968001119643557,9.765625e-05
10011111011110110000,18.108212649583226,9.765625e-05
01111100111101011110,10.374636524221653,9.765625e-05
00101000101001000110,32.98829808576439,9.765625e-05
11010000110001011000,14.155783110151175,9.765625e-05
01110100010101000010,8.486287828889388,9.765625e-05
11010111000111100001,20.74600374258106,9.765625e-05
11000010011100110011,35.08092833709179,9.765625e-05
11001101100101100001,12.265245840867763,9.765625e-05
11101101011110000010,18.45780682329481,9.765625e-05
00101101100100000001,15.6315712034442,9.765625e-05
01110110011000000101,13.638127571399423,9.765625e-05
11001110101110101010,16.970435808279674,9.765625e-05
11100100000110010111,18.512891848848408,9.765625e-05
01111000010010000101,14.245750373852417,9.765625e-05
11011001111111000000,14.055071895073038,9.765625e-05
01111001100011000011,18.995685724469162,9.765625e-05
01011110000011010100,16.172508144549887,9.765625e-05
01100101100001011001,18.961384267630844,9.765625e-05
11010011011100110101,14.972947730151844,9.765625e-05
10111100101101100011,10.409768321497872,9.765625e-05
00010110000010000101,16.729642552520772,9.765625e-05
01011111010111010111,11.41661617127369,9.765625e-05
11001101100011001000,16.82444377418682,9.765625e-05
01111000111000001110,12.830896266550397,9.765625e-05
01011100010010110100,11.306382457564798,9.765625e-05
00110011010001000011,16.7368747831923,9.765625e-05
01111000100010010001,15.332656240715574,9.765625e-05
00111101010010001000,19.460660420281748,9.765625e-05
11010001010111011000,15.098972789920564,9.765625e-05
11101101110110101000,17.898703715984485,9.765625e-05
01110100000100100010,16.027596842368144,9.765625e-05
11010000000001000000,11.733111615703391,9.765625e-05
11000111111101101101,15.074234328130407,9.765625e-05
11011001111011010111,17.483280586978594,9.765625e-05
01010011000000000100,15.419014835876027,9.765625e-05
01101110101110001110,19.155605620021483,9.765625e-05
11000111110101001100,8.958899711695505,9.765625e-05
11010110011110010011,14.40976832149787,9.765625e-05
00001111000000011000,17.80153526575422,9.765625e-05
11011100101111111100,14.806215578795182,9.765625e-05
01101001000110011110,21.21343438716829,9.765625e-05
11011110000011011010,22.000658134148583,9.765625e-05
10111101111100010100,15.583899343135428,9.765625e-05
01000011010001100010,17.64559777625813,9.765625e-05
00111101010101011110,14.887028444104462,9.765625e-05
10110101110011010011,15.467878698924444,9.765625e-05
01100111111000011111,17.635758699329017,9.765625e-05
01111001011010000110,10.600727256913462,9.765625e-05
10011001101100101000,17.828455336320932,9.765625e-05
01001101110001100101,15.010579689694781,9.765625e-05
00110110001110000101,15.624511287415718,9.765625e-05
01101101010011110100,12.844154947789024,9.765625e-05
00000111010000000000,13.343709070385504,9.765625e-05
11010100001100111000,15.823761805672207,0.0001953125
00100101100100010100,15.935991203262908,9.765625e-05
01110010101010100010,20.770877146151204,9.765625e-05
11011100111000110111,10.42239178307245,9.765625e-05
10000101000101100011,17.925327402284672,9.765625e-05
01110101010000110101,17.807179048826182,9.765625e-05
11110011110011011001,15.62809852115391,9.765625e-05
10111101100010011001,23.8516934342679,9.765625e-05
01111100011101101001,10.232596820225657,9.765625e-05
11111000110000101011,13.332656240715572,9.765625e-05
10010011010100000000,15.046708477404977,9.765625e-05
01011110010111011001,10.222903378165629,9.765625e-05
00111111001111001111,15.76391319897865,9.765625e-05
01110001111001000111,15.138530693313172,9.765625e-05
01110011010000110001,17.22106624165359,9.765625e-05
01010010001000101010,24.755727184313074,9.765625e-05
11110011110111110101,17.261844346520427,9.765625e-05
01011011110110000000,13.394772847768039,9.765625e-05
00101101110110000000,16.075210928641965,9.765625e-05
00001111101000010111,20.18470301173668,9.765625e-05
10011100010111100001,11.906100219177947,9.765625e-05
11001100001100010010,11.354888004378399,9.765625e-05
11000111110100001001,12.832874651926788,9.765625e-05
00110011100000001000,14.86793420554006,9.765625e-05
01011011011111001100,12.853363490268451,9.765625e-05
10001000110000101110,37.8372396379413,9.765625e-05
01110001110010000100,13.653024159110725,9.765625e-05
01101101010110010100,13.724046857446803,9.765625e-05
01111011001111111101,22.416558397238745,9.765625e-05
11110100100100010001,6.041719296910795,9.765625e-05
11100101110001010101,9.163957463587966,9.765625e-05
01111001101101001110,16.60348601705185,9.765625e-05
10000111010000011000,16.640356239485634,9.765625e-05
00001111001000110001,17.485100745535814,9.765625e-05
11010011000010000110,20.238315773805,9.765625e-05
11011101111111110101,11.383411150644886,9.765625e-05
01001100100000101101,21.320178119742817,9.765625e-05
11100111111010001001,19.81233690362921,9.765625e-05
01011100010110001111,13.640873113930049,9.765625e-05
01111110110010111110,17.443568097101004,9.765625e-05
11110110000101010101,23.126728484765557,9.765625e-05
01101100111001101000,16.611789038199284,9.765625e-05
11010010011010011100,15.138223458526326,9.765625e-05
00100001100000000101,20.941586898336876,9.765625e-05
00111001100011100000,16.84779443755007,9.765625e-05
01100011001110011000,19.182637499947216,9.765625e-05
10011100110100010001,11.717757728520038,9.765625e-05
00110111101011001010,21.782632273752974,9.765625e-05
01110100100001010001,11.480682447778468,9.765625e-05
00010111010111011101,13.085340578306555,9.765625e-05
11111011110000110110,26.937645604264226,9.765625e-05
10111100111001101001,13.701032781248529,9.765625e-05
01100111111111001001,17.7977537051709,9.765625e-05
01111111110110001001,21.739981645542684,9.765625e-05
11001111100111100000,15.984366477728692,9.765625e-05
11100110100010111011,20.289498668656258,9.765625e-05
01111000000110110010,14.945398975781696,9.765625e-05
11110110011000101000,19.22238378285886,9.765625e-05
11000111001001001100,14.909436005722949,9.765625e-05
11001110101011010000,16.327060545641608,9.765625e-05
11110001100111001010,17.92851664487547,9.765625e-05
01111110111010111001,14.51764866070436,9.765625e-05
00110101110100011001,14.690416774001022,9.765625e-05
11010000000010011000,15.19283000075673,9.765625e-05
11000110100011001000,13.588508457393619,9.765625e-05
10100101101001101010,19.283121543100304,9.765625e-05
00011101010100001100,14.819063785699711,9.765625e-05
01001100000001010000,9.597662121364513,9.765625e-05
10011100110010110010,15.189710840723523,9.765625e-05
11001110100011001110,19.18307534021815,9.765625e-05
11110110111011010001,13.829569039308176,9.765625e-05
11001001001000001000,15.828808760201333,9.765625e-05
00100111001001001011,18.183614394726035,9.765625e-05
10110101111101111000,13.82998368166713,9.765625e-05
01001011000000001000,18.27225942116783,9.765625e-05
11000001100010110000,19.17090183154656,9.765625e-05
01001111100001011000,16.346236196306734,9.765625e-05
10010011001100100100,18.638094687450486,9.765625e-05
11111100010100100111,13.740058057230478,9.765625e-05
11010110110100010000,8.086870272891684,9.765625e-05
00001101100000011000,19.665405555170306,9.765625e-05
11010111111001011000,17.429304372057814,9.765625e-05
01101101001101100101,14.039795241125747,9.765625e-05
11000111110011111000,11.514848054161323,9.765625e-05
11100011101110110100,20.232596820225652,9.765625e-05
01011100010000110000,9.138566178521263,9.765625e-05
11000110101000111000,15.628021168314653,9.765625e-05
11000011001010101101,18.128536258059647,9.765625e-05
11000100000011000000,13.38946656094618,9.765625e-05
00110011101001001011,17.82838976431365,9.765625e-05
11011110011011100111,17.798887700157,9.765625e-05
00110011010001001110,17.226066712821904,9.765625e-05
10010101000011100001,20.30725629830024,9.765625e-05
01001110000000111111,19.354667074046702,9.765625e-05
01111110101111110111,15.018656703400541,0.0001953125
11110001010010010101,13.73429975477695,9.765625e-05
01000101011110100101,31.04579309537197,9.765625e-05
01100100000100010010,12.360483699452367,9.765625e-05
11011011101110010100,19.508331546169458,9.765625e-05
11011100011001110111,10.032821433661827,9.765625e-05
00110011101111000001,15.64900126743347,9.765625e-05
01110011011010000101,12.58712419053752,9.765625e-05
11110000000100010111,16.128536258059647,9.765625e-05
01110011101101110100,17.310660611433498,9.765625e-05
01010001100010010111,34.51004969016799,9.765625e-05
00011110000110111000,14.327060545641606,9.765625e-05
11011100110000000111,10.983695947520616,9.765625e-05
00111101010000000011,14.55222973099444,9.765625e-05
11101101110110101111,17.490042132299266,9.765625e-05
01111001010101111010,17.490042132299262,9.765625e-05
00011111011111100101,10.80473023349718,9.765625e-05
00110011111100000000,11.821157533642118,9.765625e-05
11110110011011001011,18.643503206357803,9.765625e-05
01101100011101100010,13.348073332818773,9.765625e-05
01111100110010011010,12.509069350945566,9.765625e-05
11010111000101010101,16.041083724220144,9.765625e-05
00111101000111001111,14.930758824836712,0.0001953125
10110101101101110010,15.470028332837188,9.765625e-05
11011101110000010101,14.894338729969974,9.765625e-05
10010101010111001010,19.003281887015973,9.765625e-05
11110001100100101110,15.104700695115795,9.765625e-05
10010101010111100001,14.288015897585748,9.765625e-05
01011110111101110111,16.322900769468543,9.765625e-05
01100100100001001100,18.19749688904987,9.765625e-05
00110110001100000001,12.241141259594224,9.765625e-05
01010110110101011010,16.737112757379478,9.765625e-05
00111100000100100101,13.898703715984487,9.765625e-05
00111100001100111001,12.506435824914025,9.765625e-05
01111000001000111000,16.32645403106182,9.765625e-05
10010111011101101000,14.165820300894465,9.765625e-05
01001110011010111000,13.550590534042183,9.765625e-05
00011011000010000111,18.673134134568784,9.765625e-05
10111110100001100001,31.64847561603723,9.765625e-05
11011100100110100010,13.743203048910823,9.765625e-05
10110101001101100111,15.616975608926396,9.765625e-05
11011100111001111001,9.790158364582012,9.765625e-05
00100101110000010000,15.935991203262908,9.765625e-05
01011011010110101110,14.513878429664182,9.765625e-05
00110111010011001011,15.465868251147391,9.765625e-05
11100101011100100010,17.058013663353226,9.765625e-05
01000011010001111001,20.717378680132555,9.765625e-05
00011110000011100110,19.407918701799133,9.765625e-05
10011000100010101011,22.930932783395594,9.765625e-05
11110111011110110001,21.080586749104214,9.765625e-05
11011100000100011010,12.82722742441122,9.765625e-05
10101101100011111010,18.51764866070436,9.765625e-05
00110111000110000001,15.739981645542684,9.765625e-05
11000110001101001000,15.346519362965495,9.765625e-05
00110011110011101001,19.011419726556348,9.765625e-05
01000111100101101101,20.18402903708499,9.765625e-05
01000110000010011100,14.993282803966455,9.765625e-05
10011100001011110001,14.244856437461813,9.765625e-05
11001011110010010000,18.250886234095844,9.765625e-05
10110100101111011000,16.85528057003909,9.765625e-05
11101101011011110111,14.455573900056535,9.765625e-05
11000111110111110101,12.713312064825859,9.765625e-05
00111011100110000011,19.883144738562883,9.765625e-05
11111100110110011011,9.390605888440506,9.765625e-05
11001001001011110010,16.63311893170413,9.765625e-05
00011111001111001110,14.979494412070112,9.765625e-05
01001001011000000011,17.72026965039221,9.765625e-05
10111101100110110011,16.72654139368636,9.765625e-05
00010110010110001000,13.032205956626333,9.765625e-05
01111100110011110110,11.68756837372726,9.765625e-05
10110011110010001000,16.07946390899721,9.765625e-05
11000100000011100101,17.581978731793985,0.0001953125
11011001111010011111,19.198055609898923,9.765625e-05
01101001011000000101,16.072400636061978,9.765625e-05
01110100000000100001,17.202318450955183,9.765625e-05
10011101110000011010,19.14020184390271,9.765625e-05
01010111100001110101,24.330195938412196,9.765625e-05
01111100110010011100,13.588508457393619,9.765625e-05
00110111001101000101,12.701020385189034,9.765625e-05
11000111100100011101,12.041719296910793,9.765625e-05
00111101000101011010,15.268738101962363,9.765625e-05
00001001000000001010,20.78740656961822,9.765625e-05
00010010000010111000,24.670683420335344,9.765625e-05
10011101011111110011,13.448931347249365,9.765625e-05
11010100010000010011,10.055203370773237,9.765625e-05
11111100111110011100,10.075210928641964,9.765625e-05
01110000110001001000,14.44229627605798,9.765625e-05
01011101001100110101,19.16024678588397,9.765625e-05
11011111111101000101,17.204951253405483,9.765625e-05
00011111010000100101,17.576935308835665,9.765625e-05
11011000101010000001,15.825333455425364,9.765625e-05
11111001110111110101,16.68273368134138,9.765625e-05
01111100011110011100,10.075210928641965,9.765625e-05
01111100111010010001,7.514848054161327,9.765625e-05
10010011001011100000,19.273340974627203,9.765625e-05
11001101000010011001,18.15714083261871,9.765625e-05
11101101011001111111,15.230450816260399,9.765625e-05
11100111101000110100,19.903434619905916,9.765625e-05
11100101010110010111,17.390605888440504,9.765625e-05
10101000001101101001,46.407257123206946,9.765625e-05
01001111110111110010,13.745643255559036,9.765625e-05
01100100001111000100,18.60761311641604,9.765625e-05
11111110011010000001,29.01701725064038,9.765625e-05
10000111001001100100,17.724046857446805,9.765625e-05
00010111010110000100,12.72964255252077,9.765625e-05
11010110011100000001,11.583899343135428,9.765625e-05
11010100010001000011,11.60670750754719,9.765625e-05
11100101101101100100,13.092523742000598,9.765625e-05
11110110111101111111,15.17982397006368,9.765625e-05
10010011100001011000,16.384378788700737,9.765625e-05
01110100100010011010,24.2376765002315,9.765625e-05
01000110000100011011,17.875435542078137,9.765625e-05
01110010000101110000,21.39572654463488,9.765625e-05
11110110111010110000,15.390959312320902,9.765625e-05
11011100111010011100,13.211038736947256,9.765625e-05
01011000000100001010,16.78740656961822,9.765625e-05
11111001011010001100,17.35182638420842,9.765625e-05
00000111000000101110,22.44560218294385,9.765625e-05
11011001011000000101,13.104918181003885,9.765625e-05
11001100110101101000,12.36874590288348,9.765625e-05
10101111000000000010,44.113675068019575,9.765625e-05
00011100100000000110,18.741642837464195,9.765625e-05
10010111011100000111,19.423265612968073,9.765625e-05
01100110010001000011,20.2210022260253,9.765625e-05
10011011100001100010,23.19685061247375,9.765625e-05
11010001101011110110,31.30315846418698,9.765625e-05
01100111000000011010,21.96415000378365,9.765625e-05
01110101001101100110,23.79461129855787,9.765625e-05
10110011100000101000,18.858600428953785,9.765625e-05
11011010101011111010,21.979548654534252,9.765625e-05
01110001000110010011,19.635749013292063,9.765625e-05
00110111100110000000,15.874453510681676,9.765625e-05
10010011110010000100,14.738976329107043,9.765625e-05
11110001111001101010,14.735189436015496,9.765625e-05
11110010111010100101,17.494651246557453,9.765625e-05
01100000100110000000,22.210880618891473,9.765625e-05
11000111010111000000,12.241141259594222,9.765625e-05
10010111010110101110,18.887028444104462,9.765625e-05
00011011110010010000,17.151418124136658,9.765625e-05
11001111110100011001,18.265956143911993,9.765625e-05
11110100100011111011,17.52128741604434,9.765625e-05
01001100010011001101,18.292808743566983,9.765625e-05
11100001011001100111,18.921093706466483,9.765625e-05
01101101110000001010,18.628703136829266,9.765625e-05
11001100000010111110,13.301615225250824,9.765625e-05
11001101111110011100,13.95419993945343,9.765625e-05
00001000011000100001,35.53457933425851,9.765625e-05
10100111101100001001,20.182795618003,9.765625e-05
11011101010101101110,13.816512825412456,9.765625e-05
11001011001001110010,22.47068888274105,9.765625e-05
01110101011001010000,15.429304372057814,9.765625e-05
01111101111011100010,19.90712938081943,9.765625e-05
00110001011100010000,14.537117164065203,9.765625e-05
01011000011101000011,18.21617368810557,9.765625e-05
00010111001011010000,19.266823732214267,9.765625e-05
11001001101100010100,15.52710839497873,9.765625e-05
11111100100001001010,18.546612590278073,9.765625e-05
10001111010111101010,19.759146788622587,9.765625e-05
11110000000000011000,12.677676610712995,9.765625e-05
11000011100001111001,16.386286182434418,9.765625e-05
01101011101010001000,20.1849319359313,9.765625e-05
11100100001000000100,14.18188720114459,9.765625e-05
11111100110100010110,10.250886234095848,9.765625e-05
01111001010101001100,16.01302759593866,9.765625e-05
01010011000111110000,18.444284641738587,9.765625e-05
01111100010000101101,14.980885654940629,9.765625e-05
11001100100001010010,11.069615233567998,9.765625e-05
11001101110010000001,15.140201843902716,9.765625e-05
11100001100000000000,11.519320360211093,9.765625e-05
01101101001001000011,15.623737154247063,9.765625e-05
01011110101010100101,20.75262748348098,9.765625e-05
10110001101010001101,20.65858352579215,9.765625e-05
11011011110000101101,16.86131661910629,9.765625e-05
10110111010000111011,24.915649974982145,9.765625e-05
01111000101010110010,15.294693968077013,9.765625e-05
10010111110111010001,12.148468656260809,9.765625e-05
11110100110011100111,14.049919372778238,0.0001953125
11001101110101011100,9.735019009437075,9.765625e-05
11011101110011010101,12.908355616746945,9.765625e-05
10110100011001001100,17.809877237779883,9.765625e-05
01011111110011110110,17.869815251185415,9.765625e-05
01010110000101010000,11.6315712034442,9.765625e-05
00110001011001101001,20.87456189723328,9.765625e-05
11111101110011001010,21.823059507330726,9.765625e-05
01100011001011000000,15.867866011047095,9.765625e-05
10101000111011001001,45.95465279826955,9.765625e-05
11001100111001000010,12.75007995679751,9.765625e-05
11110001111000101111,14.735189436015496,9.765625e-05
01111111101110010111,19.400328046424608,9.765625e-05
11000111010110001000,13.056106269619548,9.765625e-05
00100111000100011011,20.668148398518213,9.765625e-05
11011100000110111010,12.400424564607377,9.765625e-05
01110011001000001100,17.97023925043483,9.765625e-05
00110110101101001001,13.494651246557456,9.765625e-05
00101111111100101000,21.586709635715415,9.765625e-05
00100000110010100001,42.04753340859416,9.765625e-05
10010111110011000100,15.448900732011193,9.765625e-05
11101011001100100000,36.0408358572656,9.765625e-05
01011000010010110110,16.252723370607885,9.765625e-05
00110101010111100100,16.1139662772091,9.765625e-05
11110111101101010011,20.689498034651614,9.765625e-05
01110001000100001100,15.805268857942757,9.765625e-05
11110110101000110101,18.9567599493236,9.765625e-05
10011101001101101101,13.697528124094434,9.765625e-05
00000111001001001000,15.313898763980207,9.765625e-05
00010111010110001101,13.427874727226266,9.765625e-05
00111101110100100111,11.736207148510633,9.765625e-05
01001110101010111100,18.586950232388286,9.765625e-05
00110100001110001101,19.695970622670348,9.765625e-05
00110111100011000011,17.126331658101524,9.765625e-05
10011100110110100011,12.334551151262557,9.765625e-05
11101101111100101010,15.058013663353229,9.765625e-05
11011111101101100010,26.060589611693516,9.765625e-05
11100001011110101000,20.670683420335347,9.765625e-05
10111100010010111011,18.869831178815723,9.765625e-05
11001001011011101111,20.211153375932028,9.765625e-05
11100001110110110001,22.090242730764338,9.765625e-05
11000011111010100010,20.314759299980686,9.765625e-05
00100111011000000000,16.980885654940625,9.765625e-05
11111100011110000111,11.710521231446982,9.765625e-05
00110010010111111001,36.822846532402586,9.765625e-05
01011010000001100011,22.707330872631005,9.765625e-05
00100111011010010110,20.627558732224966,9.765625e-05
01110110010110100001,13.423265612968072,9.765625e-05
01011010010010101010,15.163957463587968,9.765625e-05
01101010000001100110,35.149589950080326,9.765625e-05
00011111011011101010,16.31536934613128,9.765625e-05
01010111100111010100,19.20375342829496,9.765625e-05
01110011100101110000,17.71052123144698,9.765625e-05
10010111001011001010,24.31065790141096,9.765625e-05
00101010111010011010,41.417162838250036,9.765625e-05
10001101000000101010,17.623107441755298,9.765625e-05
11011100110000110011,7.913773625800632,9.765625e-05
11101111101010100110,26.55347211253214,9.765625e-05
11110101111011110110,19.908927468076563,9.765625e-05
11100111000100011000,24.426182207734804,9.765625e-05
01100111110000111100,17.233573420737216,9.765625e-05
11001101011001000100,10.385660001513457,9.765625e-05
01010011010000001010,15.950115410075139,9.765625e-05
10110111011011000101,21.5538448209496,9.765625e-05
11110001100100101010,16.79271285644008,9.765625e-05
01011100100101110100,14.431469024515735,9.765625e-05
01111100001111101000,15.395726544634881,9.765625e-05
11011101011111100000,13.930065282220522,9.765625e-05
00111100001010101010,16.247989022242848,9.765625e-05
11000111101110011000,17.19114832094578,9.765625e-05
11011000011100110010,12.97112644498273,9.765625e-05
11000111010111111110,13.802983667841826,9.765625e-05
00011110011110000001,10.731549946254452,9.765625e-05
00011100110100000000,10.696138426763087,9.765625e-05
00011011101011000001,17.951787539644176,9.765625e-05
01110011011000000101,12.357385750889843,9.765625e-05
11001101011000000000,14.284720585821958,9.765625e-05
10011111000110100101,21.630324653881644,9.765625e-05
11110001100110101000,18.729642552520772,9.765625e-05
11111100111001010000,9.583899343135428,9.765625e-05
11010001001000111100,20.88590505508026,9.765625e-05
10010110101111000000,17.64087311393005,9.765625e-05
11100101100101011001,12.515817689498292,9.765625e-05
01110011101111000110,16.58221850650893,9.765625e-05
11111000001001000011,20.583484700776474,9.765625e-05
00001111111000101100,20.32644778946847,9.765625e-05
11011001011100110110,12.540565837325405,9.765625e-05
10110001100001011011,18.708432816012795,9.765625e-05
11100101110010110000,15.730569607032024,9.765625e-05
11110000000101110000,15.471294341600853,9.765625e-05
10100101111100010001,18.43868614951488,9.765625e-05
00110011101110100011,21.036692117486226,9.765625e-05
11110100010101001100,10.426433508293139,9.765625e-05
11111001111010011111,15.537588758501183,9.765625e-05
00011101001010001110,27.54282914163013,9.765625e-05
11101101110111101000,15.997786535962842,9.765625e-05
10100111101111100100,20.643673720473082,9.765625e-05
11011100000100010000,10.96014459611569,9.765625e-05
00011100100101000001,11.15858371669421,9.765625e-05
11111101011000101011,23.380447180665044,0.0001953125
01101111111000111101,19.87176147619412,9.765625e-05
11010100010001010000,7.422077473894511,9.765625e-05
00000011000000010000,17.346519362965495,9.765625e-05
11100101000001100010,19.018876556376064,9.765625e-05
00001111101110010000,15.136044570612134,9.765625e-05
11110011011111100101,18.960157198905588,9.765625e-05
00001110000110001000,18.181540018857536,9.765625e-05
11011111110111000001,17.389090320548263,9.765625e-05
11010110100100010101,11.6315712034442,9.765625e-05
11100001000000100000,15.297951579824833,9.765625e-05
01111001001101011001,19.46369120303963,9.765625e-05
11001111010101000000,22.696504344670004,9.765625e-05
11001101011101111000,10.157375187698229,9.765625e-05
01110011011001111000,16.57689720114189,9.765625e-05
00110111010000001101,17.444292352174067,9.765625e-05
11000001000000100100,11.097849400896367,9.765625e-05
00111101100100101001,17.80717904882618,9.765625e-05
00100101111100010000,18.73749180576696,9.765625e-05
10000101011000000001,18.51269653218397,9.765625e-05
10101100100011100111,25.84593086582251,9.765625e-05
01111001110011010000,13.91176690589462,9.765625e-05
11101101011001101001,18.457806823294803,9.765625e-05
01111000000010110110,15.962654015105382,9.765625e-05
10100101001000001111,21.996832839096,9.765625e-05
11110110101110101100,18.67253033001154,9.765625e-05
10000111101111010110,22.73613615686792,9.765625e-05
11100010101000001000,19.733111615703393,9.765625e-05
11110100010111111100,13.220051239180997,0.0001953125
01111101011001001101,16.641172306186135,9.765625e-05
01001111110001001110,15.394772847768039,9.765625e-05
01000110011011001101,22.06725779980413,9.765625e-05
01110110011111001000,12.85336349026845,9.765625e-05
10010011110111001100,16.44367347936281,9.765625e-05
11110100110001010010,7.332656240715572,9.765625e-05
01011001110011110101,19.84706467530473,9.765625e-05
10000111010010100011,22.202844287855303,0.0001953125
10001010010000101010,41.16434899516214,9.765625e-05
00011100000011101110,22.753465632277926,9.765625e-05
11101001110010001110,17.431992874974565,9.765625e-05
00010111010111011001,11.664576477592453,9.765625e-05
11110001011010101101,16.603486017051853,0.0001953125
11111001110011111001,17.85745528992842,9.765625e-05
11010000000100110000,11.52710839497873,9.765625e-05
01110110110111001001,11.755709406036523,9.765625e-05
01001101011111010100,10.741288679162729,9.765625e-05
10110110000011110000,25.88805313261401,9.765625e-05
11001110011110001000,17.44873030543277,9.765625e-05
00111001101010100111,18.67119406402623,9.765625e-05
11101100111010111001,14.773562095860958,9.765625e-05
11011000000110000000,13.343709070385506,9.765625e-05
01110101100001100011,29.916884128485208,9.765625e-05
10010011100110011000,16.848764062047216,9.765625e-05
01110011011000010110,12.820251924773268,9.765625e-05
11010110110001001100,12.11630226533057,9.765625e-05
11101100101101100110,13.947323031566746,9.765625e-05
00111100001101100111,11.878204282520745,9.765625e-05
10001111100011101110,17.5998305996605,9.765625e-05
01110100000010000001,17.02348567063426,9.765625e-05
01110000000010111101,23.57780281001074,9.765625e-05
10001000001111100110,42.53020113063623,9.765625e-05
01011001110100100100,14.742503166324614,9.765625e-05
10001101101111000110,17.596063078642864,9.765625e-05
01111100010100111111,11.157096483331586,9.765625e-05
11011010010011101001,20.720757172458494,9.765625e-05
01100011111000000000,13.09246596796565,9.765625e-05
11000011001000111000,15.487626815737059,9.765625e-05
01011100010101000000,7.2683881116857485,9.765625e-05
00011001110001010000,18.62701967771708,9.765625e-05
01001011110111101000,20.374636524221653,9.765625e-05
11110100101100111000,11.714622422876648,9.765625e-05
00010110010111100011,20.11297645908978,9.765625e-05
00110001111000001100,18.507223175690434,0.0001953125
00011111100101010111,15.703881475789554,9.765625e-05
10110011100110111100,21.624511287415714,9.765625e-05
01111001111001010001,12.887265596333721,9.765625e-05
01011000010011110001,18.145677735754735,9.765625e-05
10111101101001111010,17.936678689789623,9.765625e-05
00111100010000011010,14.983695947520616,9.765625e-05
01000011011000100000,16.32644778946847,9.765625e-05
00111100101100110101,12.879579597760955,9.765625e-05
00100101000000110101,20.055203370773235,9.765625e-05
11110010110001011100,19.53485634645112,9.765625e-05
11011101010000110100,16.218550581070552,9.765625e-05
11000011110000100001,14.740341223889235,9.765625e-05
11011000011000101001,11.726150291426169,9.765625e-05
11000111011101101010,17.157096483331586,9.765625e-05
01111110111110010111,11.016765237297166,9.765625e-05
11011100010110001000,9.343709070385506,9.765625e-05
11110010110010101011,16.37350533722512,9.765625e-05
11100111111100001001,18.182795618003002,9.765625e-05
11011011110110111110,15.356475876029117,9.765625e-05
01001001000100010010,17.069615233567998,9.765625e-05
00111100010110010010,11.145748727397445,9.765625e-05
01100001000001000101,15.431992874974561,9.765625e-05
11011001101100101100,17.048928193875298,9.765625e-05
01100111101111110000,18.659645794714468,9.765625e-05
11110110110010101101,15.867866011047095,9.765625e-05
11011111110101100100,17.576935308835672,9.765625e-05
00001101000110000011,15.759156474659546,9.765625e-05
11000110101001110000,16.049543660070977,9.765625e-05
11100001100100010000,13.288173721374271,9.765625e-05
11010011010100011011,15.599830599660502,9.765625e-05
10110101111111001010,17.324535307784995,9.765625e-05
01101011110011100000,21.045390936199702,9.765625e-05
11000001011011000000,16.9597956345274,9.765625e-05
11100100001111100110,20.71737868013256,9.765625e-05
11010010001011001010,21.269512235131018,9.765625e-05
11001101110001110011,11.138896709596766,9.765625e-05
11110001011001001011,14.552893834105298,9.765625e-05
00110111101001011001,16.331640601788926,9.765625e-05
10010101001001001001,20.300986628574584,9.765625e-05
10110011100110110010,22.703823701754605,9.765625e-05
01100001000100000001,17.805268123521692,0.0001953125
11110011100110011100,16.432606365568763,9.765625e-05
01011101011001011110,19.47224532844515,9.765625e-05
11010011101101101100,16.54459163491579,9.765625e-05
00110010001010011001,23.587126900560058,9.765625e-05
01111000101010101100,19.712722212297443,9.765625e-05
10110110110010010011,20.377334076721308,9.765625e-05
11100100011000111000,13.421090893078738,9.765625e-05
01110110100111010001,11.952461514295866,9.765625e-05
10101101101010010011,19.72649330568837,9.765625e-05
01110110110111110011,14.664495799912785,9.765625e-05
00000111110001011100,18.34048060387575,9.765625e-05
01111100011010000010,9.20409436898867,9.765625e-05
01111000101100100000,12.326447789468473,9.765625e-05
01110111000100011010,25.417335953214817,9.765625e-05
01111011110110001111,17.691117292631624,9.765625e-05
00010111000100000110,18.303257866646693,9.765625e-05
01111100001001000110,13.461614117148596,9.765625e-05
01110011010011011111,16.046838222062128,9.765625e-05
01111100111000100010,10.161208389486534,9.765625e-05
01110010100101011010,19.587126900560058,9.765625e-05
01110000010000010000,7.988710018100806,9.765625e-05
01101100001000000010,11.716816514839897,9.765625e-05
01110111010001111010,22.20284781942611,9.765625e-05
11111001001011101101,21.22089917198192,9.765625e-05
01101100001010110010,12.02559109105492,9.765625e-05
00011111000101011001,14.599229603092816,9.765625e-05
01100111111001000110,14.35546440512733,9.765625e-05
00110011011010001010,15.55845664523033,9.765625e-05
00011111011110000001,10.556889643273161,9.765625e-05
01100111010111000110,15.218024129352568,9.765625e-05
01110110000001010001,16.489210959516733,9.765625e-05
11001111111011110101,13.122570477053909,9.765625e-05
10000010100011111001,41.37085307557371,9.765625e-05
11000111001101010111,17.096884559990258,9.765625e-05
11010110101111010110,20.423194621325365,9.765625e-05
11000111111010000010,21.719241517439055,9.765625e-05
11010111111001001101,16.686929796746803,9.765625e-05
01101111110111110010,16.623607664988153,9.765625e-05
11001111110001000000,18.804378442283145,9.765625e-05
11011000010001101000,12.993282803966455,9.765625e-05
00001101000010001010,19.78328842186992,9.765625e-05
10100001010011001111,33.60100159691156,9.765625e-05
00001101010001010010,13.899651171257974,9.765625e-05
01101100000011010010,12.906171210820656,9.765625e-05
01001010101100000000,23.25525122011036,9.765625e-05
10100111100100111000,20.645635883951904,9.765625e-05
01111110001110101100,20.270941879962567,9.765625e-05
01110110101110101111,23.325820259308585,9.765625e-05
00100001000000000100,16.766381299254355,9.765625e-05
11100001001000000110,14.311082229806871,9.765625e-05
10011001111011100000,17.37926157694997,9.765625e-05
01011100100001010101,14.225431227668109,9.765625e-05
11010000101100000011,20.423616239698735,9.765625e-05
01011110010111110100,11.759156474659545,9.765625e-05
10000111011111100010,22.713312064825857,9.765625e-05
01111001100100100111,16.64654876310243,9.765625e-05
11010011010110110110,15.35647587602912,9.765625e-05
00110011011010100010,17.39176560585724,9.765625e-05
11010110010000100011,16.535938074574553,9.765625e-05
11011100000010011001,14.346236196306737,9.765625e-05
10010100010010000011,17.64087311393005,9.765625e-05
11011100011110110110,9.37567361963052,9.765625e-05
01011110101000110000,19.945446769512426,9.765625e-05
10010001000000100011,20.05609034198924,9.765625e-05
00000111100000010001,16.886173338988883,9.765625e-05
01011100000100110101,10.265255526904717,9.765625e-05
01001110100100011111,20.03979868556935,9.765625e-05
01100110100010110010,19.882407706035863,9.765625e-05
01111111111001010101,17.389090320548256,9.765625e-05
10011101000100100000,16.218550581070552,9.765625e-05
01110100101001101001,24.958890025658555,9.765625e-05
00110011110000101100,16.738976329107043,9.765625e-05
00010011100001110100,22.055071895073038,9.765625e-05
01011101000100001101,22.93076317836544,9.765625e-05
01100110100010011000,16.309496246220768,9.765625e-05
11110000001100101001,14.181228430541958,9.765625e-05
00111101011111101111,13.574785882062994,9.765625e-05
11011001100101101010,18.05609034198924,9.765625e-05
11010110011110011101,11.645597776258132,9.765625e-05
01101101011011111110,14.533936785553443,9.765625e-05
01011011101001011101,21.48747596796295,9.765625e-05
01110010100000000110,15.564656966819463,9.765625e-05
10001111101110001000,17.89870371598448,9.765625e-05
00011100110011010010,18.506339943185303,9.765625e-05
11011100110000011101,9.422077473894513,9.765625e-05
01001100000001000011,13.586709635715417,9.765625e-05
11011001010110101100,11.897743777524296,9.765625e-05
01110011010011111101,17.511728795751445,9.765625e-05
01011100110111111000,17.582926187067475,9.765625e-05
10011101011011010011,16.016823011332107,9.765625e-05
01001111110000010100,13.484816523157072,9.765625e-05
01000110100000010001,15.054216789957461,0.0001953125
11110001111001010011,12.34691027972181,9.765625e-05
01111011001001001011,25.925260763761038,9.765625e-05
10010001101010000001,25.404444120604413,9.765625e-05
00011110000011001110,19.734299754776952,9.765625e-05
11001100100100100010,11.030685839314774,9.765625e-05
10100000001010101100,36.15578311015118,9.765625e-05
00110111000100010001,15.985311222979647,9.765625e-05
01110110010011100010,18.1008100135598,9.765625e-05
10111101101101110011,11.804903555602019,9.765625e-05
01110101010101000010,14.376554425540562,9.765625e-05
11001101011010100011,16.745723933238708,9.765625e-05
10011111101010111011,23.522421411030432,9.765625e-05
10001101100001001000,14.086254072274942,9.765625e-05
10111101111000111010,17.269701484866154,9.765625e-05
11111000100100111010,15.586709635715417,9.765625e-05
01110111011001101110,22.8669541605849,9.765625e-05
01110011001110000110,16.50246321365814,9.765625e-05
10011101111100000001,12.497288402536475,9.765625e-05
00111101111000000011,11.775448131079436,9.765625e-05
00011101110100101000,19.244610322776843,9.765625e-05
11011101001001111111,20.788015892187566,9.765625e-05
01111110110000011011,17.361213755964968,9.765625e-05
11000011000010111101,15.997786535962842,9.765625e-05
01001100010101010101,16.401032744329537,9.765625e-05
11100011101110001000,18.439476297441036,9.765625e-05
10001111101101100100,18.402281160320527,9.765625e-05
01000011010111111100,22.262031522687078,9.765625e-05
11010110111111001101,14.538494367370035,9.765625e-05
01111100110110011111,10.921093706466484,9.765625e-05
00111100111111111000,18.217221487399897,9.765625e-05
00110011011111101001,20.58029716074642,9.765625e-05
00111101011101110001,9.142872961186844,9.765625e-05
11011101110100000011,16.366291842173453,9.765625e-05
11110101111001100001,16.30725629830024,9.765625e-05
01000111101110010100,20.22002459682541,9.765625e-05
11000011001010110010,20.726834246382076,9.765625e-05
00011111100101001001,14.48472344941791,9.765625e-05
11011011111011100101,15.925715314751187,9.765625e-05
11001101111000010010,13.809966143494188,9.765625e-05
00111101101011010011,13.906071161067077,9.765625e-05
11100110111100000011,21.145748727397443,9.765625e-05
01111001010000001100,16.268135766247248,9.765625e-05
01110010100100110101,19.885181534428266,9.765625e-05
11110010110010000110,16.408047281972916,9.765625e-05
00011010001010000110,22.54649902864947,9.765625e-05
10110111110100001111,17.539510104263698,9.765625e-05
00110011000011001110,17.93026394495189,9.765625e-05
01100011001111001101,21.814055047627747,9.765625e-05
01100100000000010111,14.815561838568154,9.765625e-05
01001110011010111111,18.548400180789805,9.765625e-05
11010011111000000101,13.143841333663762,9.765625e-05
10010110100100100101,16.74034122388924,9.765625e-05
00011011111011000001,17.13481750188688,9.765625e-05
01111100001110111010,13.777264866829238,9.765625e-05
11101111101011101101,23.600787828098145,9.765625e-05
10010111011011001000,16.82210852048642,9.765625e-05
01011010100011000011,21.116766883752135,9.765625e-05
11000101000101000110,13.691773440748571,9.765625e-05
01111001010100110001,16.103761467876947,9.765625e-05
10100100101000101111,26.80238683929899,9.765625e-05
11011100000100100101,10.70800557086394,9.765625e-05
11111100001101100101,14.666593694243868,9.765625e-05
11110001100100100010,15.037021276938301,9.765625e-05
01111101011000001111,19.349966344051666,9.765625e-05
10111100100000000010,17.22238378285886,9.765625e-05
00110110000000010011,17.361213755964968,9.765625e-05
11110011100111001100,15.884674258483955,9.765625e-05
00100111100100101010,20.85939527334378,9.765625e-05
01010101001111010100,28.694574047291603,9.765625e-05
11001001001001100010,14.783920560956785,9.765625e-05
01011110100011100001,18.200994668156568,9.765625e-05
01111001111000010000,11.69177344074857,9.765625e-05
11110001000101100011,17.304034073383832,9.765625e-05
10001101100101111010,15.486364251417001,9.765625e-05
10001111001011011100,19.508331546169458,9.765625e-05
11110111011001101010,25.909069451361987,9.765625e-05
01100110000100100010,20.7014083851924,9.765625e-05
00011110110100010011,16.44715615279713,9.765625e-05
01000011100100100011,26.442431490469048,9.765625e-05
11110001101100010100,11.313898763980209,9.765625e-05
01110111011101110011,16.243866706469692,9.765625e-05
11001011001010011110,19.296634038619565,9.765625e-05
00001100000010001110,23.065164051861718,9.765625e-05
11011011011000011101,20.719312509081764,9.765625e-05
10001101101010011001,20.70774551498996,9.765625e-05
00111101001111010001,10.038808954577231,9.765625e-05
01000111101101001100,19.359656254540884,9.765625e-05
01100101010100000100,12.545012518868095,9.765625e-05
11010110010010011000,11.056106269619544,9.765625e-05
01010011000001100110,20.73997884839294,9.765625e-05
00001111011010000001,14.844154947789026,9.765625e-05
01111001010110100111,13.829569039308177,9.765625e-05
01010110110001100011,21.021542155648095,9.765625e-05
01011010011010000110,14.546499028649471,9.765625e-05
10111101101100101100,17.892180966399266,9.765625e-05
10100101000001000101,17.736561306812103,9.765625e-05
11110100110001001011,9.427874727226266,9.765625e-05
11010110011111010010,15.80298366784182,9.765625e-05
01001100111011000110,21.533333715417264,9.765625e-05
00110111000011010010,18.843974747636786,9.765625e-05
00110000110010001000,22.45067562135635,9.765625e-05
01111100100001001111,16.82210852048642,9.765625e-05
10011101110110110001,12.819367674419624,9.765625e-05
11110100100000011010,13.90804373416411,9.765625e-05
11001101011100011001,13.822505482945495,9.765625e-05
00111101000111100010,13.24674247268029,9.765625e-05
11101111000101111000,34.76587273997179,9.765625e-05
10111001101010100000,17.77455565269115,9.765625e-05
00111111010011100010,19.816483767301584,9.765625e-05
01110011011011000100,11.395154518641203,9.765625e-05
11011100111110000010,11.18217588581545,9.765625e-05
01101101001000010111,14.586426469056661,9.765625e-05
11111001111010011010,15.622654691702564,9.765625e-05
10010110010111000011,19.002305286504413,9.765625e-05
00010111011101011000,14.008411505666055,9.765625e-05
10011111000101100010,23.44122929019362,9.765625e-05
01001101010010101011,22.555036492003623,9.765625e-05
01111101011101111111,12.016823011332113,9.765625e-05
00110011001001011011,20.330548453207477,9.765625e-05
11111001101001111001,19.46746841009422,9.765625e-05
00101101001001011110,15.997786535962844,9.765625e-05
01001011000011000100,13.819365687978333,9.765625e-05
11001111101000111011,21.317057294567235,9.765625e-05
01110110111010111001,17.52129710208129,9.765625e-05
11000010101001001011,28.130328103723436,9.765625e-05
01110110100110100101,17.622654691702564,9.765625e-05
11011100010111001010,11.151418124136658,9.765625e-05
11111100100101010111,12.867020886235736,9.765625e-05
01100011100100000110,16.230689426491974,9.765625e-05
11110011101001110011,22.08360306223411,9.765625e-05
10011100100001001001,14.001188139073562,9.765625e-05
00011100000110010011,11.651276135453056,9.765625e-05
11110100101001110111,14.155166185953185,9.765625e-05
01011110100101101000,18.250886234095844,9.765625e-05
11110100101101010101,8.008411505666057,9.765625e-05
11111100111010001100,13.645951934559598,9.765625e-05
01011011111001111101,19.607487158727942,9.765625e-05
11011110111001011110,17.997786535962845,9.765625e-05
01011000000000000111,15.897743777524296,9.765625e-05
01100111110011001001,16.82255691701042,9.765625e-05
01110011011101010111,15.261844346520428,9.765625e-05
01100011101110011100,19.181619053031014,9.765625e-05
00111110110010001001,18.114031027258463,9.765625e-05
11110100010101001001,8.58381939987683,9.765625e-05
11011100111101111000,8.744410560058292,9.765625e-05
00011111011001001010,16.333607227559874,9.765625e-05
01011110101100001101,17.69177344074857,9.765625e-05
11000101000011010101,13.677319007967917,9.765625e-05
11010110011101111100,13.47410463418084,9.765625e-05
11001110001010110001,17.485100745535817,9.765625e-05
01000001101010101101,46.350245979139615,9.765625e-05
01110110000000011111,19.073004440619222,9.765625e-05
11011100001010010011,14.899368004599218,9.765625e-05
01000111000100011001,15.431802058473716,9.765625e-05
10011011101011001011,22.71027972568899,9.765625e-05
01011100000101010110,11.586709635715417,9.765625e-05
00011101100101010100,14.225431227668109,9.765625e-05
11110100011001000001,9.183075340218153,9.765625e-05
11110001110100100000,8.424583154173337,9.765625e-05
00011111010010100010,17.4023558906741,9.765625e-05
11010110110110101100,12.247051253006308,9.765625e-05
11111001101001001010,19.374698564248476,9.765625e-05
00101000001100000000,29.65038093620241,9.765625e-05
00100111100111101000,18.608152170923923,9.765625e-05
11110000011100001000,9.610835341332443,9.765625e-05
01011101100110000111,26.1276306491908,9.765625e-05
11100100011011000001,17.220051239180997,9.765625e-05
01111100011101110001,6.308822664213014,9.765625e-05
00111101100001001100,19.182180151807326,9.765625e-05
10010100011011100101,24.570212801930083,9.765625e-05
01110100110001000100,10.764119747219207,9.765625e-05
01011100001110010010,13.68575957174484,9.765625e-05
11000110110110001100,14.51730564644216,9.765625e-05
01110111110010011001,19.80632656619629,9.765625e-05
11000101111101010101,14.892398659427416,9.765625e-05
11011101110100111101,11.812150549420478,9.765625e-05
11000100011000111100,16.520832483659728,9.765625e-05
01000111010001010001,10.856694287240334,9.765625e-05
01001100101100011000,17.9384639995928,9.765625e-05
11111100111011101010,11.930923097358638,9.765625e-05
11100101110100110001,12.735345801801703,9.765625e-05
01011011010000100100,15.198168153679013,9.765625e-05
11100101110010001111,19.103240963485053,9.765625e-05
10010111110100100011,16.86983117881572,9.765625e-05
01100011001110010001,21.390605888440504,9.765625e-05
10110011111000101000,16.30882067777172,9.765625e-05
01011011110100111011,20.515785823397863,9.765625e-05
00110001001001011011,22.283839975802504,9.765625e-05
11110001100110101001,19.468069406661908,9.765625e-05
11011000010010111010,13.3405383779107,9.765625e-05
01001011010010000011,17.710521231446982,9.765625e-05
11010011010100000100,10.869241326287309,9.765625e-05
11001101000011011100,12.716569676573675,9.765625e-05
11010000011000100110,16.867339363438525,9.765625e-05
00100111101011101110,24.058629972733353,9.765625e-05
01100010110011110111,38.344918676737656,9.765625e-05
00011100100011010011,17.977634284786156,9.765625e-05
11011011110111101011,17.243693384364846,9.765625e-05
11010011110001011011,15.192324994681153,9.765625e-05
00111100101010000010,12.137246858014768,9.765625e-05
01111110101011110001,17.230441130223443,9.765625e-05
11111001001111100011,19.556763685585064,9.765625e-05
01101111001110010001,21.51458706756604,9.765625e-05
01011011100000000011,24.19633475587785,9.765625e-05
10000011010000100000,20.55063934562142,9.765625e-05
10110101001100011100,17.917873125056264,9.765625e-05
10010011000100001011,18.82025192477327,9.765625e-05
00110111100111111010,19.493570857581453,9.765625e-05
01110100000100110000,12.270924923643936,9.765625e-05
01111101001010011000,29.670471245319305,9.765625e-05
11001011000011101111,21.498476541610035,9.765625e-05
11000110100001100100,15.346519362965495,9.765625e-05
00111100001100100001,8.32706054564161,9.765625e-05
01110000000010001000,16.8594056938018,9.765625e-05
11010011001111101100,16.84779443755007,9.765625e-05
01100011101000100100,17.04484564009848,9.765625e-05
10011001011110110000,18.77356209586096,9.765625e-05
00110110001110100001,15.490042132299266,9.765625e-05
11101111010110011000,33.886229137422355,9.765625e-05
10010110001010001111,24.355464405127336,9.765625e-05
01111100010000111001,12.611505871540526,9.765625e-05
11111101010100010111,20.046473398744205,9.765625e-05
01011100010011000001,9.60670750754719,9.765625e-05
01111001111110000100,10.79827566756511,9.765625e-05
01111100010101000110,9.996832839096003,9.765625e-05
10011100101010000000,16.14239938030957,9.765625e-05
11101100100000100101,17.484816523157072,9.765625e-05
11011100111110110011,9.634060145384272,9.765625e-05
11001111000111111101,15.209489561524832,9.765625e-05
11011110100111010010,17.584496171678257,9.765625e-05
11110100011001110100,10.740341223889235,9.765625e-05
01111001100011101010,23.800106649610996,9.765625e-05
00100111110010101100,22.367961898174002,9.765625e-05
00011111111011010000,14.444284641738584,9.765625e-05
11010111110101000100,12.093416954809953,9.765625e-05
00111001100001100000,15.702954127011036,9.765625e-05
11111110111111111011,15.685643594360958,9.765625e-05
01100110111000010000,13.726150291426169,9.765625e-05
01100111110000110100,15.898703715984482,9.765625e-05
00111111111111010101,13.659842129227412,9.765625e-05
01101100111000110110,12.387554912060445,9.765625e-05
00011110101111010010,16.846878321096,9.765625e-05
11010100000111010101,12.008411505666057,9.765625e-05
11110100111010100111,16.26201559505678,9.765625e-05
11000011100011101001,17.066352190935277,9.765625e-05
01101101100010110000,19.735300510953458,9.765625e-05
11011100110110111000,7.911252741472748,9.765625e-05
10110100001001101010,18.128536258059647,9.765625e-05
10011001100011000001,18.247834435757866,9.765625e-05
11001001101001101101,18.058193775968608,9.765625e-05
11110100001101011110,13.332656240715574,9.765625e-05
11110101110100110111,11.75914678862259,9.765625e-05
01011110111000001101,16.42458315417334,9.765625e-05
11101101001011101111,19.24674247268029,9.765625e-05
11110001011101101010,14.358274697707323,9.765625e-05
01100111010101101000,18.241141259594222,9.765625e-05
11111101111001100111,13.801088768134655,9.765625e-05
11000111011000001111,18.661963134343274,9.765625e-05
11111101101101110111,13.246757676729345,9.765625e-05
01101110100111001001,23.273340974627203,9.765625e-05
01111011011110100100,16.182785931966045,9.765625e-05
10111001001011000001,22.728569139559177,9.765625e-05
01001110111010111110,20.495348331993924,9.765625e-05
00000111000001000100,12.0009509868443,9.765625e-05
10010111110111101000,13.066352190935277,9.765625e-05
11011011101110011000,20.110391537497414,9.765625e-05
11111111111011001000,27.6857870356487,9.765625e-05
11110100011100001101,8.958899711695508,9.765625e-05
01000011011100110010,24.1696392672265,9.765625e-05
00001111000111110011,15.551865075947566,9.765625e-05
10111100101101001001,13.249851859549345,9.765625e-05
11011100110100101101,7.938185295226157,9.765625e-05
11011000111110001101,18.051310615648752,9.765625e-05
11110011000000000010,29.1202189527881,9.765625e-05
11110100100111011110,14.439064365104622,9.765625e-05
00110101010000011011,17.87636090441535,9.765625e-05
01010110000001010100,15.268141273419534,9.765625e-05
11010110000111110000,13.871761476194122,9.765625e-05
01010011110100001101,14.0798103568632,9.765625e-05
10110101111001000101,11.869959758989506,9.765625e-05
10111100000111101111,20.67121278880628,9.765625e-05
11110100011110111100,13.229796213682622,9.765625e-05
11111101111110101110,16.839408116237287,9.765625e-05
10000111100100100011,20.18470301173668,9.765625e-05
01111100101001110110,13.111332751177562,9.765625e-05
11111100110111101010,10.643673720473082,9.765625e-05
10010101010001000000,12.91152975366536,9.765625e-05
11100001101000101101,17.868280653406053,9.765625e-05
11000010000000001111,24.046708477404977,9.765625e-05
01110110011100110001,11.763881136987631,9.765625e-05
00110011010100000110,16.33821634181806,9.765625e-05
01100111010001110110,16.55688964327316,9.765625e-05
10000111001101111011,21.612076999288895,9.765625e-05
01000001000100010001,21.341803663093117,9.765625e-05
01011111011011100100,17.140793165273266,9.765625e-05
11000011000101000100,15.046708477404977,9.765625e-05
10110001110010100001,16.1139662772091,9.765625e-05
11110001111011110101,15.659794041229423,9.765625e-05
10110110100010111011,20.91261057270367,9.765625e-05
00110101100000111000,26.9206896592296,9.765625e-05
01110001000011000000,18.225676090332847,9.765625e-05
11001100010111110100,14.289121176647765,9.765625e-05
11011000010000101010,11.288173721374273,9.765625e-05
00001111101010010100,16.63246712627609,9.765625e-05
01011110011011010100,11.997786535962842,9.765625e-05
01011101001001011101,22.414545326975997,9.765625e-05
11101100011010111000,15.237648998499623,0.0001953125
01001101010010000010,16.027596842368144,9.765625e-05
00111011000011000001,25.416572349267575,9.765625e-05
00110111110011011000,14.822556917010417,9.765625e-05
10111100110110100010,12.386286182434421,0.0001953125
00011100101100001000,17.65038093620241,9.765625e-05
10111101111101001010,12.576897201141891,9.765625e-05
11010111010110011100,13.267794091132476,9.765625e-05
01001011100000100011,22.428057735368057,9.765625e-05
11110001110010001111,14.555308856400243,9.765625e-05
11100011011001110100,22.5998465272908,9.765625e-05
11100101110110100100,15.226985921102635,9.765625e-05
01011100111100110001,11.975228665100724,9.765625e-05
10011100000100001110,17.343709070385508,9.765625e-05
00110011010110001110,17.010598239810776,9.765625e-05
01001101110100111101,19.50015991359502,9.765625e-05
11000011010011011100,12.798275667565107,9.765625e-05
11110000101011010110,18.982191866602747,9.765625e-05
01100111010101110101,17.49009366474086,9.765625e-05
11100000000010000001,21.33863098417702,9.765625e-05
10110110111010001011,18.40105409159527,9.765625e-05
11101101010110110111,18.79147797935577,9.765625e-05
01010011000010010101,16.376554425540554,9.765625e-05
10111101100100000110,19.813802876853305,9.765625e-05
11010001110001001100,11.436971351583276,9.765625e-05
11010111100000010010,30.33560154056657,9.765625e-05
11100011001000001110,20.6469029214039,9.765625e-05
01110010110110011000,14.694014417357426,9.765625e-05
00110111010010011000,17.881034768722905,9.765625e-05
11011101011101001001,13.99551529789074,9.765625e-05
10000001000000101000,18.272506259434046,9.765625e-05
11100101000111011011,19.027739903009735,0.0001953125
11010001000010001100,19.26813576624725,9.765625e-05
01101101111001110110,10.44715615279713,9.765625e-05
10100101100001101011,18.19997622124037,9.765625e-05
00011011101001010011,23.016765237297165,9.765625e-05
11010001001000001110,23.286344502437778,9.765625e-05
10000111111011011011,24.475452692247604,9.765625e-05
10000111110000101000,15.767341237714543,9.765625e-05
01010100001000000111,27.575455982208766,9.765625e-05
11011100100110110100,10.467555242240035,9.765625e-05
11001001011100000100,14.794240907519017,9.765625e-05
01110000101101100000,19.758485944451465,9.765625e-05
01010101011100111111,34.07338993774011,9.765625e-05
01001011110001100100,16.331669659899795,9.765625e-05
01100011010011101010,20.37350533722512,9.765625e-05
10110011101100101010,18.88702844410446,9.765625e-05
00011111001011000011,16.081753442535376,9.765625e-05
11100011110100100100,19.313898763980205,9.765625e-05
00101101110000010111,18.3107280715054,9.765625e-05
10001101001110110011,18.34086789113769,9.765625e-05
01100011000010101010,21.599056280987973,9.765625e-05
00011111001111001101,12.457665661557655,9.765625e-05
10001101000011010000,14.611505871540523,9.765625e-05
01111100011000001001,11.268141273419538,9.765625e-05
01011110011001000110,16.182795618003,9.765625e-05
01100101110011010001,16.795068646697757,9.765625e-05
10010011100011000010,19.074722584617756,9.765625e-05
01000011111010010000,19.71925120347601,9.765625e-05
00011001001010100001,20.013136902415205,9.765625e-05
10100101111000100101,19.581978731793985,9.765625e-05
01101101110000111000,18.270924923643932,9.765625e-05
00011001101100000011,21.38532624397423,9.765625e-05
11101111111001001100,24.546612590278066,9.765625e-05
10100111101001111001,20.250516148164074,9.765625e-05
11010010011010001111,18.96308720758033,9.765625e-05
11101011001001111100,32.222996539031996,9.765625e-05
01011100000000010110,14.88275653182911,9.765625e-05
01001111111101110001,15.341147613352845,9.765625e-05
11111001011001000100,17.064476663302024,9.765625e-05
01110100010001011001,10.54649902864947,9.765625e-05
00011111010001010110,17.53587061450264,9.765625e-05
00001111110010000001,15.997786535962842,9.765625e-05
01000100101000010000,24.50825057422253,9.765625e-05
01100101100000110000,21.47504490629986,9.765625e-05
10010011001001000110,21.768429767188334,9.765625e-05
11101100101101101000,14.329264323641809,9.765625e-05
01010110100001010101,16.362456861083917,9.765625e-05
01111100111001010010,6.731549946254451,9.765625e-05
10101101110011101010,18.643673720473082,9.765625e-05
01100111100010110100,20.01775776543903,9.765625e-05
00111101101111000000,11.531139710581217,9.765625e-05
11010010111110000011,20.06628119929257,9.765625e-05
11100101000110100110,20.786089028412956,9.765625e-05
11100100101001011110,15.166725909763315,9.765625e-05
01001110100110010001,14.540565837325405,9.765625e-05
00101001101010000011,21.57682620949918,9.765625e-05
11110000001011000110,18.36479818171361,9.765625e-05
11100101011001110110,13.15709648333158,9.765625e-05
00001010001110001001,36.42361623969874,9.765625e-05
11111100110111110110,10.090239286320728,9.765625e-05
00100111101001001110,18.00513848272912,9.765625e-05
11110000110010100000,9.448354701488896,9.765625e-05
11011000111000000110,12.910292803012561,9.765625e-05
11110101100101111100,15.429304372057814,0.0001953125
01011100100101000000,13.176873130564399,9.765625e-05
11011100110111100101,8.680961207751505,9.765625e-05
01000110100100000101,17.39227685352617,9.765625e-05
11010011010011100000,12.960399439084647,9.765625e-05
01110011100101001101,15.470712629570222,9.765625e-05
01110100110100010001,5.372811794608934,9.765625e-05
11000110110001000000,12.787406569618218,9.765625e-05
10001101100010110011,18.683607326186234,9.765625e-05
01001011010010010000,14.250886234095848,9.765625e-05
11001001001001100110,13.697968390960465,9.765625e-05
10011101101001110100,17.50764062603895,9.765625e-05
11011001010100001010,14.980885654940625,9.765625e-05
01001111110000001001,18.71656967657368,9.765625e-05
11110100000110010011,12.707330872631003,9.765625e-05
11010011011100101101,13.21343438716829,9.765625e-05
10111101111011110011,13.685643594360952,9.765625e-05
11111100011000101011,12.535938074574553,9.765625e-05
11010100010110000001,8.649722165599778,9.765625e-05
11110110011111110010,18.016823011332107,9.765625e-05
11100001100000100000,12.741649079057545,9.765625e-05
11010110010100000001,10.558207184478427,9.765625e-05
10011101010011101001,14.046588761310225,9.765625e-05
11001111101111011111,15.742771744500498,9.765625e-05
11111100001100110111,12.108212649583226,9.765625e-05
01001011110110001000,17.516098135294687,9.765625e-05
01010010100000011101,19.606717193584146,9.765625e-05
00001111000100011011,19.216080505603017,9.765625e-05
11000110100010011010,15.807826195618407,9.765625e-05
10100100000111010111,32.7571559200595,9.765625e-05
01101110001010100111,21.624921761749818,9.765625e-05
01111000001001111011,19.802983667841822,9.765625e-05
11000111110101101100,10.181228430541955,9.765625e-05
11100110101010000010,20.75766561134944,9.765625e-05
10111101110000001001,20.201348826458037,9.765625e-05
00110110100100010001,12.074915278796508,9.765625e-05
10110100101010010100,19.163915617183328,9.765625e-05
01001011011101000000,18.388158705777872,9.765625e-05
11010111000100011111,20.937645604264226,9.765625e-05
01110001101101010110,17.555807180728664,9.765625e-05
11100111001101010000,21.38607745186198,9.765625e-05
00001111000000000001,18.25280684543729,9.765625e-05
01001011101110101101,23.596063078642864,9.765625e-05
11011111011001000101,23.940642251052942,9.765625e-05
01101101110001110110,11.157096483331582,9.765625e-05
01001110000011011010,14.906171210820656,9.765625e-05
00001111010011100001,14.517648660704356,9.765625e-05
11001100110010101100,13.006269669725654,9.765625e-05
01100111010011000000,15.624576037465072,9.765625e-05
01111000001100101010,14.916906210581663,9.765625e-05
11110100011110010001,8.25238242991418,9.765625e-05
10110100100001001001,11.766920353762242,9.765625e-05
01100101011110010001,18.131920181270488,9.765625e-05
01100110101000000000,16.20531780776644,9.765625e-05
11111000000001100001,23.530159371358792,9.765625e-05
10111100011000010001,18.453143379445276,9.765625e-05
01111101100111000100,18.6848360488044,9.765625e-05
00011111010101010100,14.786089028412952,9.765625e-05
11100011100100111000,19.7240468574468,9.765625e-05
10111100111100100010,9.947323031566748,9.765625e-05
10110101000110110001,18.5214836417939,9.765625e-05
11010011010000111010,15.508331546169451,9.765625e-05
00111101010110110110,14.202844287855303,9.765625e-05
10011011100011111111,25.243693384364846,9.765625e-05
10110110101000110010,22.103761467876947,9.765625e-05
11011100110011000001,9.606707507547188,9.765625e-05
10011101101101101010,17.567582807469346,9.765625e-05
10010011000010101101,18.114031027258463,9.765625e-05
01101100110001011101,19.40354466620171,9.765625e-05
00011111001010010001,17.540659292459026,0.0001953125
01010111010010011011,23.304656515593926,9.765625e-05
00110011100100001100,14.561509177989375,9.765625e-05
01111101100111011101,18.331640601788934,9.765625e-05
01101101001101101110,15.821273081712016,9.765625e-05
11010001110001011101,13.553545628693517,9.765625e-05
11110100111101101001,9.117181526111093,0.0001953125
00101101101111101001,19.977634284786156,9.765625e-05
01011100010100001001,9.422077473894513,9.765625e-05
11111100001110000101,16.17250814454988,9.765625e-05
01110110010010101001,17.135056297622327,9.765625e-05
11001101000100110110,12.491977653422502,9.765625e-05
00001101001110110010,19.11882858054335,9.765625e-05
11011101010101101010,15.370958730466594,9.765625e-05
11000100100100100000,12.724952466315653,9.765625e-05
01111000110000000111,12.002395650221034,9.765625e-05
10010011111011000001,18.890509081388657,9.765625e-05
11011101100000100111,26.10107443380233,9.765625e-05
11110110010110000010,19.621106974282455,9.765625e-05
11010011010100010001,13.916896524544708,9.765625e-05
00111110001100001001,19.149626278472876,9.765625e-05
10111101110011111110,18.069152797478306,9.765625e-05
11110100100001100011,13.775448131079436,9.765625e-05
01001110100001000110,18.6039646750391,9.765625e-05
10110001011011111011,26.261773354877718,9.765625e-05
00111110101010100101,19.5998305996605,9.765625e-05
01011100011010100101,13.920670934449559,9.765625e-05
11110001011000101100,12.138281966982337,9.765625e-05
11011011111111101110,15.681494020666042,9.765625e-05
00010111011101110000,15.92532740228467,9.765625e-05
11011000000000100101,14.354863114292389,9.765625e-05
01001001000000100001,17.90182559688005,9.765625e-05
00001101000010000100,14.741649079057543,9.765625e-05
11111100111110110000,6.6400020811841625,9.765625e-05
00001111010011100011,15.742771744500493,9.765625e-05
01010011010001111110,18.358274697707323,9.765625e-05
11010001011000100100,13.542154149129932,9.765625e-05
01101100000110111010,16.517869591036057,9.765625e-05
01111100010010000110,11.736561306812103,9.765625e-05
11101111011010011000,29.439662837153648,9.765625e-05
00110111100001100101,18.034994167109872,9.765625e-05
11110100101010011000,17.601618706613422,9.765625e-05
00000010110001101010,46.51602714365198,9.765625e-05
11110011110111010001,17.196975955343984,9.765625e-05
11100000101000000010,15.065164051861718,9.765625e-05
11010110011011111010,18.53393678555344,9.765625e-05
00111100101100000010,7.471294341600856,9.765625e-05
11000110100000110000,12.786383660409902,9.765625e-05
10110100110101001010,12.491850640014423,9.765625e-05
11100111111001011011,16.723609311443127,9.765625e-05
01010010000100000100,13.565077850771768,9.765625e-05
11101001001001100001,22.666593694243865,9.765625e-05
10010100010000100011,15.720269650392211,9.765625e-05
10110101101011000100,19.80108325012256,9.765625e-05
01001110011000100010,15.822505482945497,9.765625e-05
10110111011110101010,21.368000300135037,9.765625e-05
01110010011101101100,21.695970622670348,9.765625e-05
01010101001101100100,30.977468858620675,9.765625e-05
11011100011110001010,11.471294341600853,9.765625e-05
01110011001011101100,20.541360458383494,9.765625e-05
01111011001011011111,21.763913198978646,9.765625e-05
00000111000110000111,18.958478093322135,9.765625e-05
00110001011000000100,12.056042253991249,9.765625e-05
11110001011001110111,14.19794557984113,9.765625e-05
11000010000100110000,22.33238620453738,9.765625e-05
00101111001110111011,21.411630435223117,9.765625e-05
01100000000011000000,20.65433127985797,9.765625e-05
10111100111001001110,18.002395650221036,9.765625e-05
01011111010010110101,16.65134368265216,9.765625e-05
01100001100110000000,19.282083429842935,9.765625e-05
11011101100100110111,17.58267144206554,9.765625e-05
01111001110111010101,15.171234974267929,9.765625e-05
11001100000010110110,11.90839987890687,9.765625e-05
01111100111101001110,10.975742818682777,9.765625e-05
00110011111001001101,16.795688193381437,9.765625e-05
00111101111111101010,15.444139948430628,9.765625e-05
00110000000000000100,16.148922864315857,9.765625e-05
01000110000000111101,18.510502440220723,9.765625e-05
10110101110101011011,11.664576477592455,9.765625e-05
10100110110101010001,37.41300815002677,9.765625e-05
00110100010110100110,20.228761839136116,9.765625e-05
01110110010110011001,10.68815595638694,9.765625e-05
01111101111110011101,15.451768064205062,9.765625e-05
11010110000100111110,16.745072127810666,9.765625e-05
00111011101110100110,17.971001505143143,9.765625e-05
11110010100011111001,21.116766883752135,9.765625e-05
11000111011011011011,17.211207705523368,9.765625e-05
01011110001011010101,14.556889643273164,9.765625e-05
11011001000100001100,17.039536643254078,9.765625e-05
01011011010101011000,17.204094368988663,9.765625e-05
01111100100101100001,11.299444331199556,9.765625e-05
01110100000100010010,10.575984321991367,9.765625e-05
11010110010010011100,11.894933484944307,9.765625e-05
01111100110110011101,11.161705597589776,9.765625e-05
01101011111010101000,19.24985185954934,9.765625e-05
10110101110101011000,10.54649902864947,9.765625e-05
11110111010101100111,22.083616279841877,9.765625e-05
01101100100101010010,12.039798685569352,9.765625e-05
10110101110110100011,16.135929316809502,9.765625e-05
10011001100100000110,17.897743777524298,9.765625e-05
01110101010101110111,13.591276474254977,9.765625e-05
01111011100110010110,19.968210671764265,9.765625e-05
11000111110001110010,14.184703011736678,9.765625e-05
10010111001100011101,17.631561517407242,9.765625e-05
01110110011110000000,11.210624094588301,9.765625e-05
01011110111011000000,14.128536258059647,9.765625e-05
11100111100101011110,15.988005967489743,9.765625e-05
01010011000001100101,17.96345385990831,9.765625e-05
01100111000000001111,23.13512104767169,9.765625e-05
10010111110011111001,15.34696805375675,9.765625e-05
11101100111000100011,12.506435824914023,9.765625e-05
11110011011011111100,17.049990364420943,9.765625e-05
10001101100011110011,16.69988576499836,9.765625e-05
01100110101000010001,15.737150865073257,9.765625e-05
01111111110011111101,19.30402438734687,9.765625e-05
01101001101010110011,21.582556101135705,9.765625e-05
11011000010100100110,12.857580229768011,9.765625e-05
01000001000010001101,26.497889399104164,9.765625e-05
11001101010011100100,9.724046857446801,9.765625e-05
01010011011000010000,13.69177344074857,9.765625e-05
01111100011011010101,8.643673720473084,9.765625e-05
01101100011010000101,14.18122843054196,9.765625e-05
11001001101001000000,14.181540018857536,9.765625e-05
10110100101111001000,15.695970622670348,9.765625e-05
01001011111010101010,20.314759299980686,9.765625e-05
01101101100000010011,17.55096269354245,9.765625e-05
01011101111101010101,13.440160252396941,9.765625e-05
01110110110000000101,12.552175401403101,9.765625e-05
00110000000000000011,15.82115753364212,9.765625e-05
11111001101101101011,17.616975608926396,9.765625e-05
00001000011100010010,42.541592190977326,9.765625e-05
10011101100011101010,21.794611298557868,9.765625e-05
11110101111001101010,21.9711247528087,9.765625e-05
00011111011110101001,12.869831178815721,9.765625e-05
10011001100010100100,17.67732318683259,0.0001953125
00100111100100000011,17.498486227646993,9.765625e-05
00110111000111110110,18.416558397238745,9.765625e-05
11011011011000100001,21.100584326668724,9.765625e-05
10011100000010101001,14.250886234095848,9.765625e-05
10010100010100100001,10.671948705517766,9.765625e-05
01011001110000110100,15.82845533632093,9.765625e-05
01110011100111100011,21.14261280693619,9.765625e-05
01011011001101110000,18.961384267630848,9.765625e-05
01110011010111101010,17.511728795751445,9.765625e-05
01110011111111001000,14.065789116557493,9.765625e-05
01101000001010000010,16.067964658404755,9.765625e-05
11111101010101000000,23.55634787874274,9.765625e-05
01100011101110011110,21.173007153590547,9.765625e-05
11001111100011111000,14.586426469056654,9.765625e-05
01101001100001000100,14.91499881684798,9.765625e-05
00001111001100000011,16.899368004599218,0.0001953125
00100111101101011010,17.52787836012253,9.765625e-05
11110110101110111100,16.85939527334378,9.765625e-05
10011101010001111001,13.848400217708786,9.765625e-05
01110011110001110111,16.53089122880881,9.765625e-05
11011001001100100001,16.915880591350803,9.765625e-05
00110001101000000010,17.594155684909182,9.765625e-05
11110001011010101001,17.976693805527077,9.765625e-05
01011111111100110001,17.409864203226586,9.765625e-05
01110010111000011000,13.032205956626331,9.765625e-05
11010110100000101001,17.202318450955183,9.765625e-05
00110011100100000100,13.466223231406781,9.765625e-05
01011111101100010111,21.853600828001586,9.765625e-05
01100111100100010111,16.707330872630997,9.765625e-05
11100001110010010100,13.032205956626331,9.765625e-05
01110010011101000110,19.121449699675576,9.765625e-05
01010100000010011110,30.811733099071965,9.765625e-05
10011101011010100110,19.250578101063695,9.765625e-05
11111001111000001001,16.09341695480995,9.765625e-05
10110100101011000110,20.80472471548508,9.765625e-05
00011111010101101011,13.731430230159702,9.765625e-05
11010110010010101100,14.311082229806871,9.765625e-05
00100111101000101101,23.15141812413666,9.765625e-05
11110000000111110011,21.17982397006368,9.765625e-05
11110100001000110101,13.699314637249993,9.765625e-05
10011101101000110010,22.647601786141596,9.765625e-05
01110111011101011110,14.183614394726035,9.765625e-05
00010111010001010111,15.857455289928417,9.765625e-05
01110001011111100010,20.49175403470445,9.765625e-05
01111001011000010111,11.423265612968073,9.765625e-05
11100100011110000010,16.898876852585452,9.765625e-05
01000101101101000000,27.421181551062617,9.765625e-05
01101111111100001110,18.16301000831448,9.765625e-05
11110100111000101101,11.868280653406053,9.765625e-05
00011110011000100011,15.705535495396408,9.765625e-05
11010101111110100000,29.22051470395901,9.765625e-05
10111101001101100111,15.540485246772942,9.765625e-05
01010001011000010100,18.307622852661204,9.765625e-05
10001111111010011011,22.409768321497868,9.765625e-05
01001101010001001010,15.691773440748568,9.765625e-05
00111100000001011111,18.887028444104462,9.765625e-05
01111100111010010011,7.450801149730461,9.765625e-05
01011001010011101110,19.366706309868356,9.765625e-05
00111001110011000110,15.224145367059396,9.765625e-05
10110100010101001011,14.734228763134244,9.765625e-05
01110100111101010011,10.958458634121023,9.765625e-05
00101101001110100100,15.896840878677988,9.765625e-05
11110000001100001100,12.766381299254355,9.765625e-05
01110010110000010000,11.33863098417702,9.765625e-05
00111100000101100111,13.986084621727237,9.765625e-05
11010010100100011111,19.220051239181,9.765625e-05
01110100010100100000,9.767341237714543,9.765625e-05
11110011010000001111,20.337311467370277,9.765625e-05
01001111011111110111,13.280897582317746,9.765625e-05
11011100011010001100,13.340892536212168,9.765625e-05
01101100000010010101,15.724046857446806,9.765625e-05
01110110010011111001,15.829569039308176,9.765625e-05
00110111000001111101,20.121900033973024,9.765625e-05
11100101101101110100,11.455953672025263,9.765625e-05
00011111000011110000,16.651343682652154,9.765625e-05
00100111100101011000,15.1702012253791,9.765625e-05
11001111110011100110,14.49387087179545,9.765625e-05
01011001010110110001,15.925327402284672,9.765625e-05
11010011111001001101,12.811556343363332,9.765625e-05
01101111011000100110,21.081904290309485,9.765625e-05
11010111000001001110,26.878720824869873,9.765625e-05
01100111100001010110,14.583484700776467,9.765625e-05
00110111110010011000,17.222427223060855,9.765625e-05
01110000011010010011,16.381085572141625,9.765625e-05
11111001101111101101,17.951787539644176,9.765625e-05
00110111001111011010,16.275019345789595,9.765625e-05
11000111110011110001,12.98427955845568,9.765625e-05
01111100101100110001,8.8030892356075,9.765625e-05
11110001100100110111,14.44428464173859,9.765625e-05
01011100000101000000,10.778933121892361,9.765625e-05
11100111100011111001,18.99457680507295,9.765625e-05
11001101110011000101,11.606707507547187,9.765625e-05
01010010000000000000,12.917260368883131,9.765625e-05
01100101010100000010,15.233573420737216,9.765625e-05
10011101001100000100,17.294145020392115,9.765625e-05
01111001101001000101,15.404341066561035,9.765625e-05
11010001000111011000,18.165820300894467,9.765625e-05
01110110011010101001,17.622654691702568,9.765625e-05
11001111011011110100,13.08060612117813,9.765625e-05
00110110101011010001,15.966841510990202,9.765625e-05
01111000000100111010,17.58670963571542,9.765625e-05
00011101010011100101,13.786875655608121,9.765625e-05
01011011001101100110,18.668148398518213,9.765625e-05
01101101010110010111,14.34299180216668,9.765625e-05
11011001010001111011,16.186729299607187,9.765625e-05
11000011010000001110,13.20225443532689,9.765625e-05
01101001001000011110,16.737530931309248,9.765625e-05
01001111011011000011,13.91557898333944,9.765625e-05
01011011011010100010,15.916594633105902,9.765625e-05
00011001100001000001,17.732934125573696,9.765625e-05
10001101100010010000,16.270924923643932,9.765625e-05
01111011111101000111,16.960157198905588,9.765625e-05
00011111011101001011,12.703823701754606,9.765625e-05
10011100001001111000,15.237648998499623,9.765625e-05
01111110101110110011,13.896418536723367,9.765625e-05
11111001100010101011,22.842221940388086,9.765625e-05
01011011001001110000,20.292547756971693,9.765625e-05
11110101010100110111,13.871751790157163,9.765625e-05
00110001010001001100,15.453476962320451,9.765625e-05
01001100110010011101,20.417962770589824,9.765625e-05
10011001110000101010,16.87767220402727,9.765625e-05
11010100110101110111,14.495997416559598,9.765625e-05
11001101001111111110,13.474762681202229,9.765625e-05
01101011111001100000,20.360262769120666,9.765625e-05
10001101001111100110,15.786750519877947,9.765625e-05
11100101011111010010,15.878204282520743,9.765625e-05
11001011111010011100,16.181228430541957,9.765625e-05
10000111001101000000,15.58389934313543,9.765625e-05
10111101100101101010,15.888053132614012,9.765625e-05
01011010110110000000,13.803353753773594,9.765625e-05
10110101111100001001,12.165820300894463,9.765625e-05
01011100001011010001,13.45594398598831,9.765625e-05
00110011001101101010,19.116766883752135,9.765625e-05
11100001111100001100,14.25865282322108,9.765625e-05
01110000000100100100,13.988710018100807,9.765625e-05
01111001110110011111,17.254039355434163,9.765625e-05
01001001010000101110,17.52775123795106,9.765625e-05
01011110100001000110,21.461614117148592,9.765625e-05
11010011000110011110,17.135056297622327,0.0001953125
00001111110000011011,20.917512725161448,9.765625e-05
00110010000110110001,27.021542155648092,9.765625e-05
00111100110100000101,12.247051253006308,9.765625e-05
00000111001011000000,15.151418124136658,9.765625e-05
10100101101101101010,18.618944944719875,9.765625e-05
11110100101111000000,13.088347820217352,9.765625e-05
11010100000100100001,10.897158708586913,9.765625e-05
10100001101011000100,22.428780336095112,9.765625e-05
01100100100000100110,20.19686747082536,9.765625e-05
01111101001111110010,17.522421411030436,9.765625e-05
11101101111001100010,12.428057735368057,9.765625e-05
10011001111000001110,19.83466723201164,9.765625e-05
11010010110101011000,15.580058120452541,9.765625e-05
11110001010000000101,11.273695132928673,9.765625e-05
00111000110101001101,33.84381029002064,9.765625e-05
01101100101000101000,17.301008710671038,9.765625e-05
01001111000001100001,18.867065235522855,9.765625e-05
11001101100001111001,13.308250812883392,9.765625e-05
01001011110011000001,18.11210968149595,9.765625e-05
11000110110101111000,14.707126517223475,9.765625e-05
00101001110110000111,31.09101966108273,9.765625e-05
10010011011000000011,20.470879699241898,9.765625e-05
11000101001100011100,15.665405555170304,9.765625e-05
00111111001011111010,20.48346368224759,9.765625e-05
11010011110010011000,11.512940660427642,9.765625e-05
01101101010101000110,12.661963134343273,9.765625e-05
00001101010000001000,16.161821869240917,9.765625e-05
10110101011100001111,15.911766905894623,9.765625e-05
11111111100111100101,29.50264630892714,9.765625e-05
01111001100000010010,18.172508144549884,0.0001953125
00110110110000010110,18.65432159382101,9.765625e-05
01011110011110011010,10.972947730151844,9.765625e-05
01111100100111101000,17.15141812413666,9.765625e-05
11011000100010101101,16.739381285429047,9.765625e-05
10001101011000001000,16.854500918858335,9.765625e-05
11000111101111100001,19.470028332837188,9.765625e-05
10111111100111101010,23.768811906992816,9.765625e-05
11110101110001111000,15.429304372057814,9.765625e-05
11110000100100000111,11.82115753364212,9.765625e-05
11110001001000110000,17.761431244302457,9.765625e-05
11010000010000110000,8.967995601631454,9.765625e-05
11110001001000010001,17.38354688149714,9.765625e-05
01111100110000001111,12.72964255252077,9.765625e-05
00110101000110111000,24.166442743104554,9.765625e-05
00111100001100101010,11.89684087867799,9.765625e-05
10011100110001100111,16.650164320530436,9.765625e-05
10000111111010100011,26.554949572730607,9.765625e-05
01011011001110010000,16.956759949323597,9.765625e-05
10100000001001000010,31.84911124433427,9.765625e-05
11100100101000110000,11.628021168314653,9.765625e-05
11010011101101111100,17.007457808799217,9.765625e-05
11111100111001111111,9.802983667841826,9.765625e-05
11011101010101011100,12.134812169378648,9.765625e-05
01010111000111110101,18.214426485996164,9.765625e-05
11001101110111001101,13.295609350110016,9.765625e-05
00111100100011101000,17.88422783756143,9.765625e-05
11110101110000111011,19.183745870426236,9.765625e-05
11101101111011010000,13.025393064367936,9.765625e-05
11010011110001001001,11.025505716911415,9.765625e-05
00011110111101011000,18.625873385048163,9.765625e-05
10110100101000010011,13.514848054161327,9.765625e-05
10010100000001000001,12.001188139073562,9.765625e-05
11100101110101111011,14.942222041713542,9.765625e-05
00010110000000101100,21.340892536212166,9.765625e-05
01110011011011000111,14.046838222062128,9.765625e-05
00110110001011100000,18.88702844410446,9.765625e-05
11110100001101010101,9.962654015105382,9.765625e-05
11111100011110010010,10.039795241125745,9.765625e-05
01100001110001000000,12.941586898336874,9.765625e-05
00011111100011010111,17.370800906678067,9.765625e-05
01001111101100101101,20.67924306375297,9.765625e-05
11001110001100001010,21.10127869124284,9.765625e-05
01011110011111001100,12.48628782888939,9.765625e-05
11110000001101010000,14.49135967350453,9.765625e-05
10010110000010000001,16.90531785797465,9.765625e-05
11111101111101110110,9.476615832471767,9.765625e-05
00010100101000111101,40.172193759084564,9.765625e-05
11000000101000001001,23.60551936847363,9.765625e-05
00010100000101100010,21.959847166969002,9.765625e-05
11010110110100010111,12.310728071505403,9.765625e-05
10110001001000000000,15.221423844398668,9.765625e-05
10111100000101100000,19.057066208079736,9.765625e-05
10011001000110110001,19.685749885707885,9.765625e-05
10100000101001011010,36.850000925572814,9.765625e-05
11001111110111100010,15.096884559990254,9.765625e-05
01000101010000000100,16.136129710583916,9.765625e-05
11111100011011110001,11.2304508162604,9.765625e-05
01110011110111000110,12.10299945772706,9.765625e-05
01110110101011110010,22.57018645384175,9.765625e-05
10100100000010100101,26.181228430541957,9.765625e-05
10011101101100001101,17.556594717008956,9.765625e-05
11110100010011100001,12.576897201141891,9.765625e-05
01100101000101110101,15.280326454569375,9.765625e-05
11111001000101110111,22.44609522302224,9.765625e-05
11010111011101010101,12.443625871135957,9.765625e-05
11011100100101000000,10.778933121892361,9.765625e-05
11000111100001000101,13.647862859864087,9.765625e-05
00011101011000110001,15.491339283582104,9.765625e-05
01001101001100000111,16.67924306375297,9.765625e-05
11001100100000011010,12.227270867062625,9.765625e-05
01111001111000101110,15.553116615083244,9.765625e-05
10111101001011110000,20.651343682652158,9.765625e-05
11011101010100110111,12.276246414514848,9.765625e-05
10001100000011001000,18.78740656961822,9.765625e-05
11010101110011010101,16.576238430539256,9.765625e-05
01111101011100010011,11.36785205362008,9.765625e-05
01100101010111000100,14.002395650221032,9.765625e-05
10011001101100100001,17.042853106393018,9.765625e-05
00010111000100010001,13.12766178087016,9.765625e-05
11110101111100111100,14.583899343135428,9.765625e-05
01011100000111100100,13.963624374023592,9.765625e-05
01011110111101011101,14.717378680132558,9.765625e-05
11001101010011101001,13.299444331199552,9.765625e-05
11010110010111001110,14.959380992168445,9.765625e-05
10001111110000111010,21.354667074046702,9.765625e-05
10011101000110010011,17.367852053620084,9.765625e-05
11011001011110010100,12.740341223889233,9.765625e-05
11010011011110101010,17.930923097358637,9.765625e-05
10010100011000000010,18.188156870870245,9.765625e-05
11010011110101101110,13.587126900560058,9.765625e-05
11111100101010111011,14.276208306821076,9.765625e-05
00110111100100011001,14.774172142011551,9.765625e-05
11010010110101101000,14.607613116416038,9.765625e-05
01011110001111000011,13.915578983339444,9.765625e-05
11100001101001000000,12.046708477404975,9.765625e-05
10010111010011111100,16.576897201141886,9.765625e-05
11111000000100000101,25.000950986844302,9.765625e-05
00010111010111101011,18.282863375290944,9.765625e-05
01110111110011000000,19.051911710183454,9.765625e-05
11101101111010000011,17.60264713383384,9.765625e-05
00110111100011010000,16.47931410855267,9.765625e-05
00110111000011011001,17.251306306930047,9.765625e-05
00111001100001011110,20.959380992168445,9.765625e-05
01110000010100100111,16.311566220302346,9.765625e-05
01001101010101011101,13.403839592465921,9.765625e-05
00010110110010100001,19.772576532893694,9.765625e-05
00100111100000110000,19.241114617238637,9.765625e-05
01101110101110001100,19.741481274964805,9.765625e-05
11110010100100011101,19.842235070868647,9.765625e-05
11010111011010010111,22.269624338757303,9.765625e-05
01001111100101110011,17.09188913790273,9.765625e-05
11000000000001000100,17.031008131515815,9.765625e-05
01111100110011010101,9.978543425225812,9.765625e-05
11001100111000101001,13.174023712442127,9.765625e-05
11101111101000000001,35.24408655944522,9.765625e-05
00011100000001010000,12.114756523511932,9.765625e-05
00101101011000001001,18.603964675039105,9.765625e-05
01000111100011010010,20.23596209494383,9.765625e-05
11111100100100010011,11.744782719558561,9.765625e-05
11011110100101001011,19.221066241653595,9.765625e-05
10011111110101101010,16.450872141373168,9.765625e-05
00110111010111011001,12.58424218273357,9.765625e-05
11000110011000000101,17.767341237714547,9.765625e-05
01111100001110100001,11.26970148486616,9.765625e-05
10110011111011100000,18.34561908660487,9.765625e-05
11011101110001010111,13.46746841009422,9.765625e-05
10011100100100100111,14.039798685569355,9.765625e-05
11011110010010000100,21.332172250220097,9.765625e-05
11110100100101110101,8.38628618243442,9.765625e-05
01110001000101010011,16.1923827687161,9.765625e-05
01100110110110001010,18.73147783838656,9.765625e-05
01110011110000000100,10.265874214212097,9.765625e-05
10000000011110000001,45.738761553241496,9.765625e-05
01110111101111010111,17.948850554955026,9.765625e-05
11000111001001000000,17.75862095172247,9.765625e-05
01001100101000011000,18.110310565550492,9.765625e-05
01101001010010110110,16.386286182434418,9.765625e-05
11111001111010111000,15.395726544634876,9.765625e-05
10011001000010101000,18.204168805074982,9.765625e-05
11001101110110111100,11.911252741472744,9.765625e-05
10100101011100110000,19.628721785321925,9.765625e-05
11011000001100000110,15.288173721374271,9.765625e-05
10100001000010001000,22.010284763430576,9.765625e-05
01010000101111001000,39.27549593020835,9.765625e-05
11001101101101101000,14.54407402605031,9.765625e-05
00011011000011100010,17.213129051285875,9.765625e-05
11100101011000100000,16.88275653182911,9.765625e-05
00111100011110001000,11.51609813529469,9.765625e-05
00111100101101100011,9.093043337307371,9.765625e-05
01101101111010111110,18.76594646327322,9.765625e-05
11011001110011110111,15.488005249306678,9.765625e-05
01110011011101100110,15.058421242160911,9.765625e-05
11110100010001101010,13.39477284776804,9.765625e-05
01111111011011000011,20.6038228768479,9.765625e-05
10111101100111011111,17.330606227242427,9.765625e-05
11001101110011110111,11.805845492863408,9.765625e-05
10010111001001111100,20.630607820540398,9.765625e-05
00111101111000111010,18.555036492003616,9.765625e-05
10011101101101000011,14.447396836597202,9.765625e-05
10110101010000100101,17.073351622906273,9.765625e-05
11010011100001100010,20.534008511617216,9.765625e-05
11011100001101111111,12.244856437461813,9.765625e-05
11000001011001010000,14.400091530649394,9.765625e-05
11110011011100101001,18.087442211348502,9.765625e-05
01001001100001011010,22.471294341600853,9.765625e-05
01110000011000010101,12.292808743566983,9.765625e-05
00000111010001000001,13.24985185954934,9.765625e-05
10010011110100000101,16.367961898174002,9.765625e-05
11111000111000000100,11.927554083929595,9.765625e-05
11110110101100101010,18.786089028412956,9.765625e-05
01100110011001111010,21.21252524672863,9.765625e-05
10011100001001100101,15.498707157978693,9.765625e-05
00110111101111100001,16.30395339570417,9.765625e-05
01000111010001110000,12.614316164120511,9.765625e-05
11100001100000111000,14.55063934562142,9.765625e-05
00111111111000010010,18.66949464480773,9.765625e-05
00101101001010001001,19.445261242250147,9.765625e-05
00110011000010011110,20.40297543735778,9.765625e-05
10001111001101111011,21.535586637135438,9.765625e-05
01101011111011100110,17.66457647759245,9.765625e-05
11110000110000010010,7.516098135294689,9.765625e-05
00110101000111100000,17.531139710581215,9.765625e-05
01111000101011100101,19.298008444774656,9.765625e-05
01101100101001010100,11.770151530294534,9.765625e-05
10011110101000111110,24.503625532334034,9.765625e-05
11100100011000001000,13.075869699244597,9.765625e-05
01101100011010001111,17.141919987901254,9.765625e-05
11100111011011101100,18.820251924773267,9.765625e-05
01011010100110101001,19.885181534428266,9.765625e-05
11001101111010000001,16.540952145154744,9.765625e-05
11010111100101011011,18.598888662399112,9.765625e-05
11010110000100111011,15.08060612117813,9.765625e-05
01111001100011011011,22.488910945302727,9.765625e-05
11100001000100010100,15.900005329559445,9.765625e-05
01010110010100110100,12.329264323641809,0.0001953125
10001100010000110111,27.210710203152868,9.765625e-05
01110011010100100010,15.95387595507836,9.765625e-05
10111111111110110010,21.912783894808506,9.765625e-05
01101101011000110010,13.007209218263425,9.765625e-05
00100000100100000101,37.523922498454866,9.765625e-05
11011001010000110101,12.622939637662556,9.765625e-05
00111110111010100001,15.356475876029121,9.765625e-05
10001101000110001011,19.02539306436794,9.765625e-05
01111100101000000100,14.693075054323533,9.765625e-05
10011111101011100110,22.676047492031973,9.765625e-05
11010101000111010101,16.132598705341493,9.765625e-05
01100110101000000100,16.91057876682106,9.765625e-05
11110100110101111101,8.339504003364194,9.765625e-05
10100101000000011111,22.182795618003,9.765625e-05
10010101110100101100,18.307622852661204,9.765625e-05
00001111110001000111,18.958478093322135,9.765625e-05
11110100101001100011,15.486329675294034,9.765625e-05
01101011101110110110,20.402522051260654,9.765625e-05
01110010100000101001,18.72964255252077,9.765625e-05
01111001010001000010,13.624576037465076,9.765625e-05
00111001100110100100,17.04258408806333,9.765625e-05
00110000001010011000,24.725780929075643,9.765625e-05
01001001100101100011,25.169571807154597,9.765625e-05
11110001100011100010,19.800106649610996,9.765625e-05
11110010101100000000,16.000950986844302,9.765625e-05
11110010100100001101,18.443341365329772,9.765625e-05
11001011101001001100,17.894933484944307,9.765625e-05
10100101000101110010,17.76388113698763,9.765625e-05
10011101011001011010,17.29944433119955,9.765625e-05
00001111010111000010,14.444284641738587,9.765625e-05
00011110001100110000,14.731555169999291,9.765625e-05
01100101010001001111,17.42787472722626,9.765625e-05
11001111100011000001,20.28791375262749,9.765625e-05
01110011001100011101,16.86792378508204,9.765625e-05
10010011000001011011,22.1008100135598,9.765625e-05
01101100001101010110,12.566638062218395,9.765625e-05
01110010010011100010,18.708432816012795,9.765625e-05
10000111101100101011,23.470038018874142,9.765625e-05
11000110000100100001,16.227977725663248,9.765625e-05
01001100000110110000,11.594465520955186,9.765625e-05
01111101011000010011,15.540659292459033,9.765625e-05
11110000100000101001,12.046708477404977,9.765625e-05
00011111011101010010,13.230450816260399,9.765625e-05
01001101001001010000,12.526825228319971,9.765625e-05
01111010001111010111,26.30395339570417,9.765625e-05
01100100010010100000,17.75784310147914,9.765625e-05
11101100111011000000,14.181228430541957,9.765625e-05
00001110000010001000,17.51174283531713,9.765625e-05
10001101000101010001,16.171797030797208,9.765625e-05
01011011100100110001,21.35465738800975,9.765625e-05
00001101000111111000,17.348073332818775,9.765625e-05
10010011000101001000,14.784175393085924,9.765625e-05
00110011101011101010,22.777888152223774,9.765625e-05
01010010000011010101,19.446979386248685,9.765625e-05
10111101110000111001,18.61149618550356,9.765625e-05
11010000100111111000,23.802386839298993,9.765625e-05
11000011010010001000,10.91499881684798,9.765625e-05
01011010001011111111,24.940240211893546,9.765625e-05
01000101101011110101,38.3129674543169,9.765625e-05
11001100010000111001,11.030685839314774,9.765625e-05
11010011100000010111,19.041684720787828,9.765625e-05
01010110000111101100,19.884227837561426,9.765625e-05
11011011011011111110,16.72360931144313,9.765625e-05
11110011100110101010,20.19047537498242,9.765625e-05
11111000101110110101,17.044491481797007,9.765625e-05
01101100000001100001,16.745072127810666,9.765625e-05
01011110001101011000,14.611505871540523,9.765625e-05
11001100100101011101,15.02507867890262,9.765625e-05
01001110101000001001,18.928514022389784,9.765625e-05
00111100001100010000,9.066804940988012,9.765625e-05
00111101011011000111,10.710279725688995,9.765625e-05
01110110011001101111,19.11676688375214,9.765625e-05
10110100111011001000,17.03084032742308,9.765625e-05
11101101110011101000,16.66196313434327,9.765625e-05
00111101101111110101,13.302158018469576,9.765625e-05
00100101000100000010,15.233573420737216,9.765625e-05
11001100001111000110,15.340538377910699,9.765625e-05
01011111000111011110,18.20284781942611,9.765625e-05
10010001010000011000,16.064268129029823,9.765625e-05
11100101100000110000,16.03134740706715,9.765625e-05
00111100010110001010,12.654321593821017,9.765625e-05
00011110100000001010,19.711838772652246,9.765625e-05
11110100101100011000,9.696413686686121,9.765625e-05
01101111101100101001,24.586426469056658,9.765625e-05
11100110110111101110,23.5121434381104,9.765625e-05
11110001011000110010,13.821273081712011,9.765625e-05
01001111101100101110,21.74320304891082,9.765625e-05
11110011110001101110,14.347540432367378,9.765625e-05
01101111101011101110,19.38620279473221,9.765625e-05
11110000000010011010,16.43947629744104,9.765625e-05
00011110101000000001,16.250886234095848,9.765625e-05
00110111010000100011,19.600787828098145,9.765625e-05
11011100000011110011,12.791477979355772,9.765625e-05
11001011100100100000,20.827227424411223,9.765625e-05
00110111101011011101,18.319823139483425,9.765625e-05
01000110000000101111,23.471294341600853,9.765625e-05
01011101110111011011,21.017718934164005,9.765625e-05
11101101000010111000,24.512082110868462,9.765625e-05
00110011101001010000,15.91176690589462,9.765625e-05
11110001000001100101,15.960643567328319,9.765625e-05
01111111101111001101,20.34978885392197,9.765625e-05
01110001010100000000,9.202254435326886,9.765625e-05
11000111110100111100,10.510502440220717,9.765625e-05
01101001111001110010,16.334551151262556,9.765625e-05
00011011110001000100,17.849566616872686,9.765625e-05
01001001000010011100,17.389466560946182,9.765625e-05
11001101110011110010,11.474762681202225,9.765625e-05
11111001111011100101,13.318930661095136,9.765625e-05
11011100011110101010,11.186900548143534,9.765625e-05
01110110110011000000,13.09671821389983,9.765625e-05
11001001010000100111,15.737150865073257,9.765625e-05
10110101100100111111,17.514838368124373,9.765625e-05
11110111111111000111,16.344883169893386,9.765625e-05
11000110101100100010,20.59167489471637,9.765625e-05
01001101010001100110,12.283153409200729,9.765625e-05
00110101010000000011,14.376554425540558,9.765625e-05
00000011000010010000,18.07521092864196,9.765625e-05
01110010011110001100,15.308662559715938,9.765625e-05
00111001101110100000,15.839417802274244,9.765625e-05
01001011101000101101,21.963624374023592,9.765625e-05
01110011100011000111,17.624166727614345,9.765625e-05
11100001010010111011,23.271419628864695,9.765625e-05
10110001001001100110,18.081371302730894,9.765625e-05
11001011111011000011,22.317167433388416,9.765625e-05
10111101110001110001,15.604798655811187,9.765625e-05
00110111010101101000,14.820251924773267,9.765625e-05
01011011010110101000,14.241141259594222,9.765625e-05
11011001110011101111,16.604265668232603,9.765625e-05
11110001000100101111,17.48723881573369,9.765625e-05
01101100000111000010,14.165820300894467,0.0001953125
01110011110100011100,11.404106624354313,9.765625e-05
11101001011010111110,18.386286182434418,9.765625e-05
00111011101100001010,18.820251924773274,9.765625e-05
01101001110010101000,20.24705125300631,9.765625e-05
00110111100101011111,14.559458430095162,9.765625e-05
10110111100101011101,16.81456660040375,9.765625e-05
01111011111011011000,17.049990364420943,9.765625e-05
01110011110000011011,15.412466597578769,9.765625e-05
10000101100001010001,14.674807086095743,9.765625e-05
11011100101100010001,9.021004880441444,9.765625e-05
11010110001010111000,19.790829618371344,9.765625e-05
11101101100011101101,19.041684720787828,9.765625e-05
11000100010001000001,11.309472472359937,9.765625e-05
10111101110011011110,19.049990364420943,9.765625e-05
10011011110111111000,22.423194621325358,9.765625e-05
10000101100001000000,13.086254072274942,9.765625e-05
10110101001001110010,19.936678689789616,9.765625e-05
11101111010101011010,34.978788473394424,9.765625e-05
10111111110101001110,27.82305950733072,9.765625e-05
11110110111011110110,18.234363052222182,9.765625e-05
10111111010110000001,35.77179697967996,9.765625e-05
00110111111010011001,17.466661207472757,9.765625e-05
01001110100111110101,18.760097688339687,9.765625e-05
01010111010101110111,16.01682301133211,9.765625e-05
10011101100101000110,15.076161915486267,9.765625e-05
01111100110100010100,7.346519362965495,9.765625e-05
11110011011101111100,17.622654691702564,9.765625e-05
00011111001011010101,14.724913722167829,9.765625e-05
11110111110010010101,19.739981645542684,9.765625e-05
11111100001101100110,14.477592432983329,9.765625e-05
00111111011001100101,19.806664062446384,9.765625e-05
10111101000100011001,25.033330265575472,9.765625e-05
01011100001100111001,14.66792019790484,9.765625e-05
11110101110100010010,13.074927761983204,9.765625e-05
11011110010101110101,19.537687350252448,9.765625e-05
10011011100001001111,25.670165723933014,9.765625e-05
01011100010000011100,12.161821869240915,9.765625e-05
00010100000110011010,26.998591800810857,9.765625e-05
10011001110000000000,14.425790665320811,9.765625e-05
01110110000001101010,23.72873694365192,9.765625e-05
01011110110010001000,15.046708477404977,9.765625e-05
10010111000100001000,17.332172250220093,9.765625e-05
01110110110001100110,17.80107627410814,9.765625e-05
01111011111111111111,18.91931019760072,9.765625e-05
01100110001010011000,16.899405926789118,9.765625e-05
11111100101110111011,10.770387958942546,9.765625e-05
00110100110010000001,13.695970622670346,9.765625e-05
00000000101100010110,55.64378095338113,9.765625e-05
11001100000111101011,15.470038018874142,9.765625e-05
01110111010101010100,13.174348812632726,9.765625e-05
00001011100011100100,21.161705597589773,9.765625e-05
01011100000010000100,16.693075054323533,9.765625e-05
01110100110110011010,16.66130242596719,9.765625e-05
01111110111010110111,13.659967363334262,9.765625e-05
11011011111010010110,17.5998305996605,9.765625e-05
11101101101101111000,13.823160809104523,9.765625e-05
00111010100111010111,37.816226235946274,9.765625e-05
10010001010001010001,17.260656207446868,9.765625e-05
11110110101001011010,18.583484700776474,9.765625e-05
00110111011100111101,17.35647587602912,9.765625e-05
10010100111100010100,20.49482873668715,9.765625e-05
11011100011001100110,11.697968390960467,9.765625e-05
10111001101101101100,18.442286590021027,9.765625e-05
00100111111000011000,18.331669659899795,9.765625e-05
00101101011001010001,15.565661461706835,9.765625e-05
01001100001010000110,16.020354016574537,9.765625e-05
11010010110010111100,14.292808743566983,9.765625e-05
10010111011100101001,15.299444331199552,9.765625e-05
00110001100000110000,19.135470939981282,9.765625e-05
00011101100110001101,21.73937784098544,9.765625e-05
11010110000001000011,20.55222973099444,9.765625e-05
01001011101001000001,20.165820300894467,9.765625e-05
01110011000110100101,18.912717892738918,9.765625e-05
00101111101111100000,16.202844287855303,9.765625e-05
00010101110001000011,24.374870966428375,9.765625e-05
00101101110001011010,17.64559777625813,9.765625e-05
11100101011010001110,20.322204407613327,9.765625e-05
11011011111111001100,14.85336349026845,9.765625e-05
00010110001001000001,15.60670750754719,9.765625e-05
11010011100011110101,17.191429071849257,9.765625e-05
11110110010110111100,17.076161915486264,9.765625e-05
10010010000010111100,25.803353753773596,9.765625e-05
11011111011110001110,20.86236097395701,9.765625e-05
10000010011000000010,37.42207747389451,9.765625e-05
10110011111010001101,18.55530885640024,9.765625e-05
11011001110000110100,10.634635310304818,9.765625e-05
11010100011000011010,16.372211521622496,9.765625e-05
11110000111110110100,16.246084338531706,9.765625e-05
00000101110010001101,34.90235215736142,9.765625e-05
00010111000101011101,12.66499465152222,9.765625e-05
00011111000111110111,13.956611087990785,9.765625e-05
01011001000100101100,19.402012876411902,9.765625e-05
01011100000011000011,15.775448131079438,9.765625e-05
10001101001110101101,18.566638062218395,9.765625e-05
00110110111110100001,16.31058961979079,9.765625e-05
10011101110010110101,16.27937275770253,9.765625e-05
11001101010110000101,13.58389934313543,9.765625e-05
11110100110000110110,9.471294341600853,9.765625e-05
11011100000011110010,13.876486138522205,0.0001953125
01011000101101010001,22.270215562160832,9.765625e-05
01110111101110000001,24.45458188835586,9.765625e-05
11010011100001000000,15.980876703324736,9.765625e-05
11011100010110100101,7.480692133815425,0.0001953125
00110001010000000101,12.660845077827299,9.765625e-05
01110101011101000001,12.530480939978588,9.765625e-05
10100101101100000110,17.22698592110263,9.765625e-05
11000110100011110100,15.474104634180842,9.765625e-05
11000010010111111100,33.26525374760349,9.765625e-05
01010100101110001000,38.083041533395495,9.765625e-05
00100011001000100110,23.16395746358797,9.765625e-05
10110011111000101001,17.624511287415714,9.765625e-05
11100111110011111111,17.24369338436485,9.765625e-05
01101001101110001110,20.253500300926277,9.765625e-05
01111100010011011011,11.829569039308177,9.765625e-05
00111101011111000111,8.530891228808816,0.0001953125
01011011001101011111,20.703823701754608,9.765625e-05
00100111111011001010,19.58408405383797,9.765625e-05
00110100001100010110,15.229796213682624,9.765625e-05
01110011011111000110,12.74058099860418,9.765625e-05
00111100101000000101,12.424583154173341,9.765625e-05
11011100010100000001,7.716816514839895,9.765625e-05
00000111110000001000,17.19283000075673,9.765625e-05
10110001010000100010,15.155189089597902,9.765625e-05
10010111101111111100,20.331679640204015,9.765625e-05
11011001100100110100,13.901825596880053,9.765625e-05
00110111111111011101,14.675640881363961,9.765625e-05
01100100001000111011,23.02343956907756,9.765625e-05
10110101010000001010,19.460660420281748,9.765625e-05
01110110011010011010,15.148339683443094,9.765625e-05
00001101011011101100,21.29471687172173,9.765625e-05
10011100000101110001,12.02559109105492,9.765625e-05
10001111010010011111,26.200994668156568,9.765625e-05
01001100001110001001,17.954199939453435,9.765625e-05
11011100110001001111,12.654321593821013,9.765625e-05
00001111011101100110,18.194990485189795,9.765625e-05
00111100111100000101,10.670683420335347,9.765625e-05
00010110010110110111,24.132213328233462,9.765625e-05
10101111001100000000,38.43033874660432,9.765625e-05
10100010100000000011,37.9607466213717,9.765625e-05
11000010101000001100,18.716203758666758,9.765625e-05
11110001111101101101,12.874561897233281,9.765625e-05
11011101100000011110,26.712863461161803,9.765625e-05
01001101000111111101,16.6810767558214,9.765625e-05
11010100001000000111,20.733818474304016,9.765625e-05
10110110001111000010,22.45766566155765,9.765625e-05
11010011010010111001,13.710521231446979,9.765625e-05
10110000101101010010,24.26203152268708,9.765625e-05
11100100100011000000,13.588508457393619,9.765625e-05
10110101110000000110,15.950115410075139,9.765625e-05
11001001100000011000,15.322994653916155,9.765625e-05
11111000100100011111,20.12853625805965,9.765625e-05
01100011101000110101,20.73154994625445,9.765625e-05
11011101011000011100,18.289478132098978,9.765625e-05
00001011000110101010,22.386286182434418,9.765625e-05
01000111000101100101,15.299444331199556,9.765625e-05
10011111101000011001,24.280403687805432,9.765625e-05
00001111010010000010,15.296634038619565,9.765625e-05
10101101001100110001,21.795231988498383,9.765625e-05
10110100000001001011,15.734299754776954,9.765625e-05
01000111101010011101,25.257957724225903,9.765625e-05
11110100100100010010,8.575984321991367,9.765625e-05
00001111110001010101,19.273681180899843,9.765625e-05
11000100000011010001,13.569448354798384,9.765625e-05
01101011100001111001,28.867020886235732,9.765625e-05
10111011110110000011,30.83738724800221,9.765625e-05
00011101011001110010,16.135126478556582,9.765625e-05
10110101011011000000,16.82210852048642,9.765625e-05
10001111001001101100,19.484469340870014,9.765625e-05
10011000100000010010,21.770151530294534,9.765625e-05
01101101110011010010,11.986084621727233,9.765625e-05
01110011101001101111,22.799938845518255,9.765625e-05
01100011001000000101,17.63812757139942,9.765625e-05
10110101101000001111,21.776351029925742,9.765625e-05
00111101001011001011,16.837387248002212,9.765625e-05
11001100110011001111,18.130328103723436,9.765625e-05
00001111100100110111,20.683607326186234,9.765625e-05
10010101010110010101,16.008411505666054,9.765625e-05
11100101101001110101,13.455943985988306,9.765625e-05
11010010101000110000,17.306382457564798,9.765625e-05
00010101100100010011,26.438688946664623,9.765625e-05
10111001101111110010,19.47180425087067,9.765625e-05
11010011110100010100,9.75759626321292,9.765625e-05
01111001111001011110,14.113966277209101,9.765625e-05
11110101000001000111,23.09531892849855,9.765625e-05
10010110111111010010,24.021471164005384,9.765625e-05
00111001110010000101,16.188233195021184,9.765625e-05
11110100100001001110,15.466223231406786,9.765625e-05
01101101111000011100,14.55063934562142,9.765625e-05
11011000110000000010,10.547822811448082,9.765625e-05
11111100011000101000,14.45912436450007,9.765625e-05
00011100000101100111,15.000490242928649,9.765625e-05
11100001010101101000,18.24705125300631,9.765625e-05
00110101001111110100,20.331679640204015,9.765625e-05
01011011110101100010,17.3906058884405,9.765625e-05
11011011001011111101,20.33164060178893,9.765625e-05
00111101111001110010,12.159890848281263,9.765625e-05
10110110100011110011,22.062513041820885,9.765625e-05
10110100100100111000,12.132627763452362,9.765625e-05
11011001001111000011,19.616975608926392,9.765625e-05
10011101110101100000,9.81675966367867,9.765625e-05
11010000011010001011,21.465197808476166,9.765625e-05
10000101100101000000,12.422077473894513,9.765625e-05
11011001110011110001,14.426306816183974,9.765625e-05
10110101011001010000,14.316699370523235,9.765625e-05
10011001001100001101,19.741481274964805,9.765625e-05
00111011101000011011,23.13600030845221,9.765625e-05
00111101110000101000,19.333068173051984,9.765625e-05
00011001011000010010,17.72026965039221,9.765625e-05
11010001110111101001,20.955840937343112,9.765625e-05
01111100010101110011,7.8535235947655275,9.765625e-05
10110001100011001100,17.47038481935708,9.765625e-05
11000110100010110100,14.876068688173689,9.765625e-05
01100111101110010100,15.851480252199714,9.765625e-05
01100111011011110101,16.84873147236554,9.765625e-05
00001111001000101011,19.876486138522203,9.765625e-05
10010011010100110010,21.759156474659548,9.765625e-05
11110001110010111011,18.206425269160334,9.765625e-05
00011111011101100010,13.131014572401638,9.765625e-05
01010101110101011010,29.768833989089266,9.765625e-05
10100111100011000001,20.673134134568784,9.765625e-05
11000111000101100110,16.535938074574553,9.765625e-05
11010011000111000101,15.461378852983948,9.765625e-05
10100000110000110001,39.22923498995109,9.765625e-05
01011111010111010000,12.535928388537592,9.765625e-05
11000111100100111110,15.974878027530242,9.765625e-05
11000111110000100100,13.30076187240482,9.765625e-05
11001011110011000111,22.32088686640806,9.765625e-05
00110001011010011010,23.899056230779763,9.765625e-05
01001100001001000110,14.326447789468473,9.765625e-05
01101011111000101010,19.96265401510538,9.765625e-05
01001111011101110110,12.86484544276515,9.765625e-05
10100101010001100010,17.99778653596284,9.765625e-05
11000111000011111010,17.232313653566894,9.765625e-05
01000011111001000110,20.623554058978065,9.765625e-05
10110100001101001101,15.919591269054806,9.765625e-05
00001101011010101100,22.566025306045262,9.765625e-05
11011100011110010011,8.07682267253019,9.765625e-05
10010110111001001000,17.138223458526326,9.765625e-05
11000011111010010110,18.60663651590448,9.765625e-05
11110001110100101001,11.228832830778828,9.765625e-05
11111000101000101011,14.554082795136782,9.765625e-05
01111001111010001001,17.91362350160777,9.765625e-05
10010111100110011111,19.635749013292063,9.765625e-05
11011101111010010110,20.61715309905609,9.765625e-05
01111001011101010100,11.69822248866854,9.765625e-05
01111000001001100001,15.95378529709448,9.765625e-05
11000100100100000001,11.904983071747093,9.765625e-05
00110011110011100000,15.814055047627743,9.765625e-05
11010011100000111101,16.071495027193123,9.765625e-05
00001111110000101111,22.3107280715054,9.765625e-05
11111111011110110000,29.282930813726658,9.765625e-05
01100011101101110000,21.04449148179701,9.765625e-05
01001111111100110111,17.55284512090273,9.765625e-05
00111101101101011110,14.19997622124037,9.765625e-05
10010101000110110011,22.966128596300102,9.765625e-05
01100110000001000000,18.20135851249499,9.765625e-05
00101101110100111101,24.630598047376246,9.765625e-05
11110100110001001000,8.584796000388389,9.765625e-05
10111100100010000010,17.137317849657478,9.765625e-05
11110110101000101100,21.663264747918234,9.765625e-05
11010010011010100110,19.1695718071546,9.765625e-05
11010011101100101100,17.045806312979735,9.765625e-05
01011000100011000001,20.098019093053725,9.765625e-05
11110100101100010011,8.723692699145335,9.765625e-05
01100001101001010010,18.97669651554962,9.765625e-05
01100110100101011110,19.422215016524003,9.765625e-05
00111101010111101011,13.349710886264845,9.765625e-05
00011111100001010110,19.888053132614008,9.765625e-05
11000101110101111011,19.724965167482228,9.765625e-05
11001101100101111001,12.112561707967439,9.765625e-05
00011101000101000000,11.158654708336918,9.765625e-05
11011100000000101011,16.501782154228646,9.765625e-05
00011001000011000000,15.14384133366376,9.765625e-05
10010111110011011111,18.467820924889498,9.765625e-05
10101101101101000011,16.202844287855307,9.765625e-05
01100101100101000100,13.117262203790759,9.765625e-05
11110100110111011010,10.752005900647179,9.765625e-05
11011100001100000101,11.652850288088693,9.765625e-05
10011111011111111110,17.742771744500498,9.765625e-05
11000011101010111100,17.358689340066277,9.765625e-05
10111101110110100001,14.55688964327316,9.765625e-05
10010011000010001011,19.960331979012743,9.765625e-05
11111000101100100100,13.288173721374271,9.765625e-05
11010110001111111001,14.984279558455682,9.765625e-05
00110110000100001011,14.960399439084648,9.765625e-05
11100111100111011111,17.258718737753814,9.765625e-05
00011101000101110000,12.265245840867763,9.765625e-05
01001111010100101111,17.871761476194123,9.765625e-05
10110100000101010011,14.222903378165633,9.765625e-05
01110110110011011110,15.944710667297063,9.765625e-05
01111001110110011010,16.608152170923923,9.765625e-05
11010011010001000010,15.624576037465076,9.765625e-05
11111101011101001010,18.55222973099444,9.765625e-05
11110100001110110101,13.759156474659548,9.765625e-05
00101111011001011011,23.869815251185415,9.765625e-05
11011000011011000000,13.591318749973608,9.765625e-05
01000101101010000000,39.21103873694726,9.765625e-05
10100101000001010100,17.15745064163305,9.765625e-05
11001100101100001000,12.657215274103208,9.765625e-05
00011110111000110101,20.77356209586096,9.765625e-05
01011111001011101101,24.011274152235913,9.765625e-05
11100001110000101110,13.448354701488896,9.765625e-05
00100111011100100000,19.586709635715415,9.765625e-05
01100011101100000010,17.69822248866854,9.765625e-05
10110100001100001001,11.805268123521692,9.765625e-05
11010111100000111011,29.09696179322632,9.765625e-05
11001011100101111110,21.759156474659548,9.765625e-05
10111101111011111110,17.113047450732484,9.765625e-05
00111110100100001000,20.201358512494995,9.765625e-05
00111111110001111101,21.36800030013503,9.765625e-05
00101111101010101000,20.786089028412952,9.765625e-05
11001111100111101101,14.556889643273161,9.765625e-05
01010110010100100001,11.586709635715417,9.765625e-05
00010010001000100010,25.408269328529794,9.765625e-05
11011101111000001110,23.352231340530423,9.765625e-05
11000110010000001010,15.51174283531713,9.765625e-05
10011100001010011100,19.767341237714543,9.765625e-05
00111101000110001111,17.514777884066888,9.765625e-05
10000101100000001100,18.22674876887337,9.765625e-05
11001101110100110110,10.369072695248112,9.765625e-05
11010110010100001000,9.897195036979454,9.765625e-05
11001100001001101111,16.03979868556935,9.765625e-05
01001100010011010110,14.315742142085593,9.765625e-05
11001101010010111001,13.823160809104522,9.765625e-05
00011110000000111111,21.871761476194123,9.765625e-05
11100001011010000010,16.718287820572215,9.765625e-05
01001110100000010001,15.988393967493113,9.765625e-05
00011110110010000011,14.64367372047308,9.765625e-05
11001101110101111110,10.879579597760957,9.765625e-05
01010011001100001001,19.693620350424762,9.765625e-05
01000011001000000100,13.340892536212168,9.765625e-05
01100111100001010010,16.213151220509527,9.765625e-05
10000111110111000000,15.220051239180997,9.765625e-05
11011111111111110111,14.158861991746864,9.765625e-05
01111111011101101101,19.416639074918415,9.765625e-05
01111000001000111010,15.896840878677988,9.765625e-05
10011101000001100010,18.60082938023553,9.765625e-05
11011110101110100011,17.41174046528091,9.765625e-05
11100100000100111110,16.391280586673442,9.765625e-05
11111101111100111011,13.68079358916264,9.765625e-05
01001100001010000100,14.006269669725654,9.765625e-05
00110011100111001100,15.965399175831894,9.765625e-05
11000010100000101100,17.094078435435122,9.765625e-05
10010111100101010100,14.316699370523242,9.765625e-05
01110110010100111000,13.724046857446801,9.765625e-05
00111100011110100100,12.962663701142338,9.765625e-05
11011011010011110111,20.408701150129623,9.765625e-05
00001111111100000011,19.470038018874142,9.765625e-05
01110011111001001100,11.773038881446523,9.765625e-05
11110100111001011111,11.070058406347162,9.765625e-05
11011011110100111111,18.51764866070436,9.765625e-05
10011101000110011000,18.346236196306734,9.765625e-05
01111100011111110010,7.138858601902992,9.765625e-05
11111110001111010000,29.380447180665044,9.765625e-05
10001101000011100000,12.991237144022037,9.765625e-05
11110100110100110000,4.510502440220722,9.765625e-05
00001111101101000101,16.232596820225655,9.765625e-05
01011101011100010110,14.679243063752967,9.765625e-05
10110011101001011011,22.330548453207477,9.765625e-05
01110111001111000001,20.372728494033936,9.765625e-05
11011100100110001011,14.599846527290804,9.765625e-05
11101101101111101000,16.844154947789022,9.765625e-05
11100011010110100100,23.693620350424762,9.765625e-05
10001111001111001000,17.508331546169458,9.765625e-05
11111100100000100100,18.41055033976606,9.765625e-05
01100111100011000111,18.291320688246437,9.765625e-05
00011011001001001000,17.700143834431046,9.765625e-05
11011101111001101101,16.46867665566276,9.765625e-05
01010011010101010100,10.718287820572211,9.765625e-05
01001111100100111010,19.924073582440442,9.765625e-05
11000101000001111001,15.036393638015022,9.765625e-05
00011110001010110001,14.791487665392728,9.765625e-05
01101111011001110110,17.36785205362008,9.765625e-05
11101101111101011010,12.91751272516145,9.765625e-05
00110100000001010111,15.978543425225812,9.765625e-05
10110001000001101010,18.114031027258463,9.765625e-05
01010010001000010110,20.491359673504526,9.765625e-05
01111001110010010101,13.91176690589462,9.765625e-05
10110100001000011101,17.805268123521692,9.765625e-05
01001111000111110000,12.108212649583226,9.765625e-05
11010101110000110100,18.75515533298346,9.765625e-05
01000101010000111111,28.297591179930013,9.765625e-05
01101110100010100000,21.42955121032403,9.765625e-05
00011011100101011010,22.643673720473082,9.765625e-05
11001100011000010101,12.711156804137634,9.765625e-05
00011110110001011001,18.29374651280352,9.765625e-05
01101001101011111010,22.86502928325158,9.765625e-05
11000111000111101000,14.110391537497417,9.765625e-05
00110101110001010001,11.31281213341085,9.765625e-05
11011001100010110001,19.34622026867643,9.765625e-05
00111001110011001011,19.01141972655635,9.765625e-05
11001110101001100011,20.551903907222588,9.765625e-05
11001011100011101110,16.513878429664178,9.765625e-05
01110100000101001111,15.427874727226266,9.765625e-05
01111001000010101110,22.305092293136187,9.765625e-05
11100011101100111001,22.917512725161448,9.765625e-05
11100100000111010101,18.75819029460601,9.765625e-05
01100100101101001100,21.28434498187808,9.765625e-05
01110000111000000001,11.183980949087001,9.765625e-05
01111001111010010011,14.1359293168095,9.765625e-05
11110001010100110101,12.229786527645667,9.765625e-05
01111100011000101011,11.821273081712016,9.765625e-05
01010111001100001010,32.17250814454988,9.765625e-05
01010000001110000110,29.467453118917966,9.765625e-05
00110101000101110001,13.068619260982528,9.765625e-05
01110110001000110011,19.94511580912294,9.765625e-05
11000111110001001100,9.202254435326886,9.765625e-05
00011010100011000000,22.002395650221032,9.765625e-05
11000111100100110101,13.82316080910452,9.765625e-05
11001100101011010101,14.741288679162725,9.765625e-05
00111100101000010001,10.055203370773238,9.765625e-05
10110100110110101100,18.229738439647676,9.765625e-05
10000001011000100010,26.32925184045511,9.765625e-05
01111001001011011010,20.002376278147125,9.765625e-05
11110011011011011111,19.1052416376883,9.765625e-05
01001111001111011110,12.51764866070436,9.765625e-05
11111100101101111000,10.614316164120513,9.765625e-05
01101100010100011010,15.860728753019167,9.765625e-05
10111111101101000000,28.062774741201054,9.765625e-05
00111100101110110000,11.92533708832163,9.765625e-05
01100100001110101010,27.500865852270703,9.765625e-05
00110110100011010101,18.345619086604874,9.765625e-05
11010110111000011101,12.649722165599778,9.765625e-05
11001110000011101100,18.716569676573677,9.765625e-05
11011110110100111011,12.791487665392728,9.765625e-05
00000011000000001000,15.565077850771766,9.765625e-05
00110100000000100111,18.128536258059647,9.765625e-05
10010111100010010001,20.02916058538557,9.765625e-05
00001111110001111011,21.13885860190299,9.765625e-05
11100001011010101100,17.448354701488896,9.765625e-05
10000011110010100000,20.5371171640652,9.765625e-05
11111101111100110100,12.43966554717618,9.765625e-05
11111100010010011011,15.361213755964968,9.765625e-05
11011111011101101011,18.96136489555694,9.765625e-05
01100111010001001000,16.61901667078365,9.765625e-05
11101101101100100110,15.059928033101322,9.765625e-05
11110000101101000010,12.975742818682779,9.765625e-05
10000111000011010100,16.241141259594222,9.765625e-05
11001111011110001000,17.4092487261911,9.765625e-05
01010010110000111000,18.654736236179968,9.765625e-05
11000011101100010100,15.770151530294534,9.765625e-05
01110000100100010011,14.737112757379482,9.765625e-05
11100001111000001100,11.414198781142993,9.765625e-05
01111000101010001000,16.73746691568095,9.765625e-05
01110001000010101110,27.308740734513123,9.765625e-05
00111100100100010010,9.480692133815424,9.765625e-05
11001000111111100101,35.14568118019834,9.765625e-05
11111001101111110100,15.73620714851063,9.765625e-05
11001100000011110111,14.07682267253019,9.765625e-05
01001111011111111110,13.138858601902994,9.765625e-05
11010001000100010000,13.534682475429086,9.765625e-05
01111100011101010111,6.533936785553444,9.765625e-05
11001100011010110000,9.279661148106133,9.765625e-05
01100110011010001100,18.277654428200123,9.765625e-05
11010001100100011110,19.359656254540884,9.765625e-05
11011110101110101111,17.49009366474086,9.765625e-05
00110011001000101110,20.60072725691346,9.765625e-05
00111101011101101100,13.21343438716829,9.765625e-05
01101101111000101101,19.0925237420006,9.765625e-05
01011110101011011000,18.599846527290804,9.765625e-05
11100001000011001111,21.326456653547506,9.765625e-05
01100111110011000001,15.41246659757877,9.765625e-05
11000111011001010100,11.583899343135428,9.765625e-05
00111101010111000000,10.820251924773274,9.765625e-05
10011100111100111011,16.126685827652466,9.765625e-05
00110110111000101000,18.24705125300631,9.765625e-05
11010110110110000110,14.718287820572215,9.765625e-05
11110100101100001010,13.720218117950616,9.765625e-05
11010001000101101100,14.628941023479591,9.765625e-05
11100110111110110000,19.109629625724203,9.765625e-05
11001100101010110111,16.197239554038248,9.765625e-05
00011011101100011100,22.181228430541957,9.765625e-05
11010010100110001111,19.09665346385047,9.765625e-05
10011100011111010111,21.177970818794137,9.765625e-05
11010011101101100000,18.056090341989243,9.765625e-05
00110001000000000111,15.448900732011193,9.765625e-05
10011101011001110101,13.731651160491394,9.765625e-05
00011110000100001110,19.268141273419534,9.765625e-05
01100111101111010011,17.79398201612841,9.765625e-05
11000011101000100000,16.2806902989078,9.765625e-05
00101010100110101001,43.84909531670396,9.765625e-05
11111001001000111101,21.78897031263565,9.765625e-05
11100011101010100111,22.477717775853563,9.765625e-05
10011100000110100110,15.523690864237711,9.765625e-05
10010110000010100001,17.508331546169458,9.765625e-05
01110011011000110001,16.55688964327316,9.765625e-05
11110100100000101000,16.318016911728506,9.765625e-05
11011101110111111000,13.455943985988306,9.765625e-05
10011000111001110000,26.59628400897456,9.765625e-05
10010100100110000001,14.695479656160455,9.765625e-05
00111100101100100000,9.3063824575648,9.765625e-05
10010110010010010000,16.983695947520616,9.765625e-05
11001100101001100100,12.223552168464046,9.765625e-05
11000111001001011100,12.716569676573675,9.765625e-05
11110001111000101101,12.587538832896474,9.765625e-05
00011110100101000011,15.490042132299266,9.765625e-05
10000111110001101111,20.84587309178756,9.765625e-05
00001110111110011011,31.03688899052965,9.765625e-05
10010111001100001001,17.38354688149714,9.765625e-05
11101101110000000001,20.67081218601301,9.765625e-05
01011010010010100011,15.585385852916803,9.765625e-05
11100101110011001110,15.836050676909817,0.0001953125
11001110100100110010,18.108433579914923,9.765625e-05
01110011000100000100,16.079073286508155,9.765625e-05
11101101101000111101,17.328981156983048,9.765625e-05
01101100011010010000,10.391280586673442,9.765625e-05
01000110010010000000,12.603257816438479,9.765625e-05
00101000100000010010,29.73406531257023,9.765625e-05
10001000011010111010,39.979314946748595,9.765625e-05
11100111111101101001,17.356475876029123,9.765625e-05
01011011000110001111,18.91271789273892,9.765625e-05
01000110010010100101,18.914991840833565,9.765625e-05
11101001100001111111,21.490042132299266,9.765625e-05
00000111001110110100,21.925337088321626,9.765625e-05
11111100011010011000,14.142058439615866,0.0001953125
11100001110000100100,9.988710018100807,9.765625e-05
11011100010110001101,9.757596263212921,9.765625e-05
01110110000000011001,17.697111593670854,9.765625e-05
11100100001011100110,20.29374651280352,9.765625e-05
00100000010010010010,38.14031096487539,9.765625e-05
01001101010101011010,13.947323031566746,9.765625e-05
11011000000111111010,19.04449148179701,9.765625e-05
01110010101010010111,19.61960560338713,9.765625e-05
10000110101000011001,22.691734315206286,9.765625e-05
11111011011100010100,33.68305315475649,9.765625e-05
00100011101010001100,21.400177540837287,9.765625e-05
11100001011111000000,18.97574281868278,9.765625e-05
01101001101001010101,17.67348402687838,9.765625e-05
11110010001011111000,22.57689720114189,9.765625e-05
11001101101100100010,17.481671455189343,9.765625e-05
10110101000000111010,24.22299653903199,9.765625e-05
10010001000000000000,14.039536643254078,9.765625e-05
01110010001000011000,15.894933484944307,9.765625e-05
11101001100010011110,19.210624094588304,9.765625e-05
01111001111100001010,13.884227837561427,9.765625e-05
01110001000001110111,19.191429071849257,9.765625e-05
11010011011001000001,14.804136936525154,9.765625e-05
01100110100011101000,21.347896566270325,9.765625e-05
10011110101111111110,22.71331206482586,9.765625e-05
11110001110011111001,16.2838399758025,9.765625e-05
11000110000110011011,17.01365900060446,9.765625e-05
11010000000001011110,19.138223458526326,9.765625e-05
10110011101001100010,20.319088779150924,9.765625e-05
01110010100011010000,16.85336349026845,9.765625e-05
00010110000000110010,21.058013663353226,9.765625e-05
00100111110001101000,18.486287828889388,9.765625e-05
01011011110101100001,17.367909642151155,9.765625e-05
00111100111011001001,14.538494367370035,9.765625e-05
11111000100001010000,19.711838772652246,9.765625e-05
10111111111010100111,24.37462964617426,9.765625e-05
00011110111010111000,19.18498617839544,9.765625e-05
01001111110011000110,12.887028444104459,9.765625e-05
11010110110001010100,11.757596263212921,9.765625e-05
00001111011001001010,15.997786535962842,9.765625e-05
01011111010011111001,16.32703148753074,9.765625e-05
00110100011000011010,17.166725909763315,9.765625e-05
11100011101011010100,17.624511287415714,9.765625e-05
00011101100101000010,15.472245328445153,9.765625e-05
01011100010110010011,7.651276135453056,9.765625e-05
00001110010010110100,25.60804025280151,9.765625e-05
01100110001001111001,20.91751272516145,9.765625e-05
11011111110101001100,18.04765946424928,9.765625e-05
10010110101011001010,23.890676885481398,9.765625e-05
11000101001011011100,18.808084657695026,9.765625e-05
01001110010000011100,16.498605943741744,9.765625e-05
01110111011111001110,16.736874783192302,9.765625e-05
01110100010001110011,12.09023928632073,9.765625e-05
01101001101010000001,19.15141812413666,9.765625e-05
10110101111101011110,15.070058406347162,9.765625e-05
01100111001001000111,18.467163797793056,9.765625e-05
01010110000001010110,18.661963134343274,9.765625e-05
00001000001111010010,42.64406963805199,9.765625e-05
10111101110011001010,17.960331979012746,9.765625e-05
11001001101100000111,19.72026965039221,9.765625e-05
11000111100110011100,12.092092143323008,9.765625e-05
01000011110000101000,18.231104068850932,9.765625e-05
01011010100000011010,20.737530931309244,9.765625e-05
00011100100010110001,17.833822107200277,9.765625e-05
11110000100100100100,9.988710018100807,9.765625e-05
11001101010111000101,12.229786527645667,9.765625e-05
00011011100000001101,20.720209166334726,0.0001953125
01101100001110110000,12.184923942068378,9.765625e-05
00101101101001010000,12.055203370773237,9.765625e-05
11000110111001111111,24.04070803314907,9.765625e-05
00011011010100000000,16.628703136829262,9.765625e-05
00001101000001100101,13.81675966367867,9.765625e-05
01111110001011110100,20.5359283885376,9.765625e-05
11010110010110111011,12.40976832149787,9.765625e-05
01100100001101101010,23.361499632646268,9.765625e-05
11111000111000000000,10.545012518868093,9.765625e-05
10010111011011101010,22.023389065324288,9.765625e-05
11110001011010101010,19.040653790684928,9.765625e-05
11110011110110100100,13.734299754776949,9.765625e-05
01111100100110011110,14.509069350945566,9.765625e-05
11110010101011001110,20.653742591812925,9.765625e-05
00110101100101010001,10.494108024024715,9.765625e-05
11110100010111100111,13.604365277832375,9.765625e-05
10110100000100010011,13.160867448792828,9.765625e-05
10001101001101000010,14.327060545641606,9.765625e-05
10010111001101000000,16.627797527960418,9.765625e-05
11000100000001011111,16.962663701142336,9.765625e-05
01011011100111011001,20.1923827687161,9.765625e-05
11001000101000000000,15.362476233157826,9.765625e-05
11010100111100101101,17.52994532991431,9.765625e-05
11110000101010000100,13.51794848941449,9.765625e-05
10101101011010100110,20.856694287240334,9.765625e-05
11110011111111010100,14.585202844775006,9.765625e-05
01001001100000111110,23.545959974141585,9.765625e-05
11010101010111010000,13.677319007967917,9.765625e-05
10010111110111110011,17.34974920109868,9.765625e-05
01010011110001010101,13.690571262109325,9.765625e-05
01010110110100001101,13.606717193584146,9.765625e-05
01011100001011010011,15.470028332837188,9.765625e-05
11011100000000111000,14.047953361825158,9.765625e-05
10110111101011110111,22.961490238427167,9.765625e-05
01001111010001001001,16.270941879962564,9.765625e-05
11111011011101001001,33.09896039386107,9.765625e-05
00110100010000111101,20.5371171640652,9.765625e-05
00010111000001111100,20.071495027193123,9.765625e-05
01011110010010000011,13.221066241653595,9.765625e-05
11110101011101011011,13.373678659329961,9.765625e-05
10110011011011000011,23.70730162901626,9.765625e-05
11100100001001000010,14.737530931309244,9.765625e-05
01011110010110111010,11.685749885707883,9.765625e-05
11000011001010001000,15.046708477404977,9.765625e-05
11010100010110000100,10.409531892849856,0.0001953125
10101001110111110010,35.08645583767279,9.765625e-05
01110010110000001010,12.660845077827299,0.0001953125
11000111010110100111,18.202844287855307,9.765625e-05
10011100100101001000,12.57570906206833,9.765625e-05
00110100000100000101,10.95889971169551,9.765625e-05
10110100000011101010,20.355464405127336,9.765625e-05
01110110110110100000,13.698222488668538,9.765625e-05
11011011000111101011,22.331630915751973,9.765625e-05
11010011010011011100,10.781913841050773,9.765625e-05
10110100100000001001,11.851986286963623,9.765625e-05
01011011011100100010,15.948890219027788,9.765625e-05
00100111001000110000,20.08748302906482,9.765625e-05
00111010000000100010,28.50177246819169,9.765625e-05
11001110100001111000,16.227977725663248,9.765625e-05
10000101110010000101,21.84911124433427,9.765625e-05
00110111111001001100,14.965008553342837,9.765625e-05
11110001110111100011,15.464043717834912,9.765625e-05
01110011101000010110,17.26394942400598,9.765625e-05
10010101000001000000,16.774257281983335,9.765625e-05
00011011101100011011,24.090239286320728,9.765625e-05
01011101110100010000,16.2549680534516,9.765625e-05
11110000100110011010,15.181619053031014,9.765625e-05
11100001000011101110,19.269512235131018,9.765625e-05
10010101010100101011,18.141081839104302,9.765625e-05
11011000000111101101,19.350706858850316,9.765625e-05
01100111001001010011,17.946962718799128,9.765625e-05
01011110110111111010,14.846878321095996,9.765625e-05
11010101010011011101,16.33384437978913,9.765625e-05
01110111011100001100,17.460660420281748,9.765625e-05
11111100111100101010,7.896840878677988,9.765625e-05
01111100010111000110,9.911766905894622,9.765625e-05
10011101011001101001,13.69752812409443,9.765625e-05
00001111000001100011,16.793340816662266,9.765625e-05
00011100000101110000,11.550590534042183,9.765625e-05
00111101001000100101,17.679240353730428,9.765625e-05
11010011110100111111,15.377437130764688,9.765625e-05
01111011111100100101,17.498486227646993,9.765625e-05
11000110111101011001,18.51990117399642,9.765625e-05
01111011101011010110,18.193275981525453,9.765625e-05
00101101001011101011,18.24667148103758,9.765625e-05
00001111100111000111,16.135929316809502,9.765625e-05
11010111110101110111,14.01682301133211,9.765625e-05
11100011001001101100,19.819365687978333,9.765625e-05
00001111110001101111,21.27141962886469,9.765625e-05
01101010111110110100,33.73500308180677,9.765625e-05
01110001011001001011,17.644408815226647,9.765625e-05
01001011101110001001,22.487241525756232,9.765625e-05
01110111001010101101,32.17338542972893,9.765625e-05
11111100000100100111,17.25060306743709,9.765625e-05
00100111001110001100,18.439476297441036,9.765625e-05
11000101000001000111,16.071495027193127,9.765625e-05
11100101010011001010,18.363908500475063,9.765625e-05
10011110110010100000,17.631571203444196,9.765625e-05
11110101010000111001,19.300469019709112,9.765625e-05
01111000001011000110,14.89636222069074,9.765625e-05
11011100111000100100,10.777038135057996,9.765625e-05
01111101011101100001,12.20781932002042,9.765625e-05
01110011011010011110,14.644408815226647,9.765625e-05
10010011100111000001,16.37350533722512,9.765625e-05
01011010011010001100,14.34144127675701,9.765625e-05
01100111011010000110,17.599056280987977,9.765625e-05
00011111001111011010,14.517638974667404,0.0001953125
11110001101001110110,15.931883770239892,9.765625e-05
00101111001100101010,21.772668970178806,9.765625e-05
11010001010011011001,16.31275435937591,9.765625e-05
11001101010101001110,12.737530931309243,9.765625e-05
01011010110001100000,18.331669659899795,9.765625e-05
10110101110100011001,11.440539300784422,0.0001953125
01111001011110100100,11.468130625140464,9.765625e-05
01001101110000010100,12.413613712205612,9.765625e-05
10100110101110101010,26.623132440604692,9.765625e-05
00111101111010010001,13.514838368124366,9.765625e-05
10010110101010101001,21.283121543100307,9.765625e-05
11100001110011000110,14.612761285182113,9.765625e-05
11000110000000111001,13.988393967493113,9.765625e-05
10011100000101010000,14.029758050382455,9.765625e-05
01010011010011100010,18.65018127684906,9.765625e-05
11010011100110101001,17.531139710581215,9.765625e-05
01100111011011010111,15.24369338436485,9.765625e-05
10110000100000001000,14.148922864315857,9.765625e-05
01110111011111101101,17.418357218916952,9.765625e-05
10001111001110111010,19.501379184347943,9.765625e-05
01110100101101001111,20.094796868137323,9.765625e-05
00110011011000001011,16.097604450694767,9.765625e-05
00111100001100110101,12.640002081184168,9.765625e-05
11011111110110010100,17.620936547704027,9.765625e-05
01101001101100100000,17.3063824575648,9.765625e-05
01001110100000111111,20.640002081184164,9.765625e-05
11010000100010010101,17.84911124433427,9.765625e-05
01100111001001100011,22.98242649431334,9.765625e-05
11111001101010110110,17.131388397044276,9.765625e-05
01111100011101001111,10.112109681495957,9.765625e-05
11001100000010000111,15.583899343135428,9.765625e-05
11110100011111101000,13.640873113930049,9.765625e-05
00101101111001101101,20.54267028915328,9.765625e-05
01010111010100100100,17.892180966399263,9.765625e-05
10010111011110101110,21.93092309735864,9.765625e-05
10010101100100100111,21.85011376362017,9.765625e-05
10011100001001000000,14.385660001513461,9.765625e-05
11110001101110110010,20.977634284786156,9.765625e-05
00110011101001000001,14.552893834105298,9.765625e-05
01110110111100001010,13.347896566270325,9.765625e-05
11100100110000110110,12.671948705517764,9.765625e-05
01110111101100000000,25.017922859509227,9.765625e-05
11000111000001111100,11.69650434467,9.765625e-05
01011011111101001011,19.772399042763997,9.765625e-05
11001001100101101100,15.273054999978886,9.765625e-05
10110001011000001010,15.64369038252445,9.765625e-05
11010001000111110100,17.007457808799217,9.765625e-05
11011101101000011100,26.19796315097763,9.765625e-05
01001011110000001000,16.36377440228918,9.765625e-05
11011011111101110000,17.894536756656944,9.765625e-05
11001001001100100001,17.871982406525817,9.765625e-05
11010000010100001011,14.292808743566983,9.765625e-05
00111101000101110011,11.91278389480851,9.765625e-05
01110000111000100000,14.231097827257582,9.765625e-05
01110100010101001100,11.676310981509737,9.765625e-05
11110010100001101110,20.829585701359544,9.765625e-05
10011101101111011001,16.512316760215242,9.765625e-05
01011110101011000000,19.037021276938297,9.765625e-05
00111101100100110001,14.110406741546473,9.765625e-05
11001101000101010001,13.044824515754996,9.765625e-05
11010011000111101001,16.45766566155765,9.765625e-05
11110000110100110010,10.315742142085593,9.765625e-05
01001110000111100101,17.759156474659545,9.765625e-05
11110011110011101100,13.395154518641203,9.765625e-05
10111001101010101011,20.023389065324288,9.765625e-05
11110001011011100001,15.951787539644176,9.765625e-05
01001111100010010100,15.057066208079732,9.765625e-05
11001001000011110010,15.763881136987631,9.765625e-05
11011111111100011001,18.107596448966483,9.765625e-05
01011011111010010001,16.444284641738584,9.765625e-05
11010010000010110000,15.583899343135428,9.765625e-05
11010011100100101101,14.517049122138987,9.765625e-05
11101010001010001101,40.001901973688604,9.765625e-05
11111100011100101000,11.484816523157072,9.765625e-05
11011100001011011000,15.140201843902716,9.765625e-05
00011111011101001101,12.624748439644977,9.765625e-05
10100100010001011010,27.11724972060406,9.765625e-05
10111101111011101111,15.75417437894317,9.765625e-05
00110111001100000010,17.597987221555115,9.765625e-05
11110000000100101011,15.151418124136661,9.765625e-05
00011100010000101001,13.938185295226155,9.765625e-05
00110110100011101001,19.187262836102974,9.765625e-05
01011001110000010111,17.007457808799213,9.765625e-05
11000011000111111110,19.37743713076469,9.765625e-05
10100000100000001101,33.03913439695462,9.765625e-05
11011001100001000000,17.491668551797567,9.765625e-05
11010110110011110000,12.731549946254448,9.765625e-05
10111101110100101010,15.508331546169455,9.765625e-05
01011100010101110001,7.219411117071028,9.765625e-05
11011100001101011111,12.945398975781696,9.765625e-05
01111011011111001101,18.7368747831923,9.765625e-05
10010100010101101110,22.008363417668065,9.765625e-05
11101011111001100110,25.37246116787827,9.765625e-05
10110110111000011110,22.654321593821013,9.765625e-05
10110001110101001000,12.951806911718089,9.765625e-05
11110100111011110100,13.772576532893694,9.765625e-05
01111001000110111010,21.602647133833838,9.765625e-05
11010110100001101010,21.037021276938297,9.765625e-05
10110001101100001000,13.850071917215525,9.765625e-05
11001101110000111101,11.812160235457435,9.765625e-05
01110110100011011111,18.503813774607387,9.765625e-05
10011001010010001001,18.230689426491974,9.765625e-05
11000010001100011111,31.959847166969,9.765625e-05
11010000000100100001,11.938185295226155,9.765625e-05
11011000011110100000,10.691734315206286,9.765625e-05
10010110111000011110,24.670683420335344,9.765625e-05
01010100011100000110,21.029794378774994,9.765625e-05
11111001001100000000,22.445673174586567,9.765625e-05
10100101111001011001,18.434847723981733,9.765625e-05
11010101100001011001,22.618723083666872,9.765625e-05
00110011001100111010,21.490042132299266,9.765625e-05
01111001011010011110,14.355464405127336,9.765625e-05
11110100110100111011,7.406967714954837,9.765625e-05
01001001001011100000,17.920670934449557,9.765625e-05
11001111101110101111,18.938522067895008,9.765625e-05
00111100100100101000,13.767341237714545,9.765625e-05
11010111110100100110,19.46256781401543,9.765625e-05
11011100111110011001,9.391020530799459,9.765625e-05
11010011100000000110,18.812836696799767,9.765625e-05
10010110101111111011,24.84679140182299,9.765625e-05
01001011000011101000,16.241141259594222,9.765625e-05
01110010010110101010,17.690571262109327,9.765625e-05
01101111101011000110,17.00929503243845,9.765625e-05
11010110100000110101,15.69931463724999,9.765625e-05
11011111000111011000,23.84613062314287,9.765625e-05
00111100000110110000,12.327060545641608,9.765625e-05
11011000001011110011,19.279006116214365,9.765625e-05
00011101010101010101,10.351333039771271,9.765625e-05
01100001100000011000,18.338604341821434,9.765625e-05
10111101111011010100,16.576897201141882,9.765625e-05
00101101000001011111,19.5998305996605,9.765625e-05
11010010101110100100,19.40354466620171,0.0001953125
11110101101100000100,19.863678515162277,9.765625e-05
11011100110001101010,11.963624374023592,0.0001953125
11101111111110111111,20.623607664988157,9.765625e-05
11100001011011100011,22.648259931086553,9.765625e-05
01111110111100001010,14.16301000831448,9.765625e-05
10110100100011000011,15.187262836102972,9.765625e-05
01110010011000011111,18.113966277209105,9.765625e-05
11101101111100000100,14.323643738481834,9.765625e-05
00101111100011011000,19.98800596748974,9.765625e-05
01000011100000111001,23.498900870005947,9.765625e-05
10111101101111100000,14.200994668156568,9.765625e-05
10001111000001000101,27.275615009849055,9.765625e-05
10111100100110111010,14.972947730151848,9.765625e-05
01011111010101100101,14.547362154659634,9.765625e-05
01100011100100001000,16.990219431526903,9.765625e-05
00011001011000100010,16.733425924881328,9.765625e-05
10110100100101001100,13.67631098150974,9.765625e-05
10010001110000101000,17.221670682664886,9.765625e-05
01100111010101000011,17.69229656762615,9.765625e-05
10010011100001001001,15.025505716911416,9.765625e-05
11011000010000100110,11.592304312940875,9.765625e-05
11010110110110001001,8.848764062047216,0.0001953125
00010111010110001010,17.27232876930435,9.765625e-05
01111101011110010111,10.517638974667406,9.765625e-05
00111001010111000011,17.04508468039236,9.765625e-05
10110100011001000010,14.486287828889392,9.765625e-05
00110101011100010000,11.677328694004872,9.765625e-05
11010110011111111000,13.044491481797007,9.765625e-05
00111100011101111010,14.755373026011608,9.765625e-05
11011001100111101101,17.648584737009894,9.765625e-05
10100000111011100011,47.48702584080556,9.765625e-05
11110100111100100000,7.168091538966571,9.765625e-05
11110110110010101010,17.599056280987973,9.765625e-05
10011100010000111001,13.301615225250822,9.765625e-05
01110110011100010010,10.906171210820654,9.765625e-05
00111101001001000100,14.960811371421066,9.765625e-05
00101101111000001111,19.64087311393005,9.765625e-05
10110100101000100011,15.106608088849477,9.765625e-05
00110101100100010010,16.166442743104554,9.765625e-05
11110000101000100010,12.755727184313074,9.765625e-05
11010110110010110001,11.759156474659546,9.765625e-05
00010111001011000011,22.302103776005435,9.765625e-05
10100101001001001000,16.46944472190212,9.765625e-05
11010110100011011101,14.561498757531353,9.765625e-05
10000101010100101101,20.400091530649394,9.765625e-05
11110101010101110011,12.885177366403411,9.765625e-05
11010110000001101110,21.461614117148592,9.765625e-05
11011100001111100100,12.283153409200732,9.765625e-05
10110101111011011000,18.25507372998066,9.765625e-05
11100101110001111110,12.487241525756229,9.765625e-05
11001101001101110000,10.108433579914925,9.765625e-05
01001111111011010010,13.561543313958536,9.765625e-05
00110110001001101001,18.576897201141893,9.765625e-05
11010001010001101000,12.62894102347959,9.765625e-05
10101111001101010000,37.44914775578128,9.765625e-05
01110100011001110111,15.088318674979286,9.765625e-05
10000011110101011000,28.688879673339173,9.765625e-05
01111011101101011100,20.820251924773274,9.765625e-05
10101101101010101001,20.844154947789022,9.765625e-05
11111110101010011001,24.075878748827506,9.765625e-05
00111111001110010101,18.915649974982156,9.765625e-05
11111100111000101110,11.470392177175613,9.765625e-05
00100100001000001100,23.031008131515815,9.765625e-05
01111000001000001100,15.697741942616672,9.765625e-05
01101101001111000101,13.710521231446982,9.765625e-05
11100001001100001100,15.565077850771768,9.765625e-05
10101101001000001011,23.620936547704027,9.765625e-05
11001101110100100110,11.62591149274194,9.765625e-05
10100111100101100100,20.66196313434327,9.765625e-05
11110001001100110110,15.821273081712015,9.765625e-05
01111101101110010001,19.28190612521711,9.765625e-05
00110110100000101001,17.996832839096,9.765625e-05
00111001001001011011,19.857455289928424,9.765625e-05
10010100000000011001,13.938243069261103,9.765625e-05
01111100011010001100,13.645951934559601,9.765625e-05
11110100011111000101,11.446979386248685,9.765625e-05
01011110011000011000,13.484816523157072,9.765625e-05
01100111000001111100,18.35374626112879,9.765625e-05
01110011011101101011,18.530891228808812,9.765625e-05
11010011001010101000,21.655434143164705,9.765625e-05
01011100000000000101,14.42022785419578,9.765625e-05
11111101000011001110,30.971186792835525,9.765625e-05
00111101010011000010,12.912717892738922,9.765625e-05
00101101111010111010,22.34793488110416,9.765625e-05
00111101111101010011,7.547362361799689,9.765625e-05
01100011010001001111,20.724396662219544,9.765625e-05
10111011001011010000,36.931951317439,9.765625e-05
11011100111011100001,11.102795287823408,9.765625e-05
01000011011010001000,16.183980949087,9.765625e-05
00110110100001000111,18.09760445069477,9.765625e-05
01100100001100100000,16.572865885539407,9.765625e-05
10110100000001000110,18.5521754014031,9.765625e-05
01110010101011100010,22.768615594116056,9.765625e-05
11001101011010010101,12.614316164120513,9.765625e-05
01101011001111101110,22.1923827687161,9.765625e-05
01110111111001111100,19.531139710581215,9.765625e-05
10111101110001100111,15.09199906958385,9.765625e-05
11010010001100000000,15.343709070385508,0.0001953125
01001100010000001111,17.211038736947256,9.765625e-05
00110111111011011011,17.290178993664675,9.765625e-05
01001100011011101011,23.017826167072055,9.765625e-05
01110101011100010000,14.391993686867409,9.765625e-05
01011011010001100111,17.242440298941684,9.765625e-05
11011100010101000010,9.898703715984484,9.765625e-05
01111100100001011000,15.917873125056264,9.765625e-05
10011001010011110001,20.16563927919396,9.765625e-05
11000101011100010110,15.911252741472744,9.765625e-05
00110001110000011011,21.188226219006765,9.765625e-05
11010011010110111000,11.997786535962842,9.765625e-05
10010011110000001111,18.188233195021184,9.765625e-05
11000001010001110000,12.671948705517764,9.765625e-05
01111100000111101001,15.710521231446982,9.765625e-05
00111101100000110010,19.38230648640073,9.765625e-05
01011110111001111000,16.56663806221839,9.765625e-05
00101111101110101010,18.981648644070006,9.765625e-05
00110011001010010001,18.183614394726035,9.765625e-05
11010011010111000000,11.867866011047091,9.765625e-05
