bitstring,energy,prob
10010000011000100010,24.13261528026566,9.765625e-05
01111111011110100101,18.915649974982152,9.765625e-05
00100101011011000101,20.538494367370035,9.765625e-05
01110111010001100000,22.86051135425828,9.765625e-05
00101110010000000000,33.72665288174647,9.765625e-05
01111011101110010101,19.13600030845221,9.765625e-05
01001110100100111001,18.12948893707798,9.765625e-05
11111001110110000000,15.63812757139942,9.765625e-05
00001011011011000001,24.4936905736762,9.765625e-05
11001011111101000000,22.388158705777872,9.765625e-05
11101110011011100010,28.29382926405168,9.765625e-05
11100011110110111010,21.607487158727942,9.765625e-05
01011100000111100000,13.230814660598824,9.765625e-05
01000100100001010010,23.397897438686147,9.765625e-05
00011110000001011000,18.558207184478427,9.765625e-05
11101010011111000000,47.42367754530449,9.765625e-05
00010111100110110011,25.388726389082635,9.765625e-05
10110000011011000000,23.03084032742308,9.765625e-05
01000001110011001000,30.23722186211415,9.765625e-05
01011010101111001100,22.491850640014423,9.765625e-05
00111110011110100100,19.677319007967917,9.765625e-05
10000111001000010011,23.08060612117813,9.765625e-05
10111001110111011110,26.120415325129073,9.765625e-05
00101111011110011000,22.37561937716638,9.765625e-05
01110111000000101000,36.363582628035374,9.765625e-05
01110001101100010001,17.72307649852859,9.765625e-05
10010000111110100000,30.8971178037434,9.765625e-05
11100100011110000000,15.273054999978887,9.765625e-05
11001111010100011000,20.916944318275434,9.765625e-05
00010000100101110111,47.557985257934405,9.765625e-05
11010001011011000101,16.63312851936441,9.765625e-05
01001010111100000000,25.653191228782397,9.765625e-05
01111011111101000100,16.363908500475063,9.765625e-05
11010001101011000001,25.95219947198059,9.765625e-05
00101111101001010001,19.761061158370683,9.765625e-05
11011000011111000100,17.28489372242292,9.765625e-05
10110000001010000000,18.29376941644824,9.765625e-05
00110001001000001101,18.569330096705947,9.765625e-05
01010011111001000000,16.587538832896474,9.765625e-05
10101011010101010100,64.62878131162645,9.765625e-05
00001100111101000001,27.4640452742139,9.765625e-05
00011111110001010011,15.703881475789549,9.765625e-05
01010000000101011000,22.400091530649394,9.765625e-05
01101111110000101000,24.804378442283145,9.765625e-05
11001110111001100000,17.432091466725822,9.765625e-05
11010101011001110110,21.567582807469343,9.765625e-05
01101110000101100100,29.252806845437284,9.765625e-05
01011101100101100000,23.940154728986663,9.765625e-05
01011110001111001000,14.661963134343274,9.765625e-05
00011010001010011000,22.181228430541957,9.765625e-05
01001000111011001000,31.766316549204994,9.765625e-05
01011011100010100000,22.080980680241836,9.765625e-05
01011111111110001000,20.66196313434327,9.765625e-05
11001011000111001000,22.30325786664669,9.765625e-05
01000101000010100010,35.58011589448749,9.765625e-05
10000111010100001101,19.04484564009848,9.765625e-05
10001010010110001000,45.614047880211885,9.765625e-05
01010100111000000000,25.022628786217446,9.765625e-05
11000110000100000011,18.991237144022037,9.765625e-05
00000001011110010000,37.877052471839725,9.765625e-05
11010110010010000000,13.955193496283627,9.765625e-05
11000101110011101000,20.579168439213994,9.765625e-05
11001011010010001000,18.90943600572295,9.765625e-05
01010111111000000000,27.685250691163354,9.765625e-05
00011111111110010000,13.759156474659545,9.765625e-05
00010110010101000000,12.247051253006308,9.765625e-05
01100110111001001001,18.73615906051264,9.765625e-05
10101001100110001001,31.04258408806333,9.765625e-05
11011001000110010100,16.248075941515857,9.765625e-05
10010101110110000100,18.09246596796565,9.765625e-05
01001000000111110101,33.450249612035876,9.765625e-05
11010111111110011100,16.536776223371497,9.765625e-05
01110001110101100010,16.245669696172747,9.765625e-05
10101010110011110011,62.49597804448569,9.765625e-05
00111100011101001010,11.640873113930052,9.765625e-05
10011011010101010000,32.27554401820634,9.765625e-05
11000010111101010100,34.29506405400878,9.765625e-05
01110001100111100010,24.84579939012231,9.765625e-05
11111111011010010000,36.57805065532911,9.765625e-05
01010001010100000000,13.81906378569971,9.765625e-05
11110001101111100101,17.839182538109604,9.765625e-05
10001100110001010001,24.401032744329537,9.765625e-05
00000111100001010000,13.677328694004872,9.765625e-05
10011110111111000000,18.487241525756232,9.765625e-05
01011000110101100010,20.103700896692256,9.765625e-05
11111100111100001101,9.757596263212921,9.765625e-05
10010001010110110010,24.329826488934472,9.765625e-05
01100010010100000010,26.400088820626856,9.765625e-05
00000001100100110000,34.098796856169855,9.765625e-05
01001011011100000000,16.928514022389784,9.765625e-05
11011001110100101010,13.963624374023592,9.765625e-05
11011110111100000000,15.484816523157072,9.765625e-05
10101000001011010000,41.934161249905344,9.765625e-05
01010101111000101010,52.49932696151126,9.765625e-05
01011100100111101110,25.124752809411707,9.765625e-05
11000101111111011001,23.19621766267844,9.765625e-05
00000011001111000101,28.136777151643404,9.765625e-05
01110100011010110000,16.51986212474152,9.765625e-05
11111111110000001000,38.98199549426178,9.765625e-05
10011010111110100110,31.555883603256277,9.765625e-05
00111110000101000000,25.211742885525346,9.765625e-05
01110011110110000010,12.64440881522665,9.765625e-05
10001100000100010100,23.304130591566604,9.765625e-05
00100100000100010010,18.952243734140517,9.765625e-05
00011001101011000001,22.490222244914644,9.765625e-05
10110001111111100100,20.213854362035473,9.765625e-05
11010111011011000000,21.349966344051666,9.765625e-05
01000110111001000000,18.654736236179968,9.765625e-05
11010011000101010100,15.137317849657478,9.765625e-05
00010110011110100000,18.625873385048163,9.765625e-05
10101001101100000001,27.471294341600853,9.765625e-05
00101011100001010100,32.792712856440076,9.765625e-05
11001001010100010000,17.439299629269264,9.765625e-05
11001000101110100100,22.101607148749846,9.765625e-05
00011111100011101000,20.08372975434327,9.765625e-05
01001111010100011010,15.912826170527136,9.765625e-05
01111110000000011100,29.064086040812967,9.765625e-05
10011101110100000000,12.778933121892361,9.765625e-05
10101101111101010000,19.186900548143534,9.765625e-05
11110011100111000000,18.44985171885549,9.765625e-05
11010011101111101100,18.735189436015496,9.765625e-05
11100010001000010101,32.733818474304016,9.765625e-05
01001110000000001100,18.136129710583916,9.765625e-05
01011101010000100000,22.451605348062124,9.765625e-05
11011101101110110000,22.98062113677453,9.765625e-05
10110011111101111000,21.576826209499178,9.765625e-05
01101011100101000000,26.30325786664669,9.765625e-05
11101110011011110011,29.713388574480668,9.765625e-05
00000100010101011110,40.8971178037434,9.765625e-05
01110100110110000000,11.282083429842931,9.765625e-05
01000001111110010000,35.08117245449565,9.765625e-05
11011111110000010111,23.736342155781642,9.765625e-05
01101101000001010100,14.670812186013002,9.765625e-05
01111101111100010010,12.473821467522082,9.765625e-05
00001011110101010011,38.28398207910078,9.765625e-05
00011111110000100010,20.069352467671475,9.765625e-05
11100110011011100100,24.362456861083913,9.765625e-05
11001101000110010000,14.350876442244285,9.765625e-05
01011110011100100000,11.98839396749311,9.765625e-05
01100001100100101000,23.435224051506857,9.765625e-05
01111101110100000111,13.041684720787828,9.765625e-05
11111011101101000000,30.508328836146916,9.765625e-05
11000001111000000000,14.670446268106085,9.765625e-05
10100100100001001101,22.830896266550397,9.765625e-05
00011011110100100010,18.252382429914178,9.765625e-05
01010110110011110101,19.264832129230115,9.765625e-05
01000100010111000000,20.279671851991594,9.765625e-05
01001010000110010001,27.18786122102479,9.765625e-05
11110101100001101010,27.702148862163035,9.765625e-05
00100111101001010000,14.360262769120666,9.765625e-05
10011101111001000000,14.274005986823184,9.765625e-05
01010110001110101000,23.91499184083357,9.765625e-05
01101001001110100000,17.896840878677992,9.765625e-05
11011011100001000101,24.516946068095606,9.765625e-05
10100111100100110111,25.476615832471765,9.765625e-05
01101000101100001101,28.276861559411607,9.765625e-05
01000011100001000000,14.046708477404975,9.765625e-05
10110100000000001011,15.819365687978333,9.765625e-05
10111100111100000000,11.767341237714545,9.765625e-05
00001100011111100100,29.594521515688903,9.765625e-05
00011010000111011000,28.01593125652507,9.765625e-05
10011010011100000000,31.754759328277345,9.765625e-05
11001100100111000010,13.474104634180842,9.765625e-05
10101110001101010000,46.208951241438015,9.765625e-05
10101100001000000001,24.88275653182911,9.765625e-05
10111110110000110010,30.283213980385426,9.765625e-05
10011101010100101000,13.652850288088693,9.765625e-05
10100011000101100010,33.26682373221426,9.765625e-05
10001101000110101110,17.89684087867799,9.765625e-05
10111101101101101100,15.076161915486265,9.765625e-05
10010110001100110001,17.246786734840214,9.765625e-05
11011110111010010101,14.844154947789026,9.765625e-05
10101011010100000100,56.8179210246016,9.765625e-05
01110011111110110010,18.457581452307174,9.765625e-05
11010101111100101000,26.55103535032753,9.765625e-05
10101101011000100001,22.08748302906482,9.765625e-05
01011011110010000110,14.600727256913459,9.765625e-05
10111101011011001100,20.357385750889843,9.765625e-05
01000000101011011000,44.371186833112944,9.765625e-05
10001101001011100010,15.297295530084558,9.765625e-05
11111110101001111011,22.899348632525303,9.765625e-05
11101100100101010000,16.600219334084937,9.765625e-05
01011101110000101100,27.504317921306672,9.765625e-05
10110010111101010000,33.903326254990496,9.765625e-05
00011001110111100010,22.894428391741528,9.765625e-05
11000100111001010100,16.49482873668715,9.765625e-05
10111111101010110011,27.581681711073415,9.765625e-05
10111001011000101000,19.056106269619544,9.765625e-05
00010010111010100000,29.33669715522781,9.765625e-05
10011001110110100000,15.055139355144942,9.765625e-05
10000101100000011001,18.749147705573073,9.765625e-05
11010001101010001000,29.66512134363138,9.765625e-05
11101101101011010000,15.74005805723047,9.765625e-05
10110101100111010110,16.32088686640806,9.765625e-05
11111110011110000000,27.092585047606356,9.765625e-05
01111000010111011000,20.929979086528753,9.765625e-05
01011101010101000011,13.467468410094227,9.765625e-05
00000001101111010101,49.379563675528836,9.765625e-05
10100010000111010010,53.083000726518996,9.765625e-05
10111010000100000110,50.42655882952719,9.765625e-05
01000001011011101100,34.11623127368786,0.0001953125
01101101000101111100,16.611505871540526,9.765625e-05
11000101011110001000,20.596396836182095,9.765625e-05
10111011001110010000,36.35284065225995,9.765625e-05
10111111111100110100,26.586426469056654,9.765625e-05
01111011111110000000,14.82025192477327,9.765625e-05
00110011110000000000,11.46622323140678,9.765625e-05
10110100000111000100,17.643690382524454,9.765625e-05
11010110101101000110,20.128536258059647,9.765625e-05
11011010111110010000,18.42834714362017,9.765625e-05
00010111111001000100,18.587538832896474,9.765625e-05
01111010100110000000,20.09341695480995,9.765625e-05
00111110110101000010,19.531139710581215,9.765625e-05
11110101000111011111,19.18260844183635,9.765625e-05
11001110111001000000,18.928514022389784,9.765625e-05
01000001001111010000,28.227933376376125,9.765625e-05
11011100110010000010,12.445602182943851,9.765625e-05
01100110010101000000,19.04580631297973,9.765625e-05
00001001000101000000,19.757843101479136,9.765625e-05
00000001011001000010,30.850000925572814,9.765625e-05
01010010101101000100,22.475903455859047,9.765625e-05
10101111010100110101,46.78497115740086,9.765625e-05
01100001011011001001,24.65666218002964,9.765625e-05
01111101011101001011,13.878545310341657,9.765625e-05
00001001111110000000,28.897124045336746,9.765625e-05
11011110111110001001,11.997786535962842,9.765625e-05
01001101100101101101,20.29316841988055,9.765625e-05
00001010101001000100,37.84345777522536,9.765625e-05
01000111111000000000,19.767341237714547,9.765625e-05
01111110001001100100,25.203885638416224,9.765625e-05
01100000000101100010,26.358689340066277,9.765625e-05
01011111101101001000,24.536282546839068,9.765625e-05
10011010001101000010,34.166442743104554,9.765625e-05
11101001010100011101,32.107909702424436,9.765625e-05
10010000100011000110,30.678651567718365,9.765625e-05
10001100000000000100,20.29473904094538,9.765625e-05
11101010010101010000,61.16823446381312,9.765625e-05
10111100110100010010,15.230814660598826,9.765625e-05
01001110000110000101,16.250886234095844,9.765625e-05
01011111100010000010,33.61248350074041,9.765625e-05
01101000001110111011,30.213466460408778,9.765625e-05
10111101100011111010,20.2696243387573,9.765625e-05
00101011010011100110,32.02521557423824,9.765625e-05
11111101001111101000,24.35284065225995,9.765625e-05
10001101111101101111,22.102724296180696,9.765625e-05
01001001010100000010,15.770151530294534,9.765625e-05
01011110101000101010,26.115450898925857,9.765625e-05
10110111001000010100,29.324347887059915,9.765625e-05
01111001001100000000,15.889370673819279,9.765625e-05
01101000000101011011,34.52741748041183,9.765625e-05
00110011001110010000,16.470879699241898,9.765625e-05
01101100001001100101,15.480692133815424,9.765625e-05
11001011000101001000,25.66608128209157,9.765625e-05
01111101100101111111,18.214426485996164,9.765625e-05
00110111011111100100,15.116766883752135,9.765625e-05
11011101111100000100,15.090025037736183,9.765625e-05
00011000111100000100,26.837181863906352,9.765625e-05
00000101100011000101,27.320347811900177,9.765625e-05
11100010010000000100,31.43658072909422,9.765625e-05
01011000100011100110,24.536751256998105,9.765625e-05
11010000111011111001,29.690661832966008,9.765625e-05
01001001110100000010,18.611789038199284,9.765625e-05
10110111000110000011,25.660944785394086,9.765625e-05
10010001100000101011,24.759436931295767,9.765625e-05
01011111010110011001,14.764838365425277,9.765625e-05
01110000010011111001,24.003210895373265,9.765625e-05
00010100101011110000,39.28537061194876,9.765625e-05
01100011101010001010,20.144504702353558,9.765625e-05
00001110011111110000,27.08092833709179,9.765625e-05
01011001101001111010,31.205100332718168,9.765625e-05
00011011000000001100,19.668892309092627,9.765625e-05
10100100110011101010,28.120829967488028,9.765625e-05
00100111101100011101,19.768490251245822,9.765625e-05
10100010100011001001,39.90097133494892,9.765625e-05
00001000111110001000,46.379413442572584,9.765625e-05
11101100011110101000,16.78455370705234,9.765625e-05
00111100001111000000,9.151418124136663,9.765625e-05
00011100101000100001,17.71967907428255,9.765625e-05
11000010011110100010,28.892398659427414,9.765625e-05
01110111000000101100,33.471450484055154,9.765625e-05
01101111110001000000,21.813802876853302,9.765625e-05
10001010110011000100,48.41289716756803,9.765625e-05
10111110000101011100,43.961859170715385,9.765625e-05
01111001111110010100,11.640873113930047,9.765625e-05
00101011010110110111,43.21064303734822,9.765625e-05
00010110010000101010,20.491359673504526,9.765625e-05
11110100001111110100,14.73154994625445,9.765625e-05
10011100010100000000,11.900258409419012,9.765625e-05
11111101111101001000,15.647862859864091,9.765625e-05
11000000111100000000,22.97711813392299,9.765625e-05
01100010100100000100,22.73311161570339,9.765625e-05
11000111010010100000,16.140201843902716,9.765625e-05
00011001110010100010,21.44146531041551,9.765625e-05
11101101000011101000,23.683053154756493,9.765625e-05
00111110000000000011,25.01701725064038,9.765625e-05
00100011111001000100,23.030840327423075,9.765625e-05
10011101011110000100,14.983695947520616,9.765625e-05
11111011010111101000,29.979565403712826,9.765625e-05
01101000100000000010,16.57570906206833,9.765625e-05
00000000001010110101,53.47162279910786,9.765625e-05
00100001001001010001,24.339504003364194,9.765625e-05
00010000000000000011,22.9597956345274,9.765625e-05
10100111101000010001,22.47759243298333,9.765625e-05
00001110101110001100,24.155783110151173,9.765625e-05
01010011001010100000,25.3663156873793,9.765625e-05
01011111001010001000,32.12022790440399,9.765625e-05
00001101010000000010,14.32645403106182,9.765625e-05
01111000111010100000,11.40354466620171,9.765625e-05
01100101111100100000,21.17090183154656,9.765625e-05
10110001111001000000,11.505299119905386,9.765625e-05
10100101010101001100,19.581018793333797,9.765625e-05
10011001110111100000,16.330635285353292,9.765625e-05
11000100100100000101,13.164632161820904,9.765625e-05
01101011001101100000,25.740058057230474,9.765625e-05
11010100111000000000,14.624688777545408,9.765625e-05
11010001100110010100,17.359656254540884,9.765625e-05
01001001011110100000,18.707126517223475,9.765625e-05
01011111100011110010,26.672346783792364,9.765625e-05
11011011011100000000,21.300420931711116,0.00029296875
01011000000101010011,19.276491473479833,9.765625e-05
01100001110010001001,23.995376551908866,9.765625e-05
11011101111000011000,20.737906535253124,9.765625e-05
11110010100001111010,20.57689720114189,9.765625e-05
11110101011100100010,19.331818091918628,9.765625e-05
10101110010010001101,49.108873906876504,9.765625e-05
10111001010100010000,28.399844692383176,9.765625e-05
10000001000011000101,24.413719388734677,9.765625e-05
11110000001011100101,19.58712690056006,9.765625e-05
01000011001110010100,17.229796213682622,9.765625e-05
00101011110000101110,30.16582030089446,9.765625e-05
00001010001110110000,36.54501523973045,9.765625e-05
01000001011100100000,25.808730945110963,9.765625e-05
10011100000000000010,16.45912436450007,9.765625e-05
01111001111101010001,13.264173358627481,9.765625e-05
00101011111001010000,31.2831215431003,9.765625e-05
10000100001110100000,24.746614338058496,9.765625e-05
10010110110101010000,16.202241217719124,9.765625e-05
11011100101000110000,13.52302211333086,9.765625e-05
10100111010010010010,28.36426817678863,9.765625e-05
11101001111110000000,18.181228430541957,9.765625e-05
01010010000011100000,19.04258408806333,9.765625e-05
10010001001110010110,27.772576532893694,9.765625e-05
11110011001000110011,26.651333996615207,9.765625e-05
11000011111100110100,18.150830258049538,9.765625e-05
11111100001111000000,16.17250814454988,9.765625e-05
01010001111000110011,37.51145436862615,9.765625e-05
01000111011010100000,21.738478386582738,9.765625e-05
01101011111001100011,23.211207705523368,9.765625e-05
00001010101011100010,36.27743268715998,9.765625e-05
11111011000001010001,46.847355090608986,9.765625e-05
01001110111100000000,15.52710839497873,9.765625e-05
11111101011010101000,26.058111297351523,9.765625e-05
00101100111000000001,18.611789038199284,9.765625e-05
10010100011110010000,18.193777456030222,9.765625e-05
01111011011111011010,17.949921257894076,9.765625e-05
00001100100100010001,20.090933367467393,9.765625e-05
00010000010110010000,29.121309359896344,9.765625e-05
01100000111011000010,29.880227762401688,9.765625e-05
11000101111101000010,19.26998465152492,9.765625e-05
01100011100000010100,13.894933484944305,9.765625e-05
11111101010101000000,23.55634787874274,9.765625e-05
10010000111101101010,37.71732435054122,9.765625e-05
01101111100010101011,26.929033704823752,9.765625e-05
11011001111100000000,12.181540018857536,9.765625e-05
00011110011111011100,19.772576532893694,9.765625e-05
00100011011101100110,32.87437554302455,9.765625e-05
01110010111101001100,18.54694814875472,9.765625e-05
01111011000111100000,25.113189434017904,9.765625e-05
01111100100001000000,14.909436005722952,9.765625e-05
10001011000110000110,31.429304372057814,9.765625e-05
10010011001010100001,20.64654876310243,9.765625e-05
10001001001100011001,29.717757728520038,9.765625e-05
01111011000100010000,30.1707162988861,9.765625e-05
01110010011111111000,22.733268090252988,9.765625e-05
00110110001110111000,18.441383691174718,9.765625e-05
01011111010111110011,13.137906978604644,9.765625e-05
00010101001011101001,37.99053131410974,9.765625e-05
11010010100000000001,14.000950986844302,9.765625e-05
00011101010100000010,12.250886234095844,9.765625e-05
01011101100010100010,39.25287253704778,9.765625e-05
00011100111001110101,22.63454214943846,9.765625e-05
10100101001010000101,21.996832839096,9.765625e-05
01000010110010110111,37.29085898698747,9.765625e-05
11111110010000000011,37.48180477028632,9.765625e-05
11101001100001101010,18.241141259594222,9.765625e-05
11101000100101010100,32.98403688821432,9.765625e-05
10101010110111010001,73.84916100831447,9.765625e-05
00111001000101000010,15.135056297622327,9.765625e-05
10000010100101001000,34.87610501656623,9.765625e-05
11101011110001000000,34.54661259027807,9.765625e-05
00011011010000110010,20.234237709351945,9.765625e-05
11000101010000000010,16.323643738481834,9.765625e-05
01101101100000000100,18.27225942116783,9.765625e-05
00100110100000000011,21.213434387168288,9.765625e-05
00110111111101010000,10.69134558078185,9.765625e-05
00101111101000000000,20.804378442283145,9.765625e-05
01010110101111010100,20.97669651554962,9.765625e-05
11001000101010001011,24.80238683929899,9.765625e-05
11111110111111100100,20.360253083083713,9.765625e-05
00001000000101000100,38.01183872244403,9.765625e-05
00110100010010001000,16.30591972720785,9.765625e-05
01000100110110011111,38.28673085893496,9.765625e-05
10000000011000000100,35.78329810790687,9.765625e-05
00110000001010100101,26.623554058978065,9.765625e-05
10000001010100000101,27.554619041655105,9.765625e-05
01011101001010100001,32.49715784676122,9.765625e-05
01101011111000000000,19.26814127341953,9.765625e-05
00011100110011101010,24.21626779053306,9.765625e-05
11111111000000000100,56.19690554069112,9.765625e-05
01001111100110101100,18.02759684236814,9.765625e-05
00000001110010010000,34.32542934255227,9.765625e-05
10010101101101100000,20.669187235356834,9.765625e-05
10001101010101010110,20.34334867049069,9.765625e-05
00001000001010000000,26.006269669725654,9.765625e-05
10111101101001010100,18.62779752796041,9.765625e-05
11001100001101100101,13.759377404991243,9.765625e-05
00000111010000111111,25.04449148179701,9.765625e-05
10101001010001010001,42.53332402938031,9.765625e-05
01111001001001011000,19.64786285986409,9.765625e-05
11101101001000000000,25.992551240783698,9.765625e-05
10000110101001001010,24.670683420335347,9.765625e-05
11011101010001010000,16.49639872129793,9.765625e-05
01111011110000100010,20.489210959516726,9.765625e-05
11101110111100000000,28.95927531563938,9.765625e-05
01110100000010000000,18.517058808175946,9.765625e-05
10110110011011001000,21.448900732011197,9.765625e-05
00000111101110010101,23.896422704748222,9.765625e-05
01101011001111000111,24.839236867700944,9.765625e-05
10111100011100000000,16.323643738481834,9.765625e-05
01000101111010100010,45.79302809633933,9.765625e-05
11101100111101010000,15.263429017990763,9.765625e-05
11001010000000000110,31.135846543925158,9.765625e-05
00100100111011000000,27.142825596770102,9.765625e-05
11110001111110101101,16.603421267002492,9.765625e-05
00010111100101110111,21.302158018469576,9.765625e-05
00010101101101111111,42.145097139949286,9.765625e-05
01111100111000000000,8.741649079057545,9.765625e-05
11100000101011100000,22.42451216253063,9.765625e-05
00110010001101100000,24.42417122183692,9.765625e-05
01111111001000011000,35.487441283076606,9.765625e-05
01101100110101000111,17.77257653289369,9.765625e-05
01011001001011110011,24.59509273056447,9.765625e-05
00010110011100000000,13.211038736947257,9.765625e-05
00100001011111010000,33.30778277165441,9.765625e-05
11000101000010000001,20.87493216866893,9.765625e-05
11110100110110100010,11.162939016671768,9.765625e-05
11001100100100010010,10.61453709445221,9.765625e-05
11101001000111110110,23.75914678862259,9.765625e-05
11101110110101100100,34.69650434467001,9.765625e-05
11000000011111110000,35.00785372637813,9.765625e-05
11100010011011011101,38.62258443448093,9.765625e-05
01111100111110000000,7.226985921102633,9.765625e-05
00111000000000010000,20.741649079057545,9.765625e-05
11100010010100010101,43.96967729228223,9.765625e-05
00101110000111100010,27.91122368336188,9.765625e-05
01110001111000000000,13.312938825520018,9.765625e-05
11110010000000001001,23.056191420431148,9.765625e-05
10011010101011100001,27.52787836012253,9.765625e-05
11001111011010001000,18.80437844228315,9.765625e-05
01110001010000100000,13.645056011727707,9.765625e-05
10101101101101000001,16.942588683201706,9.765625e-05
11101011010100011000,43.796947286679334,9.765625e-05
01111010011111010010,22.499703719098683,9.765625e-05
01110000010000100010,11.692663121987115,9.765625e-05
11010011111111100100,15.298008444774656,9.765625e-05
10111111110101010000,31.4168006374178,9.765625e-05
10100001101111010101,34.44504555729948,9.765625e-05
11111011010001000010,38.9338726632015,9.765625e-05
11010100111111000000,17.06862342900738,0.0001953125
00111111110101010100,19.79551346298311,9.765625e-05
11100010011110001000,29.02688103215163,9.765625e-05
11101100011000111010,14.265255526904719,9.765625e-05
10000100111011110101,41.92940464518946,9.765625e-05
00011110100010000000,15.711838772652243,9.765625e-05
10001100100101000010,19.17090183154656,9.765625e-05
00100001010010001000,24.351677217768525,9.765625e-05
10111111100001000000,37.41029110544035,9.765625e-05
00011101111010000000,21.575455982208762,9.765625e-05
11011001011100100000,11.268968718331017,9.765625e-05
01101100000111100000,15.586709635715417,9.765625e-05
01101111101101010000,17.744782719558557,9.765625e-05
00010001111010101001,44.57998441878729,9.765625e-05
10010011001110010000,19.99778653596284,9.765625e-05
01010011111101101000,22.896709402977788,9.765625e-05
01011110110001000001,14.16301000831448,9.765625e-05
10001101111001000010,15.720269650392211,9.765625e-05
01010010101010101001,29.903326254990496,9.765625e-05
00001110111111000000,25.157379649990343,9.765625e-05
00111110101101111111,21.89262612561972,9.765625e-05
01111110110110001010,14.804136936525154,9.765625e-05
11011111011100000000,26.078156228492958,9.765625e-05
00010100010000000011,17.62492592977467,9.765625e-05
01011000010011101001,20.192344366755066,9.765625e-05
10001100001101110110,25.348994880157747,9.765625e-05
11110111001110010101,25.03011157222987,9.765625e-05
01111111000000001001,41.74151236881613,9.765625e-05
10010010000100101011,24.48724152575623,9.765625e-05
10011010010101001101,44.5509918604167,9.765625e-05
01000011011110100000,20.625873385048163,9.765625e-05
01011011011101100000,14.87537432359958,9.765625e-05
00000000110101000000,47.936611866171766,9.765625e-05
11000111011111100010,18.825917066360432,9.765625e-05
11110000000010011000,14.990219431526901,9.765625e-05
11111110101000000010,31.29203190037579,9.765625e-05
10011000110110010000,25.453426546104033,9.765625e-05
00000001111111101000,55.08580123509501,9.765625e-05
00011011010000000000,16.45123598571159,9.765625e-05
01000101101010011111,45.697878016404026,9.765625e-05
01000101010100111100,22.393542138708586,9.765625e-05
01011010111100001000,16.833164060178895,9.765625e-05
10000010100001011010,37.758485944451465,9.765625e-05
01101010010101011000,45.96967729228223,9.765625e-05
10110101000010010010,24.696089702311042,9.765625e-05
11110110010100010010,19.679240353730428,9.765625e-05
11001111111101000000,16.745072127810666,9.765625e-05
10111100101000000001,14.248075941515857,9.765625e-05
11011000011010000000,10.547822811448082,9.765625e-05
00000110001010110001,26.484443640075554,9.765625e-05
01110111110110100010,22.857455289928424,9.765625e-05
10110000001001110001,25.165749309251755,9.765625e-05
11100001100101000000,12.958899711695508,9.765625e-05
11001110100000110100,18.23200177098406,9.765625e-05
10000001101101010000,28.508913083536026,9.765625e-05
00111011111000000000,17.81936568797833,0.0001953125
00111010100010100011,24.192382768716094,9.765625e-05
10110010010100011000,34.08503481236184,9.765625e-05
00110101111111011100,22.88180119145608,9.765625e-05
10000011111010001101,28.00418749588482,9.765625e-05
11110110111011011000,13.699731902094634,9.765625e-05
10110011011101110101,30.77424866246273,9.765625e-05
00110011000000111000,20.905317857974648,9.765625e-05
11111010010010001000,32.44284768879734,9.765625e-05
01110010011110101111,22.26274995538928,9.765625e-05
00111000110001100011,23.058366178148507,9.765625e-05
11110000001101100000,14.075210928641965,9.765625e-05
11000100010100100000,10.724952466315653,9.765625e-05
00000110011110111000,32.830292472832966,9.765625e-05
01011100101111111011,26.066435796617363,9.765625e-05
01011011101111100010,21.915560258559395,9.765625e-05
00010011011111100101,24.028729008344172,9.765625e-05
11000000000101001101,27.0431781086166,9.765625e-05
00111000111111000000,23.158772780925478,9.765625e-05
10011011010101000010,28.833362173993073,9.765625e-05
11010101011101000001,14.393455306562778,9.765625e-05
10010001111010000000,22.226025982642444,9.765625e-05
11001010111010011001,27.959847166969,9.765625e-05
01110111111100000100,15.638127571399416,9.765625e-05
00011111101010010101,19.511132152712484,9.765625e-05
11110000011011000000,13.337265354973765,9.765625e-05
10110100101000000000,12.363774402289181,9.765625e-05
00111100101110010100,13.229796213682624,9.765625e-05
01001111111011011010,15.450801149730458,9.765625e-05
10001110101000110100,27.18904833141002,9.765625e-05
01111010100101011010,26.2210022260253,9.765625e-05
00010011101100000001,19.0504050067799,9.765625e-05
10010011100010100001,18.2210022260253,9.765625e-05
00001111011100100000,15.9912042600731,9.765625e-05
11011110111100110001,12.168375761345313,9.765625e-05
11101000111101101000,28.65754652875996,9.765625e-05
01001001110010101010,25.48757622485659,9.765625e-05
11011001111011110100,14.15040937409723,9.765625e-05
00001011101110001000,22.670683420335344,9.765625e-05
10101010010001101000,62.42650376551479,9.765625e-05
01110101011110110000,22.361216465987507,9.765625e-05
01001111011111011010,12.40976832149787,9.765625e-05
10100100011011010001,29.61893246153318,9.765625e-05
01111011000110110100,24.28791375262749,9.765625e-05
10110011110100010111,25.91264690109621,9.765625e-05
11110110111001010101,14.887028444104462,9.765625e-05
00110011000011001100,16.69270458658764,9.765625e-05
01100001011011010100,18.06725779980413,9.765625e-05
10011101001111010000,14.614306478083556,9.765625e-05
01011100000011000000,15.333068173051991,9.765625e-05
10111100100000000000,18.27225942116783,9.765625e-05
10001010111100000000,45.209493729549685,9.765625e-05
01010010001011110000,23.596063078642864,9.765625e-05
11010101011010101000,32.483941001087416,9.765625e-05
00010111010011000000,12.822108520486417,9.765625e-05
10011100000000000001,14.380993113220324,9.765625e-05
10010101000000000001,18.930763178365435,9.765625e-05
00001000110100110111,56.964900286804095,9.765625e-05
11111001001101010101,21.9998705978683,9.765625e-05
00010001111111101001,46.575078734758705,9.765625e-05
01101011110101010010,27.48632967529403,9.765625e-05
01110101011100010001,13.17341927143083,9.765625e-05
10000100011010100001,28.390407774626325,9.765625e-05
11001101011010101111,17.111332751177564,9.765625e-05
11001100100100110010,9.913994556132328,9.765625e-05
11100011011000000000,20.909436005722952,9.765625e-05
01011111101111000100,20.083729754343274,9.765625e-05
11011001111011100000,14.639929113939978,9.765625e-05
00010001001101000101,23.313904096488436,9.765625e-05
01100010111111000101,37.2301487284779,9.765625e-05
11001001100101000000,15.268388111685748,9.765625e-05
10001111110101000100,23.783288421869923,9.765625e-05
10010011111111100000,20.20642871360394,9.765625e-05
00101100110100110101,30.90375683581958,9.765625e-05
11110100011111100000,11.885181534428266,9.765625e-05
00001101110001100011,19.169571807154597,9.765625e-05
01100101100011111000,27.257957724225903,9.765625e-05
11101111000111001000,35.59433951459925,9.765625e-05
01110110011000001100,15.46848478344193,9.765625e-05
00110110000101000010,15.48723881573369,9.765625e-05
10011101011010010101,17.299444331199552,9.765625e-05
10101110100000010111,44.075323766689316,9.765625e-05
01000111101010111010,36.19987234564873,9.765625e-05
11111010110101111001,35.03975089183862,9.765625e-05
01011100000000001001,17.596799082481553,9.765625e-05
11101000010011011000,33.887443820884485,9.765625e-05
10111110011010010001,32.665782187802506,9.765625e-05
01000100011010000000,23.185593416556472,9.765625e-05
01110011111101000000,10.959380992168443,9.765625e-05
01111101000101101010,24.35284065225995,9.765625e-05
10100100010010000110,28.048802225347387,9.765625e-05
11001001100100000011,19.586709635715415,9.765625e-05
10000101011000010011,23.34807333281877,9.765625e-05
00101101011101000000,13.471294341600855,9.765625e-05
01111101100100010000,21.06090118916927,9.765625e-05
10001100111011100000,22.150824016456188,9.765625e-05
11110100111101100000,7.581978731793984,9.765625e-05
01111100010101101000,12.737530931309246,9.765625e-05
10011100100101010010,13.899651171257977,9.765625e-05
00001100111010000010,25.396308082001454,9.765625e-05
00010101110000000001,22.465975658719497,9.765625e-05
00100011110010001010,22.596646296933997,9.765625e-05
01101110010001010001,29.66111250235963,9.765625e-05
01001111111100001000,16.928514022389784,9.765625e-05
01101110000101000010,27.09539534018634,9.765625e-05
01101110101010101000,20.362703699350135,9.765625e-05
01111110001000010000,24.078156228492958,9.765625e-05
01111111010110001000,26.3957885846617,9.765625e-05
10111000111000111101,29.71925120347601,9.765625e-05
00001001100010101001,30.423616239698735,9.765625e-05
00111010101101110011,33.11775889545281,9.765625e-05
10010100011111001001,20.274519329696794,9.765625e-05
01011101010101000000,13.158654708336918,9.765625e-05
01010111010111111000,17.51483836812437,9.765625e-05
00011101011010100010,21.019805286869513,9.765625e-05
00101011011010100001,29.514838368124373,9.765625e-05
10000111010110001100,17.33863098417702,9.765625e-05
11000111011010010000,15.241114617238637,9.765625e-05
10010001010110110000,20.315742142085593,9.765625e-05
11100001001101110101,21.276491473479833,9.765625e-05
00011001101011111000,31.624903760551017,9.765625e-05
00111101111100010100,11.02759684236814,9.765625e-05
10111110101111100000,23.025383378330982,9.765625e-05
01010110110010100000,20.33299718140928,9.765625e-05
00101001101000001000,20.409531892849856,9.765625e-05
01111100001110011010,12.201806174597934,9.765625e-05
11000011101110110100,19.184986178395437,9.765625e-05
10000001100110111000,31.637474955262935,9.765625e-05
11100010001110010111,37.26609470438999,9.765625e-05
01001111110100010000,13.98839396749311,9.765625e-05
11011100010111011000,8.916906210581661,9.765625e-05
01011101110101010000,13.540293374552107,9.765625e-05
11001101100101001000,13.534682475429086,9.765625e-05
01110100000011001000,20.851581330641622,9.765625e-05
10011110110110111001,16.447156152797128,9.765625e-05
11010100011110101010,22.467510892952912,9.765625e-05
01111010111110000100,17.032196270589374,9.765625e-05
00000010101111111010,59.397759928532665,9.765625e-05
01001000001111101110,34.981755876978056,9.765625e-05
10101101001111101000,18.844154947789026,9.765625e-05
00011001000111001010,20.1139662772091,9.765625e-05
11000001111111010000,25.513268383513587,9.765625e-05
11011111011001001000,25.492381651991536,9.765625e-05
11110101011110000000,19.507377849302614,9.765625e-05
00000000011011000000,45.81207403976567,9.765625e-05
00100000101111001101,54.857910564499825,9.765625e-05
11001100111111100000,14.1078768184755,9.765625e-05
11000010000000110100,20.41361371220561,9.765625e-05
11011001011100001000,13.51174283531713,9.765625e-05
11100001011010001010,18.367961898174002,9.765625e-05
00001010000100010101,48.34183999148566,9.765625e-05
01000111110011000000,15.08834782021735,9.765625e-05
00001111111011101001,19.088318674979284,9.765625e-05
01000000110101010011,44.88454307746068,0.0001953125
01100001111001010100,16.338566234127658,9.765625e-05
10111010000110001100,45.09066517068598,9.765625e-05
01101111001100000000,26.078156228492958,9.765625e-05
00111111111001000000,16.9977838259403,9.765625e-05
11011101110101011000,12.449674316262652,9.765625e-05
11101011100011001100,28.53210111788354,9.765625e-05
11010111011110010000,17.740058057230474,9.765625e-05
01010100110100000010,20.65473623617997,9.765625e-05
00101011000000010101,39.94550629581695,9.765625e-05
10011000011111101000,27.23816931738764,9.765625e-05
01000010110010111101,35.40252621928551,9.765625e-05
00101100100101010000,20.28349434989444,9.765625e-05
11101101111011001100,14.729642552520767,9.765625e-05
10101011010100000000,54.593735710042004,9.765625e-05
11100111000001100101,26.062774741201054,9.765625e-05
11010000110011100111,25.322675914922108,9.765625e-05
10000111011011011101,21.022438078479986,9.765625e-05
10010010110101011000,29.467453118917966,9.765625e-05
00010001010000111111,33.38430779705803,9.765625e-05
10011101001111000000,14.630607820540405,9.765625e-05
00000111110011110111,28.554811121015995,9.765625e-05
11011011101110010000,20.956759949323597,9.765625e-05
01100111110100010010,14.87537432359958,9.765625e-05
10001010101110000100,41.42207747389451,9.765625e-05
01111111000100011100,31.993249147768424,9.765625e-05
00001110111101010101,36.55626087234252,9.765625e-05
01101010010010110101,38.04956685798295,9.765625e-05
01011101010111000100,12.517049122138992,9.765625e-05
10000101111010001010,32.20589590068941,9.765625e-05
01110011000010000100,17.77544959992157,9.765625e-05
00001100110110000000,22.20757311820824,9.765625e-05
11001010111100101010,27.83036273005461,9.765625e-05
00000010101010111011,53.15818241195588,9.765625e-05
10000000110011000011,47.5986930731036,9.765625e-05
00111101001110000000,14.172508144549884,9.765625e-05
11000011100101000000,13.757596263212921,9.765625e-05
00010101001111000111,28.966219068780113,9.765625e-05
11001111010111110010,16.287578242818682,9.765625e-05
01111001111111000100,11.342818480061839,9.765625e-05
01110011011010110010,17.74490806242879,9.765625e-05
10010101001111010010,23.64654178708802,9.765625e-05
10011101111110110000,15.551291151049455,9.765625e-05
01110011110000111111,17.537588758501183,9.765625e-05
00000001100111010100,38.51602714365198,9.765625e-05
11111001000011010001,27.030385052851678,9.765625e-05
00010001100101110100,30.4906368872736,9.765625e-05
11011010010110011000,20.733818474304012,9.765625e-05
00001011111010100000,22.25272337060788,9.765625e-05
11010011010100000010,14.905317857974651,9.765625e-05
10110100000011011101,20.896362220690737,9.765625e-05
11101101010110010000,21.554120902830554,9.765625e-05
10111010111100110111,45.03003704901636,9.765625e-05
00001001011110001100,30.322619049972282,9.765625e-05
01110100111000000000,12.409531892849856,9.765625e-05
11001001101011010000,16.428347143620165,9.765625e-05
00000010010110001000,37.313185663786236,9.765625e-05
11001110000010010100,21.163395298295306,9.765625e-05
00010110110101110110,28.217221487399897,9.765625e-05
00100000010010000011,37.678989063968466,9.765625e-05
01110100101000000000,18.36377440228918,9.765625e-05
11000100010101000101,15.196867470825362,9.765625e-05
00110111101101011010,15.635749013292063,9.765625e-05
10011011101100101001,20.906171210820652,9.765625e-05
00101100101010101011,23.60758397117797,9.765625e-05
01011000010101100110,18.58435118410304,9.765625e-05
10111000000010001101,31.466223231406786,9.765625e-05
10100111010011001010,24.374530760155736,9.765625e-05
00000110111101001000,31.121309359896344,9.765625e-05
00110111110100001110,15.096718213899832,9.765625e-05
00101110100000000001,27.892180966399263,9.765625e-05
11100110010101010010,27.87586443073318,9.765625e-05
10111011010000000010,41.128662313714756,9.765625e-05
00110000011110000000,20.27549593020835,9.765625e-05
00110000001111000000,22.00418749588482,9.765625e-05
00110010001010000001,18.959380992168445,9.765625e-05
01111110100101100110,21.268738101962356,9.765625e-05
01010111011011010100,17.531139710581215,9.765625e-05
10011100010111001010,15.640873113930049,9.765625e-05
00111010010101110100,47.69136150841215,9.765625e-05
10110011011101000000,22.91362350160777,9.765625e-05
10110101110101010000,9.163957463587968,9.765625e-05
01010111100011010001,24.530197773319827,9.765625e-05
11011001000100100000,16.34930030316736,9.765625e-05
01111111010000000010,33.56679700182245,9.765625e-05
01000111111100010101,17.39102053079946,9.765625e-05
10011100011101000110,17.907076819689504,9.765625e-05
11111010011000100000,30.262204637651863,9.765625e-05
00111111110100010000,20.177232806877967,0.0001953125
11011101001010101010,34.56959752123828,9.765625e-05
10110110010000000001,24.921670732873096,9.765625e-05
01110100100110000000,15.838385930610222,9.765625e-05
10001011100010010101,31.395726544634876,9.765625e-05
00011001110100100000,16.91997031744228,9.765625e-05
11011010011111110010,23.946952945634976,9.765625e-05
01011011010101001000,16.1849319359313,9.765625e-05
01000010110111110001,41.58849618134698,9.765625e-05
11001001111010100000,14.283494349894436,9.765625e-05
10011101101101011101,15.372423060184499,9.765625e-05
10110001000000001110,18.2658742142121,9.765625e-05
00110000001111010000,26.198961218767774,9.765625e-05
11110010010000000000,20.729152320431943,9.765625e-05
00110100100011000110,21.05645878441483,9.765625e-05
01001101111011001010,25.17051654156573,9.765625e-05
11011110110001000000,19.537188155707916,9.765625e-05
11101111110110101010,24.62583090218947,9.765625e-05
00111000001011000100,21.69974158813159,9.765625e-05
01100001110010111000,26.258240890884665,9.765625e-05
01010011111111011100,21.630009348491384,9.765625e-05
11110000101000000000,8.963017859443806,9.765625e-05
11000010100010000001,19.516098135294687,9.765625e-05
11101100111101011010,15.677316210818177,9.765625e-05
01011111011111100100,13.25333341675848,9.765625e-05
10111101100010000001,23.749826964065143,9.765625e-05
01000010010101101010,33.80238683929899,9.765625e-05
11011110110110111000,10.327060545641602,9.765625e-05
01101101111010000000,15.783288421869923,9.765625e-05
10011100000101110000,12.35677050802607,9.765625e-05
00110111010000010000,17.57421911868316,9.765625e-05
11000111000011011101,12.182785931966041,9.765625e-05
01010011011010000010,19.040653790684928,9.765625e-05
00011111101010101010,27.768905922293104,9.765625e-05
01001100101001010000,14.063339322248996,9.765625e-05
00100100101000000001,19.438034344086844,9.765625e-05
10001100001101111000,20.917178673354957,9.765625e-05
10011001101101110001,20.700318957473307,9.765625e-05
10011100011110001000,13.211038736947257,9.765625e-05
01011001100001010100,18.002148811954815,9.765625e-05
01110000110010000000,11.503452210229193,9.765625e-05
00100110101000001001,21.59131874997361,9.765625e-05
00100010111011001111,52.19349870195475,9.765625e-05
11000010011110001010,27.024959686389117,9.765625e-05
00000111011011100000,19.596063078642864,9.765625e-05
00001101010110001000,17.39227685352617,9.765625e-05
10011111010011111111,19.73142054412274,9.765625e-05
10001101101011010000,15.455953672025261,9.765625e-05
00101001110110000000,24.959795634527403,9.765625e-05
01001000011111110001,37.493235859271465,9.765625e-05
11110100011010000000,13.046708477404977,9.765625e-05
11111110111101000000,24.17250814454988,9.765625e-05
01000110110100001000,16.39348436467364,9.765625e-05
01000000110111000110,45.36323370427511,9.765625e-05
00000000111101111010,75.72658627610849,9.765625e-05
01010100011011000001,22.494102506012617,9.765625e-05
01100110110100000000,15.095587848861216,9.765625e-05
00101100110001010100,27.029794378774994,9.765625e-05
10100110111100010000,30.452488787707317,0.0001953125
00001010111101100000,47.400701489672784,9.765625e-05
10011100101111011100,20.358689340066277,9.765625e-05
11000010011101000100,31.480981542067532,9.765625e-05
00000000000101010001,45.39162871052162,9.765625e-05
11000001010000110111,18.45403306068382,9.765625e-05
01110001111110100010,24.593108092754914,9.765625e-05
00001100101100001101,28.49482873668715,9.765625e-05
00010001100101001010,30.367961898174002,9.765625e-05
01010101011011000000,31.267171648922393,9.765625e-05
01010101111001010100,28.352474734353027,9.765625e-05
10010001001011010010,27.198055609898923,9.765625e-05
00000001011011000000,31.495008114881465,9.765625e-05
10010111001010000000,25.21174288552534,9.765625e-05
10011101001010000000,22.800665985277917,9.765625e-05
11111100101110000000,13.293833432076532,9.765625e-05
10011111111110000100,18.241141259594222,9.765625e-05
01010010001011000000,18.798275667565107,9.765625e-05
10101111001111000001,33.711529992326234,9.765625e-05
01011111001000101010,35.88632250542878,9.765625e-05
11110000001111111000,20.374636524221657,9.765625e-05
11111010101111000001,30.002376278147125,9.765625e-05
01000111011100000000,14.928514022389784,9.765625e-05
11000101000101010001,10.750085474809612,9.765625e-05
01010100111100000000,22.048320944874447,9.765625e-05
10011111100011000101,21.54553917731648,9.765625e-05
01010011001000000001,20.37977665045696,9.765625e-05
00000001111110100000,46.91251000576059,9.765625e-05
11011001010100011101,15.067964658404751,9.765625e-05
00110000101010000001,22.00418749588482,9.765625e-05
00000100010001110000,28.54249435540257,9.765625e-05
01100010110100010101,33.356827237180845,9.765625e-05
01110010101100010001,15.64559777625813,9.765625e-05
10001100010111110111,34.73343237361474,9.765625e-05
01101000110011011100,31.91960095509176,9.765625e-05
01111100111010000010,10.137246858014768,9.765625e-05
00011011110001010100,21.347896566270325,9.765625e-05
11010011101000100000,21.49052225912865,9.765625e-05
11000001100011010000,16.69547965616045,9.765625e-05
01011001100000100110,23.338734783481282,9.765625e-05
01001100010101010111,17.872985856533024,9.765625e-05
11111001001010001001,25.593321067683043,9.765625e-05
01101111111111100000,16.202844287855303,9.765625e-05
01000101000000000010,26.323643738481834,9.765625e-05
01011010011110101000,14.962663701142338,9.765625e-05
01110011010101010110,14.447930373092982,9.765625e-05
11011000001111001101,20.791594065503038,9.765625e-05
11100100110110000011,16.330635285353292,9.765625e-05
11111111111100100010,27.54257366220712,9.765625e-05
00010110111110101010,31.379563675528836,9.765625e-05
01010010010100111011,22.329826488934472,9.765625e-05
01000111000100100010,22.216376155448476,9.765625e-05
01001010111110001000,26.55372311882321,9.765625e-05
11101010111101001000,42.22046317151741,9.765625e-05
00010000011101010010,38.932169646921196,9.765625e-05
00110011000111010111,21.902971274731108,9.765625e-05
01111111110101000010,20.931951317439,0.0001953125
10010111100111101101,14.947120651351042,9.765625e-05
00000000110000010000,40.95423626784598,9.765625e-05
00001001110000000010,22.23391436143092,9.765625e-05
00101000100100010110,39.529945329914305,9.765625e-05
00110110100010010100,18.439476297441036,9.765625e-05
01110001010110100010,17.820180933130562,9.765625e-05
00100011000101011001,31.665634697344803,9.765625e-05
10001100101111100000,20.107876818475503,9.765625e-05
11100100100111010000,12.890776211653726,9.765625e-05
11001001110101100010,16.52925367536274,9.765625e-05
01010000110000010011,23.802386839298993,9.765625e-05
10000111111110101000,21.361499632646265,9.765625e-05
00101100010010111010,25.077356209025975,9.765625e-05
01100101010001110000,14.055203370773233,9.765625e-05
11110101100001011001,19.2938362400661,9.765625e-05
11010001100111010010,22.689431211033757,9.765625e-05
10001111111000000000,21.484816523157072,9.765625e-05
00111001111000000100,12.433916930759613,9.765625e-05
01000100111010000000,30.629290915789184,9.765625e-05
11111101111001101000,18.938889443804243,9.765625e-05
00010011100011011101,23.583188131006075,9.765625e-05
10010011000000000100,17.668892309092627,9.765625e-05
01110010101101000101,19.096653463850473,9.765625e-05
11011100101111011000,13.498900870005947,9.765625e-05
11010110111110100000,15.18217588581545,9.765625e-05
00110001111110001000,22.724415299872387,9.765625e-05
00000000101101110000,57.0207472241309,9.765625e-05
10000101100010101100,25.62904407752297,9.765625e-05
00110010110100000100,23.411937229107842,9.765625e-05
10110011111000000000,16.552175401403098,9.765625e-05
00010101011000010000,23.023241542390576,9.765625e-05
11000111100100000000,15.663244347155995,9.765625e-05
11101011001110101000,30.363481549593466,9.765625e-05
10111101100001010001,20.041083724220144,9.765625e-05
10010000100110001100,26.709833744920267,9.765625e-05
10000110100010000000,18.60325781643848,9.765625e-05
00011001001000101001,21.92092130428658,9.765625e-05
10111011010000111101,42.6437447121158,9.765625e-05
01101110111001000000,19.69177344074857,0.0001953125
11110101011110101010,24.597916229912407,9.765625e-05
11101110011001110001,34.9040926669273,9.765625e-05
10111011101100010000,33.018876556376064,9.765625e-05
11110011101111100000,18.97949441207011,9.765625e-05
01010011000101010100,13.18307534021815,9.765625e-05
10000111001010100100,20.871148720020987,9.765625e-05
01001011111000000000,15.346519362965495,9.765625e-05
10101000010011011101,63.0111941110103,9.765625e-05
01100000010001000010,21.183980949087,9.765625e-05
11011000000100111000,13.731228377634656,9.765625e-05
11100001111101101010,20.26203152268708,9.765625e-05
10101100010010001001,31.045806312979735,9.765625e-05
00111011100001100000,23.073004440619215,9.765625e-05
10001000011111110101,60.34044866148794,9.765625e-05
11110101101111001010,26.254110347076875,9.765625e-05
10101000011000101000,37.322994653916155,9.765625e-05
01101101111101010100,9.340538377910702,9.765625e-05
10110010110001000100,31.459204133094612,9.765625e-05
10101001111000000001,27.22698592110263,9.765625e-05
01110101001010001100,35.77264825895747,9.765625e-05
10101001010110001000,35.08875351096042,9.765625e-05
11110101111111100000,17.662843129544864,0.0001953125
00011110010111101010,15.84593086582251,9.765625e-05
01011000010001010000,13.757843101479137,9.765625e-05
11011011000101001000,26.001901973688604,9.765625e-05
10100101001100100001,18.614316164120513,9.765625e-05
01100000101011110110,36.82326117476155,9.765625e-05
00000100111010000000,37.02723092446122,9.765625e-05
11111100010111010000,15.462567814015433,9.765625e-05
10110000110010000010,18.217082828545223,9.765625e-05
00010010010110011100,29.919600955091756,9.765625e-05
01011011110100110110,16.917512725161444,9.765625e-05
01011001000100000010,17.892180966399266,9.765625e-05
11001000000000111101,22.572865885539407,9.765625e-05
11010001111010111001,27.824356854913802,9.765625e-05
11100000011111100111,39.15593334310742,9.765625e-05
10011010111001010000,34.877613695571256,9.765625e-05
11110101111000001011,21.93285692630785,9.765625e-05
11100000101111000000,24.051310615648752,9.765625e-05
01110100101011000100,22.13314537231784,9.765625e-05
10011010011010110101,35.213147688938726,9.765625e-05
01110011000000000010,21.257491424470125,9.765625e-05
10111000110001010010,29.64087311393005,9.765625e-05
01000110000000100100,17.164632161820904,9.765625e-05
00100110011111110000,32.80708933240342,9.765625e-05
10110011100101101111,21.8265331686005,9.765625e-05
10010001010111111011,30.232371449238027,9.765625e-05
10101100111010000000,21.666328120357786,9.765625e-05
11011010010110110111,25.14264205055093,9.765625e-05
00100100001010000000,19.69477279755983,9.765625e-05
10110001010000000011,15.867866011047093,9.765625e-05
10000001010101100000,24.91709527481293,9.765625e-05
01001000100000110100,22.10001060891068,9.765625e-05
00000000011111000000,52.42952623311082,9.765625e-05
01110111101010000000,32.730593539365074,9.765625e-05
01001001011000000100,11.745666882785004,9.765625e-05
00111011100000010000,25.813802876853302,9.765625e-05
01011101111110000000,23.444706260111957,0.0001953125
11111101101111101101,18.610459100934523,9.765625e-05
11100001010100011000,17.660415329795963,9.765625e-05
01001110001101000101,18.63246712627609,9.765625e-05
10111110011010000000,32.11265037951003,9.765625e-05
01110010101101110110,24.177023363520647,9.765625e-05
11101111011010010000,31.596168733535748,9.765625e-05
10011110111100100010,18.735345801801707,9.765625e-05
00101100100000001010,18.60325781643848,9.765625e-05
11101001010110010000,26.872109392902246,9.765625e-05
10110101101001010101,14.53048093997858,9.765625e-05
11111011111000101010,22.489210959516726,9.765625e-05
10101000000001010110,50.08971344942061,9.765625e-05
00110011001000110000,19.50833154616945,9.765625e-05
01001101010111101010,18.442431490469048,9.765625e-05
01001101111100100000,18.95641965592376,9.765625e-05
01010000001010100101,31.35682723718085,9.765625e-05
10000010001011010000,38.42361623969873,9.765625e-05
00010111101010000100,27.90058071245987,9.765625e-05
00001011011011010001,28.86502928325158,9.765625e-05
10111100000100000000,21.252194089264158,9.765625e-05
11000000011101010101,36.681643089138916,9.765625e-05
01101100110110001000,16.78916282131053,9.765625e-05
11101001101001000000,16.980885654940625,9.765625e-05
11011010100000110100,21.847292756314896,9.765625e-05
01011000011101010100,18.917095274812933,9.765625e-05
11000011101010100000,18.15648372715845,9.765625e-05
10111001101000000001,19.073351622906273,9.765625e-05
01111100011000001000,12.318016911728506,9.765625e-05
00100101010100001000,17.930364376509583,9.765625e-05
10011101111110000110,17.839417802274244,9.765625e-05
00011110100010111000,18.63246712627609,9.765625e-05
00011000000011001100,26.351677217768525,9.765625e-05
10101100010010001000,29.130155701543536,9.765625e-05
01111100010100000010,8.248075941515857,9.765625e-05
00101111111101010010,20.159890848281265,9.765625e-05
00001100010000000010,17.25525122011036,9.765625e-05
00000111000101100000,13.586709635715417,9.765625e-05
10110011100111100000,19.049990364420943,9.765625e-05
10000111110111111110,24.021471164005384,9.765625e-05
00111101110010000010,15.263949424005983,9.765625e-05
11111100101000100000,15.995355291770334,9.765625e-05
01101110010110100000,23.56413591351037,9.765625e-05
01010101110110001000,35.923442177774646,9.765625e-05
11001001111010100100,13.484797798377024,9.765625e-05
11011101000111011110,18.77736874242088,9.765625e-05
01110101100110000001,26.388768751928467,9.765625e-05
11111111000101010100,43.74617852268821,9.765625e-05
10101010111010110011,53.08681551398636,9.765625e-05
00101111100010010000,21.576935308835665,9.765625e-05
00110010111001011101,34.03351216828845,9.765625e-05
00010011100100000011,19.066352190935277,9.765625e-05
01010011101010100010,35.20786627601103,9.765625e-05
11100011011111100100,24.13690591732106,9.765625e-05
00000101000101000000,14.422077473894513,9.765625e-05
10111100111110111001,14.334551151262554,9.765625e-05
10111001010010000000,23.46066042028175,9.765625e-05
01001101010100001101,15.422077473894515,9.765625e-05
01111100001011100100,15.774555652691156,9.765625e-05
00111101010000001000,19.4629219723169,9.765625e-05
11111010000000100011,38.606553106566096,9.765625e-05
00001001111001100110,31.156033403700818,9.765625e-05
01010110100000000010,24.155536271884955,9.765625e-05
01100000111000100010,25.305689023711995,9.765625e-05
10100011110011100000,27.00328188701597,9.765625e-05
11100001101101001001,19.098972789920566,9.765625e-05
10110101000100101000,18.778686283626143,9.765625e-05
00100010110000000001,36.22602598264244,9.765625e-05
00010100100111101101,37.47301248559939,9.765625e-05
01011010011110001101,17.57780281001074,9.765625e-05
01000011001011010000,16.48724152575623,9.765625e-05
00110100000111010010,14.921093706466483,9.765625e-05
01111000101010010001,14.48724152575623,9.765625e-05
11001111111110000000,16.74507212781067,9.765625e-05
01110001001111110100,21.198055609898923,9.765625e-05
01110001010111001000,16.172834751410644,9.765625e-05
01100100111010000000,18.786287778681178,9.765625e-05
01001001100001100110,18.834718764453235,9.765625e-05
00001100100001000100,20.31826374999472,9.765625e-05
11000100000110110100,14.821841194330766,9.765625e-05
10101110110011000010,38.350203496280926,9.765625e-05
11101110100000000001,35.95902847737317,9.765625e-05
11011011101001110110,22.041356186993433,9.765625e-05
01110101001010111111,37.20277682778341,9.765625e-05
01010000011010101000,31.072735335162335,9.765625e-05
11110001111010010110,13.890676885481394,9.765625e-05
01100001110101100010,22.26203152268708,9.765625e-05
00111011111100000000,17.996832839096,9.765625e-05
11100011101101100000,19.99778653596284,9.765625e-05
10110111110101010000,16.82030345721487,9.765625e-05
10100111100110111101,23.3906058884405,9.765625e-05
00111000011101101010,25.828627738500835,9.765625e-05
11011101110000101010,23.780594411780896,9.765625e-05
11111011111011011001,24.193275981525453,9.765625e-05
11101001101010100110,15.139212760204458,9.765625e-05
11011111011110000010,24.046473398744205,9.765625e-05
00100000010100010000,39.78022225228062,9.765625e-05
11011111110100111001,17.26876923364172,9.765625e-05
11100111101000100001,25.06936495085818,9.765625e-05
10001010101100110000,42.02978367488953,9.765625e-05
10001001111011000001,28.07788276950734,9.765625e-05
01110111101101010101,14.81553278045729,9.765625e-05
01111001111111100000,14.069156241921917,9.765625e-05
01010110010101001010,14.486287828889388,9.765625e-05
01110001010001000011,12.552893834105298,9.765625e-05
01011110111001110111,17.279006116214365,9.765625e-05
11000001000101111100,16.400091530649394,9.765625e-05
00100111101111000001,15.966841510990202,9.765625e-05
01010111010000101110,27.655434143164705,9.765625e-05
11010101101101010010,25.96648899619492,9.765625e-05
01011110011110000000,9.583899343135428,9.765625e-05
11110001001011110000,19.775448131079436,9.765625e-05
01000101110100000000,21.322994653916155,9.765625e-05
10000000110100110010,46.78116970755411,9.765625e-05
00000010010001101100,43.932162463766716,9.765625e-05
01100001000010010100,15.588508457393619,9.765625e-05
10110000100111010000,24.623554058978065,9.765625e-05
11011000111100000010,12.372205280029148,9.765625e-05
11100000110000010011,21.29471687172173,9.765625e-05
00001011110000010011,30.442431490469048,9.765625e-05
10010100011100000000,12.696138426763087,9.765625e-05
11100100111010011010,17.138918693316544,9.765625e-05
11011011010100001000,21.909436005722952,9.765625e-05
11011100110101000000,7.2683881116857485,9.765625e-05
00001100001111000100,22.055486537431996,9.765625e-05
00111110111011000000,15.911766905894622,9.765625e-05
01001001011010111000,21.548770266721576,9.765625e-05
00100001000111111000,34.02244776451694,9.765625e-05
11011111011000101000,27.301439378627315,9.765625e-05
00100000010101011010,51.28997972620695,9.765625e-05
00100011110110001000,24.736961615338114,9.765625e-05
11001011000111000110,24.11223844717361,9.765625e-05
11110100001011101010,22.728665952009216,9.765625e-05
11100111011000100010,25.167798686270856,9.765625e-05
01100000101000010110,22.645238099944564,9.765625e-05
01111001001111100010,16.31536934613128,9.765625e-05
00001111101101000101,16.232596820225655,9.765625e-05
11111010011010000001,30.8413419451865,9.765625e-05
01000000111010000000,34.936611866171766,9.765625e-05
00011111011000100001,16.292547756971693,9.765625e-05
10101101111011100101,19.27141962886469,9.765625e-05
01010100110001110010,27.04579309537197,9.765625e-05
01011100011010010111,12.442431490469048,9.765625e-05
01100101010100000010,15.233573420737216,9.765625e-05
11111001110100101000,14.980885654940625,9.765625e-05
10001101101111110000,15.443410811842966,9.765625e-05
10000100000110100010,24.38283024973236,9.765625e-05
10011101101010100000,23.737640972206854,9.765625e-05
11101110110101000001,37.65638784003154,9.765625e-05
00000110111101000000,28.897124045336746,9.765625e-05
10001101011000010001,17.90839987890687,9.765625e-05
00111100111110111000,16.341428059149244,9.765625e-05
01111101100101111100,19.80717904882618,9.765625e-05
10111011010111101100,35.94775006957555,9.765625e-05
11100010010100100101,40.08971344942061,9.765625e-05
10111011100101101000,30.64560130782894,9.765625e-05
10011110010100000100,28.502071562480758,9.765625e-05
10011000101110001010,24.424512162530625,9.765625e-05
00000111111011110001,27.709528616177913,9.765625e-05
01010111110101100010,23.486329675294034,9.765625e-05
11101001100010100100,17.15745064163305,9.765625e-05
00101100000111011111,30.757155920059503,9.765625e-05
11111011111100100000,23.983412780861855,9.765625e-05
11111001010100000010,20.415862868181264,0.0001953125
11110010010101101010,23.468069406661908,9.765625e-05
00110000111001000001,22.596749350977376,9.765625e-05
11101110110101010000,35.73764097220686,9.765625e-05
10010000111101000000,27.582167796025253,9.765625e-05
01101100001000100000,13.199722112692477,9.765625e-05
00100001000011000000,19.337265354973763,9.765625e-05
10101000011011001101,54.00418749588482,9.765625e-05
10101010110011000000,56.09341695480995,9.765625e-05
01100110010110100010,20.644222461017918,9.765625e-05
11111011101111110000,25.5844864856413,9.765625e-05
10001100111001010100,27.210383410788232,9.765625e-05
01111001111001000110,9.655824765653758,9.765625e-05
11001001101001010000,14.78455370705234,9.765625e-05
00111101110100000000,11.26814127341953,9.765625e-05
00100101110110001110,27.361838722693726,9.765625e-05
11011110111101000000,15.898703715984482,9.765625e-05
11110011111111100100,14.34561908660487,9.765625e-05
00011000000101010011,27.60758397117797,9.765625e-05
00000011001010000101,22.975742818682775,9.765625e-05
00001111000100110100,17.5703886269174,9.765625e-05
00011011001110000000,14.241141259594222,9.765625e-05
10010000101101111110,43.17833466313256,9.765625e-05
01001101111100000000,16.481350904418058,9.765625e-05
01110111000010011001,28.133841614160204,9.765625e-05
10110100010010000000,14.914998816847984,9.765625e-05
11110011010101001100,18.51478206293156,9.765625e-05
01111001111001100110,11.371430972196437,9.765625e-05
01100100111111000000,21.099878398789414,9.765625e-05
10110101100100101010,18.66196313434327,9.765625e-05
11011101101110001010,30.304211563513526,9.765625e-05
11010011100001000001,16.641172306186128,9.765625e-05
00101101010101010101,22.26900180942001,9.765625e-05
01100100010100011110,18.436078138773926,9.765625e-05
00110111000000010000,21.686824120217736,9.765625e-05
01101100000101011000,17.19946279123956,9.765625e-05
10000101000101001101,15.556523725366246,9.765625e-05
11111111111111101010,20.74777966061454,9.765625e-05
11001110110111000000,19.092523742000594,9.765625e-05
01110101001111000101,20.303080376517,9.765625e-05
11101111101001001100,27.455097609156716,9.765625e-05
11011000010110001000,12.409531892849856,9.765625e-05
00011001000111110100,20.680961207751505,9.765625e-05
11110001110100001000,8.584796000388389,9.765625e-05
00010001010000011101,24.62701967771708,9.765625e-05
10010111100001100100,18.963621664001053,9.765625e-05
10011110001011001101,23.13505629762233,9.765625e-05
11000101010000100000,14.080600603166033,9.765625e-05
11010110110000010010,13.898703715984485,9.765625e-05
11110100111100001000,7.1928300007567305,9.765625e-05
00100101110010100010,26.096091505697867,9.765625e-05
01111010111011000000,17.427874727226264,9.765625e-05
00100011010001000110,26.031791314267373,9.765625e-05
10111100010110000100,22.955193496283627,9.765625e-05
01010010001011010010,23.57682620949918,9.765625e-05
11001010101000110100,24.91719115654165,9.765625e-05
10100010100000000100,37.13015570154353,9.765625e-05
00110100101101001010,18.66931779113209,9.765625e-05
01100100101101100000,20.01253933945131,9.765625e-05
00111000011011110011,27.338109228922875,9.765625e-05
10100001100100111110,28.071433721587372,9.765625e-05
11110101110101000000,10.849166308346678,9.765625e-05
11101111010000000010,42.113675068019575,9.765625e-05
01010100110100100010,25.785537490718372,9.765625e-05
01000110010000001011,18.075210928641965,9.765625e-05
01011111110100000010,21.018876556376064,9.765625e-05
11111111101010001001,38.30708045167674,9.765625e-05
01010000010100111100,24.537775934667835,9.765625e-05
11111111111110000000,28.062774741201054,0.0001953125
10001100010110011100,29.385098777781923,9.765625e-05
10100110011101000000,35.575455982208766,9.765625e-05
01101100011011110001,14.760097688339691,9.765625e-05
10110011101100010101,22.88702844410446,9.765625e-05
00101100000110011000,22.77477658302285,9.765625e-05
10001100011110000000,21.322988412322808,9.765625e-05
11000110100011000010,17.698222488668538,9.765625e-05
00110110001001010000,16.241141259594222,9.765625e-05
10001001011110100010,26.260258325515956,9.765625e-05
00111100101010100110,16.868245266574636,9.765625e-05
10000011111101110000,33.45024961203588,9.765625e-05
11010000000011001000,16.764119747219205,9.765625e-05
00010000101111011111,60.467798657698836,9.765625e-05
01100011100111000010,18.40105409159527,9.765625e-05
00111001011011101110,18.799604059290704,9.765625e-05
10111100101001011000,16.6039646750391,9.765625e-05
10000101000001110001,15.03728331925357,9.765625e-05
11010010101111010101,24.06628119929257,9.765625e-05
00010101001010110100,37.22051470395901,9.765625e-05
10001111111000100010,21.29164830256899,9.765625e-05
00001001000101000010,21.229796213682622,9.765625e-05
10111010011001011001,50.570303459913966,9.765625e-05
00110000111111000100,32.90744526211509,9.765625e-05
00101110010011011000,34.18312760708082,9.765625e-05
00110001111000110010,22.881398085780326,9.765625e-05
11110111011101010101,18.0093528064734,9.765625e-05
11010101101101110001,22.891521472215384,9.765625e-05
00001001011101100000,26.59628400897456,9.765625e-05
10111001111110010000,19.885181534428266,9.765625e-05
01011011101110000100,17.349009115614017,9.765625e-05
01001100010101001111,20.80238683929899,9.765625e-05
00100011100010000000,17.45954162934471,9.765625e-05
11111101110010010110,19.597987221555115,9.765625e-05
11010100011101000000,9.666328120357786,9.765625e-05
11000000011111000011,38.28112994011615,9.765625e-05
01010110010110000111,14.112109681495955,9.765625e-05
01011001011101000100,11.640130661357947,9.765625e-05
00011001111001110010,25.57217246252642,9.765625e-05
10111011000101010110,46.931951317438994,9.765625e-05
11101000011010010101,31.934161249905344,9.765625e-05
10111100000101010101,26.202231531682173,9.765625e-05
00101110111111000100,32.49410250601262,9.765625e-05
00001100011011001011,28.393734941650727,9.765625e-05
11111101101000100001,28.30053376975846,9.765625e-05
11110100001000000001,14.778686283626143,9.765625e-05
00011000101001000100,26.282388776565163,9.765625e-05
01011101000000000000,30.23719789195308,9.765625e-05
01000101101111010100,30.386295868471375,9.765625e-05
01010101100101000100,26.77425728198334,9.765625e-05
00111011000000111000,29.683053154756493,9.765625e-05
01010111010010000000,22.546612590278073,9.765625e-05
00010111000101101001,14.908355616746947,9.765625e-05
10111110110101000000,33.701197875318734,9.765625e-05
11100100111101000101,16.424512162530625,9.765625e-05
10111111010100000000,41.6307729146106,9.765625e-05
01000011110000001000,14.212895332660406,9.765625e-05
10100001100011000000,19.337265354973763,9.765625e-05
01011000100101100010,21.012185915570907,9.765625e-05
01110100111110100000,19.246084338531702,9.765625e-05
10100110101101010000,27.920670934449557,9.765625e-05
00100111000101010110,18.64654876310243,9.765625e-05
11001001010010011001,18.91690621058166,9.765625e-05
00011010101011000100,26.433504998423196,9.765625e-05
11111011111101010001,29.255453072635405,9.765625e-05
00001101011111010000,16.031348348628274,9.765625e-05
10000110101100101000,22.368745902883482,9.765625e-05
00010110000110001010,17.34789656627033,9.765625e-05
10001100001001011001,21.717757728520038,9.765625e-05
11100001000000010010,16.142058439615866,9.765625e-05
11111001011111000000,17.135056297622324,9.765625e-05
11001111010001000101,23.275615009849048,9.765625e-05
10111011000011110101,41.73143376173051,9.765625e-05
00111110110101100000,20.5998465272908,9.765625e-05
11111111010001010011,40.30050471164759,9.765625e-05
00001110100101100111,29.538671133918477,9.765625e-05
01010000111010111000,41.13670156191354,9.765625e-05
00100110011000000111,29.0504050067799,9.765625e-05
01010001110111001000,29.375445320640473,9.765625e-05
00110111011000000010,17.728736943651917,9.765625e-05
11111010010100000000,40.77216353404093,9.765625e-05
10000100011110100000,28.54249435540257,9.765625e-05
11010101110111000000,17.73937784098544,9.765625e-05
11110101110001000000,15.157447931610513,9.765625e-05
01011101001011101001,32.10415476256052,9.765625e-05
01000000011010100001,36.6729324891838,9.765625e-05
11011101010100011000,16.164348995162143,9.765625e-05
00011111100011010001,15.480663075704555,9.765625e-05
10101011001010100011,37.264018957646385,9.765625e-05
10111111010101101000,33.108532231761735,9.765625e-05
11110011000001011000,24.703103293450937,9.765625e-05
01001100111000001010,20.54058622724782,9.765625e-05
11011111000100010010,33.52630146498835,9.765625e-05
00010111010010001000,17.15423539273106,9.765625e-05
10000100001101110000,24.11099869937107,9.765625e-05
01011010111011010100,20.311566220302346,9.765625e-05
10111110111101100000,26.22951304702386,9.765625e-05
10001110100100100000,24.02788178832813,9.765625e-05
11000000111101101110,40.94287529430407,9.765625e-05
11001010011110100001,31.506435824914025,9.765625e-05
01001111111110100010,18.327025158810194,9.765625e-05
00000101010101000010,20.358689340066277,9.765625e-05
00111010011011110000,32.00429335791776,9.765625e-05
11111101011100010000,19.88247336517035,9.765625e-05
01100100010001011100,16.772001884414333,9.765625e-05
11011100111110001000,11.211038736947256,9.765625e-05
10000111010000000001,18.558207184478427,9.765625e-05
10000010011111100010,51.34045145863769,9.765625e-05
01000110110100100000,18.368745902883482,9.765625e-05
11101110000100010011,41.360407473268445,9.765625e-05
01100111000110100000,22.482545285084967,9.765625e-05
01000111010111100110,17.687568373727256,9.765625e-05
11101111100011000101,31.24023294070284,9.765625e-05
01100111011010100000,20.786089028412956,9.765625e-05
11011000111110011100,18.09843373541268,9.765625e-05
01111001001010100010,19.749801263270687,9.765625e-05
10111001000000011000,29.173809758124847,9.765625e-05
10101000010110011010,52.308561356318805,9.765625e-05
11011011010000001000,23.129908863277322,9.765625e-05
00110101000101001000,14.231707873408176,9.765625e-05
11001101111101101010,14.52368462264436,9.765625e-05
11101010001101001000,45.685250691163354,9.765625e-05
10100100011011110100,33.15737964999035,9.765625e-05
00111001101010010100,17.884227837561426,9.765625e-05
00001000111000000001,37.65127061744096,9.765625e-05
01100011001000000001,18.90531785797465,9.765625e-05
11011010110011010010,22.199976221240366,9.765625e-05
11101000100111010000,30.20320189060038,9.765625e-05
01011000111001010001,20.159473397932754,9.765625e-05
10010001000011011000,21.032196270589374,9.765625e-05
01100100010000000010,12.603257816438479,9.765625e-05
11110111100000100010,36.67933101171431,9.765625e-05
11011100001011100000,15.191638428079383,9.765625e-05
10111101011111010101,17.74490806242879,9.765625e-05
10001110111111101000,27.58292618706748,9.765625e-05
11010101100010000000,34.8179210246016,9.765625e-05
11000100110111010000,16.375009331015786,9.765625e-05
11011101011100100010,17.56165585773863,9.765625e-05
11111001001010100110,19.91193472082718,9.765625e-05
00011100000111001011,15.133128710266472,9.765625e-05
10110111110101011100,16.60072725691346,9.765625e-05
00111001100000000100,15.714649799653301,9.765625e-05
01000010110001011100,29.52392249845487,9.765625e-05
10000100110010010010,28.564010592276325,9.765625e-05
11111101011101000000,19.184100028727705,9.765625e-05
10000000000111001001,42.1152706008066,9.765625e-05
01011010101111100011,24.54043112432166,9.765625e-05
00011011111110010000,18.618944944719875,9.765625e-05
11111011011001001000,32.17435578864715,9.765625e-05
01110101111000000000,23.909436005722952,9.765625e-05
01101011111100101000,23.02759684236814,9.765625e-05
11101100111100000100,15.252440927530373,9.765625e-05
11001011000001000101,28.32322909612288,9.765625e-05
00111100100000000001,11.268141273419534,9.765625e-05
11001111011110001010,18.45780682329481,9.765625e-05
10100111101011100100,20.88702844410446,9.765625e-05
01000110010100101010,20.671948705517764,9.765625e-05
00000010001000010000,30.76387561897553,9.765625e-05
11000101011001101000,17.244610322776843,9.765625e-05
11000100011100100010,18.464083381907674,9.765625e-05
00101111000001011101,29.126728484765557,9.765625e-05
11100000111110100000,24.685426537786856,9.765625e-05
11010110011011100010,20.22290337816563,0.0001953125
00010000001010100001,33.53429438829852,0.0001953125
00001110110100000000,23.320178119742817,9.765625e-05
00111110101000000000,19.222383782858856,9.765625e-05
00001100011001000000,18.411693100864166,9.765625e-05
00100001011111111101,49.32866334871031,9.765625e-05
01000101101110101100,46.249306563448116,9.765625e-05
01110100010000000000,9.519320360211093,9.765625e-05
01110010111110100000,16.228761839136112,9.765625e-05
10100010001010010010,41.040312849991224,9.765625e-05
01001111110100000000,15.484816523157072,9.765625e-05
00001101101110011000,24.31948646519125,9.765625e-05
11100010110010100010,24.28174622786009,9.765625e-05
11011111101000010100,30.430338746604328,9.765625e-05
11110000010101101000,14.183980949087001,9.765625e-05
11101001111100001101,22.247051253006305,9.765625e-05
11010001101000000110,24.08503481236184,9.765625e-05
11100011010101010000,29.3663156873793,9.765625e-05
11001001111010001000,16.231104068850932,9.765625e-05
01111001111101010101,12.866175575920497,9.765625e-05
00001000111001000000,38.47751592332852,9.765625e-05
01011100011000000000,10.498605943741744,9.765625e-05
10101110011110000100,46.41932224532693,9.765625e-05
11011001111000010101,13.363664372231385,9.765625e-05
00101110010100000010,34.089119428867335,9.765625e-05
10110111001111111101,20.282992140968602,9.765625e-05
11100100110100000100,11.473809707916635,9.765625e-05
00000011001101100101,30.216173688105567,9.765625e-05
01110101011010100000,29.832901294282372,0.0001953125
00010100011101100000,23.26837562849905,9.765625e-05
11101001100101000100,21.046708477404977,9.765625e-05
00001000111000101011,47.23203904093773,9.765625e-05
11000111010101101000,11.583899343135428,9.765625e-05
01110010010100100000,15.313898763980205,9.765625e-05
00011100101010001010,26.220392179874704,9.765625e-05
10110010000010011100,32.232604530661135,9.765625e-05
01111001010000001000,17.774909810992618,9.765625e-05
00111101011100001000,13.268141273419534,9.765625e-05
00010010011000001000,20.25865282322108,9.765625e-05
11011001111111001111,19.022212500352303,9.765625e-05
10010100010100110000,12.507036821481709,9.765625e-05
11000000000100011111,28.611782796605933,9.765625e-05
01110010011110100000,15.295609350110016,9.765625e-05
11010001000000100100,15.599603867889265,9.765625e-05
00000000011111100011,67.36328617827783,9.765625e-05
11010110101110000000,17.783288421869923,9.765625e-05
11000001101111000110,26.99484123611185,9.765625e-05
11101001111100001000,18.78740656961822,9.765625e-05
01000011111110000000,21.160138410128734,0.0001953125
10010000001010100000,23.767328754527846,9.765625e-05
11011011110000010001,21.852936539386853,9.765625e-05
01100100111111100101,30.281129940116152,9.765625e-05
01000111000000101010,26.58389934313543,9.765625e-05
00100100111111011000,37.552961207050004,9.765625e-05
01101100100000000100,14.18188720114459,9.765625e-05
11011110100111000000,18.17250814454988,9.765625e-05
10011010100001110001,33.666522702601156,9.765625e-05
01010001011101000110,22.125561605830526,9.765625e-05
11010110101110110000,17.68575957174484,9.765625e-05
00010101001111000000,24.958890025658555,9.765625e-05
00111110110100010011,19.491054337622117,9.765625e-05
01100011010100010011,23.93660843256798,9.765625e-05
00000100000111011000,30.780432762154298,9.765625e-05
01010001000101001101,21.7329341255737,9.765625e-05
00100101010100100010,19.47410463418084,9.765625e-05
11101001110000111111,20.73154994625445,9.765625e-05
10111010010100000000,50.8179210246016,0.0001953125
11110111111101000100,15.730593539365074,9.765625e-05
01101011000101111100,30.90627155484149,9.765625e-05
01001100100011101110,25.48757622485659,9.765625e-05
00000011110100100000,26.055486537431996,9.765625e-05
10000010111010101000,37.19686747082536,9.765625e-05
01011011111110100000,15.844142464602328,0.0001953125
01011111110010000010,24.70399848186176,9.765625e-05
10100110001000000000,28.42022785419578,9.765625e-05
00000101111101101111,46.86441028548509,9.765625e-05
01011001111111101011,30.85455528092568,9.765625e-05
01001101111110000010,21.628683677628153,9.765625e-05
11010001101000000100,19.72568670169293,9.765625e-05
00110010010101000010,27.00513848272912,9.765625e-05
01001001000010100000,16.280690298907796,9.765625e-05
01011110010100001010,14.248075941515857,9.765625e-05
11101101010111001101,22.107501301658832,9.765625e-05
01111001100000000010,18.921670732873096,9.765625e-05
11010001010000101000,13.130155701543533,9.765625e-05
01010001110000000000,20.039536643254078,0.0001953125
00100011111100000000,22.9597956345274,9.765625e-05
00001011111100000000,25.213849029527246,9.765625e-05
00000100010100111010,37.48133217963801,9.765625e-05
01110111110010001001,22.618507925997207,9.765625e-05
10101100001111111010,25.882373962710638,9.765625e-05
00010011110000111101,24.585617487133963,9.765625e-05
10110010010100100000,30.870201264747493,9.765625e-05
00110101101111000000,18.55958438778326,9.765625e-05
11111110110010000000,27.910386992567254,9.765625e-05
10111011010110001001,37.596057658597786,9.765625e-05
00011100100110111000,20.7528902493775,9.765625e-05
11110001110100001010,10.245750373852413,9.765625e-05
01111010011101100001,26.23596209494383,9.765625e-05
10010111101001010000,19.80717904882618,9.765625e-05
11010101010100000010,19.202318450955183,9.765625e-05
11011011000001010011,30.950123725236985,9.765625e-05
10110011010001001000,22.51478206293156,9.765625e-05
00110100110000000000,10.212895332660406,9.765625e-05
00011100010100000010,9.770151530294534,9.765625e-05
11001111010110001000,19.050543458494516,0.0001953125
11010000101011100101,27.90137004967758,9.765625e-05
10101100011010001100,29.81906378569971,9.765625e-05
10100101011010111011,27.34292081052397,9.765625e-05
11111101011110100000,20.04648308478116,9.765625e-05
11001100110110000100,12.696138426763085,9.765625e-05
00101010100000100000,36.53468247542908,9.765625e-05
00110100101111000000,16.66931779113209,9.765625e-05
11000010001011010000,23.581978731793985,9.765625e-05
11110100010100001000,8.677676610712993,9.765625e-05
00100011000010001001,22.92206135536215,9.765625e-05
01011001100010001000,27.619363853070706,9.765625e-05
11001111010001010000,21.724110873075098,9.765625e-05
11000101000100010001,13.04861140884654,9.765625e-05
01101110010000101001,27.761431244302454,9.765625e-05
11000001100000000000,12.136129710583916,9.765625e-05
00110101001111000100,15.913623501607772,9.765625e-05
01000111111100001000,20.596396836182095,9.765625e-05
01101110110100000010,21.82845189187732,9.765625e-05
00011010111110100000,24.298480861168557,9.765625e-05
10100001100101010001,27.51606274846327,9.765625e-05
01011101001101010000,17.481058051722343,9.765625e-05
01011010011100000010,15.677328694004874,9.765625e-05
10011011111110010001,24.533936785553443,9.765625e-05
10110000001101100010,22.73711275737948,9.765625e-05
11001111001111111111,15.349614172191494,9.765625e-05
01011110101101001000,17.69177344074857,9.765625e-05
11001101011011000000,12.250886234095844,9.765625e-05
00101000011011000000,35.89486873489495,9.765625e-05
11011100110000000001,8.778933121892365,9.765625e-05
01101100011101000010,12.428347143620169,9.765625e-05
10101001101000000100,22.54501251886809,9.765625e-05
01110101101011010001,27.621712754441177,9.765625e-05
11010000101100000001,16.064268129029823,9.765625e-05
01101000110111101000,33.55807841880077,9.765625e-05
11010001010101101001,13.553545628693517,9.765625e-05
00001010001110101010,34.892398659427414,9.765625e-05
01010000010000111101,24.553723118823214,9.765625e-05
10011000111110000100,26.685095283130106,9.765625e-05
01010110000010010010,20.01775776543903,9.765625e-05
01010111000111000100,18.6848360488044,9.765625e-05
11101000000111000000,32.776765672284704,9.765625e-05
00100100011110010000,26.635518749950016,9.765625e-05
10011011010000101010,22.897460610865533,9.765625e-05
10010011010110011111,24.049919372778234,9.765625e-05
00010010011111001001,31.60891932807816,9.765625e-05
00100110001011101100,28.76404531113289,9.765625e-05
11010000001100010001,14.825638067726528,9.765625e-05
10100111001101010110,26.200994668156568,9.765625e-05
11111000100001100110,17.278081564585595,9.765625e-05
10011011101010011100,23.39477284776804,9.765625e-05
10111001011001000010,19.81233690362921,9.765625e-05
11010000110101100110,20.50439966550269,9.765625e-05
00011000001101000000,20.364569981100235,9.765625e-05
01010101011110110000,32.7880646166396,9.765625e-05
00001000110100010011,49.38291186897315,9.765625e-05
01011100110001000010,13.825333455425364,9.765625e-05
01000001110111000010,33.10923808331021,9.765625e-05
10101000101010010001,37.959847166969,9.765625e-05
11100101010001000110,13.638127571399416,9.765625e-05
01000000111010100001,44.91251000576059,9.765625e-05
10010010010101010001,34.91017401763912,9.765625e-05
10100101010101000001,18.84723247939747,9.765625e-05
01000011010100101010,20.914991840833565,9.765625e-05
00010100001010100100,33.359088789215996,9.765625e-05
00000011011110100001,32.2172214873999,9.765625e-05
10000010101101000000,38.098433735412684,9.765625e-05
00110010111010010101,28.740693738684513,9.765625e-05
00000001110001000100,29.120261560602017,9.765625e-05
01100111011101000010,15.423265612968073,9.765625e-05
11111000111001010001,17.162939016671768,9.765625e-05
11110100011100100000,8.32645403106182,9.765625e-05
10110100001111100010,17.68756837372726,9.765625e-05
00100101110001010000,14.766027140952884,9.765625e-05
10001011011101010000,40.7870461697234,9.765625e-05
11100101101100110101,14.664798317009271,9.765625e-05
10110000110001101100,24.6473121815458,9.765625e-05
11111010011111101010,27.90704776157864,9.765625e-05
11011110111000010000,16.64598930783231,9.765625e-05
01011100011101000001,7.4304408915625775,9.765625e-05
00101011110001110010,33.64654178708801,9.765625e-05
11110110010000010001,20.795645673104374,9.765625e-05
11101100101110100000,13.30161522525082,9.765625e-05
00000011001100010000,22.75007995679751,9.765625e-05
01101000100111110101,35.615161496071934,9.765625e-05
10001000010110111010,45.13205061209052,9.765625e-05
10010111010011000010,18.912717892738918,9.765625e-05
11011110111100101000,13.066804940988007,9.765625e-05
01110111001000000000,32.363582628035374,9.765625e-05
00011110111101010000,17.18498617839544,9.765625e-05
10101011010011011000,49.25652450999552,9.765625e-05
10011010110000010101,38.27274341166331,9.765625e-05
00111001011101110000,17.906100219177944,9.765625e-05
00101001001111000000,21.64087311393005,9.765625e-05
11010100011111000000,13.624925929774669,9.765625e-05
11011100100100000100,11.828808760201333,9.765625e-05
00010001011011000100,26.180659114570826,9.765625e-05
01011110110001111000,15.586709635715415,9.765625e-05
00001000100101000010,37.49918403666471,9.765625e-05
10001000000101010000,41.91845466242284,9.765625e-05
11110101011111010101,12.1923827687161,9.765625e-05
01011101010101001000,16.4659756587195,9.765625e-05
10101000110001100000,40.64215432674277,9.765625e-05
10000101111000000000,19.65038093620241,9.765625e-05
01110111011001100100,20.22106697607466,9.765625e-05
01110010010001010110,19.91362350160777,9.765625e-05
11001111011100010100,19.386340217758494,9.765625e-05
00110111011100101011,17.2027768277834,9.765625e-05
11000010001111010101,34.881398085780326,9.765625e-05
11100010000111000000,33.84820636988648,9.765625e-05
00010100000110000110,24.7365062427997,9.765625e-05
11011010011000100000,18.572245222630546,9.765625e-05
01111000101000100100,13.660415329795962,9.765625e-05
10010101010111111000,17.82998368166713,9.765625e-05
10010001011010011101,26.809802801693564,9.765625e-05
11111111010101101000,35.57331975140767,9.765625e-05
11000000110101000010,27.542131234645396,9.765625e-05
00000001101010000001,38.512320928240094,9.765625e-05
00111000100011101000,24.49185064001442,9.765625e-05
11010110100101010000,11.6315712034442,9.765625e-05
11111111101111101110,25.05606128387838,9.765625e-05
11101101010001010101,21.87113903398403,9.765625e-05
10001000001000000001,30.61581308352009,9.765625e-05
11001111011110111100,13.354667074046699,9.765625e-05
01001111110110110110,14.30882266421301,9.765625e-05
11011111111000100100,24.17253376905696,9.765625e-05
01010101001001100010,43.37610948429999,9.765625e-05
11001010000110001000,26.818167862867814,9.765625e-05
11000111011110011010,17.362972717679817,9.765625e-05
11001011101100000001,24.745072127810666,9.765625e-05
00101101001111100101,15.802983667841824,9.765625e-05
11001111101000101000,22.179409942522582,9.765625e-05
11110110101100111000,15.241114617238637,9.765625e-05
10011101101101010001,12.825576125666727,9.765625e-05
01011101100110010000,24.928230855731023,9.765625e-05
00100111010110000010,18.80694722910514,9.765625e-05
00001111000100110001,17.795231988498383,9.765625e-05
00110101111000000000,17.0009509868443,9.765625e-05
00110110111111110100,24.19798461825621,9.765625e-05
00100111001101011111,20.452641817813305,9.765625e-05
00110111011011000001,12.930758824836705,9.765625e-05
01110000011001000000,10.654331279857969,9.765625e-05
00010111010001000000,12.09341695480995,9.765625e-05
00101111010111010010,24.3260653074772,9.765625e-05
10010001001101010101,22.351275265736327,9.765625e-05
01110001111100000000,12.09246596796565,9.765625e-05
11111100011110100101,11.02539306436794,9.765625e-05
11011101010101000110,14.234524407581517,9.765625e-05
10001100001011111011,24.050157357805237,9.765625e-05
10011001010101000111,22.331369645685797,9.765625e-05
10000001111100011101,40.305689023712,9.765625e-05
00101100110010010100,25.068935017322964,9.765625e-05
11101100000010001001,23.362531297170236,9.765625e-05
00111001010000010101,20.67253033001154,9.765625e-05
11101111011110100010,28.011304549494206,9.765625e-05
01111001011100100000,11.724046857446805,9.765625e-05
11001000100000011100,19.090619058289455,9.765625e-05
00101111011100011101,28.75262748348098,9.765625e-05
00001011001010010100,21.02759684236814,9.765625e-05
00101111001100000010,21.524654334268703,9.765625e-05
11111010001011100000,31.851693434267908,9.765625e-05
10100010111101010001,59.89396751203083,9.765625e-05
10111010000000010011,50.705023170371305,9.765625e-05
11011101011110100000,17.060888705982574,9.765625e-05
11010111101101000100,20.379776650456968,9.765625e-05
01100111110001000100,12.552175401403098,9.765625e-05
00011010110110100111,31.497448321529678,9.765625e-05
10111101010010001010,24.639078558243718,9.765625e-05
01100100011111010001,20.294350230233565,9.765625e-05
00111011000010001000,24.83852614543423,9.765625e-05
01101111010100110000,25.473859575215855,9.765625e-05
10111110111101111001,26.667554574265182,9.765625e-05
11110000001000100001,12.983695947520614,9.765625e-05
00111010101000000001,23.996832839096,9.765625e-05
10010111001111011101,16.1923827687161,9.765625e-05
01111001010110000000,13.638127571399423,9.765625e-05
11000010111100000000,23.094078435435122,9.765625e-05
01010110111000000001,17.135470939981285,9.765625e-05
01111101011000110000,18.552270548710766,9.765625e-05
00010100011011000000,24.403493133760115,9.765625e-05
00100111011111000100,18.1139662772091,9.765625e-05
01000000011011100101,43.71732435054122,9.765625e-05
00000111111011000010,24.50997869852528,9.765625e-05
01010001111110110110,41.65061278839945,9.765625e-05
11111010010100111100,38.156560960394515,9.765625e-05
01101010110101000000,38.22046317151741,9.765625e-05
01111011100100110101,24.669494644807735,9.765625e-05
11011110110010000001,16.172508144549884,9.765625e-05
10011001101110100001,19.102795287823408,9.765625e-05
01000001010000001001,21.666328120357786,9.765625e-05
10000010010101000010,48.02286593844671,9.765625e-05
00101011001101010101,41.03975089183862,9.765625e-05
01100011110000100010,17.24985185954934,9.765625e-05
11111110110100000000,28.79785569269793,9.765625e-05
00011000000001011011,28.60663651590448,9.765625e-05
11001001101000111010,18.424601802666004,9.765625e-05
01010111000010001000,32.97120543048837,9.765625e-05
10110001101011111100,24.60342126700249,9.765625e-05
01101000101000011101,26.23391436143092,9.765625e-05
00010010010010111101,32.61978309351682,9.765625e-05
10111100011010111111,20.090239286320728,9.765625e-05
01000000111000110101,43.24493878028385,9.765625e-05
11000001011110011101,26.293756198840477,9.765625e-05
11011110111101000100,17.233573420737216,9.765625e-05
01110001001111100000,22.108397224490723,9.765625e-05
11100000000110001000,21.91901662057544,9.765625e-05
00111101000111000000,13.285039444419212,9.765625e-05
00010110111110101000,26.689781837764418,9.765625e-05
01010100001110100000,30.341839991485664,9.765625e-05
11110110011101000000,18.30325786664669,9.765625e-05
01001000011111010001,35.39789838024728,9.765625e-05
10110111110101000000,16.040724782327636,9.765625e-05
11001100110100000011,13.309192750144787,9.765625e-05
11111111011101100100,30.790543741690044,9.765625e-05
01100011000000011000,17.855757252424866,9.765625e-05
11100110111100100110,21.87138587225025,9.765625e-05
00111001001001001001,17.82420226842883,9.765625e-05
01100011011010000000,14.230689426491974,9.765625e-05
11001010001011110100,28.70774551498996,9.765625e-05
11101100111111000001,17.596063078642864,9.765625e-05
00111101010110001000,15.819365687978333,9.765625e-05
00010001011110010101,31.494031514369905,9.765625e-05
11110111010000000010,33.41029110544035,9.765625e-05
01100111001101010000,14.477592432983329,9.765625e-05
10111111000110011000,37.224006034332305,9.765625e-05
00010101110101110110,29.691680279882206,9.765625e-05
01011101011010100000,25.73764097220686,9.765625e-05
11111100101000001000,18.27225942116783,9.765625e-05
10010101111010010001,24.942588683201702,9.765625e-05
11111001000111101000,22.997783825940303,9.765625e-05
00001110110101001101,34.26614967043538,9.765625e-05
10010101111100000000,17.574813139236433,9.765625e-05
01011000010111101010,22.022447764516944,9.765625e-05
00110100111101000000,12.338566234127658,0.0001953125
00111010101111110000,29.977634284786156,9.765625e-05
01100001111000000000,14.45528938341053,9.765625e-05
01011011100111010010,19.2027768277834,9.765625e-05
00101001011000001000,22.409531892849856,9.765625e-05
10010000000001101100,24.214651584352715,9.765625e-05
10000010010101010100,56.66731190402382,9.765625e-05
10100110010001010000,37.73009977570543,9.765625e-05
11011100001111110101,10.244856437461813,9.765625e-05
10111000011100100010,22.931930829549557,9.765625e-05
00101000010100101010,41.30857654952804,9.765625e-05
10100101111111010001,22.006124252836447,9.765625e-05
00001100010010000100,20.60551936847363,9.765625e-05
11110101011110110101,15.75914678862259,9.765625e-05
00000100111101000010,40.53745186316556,9.765625e-05
00011010100000000110,25.18780968858319,9.765625e-05
01100001010000000010,13.092465967965651,9.765625e-05
01111000110110000010,10.76404531113289,9.765625e-05
10110111111100000000,16.90531785797465,9.765625e-05
10110110101101110010,20.515785823397863,9.765625e-05
11111000000011011000,24.615245705322412,9.765625e-05
01101111011110111100,18.039795241125745,9.765625e-05
01011001001110110001,21.5512814650125,9.765625e-05
00011111001100101010,19.93860274557467,9.765625e-05
10011111001101000000,22.947332804730905,9.765625e-05
11001100110111010010,14.411079621109785,9.765625e-05
01101101010000100010,17.167808372307814,9.765625e-05
11000110111010001000,15.69477279755983,9.765625e-05
01011001010111100001,15.607487158727942,9.765625e-05
00001100001011101000,22.989657473374297,9.765625e-05
01111101001010000000,30.120227904403997,9.765625e-05
01110001011011010001,16.2838399758025,9.765625e-05
01000110101100101110,30.998368073329416,9.765625e-05
10111100111101010000,15.18217588581545,9.765625e-05
11101010000101011101,60.95807572206745,9.765625e-05
01110010111000011000,13.032205956626331,9.765625e-05
01010101011111000100,25.404444120604417,9.765625e-05
00110100011111000000,14.067257799804128,9.765625e-05
11110100010000010111,10.241141259594222,9.765625e-05
01011111010101000110,16.44621222909445,9.765625e-05
10101000110100111010,46.81910907654796,9.765625e-05
10100110000101000110,37.82347414968967,9.765625e-05
01111111101000000000,35.6307729146106,9.765625e-05
10001111111100101010,20.50643582491402,9.765625e-05
00001111101001011101,18.386286182434418,9.765625e-05
11100110011001010001,24.75262748348098,9.765625e-05
11100111010100000011,27.223941284282944,9.765625e-05
01011001101001000100,20.163316089457773,9.765625e-05
01011100110100001000,13.161821869240915,9.765625e-05
00110011000101000000,15.088338868601461,9.765625e-05
10000101111010000000,24.65473623617997,9.765625e-05
11001111100111010010,16.793340816662266,9.765625e-05
10100101010111000000,19.04258408806333,9.765625e-05
00010111010101100001,11.446378389680998,9.765625e-05
01100011001111100100,19.97854342522581,9.765625e-05
11110101110110010010,16.350423692191555,9.765625e-05
00111001010100101010,17.332656240715572,9.765625e-05
01111111010001000000,31.41029110544035,9.765625e-05
01011110000100000111,17.620936547704027,9.765625e-05
00111110111100100101,19.514848054161327,9.765625e-05
00101001000111001000,26.798275667565107,9.765625e-05
11111001010101010000,23.15833687842799,9.765625e-05
01110100111010101001,26.130328103723436,9.765625e-05
00101000011100001010,38.462208137701865,9.765625e-05
00011111110011000011,13.949921257894072,9.765625e-05
00101001011110000000,23.624925929774673,9.765625e-05
00111101010000000010,15.813802876853302,9.765625e-05
01011100000000000010,17.255004381844145,9.765625e-05
01101011010100010101,35.65638784003154,9.765625e-05
01111110000100111101,24.04648308478116,9.765625e-05
11110101010000001000,23.151888564929095,9.765625e-05
00011000110000001001,24.00209374794241,9.765625e-05
00111100100111000010,10.112109681495957,9.765625e-05
01101100100111010110,14.680961207751507,9.765625e-05
01010111111001010011,24.101821484461592,9.765625e-05
10010111000101100100,16.234524407581517,9.765625e-05
11010111011011011000,18.11223844717361,9.765625e-05
11101011000101100000,42.33560154056657,9.765625e-05
10000100101001000110,29.07555186933567,9.765625e-05
11011110001100101000,19.383529925178507,9.765625e-05
11110101011101101000,16.07149502719313,9.765625e-05
10011101111000000000,17.090025037736183,9.765625e-05
01010010111101010000,22.246084338531706,9.765625e-05
01001111011000001100,15.297951579824833,9.765625e-05
01111101111001001000,20.001901973688604,0.0001953125
00100100101110000000,23.45608496222159,9.765625e-05
01000100000110001000,23.245421829218202,9.765625e-05
10101101001011101010,18.867020886235736,9.765625e-05
11110001110100010000,7.8052681235216905,9.765625e-05
00110010100011110100,30.538494367370035,9.765625e-05
00101101111111010101,20.198036150697813,9.765625e-05
10011010000000100010,29.358444281101296,9.765625e-05
01110111101100010000,21.789592754845742,9.765625e-05
10100001011000000000,20.409531892849856,9.765625e-05
10100010100101111010,47.624903760551014,9.765625e-05
10110010000101011001,37.680079444088506,9.765625e-05
01010111010111011101,11.708490590047743,9.765625e-05
00010011010001000000,11.45954162934471,9.765625e-05
11001000100101110101,30.121260548317107,9.765625e-05
10000010111100010010,48.706504075013385,9.765625e-05
00000110001001100000,22.75007995679751,9.765625e-05
11111100100001010100,17.22238378285886,9.765625e-05
00000110000000101011,25.47410463418084,9.765625e-05
11100110101101000000,18.983695947520616,9.765625e-05
10111111111101101110,21.498476541610035,9.765625e-05
11111111011110000000,34.52756226084699,9.765625e-05
11001111001111000001,19.984356791691738,9.765625e-05
11101111000100000010,43.87690784402278,9.765625e-05
11111100101011110101,12.869831178815721,9.765625e-05
10110000101101101010,24.198961218767774,9.765625e-05
10000011000101010010,29.106608088849477,9.765625e-05
00100101110010001000,23.581489359081452,9.765625e-05
01001101000111010100,10.055203370773237,9.765625e-05
11001111111011000100,14.241141259594222,9.765625e-05
01010111111111111010,32.22371862331786,9.765625e-05
01110001001011000101,18.800915446029816,9.765625e-05
01100101010110000010,18.509069350945566,9.765625e-05
11010101111111100010,30.85760436924112,9.765625e-05
01011110000011000000,17.813802876853302,9.765625e-05
11011001000011001100,18.18684704010046,9.765625e-05
11100101011111010000,14.25238242991418,9.765625e-05
00110001101001000000,14.811724147456072,9.765625e-05
00101000111101100000,43.08117245449565,9.765625e-05
10110000010000010111,28.373682827354813,9.765625e-05
11101101010000000011,25.131481557910647,9.765625e-05
10111111111100000111,26.20284781942611,9.765625e-05
11001110111011000110,20.008411505666057,9.765625e-05
10010110101010001010,24.207742810365602,9.765625e-05
00000100101101000100,34.93571594333987,9.765625e-05
00001101010001001100,15.91057876682106,9.765625e-05
01010000010101010010,22.246084338531706,9.765625e-05
00111011011110101010,18.1923827687161,9.765625e-05
11110100001111010111,14.317167433388416,9.765625e-05
00100110001000010100,24.181540018857536,9.765625e-05
11101011010100010101,50.5648728589102,9.765625e-05
01110001011000101000,19.08875351096042,9.765625e-05
01010000110101000000,21.00209374794241,9.765625e-05
10010110001001010101,22.229786527645672,9.765625e-05
00000001011100100000,33.25242844434368,9.765625e-05
11101101111000000010,16.140201843902716,9.765625e-05
11000111111101000101,13.67348402687838,9.765625e-05
01000011101110010101,25.289638051092176,9.765625e-05
11001100011000010111,14.049543660070976,9.765625e-05
00101110011011100101,34.00429335791776,9.765625e-05
10100110010001000011,37.9711247528087,9.765625e-05
00010000011011000010,36.2045240298928,9.765625e-05
00111000010111011101,40.600533741186446,9.765625e-05
10110100111110100001,14.506339943185303,9.765625e-05
00000101100101000100,20.57570906206833,9.765625e-05
00111011100000011110,25.730593539365067,9.765625e-05
11110010110110000000,14.765966656895397,9.765625e-05
01001011010101110100,21.86227302599567,9.765625e-05
10000001110010100100,26.87891530914622,9.765625e-05
10111101100100100010,18.046483084781162,9.765625e-05
01111100010101000100,11.046708477404977,9.765625e-05
10101000010100100000,46.367856221644935,9.765625e-05
10100100110100111111,33.80428872586039,9.765625e-05
10111000100101000010,25.088347820217354,9.765625e-05
00100111111100010000,17.37466839032208,9.765625e-05
10111000011010111111,32.3353858556159,9.765625e-05
11011111100101110000,22.783987373734817,9.765625e-05
00001011000111001000,21.884227837561426,9.765625e-05
01110111001001000110,26.060845178243724,9.765625e-05
00110001011111101001,26.598515582973903,9.765625e-05
00110111011100100000,15.508331546169455,0.0001953125
10111111001011000100,35.72975268054559,9.765625e-05
00100111111110011000,20.48107651471113,9.765625e-05
11100001100001101100,12.960756307408657,9.765625e-05
11100111100000000000,25.313963514029567,9.765625e-05
10111010001101000000,46.10943784063058,9.765625e-05
11110010111110000000,14.276446917052649,9.765625e-05
00010011110000000010,16.798275667565107,9.765625e-05
11001001001110010000,17.069615233567998,9.765625e-05
00000001100101010000,31.020354016574533,9.765625e-05
10111100011111100000,15.514848054161327,9.765625e-05
11110011011010010101,18.912717892738918,9.765625e-05
01010101011000110001,30.32179339520185,9.765625e-05
01101001110001010110,15.640873113930047,9.765625e-05
11100100110010100010,15.693796197048272,9.765625e-05
10111000010100011100,39.580470052788954,9.765625e-05
01110101101000000000,32.8179210246016,9.765625e-05
01101010100101011000,37.423674748154745,9.765625e-05
00100101111111000001,23.20546804072269,9.765625e-05
01010010010110011000,14.432956257878358,9.765625e-05
00100010010101010011,57.98643347999648,9.765625e-05
10110111110000000000,21.767085447832436,9.765625e-05
00111110110000000010,19.647862859864087,9.765625e-05
01110111111101010000,12.360253083083713,0.0001953125
11000000111000001001,25.049216867706342,9.765625e-05
00101010111001010001,53.6772781031244,9.765625e-05
01000101010100000000,16.322994653916155,9.765625e-05
10100001001110100110,28.339504003364194,9.765625e-05
11011111011101000000,22.947332804730905,9.765625e-05
01101111110010011000,20.203727520360438,9.765625e-05
10011010110101000010,35.628291204492854,9.765625e-05
01101111010000000010,27.648887548373636,9.765625e-05
11100000011110000000,23.399137833782554,9.765625e-05
10101001110101110001,40.184899259122425,9.765625e-05
01010001110010001000,30.366179738547167,9.765625e-05
11110000111011100000,14.623554058978067,9.765625e-05
01111101101001011011,22.593268077239134,9.765625e-05
00000101000100000000,16.322994653916155,9.765625e-05
00000001110100111000,43.2706371805342,9.765625e-05
11111111010001001010,41.41124209228464,9.765625e-05
01100111110100000000,15.056106269619544,9.765625e-05
01110101010100110010,18.473821467522082,9.765625e-05
00111101110000101000,19.333068173051984,9.765625e-05
11100001011110010000,19.055139355144945,9.765625e-05
01110111001111100100,22.842221940388086,9.765625e-05
01010100100000000110,29.580470052788957,9.765625e-05
01010101110000001000,35.32871287307443,9.765625e-05
01000010000100000010,21.666328120357786,9.765625e-05
01011101110101000010,17.472245328445155,9.765625e-05
00000001000111100000,30.91307122949212,9.765625e-05
11011010000110000000,22.778686283626143,9.765625e-05
01101011111110101000,21.67348402687838,9.765625e-05
00111011000011100100,24.548011973646368,9.765625e-05
11000100001101000000,13.255251220110361,9.765625e-05
00100110000000000011,23.076161915486264,9.765625e-05
11000111110100000000,12.504881855060745,0.0001953125
11111110010001010101,39.61248350074042,9.765625e-05
01110011111100010101,11.97854342522581,9.765625e-05
01010110101000101110,35.3932447095619,9.765625e-05
01011101011110100000,20.6984062312314,9.765625e-05
10011100000011001100,18.914998816847984,9.765625e-05
10001101100011010000,14.055203370773235,9.765625e-05
00101100111111001010,26.919520277412094,9.765625e-05
00001110001001010100,24.32926432364181,9.765625e-05
01100011101100010100,16.075210928641965,9.765625e-05
10011011010101000110,30.664274368173775,9.765625e-05
00011010000011011000,25.884227837561426,9.765625e-05
01100001001110010001,23.343897411035528,9.765625e-05
10000111111011110001,22.42419360904045,9.765625e-05
01111110111111000010,11.857455289928422,9.765625e-05
01000101011100110101,24.545015239730454,9.765625e-05
10110101110000000000,14.110739454205536,9.765625e-05
01000010011000000001,22.654736236179968,9.765625e-05
10000001110011111000,33.689781837764414,9.765625e-05
01100101011011110000,19.64655147312497,9.765625e-05
11010010011100101010,16.962663701142336,9.765625e-05
11111100101010000001,16.17250814454988,9.765625e-05
11001111111100101011,18.79148766539273,9.765625e-05
10111101000111110101,19.816486477324126,9.765625e-05
01000100001011100110,35.573515911666206,9.765625e-05
11000111001100000001,19.326170864403064,9.765625e-05
00101110010111011101,45.190618212701764,9.765625e-05
11000111101000101010,26.29478088735003,9.765625e-05
00111011010000100111,26.39623624676463,9.765625e-05
01000100110100010110,25.502305917560275,9.765625e-05
10000011011111110000,34.040708033149066,9.765625e-05
11011110110001100100,18.398517170873696,9.765625e-05
00101011000100101001,36.90627155484149,9.765625e-05
11111000111101000000,15.163915617183326,9.765625e-05
10000111011101101000,17.47410463418084,9.765625e-05
11111011111110000000,23.285039444419212,9.765625e-05
00010111010001000110,16.114031027258463,9.765625e-05
11000100000001101001,14.51269653218397,9.765625e-05
01101000000100111101,33.54595997414159,9.765625e-05
11010010010110011101,16.929979086528753,9.765625e-05
00101000000101111101,55.75284590009038,9.765625e-05
01110101011110111101,24.004293357917756,9.765625e-05
10110110010010100010,24.484723449417906,9.765625e-05
11000101011110000101,18.471294341600856,9.765625e-05
10101110010000010001,54.64612599108551,9.765625e-05
10100101001011110001,20.984279558455682,9.765625e-05
01101010000001010111,42.1276306491908,9.765625e-05
10111000010110000100,33.40637441798282,9.765625e-05
00011111100111010001,12.03880895457723,9.765625e-05
01001010101100010101,31.548770266721576,9.765625e-05
00110000100001111010,30.619783093516823,9.765625e-05
10110110000101000101,27.882362290232393,9.765625e-05
11011100001011100001,13.930065282220522,9.765625e-05
00011111110011101000,16.221002226025295,9.765625e-05
00000111001111011010,21.413416762874803,9.765625e-05
01001011000001110100,17.241114617238637,9.765625e-05
00011111111001100000,16.37561937716638,9.765625e-05
00011011000010001000,16.858600428953785,9.765625e-05
01001010110110100111,33.89675395940497,9.765625e-05
11000001110110011101,24.69917962997899,9.765625e-05
01111100010001001000,14.554436953438248,9.765625e-05
10001001110100000001,27.88954652044278,0.0001953125
00010001111111111001,50.56668617185257,9.765625e-05
01111110101101010010,15.584496171678257,9.765625e-05
10000100010110100110,32.50891308353603,9.765625e-05
01111111111000101000,28.058111297351523,9.765625e-05
11000011111010000000,14.247051253006308,9.765625e-05
01011001111100111000,23.625289050531848,9.765625e-05
01011101100000000000,32.63513790062512,9.765625e-05
00010001010001001000,19.368273486489578,9.765625e-05
00001000000010001011,34.114380919568056,9.765625e-05
10110000010111011000,31.912660031576774,9.765625e-05
00100001001111100100,30.198961218767774,9.765625e-05
01100010110111010000,31.901370049677578,9.765625e-05
11010111110101011000,10.83286496588983,9.765625e-05
00101101010001000011,16.154218730679695,9.765625e-05
11010011111111101001,17.65979404122942,9.765625e-05
10111100101100010100,16.32645403106182,9.765625e-05
10011100111111010000,16.02662368630019,9.765625e-05
00111001010001001001,19.56071819726548,9.765625e-05
11111011101000101000,29.88064414623385,9.765625e-05
10001011000011010010,31.511132152712484,9.765625e-05
01111010010001001001,29.532036367834177,9.765625e-05
01000111111111100110,27.4376136672746,9.765625e-05
00000010010101000010,44.512320928240094,9.765625e-05
10101101101100111101,20.50643582491402,9.765625e-05
00000101011011000001,26.5608790253438,9.765625e-05
00011001100011000001,19.69153193499058,9.765625e-05
11001000010111011110,35.26525374760349,9.765625e-05
01001100011001011101,18.110973074863992,9.765625e-05
00111110101010010011,15.731430230159702,9.765625e-05
00011000010000100000,16.846579656120923,9.765625e-05
01111000010010101010,14.451155308031929,9.765625e-05
11000010010000000000,18.136129710583916,9.765625e-05
00100101011010100000,23.358689340066277,9.765625e-05
01100100010110100000,18.427640285019542,9.765625e-05
11011011101001101111,22.140625361180522,9.765625e-05
11010001100101000000,13.91152975366536,9.765625e-05
11001100110110000000,10.967995601631454,9.765625e-05
11111110111110110100,18.614306478083556,9.765625e-05
01000101101011101100,45.258730998018265,9.765625e-05
00011111111010111000,20.555036492003616,9.765625e-05
00100100010110100100,30.55372311882321,9.765625e-05
11110011000000000000,28.69192334160953,9.765625e-05
10101000100110000100,40.81906378569971,9.765625e-05
10100111101001000100,19.63812757139942,9.765625e-05
11001111110100100000,17.988400209086464,9.765625e-05
10101101010111000000,25.037021276938297,9.765625e-05
00011100000001010000,12.114756523511932,9.765625e-05
11110110011101101000,16.661963134343274,9.765625e-05
11111100100101001000,15.821627240013484,9.765625e-05
01110100010100000010,8.072400636061975,0.0001953125
01100010101011001100,26.047995022725924,9.765625e-05
00010110101000001101,24.09246596796565,9.765625e-05
11110011101000100000,21.76803914469928,9.765625e-05
00000001001101010101,36.93151087631856,9.765625e-05
11001100011000100000,9.142583982248725,9.765625e-05
00010111011011001000,17.91362350160777,9.765625e-05
10100001101100000001,22.5371171640652,9.765625e-05
01110001010101000110,10.18823319502118,9.765625e-05
11000000001111000000,26.098433735412684,9.765625e-05
01001100010100001000,13.362476233157826,9.765625e-05
11011011010110001000,18.546612590278066,9.765625e-05
11001010000100000010,32.73790653525312,9.765625e-05
11100110100101111000,18.28315340920073,9.765625e-05
01110100110110000010,13.485169037952351,9.765625e-05
11111100001001000011,18.000658134148587,9.765625e-05
11100110110110011101,21.44795944204367,9.765625e-05
11101001010000000011,26.172508144549884,9.765625e-05
00000011100000000100,17.610835341332443,9.765625e-05
01110011110100101101,14.959380992168445,9.765625e-05
00010011010101010010,19.576826209499178,9.765625e-05
10100110010100100010,35.36001593085445,9.765625e-05
00010000001101100000,31.205305324579744,9.765625e-05
10010011110001001000,12.660845077827299,9.765625e-05
10010001010110000000,15.138223458526324,9.765625e-05
11111100110100000010,10.248075941515857,0.00029296875
10111011111010110001,28.517638974667403,9.765625e-05
10110001111000000000,10.960756307408655,9.765625e-05
11011100110000001000,11.136129710583916,9.765625e-05
01000000100111010010,41.42821213634916,9.765625e-05
11101101011010000100,19.222383782858856,9.765625e-05
10000111011101000000,17.471294341600853,0.0001953125
01110101001101100000,23.937032848091093,9.765625e-05
01010001001010000000,30.838876037743816,9.765625e-05
10010100010100000010,13.211038736947257,9.765625e-05
11001111111010001010,18.786089028412956,9.765625e-05
00011000001000010000,18.967995601631454,9.765625e-05
01000001111110111010,52.02091962631081,9.765625e-05
01100011011101110001,26.554949572730607,9.765625e-05
11001101111101111010,13.443410811842966,9.765625e-05
11100010010011110101,41.550238128010285,9.765625e-05
01111110101000000000,23.17662629229818,9.765625e-05
11110000011000000010,8.958899711695508,9.765625e-05
11110111010110001000,24.601758921437423,9.765625e-05
11010111010000110101,17.524654334268707,9.765625e-05
11101100110000111101,17.306382457564798,9.765625e-05
00110001011111100100,22.213854362035473,9.765625e-05
00001001011100000000,22.411693100864166,9.765625e-05
00011111110100000010,15.508331546169455,9.765625e-05
01101100010100110101,18.424601802666004,9.765625e-05
10100100000101111101,30.89024089585671,9.765625e-05
01101001010101010010,21.106608088849477,9.765625e-05
11111011110010000000,28.81379392523742,9.765625e-05
00010111110100000010,17.151418124136658,9.765625e-05
01101011001011010101,24.53394031712425,9.765625e-05
10101100010011010000,33.11168690947903,9.765625e-05
01110101001011000001,27.72211040560226,9.765625e-05
10111100110101111010,16.442431490469048,9.765625e-05
01101110010011000010,22.906505997048214,9.765625e-05
00011100010101011001,15.132872098836097,9.765625e-05
00110101101110100000,26.68106155177234,9.765625e-05
11011110111011101001,13.736207148510633,9.765625e-05
00001000011110111010,51.105385297365565,9.765625e-05
10000101100011000110,22.373682827354813,9.765625e-05
01011111110000000001,23.09258504760635,9.765625e-05
01101110011110001000,20.274005986823187,0.0001953125
01010011001010001000,23.348055418747176,9.765625e-05
11111000101101100000,14.815561838568154,9.765625e-05
11111110001111011010,25.750670630874197,9.765625e-05
00011110000010111011,17.2304508162604,9.765625e-05
00000100010101010110,36.6729324891838,9.765625e-05
11011001011010000000,14.204168805074982,9.765625e-05
11010100010100000100,7.1818872011445904,9.765625e-05
00011101110110101000,21.934161249905348,9.765625e-05
11111010000101010000,46.8539913146956,9.765625e-05
01011111010111000000,14.55222973099444,9.765625e-05
10010000010010001000,20.06201626303163,0.0001953125
00001000111100000000,39.04485532613543,9.765625e-05
10101000010100000000,48.97687129565677,9.765625e-05
11110011110100000000,14.858600428953785,0.0001953125
11100000100010001000,17.12403252606326,9.765625e-05
01000101000101000010,20.58389934313543,9.765625e-05
10000110101000010110,28.671948705517764,9.765625e-05
01110110110100001110,13.459541629344711,9.765625e-05
01001011111100000000,17.770151530294534,9.765625e-05
11110111110111100110,18.193275981525453,9.765625e-05
00110100101000010100,17.435224051506857,9.765625e-05
11111100110011111000,11.997786535962842,9.765625e-05
10011100010000010111,18.63246712627609,9.765625e-05
00010000110101110100,44.99831029929447,9.765625e-05
11011101010101101010,15.370958730466594,9.765625e-05
11001100010110000000,11.524298102398742,9.765625e-05
11010011111100110101,15.212525246728635,9.765625e-05
01100010010001101010,29.2745903213395,9.765625e-05
00100010010111011100,57.87753448673373,9.765625e-05
11000100110101000111,20.246084338531702,9.765625e-05
11110001100011011011,20.319823139483425,9.765625e-05
00110011010000000000,13.772648258957467,9.765625e-05
01110011101011001000,19.815976393390255,9.765625e-05
00011100011101000000,10.427640285019546,9.765625e-05
01011101000010000000,31.150038210809292,0.0001953125
10011011111110101010,19.314418359286982,9.765625e-05
10010110100000000000,16.318016911728506,9.765625e-05
10001110100000000000,25.410803419625623,9.765625e-05
10111001011110111010,22.09023928632073,9.765625e-05
11011010110111101110,21.901028374562806,9.765625e-05
01011110101001000000,19.892180966399266,9.765625e-05
11111000001001010000,21.293833432076536,9.765625e-05
01100111000000101000,26.093490656475197,9.765625e-05
10011000000001011000,26.065164051861718,9.765625e-05
00001100111001011000,28.872697171862164,9.765625e-05
10101101001011010110,20.556889643273163,9.765625e-05
10010000001011111010,37.37085307557371,9.765625e-05
11111101101110000100,23.21174288552534,9.765625e-05
10100011101001101011,27.604365277832375,9.765625e-05
01011000111000000000,13.54154690012908,9.765625e-05
00101111011101100010,21.255247052085508,9.765625e-05
10110101101101101000,15.515192526425839,9.765625e-05
00001101100101001000,16.42207747389451,9.765625e-05
00000101011000010010,26.752890249377497,9.765625e-05
10100101010000010000,18.640356239485634,9.765625e-05
11110001111010001000,15.159798203856095,9.765625e-05
10101011110001000000,43.63812757139942,9.765625e-05
00010100110100000000,17.60551936847363,9.765625e-05
10100001110010101000,24.229738439647676,9.765625e-05
01100000100100101010,28.64523809994456,9.765625e-05
11110010001000100001,22.353746261128798,9.765625e-05
00110101010110100000,17.15141812413666,9.765625e-05
00010101100101001101,24.574635649106746,9.765625e-05
10101101100000000110,21.22238378285886,9.765625e-05
10101010101101000010,52.6945740472916,9.765625e-05
11100000011011010000,25.758485944451465,9.765625e-05
00011000111000101010,29.770132805514486,9.765625e-05
01001110011110000000,12.78455370705234,9.765625e-05
01101010111101000000,34.579168439213994,9.765625e-05
11011111100110110010,25.55382107412042,9.765625e-05
00011101110000011000,20.534682475429083,9.765625e-05
01011100111001011000,16.910636540856004,9.765625e-05
11100101000111010101,15.407918701799138,9.765625e-05
10000011100111010111,34.97935242878469,9.765625e-05
01011110110010010100,12.737530931309244,9.765625e-05
10001001111111011001,39.91112147291261,9.765625e-05
01011100111111000000,14.423616239698735,9.765625e-05
00011001010000000000,12.42579066532081,9.765625e-05
11010010111010001000,13.385284397569588,9.765625e-05
10000011101111001100,26.00418749588482,9.765625e-05
01010001000110100101,26.759436931295763,9.765625e-05
11001100110001100010,11.06960899197465,9.765625e-05
11111101100101000010,23.01701725064038,9.765625e-05
00011010011110000000,20.69547965616045,0.0001953125
11100101101101111110,15.646551473124973,9.765625e-05
00101001111001101100,28.12653123032767,9.765625e-05
01010101111001000000,32.66075635761687,9.765625e-05
00010100011010000000,23.674801568083645,9.765625e-05
00000100100010010011,35.50816365494951,9.765625e-05
11101110110100101000,28.95927531563938,9.765625e-05
01000011100101000010,19.64087311393005,0.0001953125
01011011111000110101,17.46527776257458,9.765625e-05
00011000000110110010,24.031348348628274,9.765625e-05
00111000011001001000,22.302148761746608,9.765625e-05
00111111010101001010,20.775445421056894,9.765625e-05
00111110111001100100,21.87637059045231,9.765625e-05
11111011001000000010,39.61446886213122,9.765625e-05
01010111001011110001,28.548458041951946,9.765625e-05
11110011101001011011,20.351638473620703,9.765625e-05
00101010011001000000,46.91595875530817,9.765625e-05
10110011111110101111,22.446730904476276,9.765625e-05
10000100010111100010,30.86826119420494,9.765625e-05
11001000101001100000,18.26930965902472,9.765625e-05
00001000111000100001,40.12633936894666,9.765625e-05
10111100011111101001,16.423194621325365,9.765625e-05
00111111110100000010,18.55222973099444,9.765625e-05
11111111101101111000,27.6532642939936,9.765625e-05
10001100011110100010,22.369397708311517,9.765625e-05
00101100010001001001,26.932240638563904,9.765625e-05
01011011000110111101,18.556889643273163,9.765625e-05
11100011111000000000,16.000950986844302,0.0001953125
11001111111100100000,17.14956675216835,9.765625e-05
11000111011000101000,16.88275653182911,9.765625e-05
01011001011000000000,13.402012876411902,0.0001953125
11101110110100101100,30.687418140771015,9.765625e-05
11000101111010000000,23.21103873694726,9.765625e-05
11110110100101010000,16.489220645553686,9.765625e-05
10100111010000000000,28.50778354004568,9.765625e-05
10000011010001010110,31.64087311393005,9.765625e-05
10011000100010001001,21.138223458526326,9.765625e-05
11010100000001110110,17.230814660598824,9.765625e-05
10011111011101010000,21.262123959972193,0.0001953125
00000100111100010001,37.92227091873233,9.765625e-05
00000110100000000100,21.227644691705265,9.765625e-05
11010001110110010000,14.695479656160453,9.765625e-05
11111101000111111000,24.204835890839462,9.765625e-05
10000011101000001000,18.409531892849856,9.765625e-05
00001001111110000100,31.121309359896344,0.0001953125
01101100000101010010,13.550343695775965,9.765625e-05
10000001111011011010,41.240941502273856,9.765625e-05
01101010001011110100,31.498891183968993,9.765625e-05
01001001110000000010,16.188156870870245,9.765625e-05
10110110110111010111,26.085266876641303,9.765625e-05
00010001001111110000,33.691680279882206,9.765625e-05
11000100011010000000,15.74189591732376,9.765625e-05
11010011010101010000,13.204094368988663,9.765625e-05
10110000111110100000,22.470269653091304,9.765625e-05
11101101011010100000,19.167808372307814,9.765625e-05
01110011011000001000,13.772648258957467,9.765625e-05
10010111110000000000,16.90943600572295,9.765625e-05
01110111000000000000,33.584055485589744,9.765625e-05
11001101011111000110,12.310728071505398,9.765625e-05
00110100111111000010,19.67198963199747,9.765625e-05
11100101100001000100,12.110739454205536,9.765625e-05
10101111011111000000,34.240235650725374,9.765625e-05
10000000110101110001,54.233259976833025,9.765625e-05
01000000110000000000,23.0,9.765625e-05
01110100000000010010,14.391935912832466,9.765625e-05
10011000110101001000,26.09360872906376,9.765625e-05
10101110000000001011,44.80161697212221,9.765625e-05
01111110100111000110,18.701020385189032,9.765625e-05
01100001111101111010,32.10461648586532,9.765625e-05
11100010111110001000,25.766213495161615,9.765625e-05
01101100010000000001,15.30076187240482,9.765625e-05
11111101000101011101,23.992509699486135,9.765625e-05
01011110000101010000,15.16780837230781,9.765625e-05
10111111110101000000,30.637221962530575,9.765625e-05
10001011001111010101,38.977634284786156,9.765625e-05
01011000111011000101,22.864894068840513,9.765625e-05
01001101111000101010,27.457249044006875,9.765625e-05
11101100110111000100,19.86828065340605,9.765625e-05
00110100101011100010,26.593108092754914,9.765625e-05
01100010001100110000,26.431469024515735,9.765625e-05
11110111100010001000,33.89087113562948,9.765625e-05
01000011000100000111,19.15141812413666,9.765625e-05
01110101000100000010,25.017922859509227,9.765625e-05
00011010111001011100,35.69912809753739,9.765625e-05
11110110010001010000,21.76803914469928,9.765625e-05
10100111011010001000,23.70014383443105,9.765625e-05
00110011010110011101,21.347469440724673,9.765625e-05
01110000010010101010,19.454803749408864,9.765625e-05
01010100100011110101,31.82435685491381,9.765625e-05
00000100000001111011,34.87298585653302,9.765625e-05
01101001010011000000,16.729642552520772,0.0001953125
00101100111011000100,24.338566234127658,9.765625e-05
01011110100001000101,19.073351622906277,9.765625e-05
01111110011000010101,19.018876556376064,9.765625e-05
11011101110000010000,18.339966526581087,9.765625e-05
01010111100000001000,34.57552697385148,0.00029296875
11101100010100000000,22.45284845318107,0.0001953125
10110001010101000010,16.00513848272912,9.765625e-05
10100111001100100100,25.696504344670004,9.765625e-05
11011111100010000000,35.6307729146106,9.765625e-05
00001101110111101000,23.157379649990343,9.765625e-05
01000101110100010000,19.826572098252193,9.765625e-05
11001100000110010000,10.611726801872221,9.765625e-05
01010001111010101000,43.570718836693985,9.765625e-05
11100010101011011000,25.283924097925777,9.765625e-05
00100111011010000000,17.2106240945883,9.765625e-05
10101001101100001001,28.491359673504526,9.765625e-05
10001010110100010101,62.58141750806245,9.765625e-05
10000011011100000000,25.21103873694726,9.765625e-05
11011010001011000100,24.363080037715072,9.765625e-05
00100011111100000100,25.183980949087,9.765625e-05
00111000111011000100,24.484831541702253,9.765625e-05
00001011111110000000,24.358689340066277,9.765625e-05
01100100001010100000,21.491606511770748,9.765625e-05
10100011000101001000,31.302291686593154,9.765625e-05
10110110111101100010,19.84593086582251,9.765625e-05
10100110011111110110,43.9055196233725,9.765625e-05
01011111110101000000,16.627797527960418,9.765625e-05
00001011110110010010,29.45210276330542,9.765625e-05
11110111110110000110,20.36986387186259,9.765625e-05
00111010010001101000,34.71706064308357,9.765625e-05
11111010000010000011,37.53908044335956,9.765625e-05
11110001110000000011,10.82210852048642,9.765625e-05
10000011011000000010,24.649722165599776,9.765625e-05
01001101111010010100,17.17090183154656,9.765625e-05
10101010000000011101,68.50029387598585,9.765625e-05
01011011011110000000,12.241141259594222,9.765625e-05
00011011111111001000,18.251238748891126,9.765625e-05
10010100011101100010,20.166771200611564,9.765625e-05
01000101010101001000,18.51269653218397,9.765625e-05
10011000110100110010,25.31199680113143,9.765625e-05
10111000010101010000,40.17463468931403,9.765625e-05
11011110111111010000,13.157096483331582,9.765625e-05
01001111001000110001,18.801825729726314,9.765625e-05
01011001101101001000,24.400088820626852,9.765625e-05
00101000110111111100,60.596346245301625,9.765625e-05
00110110010000000011,15.48723881573369,9.765625e-05
01001000001111000101,30.56088871138076,9.765625e-05
11001010011101010001,44.87298585653302,9.765625e-05
10000100001101001000,22.006269669725654,9.765625e-05
01011111011010000000,22.058111297351523,9.765625e-05
10001010001010101000,31.44968400229961,9.765625e-05
01000111110011110010,21.892635811656675,9.765625e-05
00011110011110000001,10.731549946254452,9.765625e-05
00100110110100101100,31.399137833782554,9.765625e-05
01101000001011010101,27.772576532893694,9.765625e-05
11001110011101010000,23.58296429476125,9.765625e-05
11111011001110110000,31.6532642939936,9.765625e-05
01011110100000000001,19.75862095172247,9.765625e-05
11111111000010001000,51.604175881505824,0.0001953125
01010111101010111011,45.56153362792159,9.765625e-05
11011100100000010100,13.410803419625623,9.765625e-05
11001110001111101111,20.984279558455682,9.765625e-05
11111111010010001000,42.695690862627174,9.765625e-05
11111111111100101010,26.046473398744205,9.765625e-05
11110010110110000001,16.60348601705185,9.765625e-05
01100000010010011011,30.40112499611078,9.765625e-05
10101100010101000111,40.681061551772345,9.765625e-05
11010100111100010010,14.752890249377497,9.765625e-05
01001101010111001000,14.649722165599778,9.765625e-05
11111000100111000000,18.72964255252077,9.765625e-05
11011100110010100010,12.161208389486534,9.765625e-05
11101110010001010001,44.56959752123828,0.0001953125
00011001011000000000,13.095587848861216,9.765625e-05
10101001011011001100,31.939325346301725,9.765625e-05
11111010001000111011,31.54065929245903,9.765625e-05
01001001001110110101,22.836626158186917,9.765625e-05
00111100001011001101,16.959380992168448,9.765625e-05
00011111011111000000,9.423265612968073,9.765625e-05
01011001011100000000,12.181540018857536,9.765625e-05
01110010101001010000,16.486287828889388,9.765625e-05
00010000111011101101,57.28750154766001,9.765625e-05
01101100001010010101,13.480692133815426,9.765625e-05
11100000100000000001,15.988710018100805,9.765625e-05
10010000101110100001,30.688879673339176,9.765625e-05
11110100010010011001,11.278081564585595,9.765625e-05
01110110010100010011,11.253333416758478,9.765625e-05
00001001010101000010,25.71925120347601,9.765625e-05
10011000010111010000,31.246084338531702,9.765625e-05
00100000011100010001,45.604286890952764,9.765625e-05
10011001011000000100,16.394993778099735,9.765625e-05
10011100110100101010,12.750079956797512,9.765625e-05
11011110001010100110,23.837641160659516,9.765625e-05
00110100001111000110,18.982191866602747,9.765625e-05
11100111011110100010,23.604798655811194,9.765625e-05
11111100101010001011,17.133199701909177,9.765625e-05
01000101010000000001,18.53468247542909,9.765625e-05
10110100101011000100,18.735205363645804,9.765625e-05
01111101100100110111,17.853600828001586,9.765625e-05
11000101011101000000,12.51269653218397,9.765625e-05
11110111101101100000,24.35284065225995,9.765625e-05
01110101111010000010,31.24285940359276,9.765625e-05
00001100110111000010,27.044774648455768,9.765625e-05
11010100011110100010,19.870175563953033,9.765625e-05
10010000011111110000,36.468400574191456,9.765625e-05
11010001011101100110,17.37926157694997,9.765625e-05
10010100110100000010,14.654736236179971,9.765625e-05
01001100000100111000,13.812381165789132,9.765625e-05
01110011001010000000,19.39476389615215,9.765625e-05
01011100010111110101,10.256419899982811,9.765625e-05
10111101101001100100,17.703972573927242,9.765625e-05
01011001111110010000,19.26998465152492,9.765625e-05
01010111011001000000,20.379776650456968,9.765625e-05
00000010101101010100,49.738761553241496,9.765625e-05
01101010110111101100,39.32034781190017,9.765625e-05
00111001100111100000,16.358274697707323,9.765625e-05
10010100111011111101,33.69066183296601,9.765625e-05
11011011111111001101,16.40105409159527,9.765625e-05
00010011011110001000,16.912672514763468,9.765625e-05
00011111110111100010,13.405027731539478,9.765625e-05
10110001001010010100,20.72964255252077,9.765625e-05
10111111011110100000,28.204835890839455,9.765625e-05
11001101000010010100,14.643179015252322,9.765625e-05
00101000010111101111,58.60149367964664,9.765625e-05
01101100110110100000,14.671948705517764,9.765625e-05
10010101111101010000,16.269325880922285,9.765625e-05
01101000010100000010,23.57481313923644,9.765625e-05
11011000110110110100,14.193777456030222,9.765625e-05
01101101011011011110,12.958478093322139,9.765625e-05
00111001110001010001,18.442543408591458,9.765625e-05
10101110111101000000,41.44470626011196,9.765625e-05
01000000001111010000,35.877052471839725,9.765625e-05
10011101100010111100,22.603068752207204,9.765625e-05
11000110111100011101,18.329251840455115,9.765625e-05
00101101001110000000,13.898703715984485,9.765625e-05
11011100011101000000,8.14230527788208,9.765625e-05
00010110000110011011,17.52787836012253,9.765625e-05
11100111010111001000,20.42703731285038,0.0001953125
10101100011001011101,37.441818734295914,9.765625e-05
11111111110000000000,41.272067646914024,9.765625e-05
01011100101100001001,19.02324154239058,9.765625e-05
10101011111111110100,45.533936785553436,9.765625e-05
11001110101011100100,17.523690864237707,9.765625e-05
00101100101110101000,22.55934370398319,9.765625e-05
11100010111001000001,30.373682827354813,9.765625e-05
01000101100101000000,21.534682475429086,9.765625e-05
10010110010111001010,18.1139662772091,9.765625e-05
11110111010000000000,32.98199549426178,9.765625e-05
11011011110000110101,18.666593694243865,9.765625e-05
11010010101111100000,20.930932783395594,9.765625e-05
01100000000111011011,36.72534058592223,9.765625e-05
01101001110010000000,15.092465967965651,9.765625e-05
10110100110111101000,16.06725779980413,9.765625e-05
11011010110110101110,17.811774945476603,9.765625e-05
10111101111111010000,13.35647587602912,9.765625e-05
01111101011110000000,16.172508144549887,0.0001953125
10111001101100010000,19.58389934313543,9.765625e-05
00100001001000010100,20.833164060178895,9.765625e-05
01101011110110010000,24.05609034198924,9.765625e-05
10010100111010011110,33.649593399922125,9.765625e-05
10100010100001100010,38.40821435164459,9.765625e-05
11010100111111010100,17.80238683929899,9.765625e-05
01011111100110110101,19.853600828001582,9.765625e-05
00110101010001000101,11.025505716911418,9.765625e-05
10111000010101010010,38.681061551772345,0.0001953125
10111100000111010101,24.839408116237294,9.765625e-05
10100110011110100000,32.29316841988055,9.765625e-05
10110000011110000000,21.183980949087,9.765625e-05
01001011101000010100,16.32645403106182,9.765625e-05
00110000000000001100,19.53146442937736,9.765625e-05
10001010000011000100,45.27562469588601,9.765625e-05
11010101111100001000,23.596799082481553,9.765625e-05
00010001000101000101,18.82534502952694,9.765625e-05
10000000001101111110,54.073682790435825,9.765625e-05
11000111111100101010,20.34334867049069,9.765625e-05
10100000111100001001,41.72055281705097,9.765625e-05
01000010100101101000,30.09843373541268,9.765625e-05
00011001110111101110,29.322675914922108,9.765625e-05
11110101101101000000,18.158407870070704,9.765625e-05
00111100001010001110,17.27177378716617,9.765625e-05
10010111000010001000,22.3691454391604,9.765625e-05
10111010010100010110,57.888465064950424,9.765625e-05
10010100100101000010,15.624925929774673,9.765625e-05
11100100010001001101,17.581018793333797,9.765625e-05
10001111110000100001,22.08748302906482,9.765625e-05
11110000011110000000,11.138223458526326,9.765625e-05
10111001111000001000,16.91499881684798,9.765625e-05
11011111110100100110,21.38607745186198,9.765625e-05
10011011100100000100,24.451235985711598,9.765625e-05
00011010110010101000,22.34048060387575,9.765625e-05
01110000011000110001,14.315742142085593,9.765625e-05
01100010000110011000,25.355743843915043,9.765625e-05
01101010010111001000,39.2919038691192,9.765625e-05
01010011110110000000,13.821157533642118,9.765625e-05
01011111000011110101,19.773610270986147,9.765625e-05
01000000111110101010,56.364918104948416,9.765625e-05
10101111110000100010,32.28040368780543,9.765625e-05
00010010010101100011,32.34184458957282,9.765625e-05
10011111010100000011,24.782099646342317,9.765625e-05
11111010101011000000,28.199087274422894,9.765625e-05
10011101000001010010,19.524654334268703,9.765625e-05
00001111011100000100,16.928514022389784,9.765625e-05
01100101001110010101,18.660622395226028,9.765625e-05
11001011111000101000,16.08687027289168,9.765625e-05
10101001100101010100,34.33299718140928,9.765625e-05
01110100101110110101,21.533946471590397,9.765625e-05
01101111010101100000,25.069364950858173,9.765625e-05
00000010000010010000,29.06893501732296,9.765625e-05
11001001011110010100,17.170901831546562,9.765625e-05
11100100011010000000,14.60325781643848,9.765625e-05
01110001100110010110,19.40960124098638,9.765625e-05
10001010110111110101,65.32604304028652,9.765625e-05
00100011011110100100,29.34136684067069,9.765625e-05
01111100010110001000,11.894933484944307,9.765625e-05
10010001000111010000,19.295609350110016,9.765625e-05
00110110000001000001,16.04072478232764,9.765625e-05
11100110010111100010,26.30910591799897,9.765625e-05
00110111111111011001,13.254876780649859,9.765625e-05
11101110011101000001,40.127698109262695,9.765625e-05
01011110001111010000,11.871761476194122,9.765625e-05
01010101010110100000,29.444706260111957,9.765625e-05
01111000110100000111,13.57780281001074,9.765625e-05
01100110111100001000,16.78916282131053,9.765625e-05
00000100000100101011,32.99246776595429,9.765625e-05
10111111111111010100,24.53394031712425,9.765625e-05
10011110010000010010,27.81191963878457,9.765625e-05
01011000111111101110,33.51189027112363,9.765625e-05
00111000010000010111,27.64087311393005,9.765625e-05
00000011100111100010,30.508115861218783,9.765625e-05
01110101101000010000,29.033294660764184,9.765625e-05
11101110111101000100,32.646015950187895,9.765625e-05
10011001000010000001,19.073351622906273,9.765625e-05
11100011100110001000,18.508174162534736,9.765625e-05
00010000101000000101,33.313185663786236,9.765625e-05
01101001001111010000,18.3107280715054,9.765625e-05
01101101000011010000,15.983412780861855,9.765625e-05
01111011011110010011,18.08360306223411,9.765625e-05
10111101101010110101,19.936678689789616,9.765625e-05
00011100000111101000,15.581978731793987,9.765625e-05
11101000111001001001,28.736506242799695,9.765625e-05
01111011110010001000,19.57785860844421,9.765625e-05
01111100101110110000,11.685759571744839,9.765625e-05
01010111011000010101,17.80717904882618,9.765625e-05
10111001011101110110,24.730141747065304,9.765625e-05
01001011010101000101,23.78973746978989,9.765625e-05
00011111100000100010,24.97783748655013,9.765625e-05
00000011011010000000,20.292808743566983,9.765625e-05
00001001010000000010,19.39227685352617,9.765625e-05
10101010101111001000,49.40444412060442,9.765625e-05
01110110101111010000,13.635758699329019,9.765625e-05
00010111000010001000,22.06272041160971,9.765625e-05
10011000001000111110,26.69173431520629,9.765625e-05
11110100001010000000,19.000950986844302,9.765625e-05
11101011101100101011,29.871751790157163,9.765625e-05
01011011110000000111,16.960399439084647,9.765625e-05
10011011011101101001,23.7093020964891,9.765625e-05
00101011000101010111,44.3737149877225,9.765625e-05
00000001000101100111,36.45575120468236,9.765625e-05
10111001000001011001,30.369301913709997,9.765625e-05
00111001101100000111,14.358274697707325,9.765625e-05
01010010011100000000,12.833164060178893,9.765625e-05
10111000101001010001,27.162939016671768,9.765625e-05
00100000110001010011,46.59311777879187,9.765625e-05
01110011111100000000,10.729642552520769,9.765625e-05
11001001010001100001,16.15815211801662,9.765625e-05
10010100011010010101,22.358689340066277,9.765625e-05
10010001010100100000,13.273054999978886,9.765625e-05
00110011010111000000,14.72439666221954,9.765625e-05
01011111110011100000,20.509276291420406,9.765625e-05
11101000001101111000,30.707132758816826,9.765625e-05
01011001000100100001,18.281547183324605,9.765625e-05
11111100100001010110,16.172508144549887,9.765625e-05
11010000100100000101,12.910578766821061,9.765625e-05
11111111100001010111,36.25468944705197,9.765625e-05
01110100100111011101,18.200434303801327,9.765625e-05
11011001011110010001,14.945398975781696,9.765625e-05
10001011101001000100,26.74968124206886,9.765625e-05
11010000110111000010,20.556712789597515,0.0001953125
11110101111011010101,14.304929996215726,9.765625e-05
01011110011011110101,12.409768321497872,9.765625e-05
01110101011110100100,22.924416275403722,9.765625e-05
11000110001110000001,17.480692133815424,9.765625e-05
01110010010000101000,15.202254435326886,9.765625e-05
10000011001011010000,23.885181534428266,9.765625e-05
11001110111110010000,16.463742441213967,9.765625e-05
01011011111010010101,15.310660611433496,9.765625e-05
00010011010001000011,16.40105409159527,9.765625e-05
10001011001101001000,29.783288421869923,9.765625e-05
11101011111010110101,27.75914678862259,9.765625e-05
10011111100010100010,26.310840909552752,9.765625e-05
01000000101011000011,46.03682151961793,9.765625e-05
01010011000001101000,20.40450887065377,9.765625e-05
10101000100010010101,44.666970963330115,9.765625e-05
01111101000000001000,35.27989201007421,9.765625e-05
11010111110000000000,21.817921024601603,9.765625e-05
10101111101111100010,22.88517736640341,9.765625e-05
01001001010000000000,11.87456625076201,0.0001953125
10001111011010000000,21.696504344670004,9.765625e-05
11111111011111101000,26.66763533907205,9.765625e-05
01100110101000101100,22.065164051861718,9.765625e-05
10000010101011111110,49.93586617629612,9.765625e-05
10011111001100010000,25.645706141173548,9.765625e-05
11000000101001000110,26.87891530914622,9.765625e-05
00110001001010000000,17.041630391196488,9.765625e-05
11011110010100001000,19.252194089264158,9.765625e-05
11011101111010101000,26.020171928357684,9.765625e-05
10001011001101000000,31.546521197873123,9.765625e-05
00001101000011000000,11.69177344074857,9.765625e-05
01000011010010001000,12.608573789297294,9.765625e-05
00110101010101100010,13.310660611433498,9.765625e-05
10011001101010100000,19.141143792003923,9.765625e-05
11110001101010001000,21.466223231406783,9.765625e-05
10100011010100101000,32.7767656722847,9.765625e-05
01010001001010100000,35.96967729228222,0.0001953125
01010001000011000101,23.072223880353345,9.765625e-05
01010111100010100000,38.74138631316102,9.765625e-05
11110100101110110000,13.86227302599567,9.765625e-05
11101110101001000001,31.018876556376064,9.765625e-05
11000000010110001000,22.519567198477308,9.765625e-05
00011100010111011100,20.42451216253063,9.765625e-05
00010101001001000110,28.646896679810553,9.765625e-05
01110101001010110000,34.956759949323605,9.765625e-05
00110000011011110100,35.29047619988912,9.765625e-05
01110110101010100000,24.091489367454088,9.765625e-05
10111011110010000000,30.50736889768673,9.765625e-05
00100000011101010001,52.30254841803639,9.765625e-05
10101101110001010000,20.871148720020983,9.765625e-05
10101110111101000100,46.08971344942061,9.765625e-05
00110110111100010100,16.916848436546715,9.765625e-05
01111011001100111000,25.069364950858173,9.765625e-05
00111000001111000100,23.695970622670348,9.765625e-05
00000011111110101000,36.13347933699713,9.765625e-05
11110000011110100001,14.374636524221655,9.765625e-05
10001001011110000101,31.71925120347601,9.765625e-05
10101010100100011101,65.96967729228223,9.765625e-05
11010001001011010101,20.931173467195663,9.765625e-05
10110110000000000000,27.482091381388685,9.765625e-05
01110100000100110011,12.968001119643555,9.765625e-05
11000101111011111011,31.2658311169452,9.765625e-05
10110100000100111101,16.916906210581665,9.765625e-05
01110111000011011010,26.85241884298452,9.765625e-05
01111100011100000010,5.58389934313543,9.765625e-05
01001011111010101010,20.314759299980686,9.765625e-05
01010111001111101100,27.971124752808702,9.765625e-05
10101010110001110101,72.61894494471989,9.765625e-05
01000011011011010100,16.130328103723436,9.765625e-05
00011110000101010010,17.26970148486616,9.765625e-05
00111000100001111011,28.31058961979079,9.765625e-05
01110010110100110110,19.11718152611109,9.765625e-05
10011000111100000011,24.699179629978985,9.765625e-05
10011000001011110001,26.465206770931875,9.765625e-05
11010100001000000100,18.17817474413936,9.765625e-05
00111111010010000010,23.02853543315294,9.765625e-05
10010000110100010010,26.897124045336746,9.765625e-05
01010100011110000000,20.65473623617997,0.0001953125
01111111111010111010,23.305941467117517,9.765625e-05
11101101101111000000,16.110391537497417,9.765625e-05
00101111101000010000,20.751659627445246,9.765625e-05
00101110101100011001,27.81937809487765,9.765625e-05
01111101010101010010,12.535928388537595,9.765625e-05
01111011101001000100,21.09121391123081,9.765625e-05
11111100000111000000,19.813802876853302,9.765625e-05
11010101010100101010,22.603068752207207,9.765625e-05
11111111001111010000,35.04934499692995,9.765625e-05
10111100111100001010,12.18122843054196,9.765625e-05
01100111011100111000,18.402281160320527,9.765625e-05
01101011110001100000,23.44526124225014,9.765625e-05
00111100101001000101,12.654321593821017,9.765625e-05
11100111111100100000,18.74507212781067,9.765625e-05
01101101100011010000,15.074927761983204,9.765625e-05
01011000000111010000,16.914991840833565,9.765625e-05
01011010000000010000,18.87994623924912,9.765625e-05
11011101001000000000,31.111115058149416,9.765625e-05
00000000100000100101,44.22763845011192,9.765625e-05
10001010000000000011,44.696504344670004,9.765625e-05
01000101010000000000,17.718124370008205,9.765625e-05
00101110011001001100,35.0009509868443,9.765625e-05
10101101011000001000,23.297951579824833,9.765625e-05
01001010001111100000,25.39102053079946,9.765625e-05
11011101101100010000,21.24149022118251,9.765625e-05
10101011000000010110,51.001070066485,9.765625e-05
11111011110010101000,24.505512301973575,9.765625e-05
10100000001001011000,36.231097827257585,9.765625e-05
01100011010011010100,16.60348601705185,9.765625e-05
11110110101001000000,20.546612590278073,9.765625e-05
11111111110010000010,35.93702045203159,9.765625e-05
00100111011110001010,19.989977191347844,9.765625e-05
10110111010111000010,21.4604732441151,9.765625e-05
10001010111010010000,42.37631374174049,9.765625e-05
01111000110100000101,14.183980949087001,9.765625e-05
01111011010110100000,21.020723466052253,9.765625e-05
01010000001011101110,42.419421593135446,9.765625e-05
00000101011110110000,33.087805244978476,9.765625e-05
10100111011111100100,26.199976221240366,9.765625e-05
01001011101101000000,18.740341223889235,9.765625e-05
11111111110010110000,31.848947157316218,9.765625e-05
10001101011010000010,17.896840878677985,9.765625e-05
00011001100000001001,21.91152975366536,9.765625e-05
10111000101110111110,28.16107617936527,9.765625e-05
00010100011100000000,17.094078435435122,9.765625e-05
00000011001000011101,26.5371171640652,9.765625e-05
10010101101000000000,26.124592890418505,0.0001953125
01111111011001101000,26.308939757412418,9.765625e-05
01001010110110000010,25.556523725366244,9.765625e-05
00101101011000001010,16.737530931309248,9.765625e-05
00100001111011010111,40.5410952165927,9.765625e-05
01011110101111011101,15.84593086582251,9.765625e-05
00010110001010110100,25.18217588581545,9.765625e-05
11111100000101010111,18.377565896442345,9.765625e-05
10111111010011011110,34.277443281872394,9.765625e-05
00011000101101000000,24.16044999844431,9.765625e-05
10011000110100000000,19.966081231883358,9.765625e-05
11011001010000000000,14.334275684199461,9.765625e-05
01001110001101100000,15.9912042600731,9.765625e-05
11110001001100000000,14.909436005722952,9.765625e-05
11100010000101000000,35.395178538511104,9.765625e-05
01110101011111110000,19.646541787088015,9.765625e-05
01110011000010001000,20.692313964098588,9.765625e-05
10001110111100000000,28.481350904418058,9.765625e-05
11111111011111110010,25.137984211840703,9.765625e-05
11111101001110111010,24.65978080198547,9.765625e-05
01000010011110000001,28.91307122949212,9.765625e-05
11000100100011000110,20.736506242799695,9.765625e-05
10011011011010000010,22.182785931966045,9.765625e-05
11000111110011101010,17.08737121970579,9.765625e-05
00101100100111010010,20.638007768177474,9.765625e-05
00011101001111101000,19.85011376362017,9.765625e-05
00100101001011010010,19.521297102081295,9.765625e-05
11011000101111001010,21.10744623764642,9.765625e-05
10100010111011010000,47.73834691088254,9.765625e-05
01000110111101000000,20.055486537431996,0.0001953125
01010100011010010001,20.942598369238663,9.765625e-05
11111001011111101001,17.885004044298572,9.765625e-05
11100111101111000010,19.997609045833148,9.765625e-05
10011011010001000010,27.924941905163784,9.765625e-05
01110110000111000000,15.624576037465076,9.765625e-05
10000100001101100000,22.01566122034688,9.765625e-05
00001110111000010011,26.836626158186917,9.765625e-05
01011110011011000000,12.241141259594222,9.765625e-05
01110110100111011000,14.13742874993138,9.765625e-05
10010101100101010010,17.498891183968993,9.765625e-05
01101101111000101010,19.73847838658274,9.765625e-05
11110111101111000000,23.979565403712826,9.765625e-05
01000001001110110101,35.358734630914526,9.765625e-05
01110100100011010101,16.255073729980666,9.765625e-05
00100100011101011101,37.422636842037434,9.765625e-05
10010110110011010100,20.975742818682775,9.765625e-05
10000001011111110000,37.68982712861266,9.765625e-05
00100110101110010100,26.195466247650632,9.765625e-05
01111100101101011001,10.902451777801009,9.765625e-05
11101101000101010110,20.046483084781162,9.765625e-05
11101110000100110011,37.75234609612346,9.765625e-05
10100111000001010000,26.795645673104374,9.765625e-05
10100001111010001000,24.347906252307283,9.765625e-05
10111111100010101001,31.396738837084932,9.765625e-05
11001001000101111100,16.87606868817369,9.765625e-05
10111110101110010000,25.370958730466597,9.765625e-05
01110110101011000100,19.225611340283493,9.765625e-05
11010100011010010010,18.51986212474152,9.765625e-05
11001101111100010000,11.18904833141002,9.765625e-05
01100110011100110000,18.463742441213967,9.765625e-05
10101110010110011101,54.798781713168836,9.765625e-05
10100010110000000000,38.03953664325408,0.0001953125
00101111111100101010,20.945398975781693,9.765625e-05
01101101001111000101,13.710521231446982,9.765625e-05
10110010101110101001,24.60156467128934,9.765625e-05
11001001101100000010,17.3063824575648,0.0001953125
00101001001100010000,23.306382457564798,9.765625e-05
00011100011010101000,18.566025306045262,9.765625e-05
11100100101000100011,16.343348670490688,9.765625e-05
11001011110010010100,17.69177344074857,9.765625e-05
00000101000100110111,27.725941767993785,9.765625e-05
01010111001100100010,34.13242277159078,9.765625e-05
01010001111000000000,25.926035718887608,9.765625e-05
00000010001010101011,42.492168677063404,9.765625e-05
01110101111110000000,23.690407811545313,0.0001953125
10110100110101000000,9.448354701488896,9.765625e-05
01011000111110000000,17.07555186933567,9.765625e-05
00011101101110010100,21.38258965305949,9.765625e-05
11101010010101000010,55.888465064950424,9.765625e-05
11110000010000011101,13.581018793333797,9.765625e-05
10111000101101000000,23.163915617183328,9.765625e-05
11111111101000101000,41.079201317764756,9.765625e-05
00000100111011010100,45.78451904380217,9.765625e-05
11111001111110101000,14.128536258059645,9.765625e-05
11110111000001110001,31.12490310785897,9.765625e-05
01000001001011110000,31.04579309537197,9.765625e-05
11111010101111001000,26.822108520486424,9.765625e-05
11111100010011001000,18.858600428953793,9.765625e-05
00100101101010001001,28.348519008480416,9.765625e-05
11001110000100011000,21.540277152654546,9.765625e-05
11011110111110000000,13.583899343135428,9.765625e-05
10001010101000100001,36.875788965958535,9.765625e-05
10000001110111100001,35.78217681408736,9.765625e-05
10110110101101100000,17.997786535962845,9.765625e-05
01000000101100010100,35.04485532613543,9.765625e-05
10010101000101000101,11.881956599489325,9.765625e-05
01101001110101100110,18.73711275737948,9.765625e-05
01110100011100001100,12.212895332660406,9.765625e-05
10001111010100001000,25.255004381844145,9.765625e-05
01110101010010001000,27.760066349520272,9.765625e-05
10000100101011011011,37.06915271035111,9.765625e-05
00101011011000011000,32.733818474304016,9.765625e-05
01101101000001011000,18.899722162900684,9.765625e-05
10001101000111110111,17.745643255559038,9.765625e-05
00111110111101000000,17.151418124136658,9.765625e-05
11010111111110011001,16.947868327667976,9.765625e-05
10010000101011101100,37.813577211598414,9.765625e-05
10100000000010011101,42.67630473991639,9.765625e-05
01011110001001010010,17.984366477728695,9.765625e-05
01001010010010010111,28.982719347009056,9.765625e-05
10101110001101011001,45.92829030574816,9.765625e-05
10010100010011111100,24.11438091956806,9.765625e-05
11111110110000000000,31.772163534040928,9.765625e-05
11100111111111110101,17.47180425087067,9.765625e-05
00001101101111001000,21.914991840833565,9.765625e-05
00000111000111100011,19.89262612561972,9.765625e-05
11001001111010011001,20.78423587714341,9.765625e-05
11011101111111010010,15.470028332837185,9.765625e-05
11101100100111000010,16.165820300894467,9.765625e-05
11110110000000000000,29.43633389082801,9.765625e-05
00111101011101100000,8.906171210820656,9.765625e-05
00101001001101010100,27.35868934006628,9.765625e-05
00101000001000000000,25.161821869240917,9.765625e-05
10101101110000000010,20.248075941515857,9.765625e-05
11101101010100000000,24.413366873939395,9.765625e-05
01100110110010100000,18.229079669045042,9.765625e-05
00010001010111100000,25.033981874659816,9.765625e-05
01000111010100000100,11.343709070385508,9.765625e-05
00111011101110000000,16.82025192477327,9.765625e-05
01101111111000010000,18.751659627445246,9.765625e-05
01011101111011010001,20.752861191266632,9.765625e-05
10101010001001010101,70.19160656197896,9.765625e-05
01110101011011100000,25.9711247528087,9.765625e-05
11001110010001001100,24.318016911728506,9.765625e-05
01111000110110101000,16.292808743566983,9.765625e-05
00101011111011001010,25.465020318346472,9.765625e-05
10110011001011000101,24.49544140532343,9.765625e-05
11010000111000001000,14.383190649627178,9.765625e-05
10001011110110000000,29.135470939981282,9.765625e-05
10100000000000000110,31.909682843989167,9.765625e-05
00010001110101000000,21.18607469702941,9.765625e-05
11010101010110100010,24.61715309905609,9.765625e-05
01110110011111000000,11.624511287415714,9.765625e-05
10101001110100100000,28.372211521622496,9.765625e-05
10110101010010000010,20.776351029925742,9.765625e-05
11011101000101101110,19.67924035373043,9.765625e-05
11001011110010001000,16.0009509868443,9.765625e-05
11101001011111111011,27.913638912796888,9.765625e-05
01101110111010000010,15.974425277477513,9.765625e-05
10111101010101110101,20.140011136165256,9.765625e-05
10110000000011111010,28.601564671289342,9.765625e-05
01100100111000000000,13.96608123188336,9.765625e-05
10100100010100000011,26.20320189060038,9.765625e-05
10110000101101000110,24.185425612463735,9.765625e-05
01100010111100010001,30.64970344081973,9.765625e-05
11110010101111110101,25.0690818058356,9.765625e-05
11001011011001010110,24.229513047023865,9.765625e-05
01111100001011011101,15.045390936199713,9.765625e-05
01101111101001000100,19.8138028768533,9.765625e-05
11111111011111111010,23.35462832989888,9.765625e-05
01000011011010100000,18.202241217719124,9.765625e-05
01101011011101000100,26.598892830423964,9.765625e-05
01111110001111000000,18.55222973099444,9.765625e-05
10010110110000010000,15.346519362965495,9.765625e-05
01011110110011010111,14.135929316809502,9.765625e-05
00100101110111100101,26.555736189085955,9.765625e-05
01000111001010100000,26.294780887350026,9.765625e-05
10001100100101010101,26.401032744329537,9.765625e-05
01101011110100100001,28.844154947789022,9.765625e-05
11101011011100000100,38.33498878439343,9.765625e-05
10011101011100001100,15.51174283531713,9.765625e-05
10000110010000000000,22.22674876887337,9.765625e-05
11000000011110001000,26.761961249227433,9.765625e-05
00010110010101001000,13.448354701488896,9.765625e-05
00011000111111000000,29.941515906694164,9.765625e-05
11010100111011101000,25.508608471234865,9.765625e-05
01000101011100000101,20.91063654085601,9.765625e-05
10001000111010000000,33.006269669725654,9.765625e-05
00110011100000000001,14.644641369368749,9.765625e-05
10010111001001011001,18.086841214780815,9.765625e-05
01010100100010100100,35.77710037138506,9.765625e-05
10010011101101010010,23.37743713076469,9.765625e-05
01101011111000000010,18.31669937052324,9.765625e-05
10100000001010000001,32.9597956345274,9.765625e-05
11000111100101000000,12.716569676573677,9.765625e-05
11100001010000000010,14.000950986844302,9.765625e-05
11000000011010101010,29.305689023712,9.765625e-05
01110011110110100000,14.355464405127332,9.765625e-05
11001011010100100000,24.03134740706715,9.765625e-05
11000011101100011000,16.13262776345236,9.765625e-05
11111111110000100110,34.464543489369284,9.765625e-05
01011101110010000000,25.685250691163354,9.765625e-05
11001100011110100000,10.82656585665885,9.765625e-05
11001101010011101010,13.821273081712011,9.765625e-05
11011100000101101000,11.652850288088693,9.765625e-05
10110101011001100000,15.076161915486264,9.765625e-05
01110101011111101100,24.466148795320468,0.0001953125
11100111010011000011,24.594097274420186,9.765625e-05
01010111000101000010,23.506472240433766,9.765625e-05
00010001100001000000,21.538321965190132,9.765625e-05
00000011101101111011,43.438561122548094,9.765625e-05
10110011000010000011,26.370814858706897,9.765625e-05
00010000100101010011,37.93586617629612,9.765625e-05
10011001010111000000,17.347896566270325,0.0001953125
00010011001100000000,14.424583154173337,9.765625e-05
00010010010100101010,26.582874654625876,9.765625e-05
01110101010111011000,17.57370684232591,9.765625e-05
00100111000001101100,19.638127571399416,9.765625e-05
00101011001010101011,26.85751306396337,9.765625e-05
10110110111001111011,21.17982397006368,9.765625e-05
00100000000000001001,30.814949082395017,9.765625e-05
11010001101111000000,23.404444120604413,9.765625e-05
01010101011001110000,28.404871256989882,9.765625e-05
00001100110010000010,22.28748652911482,9.765625e-05
00111100111111100000,12.085518068436253,9.765625e-05
11001101000000100100,15.71212371861224,9.765625e-05
10101100001000010000,24.533695894613313,9.765625e-05
01001100101011000001,19.26998465152492,9.765625e-05
10100110011010000101,35.9607466213717,9.765625e-05
01110001011000000000,11.267181334959343,9.765625e-05
11010010101011000110,23.829514709716836,9.765625e-05
00010010111110101000,34.35766465155673,9.765625e-05
10110011100101000011,21.37445632406942,9.765625e-05
10100011110010010000,28.544591634915786,9.765625e-05
01011001011111010001,16.664923659879506,9.765625e-05
10101010101010000100,45.556594717008956,9.765625e-05
10011111000111001000,20.193524463297855,9.765625e-05
10100000001110100101,43.80238683929899,9.765625e-05
01001101111010101000,28.341839991485664,9.765625e-05
00101001110000000000,20.409531892849856,9.765625e-05
01010011001000000011,24.083729754343274,9.765625e-05
01101000100011010100,24.959795634527403,9.765625e-05
11000010101001010100,24.65473623617997,9.765625e-05
00001101010100010010,15.628721785321925,9.765625e-05
01010011111100000010,20.01593125652507,9.765625e-05
11100011101100000101,21.39477284776804,9.765625e-05
10111111011110000000,31.01701725064038,0.0001953125
00000100001010100000,32.316394671094876,9.765625e-05
10100100111010100001,26.203137140551018,9.765625e-05
10001011110001100000,27.667499303112717,9.765625e-05
11110001010100000010,11.63812757139942,9.765625e-05
10111100001101001010,16.661963134343274,9.765625e-05
01110111010100001000,20.129561680990264,9.765625e-05
11101000110110100101,31.914991840833565,9.765625e-05
00101100010110100100,26.910636540856007,9.765625e-05
00100111110000010000,16.638094687450483,9.765625e-05
11100110110101111000,19.920670934449554,9.765625e-05
11101010000101010001,61.25287253704778,9.765625e-05
10010000111110000000,27.766316549204994,9.765625e-05
10001011010111010001,44.45870368768782,9.765625e-05
10011100010111010000,15.18217588581545,9.765625e-05
01010011100100001001,19.496983790235312,9.765625e-05
01111011011010001010,17.921493242743402,9.765625e-05
11101111011110010100,29.83574625011253,9.765625e-05
11100101001110000100,18.628703136829266,9.765625e-05
01101101110010001000,20.14481095816091,9.765625e-05
00110000101111101010,37.86951587342546,9.765625e-05
00001100111100101000,29.361567827139236,9.765625e-05
00011101010000010110,16.250886234095844,9.765625e-05
11110011000110011101,22.13977200833452,9.765625e-05
10111110111101110000,28.18470301173668,9.765625e-05
01100100001111010111,22.096691778684306,9.765625e-05
11111110111100010100,23.761431244302457,9.765625e-05
11101110111111000000,27.472245328445155,9.765625e-05
01100110011000110001,18.886167097395536,9.765625e-05
11000001100011111000,21.914991840833565,9.765625e-05
00101101011101000100,15.226985921102635,9.765625e-05
01011010010001101000,18.74968124206886,9.765625e-05
10001011111100000100,32.596396836182095,9.765625e-05
10101101110111101010,19.37743713076469,9.765625e-05
11101101001101000001,21.167798686270856,9.765625e-05
11000111101111100101,18.155166185953185,9.765625e-05
10001000011010101101,42.4637202611505,9.765625e-05
11110110110010111101,14.470879699241896,9.765625e-05
01101110111010000000,16.69386718869098,9.765625e-05
11010001011111001001,19.736328752669998,9.765625e-05
11001100001011110101,13.199108632938094,9.765625e-05
10010101011110001000,21.35965625454088,9.765625e-05
11001000011101000101,33.61067024726225,9.765625e-05
11001001001000100011,18.051110847532016,9.765625e-05
11011011011111011000,18.154218730679695,9.765625e-05
10100010100010010101,45.38622914282054,9.765625e-05
00110000000111001100,28.244294086665278,9.765625e-05
11101001110100100001,22.632467126276094,9.765625e-05
11101100101010010000,13.197460560657326,9.765625e-05
10000111001000001001,18.716569676573677,9.765625e-05
00100001111100000000,24.322619049972282,9.765625e-05
11011111000010000000,39.141317924817216,9.765625e-05
10111001010111100011,23.493570857581453,9.765625e-05
10011110100001010100,27.293833432076536,9.765625e-05
10001100111111001010,29.044774648455768,9.765625e-05
01010101110101000001,21.302836248273323,9.765625e-05
01101001010011001000,19.64369038252445,9.765625e-05
11000100101101000100,17.094078435435122,9.765625e-05
01001000011001000000,20.635878415423768,9.765625e-05
10101100001010101010,21.47344586357821,9.765625e-05
10110100011110010000,15.055139355144943,9.765625e-05
10001100111001100000,20.090881835025797,9.765625e-05
10010101000100010101,14.449674316262653,9.765625e-05
00001110011101010101,35.71462336443777,9.765625e-05
00000101111101010000,28.91157775453615,9.765625e-05
01010000011111100100,32.743977182079476,9.765625e-05
01001000101000100000,21.633425002007606,9.765625e-05
10111000000111011100,39.59415568490918,9.765625e-05
01010111011110110000,22.184703011736676,9.765625e-05
00111010110111110000,36.21907463866943,9.765625e-05
11001001010110100000,14.510502440220723,9.765625e-05
11010010011000010001,15.471294341600856,9.765625e-05
00100111110101010100,18.753465632277923,9.765625e-05
11111011110101011001,32.00461566095862,9.765625e-05
00111100111000010101,12.914991840833567,9.765625e-05
01101011000000100001,31.733541549238602,9.765625e-05
01010111010100010111,15.025383378330982,9.765625e-05
11010011101000000100,17.842647003205066,9.765625e-05
11101110101100101010,24.016270532076405,9.765625e-05
01110110011011101011,19.26184434652043,9.765625e-05
10010101011100000000,15.176873130564395,9.765625e-05
01000100000000000111,21.211038736947256,9.765625e-05
00000111001010001100,20.138223458526326,9.765625e-05
01000011010000101010,18.491359673504526,9.765625e-05
11111101110000100000,23.959028477373167,9.765625e-05
10111101111111010010,12.848731472365541,9.765625e-05
00010100001010000001,24.579168439213998,9.765625e-05
11010101101111000100,27.267171648922393,9.765625e-05
11001001111110000100,16.23391436143092,9.765625e-05
11010110000010001000,18.823483835726634,9.765625e-05
01000100110101011111,35.02751336753873,9.765625e-05
00100110011111100001,32.373653682116746,9.765625e-05
11000110011111000000,17.581978731793985,9.765625e-05
11001001100000010100,12.854500918858335,9.765625e-05
00111111111101010100,16.15421873067969,9.765625e-05
11111011000111101000,33.8422929320308,9.765625e-05
10100110100101010101,35.7478903379662,9.765625e-05
01000110100100100000,18.572865885539407,9.765625e-05
10111111101111100000,22.915649974982152,9.765625e-05
00000101110000000000,22.161821869240917,9.765625e-05
00010100011111000000,23.558078418800772,9.765625e-05
00111110010100000010,22.536282546839065,9.765625e-05
01110011111100010000,11.332656240715572,9.765625e-05
11010000010101000010,14.607613116416038,0.0001953125
00010010010111110110,41.15593334310742,9.765625e-05
11101001101111111110,20.421331784018868,9.765625e-05
10111110000101010010,41.130569707448444,9.765625e-05
01110011001110010000,16.58348470077647,9.765625e-05
00011011011110010000,16.73154994625445,9.765625e-05
10011100110110000101,14.670683420335346,9.765625e-05
00000000000101010010,44.6729324891838,9.765625e-05
00010011110010000000,14.7352053636458,9.765625e-05
11010100001011101110,30.34522566696608,9.765625e-05
00000101111100000101,31.19597154799347,9.765625e-05
01100100010000010010,11.726150291426169,9.765625e-05
11100011001111010101,28.023389065324288,9.765625e-05
01011111101101100000,24.394852801866463,0.0001953125
10101101100101000010,17.508331546169458,9.765625e-05
11101001101010000000,17.711838772652243,9.765625e-05
11011100110001000101,9.741481274964805,9.765625e-05
01110010111101001011,20.257687796811098,9.765625e-05
00011010111000000000,21.19564029333672,9.765625e-05
00100101000001010000,12.832874651926785,9.765625e-05
11101100111110000000,13.938185295226155,0.0001953125
01111011100000111001,28.28791375262749,9.765625e-05
11101100001000101000,17.617733694861535,9.765625e-05
00100001110011111011,44.04977738949282,9.765625e-05
01000110001111110000,20.484443640075554,9.765625e-05
10011011101011010000,23.423265612968073,9.765625e-05
10000000111000000001,37.98147343390055,9.765625e-05
01010000001110010000,24.65754652875996,9.765625e-05
00001101001110100000,16.424601802666004,9.765625e-05
01001101110010010000,15.714622422876648,9.765625e-05
11111100101000000000,17.252194089264158,0.0001953125
10000010000101011100,46.4249178532737,9.765625e-05
11100111010000001000,24.95525200473964,0.0001953125
00111100100011010110,16.112109681495955,9.765625e-05
00111101010100001000,15.821627240013484,9.765625e-05
11101110010101001100,43.70160356606179,9.765625e-05
10010101101010000000,31.128948190396066,9.765625e-05
10111001011010000000,19.81936568797833,9.765625e-05
01000100001111000110,30.689781837764414,9.765625e-05
11011000000111011001,20.29374651280352,9.765625e-05
11000000111111101110,46.910183703676076,9.765625e-05
00010100111101100000,30.462195654515163,9.765625e-05
10111001110111100100,20.43906436510462,9.765625e-05
11010111110101000000,13.647862859864091,0.00029296875
00100010010101011001,57.607666324839826,9.765625e-05
10111001101010001001,20.822108520486417,9.765625e-05
01011100010101000000,7.2683881116857485,9.765625e-05
01111000011111000110,15.18822621900677,9.765625e-05
11010011101000000000,19.95148103927839,9.765625e-05
00100001101010000101,28.00418749588482,9.765625e-05
00110110010000111100,22.424583154173334,9.765625e-05
11111111101110010001,30.68271773207489,9.765625e-05
00110001110110010011,22.435206480370365,9.765625e-05
10100111001111000101,24.97949441207011,9.765625e-05
00101101111001010101,16.717378680132555,9.765625e-05
00110001011110010000,18.311566220302346,9.765625e-05
10110011101100000100,18.5521754014031,9.765625e-05
11111011111101111000,23.602647133833834,9.765625e-05
11110011110001100000,15.624576037465072,9.765625e-05
00010111111010001001,24.559584387783257,9.765625e-05
11001010111111000000,31.914991840833565,9.765625e-05
01011100111001101010,23.558188459698382,9.765625e-05
00010011101000001001,22.1849319359313,9.765625e-05
00111101110101010100,11.249851859549342,9.765625e-05
00011110011101110000,16.84692611482673,9.765625e-05
00110011001001100001,18.06439254117875,9.765625e-05
11001001111100110101,20.062018983893992,9.765625e-05
00111110001101010000,21.331818091918628,9.765625e-05
00111110010001000110,28.35744976651814,9.765625e-05
10010100111110000000,20.098433735412684,9.765625e-05
00101100111101010101,31.99714807899525,9.765625e-05
00110001110001011000,18.5520103073329,9.765625e-05
10000000110100000000,34.88649907563353,9.765625e-05
11111001001011110000,20.915659661019106,9.765625e-05
00001110010110001001,24.20320189060038,9.765625e-05
00000111010000000010,16.737530931309244,9.765625e-05
01110011010100000001,14.040724782327636,9.765625e-05
11111110001010001110,32.38854231442449,9.765625e-05
11111000011011111010,17.84593086582251,9.765625e-05
00011101110111000110,16.245669696172747,9.765625e-05
01000111000111011101,13.10149367424845,9.765625e-05
01100101001110100100,23.91499184083357,9.765625e-05
01101011000101001000,30.921670732873096,9.765625e-05
01000111110100000010,18.388158705777872,9.765625e-05
11111101010111001000,22.50551230197358,9.765625e-05
00101001011111000101,33.18253464220408,9.765625e-05
00011100101110000000,16.00972904687132,9.765625e-05
11100001110000000000,9.565077850771768,9.765625e-05
11011110111111111001,11.138858601902992,9.765625e-05
10000101101111001001,26.099926486787407,9.765625e-05
01111000001011101111,21.389513739859055,9.765625e-05
10010110111111001000,18.06725779980413,9.765625e-05
01000110101000001100,22.27340218226594,9.765625e-05
10100100000100111100,26.191278751765815,9.765625e-05
10111100111110101000,12.914991840833565,9.765625e-05
00100110100101001000,21.83466723201164,9.765625e-05
00111001001000100001,15.816512825412454,9.765625e-05
00011100000111010000,11.3405383779107,9.765625e-05
11101110110101010010,34.03237032711528,9.765625e-05
01010111110010111000,29.201906518618777,9.765625e-05
10001000010111001000,45.11849906731636,9.765625e-05
11111011111001000000,27.13512104767169,9.765625e-05
01110000010101010010,15.107446237646425,9.765625e-05
01100101101001101110,28.811811273869147,9.765625e-05
11000111001010110001,20.71027264091119,9.765625e-05
01101011100100000010,24.627797527960414,9.765625e-05
10010100010101011110,22.42451216253063,9.765625e-05
11101100110010010101,17.963624374023592,9.765625e-05
01100000010000000010,16.91057876682106,9.765625e-05
01001101011111100000,14.52368462264436,9.765625e-05
00001010110000000000,34.16182186924092,0.0001953125
01001100110110010000,14.090881835025797,9.765625e-05
10110110110100100000,17.69177344074857,9.765625e-05
01010010100111011101,26.121378708032868,9.765625e-05
11100101101010100000,24.471294341600856,9.765625e-05
01111011111000100000,18.489220645553686,9.765625e-05
10110111111110010000,17.498486227646993,9.765625e-05
01111110111010000000,15.137317849657478,0.0001953125
11010000011111000010,22.198961218767774,9.765625e-05
11101110001010001011,30.623981282490746,9.765625e-05
01100101000101000100,12.469444721902121,9.765625e-05
11101101010111101000,19.508331546169458,9.765625e-05
10010011101000111010,25.106608088849477,9.765625e-05
10111000101111000000,23.577802810010738,9.765625e-05
00010111101111000000,20.020594700374602,9.765625e-05
01100101001010100001,28.84415494778903,9.765625e-05
01001111001000001000,21.43624874001641,9.765625e-05
10001111010100000000,27.439059032596397,9.765625e-05
10110110100011010111,24.710279725688988,9.765625e-05
10011000111010011001,28.246084338531702,9.765625e-05
11011001001010000001,20.93888944380424,9.765625e-05
01011110110000000001,14.248075941515857,9.765625e-05
10011101101111100000,15.567582807469346,0.0001953125
10011110011011010000,22.844154947789026,9.765625e-05
00000001011101000001,35.422828703418446,9.765625e-05
00011001101010000000,21.887443820884485,9.765625e-05
00110000011111010000,30.0863562172332,9.765625e-05
01101010011100100101,39.6572633621012,9.765625e-05
11101001001111011000,24.554082795136782,9.765625e-05
01111111111010101000,26.70399848186176,9.765625e-05
00100101000110111111,29.413416762874803,9.765625e-05
00000101000101101000,22.910636540856007,9.765625e-05
11110100111100011100,7.195640293336719,9.765625e-05
11011010110100000000,19.94576906171347,0.0001953125
00110100001101010010,12.80018306129879,9.765625e-05
01111110111000110100,16.611505871540523,9.765625e-05
10001100011101000000,23.414503393444157,9.765625e-05
01110001101010000000,24.439570399868526,0.0001953125
00111100010000001001,14.311082229806871,9.765625e-05
10100011000000001001,30.812836696799767,9.765625e-05
01111100101011010100,13.151418124136661,9.765625e-05
11111000110000000010,12.469444721902121,9.765625e-05
00010110111110010000,20.699179629978985,9.765625e-05
10000011110000000000,18.409531892849856,9.765625e-05
11011101011010000000,22.800665985277917,0.0001953125
11100000001011100000,22.537117164065204,9.765625e-05
11111011010000000000,41.584055485589744,9.765625e-05
10000100001000010000,18.906190582894567,9.765625e-05
11111110010110000000,32.79880667954223,9.765625e-05
11110101101010000000,32.54661259027807,9.765625e-05
11010011000101000000,16.047659464249275,9.765625e-05
10111101011111001010,16.002376278147125,9.765625e-05
00100111010110010010,20.10640469078526,9.765625e-05
00000000110000010001,45.62371562147746,9.765625e-05
10011110101000000100,25.058367821654695,9.765625e-05
11110100000111100000,14.66196313434327,9.765625e-05
11101100100000000010,16.380993113220327,9.765625e-05
10101101111101111100,21.18498617839544,9.765625e-05
11100100110010010000,11.242258112757813,9.765625e-05
11000111000111100010,18.31544928938988,9.765625e-05
10110011110100000010,18.822108520486417,9.765625e-05
11110100001011100100,19.34900911561402,9.765625e-05
00101001100000000110,18.95889971169551,9.765625e-05
01010010110110000000,14.229738439647676,9.765625e-05
01010011100000001000,21.37696980232058,9.765625e-05
00010101100001000110,29.291903869119203,9.765625e-05
10011010011110100101,33.75213737634738,9.765625e-05
01100110010110000000,16.900798198347957,9.765625e-05
10110110101111000000,17.624511287415714,9.765625e-05
11010100000001000101,12.911529753665363,9.765625e-05
01101001011111010110,19.264832129230115,9.765625e-05
01010010101111010101,28.555736189085955,9.765625e-05
11011010000110111110,22.05519368473628,9.765625e-05
10011101011010010001,16.614306478083552,9.765625e-05
01000101101110111101,45.18971084072352,9.765625e-05
11010010111000100000,13.527751237951062,9.765625e-05
10100001000000000000,18.91726036888313,9.765625e-05
00110110111001001100,18.853373176305407,9.765625e-05
10111111101010100000,31.085708139719657,9.765625e-05
11101000110001000001,30.69074875223902,9.765625e-05
01111010010111100010,23.90704776157863,9.765625e-05
00100101100100110010,21.02343956907756,9.765625e-05
11101110101111001101,28.2210022260253,9.765625e-05
11110110110101000101,15.575937262681702,9.765625e-05
10111101011101000110,16.58348470077647,9.765625e-05
01110010101101010010,18.84587309178756,9.765625e-05
01011111011100011000,17.32617086440306,9.765625e-05
10101111000101010101,46.948358434801584,9.765625e-05
10100100110100001000,20.92408846519058,9.765625e-05
01011100001111001000,17.135470939981282,9.765625e-05
10110010100101010000,31.23640411407944,9.765625e-05
11101011111000000000,28.778686283626143,9.765625e-05
11011010111110000000,16.649722165599776,9.765625e-05
11110010010000100000,19.97998973210873,9.765625e-05
10111111000101000000,42.01049450105516,9.765625e-05
01011000001010010000,15.168091538966571,9.765625e-05
11011111111100100010,22.72662551580963,9.765625e-05
00000011100100010101,28.2479987082798,9.765625e-05
00010100110110100010,33.19654339932309,9.765625e-05
00001000110101000101,53.62414807953134,9.765625e-05
11001110000011011100,19.892180966399263,9.765625e-05
00111100110101010010,11.596063078642864,9.765625e-05
01010101110110111110,42.5063399431853,9.765625e-05
01111001110010001000,17.466223231406783,9.765625e-05
11011101101111110100,17.303266829102395,9.765625e-05
00000001111101100000,42.95165064430855,9.765625e-05
01101111111111000000,15.423265612968073,9.765625e-05
11111100110000010111,11.508331546169456,9.765625e-05
01100110111111100000,22.0073868171565,9.765625e-05
00111001011111000000,13.761783759097742,9.765625e-05
01011011101000110001,23.66574930385357,9.765625e-05
11011001111010010101,15.007457808799213,9.765625e-05
00100011011101110100,36.5063399431853,0.0001953125
10101011101101010101,49.03975089183862,9.765625e-05
01001100100111000111,20.5063399431853,9.765625e-05
10011011010111001000,22.913623501607766,9.765625e-05
00101010000000010111,52.77867035599584,9.765625e-05
10111110101110110000,23.35465738800975,9.765625e-05
00101001010110000000,25.868280653406053,9.765625e-05
10110101000100000000,17.332172250220097,9.765625e-05
00100101101100000001,17.72308618456555,9.765625e-05
00110000011011010101,33.60891932807816,9.765625e-05
11101110011001101010,29.724101187038144,9.765625e-05
01000111000000100010,25.00944588021256,9.765625e-05
01000011101010101101,29.9033262549905,9.765625e-05
01111000110001001010,15.337265354973763,9.765625e-05
11011101111011001000,21.823474149689673,9.765625e-05
01101100110011101011,20.31058961979079,9.765625e-05
10001001100101100100,22.81766527254752,9.765625e-05
00000000001101001010,48.98582873387811,9.765625e-05
11100111100110010000,19.727376538193504,9.765625e-05
01110101001010000001,32.39764444595378,9.765625e-05
10100010110110101010,44.34942564603759,9.765625e-05
10100000011011111000,47.754708737396875,9.765625e-05
10101001111011100101,31.058366178148503,9.765625e-05
01100011101101000000,16.486287828889388,9.765625e-05
11110110001000110001,22.699031470591237,9.765625e-05
00111100101111110000,12.755373026011608,9.765625e-05
10011000100101110000,25.012438995430472,9.765625e-05
00111010100000100001,27.445261242250144,9.765625e-05
01110100001100010111,11.514848054161327,9.765625e-05
11111011101101010100,29.597987221555115,9.765625e-05
11001101011100010101,11.908399878906868,9.765625e-05
10110101110001001000,12.677261968354038,9.765625e-05
11110011010101101110,18.743630086919616,9.765625e-05
01011100100010010110,19.91499184083357,9.765625e-05
01011010011100000101,18.325088401858565,9.765625e-05
10101001110100000010,29.135470939981285,9.765625e-05
11111010111101001100,30.847810365180376,9.765625e-05
11100010010111100010,37.79575061521237,9.765625e-05
10111001001110111000,22.844154947789026,9.765625e-05
00001110011110100000,21.50015991359502,9.765625e-05
10010010101011001001,26.188168444971822,9.765625e-05
01110110011111010000,10.783821234784455,9.765625e-05
00100010110000111111,52.22594530496278,9.765625e-05
10100111111100001000,19.897743777524298,9.765625e-05
11100010011111100000,35.6277265363177,0.0001953125
01010011101111101000,29.995792222956148,9.765625e-05
01010111101111010000,25.67320086021962,9.765625e-05
01000111010000001000,15.101315019635383,9.765625e-05
01000101011110000000,25.81590902085521,9.765625e-05
00000010110111111010,61.7975627745112,9.765625e-05
00110011000101010111,22.172185961112227,9.765625e-05
10001101010100011000,18.46408962350102,9.765625e-05
01111100010100000001,8.558207184478427,9.765625e-05
11110111111110101100,19.26394942400598,9.765625e-05
11111001000000000000,29.43633389082801,9.765625e-05
11101001001010100001,22.535938074574553,9.765625e-05
10110100101101010100,14.537117164065204,9.765625e-05
01100011010010100000,17.18307534021815,9.765625e-05
00110110110010010000,14.442286590021025,9.765625e-05
11000010001111100000,26.784235877143413,9.765625e-05
11111111010100000000,45.141317924817216,0.00029296875
01110011111001010010,13.537588758501181,9.765625e-05
00011101010000001001,16.465975658719497,9.765625e-05
01011111010000001100,23.482091381388685,9.765625e-05
00010000011110000010,34.35766465155673,9.765625e-05
01100101011010010010,19.737018654951992,9.765625e-05
00001100010011000000,18.654736236179968,9.765625e-05
10101000111111110001,56.80992273576819,9.765625e-05
00010111100111010101,15.28389774983745,9.765625e-05
00110001110011101000,24.371263157263883,9.765625e-05
00000101101101000010,30.11162215942967,9.765625e-05
01101000110000010010,19.73406531257023,9.765625e-05
11000011010101000100,16.138223458526326,9.765625e-05
00111101011101111101,13.823286151974758,9.765625e-05
01101011100101000101,29.263949424005983,9.765625e-05
01110000010001000000,9.809877237779881,9.765625e-05
11000111111010100000,19.738478386582738,9.765625e-05
00010101101000001100,39.34596167080477,9.765625e-05
01010000010001000010,18.475903455859044,9.765625e-05
00111000011100100000,18.178385254013037,0.0001953125
01101001011110101110,20.339504003364198,9.765625e-05
01110010010101101000,19.82115753364212,9.765625e-05
10001001110100000000,23.74189591732376,9.765625e-05
01000001011011000000,24.403493133760115,9.765625e-05
11101100010111001000,23.045806312979735,9.765625e-05
01011100011000000101,10.181540018857538,9.765625e-05
01001111110101000011,16.202844287855307,9.765625e-05
11011110010000000100,25.00980003851403,9.765625e-05
00010010100101011001,30.47395994087288,9.765625e-05
00101101101011010000,13.514848054161325,9.765625e-05
11010100000111110010,17.470038018874142,9.765625e-05
01011101010101110101,10.097375526500148,9.765625e-05
01111100000100000110,13.22238378285886,9.765625e-05
01010100101010010000,34.41796901218317,9.765625e-05
11111000110110101000,13.803353753773596,9.765625e-05
01100100000100000000,11.94978686544093,9.765625e-05
11010101011011000100,21.848206369886487,9.765625e-05
01111001100011110000,19.775448131079436,9.765625e-05
01101111100100010000,23.91660337758173,9.765625e-05
11010101110101000010,17.515192526425842,9.765625e-05
00011000111111010000,34.932169646921196,9.765625e-05
00000101010010011001,28.02062927649757,9.765625e-05
11111100110110111110,10.232596820225655,9.765625e-05
11011011111100101000,15.724046857446801,9.765625e-05
11101000100010010100,23.909682843989167,9.765625e-05
10010001101111100101,29.449060651004398,9.765625e-05
10100001011001100011,28.806632109218757,9.765625e-05
11011011110101100100,16.943059983370425,9.765625e-05
10101011011011010101,52.86503281482239,9.765625e-05
00010011000101001000,13.431992874974561,9.765625e-05
11111101000101000100,27.86462950200658,9.765625e-05
10111111111110010000,24.915659661019106,9.765625e-05
01011111100000000011,32.81762817190588,9.765625e-05
10110110011111110100,28.331679640204012,9.765625e-05
00011111000101101000,15.788970312635655,9.765625e-05
10100111111011010000,20.783821234784455,9.765625e-05
00010110100000100110,26.755727184313074,9.765625e-05
01010100001011101100,38.729081328789235,9.765625e-05
01100111010111000100,14.114031027258463,9.765625e-05
01000111111110000000,20.87761369557126,9.765625e-05
01111100011101100100,8.815561838568154,9.765625e-05
10011010101111100000,27.343897411035528,9.765625e-05
01101111111111100010,15.659967363334262,9.765625e-05
10111100001110110000,15.354667074046704,9.765625e-05
00101110010101010010,39.669887852364106,9.765625e-05
00100000101010101001,45.09329089915484,9.765625e-05
11110001001001000001,16.641172306186128,9.765625e-05
00011010100111000000,23.577802810010738,9.765625e-05
00111101010100101000,16.248075941515857,9.765625e-05
01111010110101000010,23.468069406661908,9.765625e-05
01000100000011100100,25.029794378774994,9.765625e-05
01100111001111000000,16.58348470077647,9.765625e-05
01010110101111010000,20.004303043954714,9.765625e-05
11101100100001010010,14.991237144022037,9.765625e-05
00001000101010101001,42.6729324891838,0.0001953125
00110010100000000100,19.49884383039207,9.765625e-05
10011001000000110000,18.70800557086394,9.765625e-05
00001101110111100010,21.017826167072055,9.765625e-05
00110110010001000010,16.82210852048642,9.765625e-05
01000100001111000100,26.098433735412684,9.765625e-05
01001010010110000010,24.623371236340144,9.765625e-05
00110110111000000000,13.09246596796565,9.765625e-05
00001100111000110010,27.04516339372002,9.765625e-05
11101111100101010000,32.29456247074063,9.765625e-05
00010111011110111011,25.11775889545281,9.765625e-05
01010100101100011101,29.44968400229961,9.765625e-05
11000100001011110111,25.44337270414919,9.765625e-05
01010100001010101000,39.779916905558395,9.765625e-05
01110111111110110000,20.16546614259299,9.765625e-05
11100001010110000000,17.33863098417702,9.765625e-05
00011101010010111010,22.555036492003616,9.765625e-05
10000011010010100011,27.84593086582251,9.765625e-05
01000110111001010001,20.07429554660896,9.765625e-05
01000000111100010000,36.08971065227087,9.765625e-05
00100000101110100011,47.62195148468561,9.765625e-05
10101101101001101100,16.983695947520616,9.765625e-05
00111101011110000000,10.661963134343274,9.765625e-05
01111010100101000010,24.376554425540558,9.765625e-05
01111100001010100000,16.825391229460315,9.765625e-05
11010101101010100001,41.01926631948883,9.765625e-05
10001010111010000000,37.42207747389451,9.765625e-05
00010110001010000000,18.201293762445633,9.765625e-05
11110011110110000000,14.35738575088984,0.00029296875
01110111101011111110,30.170329365399077,9.765625e-05
10101100000110011000,29.081201610573537,9.765625e-05
10101100010001010010,32.980937187382224,9.765625e-05
10010100011010010000,19.213849029527246,9.765625e-05
00011010111110110000,28.872985856533024,9.765625e-05
11110001100000100100,13.842647003205066,9.765625e-05
00110001011101100010,18.206428713603945,9.765625e-05
10011111000101100010,23.44122929019362,9.765625e-05
11011011000001000000,30.073416372955634,9.765625e-05
11101110111000000000,28.28947813209897,9.765625e-05
00100110011011101101,35.091019661082726,9.765625e-05
11011110011100000000,18.643179015252322,9.765625e-05
01110000001111101100,26.98130562980781,9.765625e-05
00000000001101000001,44.572821536252285,9.765625e-05
00101100010101010111,34.47788278279656,9.765625e-05
00100011011011001101,29.60100159691156,9.765625e-05
01100000010001000001,23.937809691282283,9.765625e-05
11010111000000101000,31.70634071157658,9.765625e-05
01101010111101010000,37.7099696937524,9.765625e-05
00001101101111000101,19.91587183603516,9.765625e-05
11010000000001000001,13.048802225347385,9.765625e-05
11000100111100101000,20.316712501003803,9.765625e-05
10001101000001000010,15.409248726191095,9.765625e-05
01011000101011010000,22.423616239698735,9.765625e-05
11011111110101000010,22.000658134148594,9.765625e-05
10001011010011000001,34.66841218226324,9.765625e-05
10011000101110110010,26.29852615201681,9.765625e-05
10111011010111101011,34.367822810005336,9.765625e-05
00010001000001100110,25.73049039819449,9.765625e-05
11011101001001110101,17.773831201317847,9.765625e-05
10011011010011101111,23.818675921491383,9.765625e-05
11000011111111111010,26.463305825931602,9.765625e-05
01111100100110000100,13.046708477404977,9.765625e-05
01000110111111000111,31.131137107282314,9.765625e-05
11001000101000110110,20.090933367467393,9.765625e-05
10000111000110100100,17.58389934313543,9.765625e-05
10001111001111110011,20.627143464661437,9.765625e-05
11110111111101111010,16.517638974667403,9.765625e-05
00010001111110010000,35.2460843385317,9.765625e-05
01000001111111110111,52.517855535688184,9.765625e-05
10011101000010111111,21.936678689789616,9.765625e-05
11000100000011101000,17.21103873694726,9.765625e-05
00111110111010110000,16.945398975781693,9.765625e-05
11111000110110100000,12.649722165599776,9.765625e-05
00111100100010001000,16.56281629873662,9.765625e-05
10000100001100001000,20.362476233157828,9.765625e-05
00100000101011000100,39.772434342468216,9.765625e-05
01000101001011110100,29.15839809690654,9.765625e-05
00111100101010001010,16.207742810365602,9.765625e-05
01111100111100010101,5.340538377910702,9.765625e-05
10010110110000111101,18.914991840833565,9.765625e-05
01100100101111000100,21.69912809753739,9.765625e-05
10000111111111110100,24.040708033149066,9.765625e-05
01010100001011010101,25.627726536317706,9.765625e-05
10101011101110010100,39.472245328445155,9.765625e-05
10111101010111001010,18.91271789273892,9.765625e-05
11110001100111111100,17.003281887015973,9.765625e-05
10101101011111110110,22.69516110267028,9.765625e-05
00101000111111000000,43.00177591803349,9.765625e-05
01000010010110011000,25.62989816479004,9.765625e-05
10110111000101011101,22.518931636626476,9.765625e-05
01111000011110001010,12.764045311132893,9.765625e-05
11110111111101000000,17.285039444419212,0.0001953125
01110101001100000001,22.496151883031715,9.765625e-05
01111101101111101000,26.1276306491908,9.765625e-05
00100110011111000000,26.89670940297779,9.765625e-05
01010100010000101010,26.98403688821432,9.765625e-05
10111001010010101000,21.819365687978333,0.0001953125
00001010011000100001,38.31948646519125,9.765625e-05
10100111011110101010,25.446378389680998,9.765625e-05
11111111011001000010,38.04276447330979,9.765625e-05
11101000010100110101,40.10507276748886,9.765625e-05
01000101111100000001,28.336183077933143,9.765625e-05
01001100011101000000,12.36874590288348,9.765625e-05
11000000111001010001,29.79424809067349,9.765625e-05
00110011000011011010,19.58509979073163,9.765625e-05
00101000101010111010,36.601308059858965,9.765625e-05
01110101011011100011,26.74393843793165,9.765625e-05
11011111100010100010,35.2193259284314,9.765625e-05
10101001111001000100,27.28208342984293,9.765625e-05
10001110100101010000,29.819731518758054,9.765625e-05
01110101000001100100,25.66517640764379,9.765625e-05
10100101011110101110,26.60663651590448,9.765625e-05
01100001010011110101,24.06628119929257,9.765625e-05
00010010001111100000,28.022447764516944,9.765625e-05
11100000000111001010,27.326871295906464,9.765625e-05
00010100001110000000,22.65473623617997,9.765625e-05
01110100010101001000,10.341441276757006,9.765625e-05
01001111010110001010,15.324182792989717,9.765625e-05
01010011010101100010,16.783821234784455,9.765625e-05
01000110111011111010,32.91860489537909,9.765625e-05
01011101101000000000,34.702875092837566,0.0001953125
01000011110101000010,20.130328103723436,9.765625e-05
10000101001100011101,21.341803663093117,0.0001953125
00000110010001000010,23.62492592977467,9.765625e-05
00111001011000000000,11.894933484944307,9.765625e-05
11000011111110110100,20.02662368630019,9.765625e-05
00101101111101000101,16.60663651590448,9.765625e-05
00000111111100000100,20.654736236179968,9.765625e-05
11101111010100000000,42.86751349625182,9.765625e-05
11011101001010000000,31.709151004156567,9.765625e-05
01011101001000100010,34.5448331515136,9.765625e-05
00010111011111111110,25.510916467761817,9.765625e-05
11101111110001100010,28.204835890839462,0.0001953125
00010101001010100000,38.25974944493447,9.765625e-05
11110001011110000000,12.729642552520772,9.765625e-05
00110101111100001000,17.765079685679396,9.765625e-05
00010101001110101000,38.28634376801671,9.765625e-05
01001001111010000010,21.48757622485659,9.765625e-05
10011111101001110010,23.331486113680626,9.765625e-05
01100011100110011001,22.029548410724892,9.765625e-05
01101100000010001001,19.056106269619548,9.765625e-05
11011011101110011000,20.110391537497414,9.765625e-05
11000001011101110010,24.12196116532438,9.765625e-05
01111110101110010100,15.324182792989717,9.765625e-05
00011101110011000000,15.960746621371701,9.765625e-05
10010110010101001000,14.800537219600258,9.765625e-05
10101010101011110000,48.297581493893055,9.765625e-05
01010110010101000110,14.486287828889388,9.765625e-05
01110011011100000010,12.82025192477327,9.765625e-05
11101110010111000000,39.64325448002697,9.765625e-05
01101100011110110010,12.445504559785377,9.765625e-05
11000000001000000001,18.696138426763085,9.765625e-05
00001000011011000100,41.33291276501875,9.765625e-05
00010111011010001000,20.72964255252077,9.765625e-05
11001000110100100011,25.31199680113143,9.765625e-05
01000110000000000011,17.89870371598448,9.765625e-05
10000010010101011100,55.26655536117845,0.0001953125
11011001010000111100,12.38566000151346,9.765625e-05
00000100001010110000,33.43928714608256,9.765625e-05
00001101110000000000,15.252440927530373,9.765625e-05
00110100111001000011,15.09101966108273,9.765625e-05
11010101111111000000,22.958890025658555,9.765625e-05
10111101011110100000,16.535938074574553,9.765625e-05
00001100101101010000,22.25996339925175,9.765625e-05
11110011110111010010,16.710279725688984,9.765625e-05
11110010010100000101,25.348055418747176,9.765625e-05
10000001110100010010,30.43335497260701,9.765625e-05
01100111101101000100,13.996832839096003,9.765625e-05
01001111110111000010,13.490042132299262,9.765625e-05
01010001101001110010,40.842617857967,9.765625e-05
10101001101001000100,23.58850845739362,9.765625e-05
01011101010101000010,14.630607820540405,9.765625e-05
11011111110100100000,22.262204637651863,9.765625e-05
01011101100000100010,36.64612599108551,0.0001953125
00011110100100000100,17.343709070385508,9.765625e-05
00111100001000001100,16.917260368883134,9.765625e-05
10000001011011111101,41.78217681408736,9.765625e-05
10100010001110001100,43.538321965190136,9.765625e-05
01000101101111010101,31.611418952267513,9.765625e-05
10010111100000000000,21.817921024601603,9.765625e-05
11010100111100010000,10.393542138708588,9.765625e-05
01111110010100000010,21.09258504760635,0.0001953125
00110111110111000000,10.278842567273681,9.765625e-05
10011111111100000000,19.409248726191095,9.765625e-05
00101101000101010101,18.539969303049837,9.765625e-05
11100010011001000010,31.739377840985437,9.765625e-05
11111001110100001000,16.55443695343825,9.765625e-05
11110010010101100010,25.20375342829496,9.765625e-05
10011010100100100001,27.730569607032024,9.765625e-05
00010111100101011001,14.494108024024715,9.765625e-05
01101111100000000011,28.113263135683162,9.765625e-05
11010010001101010101,23.16293901667177,9.765625e-05
10101100110100010010,27.71967907428255,9.765625e-05
10000101011111100000,22.693610577260607,9.765625e-05
01001000010101000000,25.185593416556472,9.765625e-05
10000111100011101110,19.820180933130562,9.765625e-05
01010100011111100100,27.534294388298516,9.765625e-05
00000110101101000101,30.246084338531702,9.765625e-05
01001111111110011110,15.906100219177942,9.765625e-05
11011111011001000000,27.255614427994743,9.765625e-05
01010011110111010001,16.660747738096262,9.765625e-05
01111101010000110000,20.970282130879824,9.765625e-05
01001111010000101000,18.04111902392436,0.0001953125
01100100101110010000,18.543513661695066,9.765625e-05
10001010101111010101,57.01310150474397,9.765625e-05
00101101100011000110,14.355464405127336,9.765625e-05
01110001010001010010,11.91176690589462,9.765625e-05
11111011010101000010,38.44435292335875,9.765625e-05
10011110100111010100,23.39572654463488,9.765625e-05
10101100110100000000,26.29448596108582,9.765625e-05
11010111011001110000,19.106642752099646,9.765625e-05
11111110111101100100,23.074927761983204,9.765625e-05
00111110100111010100,22.2210022260253,9.765625e-05
11110000000011000000,15.466223231406783,9.765625e-05
00001101111000000000,17.320178119742817,9.765625e-05
00010111110011010000,16.136905917321055,9.765625e-05
01011001001110110100,19.18786122102479,9.765625e-05
00001011001011110000,21.651276135453056,9.765625e-05
10101111110111100101,33.202776827783396,9.765625e-05
01111011100000000010,26.811937329524262,0.0001953125
10010001110111100000,21.033981874659816,9.765625e-05
11101100001111010100,19.23081466059882,9.765625e-05
10100011000101000000,33.41112572266648,9.765625e-05
11101110010101010010,42.49715784676122,9.765625e-05
10110011001111001000,20.58712419053752,9.765625e-05
10111000111111000000,26.669317791132087,9.765625e-05
01000011001010000101,17.884227837561426,9.765625e-05
11011100000110000000,12.879946239249122,9.765625e-05
10001101101000001000,17.80874342829766,9.765625e-05
11101010001011001110,38.3319947600904,9.765625e-05
01011000000100000100,13.075869699244597,9.765625e-05
00011000000000000100,18.458411264306097,9.765625e-05
00011101001010100000,23.737640972206854,0.0001953125
00010001011101100100,27.220198467847442,9.765625e-05
00011101011110101000,19.47039217717561,9.765625e-05
00010001001001100001,26.845526643921573,9.765625e-05
00001011010100001011,31.283121543100304,9.765625e-05
10111110011101010111,40.71145900068352,9.765625e-05
10100101010101011001,21.519885246366115,9.765625e-05
11110000101010101011,20.75333342215666,9.765625e-05
01100100010110110011,22.00143145660879,9.765625e-05
01011010001100010101,20.632467126276094,9.765625e-05
01100101111100000000,16.596396836182095,9.765625e-05
11011100011011000100,11.897743777524296,9.765625e-05
11011110000000000010,30.73765969698691,9.765625e-05
01111011111000000000,18.12579071552902,0.0001953125
00101001010001110100,30.87761369557126,9.765625e-05
11011100010100000000,8.456560910186298,9.765625e-05
11010100000000000001,13.596799082481553,9.765625e-05
01001111111000100000,18.182213993509226,9.765625e-05
10010110011001101010,21.645597776258132,9.765625e-05
00110001011110110000,22.5063399431853,9.765625e-05
11010101111110100100,27.351264426055817,9.765625e-05
11011101101011001101,25.32547201050518,9.765625e-05
10111111100110000110,31.028535433152946,9.765625e-05
11001000111110111010,29.911565271349453,9.765625e-05
00101001001111110101,33.17797081879414,9.765625e-05
10110101101110111010,25.098618631619097,9.765625e-05
10101111011110010000,36.39485280186646,9.765625e-05
10000010010111110101,62.298436511881434,9.765625e-05
00110101111111110001,21.322152358730538,9.765625e-05
01100001011111101000,28.619783093516823,9.765625e-05
10111100011110000000,15.69177344074857,9.765625e-05
11010100111001001000,16.81906378569971,9.765625e-05
10101010000001000101,71.63812757139942,9.765625e-05
00011011111100001000,17.516098135294687,0.0001953125
00100011001111110011,34.79152608898995,9.765625e-05
10000111110110000010,19.70103278124853,9.765625e-05
01110000101010000000,17.8289818968023,9.765625e-05
10001010111010000001,41.914991840833565,9.765625e-05
00111000110011100000,22.429734032961953,9.765625e-05
01111110011010100001,16.5359283885376,9.765625e-05
10000011011101111101,39.93867646887611,9.765625e-05
11110111011110001000,23.13512104767169,9.765625e-05
10111110101000000000,30.73292879306547,9.765625e-05
10110011111110000000,16.95938099216844,9.765625e-05
11011001111110000010,15.839417802274244,9.765625e-05
00101011101101100000,27.514848054161323,9.765625e-05
11111010010100101000,34.33498878439344,9.765625e-05
10011100010001001010,16.072400636061978,9.765625e-05
10011111011111001111,17.597738739782713,9.765625e-05
10110000010010001000,19.8594056938018,9.765625e-05
00011110000000001100,20.871502878322456,9.765625e-05
01011110010011000010,13.95387595507836,9.765625e-05
00110101010100000010,11.996832839096001,9.765625e-05
01010000101000100011,37.19570598494721,9.765625e-05
11001111010001010100,20.696504344670004,9.765625e-05
11011001110011011101,15.690571262109325,9.765625e-05
00110101101000000000,21.90943600572295,9.765625e-05
11111001011111000001,18.549180642678998,9.765625e-05
01110111110000100000,25.21174288552534,9.765625e-05
10110011010100000110,26.200943870136037,9.765625e-05
11000011110010101010,16.18300434857544,9.765625e-05
00101010100000000000,36.72754880457836,9.765625e-05
00011001000001000100,15.03903134291124,9.765625e-05
00110011111111010001,20.221578675442075,9.765625e-05
10010101111011000101,23.135229434223294,9.765625e-05
00001100001111110001,24.393863631041,9.765625e-05
10000000010011100010,42.33951368940115,9.765625e-05
01100101011011111011,27.609076722552693,9.765625e-05
11000101000100101000,17.57197620430086,9.765625e-05
01110110111101000000,10.486287828889388,9.765625e-05
00100011011111110101,41.842008965459954,9.765625e-05
00110011100000000110,15.581564823856093,9.765625e-05
00011001000111101010,22.06915624192192,9.765625e-05
11110001010110011100,13.404106624354315,9.765625e-05
00111000101111000000,20.06725779980413,9.765625e-05
00110101001100010100,14.762327167134352,9.765625e-05
00000010000101010000,38.80560282262205,9.765625e-05
10100000010110001000,40.714896637919516,9.765625e-05
00111111111000000001,18.552229730994437,9.765625e-05
01100010011101110000,35.04579309537197,9.765625e-05
10101110001111100000,37.12485148829017,9.765625e-05
01000100000000100010,23.67887714584605,9.765625e-05
00011100001111110100,18.411079621109785,9.765625e-05
10101101111101101000,17.47410463418084,9.765625e-05
11100111011010100010,24.999928371903245,9.765625e-05
10001101100000000011,17.69931463724999,9.765625e-05
01000100100001000010,24.65473623617997,9.765625e-05
10111001010011011100,29.225611340283493,9.765625e-05
11000100011110100100,20.474757163190127,9.765625e-05
10000100100000000011,21.213849029527246,9.765625e-05
10010111011010000000,20.30325786664669,9.765625e-05
00110001111101000000,14.45947687929535,9.765625e-05
01001001011110110101,24.121961165324382,9.765625e-05
11011010110111010001,25.52920588163201,9.765625e-05
01000110011011000000,16.670683420335344,9.765625e-05
10010001011010100011,26.757155920059503,9.765625e-05
01101000111110101000,28.685426537786856,9.765625e-05
01101001111011010100,16.130328103723436,9.765625e-05
00101110111001000000,27.135470939981282,9.765625e-05
00101001101110110001,30.045432695477153,9.765625e-05
01011011000011111010,21.24674247268029,9.765625e-05
01000110011010100101,22.62587338504816,9.765625e-05
11111100010010101000,17.22238378285886,9.765625e-05
00011111100101001000,15.647862859864091,9.765625e-05
11001100010001010111,16.343348670490688,9.765625e-05
01010001110100100000,23.773300053545686,9.765625e-05
01111111010100000001,28.83769350380956,0.0001953125
01000111111010001010,29.324949950143957,9.765625e-05
00011101010101101101,13.825402803561888,9.765625e-05
00110101110011111010,27.741637749514396,9.765625e-05
11101001010110001000,25.64505601172771,9.765625e-05
00010110000111111101,22.17702336352065,9.765625e-05
11010110111101000000,12.181228430541957,9.765625e-05
00111101101111000000,11.531139710581217,9.765625e-05
10111111000010000001,43.56774798866675,9.765625e-05
11111111101111010101,25.37092967235573,9.765625e-05
11110111101101010000,20.937645604264226,9.765625e-05
01101110111110000000,17.363664372231387,9.765625e-05
10100000111111111110,63.46545182989686,9.765625e-05
00101100101011010111,24.021471164005387,9.765625e-05
00101100110111011000,30.165811262151376,9.765625e-05
00010111011110100000,19.106608088849477,9.765625e-05
11110001111111100000,14.245669696172747,9.765625e-05
10001001111010100000,22.32925184045511,9.765625e-05
00001011011000010100,26.372211521622496,9.765625e-05
01010000111000000010,27.072735335162335,9.765625e-05
10111010010011101011,42.64727343739798,9.765625e-05
11001111011101001100,17.293833432076532,9.765625e-05
11110110010110011001,15.346763502048987,9.765625e-05
11100111101100010000,19.00811835870308,9.765625e-05
01000000101110010000,38.94600341679299,9.765625e-05
11110111011010100000,29.77084599283566,9.765625e-05
00010101011100000101,19.489747206035055,9.765625e-05
10010000010110100000,22.279671851991594,9.765625e-05
00111100011110010001,9.60078774097095,9.765625e-05
00010010000000010110,25.803353753773592,9.765625e-05
10000101111100000000,19.653191228782397,9.765625e-05
10010011001000000000,18.201358512494995,9.765625e-05
10110111001111001010,21.108290726003737,9.765625e-05
10110111101101000101,16.701020385189032,9.765625e-05
01110010110000001000,11.211588211913162,9.765625e-05
10110101011110110100,18.73154994625445,9.765625e-05
01101001011011000000,14.486287828889392,9.765625e-05
10101111101010101000,25.852936539386853,9.765625e-05
10110100000000001100,18.25122790921062,9.765625e-05
10111111101010001001,29.8422929320308,9.765625e-05
01110101000000001000,33.31025105702434,9.765625e-05
11110111100000101010,35.545706981409225,9.765625e-05
01100010100000000001,21.338630984177016,9.765625e-05
10110001101100111010,20.618944944719875,9.765625e-05
11010000011001101000,16.585042838654605,9.765625e-05
01101100001101010000,11.625911492741938,0.0001953125
00100001000101010000,23.40354466620171,9.765625e-05
11000111000010001010,22.32322909612288,9.765625e-05
01110000001101010010,16.374636524221657,9.765625e-05
00111101110100000011,9.710521231446979,9.765625e-05
11101000010001000000,32.36377440228918,9.765625e-05
00111101110101000000,9.183075340218151,9.765625e-05
00010110000100011101,16.11820965906425,9.765625e-05
00110100101101010000,13.008421191703013,9.765625e-05
10101110101000100000,31.85702804477956,9.765625e-05
00110101001011010001,17.90704776157863,9.765625e-05
00000100011110100000,36.78207187197936,9.765625e-05
10111111000100101101,37.57331975140767,9.765625e-05
00000101100101000000,19.42207747389451,9.765625e-05
11010111110011010100,14.376554425540554,9.765625e-05
11001011001101011001,28.121963962474126,9.765625e-05
11110011010000000000,22.385498314058843,9.765625e-05
01100001000011010100,16.002395650221032,9.765625e-05
00010000001101000010,30.850000925572814,9.765625e-05
00010101110100010101,20.78076681396079,9.765625e-05
11111101111100100000,16.50178215422865,0.0001953125
11000000110100000010,22.537775934667835,9.765625e-05
00000001000000101000,26.670446268106083,9.765625e-05
11110111110101010000,16.489210959516726,9.765625e-05
00100110000010001000,21.03903134291124,9.765625e-05
01110001100011011001,24.72250373811385,9.765625e-05
01100101100110110010,26.12332420946032,9.765625e-05
01101001111101010101,23.0484711778307,9.765625e-05
01111001011011000101,12.1596207137264,9.765625e-05
01010111010100001000,17.979989732108727,9.765625e-05
11000010011000000000,19.161821869240917,9.765625e-05
00001101111010000000,20.00972904687132,9.765625e-05
01001010100000010101,27.16809153896657,9.765625e-05
11100110111001000000,18.424583154173337,9.765625e-05
11011111000001100100,32.485485077763684,0.0001953125
01010100000100101100,24.62468877754541,9.765625e-05
00100101101101110110,24.04070803314907,9.765625e-05
01011010101101000000,20.075210928641965,0.0001953125
01000100011111000000,25.49918403666471,0.0001953125
01111101101010000000,30.609682894197377,9.765625e-05
01110110001111010000,13.498486227646993,9.765625e-05
00100110010111001000,28.194259470924226,9.765625e-05
00001110111101001000,27.453426546104033,9.765625e-05
01010010010100010001,14.202241217719124,9.765625e-05
00111001011011000000,12.853363490268453,9.765625e-05
01110011100011100100,18.541360458383494,9.765625e-05
00100101001111100000,20.618944944719875,9.765625e-05
10011011110101110100,27.737018654951992,9.765625e-05
01100101101010111001,35.019327662922606,9.765625e-05
00111110011010110001,18.184693325699726,9.765625e-05
11110101010010001000,25.464431385742998,9.765625e-05
11011100011111000000,8.740341223889233,9.765625e-05
11001011001101000100,24.391935912832466,9.765625e-05
11100111010001011100,19.659205108625947,9.765625e-05
10100111101111000101,21.116766883752135,9.765625e-05
10101010100111000010,53.79390099551364,9.765625e-05
01010000100111100000,32.600123452356215,9.765625e-05
00001010111111000000,45.2460843385317,9.765625e-05
01111110110110010100,15.076161915486264,9.765625e-05
10100100011101000111,33.65997153135912,9.765625e-05
11000011011110000000,16.181228430541957,9.765625e-05
01011000011101100000,16.043758715261866,9.765625e-05
11001100110101010100,14.07681715451809,9.765625e-05
01100110001010011100,17.844250644013872,9.765625e-05
11110110111101000000,13.394772847768039,9.765625e-05
11100111010101110000,21.93860274557467,9.765625e-05
11000100011110000000,16.411693100864166,9.765625e-05
11111001101111000010,16.97949441207011,9.765625e-05
11101011111010011100,24.517049122138992,9.765625e-05
00011010010111110110,37.718881117544235,9.765625e-05
11101101000111111110,17.58449617167826,9.765625e-05
11110100111110100000,11.35868934006628,9.765625e-05
01010010101010000001,22.373682827354813,9.765625e-05
00101101010000010000,18.04111278233101,9.765625e-05
10011011010101111001,29.516861124424068,9.765625e-05
00101001001111101000,26.374636524221657,9.765625e-05
10001000110111010100,55.13670156191353,9.765625e-05
10110101110000000001,12.849166308346675,9.765625e-05
11111000111110011100,16.9597956345274,9.765625e-05
00001100011101100010,24.84822148680834,9.765625e-05
11100001100110111010,21.976596171528783,9.765625e-05
11110000100110100001,13.640873113930049,9.765625e-05
11111100100000101110,18.509633159744418,9.765625e-05
00100110101111100000,26.007386817156505,9.765625e-05
11001111001000100100,23.27942679302661,9.765625e-05
01101001101111110000,20.755373026011604,9.765625e-05
00000100111110010000,41.57003686817937,9.765625e-05
10010100101110010100,24.65754652875996,9.765625e-05
11111100100001000000,18.863678515162277,9.765625e-05
11001111000100011101,22.74890086730686,9.765625e-05
00100110111110000000,24.34443094753131,9.765625e-05
11111110101010100001,26.046473398744205,9.765625e-05
11110001101010000000,19.348055418747176,9.765625e-05
01000011010000000000,10.363774402289181,9.765625e-05
01001001111101000100,20.160449998444314,9.765625e-05
01010101000000000100,31.65238669835545,9.765625e-05
00100101101110011100,27.718819604798423,9.765625e-05
10110100010100101000,12.78740656961822,9.765625e-05
10001000110001100010,36.78324929632764,9.765625e-05
01000101011110100000,30.946710275393613,9.765625e-05
00111000010001010011,28.020523708731893,9.765625e-05
11111101110101001010,17.285039444419212,9.765625e-05
01100111011110010100,13.953785297094477,9.765625e-05
00111100101001101100,18.739381285429047,9.765625e-05
11000000011010100001,26.43335497260701,9.765625e-05
00111011111001110011,22.93546329354261,9.765625e-05
01110111010000110000,23.73354154923861,9.765625e-05
00101011010100000001,41.83290129428237,0.0001953125
01011011010101011001,18.794783700737767,9.765625e-05
11011100100000000000,15.783051269640659,9.765625e-05
10111010101010010101,39.531139710581215,9.765625e-05
11111100100101000010,14.172508144549887,9.765625e-05
11000000000010001000,17.031008131515815,9.765625e-05
10110110010100000010,24.379776650456964,0.0001953125
00000110101111001010,33.6130952498614,9.765625e-05
01111011101010110010,21.834688971921302,9.765625e-05
00010110010010100010,20.29374651280352,0.0001953125
00011101110001010111,16.288015897585744,9.765625e-05
10011001010101110110,22.898185198033882,9.765625e-05
01010111100010101010,45.478788478792616,9.765625e-05
01001110110101000000,17.16809153896657,9.765625e-05
10011111101100110100,21.36125457368128,9.765625e-05
10100000100001110101,42.689781837764414,9.765625e-05
11100010101101110000,30.806215578795182,9.765625e-05
01111110000000010110,27.648887548373636,9.765625e-05
00011010000001111011,31.45080114973046,9.765625e-05
01011001111010000000,19.88744382088448,0.0001953125
11111101110101100000,15.788970312635655,9.765625e-05
01110011110110001101,12.736546972979157,9.765625e-05
11110010010010010011,22.768757577401477,9.765625e-05
10000100100000010010,20.86478839231145,9.765625e-05
00011011010011100111,19.043808691324475,9.765625e-05
11001111111010011000,15.241114617238637,9.765625e-05
10010011001000000010,21.461614117148592,9.765625e-05
00010001011110010000,27.80238683929899,9.765625e-05
01110111111111000001,14.488910945302734,9.765625e-05
00100010010110000000,39.424821040823666,9.765625e-05
01010000001011100001,32.672517846824846,9.765625e-05
01010001001111100101,32.266030688761695,0.0001953125
01001110000101100101,19.974878027530245,9.765625e-05
11101001101010100010,16.539969303049833,9.765625e-05
10110111011100000000,21.813802876853302,9.765625e-05
10011011110000100000,20.398517170873696,9.765625e-05
01100110001010100010,21.953393031099235,9.765625e-05
01011110101100011111,17.759156474659548,9.765625e-05
10010010010001000000,24.256391271185933,9.765625e-05
10101000110000000010,36.08625407227494,9.765625e-05
11110000111000000000,5.610835341332443,9.765625e-05
11010001011110000100,14.782328483409731,9.765625e-05
00100101101110010000,21.920180827315956,9.765625e-05
10001110011101000101,41.5656196153022,9.765625e-05
01010101111111101100,44.442711947105266,9.765625e-05
01000101101100000110,33.40766905554336,9.765625e-05
01010111011001101110,27.819343518754682,9.765625e-05
01011011001000000000,21.668956324720924,9.765625e-05
00000011110100011101,35.33669715522781,9.765625e-05
01100000001111100100,32.4702696530913,9.765625e-05
01101100010101000010,15.092523742000598,9.765625e-05
10100110000101000001,35.3663156873793,9.765625e-05
10001010011011100000,42.97768832011023,9.765625e-05
10010001111101010001,24.524063045374156,9.765625e-05
01010010100000001000,16.766381299254355,9.765625e-05
01001000010000000010,17.164632161820904,9.765625e-05
10110110000000000110,30.509630449721875,9.765625e-05
01101101110101110111,13.138858601902992,9.765625e-05
01101010000000000100,34.124592890418505,9.765625e-05
11001010110110010101,37.7099696937524,9.765625e-05
00101100101101111010,24.121961165324382,9.765625e-05
00100010101001011010,39.033981874659816,9.765625e-05
00010001111110101000,43.441760960260964,9.765625e-05
10110101101110100000,20.793666553306917,9.765625e-05
10000010111110101001,47.886412156360514,9.765625e-05
11111001010000010000,23.17662629229818,9.765625e-05
11000111111111010010,17.34292081052397,9.765625e-05
10010111100111010101,14.1923827687161,9.765625e-05
10010100010000100001,11.938185295226155,9.765625e-05
11111100110000001111,13.638127571399423,9.765625e-05
10010100111001011000,21.30947247235994,9.765625e-05
00001111111010000000,15.471294341600853,9.765625e-05
01000110110110010000,16.043758715261866,9.765625e-05
01010000100011010110,33.95465279826956,9.765625e-05
00000110101011000000,25.160138410128734,9.765625e-05
01110100110101000010,9.57780281001074,9.765625e-05
00111110011100000000,19.202318450955183,9.765625e-05
01110000011111111100,29.109238083310213,9.765625e-05
00110111101000000000,20.546612590278066,9.765625e-05
01010100010000111000,20.811553720877647,9.765625e-05
01011101010000001000,24.636033823457012,9.765625e-05
00000000100111001101,60.37071712674158,9.765625e-05
10110011000000000000,26.385498314058843,9.765625e-05
10010101100100001000,18.68741814077101,9.765625e-05
11011110010001101001,18.482545285084967,9.765625e-05
00001100010100010110,26.367843738458237,9.765625e-05
01110101000101010010,18.029160585385576,9.765625e-05
11010000101001010000,18.064268129029823,9.765625e-05
10011110111100000000,18.928514022389784,9.765625e-05
01001011011010000000,12.603964675039103,0.0001953125
01011011110000000000,16.20135851249499,9.765625e-05
00100001000111001000,26.189196577924978,9.765625e-05
10001010001111000000,44.02759684236814,9.765625e-05
10010010110001010011,32.50997869852528,0.0001953125
01001001011000100010,16.18220151032253,9.765625e-05
10010111011111100110,20.452641817813305,9.765625e-05
01001100100000100100,16.009391550621224,9.765625e-05
01010101110100001000,30.28947813209897,9.765625e-05
01000001000110011110,30.258240890884665,9.765625e-05
11100101010010100000,19.293833432076536,9.765625e-05
00100110100101010101,29.44146531041551,9.765625e-05
11111111111100000000,31.193598164963106,0.00029296875
01111110111011010000,13.423265612968073,9.765625e-05
01101011111100000000,21.69177344074857,9.765625e-05
11000001111110010000,23.637474955262938,9.765625e-05
01010110110110000000,13.163915617183324,9.765625e-05
11111001110001101000,15.700143834431046,9.765625e-05
00001100010001010001,22.401032744329537,9.765625e-05
11100101001110000000,20.391935912832466,9.765625e-05
01010011111111110010,28.92986926361102,9.765625e-05
11000001101110000001,25.914991840833565,9.765625e-05
11010110111100111011,15.362157679667654,9.765625e-05
10010011111111001111,26.079988091551325,9.765625e-05
10110101111101010100,11.295609350110016,9.765625e-05
00111100010100001000,13.34089253621217,9.765625e-05
00011111011100110000,14.276256100551805,9.765625e-05
11111000000001000010,23.329910698184946,9.765625e-05
11100100001001001100,15.565077850771768,9.765625e-05
01111101111010010000,18.712451528825383,9.765625e-05
11000111011010101000,18.027596842368144,9.765625e-05
10000100011110001101,35.121309359896344,9.765625e-05
00001001001111010101,32.44922147908272,0.00029296875
10110100101011110000,18.61894494471988,9.765625e-05
00010001111100000101,29.072573772662942,9.765625e-05
00101000001110010000,34.778920638705664,9.765625e-05
00011100111110011000,21.637474955262938,9.765625e-05
11010111110100000001,15.38354688149714,9.765625e-05
00011110111000010001,15.899651171257975,9.765625e-05
01010101111100000000,31.483298158115083,9.765625e-05
10101011011101101101,52.25411305709942,9.765625e-05
10011000010110001100,26.860712814549043,9.765625e-05
11011001001001110000,16.915880591350803,9.765625e-05
01010110100111110000,19.646551473124973,9.765625e-05
01010110001111000101,17.06635219093528,9.765625e-05
00100111111101000000,15.220051239180997,9.765625e-05
10010011010110101100,16.002395650221032,9.765625e-05
11010011010000000011,16.997783825940303,9.765625e-05
01001001110111011001,30.406274281102036,9.765625e-05
00110101101111010010,21.056499896398403,9.765625e-05
11011011011000000000,22.520893789265486,9.765625e-05
01111111101100100001,27.718191193626055,9.765625e-05
00100001101110011101,39.83419054962586,9.765625e-05
11111001011110100000,15.268747787999317,0.0001953125
11110110101000000101,20.546612590278073,9.765625e-05
00001110111000010111,31.11915711433774,9.765625e-05
00010111000000000011,21.506472240433766,9.765625e-05
01100100000010110000,17.686915550450713,9.765625e-05
11100111101000010001,21.79431741717383,9.765625e-05
01010001011110000000,23.311978152638762,9.765625e-05
00101111110000000010,22.62779752796041,9.765625e-05
11010101010011111000,21.25087654805889,9.765625e-05
00111111101001010110,19.60078782809814,9.765625e-05
11111100011110110000,9.354667074046702,9.765625e-05
10001110010010100010,27.03639363801502,9.765625e-05
10001010101100011001,46.90094654323959,9.765625e-05
11001111110101000000,18.140201843902716,9.765625e-05
11101001111000100100,13.288173721374271,9.765625e-05
10001101000101000110,15.898703715984485,9.765625e-05
00110101010101000011,9.192324994681154,9.765625e-05
00110110010100000010,14.517049122138989,9.765625e-05
10010111101110001000,20.598892830423964,9.765625e-05
01010011011110010100,13.640873113930045,9.765625e-05
01100011100110110101,23.27141962886469,9.765625e-05
00000101001110110101,33.965519284570576,9.765625e-05
01010101001100010010,33.726921165655085,9.765625e-05
01010110111111000000,18.130328103723436,9.765625e-05
00010000011110000000,29.766316549204994,0.0001953125
10010111111110100000,19.106608088849477,0.0001953125
11111110010100000100,38.72640604348025,9.765625e-05
01010110100110010001,14.660622395226028,9.765625e-05
00001011110101000000,27.71644091089602,9.765625e-05
00010111010001101010,20.2210022260253,9.765625e-05
01110001110100010110,11.57780281001074,9.765625e-05
10101110101111000100,37.51519252642584,9.765625e-05
01100110111110100100,22.091736205720306,9.765625e-05
10011110101001000101,24.37179687926354,9.765625e-05
10111110110001000000,34.54661259027807,9.765625e-05
01001001100000001001,23.08625407227494,9.765625e-05
10001101000101010111,18.726834246382076,9.765625e-05
01111101011111010000,11.025383378330982,9.765625e-05
00010110010110100010,18.71737868013256,9.765625e-05
01100101100111000000,18.654944036031104,9.765625e-05
11010101100000000010,34.593735710042004,9.765625e-05
11011110110111100010,14.25051614816407,9.765625e-05
01101000000110010101,30.203201890600383,9.765625e-05
00001110001111000100,22.471294341600853,9.765625e-05
00000110011011110001,32.72870771128665,9.765625e-05
11110100101101000111,11.06635219093528,9.765625e-05
01110100011001010010,10.487241525756229,9.765625e-05
00010001010001101111,31.21690878285914,9.765625e-05
11011110110011000000,16.90531785797465,9.765625e-05
00001110111101011001,32.97899087524632,9.765625e-05
10000110100101111101,29.313873063185746,9.765625e-05
11010100001000101000,22.248728470525144,9.765625e-05
01010001111111000100,30.21426629437189,9.765625e-05
01110100101010000000,23.183980949087,9.765625e-05
00001100100111000110,26.246084338531702,9.765625e-05
01011111001000000000,32.86751349625182,9.765625e-05
00110001110110010000,18.429734032961953,9.765625e-05
11001101110001100010,11.550343695775963,0.0001953125
01000110111110111010,32.81570927437466,9.765625e-05
01101000000000010100,22.22674876887337,9.765625e-05
00101001100010001011,25.761783759097742,9.765625e-05
00111001100101110110,19.271419628864695,9.765625e-05
00001011110000010000,25.16809153896657,9.765625e-05
00010010111001010000,30.603835909361447,9.765625e-05
11001111111010010100,14.745072127810666,9.765625e-05
01111100010111011100,13.042584088063329,9.765625e-05
11111011101011000001,29.925260763761038,9.765625e-05
11010000101000001001,18.81906378569971,9.765625e-05
11110101010100011000,15.680203736634226,9.765625e-05
11000010011010000000,19.57570906206833,9.765625e-05
01011100010000000000,9.828808760201333,9.765625e-05
01100000010010000000,18.426686588152705,9.765625e-05
01111000001111110000,17.04449148179701,9.765625e-05
01110000001101111010,24.5063399431853,9.765625e-05
01010010010000101000,13.988710018100805,9.765625e-05
01100111011000001000,18.451235985711598,9.765625e-05
01000001111110100000,39.468812506527875,9.765625e-05
01100001011011110000,22.5063399431853,9.765625e-05
01010100010100100000,15.320178119742817,9.765625e-05
10101010001110100000,49.60714088552601,9.765625e-05
01011101110110100010,25.305152777193673,9.765625e-05
11111111111100111100,23.069364950858173,9.765625e-05
01101110100011111101,23.736207148510626,9.765625e-05
10111011011110000000,32.8413419451865,9.765625e-05
00111101110001100010,12.64654876310243,0.0001953125
01101111001010100000,25.724101187038144,9.765625e-05
00100001010000001000,20.99337690639394,9.765625e-05
01010111111110101100,30.811811273869147,9.765625e-05
11011001111000000000,13.402012876411902,9.765625e-05
01000101000101010011,19.79930234251595,9.765625e-05
11011001011111110001,15.122743613654873,9.765625e-05
11101110101010000110,26.302836248273323,9.765625e-05
00010111100100011000,18.19535712667796,9.765625e-05
10000011110100000000,22.231104068850932,0.0001953125
11111100111101000000,8.737530931309244,9.765625e-05
11010101100001100001,25.87837290816175,9.765625e-05
01001101111101001001,20.26932588092229,9.765625e-05
01100000101000101010,29.08426246929079,9.765625e-05
00010110011110101000,20.802386839298993,9.765625e-05
01111110011000101000,20.670812186013002,9.765625e-05
10101000101101010001,48.55345057976254,9.765625e-05
01001011011010100001,16.91751272516145,9.765625e-05
01101100101011010000,11.970147123608811,9.765625e-05
00011001110011100110,23.39609844234389,9.765625e-05
11011101110010110111,17.226738359255172,9.765625e-05
10100100001011100000,22.914991840833565,9.765625e-05
00110101100000100110,25.54282914163013,9.765625e-05
00101001001010000011,20.643673720473082,9.765625e-05
11011000000010001100,15.69774194261667,9.765625e-05
00000000011010000001,44.98582873387811,9.765625e-05
01100101010000000000,15.101315019635383,9.765625e-05
00111101100000000001,18.11265037951003,9.765625e-05
11010111111100000010,22.90627155484149,9.765625e-05
11000001100101100010,19.959847166969,9.765625e-05
00011000110000010101,28.64523809994456,9.765625e-05
11110101010110100000,20.17250814454988,9.765625e-05
10011011010011011100,26.913623501607766,9.765625e-05
00100011000111100000,25.066352190935277,9.765625e-05
11010010110100000100,12.212895332660406,9.765625e-05
01100101010001000010,13.996832839096001,9.765625e-05
11111111010001000000,46.318776124319,9.765625e-05
11101000000111111001,37.79460776698706,9.765625e-05
11010110010100010101,10.871148720020988,9.765625e-05
11001001001010000001,18.250886234095844,9.765625e-05
00111101101111101000,17.66284312954486,0.0001953125
11010111111010000101,21.839421333845053,9.765625e-05
10011001001010101010,21.064615322156698,9.765625e-05
11001101111000100000,13.75978933732766,9.765625e-05
11011111010001001111,25.056084187523098,9.765625e-05
10111101010000000000,26.817921024601603,9.765625e-05
00100010111111000000,45.12268656320118,9.765625e-05
00110110000000010010,18.234524407581514,9.765625e-05
11100010100101010001,35.7478903379662,9.765625e-05
00111101101010010000,18.712451528825376,9.765625e-05
10111100111111000000,13.640873113930049,9.765625e-05
01100011001001010000,16.241141259594222,9.765625e-05
00001000010110011011,51.44180625110921,9.765625e-05
10010111110110000010,17.622654691702564,9.765625e-05
01100000111110000000,27.582167796025253,9.765625e-05
11101101001101000010,19.069364950858173,9.765625e-05
11110001111010101000,17.594155684909182,9.765625e-05
11101001010001000000,25.000950986844302,9.765625e-05
11111110101011010100,26.55222973099444,9.765625e-05
00100000111001011100,51.615437479576215,9.765625e-05
00110101101101100110,21.217218777377358,9.765625e-05
11001111001000000100,25.571729366034646,9.765625e-05
10010101000101110000,13.81215054942048,9.765625e-05
10010111011011010000,17.710521231446975,9.765625e-05
00001011111011100000,24.027172426845027,9.765625e-05
00100111001111111000,19.87820428252074,0.0001953125
10000101101011101110,34.41008781654917,9.765625e-05
11111011011111100100,26.396236246764637,9.765625e-05
01110100010110001000,13.285854395304176,9.765625e-05
10011110101000010100,25.484816523157072,9.765625e-05
00011111000100011111,18.535928388537595,9.765625e-05
10010100111111000000,21.558078418800772,0.0001953125
10000101001011100100,22.20320189060038,9.765625e-05
10001001110000101010,22.372205280029146,9.765625e-05
00110001011100010101,18.228761839136116,9.765625e-05
10100101101100010001,16.357471125033342,9.765625e-05
11111111000000101000,52.65186293502384,9.765625e-05
00001011111001000001,27.23624526160259,9.765625e-05
10010101011111000010,21.198055609898923,9.765625e-05
01001101010000000010,14.88275653182911,9.765625e-05
00010101010000001000,22.818167862867814,9.765625e-05
11110111111010000000,25.6848360488044,9.765625e-05
00110100101111101111,32.40382274491068,9.765625e-05
00010011111010000000,19.287730657358495,9.765625e-05
11001101010001100110,10.645635883951904,9.765625e-05
10101100011110010101,36.825378746273614,9.765625e-05
10011100111110100000,12.707126517223475,0.0001953125
11011010010101110110,30.529872673129226,9.765625e-05
11111000001100100110,16.041719296910795,9.765625e-05
00110010111011111000,32.62623214143679,9.765625e-05
11011010100101000101,27.904199067037617,9.765625e-05
01100100111101001111,27.29047619988912,9.765625e-05
11010111011100010101,14.611496185503569,9.765625e-05
01000000110000100011,36.6729324891838,9.765625e-05
00111000000101001000,24.73746691568095,9.765625e-05
00011101111011000110,21.84401098890213,9.765625e-05
00101101000001000000,15.222383782858856,0.0001953125
01000111010101001101,12.451155308031929,9.765625e-05
11101000001100101100,26.322994653916155,9.765625e-05
10111110100101010000,34.37105283289409,9.765625e-05
11011101110010000000,22.24155319193064,9.765625e-05
11011110110101000100,18.628703136829266,9.765625e-05
10001101110101010000,15.717757728520038,9.765625e-05
10110101100011001110,21.815976393390258,9.765625e-05
00011110111100000000,13.770151530294534,9.765625e-05
01010111001011010101,22.38909032054826,0.0001953125
11111001010001001101,22.67146733750797,9.765625e-05
11101010000001101000,44.33498878439344,9.765625e-05
10011111101111111011,16.86693948497482,9.765625e-05
00101101000101001100,18.31108222980687,9.765625e-05
01001110011100010100,16.33238620453738,9.765625e-05
10111000000111000001,32.79916190436005,9.765625e-05
01101101011100111010,15.561591107689267,9.765625e-05
00010011110100001000,14.941586898336874,9.765625e-05
00001011010101000110,31.628291204492847,9.765625e-05
01111111111010100010,24.87392371289676,9.765625e-05
11000110111110001000,16.36456998110024,9.765625e-05
11101111000101001000,40.187069173784536,9.765625e-05
01011111101100011000,25.48453335649831,9.765625e-05
01010111010110001000,19.023485670634255,9.765625e-05
10100010001010100000,36.13481216937865,9.765625e-05
01110010001010110111,22.234363052222186,9.765625e-05
00001000000001011101,45.08426246929079,9.765625e-05
00000100010101000000,24.847907177630404,9.765625e-05
01011100100100100100,16.145521261205136,9.765625e-05
11010111000000001000,31.279892010074207,9.765625e-05
00001001110111101000,35.40252621928551,9.765625e-05
00011100010000000001,9.268388111685748,9.765625e-05
00010110110110000010,18.677132468255316,9.765625e-05
11010101011110100000,24.980937187382224,0.0001953125
11110010011110110100,22.18402903708499,9.765625e-05
01010111111101000001,18.352053115979665,9.765625e-05
00001001110100011000,32.38413810490067,9.765625e-05
01011110101010000000,20.399844692383176,9.765625e-05
11110000001111011000,18.736159060512644,9.765625e-05
11011011110001110011,20.940274875143707,9.765625e-05
01001110100111100010,17.568471754286822,0.0001953125
00100110001111110101,33.77631835311687,9.765625e-05
00010101000000101000,32.124592890418505,0.0001953125
01010111110110100000,24.793666553306913,9.765625e-05
00111111101000000101,22.86051135425827,9.765625e-05
00110111010100010111,15.692296567626148,9.765625e-05
01101011001001110000,24.586426469056654,9.765625e-05
10111101001000000000,27.35415819346521,9.765625e-05
11011001010101100111,13.651917127779136,9.765625e-05
10010101101111010001,21.956014259447954,9.765625e-05
00010100101001010111,34.75750934393991,9.765625e-05
11111101010000000000,31.726406043480253,9.765625e-05
10000110001111100010,28.410109262191575,9.765625e-05
00100011000111010101,32.9812737745472,9.765625e-05
00001011100101100011,29.342920810523967,9.765625e-05
11010110001010010111,21.60264713383384,9.765625e-05
00010001101011111011,54.15810526584701,9.765625e-05
11001000011110110011,29.950166131808288,9.765625e-05
11111000011111001010,19.003281887015973,9.765625e-05
11011010110110001100,17.850071917215523,9.765625e-05
11101011110000100010,29.300469019709112,9.765625e-05
00000111100110000000,16.325088401858565,9.765625e-05
00001011000000001100,21.519320360211093,9.765625e-05
01001011010000000010,16.716569676573677,9.765625e-05
10011010110001000001,34.04147153871964,9.765625e-05
00100100010010001000,24.214651584352715,0.0001953125
01010111110010010000,22.64938122490608,9.765625e-05
11000011101011011101,19.07005840634716,9.765625e-05
11101001111100111000,19.30919275014479,0.0001953125
10110010000000001011,28.709568269001206,9.765625e-05
10100011111010101010,26.488300899152133,9.765625e-05
01100100101101010000,14.737491805766961,9.765625e-05
01100110110001010100,16.739381285429044,9.765625e-05
11100101101010100100,22.287239690848605,9.765625e-05
01100111101100010100,14.575984321991363,9.765625e-05
00101000000000001000,30.73537316773854,9.765625e-05
01110000000110001000,16.30591972720785,9.765625e-05
11000001011010100000,18.566025306045262,0.0001953125
00110101010101000110,10.959380992168445,9.765625e-05
01010111011110100000,24.617153099056083,9.765625e-05
11000010110001001000,19.656592831893118,9.765625e-05
00010011111000000000,16.782328483409728,9.765625e-05
10110101011010100011,21.577834970378426,9.765625e-05
01110101010001110010,19.511132152712488,9.765625e-05
00011011010101101000,18.509069350945563,9.765625e-05
11110110111000100000,16.558207184478427,9.765625e-05
00110111111000000000,15.638127571399416,9.765625e-05
00010101101111010001,31.399711758680667,9.765625e-05
01110100010010110101,14.48724152575623,9.765625e-05
00010010100100100011,28.08551806843625,9.765625e-05
00001101000110000000,12.928514022389782,9.765625e-05
11010011001100010000,17.696504344670004,9.765625e-05
11001010010111001100,37.04670847740498,9.765625e-05
00010001110100010000,23.309472472359936,9.765625e-05
00101000011011000001,40.61978309351682,9.765625e-05
01011001100011101110,29.31064886266787,9.765625e-05
10111100100101000110,17.996832839096005,9.765625e-05
10010000001110111010,35.31195869343765,9.765625e-05
10100011111000101010,25.295609350110016,9.765625e-05
01001101100101100010,18.636289624178932,9.765625e-05
00000100111010010000,38.94600341679299,9.765625e-05
10000101110001000001,15.067964658404751,9.765625e-05
10101010001100110000,58.08222556466202,9.765625e-05
11010110011100101100,13.346519362965495,9.765625e-05
01101101000101101000,19.696504344670004,9.765625e-05
00110101011110001000,19.206515632876958,9.765625e-05
11101000011000000001,27.767341237714547,9.765625e-05
01011111110100010001,16.107596448966483,9.765625e-05
01011100100000010000,15.57197620430086,9.765625e-05
10111011010100010001,48.656378153994595,9.765625e-05
11111111111010101010,28.917837825352052,9.765625e-05
11100110110100000100,21.130155701543536,9.765625e-05
11010111100101010001,15.870197096722642,9.765625e-05
01100001101101010000,19.00842119170301,9.765625e-05
10111110011000101010,29.300469019709105,9.765625e-05
10011101001000001000,23.32871287307443,9.765625e-05
01011100111111000100,15.758485944451465,9.765625e-05
10110110111101110000,20.442431490469048,9.765625e-05
10000111000000000001,18.670812186013002,9.765625e-05
01111011000011011010,25.925260763761038,9.765625e-05
01000001101111101000,46.10689125550824,9.765625e-05
11010111101111011111,21.976567113417914,9.765625e-05
00100100101000000100,21.27340218226594,0.0001953125
01010110010101001000,10.958899711695507,9.765625e-05
00101110110100010000,33.36097380658596,9.765625e-05
01010001101000000000,32.2324607464383,0.0001953125
00001101110000011000,19.904983071747093,9.765625e-05
10101000000010000000,36.72754880457836,9.765625e-05
01110101110100011001,16.961384267630844,9.765625e-05
10111110111111100001,23.450791463693506,9.765625e-05
11000000001110100001,28.390407774626325,9.765625e-05
11111011100111010000,31.909069451361987,9.765625e-05
00110110110001101001,17.446979386248685,9.765625e-05
11001101101111101010,19.243036170141206,9.765625e-05
10100011100000100111,29.04539093619971,9.765625e-05
01001101101110001000,26.97427151295046,9.765625e-05
11000010110101010000,28.80560282262205,9.765625e-05
10010010110101001010,28.00418749588482,9.765625e-05
10100010010101000010,56.7108691481551,0.0001953125
01100010000011000111,29.644408815226647,9.765625e-05
01100001001010111001,30.004303043954714,9.765625e-05
10110000111001101001,24.372564036417778,9.765625e-05
01011101001000100011,32.39586500718931,9.765625e-05
01110000011111010001,20.445045557299476,9.765625e-05
01000001100011000011,34.04526217052205,9.765625e-05
10100011010001000010,33.77635102992575,9.765625e-05
11101010111000110001,38.548487100062815,9.765625e-05
10110000010111101001,30.51740434695681,9.765625e-05
11110110101001010100,18.90531785797465,9.765625e-05
10010110111111100000,20.08551806843625,9.765625e-05
00010010100000000100,20.99337690639394,9.765625e-05
10110101000001001100,19.314844243652228,9.765625e-05
10101111010101001000,41.961859170715385,9.765625e-05
00011100010001011111,20.60663651590448,9.765625e-05
10100000001000101100,32.696138426763085,9.765625e-05
00011011000010100000,16.489220645553686,9.765625e-05
11000101011110100000,20.707132758816826,0.0001953125
10010110110100100010,17.3405383779107,9.765625e-05
01101010001000000000,27.596799082481553,9.765625e-05
01100101010000010010,14.575984321991367,9.765625e-05
00110011011111000100,16.065789116557493,9.765625e-05
11011100100110100100,12.280690298907796,9.765625e-05
01011100100010100010,24.79872591473536,9.765625e-05
00010100101011010101,36.00457652457652,9.765625e-05
10101000010111011000,59.90282978130833,9.765625e-05
00111011011100010010,23.511132152712484,9.765625e-05
01001011001010000100,13.157450641633053,9.765625e-05
00001000111111000100,53.21282434101769,9.765625e-05
00001001100011010100,26.114380919568056,9.765625e-05
01101101101100001000,19.70900183771667,9.765625e-05
11011101011111000000,14.630607820540405,9.765625e-05
00101110100010000110,25.88195659948932,9.765625e-05
00111010001110010000,27.472245328445155,9.765625e-05
01100000101110000000,25.184227787353215,9.765625e-05
00100000101000011101,43.52673279103486,9.765625e-05
01010110111000010000,16.372211521622496,9.765625e-05
10110010011110100000,28.408214351644588,9.765625e-05
00101000001010100001,30.784235877143413,9.765625e-05
00000110010010001000,20.51730564644216,9.765625e-05
01101011000111010001,32.17809687444925,9.765625e-05
11111100111010010000,9.898703715984482,9.765625e-05
11010101010011100100,19.8052591719058,9.765625e-05
00100000010001001001,41.80980624613717,9.765625e-05
11110111110100001000,20.129561680990264,9.765625e-05
01111100101100000010,10.027596842368144,9.765625e-05
01010111101000000000,36.593735710042004,0.000390625
01011001110000010101,15.091807197363016,9.765625e-05
01110001001011100100,22.201827309781233,9.765625e-05
01001100110111110110,23.092491799612787,9.765625e-05
11110101101000101010,34.74138631316102,9.765625e-05
00101010001000000001,40.646015950187895,9.765625e-05
00111000111100100000,18.417962770589824,9.765625e-05
11000100011001000000,12.696138426763085,9.765625e-05
00010010001011000011,28.187191844460262,9.765625e-05
11101111011011010001,30.60557026446118,9.765625e-05
00011000100111110110,37.262972736367225,9.765625e-05
01111000100001000010,14.30882067777172,9.765625e-05
00010100010001000111,22.235291564735753,9.765625e-05
01010111011000000000,24.24155319193064,9.765625e-05
01100011100000111110,19.698222488668538,9.765625e-05
10011010111001101010,29.462065223695134,9.765625e-05
10011000000101011000,28.196867470825364,9.765625e-05
10000001011010101010,33.533333715417264,9.765625e-05
10111110100101000100,36.54661259027807,9.765625e-05
10110001111001010010,16.60156467128934,9.765625e-05
10100000011011100000,40.62863214518656,9.765625e-05
01001010011100000011,30.297591179930013,9.765625e-05
01100010001011000100,24.0798103568632,9.765625e-05
10100000101101101010,39.689781837764414,9.765625e-05
11100000110000001010,16.426686588152705,9.765625e-05
10011111000010100011,26.876537758091004,9.765625e-05
01110011010100100000,14.905317857974651,9.765625e-05
00110011111111000001,16.229971238348206,9.765625e-05
11101101101110000100,17.293833432076532,9.765625e-05
11011000101000100010,14.735687476916478,9.765625e-05
01111110000011000000,26.5018060865617,9.765625e-05
10111100011100110010,14.8030892356075,9.765625e-05
00011110101010000100,19.04484564009848,9.765625e-05
11101010101000000000,33.59679908248155,9.765625e-05
11010001010010100101,14.54459163491579,9.765625e-05
11010000100000010111,17.624925929774673,9.765625e-05
11010101110000000010,25.685250691163354,9.765625e-05
10110111011110110000,21.584496171678254,9.765625e-05
10101110111001011100,43.575455982208766,9.765625e-05
10100001101111011010,32.343701185285965,9.765625e-05
11011100011111010001,7.568471754286823,9.765625e-05
00100110000100000000,21.402012876411902,9.765625e-05
01011000000101001010,19.51609813529469,9.765625e-05
10010111010110001000,13.819365687978333,9.765625e-05
00111010011011110101,39.05649989639841,9.765625e-05
00101001010100000000,26.185346578290257,0.0001953125
00011101110100010010,15.455953672025261,9.765625e-05
00110110101111100010,19.611213040480994,9.765625e-05
00111001010010101011,19.116766883752135,9.765625e-05
10011100011011000000,14.075210928641965,0.0001953125
01001100111110010101,20.949514326380253,9.765625e-05
11001101001010000000,19.439059032596397,9.765625e-05
10001111011110000000,21.69931463724999,9.765625e-05
10100000001110010000,38.1137903434584,9.765625e-05
00101111111111010010,18.30682490676271,9.765625e-05
00100000100001010010,34.850000925572814,9.765625e-05
10111111110100010000,33.08571782575662,9.765625e-05
10001001100000010100,22.298198418091047,9.765625e-05
10101111110000011100,36.51059383262567,9.765625e-05
01100110111011110001,22.026195826333467,9.765625e-05
00010111010110001000,13.512940660427645,9.765625e-05
11110101001111000000,22.8413419451865,0.0001953125
00110100010100100000,11.211038736947257,9.765625e-05
11110010000011100000,24.199087274422887,9.765625e-05
11110001010110001000,13.647461347985697,9.765625e-05
11111010010111001000,37.06175078711257,9.765625e-05
11110010111001100000,16.848764062047216,9.765625e-05
11111101010100000000,26.687171302504794,0.0001953125
01000001010000001000,18.272506259434046,9.765625e-05
01110101010101001000,16.23170787340818,9.765625e-05
00000101110010100000,32.85136655477607,9.765625e-05
01111011111000001010,18.04072478232764,9.765625e-05
11010101011101100000,17.47536720934072,9.765625e-05
00101110100111111101,35.70954183378567,9.765625e-05
10111111000101010001,41.00761873484456,9.765625e-05
01101000011001010001,28.467510892952916,9.765625e-05
01111111110000000010,29.102009482176513,9.765625e-05
00111111010100000000,24.722287895731952,9.765625e-05
10111111000100010010,42.55989969317352,9.765625e-05
11111010101001100011,28.994576805072953,9.765625e-05
01000101110101000010,23.914991840833565,9.765625e-05
01110001111110101111,29.916224350830436,9.765625e-05
11100000010110000010,24.53736129230888,9.765625e-05
11111000111001100001,14.091057768776503,9.765625e-05
10111000100101100000,24.325088401858565,9.765625e-05
00000011001111110000,30.040708033149066,9.765625e-05
11101111001001100100,33.60656279260304,9.765625e-05
11110000010001000010,12.245750373852413,9.765625e-05
10101111100001010000,35.08571782575662,9.765625e-05
10011011000010100001,24.075878748827503,9.765625e-05
11001011000001010100,25.850135932843823,9.765625e-05
11011000000000101001,14.385660001513461,0.0001953125
11100100001100100100,14.857311211438324,9.765625e-05
01010101001110100100,40.25974944493447,9.765625e-05
01000101011010000010,31.802386839298993,9.765625e-05
11111000100101010101,24.13724685801477,9.765625e-05
00101111110010011011,22.984118730377357,9.765625e-05
00111010000111001000,31.80108325012256,9.765625e-05
10100100010010011001,27.93000471103583,9.765625e-05
11001111011000000000,23.19948151601961,0.0001953125
10000111100010011100,16.749681242068856,9.765625e-05
11000101001110100000,23.865495250912076,9.765625e-05
01010000001111011010,37.35354650380843,9.765625e-05
11101101111000100000,15.623107441755298,9.765625e-05
10111110001000010111,38.69058466522096,9.765625e-05
00110001100011100000,21.092941006845237,9.765625e-05
00111100000101010010,11.821273081712016,9.765625e-05
00110101000010000000,22.06272041160971,9.765625e-05
00111101110001000000,12.09341695480995,9.765625e-05
11000101011000110011,20.760135796033463,9.765625e-05
01111100101011100000,16.747902821152895,9.765625e-05
00110101000000000010,20.546612590278066,0.00029296875
00010010100000000000,17.610835341332443,9.765625e-05
10111001110101010000,24.137246858014763,9.765625e-05
10100101000000010101,20.18505717003815,9.765625e-05
10111111111100010010,26.651343682652154,9.765625e-05
01001101011000000000,14.080600603166033,9.765625e-05
10110100101001010001,12.008411505666057,9.765625e-05
00111100101111110101,16.132213328233465,9.765625e-05
10011000011110000000,21.438034344086844,9.765625e-05
01011011011001100000,15.364894063442328,9.765625e-05
01010101111110111000,46.69553118860205,9.765625e-05
11110001111111110001,16.855521460979215,9.765625e-05
11000100110110000000,14.635878415423766,9.765625e-05
01011111100000000000,33.70634071157658,9.765625e-05
01101000111000010101,25.453426546104033,9.765625e-05
00011011001101000110,18.72733843049973,9.765625e-05
10010100000001100000,14.181540018857538,9.765625e-05
11011100100101010110,11.586709635715417,9.765625e-05
10111100100111000101,18.355464405127336,9.765625e-05
01110101011110001000,24.71706064308357,9.765625e-05
01000100000111110000,23.31199680113143,9.765625e-05
11010100001010000010,26.287239690848605,9.765625e-05
10110011110110000000,17.44890073201119,9.765625e-05
11110001011101010000,11.24985185954934,9.765625e-05
00101110100000000011,26.6306078205404,9.765625e-05
01111101101001000100,21.66517640764379,9.765625e-05
00000101110100010000,23.46408962350102,9.765625e-05
00100110001010010100,24.411278458505212,9.765625e-05
01110110100010000001,17.874453510681676,9.765625e-05
01010110001010010001,18.229513047023865,9.765625e-05
00000100101111010001,41.22886834846292,9.765625e-05
01111000000101100100,18.74968124206886,9.765625e-05
11010000110010000000,11.656592831893118,9.765625e-05
11111010001011110101,35.65498243799214,9.765625e-05
00000010000110101011,42.84902432506126,9.765625e-05
01001101000100100000,16.296928670616513,9.765625e-05
11010101110110000000,20.870201264747493,9.765625e-05
11010111101010000001,32.460714749873084,9.765625e-05
00101000110000100010,31.73501900943707,9.765625e-05
10010111101110111001,21.142642050550933,9.765625e-05
01111101111000010001,15.724101187038148,9.765625e-05
10010010011001101010,28.85528057003909,9.765625e-05
01011000011001000000,12.78916282131053,9.765625e-05
11011000100000000001,13.51174283531713,9.765625e-05
11001011000000101001,24.567611218286345,9.765625e-05
10010001010011100010,21.298008444774656,9.765625e-05
01101101110001000100,12.000950986844298,9.765625e-05
00100101010101000000,13.692663121987115,9.765625e-05
10101010010010000000,58.636984810301314,9.765625e-05
11000101001100000010,21.48762681573706,9.765625e-05
00101000111101010101,58.48187840646055,9.765625e-05
00111100001000011100,17.343709070385508,9.765625e-05
11011010110000010100,21.94576906171347,9.765625e-05
11110100111010100000,14.33299718140928,0.0001953125
10010101111100000010,21.934161249905344,9.765625e-05
10100100010100001000,23.67421099197398,9.765625e-05
01101101101110111110,20.10835736452737,9.765625e-05
01010100101100011000,29.665405555170306,9.765625e-05
10000110100101000000,20.188156870870245,9.765625e-05
00001101110100100000,17.17402371244213,9.765625e-05
00110110010100000000,13.645056011727707,0.0001953125
10100100111111010101,37.39372245846403,9.765625e-05
10000000001101100010,41.5945215156889,9.765625e-05
10101110100000000001,40.80066598527792,9.765625e-05
01010010011011100101,24.037340907784642,9.765625e-05
01100011101011000100,14.919186312732801,9.765625e-05
00110010110011001001,25.011091916343208,9.765625e-05
11101010011100101010,39.60714088552601,9.765625e-05
00000111011101001110,22.130328103723436,9.765625e-05
01001011000001011101,21.204094368988667,9.765625e-05
01010101011010000000,35.128948190396066,0.0001953125
00000101111001101010,42.43900220012257,9.765625e-05
01001100111101000000,16.164625920227557,9.765625e-05
11001111011101101000,16.087483029064817,9.765625e-05
11101111010011001001,35.19446920854881,9.765625e-05
11000110100011000001,15.332656240715572,9.765625e-05
11011100010010010000,9.484816523157072,9.765625e-05
11011010110001000010,22.96136906358179,9.765625e-05
00101011001011010101,33.46709280615035,9.765625e-05
00000100011001100000,31.252428444343675,9.765625e-05
00000001010101101010,39.40252621928551,9.765625e-05
01100111110100000111,16.470879699241898,9.765625e-05
11111101111000010000,19.80910934620458,9.765625e-05
11110010011110010101,24.108397224490723,9.765625e-05
10001101010101101000,14.876068688173689,9.765625e-05
11000011110100000000,12.78740656961822,9.765625e-05
11110011101000000100,19.056191420431148,9.765625e-05
10111001001000101100,21.855757252424866,9.765625e-05
11110010101011010100,20.959380992168445,9.765625e-05
10111101010110000000,21.813802876853302,9.765625e-05
11010101111110000000,26.089713449420607,9.765625e-05
10111100111000010001,13.896840878677986,9.765625e-05
01110110001001100010,22.508315618539154,9.765625e-05
00010101000101110010,23.833812421163323,9.765625e-05
00011000100101000000,22.092712806231866,9.765625e-05
01100111100111110010,18.91918485473049,9.765625e-05
01010100011111010000,20.22793337637612,9.765625e-05
01111110110110000000,15.073351622906273,9.765625e-05
10000011011111001000,27.465197808476166,9.765625e-05
11110011010101100011,22.664586250756606,9.765625e-05
10010001001101000000,16.139421283636842,9.765625e-05
00001101111100110010,23.49986146659982,9.765625e-05
11000111110110010001,13.040405200149134,9.765625e-05
11001011101110010100,19.586709635715415,9.765625e-05
11010111010111000000,15.285039444419212,9.765625e-05
00111001110010000000,13.64369038252445,9.765625e-05
01011001111000001000,21.52809571021557,9.765625e-05
10001100010100100000,19.7801077490909,9.765625e-05
01001000111111010000,35.47162279910786,9.765625e-05
11111011001011110101,32.000538418053836,9.765625e-05
11011110111001111100,15.48069213381542,9.765625e-05
00101100010001010011,25.794607766987063,9.765625e-05
01000111001011100010,26.72967118131765,9.765625e-05
01100100111101101010,28.090532139016442,9.765625e-05
01100000110001100010,26.470269653091304,9.765625e-05
00111011100111100101,22.960157198905584,9.765625e-05
00011000001111000000,22.008363417668065,9.765625e-05
00101101010100100000,17.48762681573706,9.765625e-05
10001000100101110000,39.43928714608256,9.765625e-05
11110111010101001000,22.703103293450937,0.0001953125
11110001010001000100,10.08172546103236,9.765625e-05
01011111101010101010,38.67739094117176,9.765625e-05
00000111111101110000,24.409216783803284,9.765625e-05
11011000101110011000,17.213849029527246,9.765625e-05
10100000111101110100,54.53745186316556,9.765625e-05
01010101100010001010,54.72964255252077,9.765625e-05
11000100011110100001,20.528698693224552,9.765625e-05
01111100100111111000,15.514848054161327,9.765625e-05
01001101101111010001,18.59799265244002,9.765625e-05
10001000100100000101,39.18559341655647,9.765625e-05
11101110010000000001,43.70915100415657,9.765625e-05
01111101010100001000,21.332172250220097,9.765625e-05
11111111111100010101,26.046473398744205,9.765625e-05
11011011111001001101,17.745733520898984,9.765625e-05
10110111001101110001,20.997782367937987,9.765625e-05
01011011100000100010,24.687765333897886,9.765625e-05
11000100111101001001,21.020354016574533,9.765625e-05
10100011110111000000,31.092941006845237,9.765625e-05
00110101010101000010,9.91176690589462,9.765625e-05
00011101011010100001,17.567582807469343,9.765625e-05
01000011101000000001,21.135470939981282,9.765625e-05
10100110100100010000,27.081201610573533,9.765625e-05
00100000000101011000,41.389447836166134,9.765625e-05
11111101111100011000,16.346236196306734,9.765625e-05
10010000110101010000,28.08426246929079,0.0001953125
01111110011100000101,18.172508144549884,9.765625e-05
00011101011100000100,12.181540018857538,9.765625e-05
00010100111100000000,23.49201844410716,9.765625e-05
00000101011011100110,36.30220747734268,9.765625e-05
01011000011011101000,20.810824693053373,9.765625e-05
11101101011110111010,16.607338912212988,0.0001953125
11011001101011010000,19.47224532844515,9.765625e-05
01010111101011101011,44.494060964715054,9.765625e-05
11010011101111101101,19.8391825381096,9.765625e-05
10101101011101010110,24.555036492003623,9.765625e-05
01001001010111000000,16.670683420335344,9.765625e-05
11100110010111000010,26.46555477476719,9.765625e-05
11011110001111001000,18.172508144549887,9.765625e-05
00101100000001001100,24.963017859443806,9.765625e-05
10011101100000000010,22.800665985277917,9.765625e-05
01101010000001101100,36.627807213997364,9.765625e-05
00100000010100000110,40.91057876682106,9.765625e-05
01101101000000000001,22.783417187547585,9.765625e-05
11001010111001010000,31.17090183154656,9.765625e-05
00100110011010100000,25.158583716694206,9.765625e-05
11011111110100000000,24.314923452489758,9.765625e-05
11110011111100001000,12.552175401403101,9.765625e-05
11001001001111010000,17.899651171257975,9.765625e-05
00111001110101000010,13.761783759097739,9.765625e-05
00111101010000100000,17.050543458494513,9.765625e-05
01000001011000101010,32.80560282262205,9.765625e-05
01000010000000101000,19.60551936847363,9.765625e-05
00001111111100100010,19.37567361963052,9.765625e-05
10011101001001011001,17.597633063253646,9.765625e-05
10111000010001100001,31.80470431472284,9.765625e-05
10111001000100000001,27.091560359096803,0.0001953125
00000111101100000000,18.372211521622496,9.765625e-05
11110000110111010010,16.38294216785477,9.765625e-05
10011110111110110011,18.902136668754444,9.765625e-05
11001000000101111010,26.289121176647765,9.765625e-05
11100110001111100000,23.299444331199552,9.765625e-05
11111110011110101010,21.066775882877145,9.765625e-05
11110001101110110000,18.73154994625445,9.765625e-05
01111100010111010000,8.554082795136782,9.765625e-05
01010110101000001000,26.36377440228918,9.765625e-05
10110011100111000010,19.69111729263162,9.765625e-05
00001100111010000100,26.847907177630404,9.765625e-05
11010001010010100010,19.05989065982861,9.765625e-05
01111001110001001010,15.448900732011193,9.765625e-05
11000101110100000010,16.372211521622496,9.765625e-05
11001111111001000000,17.409248726191095,9.765625e-05
11011111010010100010,28.581808403182578,9.765625e-05
01000100100100100011,30.52869869322455,9.765625e-05
10110110010111111101,28.354481563022425,9.765625e-05
01110110001101010101,13.5998305996605,9.765625e-05
00000000010101101000,51.42517093313326,9.765625e-05
01100011110000010101,17.04258408806333,9.765625e-05
00100000110111111100,65.62479092250366,9.765625e-05
00001010001011101111,43.49744832152968,9.765625e-05
10100111101100000000,20.142058439615866,9.765625e-05
11001101010111001100,11.757596263212918,9.765625e-05
01111011101001010101,21.96821067176426,9.765625e-05
01010101101000000110,47.3419313838906,9.765625e-05
00000110110111010101,37.393722458464026,9.765625e-05
01011100000010001011,20.66196313434327,9.765625e-05
00100100010101000000,22.23109782725758,9.765625e-05
01101100111101100100,16.193777456030222,9.765625e-05
01001101001000100011,22.647601786141603,9.765625e-05
11110011101011100101,19.866786356492156,9.765625e-05
11110111111000111111,20.269624338757303,9.765625e-05
10110100001000001000,15.519320360211093,9.765625e-05
11011111111101001100,17.07335162290628,9.765625e-05
01011100000001011000,15.534682475429086,9.765625e-05
11110110011011000010,20.701020385189032,9.765625e-05
10110111000010000000,31.435023325637154,9.765625e-05
10001110011001000111,38.71896803681725,9.765625e-05
01011101010010100010,25.66111250235963,9.765625e-05
11001001001000100001,16.536159004906246,9.765625e-05
01111000000111001100,21.159798203856095,9.765625e-05
11001011010000010100,24.879946239249122,9.765625e-05
00110101011000000001,13.693620350424762,9.765625e-05
01010001000010100110,32.542816658443435,9.765625e-05
11010010011110100110,20.434847723981736,9.765625e-05
10111110110000000000,33.8179210246016,9.765625e-05
01001000101111010100,33.69581435526081,9.765625e-05
11001000111101011011,37.39789838024728,9.765625e-05
00010110001110110000,19.925337088321626,9.765625e-05
00010101011011000100,26.031236332129186,9.765625e-05
01000011011101000000,16.670683420335344,0.0001953125
00000010000101001000,34.87610501656623,0.00029296875
01010101100001001100,36.75233608878758,9.765625e-05
11110111010100010100,23.88064414623385,9.765625e-05
01011100101010000010,25.39606124373524,9.765625e-05
01000101111100010010,30.51611678378735,9.765625e-05
01101110111111101100,23.11718152611109,9.765625e-05
10001000100101010100,45.38222373515258,9.765625e-05
11011001010101010111,16.583650861363022,9.765625e-05
11110011000110100001,24.931951317438994,9.765625e-05
10111011010001110001,45.020548685945116,9.765625e-05
01010111101110001000,35.200952821751926,9.765625e-05
11011100100011000101,14.517049122138989,9.765625e-05
01101010010000011010,33.932613532485234,9.765625e-05
00001100100111010111,30.905221165537483,9.765625e-05
11000111110101000100,9.757596263212918,9.765625e-05
11011010011100000000,21.70900183771667,0.0001953125
10111000110000100000,20.35400278543197,9.765625e-05
00000110000111101000,24.071433721587372,9.765625e-05
11100100010100001000,13.878330974629906,0.0001953125
11010110001110010000,15.241114617238637,9.765625e-05
01010000111011100001,39.04936783508366,9.765625e-05
00000000111100101001,63.43966097072521,9.765625e-05
01010001010110101010,31.9033262549905,9.765625e-05
01010010101101000000,20.959795634527403,9.765625e-05
01000110011100010010,18.35113743967939,9.765625e-05
01001111100110101001,20.473821467522082,9.765625e-05
10001110001111010100,32.91882058032976,9.765625e-05
10111101010100011100,24.50963315974441,9.765625e-05
01101010110011101010,30.55514841012603,9.765625e-05
01001011100101011100,20.49135967350453,9.765625e-05
00011001001110000000,15.825333455425366,9.765625e-05
01100100101101001100,21.28434498187808,9.765625e-05
00100100011010100000,26.28748652911482,9.765625e-05
11001110010110001101,22.733818474304016,9.765625e-05
00101100111111010000,25.80428872586039,9.765625e-05
00000100001111000100,33.542131234645396,9.765625e-05
11000011010010000000,12.0009509868443,9.765625e-05
00010011001010110100,23.83941780227424,9.765625e-05
10100100010001000110,28.09246596796565,9.765625e-05
10100111001100010000,25.554120902830558,9.765625e-05
00000101111110000000,34.10124402799267,9.765625e-05
00111010001111100000,27.451768064205062,9.765625e-05
10000111011110000000,18.740341223889235,0.0001953125
01111110010000010001,23.085717825756618,9.765625e-05
10010111110001000000,14.09341695480995,0.0001953125
10011110110101000000,21.783288421869923,9.765625e-05
10111010111001010010,41.75627872200765,9.765625e-05
01110010010101010011,22.354481563022425,9.765625e-05
11100010010111000100,40.118149175006764,9.765625e-05
01010111111110100000,29.90248810619355,9.765625e-05
11010111101010001011,36.467163797793056,9.765625e-05
00000011001001000000,17.516098135294687,9.765625e-05
01001101111010001000,25.21103873694726,9.765625e-05
01010100001010000000,29.583286586962295,9.765625e-05
11100000110000111111,26.913071229492125,9.765625e-05
11011001110111000010,14.358274697707321,9.765625e-05
11000011000001000011,20.087442211348502,9.765625e-05
00100110111001000001,25.10744623764642,9.765625e-05
11110000000001001100,15.344252303758065,9.765625e-05
11001001011011110100,14.529253675362739,9.765625e-05
01010011010110111000,16.48724152575623,9.765625e-05
01101010100111100100,34.40821435164459,9.765625e-05
11011000011010110101,14.52925367536274,9.765625e-05
11000000001010001100,22.761961249227433,9.765625e-05
10010100001001100001,17.010579689694787,9.765625e-05
00000000000000101010,38.847907177630404,9.765625e-05
01000100011101011100,27.38413810490067,9.765625e-05
00000100001010000000,27.185593416556472,9.765625e-05
11101010001101101110,43.391984000830455,9.765625e-05
01101100010101010011,17.3785105545661,9.765625e-05
10000111111011101010,24.018660871425396,9.765625e-05
00001010111000010011,45.358734630914526,9.765625e-05
10101100001011110011,24.699885764998363,9.765625e-05
10010001011001001100,18.687744747631772,9.765625e-05
00101011101111000000,25.066352190935277,9.765625e-05
11000000111011100101,37.71732435054122,9.765625e-05
11010100101000000000,20.578931286984734,9.765625e-05
11010010010100101000,11.38946656094618,9.765625e-05
11110111011111111001,17.464288031582463,9.765625e-05
00011101110000100011,19.567582807469343,9.765625e-05
00111100011011110000,13.04449148179701,9.765625e-05
11001100100101010000,10.156768673118442,9.765625e-05
10011010110011000011,32.458159338090084,9.765625e-05
10111111111100111001,23.20948956152483,9.765625e-05
00001101110111100000,18.693610577260607,9.765625e-05
10011000100101111100,30.917095274812933,9.765625e-05
10100111101000110001,23.08060612117813,9.765625e-05
01001000100111010101,35.35490589141834,9.765625e-05
11101010101010011000,30.27400598682319,9.765625e-05
00101111000100101000,26.919793736397704,9.765625e-05
00010001100101000010,25.541716592286438,9.765625e-05
10000001000111110101,34.44922147908272,9.765625e-05
11001001000010001110,16.31108222980687,9.765625e-05
10001011010000001000,30.318016911728506,9.765625e-05
11011100111001000000,10.181540018857536,9.765625e-05
01100110100101010001,16.944153073513007,9.765625e-05
10111010011010000000,37.96177130988126,9.765625e-05
11101101111011011101,14.69134558078185,9.765625e-05
10111011010100010010,44.705023170371305,9.765625e-05
00011000100100000011,22.071433721587372,9.765625e-05
01011011011100100010,15.948890219027788,9.765625e-05
11101001011001010101,25.719241517439055,9.765625e-05
11111100111001111011,8.515785823397863,9.765625e-05
11101111001001000101,37.573319751407666,9.765625e-05
10011100110110100001,10.45403306068382,9.765625e-05
11111110111001000000,26.415862868181264,9.765625e-05
11001101010101101000,10.988673689708264,9.765625e-05
00101010100001010010,44.313882836349904,9.765625e-05
01000000010000110101,31.006263428132307,9.765625e-05
11111101111000101000,22.800665985277917,9.765625e-05
00110101011011001000,20.031791314267377,9.765625e-05
01000100010101100000,20.164625920227557,9.765625e-05
10001111100101001001,19.916896524544708,9.765625e-05
11111101100101010010,20.204835890839462,9.765625e-05
11010111010100010000,16.30047870574606,9.765625e-05
11011001110000100010,13.503626266755099,9.765625e-05
10010000100000100000,17.54154690012908,9.765625e-05
10001111100000101010,21.16780837230781,9.765625e-05
00110111010110000110,15.461378852983948,9.765625e-05
00011111001010011100,20.17250814454988,9.765625e-05
10010111000110000100,18.546612590278073,9.765625e-05
10100011000101010000,37.3663156873793,9.765625e-05
01011100101101110100,17.055502475902117,9.765625e-05
11110011000101000010,25.685787035648694,9.765625e-05
10001100110000000000,17.783298107906877,9.765625e-05
00010000100101010000,31.196867470825364,9.765625e-05
01110001010000000111,11.448900732011193,9.765625e-05
01010100101111101010,48.96261311026186,9.765625e-05
01010010100000001100,17.546862872987894,9.765625e-05
00111000011110000010,17.341366840670695,9.765625e-05
01101111111100010000,17.912826170527133,9.765625e-05
11110110110101010000,13.774555652691149,9.765625e-05
01100010101000100011,26.717378680132555,9.765625e-05
01001100110001000000,12.696138426763085,9.765625e-05
00100100010100111000,28.86106969371287,9.765625e-05
10101110011010101000,35.292278738642004,9.765625e-05
10000011110011101010,26.00321089537326,9.765625e-05
00101100001111000010,17.07423432813041,9.765625e-05
01010010111011110010,31.927068657067988,9.765625e-05
01100100011110100000,20.55934370398319,9.765625e-05
01001010110000000000,21.161821869240917,0.0001953125
01110100000010010011,16.35042369219156,9.765625e-05
00011101001010101010,30.34438751816913,9.765625e-05
00111010110100000000,29.0009509868443,9.765625e-05
00110101111010000000,21.82115753364212,9.765625e-05
11101101100101010000,16.794658357867533,9.765625e-05
00010100010101111000,24.50891308353603,9.765625e-05
10011010111111110010,36.96132045914261,9.765625e-05
11110011000100000001,26.811937329524262,9.765625e-05
01100101111101010000,13.615205845359059,9.765625e-05
11100111111100000000,18.142058439615866,0.0001953125
11111111111010000000,33.10200948217651,0.0001953125
01110001000010011000,22.720831608544813,9.765625e-05
00011101010100100000,11.901825596880052,9.765625e-05
00010010011010001100,26.01770343584769,9.765625e-05
11010001000110101001,21.51519252642584,9.765625e-05
01111101011000011011,18.69429088063285,9.765625e-05
11110100101000001000,16.121380351539056,9.765625e-05
00110110010010100010,18.463633429004684,9.765625e-05
11011011010010011101,19.728736943651917,9.765625e-05
11101111010101000100,40.12022790440399,9.765625e-05
01101100111000101010,15.713033066191954,9.765625e-05
01111101000010100000,32.966596316230174,9.765625e-05
00010000111101111000,51.83437875448084,9.765625e-05
10000100111111111111,53.98265274137108,9.765625e-05
01111001101011111000,23.66284312954486,9.765625e-05
01101110111000000000,18.778933121892358,9.765625e-05
00010110011110110001,20.045432695477153,9.765625e-05
01101000011011010000,24.423616239698738,9.765625e-05
01000010101010011100,29.184227787353215,9.765625e-05
11001001111111011000,22.069570884280875,9.765625e-05
01000110011110010101,20.166771200611564,9.765625e-05
10111011110100000000,34.54661259027807,9.765625e-05
01011100111100000000,11.320178119742817,0.0001953125
11100010010010111100,30.400088820626856,9.765625e-05
11101100111110010100,15.585100612689551,9.765625e-05
01110001001100010000,14.762327167134352,9.765625e-05
00101011101000000000,23.26814127341953,0.0001953125
11001110110100100100,19.756024613459765,9.765625e-05
11110111011110000010,25.478755681970874,9.765625e-05
11011111011111010001,16.997782367937987,9.765625e-05
01011011001010100000,20.687765333897886,0.0001953125
01100101000100111000,21.416699264708633,9.765625e-05
11111110101100000100,28.73292879306547,9.765625e-05
11110010111110110101,21.26483212923011,9.765625e-05
10010011010010001010,16.781913841050773,9.765625e-05
10111011010110001100,37.48634362732287,9.765625e-05
00001111110000000100,17.343709070385508,9.765625e-05
10011011001010110100,24.47759243298333,9.765625e-05
01000011011000000000,12.787406569618218,9.765625e-05
10100101000001001100,17.334918527171787,9.765625e-05
00101011110100101000,33.13547093998128,9.765625e-05
10110000010101000010,24.91267251476347,9.765625e-05
11000100000010000011,18.388158705777872,9.765625e-05
00100111111111101010,24.54903865939358,9.765625e-05
11010100111100001100,15.18188720114459,9.765625e-05
01011101011111000110,15.931883770239898,9.765625e-05
00001011100110100010,23.009358960939544,9.765625e-05
10000001110011000100,26.393663742867957,9.765625e-05
00110100011110100000,16.802386839298993,9.765625e-05
11111110100100100001,29.181969952392755,9.765625e-05
10110101110101011100,11.83369687309343,9.765625e-05
01010101110101000000,22.4659756587195,0.0001953125
00110010011111001010,27.9189537585907,9.765625e-05
00101101111101001001,18.339504003364194,9.765625e-05
11001011001011010010,21.871751790157166,9.765625e-05
01111010111110000000,15.228832830778826,0.0001953125
01101101110101000000,12.603964675039101,9.765625e-05
00111010000110100110,29.93596214515204,9.765625e-05
11111011011001100000,31.417335953214817,9.765625e-05
11011111111111001000,17.041684720787828,9.765625e-05
01010110010000101000,16.741649079057545,9.765625e-05
11101110001011111100,28.366291842173453,9.765625e-05
01011001110100001000,17.81906378569971,9.765625e-05
00110101101111100000,23.550238128010285,9.765625e-05
11111010100001111000,32.17250814454989,9.765625e-05
10011100001010100100,17.19946279123956,9.765625e-05
01100011010101010100,21.23640411407944,9.765625e-05
01011000111001000000,16.585042838654605,9.765625e-05
10110000101101100010,22.022447764516944,9.765625e-05
11011000100101000000,14.60325781643848,9.765625e-05
01010011010011101001,17.707479119145955,9.765625e-05
00110101101111010000,18.54328304532641,9.765625e-05
01101101010000000011,17.620936547704034,9.765625e-05
10100000001011000100,37.58940438022552,9.765625e-05
10011110101111100000,16.91751272516145,9.765625e-05
10101011111011011000,38.10839722449073,9.765625e-05
10100000001000110000,31.322988412322808,9.765625e-05
10100010011000000000,41.72754880457836,9.765625e-05
01010011011110000101,14.113966277209101,9.765625e-05
10101011000110001100,45.28730173087543,9.765625e-05
00101010001110100000,37.938233383224144,9.765625e-05
11001101111110000000,14.329264323641809,9.765625e-05
00101111001011010101,21.246742472680292,9.765625e-05
11110100011011000100,13.643690382524452,9.765625e-05
11000101110101101010,19.26998465152492,9.765625e-05
00110011111010111110,25.1501449538547,9.765625e-05
10010010011010000000,21.606717193584146,9.765625e-05
11000111100000000000,18.456314071920083,9.765625e-05
00101111111011010001,19.405027731539477,9.765625e-05
10010000010101000101,29.46061964039346,9.765625e-05
11101000010011010000,33.575455982208766,9.765625e-05
11110010100100111111,21.310660611433498,9.765625e-05
10111100001011110000,17.871761476194123,9.765625e-05
00001110010000011100,28.29448596108582,9.765625e-05
11010100011011100000,18.20320189060038,9.765625e-05
11101101000010000001,29.37483628154203,9.765625e-05
01101011010000000010,26.11265037951003,9.765625e-05
01100100100010000010,19.618086209656816,9.765625e-05
01000101010100010101,15.341803663093117,9.765625e-05
11101111111000000000,30.314923452489758,9.765625e-05
01111110110111001000,16.114031027258463,9.765625e-05
11010101001111000000,25.97998004607178,9.765625e-05
00101011100000000001,30.30325786664669,9.765625e-05
01111001101111000000,15.976693805527077,9.765625e-05
01110000110001000100,12.155040657579075,9.765625e-05
11000100010010001000,13.723687181133235,9.765625e-05
11110101101111000000,21.93285692630785,9.765625e-05
10010001011101000000,16.276693755318867,9.765625e-05
11111000000110011000,22.204168805074985,9.765625e-05
01100010001110000100,24.048802225347384,9.765625e-05
10100010111101000010,49.93780000524533,9.765625e-05
11011100110011000010,12.128536258059647,9.765625e-05
00000001011111000101,43.0997399470748,0.0001953125
11111001111000001000,15.221423844398668,9.765625e-05
01101000011111010000,30.19942468354579,9.765625e-05
01011100101011000000,21.575455982208766,0.0001953125
00000001111011011000,48.56178463421265,9.765625e-05
00001111001011110100,13.763881136987631,9.765625e-05
01000111010100000010,15.898703715984485,9.765625e-05
11011111110011000000,22.86051135425828,0.0001953125
11001100111011001100,16.276861559411607,9.765625e-05
11110000111101101010,16.198961218767774,9.765625e-05
11011100011011001000,12.424583154173337,9.765625e-05
01111101011001110100,13.37095873046659,9.765625e-05
00100110010000101000,25.909682843989167,9.765625e-05
11100110100000000000,20.33427568419946,9.765625e-05
11011111010001100010,27.749510913457456,9.765625e-05
01011110110011000001,12.576897201141891,9.765625e-05
01010101011110000000,30.089713449420607,0.0001953125
11100100110110101010,18.434089332939514,9.765625e-05
10100011010000000010,32.001901973688604,9.765625e-05
01011011100101000000,19.073351622906273,0.0001953125
00000000101010000001,46.98582873387811,9.765625e-05
01011110111101000000,12.740341223889233,9.765625e-05
01001000011101000000,25.85539060009688,9.765625e-05
01100101111111000000,19.51568620295827,9.765625e-05
11001111010101110000,18.76763170168664,9.765625e-05
11100100010011001100,18.05604225399125,9.765625e-05
10111101000110001101,24.50551230197358,9.765625e-05
01100001011101001001,24.032125278946666,9.765625e-05
01111100110101100011,7.802983667841822,9.765625e-05
11010000111100000010,17.07555186933567,9.765625e-05
11010111110100000000,16.778686283626143,0.000390625
10011001011110101000,17.05513935514494,9.765625e-05
00010011011110100000,18.93093278339559,9.765625e-05
10100011100101010101,37.48248845261114,9.765625e-05
01000110111110000000,20.91709527481293,9.765625e-05
11110101010010000000,24.369145439160405,9.765625e-05
11100111000110111111,23.54048524677294,9.765625e-05
10000010100010000000,26.91057876682106,9.765625e-05
00110001010001100000,13.883173796673749,9.765625e-05
11101110000101101100,38.7128634611618,9.765625e-05
01010101101010101001,60.92673289145128,9.765625e-05
01100000011010010101,28.850000925572814,9.765625e-05
01010100011111110000,25.358734630914526,9.765625e-05
01010111101000000001,34.44476756571771,9.765625e-05
01110100011010001000,18.256391271185933,9.765625e-05
00000010111100100100,50.38413810490067,9.765625e-05
01011100011001110101,11.109629625724207,0.0001953125
01100011111100010101,20.930932783395594,9.765625e-05
10110101101101011101,13.312812133410857,9.765625e-05
01011101010101000110,13.076161915486267,0.0001953125
11101110011111100010,29.694579565303705,9.765625e-05
01000101001110101000,39.17090183154656,9.765625e-05
11011100010011000010,12.241141259594222,9.765625e-05
10111110000001010111,45.463515356416124,9.765625e-05
01010001011000100000,24.24274821989141,9.765625e-05
01010001100000000010,30.838876037743816,0.00029296875
00010010001010100011,29.043450865657153,9.765625e-05
01110110000011000101,18.44985171885549,9.765625e-05
00011100001011101110,25.44146531041551,9.765625e-05
10000001011110000000,28.098433735412684,9.765625e-05
10010011100001000000,14.720209166334723,9.765625e-05
11001110110101000000,21.72439403973386,9.765625e-05
10100010111011100000,43.38712433123136,9.765625e-05
00101100110101000010,22.423616239698735,9.765625e-05
11100001000011011000,18.250475036180497,9.765625e-05
10011011101000010100,26.142058439615866,9.765625e-05
10011101110100101010,15.230814660598824,9.765625e-05
00111011010100100000,25.557866243784716,9.765625e-05
01010000010000100110,21.149870319589347,9.765625e-05
00001000000001011001,40.305689023712,9.765625e-05
00000000001100100001,44.05111875426774,9.765625e-05
10111111111100000010,26.28791375262749,9.765625e-05
10000110111110100000,28.178710267076436,9.765625e-05
01011010010101001110,23.206515632876958,9.765625e-05
00000011101111010101,36.99757085101217,9.765625e-05
00000111010110100110,22.717378680132555,9.765625e-05
01110011111110010101,13.254039355434161,9.765625e-05
01001000110101010100,33.78016374382461,9.765625e-05
11011101101000101000,32.55391039295689,9.765625e-05
01111110110011000100,18.64464136936875,9.765625e-05
11111011011110000000,29.74982696406515,9.765625e-05
10001000110100101010,39.031059663957414,9.765625e-05
10100000011010000000,33.91057876682106,9.765625e-05
00001110111011000000,22.358689340066277,9.765625e-05
01111110111001100000,17.268747787999317,9.765625e-05
01001101100011100101,19.850113763620165,9.765625e-05
00100101110000100010,21.358689340066277,9.765625e-05
01011111101010110100,28.13242277159079,9.765625e-05
11000101011011110000,17.833822107200277,9.765625e-05
11000010100101010101,31.48757622485659,9.765625e-05
11101110001001010010,34.173490263073546,9.765625e-05
00110110010001111101,23.820180933130562,9.765625e-05
11001001000101001100,16.91057876682106,9.765625e-05
01011101110110111010,27.470038018874142,9.765625e-05
00101110000101010111,40.639116873077555,9.765625e-05
10110111110100011111,18.319088779150924,9.765625e-05
10011100001111000000,12.740341223889235,9.765625e-05
11111000010100000000,20.318016911728506,9.765625e-05
01010010011001000000,15.032205956626331,9.765625e-05
00010000011111111000,49.773807154825946,9.765625e-05
11101110110000000100,34.63603382345701,9.765625e-05
01011101111101000000,17.624331909221404,9.765625e-05
11110001101100000110,13.104700695115795,9.765625e-05
01001111101000101011,26.672366155866282,9.765625e-05
00011110011010111001,15.470038018874144,9.765625e-05
00001110011100010001,27.358766497014955,9.765625e-05
11111111010100001010,40.23378389278287,9.765625e-05
01010101011111000000,26.958890025658555,9.765625e-05
01011001100000000100,19.32774669302089,9.765625e-05
10101001010101010000,43.39606124373524,9.765625e-05
00010100110111110010,36.611378047424,9.765625e-05
10001110100100110101,31.76701270392015,9.765625e-05
11001100011000000000,10.259275265431171,9.765625e-05
11101101111001001000,15.26814127341953,9.765625e-05
00111000100101010000,24.378754671969954,9.765625e-05
01010111111100000000,22.646015950187895,0.00048828125
10110000100001101001,20.413719388734677,9.765625e-05
10001001110000000100,21.723687181133236,9.765625e-05
10101010111001111110,60.38628618243442,9.765625e-05
10000010011010000000,34.57570906206833,9.765625e-05
01001000111000100000,22.633425002007606,9.765625e-05
11111001001010100001,23.223941284282944,9.765625e-05
00001001101110010000,28.992467765954288,9.765625e-05
01100100010101001000,16.772001884414333,9.765625e-05
01101011100101010001,31.13138839704428,9.765625e-05
01011100010100011001,8.341803663093119,9.765625e-05
01001111011010000000,14.140201843902716,9.765625e-05
01000001011000101001,31.529945329914305,9.765625e-05
11101001000110000000,25.88937067381928,9.765625e-05
10100101010101000111,21.82018093313056,9.765625e-05
11000110010010000000,13.51174283531713,9.765625e-05
11011011011100100101,19.237856798350755,9.765625e-05
01100111110100100010,19.390959312320906,9.765625e-05
01100110100010110100,19.102996835241374,9.765625e-05
11110100100110010000,10.092092143323008,9.765625e-05
10000000011110110101,59.24743124295492,9.765625e-05
00101011110110110101,41.44050119309064,9.765625e-05
00001100010100011000,23.633425002007606,9.765625e-05
01011100110000110011,13.551291151049455,9.765625e-05
10101001011011011001,38.26201559505678,9.765625e-05
11111011111000100010,23.985311222979647,9.765625e-05
10101001010101001111,44.33437438471411,9.765625e-05
10011101110001011000,15.134812169378645,9.765625e-05
00110000011111000001,27.60891932807816,9.765625e-05
01100100011111000101,22.19896121876777,9.765625e-05
00010000011010100000,32.65472375299327,0.0001953125
01111110111110010000,10.906171210820654,9.765625e-05
11010001001000000001,19.86487634027279,9.765625e-05
01111110111110000000,12.163010008314476,9.765625e-05
00111101010000010010,15.620936547704027,9.765625e-05
01111001011111001010,14.585202844775011,9.765625e-05
11101111111001100010,24.032028652000506,9.765625e-05
01100100100100000110,15.69477279755983,9.765625e-05
10110111001111100000,21.60078782809815,9.765625e-05
10100000011000011000,37.33742691747315,9.765625e-05
00101100011110110011,25.43961143556472,9.765625e-05
00011101001111100000,15.567582807469346,9.765625e-05
11100010101101110001,35.130431168606634,9.765625e-05
11000100100100000000,10.566596215813751,9.765625e-05
01111101111100100010,16.62187776138417,9.765625e-05
11111010010110001000,33.28730173087543,9.765625e-05
01010100101001100100,35.43656824590753,9.765625e-05
00110000011101110000,30.090532139016442,9.765625e-05
01100101111110000000,21.416603382979915,9.765625e-05
11101101110001010010,14.535938074574553,9.765625e-05
11010000111000000010,16.23109782725758,9.765625e-05
10111110101001110101,31.232313653566894,9.765625e-05
00010011010101000000,12.367961898173998,9.765625e-05
11111110101001000000,31.324347887059915,9.765625e-05
01100110111000000000,14.603257816438479,9.765625e-05
01001000000011001101,28.229738439647676,9.765625e-05
10010000101000010001,24.798031539321432,9.765625e-05
00111111111110000000,14.087442211348502,9.765625e-05
01111101110101000010,13.041684720787831,9.765625e-05
00011001011111100101,22.109982140519488,9.765625e-05
11110011010001101101,19.311460456236425,9.765625e-05
00010110000000101001,17.69177344074857,9.765625e-05
00010010001111111001,36.63981928018243,9.765625e-05
11111011110101000000,31.6848360488044,9.765625e-05
00111111011101110010,16.72654139368636,9.765625e-05
01010100101111011010,40.98321302354149,9.765625e-05
11100111001010101000,27.275615009849055,9.765625e-05
11001010010100001000,32.578931286984734,9.765625e-05
10101011110101010101,60.41007813051222,9.765625e-05
00000111011111100100,22.08551806843625,9.765625e-05
10111010101010100001,30.360253083083713,9.765625e-05
10010111011000000000,19.889370673819272,9.765625e-05
01110000011110100100,18.22787560234118,9.765625e-05
00111100101111010000,10.80018306129879,9.765625e-05
01101110011110000100,21.556594717008956,9.765625e-05
01011110101011000000,19.037021276938297,9.765625e-05
00111111011010110001,18.899348632525303,9.765625e-05
01101011111011000000,17.91176690589462,9.765625e-05
11110111111101010000,15.268738101962363,9.765625e-05
00111100101001000110,13.04258408806333,9.765625e-05
01110010101100010100,15.516098135294687,9.765625e-05
10101010000000101011,54.3177240590328,9.765625e-05
11010110101100000000,16.323643738481834,9.765625e-05
11100001001011110000,18.73154994625445,9.765625e-05
01100101111010010101,20.54329273136337,9.765625e-05
11011010000110011000,21.892180966399263,9.765625e-05
11101101000100010111,23.25532772976517,0.0001953125
01000111110110000100,15.163915617183328,9.765625e-05
10110100110010001011,15.59269595327844,9.765625e-05
00011101010001100000,12.727101278270467,9.765625e-05
00111101011010000000,14.303257866646689,9.765625e-05
10011110010100110000,23.5703886269174,9.765625e-05
00010110111100010101,22.069570884280875,9.765625e-05
10101100110100011101,36.47449784173721,9.765625e-05
11010111110000100010,26.37105283289408,9.765625e-05
01111010111110011101,22.245669696172747,9.765625e-05
01010011101001000000,21.848206369886487,9.765625e-05
01001001100001010000,16.51269653218397,9.765625e-05
00011100111000111110,28.3446440424723,9.765625e-05
01101101001011000100,14.303257866646689,9.765625e-05
01000100000010100000,24.142646218575788,9.765625e-05
01110110101100000000,14.628703136829266,9.765625e-05
11111101111111000000,15.041684720787828,9.765625e-05
10001101010101001000,16.309472472359936,9.765625e-05
11010111111110100000,22.61715309905609,0.0001953125
11011001101111011011,23.4786714727204,9.765625e-05
10111010010001001100,54.072054188195985,9.765625e-05
01110000110010110011,21.24374210881689,9.765625e-05
00101110011011100000,27.498891183968993,9.765625e-05
11101110101000001100,28.727548804578362,9.765625e-05
10001111111010000000,19.58389934313543,9.765625e-05
11111010101010001000,24.646902921403903,9.765625e-05
01010100000010100010,33.39606124373524,9.765625e-05
11100000010000111000,20.340243451646494,9.765625e-05
10011101101011100100,19.900596650929995,9.765625e-05
10010110110100000000,12.78740656961822,9.765625e-05
10000001111110100101,41.17833466313256,9.765625e-05
11111100010000010010,16.919793736397708,0.0001953125
10101101010110011101,31.064615322156698,9.765625e-05
10010011111111001000,18.18816844497182,9.765625e-05
00111000011011000000,19.695970622670348,9.765625e-05
10000100111001000010,28.897124045336746,9.765625e-05
00000011011001011010,30.262031522687078,9.765625e-05
10000001111000010001,30.50891308353603,9.765625e-05
10001000100000010101,38.54058622724783,9.765625e-05
11100111111101010000,15.160867448792828,9.765625e-05
10111001010011011011,28.172185961112227,9.765625e-05
11110101001111111111,21.906071161067082,9.765625e-05
01110101001111110000,25.31544928938988,9.765625e-05
10001000011011101101,48.329684298508994,0.0001953125
01100010100000010101,24.739381285429044,9.765625e-05
01111110010001010111,22.998727836770186,9.765625e-05
01011001011011101010,23.24667565990225,9.765625e-05
00000111000101000101,13.249851859549342,9.765625e-05
10000100100101000100,22.049216867706342,9.765625e-05
01001010011010000000,18.42207747389451,9.765625e-05
01000110100000111111,26.101850542572457,0.0001953125
10010011001111110001,23.393672999590926,9.765625e-05
00101000100000101000,30.60551936847363,9.765625e-05
11000110101100010010,17.759377404991245,9.765625e-05
01010100100010001001,33.923442177774646,9.765625e-05
01111000110100000011,11.640873113930047,9.765625e-05
11000100111101111111,31.332069316189575,9.765625e-05
01110001111110111100,26.619783093516823,9.765625e-05
00010010000000010010,22.181228430541957,9.765625e-05
01110001111001101111,24.668174120948855,9.765625e-05
10001111101111100100,16.91751272516145,9.765625e-05
10111101000101000111,21.478755681970878,9.765625e-05
01111001110111010000,13.97854342522581,9.765625e-05
01110001011111010001,16.660747738096262,9.765625e-05
10000000011111001000,49.210014048437706,9.765625e-05
01001000010000101000,20.362476233157825,9.765625e-05
01010101000111010000,25.391984000830455,9.765625e-05
01010100100000000000,25.09037222002324,0.0001953125
10011000101000000000,17.745666882785002,9.765625e-05
01100100011100101100,22.139835925995797,9.765625e-05
11000011001010010100,14.737530931309244,9.765625e-05
01000001010110000001,24.58287465462588,9.765625e-05
00111100000101011101,18.847232479397473,9.765625e-05
11111011110010010101,28.7754454210569,9.765625e-05
00000001011111000000,36.047533408594155,9.765625e-05
00000000000000000001,30.049216867706342,9.765625e-05
01000010010010010001,23.29471687172173,9.765625e-05
01001000010101010011,34.55626087234253,9.765625e-05
00000000001011100100,49.30254123488191,9.765625e-05
01001001110111100010,24.773517746573837,9.765625e-05
01110110111100000000,10.072400636061975,9.765625e-05
01100000100010001010,25.756319354220096,9.765625e-05
11010101111010000000,31.128948190396066,0.0001953125
00100011011011010000,26.245669696172747,9.765625e-05
11000110100101110001,15.37567361963052,9.765625e-05
10011011101100110011,25.910593247288865,9.765625e-05
11011111101011011101,21.89963533075487,9.765625e-05
10000010001010100100,34.82563806772653,9.765625e-05
11010111000101011101,14.640327181374769,9.765625e-05
01010010110101010010,22.26203152268708,9.765625e-05
11111110000001000000,45.272067646914024,9.765625e-05
11110100111001011000,8.453085605410326,9.765625e-05
11100111010101010111,24.178096874449256,9.765625e-05
10011101011101000000,11.567784354887312,9.765625e-05
01010111110101000100,14.139174445370628,9.765625e-05
00101110111101011100,38.44277940717717,9.765625e-05
01100010001100100100,26.42207747389451,9.765625e-05
00110101101001000100,18.07239168444609,9.765625e-05
11010111011110000000,20.17250814454988,0.0001953125
10001010011010110001,47.282244268761076,9.765625e-05
10001010010101101101,63.01488616725329,9.765625e-05
10011110010111000100,26.598892830423964,9.765625e-05
00101001110010111001,34.08551806843625,9.765625e-05
11010110001000001001,18.778686283626143,9.765625e-05
11111101010000010101,25.29203190037579,9.765625e-05
11110010011100000000,18.955193496283627,9.765625e-05
11101000010111001000,36.532451010193135,9.765625e-05
01111111111011000000,20.775445421056894,9.765625e-05
10010010100010001110,24.951806911718087,9.765625e-05
01001101010111000000,11.02759684236814,9.765625e-05
11000010110111001010,29.678989063968462,9.765625e-05
10101001010110101000,33.13547093998129,9.765625e-05
01100100101000010100,14.839998398079691,9.765625e-05
00101100101001110101,24.164914604898417,9.765625e-05
00011111010100000000,14.804378442283145,9.765625e-05
10010100111100100000,17.808730945110963,0.0001953125
11101011110000011001,36.080980680241844,9.765625e-05
01010110111110111000,23.98924554103788,9.765625e-05
01111010011110000001,19.53113971058122,9.765625e-05
10011101101011011001,19.954170881342563,9.765625e-05
10100011001011100011,31.818204621322664,9.765625e-05
11001111000000000100,28.364799090798734,9.765625e-05
00110001011110010001,20.11395305960134,9.765625e-05
01100100111100000000,14.635878415423766,9.765625e-05
11001000011100100100,22.449904932631306,9.765625e-05
11111100110000000010,13.22238378285886,9.765625e-05
01001000111010000000,22.847907177630404,9.765625e-05
01110011001000100001,22.19633475587785,9.765625e-05
11001111001001000100,22.208905950589767,9.765625e-05
10001000010011001001,43.225961232593086,9.765625e-05
01100101110000100000,19.767341237714547,9.765625e-05
00110000110100010101,28.115270600806603,9.765625e-05
10000001010101110001,34.2243808383641,9.765625e-05
01111101110111000010,14.002376278147125,9.765625e-05
11101010101111011000,38.295667858566034,9.765625e-05
11100111010110000010,24.782279758957692,0.0001953125
00011000010111000110,30.123309005411265,9.765625e-05
10010100100010000001,17.359656254540884,9.765625e-05
11101011111000000010,27.38354688149714,9.765625e-05
10110000010000000000,16.766381299254355,9.765625e-05
00101100110000101000,22.696138426763085,0.0001953125
11011000110101000100,15.812940610219437,9.765625e-05
00010101110101000011,21.774660594799148,9.765625e-05
11110100000001000110,16.858600428953793,9.765625e-05
01010010010010001000,11.809877237779881,9.765625e-05
11011111010001000010,30.421544758947,9.765625e-05
11101100110101100000,16.32926432364181,9.765625e-05
01111000110010010010,11.141919987901254,9.765625e-05
00001101011000101010,21.263429017990763,9.765625e-05
10010100011111011000,22.293756198840473,9.765625e-05
01110101100111101100,30.8678660110471,9.765625e-05
10000100010111101010,33.04477464845577,9.765625e-05
11111011110101100010,27.167384043911902,9.765625e-05
10101110101101100000,34.1706186648878,9.765625e-05
10001110010100010110,41.850499053601,9.765625e-05
11010110111001100000,15.963624374023592,9.765625e-05
00000001100110000011,39.35354650380843,9.765625e-05
11101101100100000000,21.61748685659532,9.765625e-05
01111111110100001000,25.636335725735634,9.765625e-05
11111100111101100000,7.480692133815422,9.765625e-05
00100101111101000000,16.582874654625876,9.765625e-05
00011100001111010000,12.741288679162729,9.765625e-05
00010010000010110001,24.618944944719875,9.765625e-05
10100010001111100000,45.6277265363177,9.765625e-05
10011101110001000110,15.70295412701104,9.765625e-05
01111011010111100000,21.25046190569993,9.765625e-05
11111011001010000001,37.70502046034878,9.765625e-05
01111100011111110101,8.846878321096003,9.765625e-05
11100111001110110000,23.323866742382016,9.765625e-05
01101010100000101110,28.62337123634014,9.765625e-05
10011100110001000000,12.60325781643848,9.765625e-05
11111010100001000110,35.75916074065142,9.765625e-05
11110110011011010101,18.97949441207011,9.765625e-05
11110000011110110000,14.315742142085593,9.765625e-05
00110001011010100000,18.929979086528753,0.0001953125
10100101100011000001,16.561498757531353,9.765625e-05
00110111100111110101,15.818204621322664,9.765625e-05
11001101111111001100,13.624925929774667,9.765625e-05
10111111010110000000,36.723238882576254,9.765625e-05
10011101011100000010,14.991237144022037,9.765625e-05
01001000100100110100,26.167747801123124,9.765625e-05
11111001000101110100,22.482545285084967,9.765625e-05
00010011101101001000,20.322204407613324,9.765625e-05
00000110000101001101,25.58005812045254,9.765625e-05
10100000101101000000,33.72055905864432,9.765625e-05
00001010101100010000,38.36784373845824,9.765625e-05
11110001110010101010,17.111149743035764,9.765625e-05
01010001111011010101,32.399538436575824,9.765625e-05
10001111010011010100,24.90627155484149,9.765625e-05
00011000010100100000,19.088973706871048,9.765625e-05
00001101011100101010,21.26623931057075,9.765625e-05
00001101011000100100,16.223552168464046,9.765625e-05
10100100010101000010,26.666970963330115,9.765625e-05
11011100011000010010,10.227977725663248,9.765625e-05
10001110011101000000,34.32926432364181,9.765625e-05
11111111010100011000,39.816735693517586,9.765625e-05
10001110011110100000,26.81688489778552,9.765625e-05
10101011100000000100,41.019224473084186,9.765625e-05
11000000010000110111,26.992467765954288,9.765625e-05
01000010100101010010,30.449302156762386,9.765625e-05
11010100110110000010,15.71644091089602,9.765625e-05
01110010011111000000,16.050895973289794,9.765625e-05
10010100111000000000,16.670446268106083,9.765625e-05
10111111101001000100,32.3957885846617,9.765625e-05
01101101100111000110,13.622654691702568,9.765625e-05
01011100000110011000,13.893050246875571,9.765625e-05
00100111110101000101,18.73422876313424,9.765625e-05
11001110101011010110,18.945398975781696,9.765625e-05
11011001010001000110,13.669346947209974,9.765625e-05
11000000000101010111,31.911208392185625,9.765625e-05
10010001111101001101,25.008374991769642,9.765625e-05
01100100101110000100,20.786287778681178,9.765625e-05
10110100110100110101,14.625873385048163,9.765625e-05
00111100100110000100,13.092465967965653,9.765625e-05
11011111111100100000,21.423371180733746,0.0001953125
00000101110101100010,30.933188093837394,9.765625e-05
00010110010111111100,24.26203152268708,9.765625e-05
10001100011010000000,19.25525122011036,9.765625e-05
00010101011100001000,24.08625407227494,9.765625e-05
10011001110001010100,19.87875374664683,9.765625e-05
01111111011110001000,22.508328836146916,9.765625e-05
01111100101110010101,9.514848054161327,9.765625e-05
01111101011111111000,15.75914678862259,9.765625e-05
11001010110011000010,28.408214351644588,9.765625e-05
11110010110101000000,19.041630391196488,9.765625e-05
10011111011100000000,22.567611218286345,9.765625e-05
01001100000101101101,18.671948705517764,9.765625e-05
10010110000000100111,23.26874778799932,9.765625e-05
01111111100000010010,34.225868137217745,9.765625e-05
00011100011111101000,18.44930215676239,9.765625e-05
00110010000000100001,21.996832839096,9.765625e-05
11101111011011111000,24.651343682652154,9.765625e-05
00010011011100000000,13.516098135294687,9.765625e-05
10101110000100111011,44.268821500504394,9.765625e-05
11110110011010100100,20.87018533711719,9.765625e-05
00000110001010110101,30.164914604898414,9.765625e-05
00110111100001100010,20.842221940388086,9.765625e-05
01111011101100000001,22.55222973099444,9.765625e-05
00111110101011000100,19.734299754776952,9.765625e-05
11110010001011110110,26.1923827687161,9.765625e-05
10101100111000010001,25.263429017990763,0.0001953125
01110010110100000010,12.276446917052649,9.765625e-05
01000101110111001000,29.748720569187604,9.765625e-05
10101011000101000010,50.460714749873084,9.765625e-05
01000101101011110111,43.524578042593774,9.765625e-05
11010110010000101001,12.248075941515857,9.765625e-05
10111101100001100100,20.121984156096303,9.765625e-05
11010110110000010100,11.343709070385508,9.765625e-05
00010011011000111001,23.074234328130405,9.765625e-05
11101111110101010000,30.97783748655013,9.765625e-05
00010000011110110101,46.70797809076824,9.765625e-05
11110010000101010001,29.457820982463694,9.765625e-05
10011100111001000101,16.54855093018724,9.765625e-05
11001001011111000000,17.229796213682622,9.765625e-05
00011110001000000000,16.45912436450007,9.765625e-05
11100000000000010111,23.825333455425366,9.765625e-05
11010010000111000000,16.729642552520772,9.765625e-05
10101110011111000001,47.23645220207744,9.765625e-05
01111110101011000000,19.728736943651924,9.765625e-05
00101010111101000111,59.66834119062053,9.765625e-05
00010100001011000100,28.226025982642447,9.765625e-05
01101110101011010101,19.736207148510633,9.765625e-05
10101110010001010001,57.25287253704778,9.765625e-05
01111110101000000001,21.683053154756493,9.765625e-05
11101100010110000000,21.09002503773619,9.765625e-05
00011111111111001000,13.066352190935278,9.765625e-05
00011001101011011000,28.494102506012613,9.765625e-05
10100110111101011111,41.440430935869,9.765625e-05
11000001000000010001,14.449684002299609,9.765625e-05
10111011010101000000,44.730593539365074,9.765625e-05
11101100011100000100,19.80874342829766,9.765625e-05
00101010000010011001,46.18312760708082,9.765625e-05
10100101110011100110,20.91169591425191,9.765625e-05
01111100010101110000,9.058013663353226,9.765625e-05
10000011111011010100,30.619783093516823,9.765625e-05
10101110000101001100,51.70160356606179,9.765625e-05
11111010110111000100,33.894518842585356,9.765625e-05
00101001111011101010,28.445045557299476,9.765625e-05
01111111111110000000,19.597987221555115,0.0001953125
11010101010111111101,15.331020869601382,9.765625e-05
01010100101001000010,34.417093490113515,9.765625e-05
10110010001101101100,33.20651563287696,9.765625e-05
11010110011000101000,15.30076187240482,9.765625e-05
01010111110100011000,18.19535712667796,9.765625e-05
01110010100110001001,16.263453809700103,9.765625e-05
11011001010110000000,12.980885654940625,9.765625e-05
00001011100101010101,33.60477367859798,9.765625e-05
00110010010010010001,24.735189436015496,9.765625e-05
11011101101011011000,26.31772405903279,9.765625e-05
10011110011101101000,19.730569607032024,9.765625e-05
11100011110000000000,17.221423844398668,0.000390625
01010101011011000100,29.291903869119203,9.765625e-05
01111100101101010000,8.055203370773238,0.0001953125
10001101010011011000,16.916906210581658,9.765625e-05
11101010101001001100,36.75855693609417,9.765625e-05
11000011000001011100,12.311082229806871,9.765625e-05
01100000001000000010,17.065164051861718,9.765625e-05
10101100000101010111,37.30515277719367,9.765625e-05
01011001110111001010,22.60342126700249,0.0001953125
11000110111110110000,18.06201898389399,9.765625e-05
00010001101110011000,40.7869946372818,9.765625e-05
10000111110100100010,19.899651171257975,9.765625e-05
01110101101001010001,22.801506207643357,9.765625e-05
10100101110000010001,16.724994312720295,9.765625e-05
01011001010100100000,12.63463531030482,9.765625e-05
10111101000101000000,23.55634787874274,9.765625e-05
11010101011100000000,18.68741814077101,0.0001953125
01111000110000000000,9.565077850771768,9.765625e-05
10000110101101000000,22.611789038199284,9.765625e-05
11010110111111000000,13.640873113930045,9.765625e-05
11000000001110110101,32.76827620980134,9.765625e-05
00000111110011000000,15.577802810010738,9.765625e-05
11101000101001000000,21.389466560946182,9.765625e-05
10100110010110001100,36.49351890591736,9.765625e-05
00010110001110000000,15.226985921102635,9.765625e-05
10101110111011111001,36.843165864090764,9.765625e-05
11010010101101101101,22.192344366755066,9.765625e-05
00100111010001010010,18.64654876310243,9.765625e-05
01100010011110010101,34.672517846824846,9.765625e-05
01010100001110101100,35.82567439611907,9.765625e-05
10101100110100000010,25.244610322776843,9.765625e-05
01011110000000000110,22.622238161278986,9.765625e-05
10100001111110011000,32.50439966550269,9.765625e-05
11011111101101010100,21.524654334268703,9.765625e-05
11011010010101011100,30.64499126167835,9.765625e-05
00000011010100000110,25.84911124433427,0.0001953125
11111101011110101010,20.37756589644234,0.0001953125
10111001000101000000,26.139174445370628,9.765625e-05
10101011001001110001,46.99087329968361,9.765625e-05
01010000110110001000,27.554287786998355,9.765625e-05
01101001111110101000,22.80238683929899,9.765625e-05
01001110101100110000,15.913994556132327,9.765625e-05
11001001010001000000,14.205317807766441,9.765625e-05
01000000001010101011,45.19654339932309,9.765625e-05
11011101010000101000,22.202630039270765,0.0001953125
00100011110110000010,24.87456189723328,9.765625e-05
11101001111010000000,15.75759626321292,9.765625e-05
01010011111011111001,28.366008697150882,9.765625e-05
00111000111000011101,28.78226373336037,9.765625e-05
01110001000000000010,18.256540437625826,9.765625e-05
11011111111101100000,18.292547756971693,9.765625e-05
10001111000001001000,23.17662629229818,9.765625e-05
01011000101110010000,20.01253933945131,9.765625e-05
10100000101001010000,33.07555186933567,9.765625e-05
10010101010001110110,19.145748727397436,9.765625e-05
01000011111010000000,18.736506242799695,9.765625e-05
00101001111110101000,30.246084338531702,0.0001953125
01111001101111010100,15.066352190935278,9.765625e-05
01010011010100010000,10.603964675039101,9.765625e-05
10000101011111001010,26.864091514015044,9.765625e-05
10001110101111000000,24.42834714362017,0.0001953125
10111000101111010000,27.772576532893694,9.765625e-05
01110000101001010000,15.84911124433427,9.765625e-05
01010110111001011100,19.84911124433427,9.765625e-05
11101101001110010000,20.275308645278308,9.765625e-05
11110001111001110111,13.483280586978594,9.765625e-05
00100000110100001000,38.90210876353881,9.765625e-05
01101100111000110011,12.489168302403641,9.765625e-05
00111000001110101110,24.142867443174747,9.765625e-05
10100000010100010111,54.68235692375396,0.0001953125
00010011101010000001,22.466148795320464,9.765625e-05
11110000011001001100,13.507223175690438,9.765625e-05
00110110010011010111,21.64343221471509,9.765625e-05
10100010101010000101,40.32220440761333,9.765625e-05
01000011011010000000,14.247051253006308,9.765625e-05
11100101110010101000,19.720218117950616,9.765625e-05
01010101000101011010,29.391984000830455,9.765625e-05
00011001110001000010,17.283924097925777,9.765625e-05
01110001010100000000,9.202254435326886,0.0001953125
11000010111110011111,38.695328721259145,9.765625e-05
00111100001000100000,12.04111278233101,9.765625e-05
01001000101110000001,28.854176847356058,9.765625e-05
00110101001000000000,19.863678515162274,9.765625e-05
01100000111010000000,23.09360872906376,9.765625e-05
01101000010110100010,24.269325880922285,9.765625e-05
10011100101001010111,19.212525246728635,9.765625e-05
00010011111110011100,27.158772780925478,9.765625e-05
01111010111010000000,14.384378788700738,9.765625e-05
11111111001110010000,38.80977716639012,9.765625e-05
01010101001010000000,44.03743320927472,0.0001953125
11011111101111010010,22.899348632525303,9.765625e-05
10001100110001110101,28.121260548317107,9.765625e-05
11010001101111010000,23.627726536317702,9.765625e-05
11111000111100000000,11.38946656094618,9.765625e-05
10101101011110001110,23.606707507547192,9.765625e-05
01010111010000110001,20.28321398038542,9.765625e-05
10111010010101011000,57.73664916764624,9.765625e-05
11010111011100010010,20.586426469056654,9.765625e-05
11101101110010100000,18.140201843902716,9.765625e-05
11010010010100010100,16.185346578290257,9.765625e-05
01010110011110011000,13.907076819689504,9.765625e-05
00101100001110000000,15.938185295226159,0.0001953125
01100010000011110011,32.30210024443463,9.765625e-05
10101111111110000011,29.037855257710394,9.765625e-05
10000001001110100001,30.693610577260607,0.0001953125
01010100111010000000,31.072741576755682,9.765625e-05
01110001101110010100,20.179862801338704,9.765625e-05
11100010100000110101,29.092523742000594,9.765625e-05
01111110100000000001,25.324347887059915,9.765625e-05
10001011010010001010,27.693620350424762,9.765625e-05
00001001011110100000,26.150824016456188,9.765625e-05
01101010110100000010,31.95453472568099,9.765625e-05
01011100010000010100,8.854500918858335,9.765625e-05
11111100001101001000,17.222383782858856,9.765625e-05
01110111010001001000,21.307019880492042,0.0001953125
01110101101010001000,42.35835537538699,9.765625e-05
01101101011110000000,13.898703715984485,9.765625e-05
10010010110111101001,29.671989631997466,9.765625e-05
01110011010000010111,14.912717892738918,9.765625e-05
00010001110010001000,30.05975471099648,9.765625e-05
11000100101110000001,21.397897438686147,9.765625e-05
11100010111010111001,28.920538724328292,9.765625e-05
00001101110001000010,15.581978731793983,9.765625e-05
00100110100011110010,26.405216795770748,9.765625e-05
11100111001010001001,27.185609442153797,9.765625e-05
11001111111100000101,18.74507212781067,9.765625e-05
00110110010101101000,17.884227837561426,9.765625e-05
11010010000000000010,17.821627240013484,9.765625e-05
00111000000000000011,17.996832839096005,9.765625e-05
10111111110000101000,31.324347887059915,9.765625e-05
11010011101011000100,18.070123890817587,9.765625e-05
11101101001010111010,21.20659485255431,9.765625e-05
00101110000111010010,30.402593777324434,9.765625e-05
11101010000000000011,49.001070066485,9.765625e-05
01010000100011000100,28.1475572351126,9.765625e-05
00011011111100100101,20.65016432053043,9.765625e-05
11100000001011000100,22.941586898336876,9.765625e-05
00010111011111000100,14.113966277209101,9.765625e-05
01000000001110010100,33.65127061744096,9.765625e-05
01110101010101000010,14.376554425540562,0.0001953125
11001011011101000000,25.546521197873123,9.765625e-05
00111110011111100000,17.514838368124373,9.765625e-05
00001000000100010001,37.43180372361609,9.765625e-05
11110111100101000000,24.97029982161952,9.765625e-05
11010011011111010100,14.112109681495951,9.765625e-05
01001001110110000000,18.65473623617997,9.765625e-05
00000011001101000000,20.670683420335344,9.765625e-05
11100111111111011000,14.61945809129324,9.765625e-05
00010001101111101010,49.9251612633343,9.765625e-05
10100110000100101001,30.87210939290224,9.765625e-05
11101011000001000100,43.277630458039056,9.765625e-05
01011101010111001100,16.139174445370628,9.765625e-05
00100100000001000010,17.516098135294687,9.765625e-05
00010101001111100001,28.926551869750774,9.765625e-05
11000110000110100000,14.988673689708264,9.765625e-05
11110110111000000001,14.905317857974651,9.765625e-05
11110000001111000100,17.337265354973766,9.765625e-05
11101111101001000100,29.324347887059915,9.765625e-05
10010001011110100101,24.57021280193008,9.765625e-05
00001000100101100000,37.50230591756028,9.765625e-05
00011010110001000010,26.54233903449653,9.765625e-05
11010000001111000010,23.107446237646425,9.765625e-05
11011111010000001000,31.726406043480253,0.0001953125
00000001000000001001,25.666328120357786,9.765625e-05
01010101011011100100,34.42270512365761,9.765625e-05
10010011011111100101,22.74339400120671,9.765625e-05
11000111110101010000,9.52369086423771,9.765625e-05
01100100011001000010,14.670683420335346,9.765625e-05
10011011011100000000,24.391935912832466,0.0001953125
00111110000000000010,26.066892888949354,9.765625e-05
01011111010111001000,15.285039444419212,9.765625e-05
11111011001110010100,33.01701725064038,9.765625e-05
01011010111111000100,20.429734032961953,9.765625e-05
10111101100111011000,18.182785931966045,9.765625e-05
10111110100001010001,35.41680063741781,9.765625e-05
00011000110000010001,24.28748652911482,9.765625e-05
11010001111001010000,15.489747206035053,0.0001953125
00100011111101010001,34.77248337202733,9.765625e-05
10011110101101011101,23.27368118089985,9.765625e-05
11011001101101001000,18.002148811954818,9.765625e-05
11010101001101111000,23.276938069066418,9.765625e-05
10010101111000010010,25.382589653059487,9.765625e-05
11001000001111000000,23.213849029527246,9.765625e-05
11101001100100000010,20.24807594151586,9.765625e-05
01001001000100001000,18.161821869240917,9.765625e-05
00111101110010001000,19.154235392731064,9.765625e-05
11110001100010011011,21.218646571562658,9.765625e-05
11000001010000000010,12.787406569618218,0.00029296875
11111100101101010010,9.87176147619412,9.765625e-05
11100110010101000010,27.78052695170899,0.0001953125
01111011001101010101,24.878545310341647,9.765625e-05
10001110101111000010,25.787036483686446,9.765625e-05
01001100001111100001,16.836626158186917,9.765625e-05
11101101010011011100,19.461614117148592,9.765625e-05
01011110010101010000,12.453143379445272,9.765625e-05
11010111101010000101,29.70214886216302,9.765625e-05
10111011001001000110,37.61485948462027,9.765625e-05
11001001000110101010,17.89684087867799,9.765625e-05
00100001111001011000,30.875693084229816,9.765625e-05
00110111111101001000,11.427874727226264,9.765625e-05
00011110111100110000,16.6086502118249,9.765625e-05
11101111001010101100,31.29203190037579,9.765625e-05
01111110001010000000,23.55634787874274,9.765625e-05
11100111001000000001,29.37483628154203,0.0001953125
01111100010000000000,12.272259421167831,9.765625e-05
01110101111000010000,20.92068965922961,9.765625e-05
01011111111110100001,19.226738359255165,9.765625e-05
01110101010100000010,17.507377849302614,0.0001953125
10100010011111000000,52.84814161983712,9.765625e-05
10111111001111101000,26.66763533907205,9.765625e-05
00010000001101010001,32.93151087631856,9.765625e-05
10101010011010000000,52.93076317836544,9.765625e-05
10110100111111110000,18.217221487399897,9.765625e-05
11001100111011011011,18.22194614972798,9.765625e-05
11000100011101101000,18.164625920227557,9.765625e-05
10111110011011101110,30.331640601788934,9.765625e-05
01001101110100000010,16.32926432364181,9.765625e-05
10101001001011100000,24.360262769120666,9.765625e-05
01011001111100001000,20.307622852661204,9.765625e-05
01111101111111100101,12.902310616063861,9.765625e-05
01110111111100000000,17.507377849302614,9.765625e-05
11010110101101010100,15.02759684236814,9.765625e-05
10111001011110010001,25.19811338393387,9.765625e-05
01001110010100001000,16.498605943741744,9.765625e-05
11101001010100000011,28.906271554841492,9.765625e-05
10000010010111100000,45.35868934006628,9.765625e-05
11000101011010001000,21.991526552274145,9.765625e-05
00000100010100011101,35.82974373228813,9.765625e-05
01000000000111000101,34.82802122392105,9.765625e-05
00100100110011101000,33.1428255967701,9.765625e-05
11000101000011011101,15.480682447778467,9.765625e-05
11111000001111101010,18.691345580781853,9.765625e-05
00111001010110000011,15.537588758501185,9.765625e-05
11111011010000111101,35.10853223176173,9.765625e-05
00011011101111101110,23.410526527036218,9.765625e-05
01000101011111000000,23.914991840833565,9.765625e-05
11011000100000000010,13.900005329559445,9.765625e-05
11011100100101010000,9.142363051917027,9.765625e-05
00001110101101010001,25.45688864411206,9.765625e-05
01100011001010000000,16.1849319359313,0.0001953125
11111101110100001000,21.332172250220097,9.765625e-05
11011111111101110001,15.289671990761093,9.765625e-05
11101101001010100000,23.724110873075105,9.765625e-05
11100000011010110001,26.693610577260607,9.765625e-05
11000011100000010110,14.737530931309246,9.765625e-05
00111010011111010101,43.33339778420255,9.765625e-05
00110110010110000000,13.143841333663762,9.765625e-05
01111111011010101110,24.62776567269981,9.765625e-05
01101001010111000100,19.821157533642122,9.765625e-05
00111101001011110000,15.936678689789623,9.765625e-05
00110101011110000000,15.088347820217352,9.765625e-05
11111101100000000011,31.481804770286317,9.765625e-05
00111001111110110000,18.329826488934472,9.765625e-05
11100110110001010001,21.064615322156698,9.765625e-05
01110110111100010001,8.252382429914178,9.765625e-05
00110010111000101010,24.032125278946666,9.765625e-05
11111101010111000100,20.639078558243725,9.765625e-05
10100011110100000000,29.08875351096042,9.765625e-05
11110101000010100000,34.12022790440399,9.765625e-05
00000110111010101001,36.090532139016446,9.765625e-05
11110100100010000000,16.517058808175946,9.765625e-05
00101101010100000010,16.250886234095848,9.765625e-05
00000001010000100111,34.38623185284308,9.765625e-05
00110010101011010100,28.188168444971822,9.765625e-05
11111000000111011000,25.34900911561402,0.0001953125
00001010101101001010,41.80238683929899,9.765625e-05
10011011011000000000,24.214468761714798,9.765625e-05
01010010101111001010,30.51740434695681,9.765625e-05
11110001110100101111,12.113966277209105,9.765625e-05
01100010001111010001,32.7571559200595,9.765625e-05
11000001011011110111,28.70947084214297,9.765625e-05
01011110110001010000,13.583899343135428,9.765625e-05
01000111010001000000,11.26814127341953,9.765625e-05
11111011000111001000,36.971186792835525,9.765625e-05
00001000101111111110,61.081173396056776,9.765625e-05
10000101000101110000,13.704279896250945,9.765625e-05
01110011010011010000,13.539510104263691,9.765625e-05
00101110100101000111,33.66284312954486,9.765625e-05
01001101011001000001,12.497288402536475,9.765625e-05
00101010000000010101,54.483941001087416,9.765625e-05
10010001010000101010,18.739381285429044,9.765625e-05
11101000101111000010,25.117181526111093,9.765625e-05
10001111011101000000,23.79082961837134,9.765625e-05
01011001011100110110,15.576023371246265,9.765625e-05
11010001110110101010,23.9033262549905,9.765625e-05
11100100011100001000,13.745666882785004,9.765625e-05
01110111100100101010,30.64374471211579,9.765625e-05
01100100011011111100,26.56088871138076,9.765625e-05
01100101110111000000,16.54233903449653,9.765625e-05
11110011010010000010,21.49882174829561,9.765625e-05
01001101100101101110,21.47039217717561,9.765625e-05
00011010011101111110,40.38587769454161,9.765625e-05
11111000101001000100,16.9902194315269,9.765625e-05
01111110100010001000,24.628694185213376,9.765625e-05
01011111000001010001,24.24622839538562,9.765625e-05
01000101101110000000,36.41796901218317,9.765625e-05
10011001011100010101,22.5677133632446,9.765625e-05
01000000011001111100,41.44715063478503,9.765625e-05
11111111110110000000,32.37105636446489,9.765625e-05
01101111010110001101,24.221066976074663,9.765625e-05
10001100001110000000,17.527108394978733,9.765625e-05
01100011000101011100,19.842235070868647,9.765625e-05
01111101001101100001,18.228909340433646,9.765625e-05
10110000111010100000,20.22787560234118,0.0001953125
00001110110001110100,30.7528902493775,9.765625e-05
11100001100000010010,13.233573420737216,9.765625e-05
01010101101001010101,33.21042534432007,9.765625e-05
00100111001101010111,19.40502773153948,9.765625e-05
00101001110000001000,23.610835341332443,9.765625e-05
11110110010101010000,20.080980680241836,9.765625e-05
00010111001010100000,27.65638784003154,9.765625e-05
00110011011110000101,16.234876922376795,9.765625e-05
11110111100010100001,33.396738837084925,9.765625e-05
11010001111100000010,18.666970963330115,9.765625e-05
11100000000001000111,25.821157533642122,9.765625e-05
10111111111010000100,28.50551230197358,9.765625e-05
10011101110000001000,17.72754880457836,9.765625e-05
11111100000011101100,22.12579071552902,9.765625e-05
11101100100100000010,15.652850288088693,9.765625e-05
01100110001000010000,15.440815284288707,9.765625e-05
10101001101000100011,22.917512725161448,9.765625e-05
01110111011010000000,23.6848360488044,0.0001953125
01011011001000000010,22.795645673104374,9.765625e-05
10001010010010001000,39.72754880457836,9.765625e-05
01100101101111000000,21.628291204492847,9.765625e-05
00011111010010010001,14.535928388537592,9.765625e-05
11001010111010010101,31.26998465152492,9.765625e-05
10011101101101010101,13.644280235052868,9.765625e-05
11110111110100100010,22.7316112518602,9.765625e-05
00010100001110100101,30.19942468354579,9.765625e-05
10000001001110100000,26.989657473374297,9.765625e-05
11111010111011000000,25.892662246872206,9.765625e-05
00100100111101011010,34.832733403062434,9.765625e-05
11010100010001010010,11.027596842368139,9.765625e-05
01111110111000101000,18.558207184478427,9.765625e-05
10110111011110100000,21.22106624165359,9.765625e-05
01110111011111001000,16.743630086919623,9.765625e-05
11001100000001000110,14.504881855060745,9.765625e-05
01011111100000000010,34.966596316230174,9.765625e-05
11001001000001101100,13.299707831517143,9.765625e-05
10100001011110000100,29.183980949087,9.765625e-05
11010010000101000100,18.56281629873662,9.765625e-05
11111101101011100100,23.79467604860723,9.765625e-05
01101001011010000100,12.958899711695508,9.765625e-05
00000000000000011100,38.57917812525095,9.765625e-05
00010111111101010000,15.82998368166713,9.765625e-05
01010101000101111100,27.69021874731404,9.765625e-05
11110101100111010010,19.304656515593926,9.765625e-05
10101100011011011001,32.52741748041183,9.765625e-05
11000001011010000010,20.378754671969954,9.765625e-05
11110011101100000000,18.546612590278073,9.765625e-05
11011101001010101000,32.68907943065955,9.765625e-05
10110101011110000000,15.996832839096001,9.765625e-05
01110001001010010001,21.20375342829496,9.765625e-05
01011011000111000010,18.04634192304401,9.765625e-05
01000010101100000100,26.049216867706342,9.765625e-05
01010001011111100100,27.901370049677578,9.765625e-05
00011011001111110010,19.945022648256575,9.765625e-05
00000101111011000000,32.512320928240094,9.765625e-05
11101100100010010110,15.567784354887314,9.765625e-05
01000001011101101000,32.01940031970769,9.765625e-05
01010001110101000000,19.048802225347384,9.765625e-05
11101101101000100001,20.55227054871076,9.765625e-05
11001101011011111111,13.805845492863408,9.765625e-05
10101001011111110010,35.98049610980774,9.765625e-05
01111011110010000000,18.951066396919437,9.765625e-05
11111110111101010100,24.90627155484149,9.765625e-05
10101000100100000100,41.136129710583916,9.765625e-05
10001100011111000000,24.01253933945131,9.765625e-05
10111011100010101001,29.377505412384856,9.765625e-05
01100001011100110101,24.02662368630019,9.765625e-05
11011010110001000000,22.14481095816091,9.765625e-05
11100000000001001000,19.743499433177345,9.765625e-05
11101101101110100001,18.899368004599218,9.765625e-05
00011001101111111100,33.16011624090508,9.765625e-05
10110001000101011000,18.58381939987683,9.765625e-05
01011101011000100000,23.677698790776468,9.765625e-05
11011000010000001000,11.383190649627178,9.765625e-05
00011001100111000010,20.245669696172747,9.765625e-05
01011110110000110010,15.664798317009271,9.765625e-05
11100101000011001000,20.42519664476754,9.765625e-05
11100011001011100010,23.10086778759475,9.765625e-05
11111111110100010000,33.800382818619156,9.765625e-05
00110010000010100100,23.766920353762238,9.765625e-05
11000111011010000001,18.11039153749742,9.765625e-05
00001000001110111011,48.44747836871079,9.765625e-05
10011001111110010001,22.118128981384583,9.765625e-05
01110011010110000000,12.35738575088984,9.765625e-05
11110111011011110100,21.60078782809815,9.765625e-05
11111001000000010110,25.324347887059915,9.765625e-05
10111111010001010000,42.67933101171431,9.765625e-05
11101100111010001000,14.603257816438479,9.765625e-05
00000011101010001011,33.18253464220408,9.765625e-05
11010110000100100000,16.04111902392436,9.765625e-05
00101111111000000100,21.26814127341953,9.765625e-05
10010100001100000001,12.512696532183972,9.765625e-05
01010110011010100000,20.15648372715845,0.0001953125
10101111011111100010,29.997782367937987,9.765625e-05
00001110101101010101,29.872985856533024,9.765625e-05
01000101000110010100,19.938807737436242,9.765625e-05
10101101110100000010,20.250886234095848,9.765625e-05
11111111110101000110,29.842292932030794,9.765625e-05
11001010110011001001,30.373682827354813,9.765625e-05
11000101010010001000,17.74913250152402,0.00029296875
01011100101101010000,13.60804025280151,9.765625e-05
01100101010000010011,15.569107414104678,9.765625e-05
11101010110000010000,41.794390073958915,9.765625e-05
10101001011000100010,24.886173338988883,9.765625e-05
01110101010110001010,24.613785973691662,9.765625e-05
10101011100000000101,44.54661259027807,9.765625e-05
00111101110011101000,17.976693805527077,9.765625e-05
10111100010101110100,25.67822461683677,9.765625e-05
00101101111100100010,15.189710840723523,9.765625e-05
10101111111001000110,30.11223844717361,9.765625e-05
11100010110101101010,32.49410250601261,9.765625e-05
01010100101010000000,37.02698408619501,9.765625e-05
11001111101110001000,19.057066208079732,9.765625e-05
10011111110000000000,24.44567317458656,9.765625e-05
11111100011010001000,15.955193496283627,9.765625e-05
01001011010100010111,24.55503649200362,9.765625e-05
10110011100000111110,22.820251924773267,9.765625e-05
01001010001111010001,31.130431168606634,9.765625e-05
00000011001100011000,24.372205280029146,9.765625e-05
01111000011011001101,18.92756565803117,9.765625e-05
10010010111110100000,26.293756198840473,9.765625e-05
11110110111110000000,13.210624094588297,9.765625e-05
11110000011110100000,12.537117164065204,9.765625e-05
11111110011110010101,26.665782187802513,9.765625e-05
11110110001111101010,21.368000300135037,9.765625e-05
00100011110000011100,25.877614429992324,9.765625e-05
01000010010110001110,29.18607469702941,9.765625e-05
11000000011101110000,30.63310717209868,9.765625e-05
01000010010011011000,25.27459376578311,9.765625e-05
11110001111011111011,21.216015864317043,9.765625e-05
11011111100101000000,27.648887548373644,9.765625e-05
11101011101100101000,27.696504344670004,9.765625e-05
00001001011000000001,22.427640285019542,9.765625e-05
11010010111110010000,16.071433721587372,9.765625e-05
11101101010101000000,22.512449693917752,0.0001953125
10000011110101101110,31.4030812014237,9.765625e-05
00110111111011110011,19.317307980307696,9.765625e-05
10110011010000100000,23.329910698184943,9.765625e-05
01010010100101110011,28.132213328233462,9.765625e-05
00010010000000000110,22.34144127675701,9.765625e-05
01100010111100010000,26.113790343458394,0.0001953125
11101100101000000001,15.484816523157072,9.765625e-05
10011100010111111010,16.755373026011608,9.765625e-05
01000000010000010110,26.537775934667835,9.765625e-05
11110011101010001000,20.623616099004884,9.765625e-05
00100110001100010010,23.042853106393018,9.765625e-05
01101001111101000010,16.374636524221657,9.765625e-05
00011001011101000000,14.548550930187236,9.765625e-05
00111001000010010101,20.82025192477327,9.765625e-05
01100011001010100100,17.80333782614329,9.765625e-05
11011101011101000000,14.032571874533254,9.765625e-05
01010011010100100010,16.55408279513678,9.765625e-05
11010000010011100010,18.44704060472724,9.765625e-05
10110010111100000000,24.09246596796565,0.0001953125
01010110011100100010,19.186900548143534,9.765625e-05
11011010001000101000,20.400778722908846,9.765625e-05
01101101110100100011,16.18470301173668,9.765625e-05
10010101010101000010,13.606707507547188,0.0001953125
11011101010111001100,14.093416954809953,9.765625e-05
01111110110000111010,18.457806823294803,9.765625e-05
01111011111111110001,18.43942080411464,9.765625e-05
00011010110000000010,22.45308560541033,9.765625e-05
11101010000000000010,45.39555069801137,9.765625e-05
10001001101000010101,26.671948705517764,9.765625e-05
11101010100101000111,50.48538222002054,9.765625e-05
00010001111111000000,33.12268656320118,9.765625e-05
00001101000000000000,13.410803419625623,9.765625e-05
00011111000000001010,24.722287895731952,9.765625e-05
00011101100111001111,21.43657564114443,9.765625e-05
10110011101110010010,21.885004044298572,9.765625e-05
01110001110011110001,20.8363652695152,9.765625e-05
11100011010000000010,23.956144483127925,0.0001953125
01001001101001101110,26.472236289702064,9.765625e-05
01011101110001101101,22.617641355543444,9.765625e-05
00000110000001000111,25.64087311393005,9.765625e-05
01011000010001011000,17.065164051861718,9.765625e-05
01111110110100010100,17.892180966399263,9.765625e-05
11110010011111100000,22.13690591732106,0.0001953125
11100110000111100101,27.775448131079436,9.765625e-05
10010010110001110110,35.82862773850083,9.765625e-05
11101100000110000000,21.294145020392115,9.765625e-05
01110000000100010010,12.075210928641965,9.765625e-05
00011001101110100100,24.472236289702064,9.765625e-05
01010001001010000001,31.26717164892239,9.765625e-05
10000001111111010100,41.57717683622984,9.765625e-05
00011100101011011110,29.65997153135912,9.765625e-05
00110111110111000101,10.740580998604182,9.765625e-05
10101111010101001001,43.764246010014375,9.765625e-05
00111011110010110111,23.818204621322657,9.765625e-05
11001001010010100100,11.288173721374271,9.765625e-05
11111100001011100100,18.489220645553686,9.765625e-05
11110101111010001100,23.466223231406786,9.765625e-05
11100111001001010000,22.891897799740505,9.765625e-05
00010110001111110000,20.755373026011604,9.765625e-05
11110111101110010010,26.34194055842874,9.765625e-05
11001101111110100000,14.424601802666004,9.765625e-05
10110000011010010101,29.465197808476166,9.765625e-05
01010110111100000000,15.211038736947256,9.765625e-05
00110111101100100011,19.31351899201148,9.765625e-05
00110101010101001001,11.047478442548773,9.765625e-05
01000000110011011000,40.1745502729235,9.765625e-05
11010011101000101010,25.3663156873793,9.765625e-05
11110010010101010101,32.280231307261715,9.765625e-05
10110111101001110101,20.724913722167827,9.765625e-05
01110000010100000000,7.610835341332443,9.765625e-05
10000100011011010100,32.897124045336746,9.765625e-05
00001100101101100000,22.63969467173326,9.765625e-05
10011001010100101000,15.47717498263481,9.765625e-05
01111100110000100010,10.871148720020987,9.765625e-05
11101010101011010100,37.51519252642584,0.0001953125
00001100111110001000,29.651270617440957,9.765625e-05
11101101100101000110,16.172508144549887,9.765625e-05
11111011000000110011,41.989149001218934,9.765625e-05
01100011011010110000,18.232596820225655,9.765625e-05
11010110011000100000,16.04111278233101,9.765625e-05
01000101001110000100,27.21103873694726,0.0001953125
10101100110100101010,24.580433724396414,9.765625e-05
10011000010011000110,28.84174496373505,9.765625e-05
00011111111100000000,14.250886234095844,9.765625e-05
10110111010000000000,28.073510475383124,9.765625e-05
11011101110100110010,14.628438618663168,9.765625e-05
11111011011111000000,29.979565403712826,9.765625e-05
01010110000000001000,19.47356286965042,9.765625e-05
00001100110100001100,28.488559066961493,9.765625e-05
01001101111100000010,18.707132758816826,9.765625e-05
01111110010000010110,23.09258504760635,9.765625e-05
11111111001010000011,44.719476966697925,9.765625e-05
01011101101010101100,42.27610231983291,9.765625e-05
11101100001111101000,17.586709635715415,9.765625e-05
00100010111000001000,33.426686588152705,9.765625e-05
10110100000101000110,16.729642552520772,9.765625e-05
01111001111101100010,12.073880904250002,9.765625e-05
00010101101001010000,30.088158755986075,9.765625e-05
11101111000000001000,45.92681356913094,9.765625e-05
00000011011011101101,34.520214639536796,9.765625e-05
11000111111111001101,15.070058406347162,9.765625e-05
00011011110100101010,19.64559777625813,9.765625e-05
00011110011111010001,14.55494957273061,9.765625e-05
00111001000111010101,22.07971999314658,9.765625e-05
01110001101010010001,24.29526840941631,9.765625e-05
01011111101100010000,24.043646149845586,9.765625e-05
00111100111110001010,12.677132468255317,9.765625e-05
01111010001111010101,27.467092806150355,9.765625e-05
01110100111111100000,19.65997153135912,9.765625e-05
10000001110000000010,22.276861559411607,0.0001953125
00110110011110100000,15.67348402687838,9.765625e-05
00000001111110001000,46.41413403109363,9.765625e-05
10001000101111010000,42.62998529120311,9.765625e-05
11010101011010100000,30.020171928357684,9.765625e-05
00000000011010100000,45.62371562147746,9.765625e-05
01101110011111010000,21.567582807469346,9.765625e-05
11010000011010111001,21.157379649990343,9.765625e-05
00101100011001100000,19.954199939453435,9.765625e-05
11100100010000001000,13.208533791089499,9.765625e-05
00010010010100000000,18.45528938341053,9.765625e-05
10000001010101010000,28.305689023712,9.765625e-05
01000101000010000000,26.547829053041433,9.765625e-05
01011001010011001101,16.811556343363332,9.765625e-05
10101101011110001100,24.424583154173337,9.765625e-05
10101010110101010111,81.80712221635235,9.765625e-05
01000110010100010110,17.58510061268955,9.765625e-05
10010111111110000010,21.087371219705794,9.765625e-05
11110011101001000001,20.27834889074125,9.765625e-05
11101110101111010000,25.93006528222052,9.765625e-05
10111111001111011011,26.764086521083488,9.765625e-05
11111111111001100100,27.963338497342292,9.765625e-05
10011001001110000001,18.165820300894467,9.765625e-05
11101000101101110011,30.050157357805237,9.765625e-05
01000010001010010010,24.36359338058868,9.765625e-05
11011100010100100000,6.783573367829913,9.765625e-05
01101001011000000001,16.737530931309248,9.765625e-05
00010011001010010001,20.199976221240366,9.765625e-05
01000000111101000101,45.930573107082026,9.765625e-05
10010001000000011000,17.574813139236433,9.765625e-05
01011001011100110010,16.42239178307245,9.765625e-05
10110000111111100000,27.290476199889124,9.765625e-05
01110110101111011001,14.691793977305853,9.765625e-05
10111101110000000010,19.813802876853302,9.765625e-05
11000011001110010100,16.740341223889235,9.765625e-05
10001101111110100010,19.45688864411206,9.765625e-05
10110110110000010000,20.204168805074982,9.765625e-05
01000111100111010010,18.730141747065304,9.765625e-05
01011011110011110010,17.405027731539477,9.765625e-05
11010101010111100010,21.486329675294034,9.765625e-05
00000100001011000000,28.098433735412684,0.0001953125
11011101111110001000,20.646015950187895,0.00029296875
10000010100110010001,40.649703440819735,9.765625e-05
10010001010100010010,18.914991840833565,9.765625e-05
01100011101001010000,15.332656240715572,9.765625e-05
00110000111000010001,22.4702696530913,9.765625e-05
10010100110111000000,16.338566234127658,9.765625e-05
11010101000101101010,25.937032848091093,9.765625e-05
00001000110110000000,38.93571594333987,9.765625e-05
01100000001000010100,18.31826374999472,9.765625e-05
10010100001011100111,28.757155920059503,9.765625e-05
00001000100110110001,44.12326277889934,9.765625e-05
11001000111110001000,24.537775934667835,0.0001953125
10010101001000000001,22.02138223665489,0.0001953125
10010000011110010101,36.13347933699713,9.765625e-05
01010110110100111000,15.954199939453433,9.765625e-05
10101000110100101010,41.30857654952804,9.765625e-05
10010010110001000111,32.33202841628843,9.765625e-05
11100101111011011000,15.569945562901621,9.765625e-05
11101011010000110001,43.49491148793532,9.765625e-05
10111011000101011010,42.704949468706054,9.765625e-05
10010110010100001001,13.04484564009848,9.765625e-05
10001111011100000001,26.216376155448476,9.765625e-05
01000101011000110000,24.86861713180764,9.765625e-05
00000110111101000100,33.542131234645396,9.765625e-05
11110010101011001110,20.653742591812925,9.765625e-05
01001000001010010001,22.150830258049538,9.765625e-05
00101001101000000001,20.181228430541957,9.765625e-05
10110001110010001010,16.7500985069135,9.765625e-05
01100100011001010001,14.252723370607884,9.765625e-05
01010100010010000000,18.409531892849856,0.0001953125
11110101011111010000,14.360253083083713,9.765625e-05
00011000110110000010,24.470269653091304,9.765625e-05
10100110011111001000,33.38622914282054,9.765625e-05
00111001101000101000,19.045806312979735,9.765625e-05
10010001101100010000,20.910636540856007,9.765625e-05
11100000100111000101,28.98130562980781,9.765625e-05
00010111011111100000,17.021542155648092,9.765625e-05
00010000100101010111,42.42718400339601,9.765625e-05
01010100110110001000,26.488464964534007,9.765625e-05
01011101110100010001,15.03639363801502,9.765625e-05
00110100010001000010,11.821157533642122,9.765625e-05
10001111111101000000,20.63246712627609,9.765625e-05
00101111100101010001,23.604606794430183,9.765625e-05
11001010000101010010,39.03142558186433,9.765625e-05
10111000010111010101,46.594970930061415,9.765625e-05
11010101101101101000,29.884999446211417,9.765625e-05
11111101110101110010,12.89935831856226,9.765625e-05
11111000010110101000,17.31389876398021,9.765625e-05
00011011111111100000,18.211153375932028,9.765625e-05
10100000010010000110,39.741481274964805,9.765625e-05
11000001111100000010,21.453426546104033,9.765625e-05
11001011110110110111,24.695161102670276,9.765625e-05
10100011000001010001,37.457820982463694,9.765625e-05
11110010100111000000,19.448900732011193,9.765625e-05
10000111111100000000,17.770151530294534,9.765625e-05
10001011110111100111,38.28163266623149,9.765625e-05
00010111011110110000,19.470038018874142,0.0001953125
00000000011110000000,46.379413442572584,9.765625e-05
01010011110001000100,11.573996984999084,9.765625e-05
01101000110110000010,23.02495968638912,9.765625e-05
11011100000011010101,13.296634038619567,9.765625e-05
00110111110000001000,16.55594636686434,9.765625e-05
10111000111010101000,20.34048060387575,9.765625e-05
11111110101001000110,30.24119632360663,9.765625e-05
01011010100000010110,20.6039646750391,9.765625e-05
00000010100101001010,41.495008114881465,9.765625e-05
10000011011100010000,29.54595997414159,9.765625e-05
11001111100111110000,14.108212649583223,9.765625e-05
01110101010001000000,17.15744793161052,9.765625e-05
01110100001101000101,11.228832830778828,9.765625e-05
10001010110001110000,49.35495024070546,9.765625e-05
01011000101000000100,17.67421099197398,9.765625e-05
00111100101010110010,14.45586675275225,9.765625e-05
01101101011000100000,15.623107441755302,0.0001953125
10010000010001101111,32.76258902394575,9.765625e-05
00011101110101000010,13.007457808799215,9.765625e-05
10000000100100010000,33.20321157663734,9.765625e-05
01111100101101010100,9.027596842368142,9.765625e-05
11101010010101011000,58.27610231983291,9.765625e-05
00110010011111101110,36.0744927404982,9.765625e-05
01011010010101101000,20.325088401858565,9.765625e-05
01010101110000000000,30.636033823457012,9.765625e-05
01111111111010010101,18.20284781942611,9.765625e-05
00010010111110010001,33.8603080653671,9.765625e-05
00011001000010000000,15.645056011727705,9.765625e-05
11111011001100100000,35.60656279260304,9.765625e-05
01100000111100101000,31.981473433900547,9.765625e-05
11100111010001000001,25.480773840183417,9.765625e-05
11001101111110110101,13.443410811842963,9.765625e-05
11100011110100101010,19.60670750754719,9.765625e-05
01011001010110001000,16.046708477404973,9.765625e-05
01101010000100110111,41.50271992346518,9.765625e-05
01000100110110100000,30.052020918692982,9.765625e-05
10101010001000001011,51.97998004607178,9.765625e-05
00101001101110100110,24.36051679054136,9.765625e-05
01110011000011100100,19.00614797802943,9.765625e-05
00111001110101010000,18.183004348575437,9.765625e-05
11101111001001010101,35.55701840895082,9.765625e-05
00101010010011010101,63.74591474973955,9.765625e-05
00011100011110100000,12.707126517223477,9.765625e-05
00101010111101010001,61.16115779860606,9.765625e-05
10000000001100000100,35.090619058289455,9.765625e-05
00111001101110100000,15.839417802274244,9.765625e-05
01000000011100100000,31.69177064359883,9.765625e-05
00010010010111001000,25.520295317216465,9.765625e-05
00111011110000000010,20.199087274422887,9.765625e-05
01111011001011010100,21.37750541238486,9.765625e-05
10111011110100000010,32.84134194518649,9.765625e-05
10001101110000100010,15.625911492741938,9.765625e-05
10110010101111100111,34.98200115886529,9.765625e-05
01001011110010000010,15.249851859549342,9.765625e-05
11100100001010010100,15.477174982634812,9.765625e-05
10001000110110010000,43.00255097112708,9.765625e-05
01001001111100101010,28.3446440424723,9.765625e-05
10000001111100000000,26.537775934667835,9.765625e-05
11110001000101010010,15.95387595507836,9.765625e-05
00111010001110001010,23.10960129119459,9.765625e-05
01110100110101110110,14.506339943185298,9.765625e-05
01110100101111111000,26.4937580337481,9.765625e-05
10111001000101000010,24.645601307828937,9.765625e-05
11011010000010001100,22.243403546050438,0.0001953125
00010101101001010111,33.99238093380847,9.765625e-05
01011111111010001011,25.931880325796282,9.765625e-05
11011010000001100000,26.15893965429691,9.765625e-05
10110110101100100101,19.997786535962845,9.765625e-05
11010101110111100010,24.7716646824315,9.765625e-05
11110010111110100110,18.689662121669667,9.765625e-05
10001000000010011000,32.340243451646494,9.765625e-05
00100010000000100110,36.2254312276681,9.765625e-05
00000111100111000000,14.424171221836922,9.765625e-05
00110110010100010101,19.05989065982861,9.765625e-05
00101010001110011110,46.8361928673353,9.765625e-05
11011110111111011001,11.979548654534248,9.765625e-05
00010101101111110111,43.35670772822616,9.765625e-05
00111000001010000001,16.48628782888939,9.765625e-05
00000111011111100000,20.329826488934472,9.765625e-05
00011101001111010101,13.288073671620698,0.0001953125
11000000100111110000,29.232045282531075,9.765625e-05
11111011001011110100,31.03011157222987,9.765625e-05
01010101000111000000,28.20416536063138,9.765625e-05
11001100110000000000,9.385358099234839,9.765625e-05
10100110010111001000,34.85286701658627,9.765625e-05
11100011101111000000,19.624511287415714,9.765625e-05
11100001101101110010,18.755373026011604,9.765625e-05
11111111011110100010,30.285108978059604,9.765625e-05
01101101111101111001,16.883327659577482,9.765625e-05
00110101111110000000,18.1798628013387,0.000390625
01010011001101010001,17.88732337036867,0.00029296875
10100111110110000110,24.247834435757866,9.765625e-05
00101001011011010000,25.772576532893694,9.765625e-05
11000100111001011010,21.637474955262935,9.765625e-05
10010101000101010111,15.88732337036867,9.765625e-05
11010000111101000010,20.850000925572814,9.765625e-05
00011111011101001011,12.703823701754606,9.765625e-05
01100000001100010101,26.611782796605937,9.765625e-05
01010111111011101000,33.85851975127413,9.765625e-05
10111011001111110000,34.18654647696926,9.765625e-05
00100011010000010011,29.931883770239892,9.765625e-05
10010011110111000101,18.9189537585907,9.765625e-05
01011001000101010010,17.299444331199552,9.765625e-05
11100011010010001000,20.18684704010046,9.765625e-05
11011100101010100000,18.191979368773087,9.765625e-05
10110111011111110100,21.2027768277834,9.765625e-05
11110101010101000000,14.201348826458045,9.765625e-05
01100101111001010000,13.723086184565545,9.765625e-05
10001011001010010100,29.140201843902716,9.765625e-05
00001100110100011000,26.633425002007606,9.765625e-05
01111001000110110111,17.915578983339444,9.765625e-05
11111111000101010000,45.66310066090017,9.765625e-05
01110101010000001010,26.062720411609718,9.765625e-05
10100000111101011100,54.56219032495572,9.765625e-05
01111000111000001010,11.448354701488896,9.765625e-05
01000111001000010110,19.79082961837134,9.765625e-05
10000101110100000101,18.309472472359936,9.765625e-05
10111001000100000100,26.823483835726634,9.765625e-05
01001011111100110000,20.6086502118249,9.765625e-05
11011001001110100101,16.37561937716638,9.765625e-05
00000010110100010010,46.46219565451516,9.765625e-05
01010011011100000000,12.424583154173337,9.765625e-05
00010110110101000010,18.130328103723436,9.765625e-05
10110011110010001000,16.07946390899721,9.765625e-05
01011100100100100010,17.81973151875805,9.765625e-05
10000110010101000111,37.17051654156573,9.765625e-05
00111101101001100100,15.943550090504033,9.765625e-05
11110001101101111100,15.0504050067799,9.765625e-05
01110100010010110111,16.423194621325365,9.765625e-05
10000010000000101000,27.161821869240917,9.765625e-05
11011011100000000001,27.492381651991536,9.765625e-05
11101010111101000111,50.24573371180104,9.765625e-05
11000100001010100100,20.38413810490067,9.765625e-05
11110111110100000000,21.636335725735634,9.765625e-05
01011001010000101010,19.184097231577958,9.765625e-05
11000100101101101001,22.68925527728305,9.765625e-05
11000110111001111010,20.164914604898417,9.765625e-05
01010101101111010100,36.138271546524315,9.765625e-05
11001100011110100010,12.573517690967442,9.765625e-05
11100000101101010001,26.935998386417385,9.765625e-05
01000100010100001110,24.364021240555395,9.765625e-05
10110010000100000000,29.57360636251003,9.765625e-05
11011111011100110101,18.63872888926602,9.765625e-05
01101111010100100000,26.970282130879816,9.765625e-05
11101001011010101010,17.962654015105382,9.765625e-05
11011110100001110111,20.79334081666227,9.765625e-05
01101001100101101010,21.885181534428266,9.765625e-05
01000001011010000000,23.674801568083645,0.0001953125
01110111001111010001,17.737112120925435,9.765625e-05
01001100111010010000,15.663478702235516,9.765625e-05
10110111100001111001,19.724017799335932,9.765625e-05
00110101110111001101,17.882594060244596,9.765625e-05
00001110111110000000,22.46782872286184,9.765625e-05
00010111000100101110,23.037021276938297,9.765625e-05
10000010100011011001,39.7323756118647,9.765625e-05
01111011000001001011,30.23354238702487,9.765625e-05
11111001011110101010,15.599830599660502,9.765625e-05
01010100001111100000,29.7099696937524,9.765625e-05
01101101010000001000,20.453497537746742,9.765625e-05
10000110110000100010,24.82563806772653,9.765625e-05
11010101010110001000,20.62780721399737,9.765625e-05
10001111111000111001,21.246786734840207,9.765625e-05
11010000010010110001,14.315742142085593,9.765625e-05
00110100000101110010,15.04449148179701,9.765625e-05
11110011010100000000,21.165025456504473,9.765625e-05
11101110100000010001,34.46260592170921,9.765625e-05
00011001011010010001,19.074234328130405,9.765625e-05
10011100001010000100,17.900005329559445,9.765625e-05
10000000001100011000,37.20321157663734,9.765625e-05
11111010110100000100,33.66704195497283,9.765625e-05
00111101100101000100,12.093416954809953,9.765625e-05
01011110001011100000,18.06935246767148,9.765625e-05
00111101000110011000,18.897460610865537,9.765625e-05
00011011010100000000,16.628703136829262,9.765625e-05
11011111111110010111,17.230441130223443,9.765625e-05
11101011010100000010,43.001070066485,9.765625e-05
10010110000000000011,20.172508144549887,9.765625e-05
10100110110001000100,33.31293882552002,9.765625e-05
11011101111111001000,17.515192526425842,9.765625e-05
00101011100110001000,27.14384133366376,9.765625e-05
11000111001001010000,15.32617086440306,9.765625e-05
01000100101011010100,32.10124402799267,9.765625e-05
10011010100001110111,38.7301417470653,9.765625e-05
11111000001111000101,23.27232876930435,9.765625e-05
00110000111101010100,33.317476213714436,9.765625e-05
01001001110100111100,24.164625920227557,9.765625e-05
11010110010100101000,10.323643738481831,9.765625e-05
10001110110110000000,27.244610322776843,9.765625e-05
01101101101111110101,14.69516110267028,9.765625e-05
01011100110111000000,11.624925929774669,9.765625e-05
11001100101111101000,15.548770266721576,9.765625e-05
00100111001001000100,15.63812757139942,9.765625e-05
11010001010011001000,14.569330096705947,9.765625e-05
11111010001011010110,35.23450503550761,9.765625e-05
01100101010110001000,20.447027179979415,9.765625e-05
01100110000111010010,18.10640469078526,9.765625e-05
01101100011110000011,13.212525246728635,9.765625e-05
01010101011010010000,32.14020184390272,9.765625e-05
11010100010010011101,12.453085605410328,9.765625e-05
10010110100101000010,17.15141812413666,9.765625e-05
11011111001110010000,27.413696463453768,9.765625e-05
10110011001010000000,22.951066396919437,9.765625e-05
01011010011101000001,20.39460775369784,9.765625e-05
11110110000110000001,22.333671977609228,9.765625e-05
11001100010000001000,11.69267904961742,9.765625e-05
10100111110110000000,21.702954127011036,9.765625e-05
10111000100100000010,21.31389876398021,9.765625e-05
01100001001110010000,19.907076819689504,9.765625e-05
11101011011111110010,33.70866391215259,9.765625e-05
11011111111100101010,21.93860274557467,9.765625e-05
01000001001010101001,38.775798757810094,9.765625e-05
11000010101111010101,35.37085307557371,9.765625e-05
01001100110001000011,16.315742142085593,9.765625e-05
10000101101111000100,23.068623429007385,9.765625e-05
00111110111011000001,15.537588758501185,9.765625e-05
10110100110001001001,11.302132834116303,9.765625e-05
00010101110000010000,23.534682475429083,9.765625e-05
11110011010111101101,18.7368747831923,9.765625e-05
01001101010110000000,12.928514022389784,9.765625e-05
00011111011011100010,14.788587743517184,9.765625e-05
11110010101100010111,21.310660611433498,9.765625e-05
01010111110100001000,20.62780721399737,9.765625e-05
11011011111101111000,16.97294773015184,9.765625e-05
10111110010000001001,39.228095760423784,9.765625e-05
10011111010010011100,23.813802876853295,9.765625e-05
00010011011110101010,25.353530576178127,9.765625e-05
01101100110000101000,16.298198418091047,9.765625e-05
00010011011111100000,20.20642871360394,0.0001953125
10001010100111011101,56.410087816549165,9.765625e-05
10001100101100010101,24.464083381907674,9.765625e-05
00011001101000101011,29.65065442766403,9.765625e-05
01110110000100010100,15.362531297170232,9.765625e-05
00111001111010000000,12.798275667565107,9.765625e-05
01101111111101000000,17.50833154616945,9.765625e-05
01010101001010100000,49.16823446381312,0.0001953125
01010111111001100001,26.685124733475252,9.765625e-05
10111001100101000010,19.135056297622327,9.765625e-05
00011000000111111000,30.203137140551018,9.765625e-05
10110000011110100001,24.864091514015044,9.765625e-05
11010100110000110001,9.60804025280151,9.765625e-05
01010010100001110010,25.596063078642864,9.765625e-05
00100000111001001100,46.00546870869754,9.765625e-05
10010001111101000010,23.033981874659816,9.765625e-05
01101001000100000000,19.297951579824833,9.765625e-05
00101101010100001101,23.04484564009848,9.765625e-05
01011110110000100010,17.477933373677033,9.765625e-05
11011000011111000000,15.166725909763315,9.765625e-05
01010100011010000000,23.62904407752297,0.00029296875
11011001010111001010,15.624511287415714,9.765625e-05
00110001100010100001,22.466148795320464,9.765625e-05
01111000000000100100,15.838849395388234,9.765625e-05
00001110010111010101,34.47788278279656,9.765625e-05
01011101111111000000,20.313882836349904,0.0001953125
11011101101010010100,26.113613762413827,9.765625e-05
01110100010100011001,8.107535877781796,9.765625e-05
01111111000100010110,30.578050655329093,9.765625e-05
01111111110101101110,20.04634192304401,9.765625e-05
00110001111111000000,19.27968342609317,9.765625e-05
01111001011110000000,11.394772847768042,9.765625e-05
11010100101000010001,16.65290806212364,9.765625e-05
00010111010111001111,15.649001267433471,9.765625e-05
00011101111100000000,15.244610322776843,0.0001953125
11000100101011110101,25.35873463091453,9.765625e-05
01111111011110100000,22.046473398744205,9.765625e-05
11001001011110000000,15.770151530294534,9.765625e-05
00110110001111010000,14.783821234784458,9.765625e-05
00010111101001010000,21.25087654805889,9.765625e-05
01111111010100000010,28.52756226084699,9.765625e-05
01011111101011000100,25.369129511530097,9.765625e-05
11010110111110111000,14.101850542572455,9.765625e-05
10010111111110001000,17.08834782021735,9.765625e-05
10100110111100000000,27.97742003620161,9.765625e-05
10101101010000110011,25.506152658255264,9.765625e-05
11110110011110101010,17.443568097101007,9.765625e-05
00011010100011101010,26.53854589981163,9.765625e-05
10100100111110100000,26.355223721327263,9.765625e-05
00011000000101011000,27.196867470825364,9.765625e-05
01110110010100101000,14.980885654940622,9.765625e-05
10111101000010001000,30.675570466711093,9.765625e-05
01111001100000001110,20.147706401552497,9.765625e-05
10110011101101100000,18.470879699241898,9.765625e-05
01101101100000000000,20.456314071920083,9.765625e-05
10101010100000101001,48.6460159501879,9.765625e-05
10000110110111111010,33.74024182142952,9.765625e-05
11110010010100111010,21.47224532844515,9.765625e-05
11010100111101000000,12.064268129029823,9.765625e-05
10110110010101000000,25.411125722666483,9.765625e-05
10100011000111010010,36.479639121616074,9.765625e-05
11010001000100000001,14.465975658719497,9.765625e-05
01110011011000010001,13.95387595507836,9.765625e-05
00010100000100011100,21.255251220110363,9.765625e-05
01101001111010001000,18.183980949087,9.765625e-05
11100011011010110000,21.299444331199552,9.765625e-05
10010100011110100000,18.9896574733743,0.0001953125
10111101010100001100,23.906619471549618,9.765625e-05
10100011110101001000,30.087381640163812,9.765625e-05
11011001110100010000,12.114756523511932,9.765625e-05
00010111111110101010,31.860298379330146,0.0001953125
11101100011111100000,17.455953672025263,9.765625e-05
10011110011111100000,18.72369269914534,9.765625e-05
11101000111101011001,37.573515911666206,9.765625e-05
10101111110111010011,34.30501713346862,9.765625e-05
11001100000011011000,12.086870272891684,9.765625e-05
00011101110110101100,22.666970963330115,9.765625e-05
00001100011000000000,16.453095291447283,9.765625e-05
01111000100000010111,15.151418124136661,9.765625e-05
11010110001011000100,20.615245705322412,9.765625e-05
01101011000000011010,28.097251935899486,9.765625e-05
00101110111100011000,30.452488787707317,9.765625e-05
11001010100101101010,29.498900870005947,9.765625e-05
11111111100101010111,31.83571719200166,9.765625e-05
11000000110010110100,25.3364662445919,9.765625e-05
01011001011000101010,21.141143792003923,9.765625e-05
01010101100000000010,44.03743320927472,9.765625e-05
10101011111101011010,44.77166468243149,9.765625e-05
00011010010100001010,25.35965625454088,9.765625e-05
00000010011010100000,37.02035401657453,9.765625e-05
10111111000010100000,41.90454101478346,9.765625e-05
00110111110101011001,11.066287451725733,9.765625e-05
01111111101010101000,35.61248350074041,9.765625e-05
01000111110100010100,12.132627763452357,9.765625e-05
11101101111010101010,17.829983681667134,9.765625e-05
00110011010100010101,21.040653790684928,9.765625e-05
10001110000101110001,33.71808452088467,9.765625e-05
10110010110111110110,41.325820259308585,9.765625e-05
01001100100100110010,15.551512081381151,9.765625e-05
00101101111000010001,15.947323031566746,9.765625e-05
00111010000000000100,34.40176603814569,9.765625e-05
01000011110000000010,16.24705125300631,9.765625e-05
01001111111011010000,11.759156474659545,9.765625e-05
01101100011111000101,17.772576532893694,9.765625e-05
01110001010100001000,12.584796000388387,9.765625e-05
01011101101000000100,31.810742948857353,9.765625e-05
01010111010100100000,19.761431244302457,9.765625e-05
11110010010101011001,27.680079444088506,9.765625e-05
10010111100101000000,13.647862859864091,9.765625e-05
11111011011100101010,26.937645604264226,9.765625e-05
01010101111111101000,45.997157852159404,9.765625e-05
10110101110110101010,19.15786717205663,9.765625e-05
10100010001111101100,49.32034781190018,9.765625e-05
01011000011100101010,18.32925184045511,9.765625e-05
10111111111100000000,27.683053154756493,0.0001953125
11001110111110001000,15.938185295226155,9.765625e-05
00100011011111010110,35.54718903969485,9.765625e-05
01101001111111101100,24.198961218767774,9.765625e-05
11101111011011110000,26.56826582086412,9.765625e-05
11110101010010010010,22.696089702311056,9.765625e-05
00010110111111000000,20.619783093516823,9.765625e-05
10100001100111110101,34.50811586121878,9.765625e-05
01101001101000000100,13.34089253621217,9.765625e-05
00101011011000010000,32.60306875220721,9.765625e-05
01000000110111010000,40.94287529430407,9.765625e-05
01110010001010000001,15.867866011047095,9.765625e-05
00001111011000100010,17.291648302568994,9.765625e-05
10111010111110011001,39.217218777377354,9.765625e-05
11010011100000000100,15.419014835876027,9.765625e-05
10001100010100011000,24.633425002007606,9.765625e-05
00011100010000001001,12.57570906206833,9.765625e-05
10111001000001000011,26.23911414976579,9.765625e-05
11111111101110101110,28.917837825352052,9.765625e-05
00010011101000000000,19.088753510960416,9.765625e-05
11101110010000000011,41.560182859832274,9.765625e-05
00010011101001000000,18.58753883289647,9.765625e-05
10110001101000010101,17.228832830778824,9.765625e-05
11000111110101000000,10.603964675039101,9.765625e-05
10101011110110010000,46.15839538688401,9.765625e-05
10011101010001001100,16.538321965190136,9.765625e-05
10100100010111010010,31.787926899346058,9.765625e-05
11010110100010010010,20.01775776543903,9.765625e-05
00011011100101000010,18.470879699241898,9.765625e-05
10011111001111011000,18.5359283885376,9.765625e-05
11101100011101000000,19.72439403973386,9.765625e-05
00010111101111001010,27.07280123885525,9.765625e-05
11101011001110011110,31.465618790395492,9.765625e-05
10000001011000000000,20.31826374999472,9.765625e-05
00101000010101011100,59.26655536117845,9.765625e-05
11100100110001000011,13.220051239180997,9.765625e-05
10000000111000000010,37.847907177630404,9.765625e-05
10001110011011100001,28.85539611810898,9.765625e-05
01011100111010010001,14.297591179930015,9.765625e-05
10110101000110100111,20.53394031712425,9.765625e-05
10011110101100010000,20.22797772566325,9.765625e-05
00001111011010101010,17.56566146170684,9.765625e-05
00100010101001000100,35.58940438022551,9.765625e-05
11000111111000000000,16.323643738481834,9.765625e-05
00011000010100001000,21.27340218226594,9.765625e-05
01100011011001000001,18.355464405127332,9.765625e-05
11010001100101010100,13.00118813907356,9.765625e-05
01001011110001000000,16.072400636061975,9.765625e-05
01010110010101100000,12.740341223889233,9.765625e-05
10010000101010100001,29.534294388298516,9.765625e-05
11100010011101000000,36.220463171517416,9.765625e-05
00100000010101100111,55.84300149360182,9.765625e-05
01000010011101100010,35.51799304584167,9.765625e-05
10011100010010001001,13.757596263212921,9.765625e-05
00101101101111010000,13.406967714954837,9.765625e-05
00001000000011110010,36.87298585653302,9.765625e-05
11000001011000000000,12.272506259434047,9.765625e-05
01111000000100010111,17.395726544634883,9.765625e-05
01000111010000000000,13.900011571152795,9.765625e-05
11110010110100000000,15.267181334959343,9.765625e-05
10111100000111001100,23.950115410075142,9.765625e-05
00111000001111010001,26.018660871425396,9.765625e-05
11111101110010100000,24.058111297351523,9.765625e-05
11011101010110010000,15.32617086440306,0.0001953125
00010110100101101100,22.959795634527403,9.765625e-05
00001101010010000000,13.767341237714543,9.765625e-05
10011001101111000101,20.831614699252594,9.765625e-05
10011011001000100100,24.72181717151208,9.765625e-05
10001010101111110101,55.93282769394258,9.765625e-05
00011110100100010000,15.06680494098801,9.765625e-05
01010010000000100100,16.680486903292984,9.765625e-05
10100100111011110000,28.58100557572603,9.765625e-05
00011000111000110001,28.83029247283297,9.765625e-05
00000101001111010000,24.83471803003217,9.765625e-05
00001010101000110101,43.31199680113143,9.765625e-05
10111101001010100000,25.085717825756618,9.765625e-05
01101101001001001100,16.909436005722952,9.765625e-05
00100110111110100100,32.48967621439234,9.765625e-05
10001011011101010101,48.25540145306661,9.765625e-05
00010111111111111000,25.86502928325158,9.765625e-05
10011101111110100000,15.18786122102479,9.765625e-05
10101001000101000000,34.155536271884955,0.0001953125
11001110100101000100,22.323643738481834,9.765625e-05
01110101111100010100,14.808084657695026,9.765625e-05
00000000011010000000,40.492914366939054,0.0001953125
11111111010000000010,48.031584521468375,9.765625e-05
11111000011000000000,15.101315019635383,9.765625e-05
01000111010110110101,15.651276135453054,9.765625e-05
01010011001111000000,17.976693805527077,9.765625e-05
00111111011111000100,15.514777884066884,9.765625e-05
00010110111100001000,18.87892155073957,9.765625e-05
00011010010000010111,33.089301517084195,9.765625e-05
11100111011000000000,24.445673174586567,9.765625e-05
11111011111110101010,19.10086778759475,9.765625e-05
11011010001000000000,24.21673031374995,9.765625e-05
11100000001100010101,26.566025306045262,9.765625e-05
10111001010001101100,24.405869117639977,9.765625e-05
11110111111111000001,16.351638473620707,9.765625e-05
00101011000000010100,36.24155319193064,9.765625e-05
01101000001000001000,19.18188720114459,9.765625e-05
01000101011110000100,24.65473623617997,9.765625e-05
01101010101010000100,23.489747206035055,9.765625e-05
00111100100101010010,10.310728071505402,9.765625e-05
11010110011101100000,13.480692133815424,9.765625e-05
11100001110001000000,10.293769416448237,0.0001953125
10011110111111101000,16.800183061298792,9.765625e-05
01011100110101110111,14.213466460408776,9.765625e-05
11010110101101010101,14.38628618243442,9.765625e-05
11100010000101000010,35.82347414968967,9.765625e-05
11010110111001111000,14.428347143620167,9.765625e-05
10000000111010010001,48.11662998841651,9.765625e-05
00010001011111101000,35.875619382564565,9.765625e-05
10001111100101000000,20.140201843902716,9.765625e-05
01111110001000101100,26.622238161278986,9.765625e-05
10101100010000000000,30.180991278312696,9.765625e-05
11110111111000000000,25.455097609156724,9.765625e-05
11011111101010000100,32.07446417224996,9.765625e-05
01000111110101100000,16.428347143620165,9.765625e-05
10001011111100010000,34.707132758816826,9.765625e-05
10000010100100000100,35.18188720114459,9.765625e-05
11101000001110010101,33.47039217717561,9.765625e-05
10110100011101000100,16.183980949087,9.765625e-05
00100010111100001100,44.426686588152705,9.765625e-05
11001101110100110010,11.290661721753217,9.765625e-05
01000001100000000001,24.08625407227494,9.765625e-05
00101010100001110011,48.75536333997465,9.765625e-05
00001001011010100001,26.166771200611564,9.765625e-05
11000100011111100000,20.390407774626325,9.765625e-05
11110110000101001000,22.323381707006376,0.0001953125
11011011111000100010,19.16936307658215,9.765625e-05
10010000011101000000,25.184227787353215,9.765625e-05
11111110010001000000,40.363582628035374,9.765625e-05
10110000010100000000,19.00877535000448,9.765625e-05
01110101010010110100,22.661963134343274,9.765625e-05
00100111111010010100,19.350706858850316,9.765625e-05
01101111111100000000,19.409248726191095,0.000390625
11110001110000101000,11.267181334959343,9.765625e-05
10010101011011101010,29.217218777377358,9.765625e-05
01010010000101001010,19.821157533642122,9.765625e-05
01110000001111011000,22.429734032961953,9.765625e-05
00110011011010000100,13.87719978763337,9.765625e-05
10111001010111011001,31.075040621666744,9.765625e-05
01111000011001110000,13.970147123608813,9.765625e-05
01110110011101010010,11.73620714851063,9.765625e-05
01001011100100100010,20.503625532334034,9.765625e-05
01011001001100110010,20.534996784607024,9.765625e-05
00100100010100101110,32.553723118823214,9.765625e-05
00001001101101000101,30.22996935028359,9.765625e-05
10101001110001110000,30.51986212474152,9.765625e-05
01111101100100100110,22.37105283289408,9.765625e-05
01100101011111100100,19.77257653289369,9.765625e-05
11001011010100000010,27.252806845437295,9.765625e-05
00110001001110001000,19.939325346301725,9.765625e-05
01001011110000000011,19.997786535962845,9.765625e-05
00110111000100011100,18.067445073937797,9.765625e-05
00111001010101001000,18.92144786476795,9.765625e-05
11001000001101010101,31.87228523952575,9.765625e-05
01011101001011000100,25.065926708895816,9.765625e-05
10000001001111110000,32.4044921214752,9.765625e-05
10100101001101100001,16.945398975781696,9.765625e-05
10101101011110010011,24.345853627188266,9.765625e-05
01000110000101101000,17.770151530294534,9.765625e-05
00110100111111000000,17.158772780925478,9.765625e-05
01011100001000000000,16.45284845318107,0.0001953125
11100111111011001000,16.363908500475063,9.765625e-05
10110010011111010000,37.99579222295615,9.765625e-05
11000100000100000111,15.770151530294532,9.765625e-05
00000111111110100010,31.026536767027174,9.765625e-05
11010111001011010101,21.899635330754872,9.765625e-05
10111100110010001010,16.230689426491978,9.765625e-05
01100111011100100000,18.745072127810666,9.765625e-05
00110111110000000000,15.460660420281748,9.765625e-05
00111100111111101000,16.26203152268708,9.765625e-05
11111001000101000111,24.23911414976579,9.765625e-05
01001100111110010110,21.31508057433322,9.765625e-05
10001101111100110000,16.505754590820477,9.765625e-05
00010100111110100000,35.468812506527875,0.0001953125
11010001011110010101,17.117181526111093,9.765625e-05
01111010111100101000,18.649722165599776,9.765625e-05
11010101011000000000,23.726652881746467,0.0001953125
00011100010111001000,14.292808743566983,9.765625e-05
10000000111110000100,49.492914366939054,9.765625e-05
11100111010000100010,26.919784050360754,9.765625e-05
10101101001111100000,17.871761476194123,9.765625e-05
00011001100000000011,19.917799423391013,9.765625e-05
11010000110100100000,10.386000942207167,9.765625e-05
11110111110011000000,22.312579247173467,9.765625e-05
11010001011010100000,19.423674748154745,9.765625e-05
11000000111001100000,25.476613758903277,9.765625e-05
01100010101010110101,30.007386817156505,9.765625e-05
00110110011111100000,17.13312871026647,9.765625e-05
11011100101010001100,20.13677255355624,9.765625e-05
11111110000011001101,36.971186792835525,9.765625e-05
01111100111000000010,8.445602182943855,9.765625e-05
01010100011011000000,23.311978152638762,9.765625e-05
11101110110110010000,29.815922249302794,9.765625e-05
11111111101111111101,22.039766183014876,9.765625e-05
01100110011011110100,21.074234328130405,9.765625e-05
11001110110000010111,22.67924306375297,9.765625e-05
11100010010001010000,36.19386884843517,9.765625e-05
01001100010010010101,12.75007995679751,9.765625e-05
11011011110101110000,18.733370213575057,9.765625e-05
10011110110100000100,23.94576906171347,9.765625e-05
00111111111001000100,17.624576037465076,9.765625e-05
10111110010101000000,42.609682894197384,0.00029296875
01101000101100100000,20.23517964661334,9.765625e-05
10111001110001100111,19.818685607528344,9.765625e-05
01101001110111000100,18.91267251476347,9.765625e-05
01011011110000000010,17.461614117148592,9.765625e-05
11010010000101101000,16.072400636061978,0.0001953125
10011001001110010000,19.586709635715415,9.765625e-05
00101011101111010101,35.44413994843063,9.765625e-05
11010111101110110111,27.25145391740061,9.765625e-05
01011010001010110001,17.76388113698763,9.765625e-05
01000111011110010100,13.970147123608808,9.765625e-05
00011011111100010000,19.47410463418084,9.765625e-05
00000011110011101111,39.25761680516839,9.765625e-05
10001000111001000100,41.689119328450914,9.765625e-05
01011011000001110100,19.576935308835665,9.765625e-05
11010101011110101010,31.90248810619355,9.765625e-05
00111000001010010001,19.88518153442827,9.765625e-05
11001000010110100100,22.904983071747093,9.765625e-05
00010101010000011000,22.625301533718538,9.765625e-05
00101100110111000010,23.38430779705803,9.765625e-05
01110011101111000101,15.828389764313648,9.765625e-05
00001001011010001001,28.11438091956806,9.765625e-05
01010110011111001000,15.57780281001074,9.765625e-05
11110011011101110000,19.602647133833834,9.765625e-05
00011101111110000000,17.934161249905348,9.765625e-05
01110010010010111001,18.358274697707323,9.765625e-05
01110100010011000000,12.245750373852413,9.765625e-05
11101111010110001000,35.382651693086316,0.0001953125
01111101011101000000,12.627797527960418,9.765625e-05
01011011010101001010,17.135056297622327,9.765625e-05
11101001010110001100,25.267181334959346,9.765625e-05
01000001011110000000,26.098433735412684,9.765625e-05
01101100001111000000,12.740341223889235,9.765625e-05
01101001110000110000,16.32926432364181,9.765625e-05
00011110110110101010,16.717378680132555,9.765625e-05
01000110111100000001,20.193777456030222,9.765625e-05
01101111011001001010,20.55222973099444,9.765625e-05
10000101000111001100,17.606717193584146,9.765625e-05
10111100111101000000,13.226985921102635,9.765625e-05
10111110110111100010,25.970118065497946,9.765625e-05
10000011000100101001,23.471294341600853,9.765625e-05
11111100101010100001,15.33181809191862,9.765625e-05
10110110010011101110,27.308643187642026,9.765625e-05
00010111110110100010,23.52920588163201,9.765625e-05
00000101101100001010,37.25960652008792,9.765625e-05
01101011111111010101,27.444139948430628,9.765625e-05
00000101000000011001,22.749147705573073,9.765625e-05
01010111001111110000,25.138935835139048,9.765625e-05
01110111101101001000,22.357449766518144,9.765625e-05
10010101010001110000,14.497288402536471,9.765625e-05
00101100101100000010,14.671948705517766,9.765625e-05
11011101111110100000,18.6984062312314,9.765625e-05
10100001111100001000,24.080224999222157,9.765625e-05
00011000000110010000,20.611789038199284,9.765625e-05
11110100100111100010,15.087371219705794,9.765625e-05
01111100110100010011,4.9175127251614486,9.765625e-05
01111011101110000000,19.728736943651924,9.765625e-05
11101000100101010010,29.47039217717561,9.765625e-05
01001101110111000000,14.471294341600853,9.765625e-05
10000011010011111001,30.018660871425396,9.765625e-05
10101110101001010010,35.34622026867643,9.765625e-05
00000001011011010101,42.42718400339601,9.765625e-05
00000011101011000101,28.740693738684513,9.765625e-05
01010111011101100010,23.491054337622117,9.765625e-05
10100001000000001100,20.899045391099257,9.765625e-05
11000101000110110010,21.2094085895779,9.765625e-05
01110101111110010001,20.039383308789326,9.765625e-05
01100101011010100000,23.91499184083357,9.765625e-05
00100101111011000010,23.18253464220408,9.765625e-05
10110110010101010001,27.47883376964086,9.765625e-05
00011101110001000000,14.002148811954815,9.765625e-05
00010001001010110000,33.7099696937524,9.765625e-05
11000100110001000000,10.605519368473628,9.765625e-05
01000011101010100000,25.441818734295914,9.765625e-05
01100110001011011101,20.012673437637194,9.765625e-05
01010110000101010111,15.356475876029121,9.765625e-05
11001111010000011000,21.75577777519355,9.765625e-05
01000000001110110000,36.633107172098676,9.765625e-05
01100010111001001000,24.700088770418645,9.765625e-05
01100000011000011101,28.87891530914622,9.765625e-05
10011101101011010001,17.91122368336188,9.765625e-05
11111011011010000000,30.97029982161952,9.765625e-05
11100110010001001000,23.842647003205066,9.765625e-05
00110001010101000011,14.954475308139859,9.765625e-05
01010100100011000011,32.510049690167996,9.765625e-05
11110111110101101010,18.46716379779306,9.765625e-05
01111001001010100001,20.509276291420406,9.765625e-05
10010011000010011000,17.81936568797833,9.765625e-05
00001011001110101000,21.3405383779107,9.765625e-05
10001001110110100000,24.193777456030222,0.0001953125
01011101011110110100,16.636289624178932,9.765625e-05
11000111001011000100,16.30325786664669,0.0001953125
10100101101111011010,21.665150831804553,9.765625e-05
10100101101110010101,21.343897411035528,9.765625e-05
11010010001010101100,17.82532721383202,9.765625e-05
11000111101101010001,14.355604843283242,9.765625e-05
11100000011010000101,25.183980949087,9.765625e-05
01010111110110000000,20.598892830423964,0.0001953125
10011110111111000001,18.423194621325365,9.765625e-05
00000110101000000100,25.049216867706342,9.765625e-05
00000000011010100010,50.391628710521616,9.765625e-05
00010100111111100000,36.92845718991596,9.765625e-05
00000000111001010101,62.85815654338975,9.765625e-05
11110100001101001100,13.202254435326887,9.765625e-05
11111110010011000111,33.768818883007235,9.765625e-05
01110010010001101100,19.943096311762968,9.765625e-05
11011110010011101110,18.182785931966045,9.765625e-05
11111110001110000100,32.066892888949354,9.765625e-05
10100100110000100010,20.400091530649394,9.765625e-05
11100010011111000100,38.23068942649198,9.765625e-05
11011011111111000001,17.885004044298572,9.765625e-05
11000000011101000000,25.58353342522851,9.765625e-05
11011111111100100001,20.02823177860474,9.765625e-05
11001111011100001000,20.04111902392436,9.765625e-05
01001110010010101011,16.945398975781693,9.765625e-05
10101010110101010000,72.49932696151126,9.765625e-05
10000111001011111010,21.561543313958538,9.765625e-05
00011101111000010000,18.693038725930982,9.765625e-05
01100101101111111000,29.702602678732113,9.765625e-05
11001010001111000010,31.498891183968993,9.765625e-05
00000110100000000011,23.229796213682622,9.765625e-05
00111010111010000000,21.032196270589374,9.765625e-05
11110100110000100010,10.445602182943855,9.765625e-05
00110001111110000000,18.00418749588482,9.765625e-05
01011101101010000000,37.39242601996607,9.765625e-05
01101010010010001000,29.79898950218015,9.765625e-05
01111001001101110010,15.476615832471769,9.765625e-05
00001011111001010001,31.60758397117797,9.765625e-05
01001100110111000000,16.055486537431996,9.765625e-05
00101111101100000000,19.409248726191095,9.765625e-05
01011000010011100101,18.16154747953399,9.765625e-05
10001100011011011001,27.313873063185746,9.765625e-05
01110011111110001101,14.065789116557495,9.765625e-05
00100100110011010011,31.031700863423552,9.765625e-05
10110010101000000001,22.72964255252077,9.765625e-05
10011101110010001010,20.792712856440076,9.765625e-05
10111000110101100010,26.54329273136337,9.765625e-05
10111101001010001010,26.637221962530575,9.765625e-05
00000101110101000000,21.309472472359936,9.765625e-05
11111110111010000001,22.55222973099444,9.765625e-05
00111100010111010000,13.839417802274246,9.765625e-05
11011001101111010100,17.007457808799217,9.765625e-05
01111110100001010100,23.813802876853302,9.765625e-05
00011001010001010010,17.70103278124853,9.765625e-05
11101001101101101010,18.3107280715054,9.765625e-05
00100101001111111000,25.896422704748225,9.765625e-05
10010100100000000000,14.136129710583916,9.765625e-05
10100110000101001100,35.28634450243778,9.765625e-05
10010111110100000000,13.26814127341953,9.765625e-05
11110010110010100010,15.66493687748727,9.765625e-05
01111010011011001010,19.308643187642026,9.765625e-05
11111011110001111000,27.597987221555115,9.765625e-05
01101101101011001001,21.20375342829496,9.765625e-05
10101011101010011100,34.51704912213899,9.765625e-05
00011110010110001010,13.606707507547192,9.765625e-05
01100101100110111111,30.265354227419365,9.765625e-05
01101001001010110001,20.18470301173668,9.765625e-05
11101011010101111000,42.12769810926271,9.765625e-05
00011000100111111101,41.78217681408736,9.765625e-05
11100111001010100001,28.782099646342317,9.765625e-05
10100100011010100000,24.400091530649394,0.0001953125
01011110011100110100,11.9912042600731,9.765625e-05
10011010111111110110,41.921132021300316,9.765625e-05
00110101001011010101,18.304929996215726,9.765625e-05
00000001100100000010,30.09843373541268,9.765625e-05
01111101011000001000,23.817921024601603,9.765625e-05
10010110011101111010,22.755373026011604,9.765625e-05
01111010101010010000,18.163010008314476,9.765625e-05
11001000110100101000,20.85103530011932,9.765625e-05
00110101000111010000,13.876360904415357,9.765625e-05
00110011101111100010,20.084306203760047,9.765625e-05
10110011010101110101,32.8363652695152,9.765625e-05
11100111110010000000,20.256446335198333,9.765625e-05
11100011011001100010,22.360253083083713,9.765625e-05
11110011110001010101,16.50246321365814,9.765625e-05
11011110011100000101,19.057066208079736,9.765625e-05
11111001010100000000,21.909436005722952,9.765625e-05
00100011101101010101,31.353530576178127,9.765625e-05
01001001101010011111,30.506339943185303,9.765625e-05
10001010101000011110,42.91063654085601,9.765625e-05
10001101011110110010,18.67513108131064,9.765625e-05
11111110101001110100,27.250603067437083,9.765625e-05
10110100001111010001,15.314418359286984,9.765625e-05
01011110011110010100,9.586709635715417,0.0001953125
10111001001101000000,21.76692659535559,9.765625e-05
11001111000011011101,18.17722312084101,9.765625e-05
01011001001111100000,20.013136902415205,9.765625e-05
11111110001101110000,30.328697990324287,9.765625e-05
01111111100000000010,38.01049450105516,9.765625e-05
01000111010100001010,17.233573420737216,9.765625e-05
01000101110110000001,27.768843675126227,9.765625e-05
10111110010111010010,37.740370674234384,9.765625e-05
01110111001011110001,25.596068683782164,9.765625e-05
10110100101010000100,18.73746691568095,9.765625e-05
00001100101101000000,20.164625920227557,9.765625e-05
01110111000101100000,25.01701725064038,9.765625e-05
11011011101000101001,23.679240353730428,9.765625e-05
10110110010110100110,26.53048093997858,9.765625e-05
00110001110111101000,25.27968342609317,9.765625e-05
11110011010101000100,20.623616099004884,9.765625e-05
10011101010011100000,13.816512825412453,9.765625e-05
01001101111101010000,13.50015991359502,9.765625e-05
00100000101111100100,50.40342214211741,9.765625e-05
00101100110101100110,28.227933376376125,9.765625e-05
11001011000100001100,24.27225942116783,9.765625e-05
00011100011100000000,8.967995601631456,0.0001953125
10100010101000000100,35.90968284398917,9.765625e-05
00101000001001000100,33.840647482645366,9.765625e-05
10000010000100000010,35.57481313923644,9.765625e-05
00000100010100000010,26.20757311820824,9.765625e-05
00111101110010101000,20.792712856440076,9.765625e-05
00101010000000101000,40.59679908248155,9.765625e-05
11010000100001000110,17.877614429992327,9.765625e-05
11111110010000000111,38.21461448371108,9.765625e-05
01110000001011000000,16.735205363645804,9.765625e-05
01100110111101000000,16.916848436546715,9.765625e-05
00000010010010101000,35.065164051861714,9.765625e-05
00000111110110011111,28.348425847614052,9.765625e-05
01010111110011011101,18.423097808875333,9.765625e-05
11010111010110000000,18.415862868181264,9.765625e-05
10110101000010000000,24.3691454391604,9.765625e-05
01110101010000101001,26.158407870070697,9.765625e-05
00111101001000000000,18.797855692697922,9.765625e-05
11111110100000000110,36.01831886421533,9.765625e-05
11111001100011101101,20.374530760155736,9.765625e-05
00010010101111100110,41.98216616580829,9.765625e-05
10100101000101110010,17.76388113698763,9.765625e-05
11100010000101100010,35.25087654805889,9.765625e-05
00100101010010001000,21.285854395304177,0.0001953125
00110100010101011000,14.786086231263212,9.765625e-05
10111001100001101000,19.700143834431046,9.765625e-05
01101001111001010101,18.60663651590448,9.765625e-05
11010111000100000010,29.193598164963106,9.765625e-05
01001010110011000000,23.849111244334267,9.765625e-05
01011011010000101000,17.362531297170232,9.765625e-05
10101000101010111010,34.27021556216083,9.765625e-05
01010111001000000001,31.001070066485,9.765625e-05
10110000011010000000,18.941586898336876,9.765625e-05
01110101010100011101,14.21540653095133,9.765625e-05
11111010100010101001,27.285039444419205,9.765625e-05
01001000001010111101,30.390407774626325,9.765625e-05
10111010010001000100,56.9641863321762,0.0001953125
01100101101010100000,32.358689340066285,9.765625e-05
10100101011000000000,17.343709070385508,9.765625e-05
10101001001010100100,24.832874651926787,9.765625e-05
10011000000100111101,28.763463686639113,9.765625e-05
10111010011000001011,39.93285692630785,9.765625e-05
10100101011010100011,24.533936785553443,9.765625e-05
00101110011111111101,41.52644087990027,9.765625e-05
00001000001010110100,36.59016621571134,9.765625e-05
00010100001010000100,28.228287534677595,9.765625e-05
10101111000100010100,46.44950191408276,0.0001953125
01000111101110001011,31.7711745752979,9.765625e-05
10011000101110000110,26.051362148090348,9.765625e-05
10001110001011100100,26.886173338988883,9.765625e-05
11011101000010000110,30.07446417224996,9.765625e-05
11001010010111001000,34.22046317151741,9.765625e-05
01001110110101001100,20.231104068850932,9.765625e-05
00100011101000011101,26.73615906051264,9.765625e-05
01001110010101110000,17.76701270392015,9.765625e-05
00110111001111100000,16.533940317124248,9.765625e-05
11110101100101000000,17.31395382799262,9.765625e-05
11100000110100010000,20.58640222626451,9.765625e-05
00100001010011010010,28.38294216785477,9.765625e-05
11000011101001100000,15.963624374023592,9.765625e-05
11011010111100101011,19.406967714954835,9.765625e-05
11111100010111001100,17.950115410075142,9.765625e-05
11111101000111011000,26.158118461818596,9.765625e-05
00101101001101010001,14.038879859092741,9.765625e-05
10001101101100011000,16.917191156541655,9.765625e-05
11010001111110100000,22.442779407177166,9.765625e-05
10100011101011101100,24.963087207580326,9.765625e-05
00101010100101011000,51.66325226473154,9.765625e-05
01101000001100011000,24.191278751765815,9.765625e-05
00011100010101111000,16.38283024973236,9.765625e-05
00011010001001000101,28.339981545126264,9.765625e-05
10010010110010000100,22.926188454726336,9.765625e-05
01111000010001111010,18.487241525756232,9.765625e-05
10100011110010000000,24.765966656895397,9.765625e-05
11101101100100010010,18.275308645278315,9.765625e-05
10110011010000100010,23.93477129605594,9.765625e-05
11100010001110110101,36.51895027427932,9.765625e-05
10111101101111111010,15.561533627921582,9.765625e-05
01010000101100000011,31.265253747603484,9.765625e-05
10100111010001000001,28.413926329209517,9.765625e-05
00001111110110000010,16.232596820225655,9.765625e-05
00010101110100010000,20.449684002299605,9.765625e-05
10010000100010110111,35.37085307557371,9.765625e-05
10110110010000100010,25.38354688149714,9.765625e-05
00101101011101010000,15.186900548143536,9.765625e-05
00001000110000000000,31.090619058289455,9.765625e-05
11101101101001101010,17.331818091918628,9.765625e-05
00000100010001101000,30.537775934667835,9.765625e-05
10110100001011010001,16.691345580781853,9.765625e-05
01011001001011010010,21.48632967529403,9.765625e-05
11001111001010101100,19.54005622232285,9.765625e-05
10101111110100100010,32.283213980385426,9.765625e-05
11011011000011000001,27.05608418752309,9.765625e-05
10010100011110001000,18.87892155073957,9.765625e-05
01010000111101111111,49.7975627745112,9.765625e-05
00011110001111110100,17.65127613545306,9.765625e-05
11110010111111010000,20.245669696172747,9.765625e-05
00011101010000011100,18.08625407227494,9.765625e-05
11011010001011101100,21.278081564585595,9.765625e-05
11000001101011011000,24.74123714672113,9.765625e-05
00101000010111011100,59.2642938091433,9.765625e-05
01110001101001001101,21.477647311491857,9.765625e-05
01110010001001110000,19.99778653596284,9.765625e-05
00001111111110100000,17.18971084072352,9.765625e-05
10010110011000000000,17.343709070385508,9.765625e-05
01010111111111101010,34.24001996577471,9.765625e-05
11111101100100000001,26.404636901910365,9.765625e-05
10111011110101010110,40.00237627814712,9.765625e-05
11100001110011110101,20.06628119929257,9.765625e-05
10111001000011111100,27.135056297622327,9.765625e-05
11010100101011000100,24.532451010193135,9.765625e-05
11110111010100000010,28.37105636446489,0.0001953125
10000000101010100010,41.39162871052162,9.765625e-05
00011111110000010101,17.296634038619562,9.765625e-05
00010111110101001000,13.032196270589376,9.765625e-05
00010110110110000000,14.60761311641604,9.765625e-05
11011100111111100000,9.677316210818177,9.765625e-05
00100000111110010100,52.84372501425381,9.765625e-05
10001100010100110000,22.255176500596605,9.765625e-05
11100110010011110010,24.447396836597196,9.765625e-05
10100010000000101001,40.7767656722847,9.765625e-05
10101110000011001100,45.28730173087543,9.765625e-05
01001101111010000000,20.56603154763861,0.0001953125
00101011011011110101,38.383943952719605,9.765625e-05
10111001101100101000,16.983695947520616,9.765625e-05
00101110001111110111,33.171453587221016,9.765625e-05
10101110100010000000,35.466936331600756,9.765625e-05
11000011111010100000,16.202241217719124,9.765625e-05
11010111110101011101,8.664994651522218,9.765625e-05
10010100110111000010,20.619783093516823,9.765625e-05
10001101110000000000,14.854500918858335,9.765625e-05
00111011111111010000,21.00230528650441,9.765625e-05
01010011111000000000,17.08875351096042,0.0001953125
10001101010000011100,19.164632161820904,9.765625e-05
00001100111101100100,32.12633936894666,9.765625e-05
10001001110111111110,38.10461648586532,9.765625e-05
11001000101011000100,22.03727780124147,9.765625e-05
11011000001111010010,19.04449148179701,9.765625e-05
10101110111100101000,34.69303872593099,9.765625e-05
01101110100101000000,23.892180966399263,9.765625e-05
11001100110100001000,11.362476233157826,9.765625e-05
01111010000101010111,33.931880325796286,9.765625e-05
10001000111010101000,35.38413810490067,9.765625e-05
00000110001101100010,28.03134834862827,9.765625e-05
11000100001011101110,27.48757622485659,9.765625e-05
11011110101001100110,23.169363076582158,9.765625e-05
11110110011100000000,17.88937067381928,9.765625e-05
11110111011110111101,18.450862455336214,9.765625e-05
11001110100001000000,20.879946239249122,0.0001953125
11100011000001011001,27.01789444869223,9.765625e-05
00101111010100000000,28.800665985277917,9.765625e-05
11100111010010001000,23.723084208964075,0.0001953125
11110101000111010110,19.250461905699936,9.765625e-05
11101101111001000000,14.248075941515857,9.765625e-05
00110000001011100101,30.213854362035473,9.765625e-05
10010110100101010000,14.916906210581663,9.765625e-05
11101110010110001000,35.42213327232799,9.765625e-05
00110101010100001000,13.85198628696362,9.765625e-05
10100011101100010001,31.844142464602328,0.0001953125
11010101111010101010,42.22705785430647,9.765625e-05
01001001101011110110,25.949180568841022,9.765625e-05
01010001100100110111,32.75852779085611,9.765625e-05
10000100000111000000,20.23391436143092,9.765625e-05
01110001000000111110,22.792712856440076,9.765625e-05
11111001100110110010,18.31544928938988,9.765625e-05
00010101100011100110,40.39001353302961,9.765625e-05
01001100110101000101,18.28748652911482,9.765625e-05
00001110011110000000,20.580433724396414,0.0001953125
11100001000111110000,20.3107280715054,9.765625e-05
01000101110100100010,30.946710275393613,9.765625e-05
00100011001010010001,24.783821234784455,9.765625e-05
10000100110001011001,26.798972753001575,9.765625e-05
00001000111011001010,48.40342214211741,9.765625e-05
11111111101010000000,42.01049450105516,9.765625e-05
11100110111010000000,17.741481274964805,9.765625e-05
10110010010000001100,31.252737322636715,9.765625e-05
10001000111111100000,45.038219014921616,9.765625e-05
10010101011110111011,27.980496109807742,9.765625e-05
10010011101001111111,27.483280586978594,9.765625e-05
10100111011100000010,26.6306078205404,9.765625e-05
11011111100001000001,31.438141027668053,9.765625e-05
00111100011110000001,7.885181534428271,9.765625e-05
10011011111010000000,19.155189089597904,9.765625e-05
00110011110111111101,26.425640884063053,9.765625e-05
10111100111010111011,14.846878321096,9.765625e-05
00011010110111100010,29.497448321529678,9.765625e-05
10111001110110000010,17.911766905894623,9.765625e-05
11000000101000100110,26.227683740960167,9.765625e-05
10000010111101100000,47.08117245449565,9.765625e-05
10111010011110000000,40.20416536063138,9.765625e-05
10111001111110000000,16.486287828889388,9.765625e-05
00100110001010010101,26.193362813671264,9.765625e-05
10111100011101110001,17.798277654006405,9.765625e-05
00110000000001110100,26.60761311641604,9.765625e-05
01011100111010100000,19.87525438458259,9.765625e-05
11010101000001000110,25.66517640764379,9.765625e-05
10010100011111100000,20.449302156762386,9.765625e-05
10111001000110011010,26.333607227559874,9.765625e-05
11111110110100010000,27.54101689520411,9.765625e-05
01100010001000011100,22.82373067399285,9.765625e-05
00101000001010010001,33.959847166969,9.765625e-05
00011010001010010001,22.73154994625445,9.765625e-05
11100101110010011010,17.682392446380415,9.765625e-05
10000000101111011101,60.910183703676076,9.765625e-05
01110110111000000001,11.996832839096001,9.765625e-05
11111111011000101010,36.75461564202153,9.765625e-05
10111100100101100100,17.233573420737216,9.765625e-05
01110111110101100110,16.979494412070114,9.765625e-05
10011101100110100011,17.226738359255165,9.765625e-05
11001001011100010101,20.58695023238829,9.765625e-05
11101110000101010101,46.56959752123828,9.765625e-05
11011101010111000011,14.724913722167834,9.765625e-05
11111011110010010111,27.30217476764814,9.765625e-05
11110010110001000000,17.466223231406783,0.0001953125
11000100101010000100,21.492914366939054,9.765625e-05
11101101101001000100,15.889370673819272,9.765625e-05
10100010100111011011,51.975540362179686,9.765625e-05
01000101110000000000,22.718124370008205,9.765625e-05
01111001011111010000,12.643673720473082,9.765625e-05
11100000111100110100,25.960505937571632,9.765625e-05
11011010000001011001,29.158336878427992,9.765625e-05
10010001101100000100,19.221670682664886,9.765625e-05
01000000011111000000,36.98582873387811,9.765625e-05
01101010000000010000,33.99851005661484,9.765625e-05
11101001110100011000,22.879933756062425,9.765625e-05
10110010010100001000,29.510529816997376,9.765625e-05
11001000010110011001,29.921011875143265,9.765625e-05
00101010110000000000,41.72754880457836,9.765625e-05
10111101110100000010,16.172508144549887,0.0001953125
10100011010010001000,28.232604530661135,9.765625e-05
01101001010000001001,22.31108222980687,9.765625e-05
10001100101001010001,20.387554912060445,9.765625e-05
10010110010101111000,17.18217588581545,9.765625e-05
10101100011011101010,25.829983681667134,9.765625e-05
01001111011100001100,14.323643738481834,9.765625e-05
00111110011011100000,18.360253083083713,9.765625e-05
11000010110100000000,20.670446268106083,0.0001953125
00001000110001100010,40.420766821576464,9.765625e-05
00001011000000010110,25.140201843902716,9.765625e-05
10111000101101000100,27.28208342984293,9.765625e-05
00000111101111010101,22.958458634121023,9.765625e-05
10110011010101010011,31.809761260395998,9.765625e-05
01111101001111010000,16.694290880632845,9.765625e-05
11111110011110101110,22.08684121478082,9.765625e-05
10011110010101001000,24.15553627188496,9.765625e-05
10011001111010000000,16.739381285429044,9.765625e-05
00010000011001010001,33.422828703418446,9.765625e-05
11110110110000000000,17.175666353837997,9.765625e-05
00001110011001100000,22.875788965958538,9.765625e-05
01011011110111000000,13.624511287415713,9.765625e-05
10000101011111100100,24.449302156762386,9.765625e-05
00010111010010000101,14.822108520486418,9.765625e-05
01010011011111010000,15.133128710266465,9.765625e-05
11011000110001000000,12.119365637770123,0.0001953125
10000100000010101000,21.74189591732376,9.765625e-05
00000001001001010111,36.84902432506126,9.765625e-05
10011100010100111000,12.711156804137634,9.765625e-05
11001101101101110100,9.491348969619064,9.765625e-05
10001000001010100001,30.513306491207363,9.765625e-05
01001111011111000000,10.844154947789026,9.765625e-05
00100000010011000000,36.74584626097932,9.765625e-05
11001000110100000100,22.692679049617418,9.765625e-05
10110101010011000101,16.37542668298763,9.765625e-05
11000101101111010000,20.15144301422267,9.765625e-05
11011001110100000000,11.51174283531713,9.765625e-05
01111000101011100010,16.86598371453949,9.765625e-05
11101010010001001001,54.20700574001056,9.765625e-05
10000110011110000100,30.064268129029823,9.765625e-05
01101100111101010000,12.707126517223475,9.765625e-05
10111111010100100010,35.873743393141325,9.765625e-05
00011001100110010101,23.117181526111093,9.765625e-05
10011000010000100000,17.65275963010481,9.765625e-05
00011010101011101111,34.149858990046205,9.765625e-05
11100011110111100101,25.072801238855245,9.765625e-05
00001011101111100000,24.090242730764334,9.765625e-05
00001100011010100100,24.101607148749846,9.765625e-05
10001001011001100000,21.451998680573716,9.765625e-05
01110101011000000010,23.701197875318726,9.765625e-05
10100101100111110000,17.40696771495484,9.765625e-05
10110011110100011000,19.842235070868647,9.765625e-05
00111111000100001000,27.942760753286322,9.765625e-05
00001100010000010100,21.85103530011932,9.765625e-05
00011110000100010110,19.69931463724999,9.765625e-05
00111001110111000000,15.09665346385047,9.765625e-05
11000110000010000010,18.295927180018943,9.765625e-05
10000110001111000001,25.596063078642864,9.765625e-05
01001111011010100000,15.059928033101322,9.765625e-05
01111101010111001010,17.514777884066888,9.765625e-05
11000101011010100001,22.918820580329758,9.765625e-05
01100000001111100110,34.71635399162301,9.765625e-05
01010010111010000000,17.937809691282283,9.765625e-05
00001011111001000010,24.73711275737948,9.765625e-05
11011100100010110110,15.743203048910821,9.765625e-05
10111000101010000000,18.95889971169551,9.765625e-05
00110101000101100000,14.071495027193127,9.765625e-05
00000100010101000010,28.897124045336746,9.765625e-05
01111001111100100010,11.844142464602328,9.765625e-05
11111111100000100000,47.19180631929933,9.765625e-05
11101110011111101000,29.207929350078203,9.765625e-05
01000100111100000000,25.24897530879136,9.765625e-05
01010110011111101000,19.77257653289369,9.765625e-05
10010100110001100011,18.920538724328296,9.765625e-05
01001100001101001101,18.400091530649394,9.765625e-05
01111111011111010001,15.9290755512284,9.765625e-05
10110010000010111001,30.2210022260253,9.765625e-05
11100000001001110000,21.17090183154656,9.765625e-05
00110000010101011000,28.849994683979467,9.765625e-05
01001111110101100010,15.76388113698763,9.765625e-05
11110110101010100001,21.6647637408863,9.765625e-05
10001111111101111011,23.34583416798715,9.765625e-05
10110111011001101000,20.997783825940303,9.765625e-05
10000111011010110010,24.308822664213015,9.765625e-05
11100111011100000000,23.050543458494516,9.765625e-05
00110011110110110110,22.325820259308585,9.765625e-05
11011010101010000100,19.937932215366594,9.765625e-05
10110101010100101000,15.26814127341953,0.0001953125
10111101011100100011,14.793340816662266,9.765625e-05
11101111010001001001,39.7871988677341,9.765625e-05
00100011001111000000,22.1139662772091,9.765625e-05
11100111100001010001,19.985311222979643,9.765625e-05
00011001100000100011,22.013136902415205,9.765625e-05
11011101010001001000,19.77425728198334,0.0001953125
10000010111000010000,38.55975563631961,9.765625e-05
01000101101110010101,33.595140513455384,9.765625e-05
11111101111000100000,21.54101689520411,9.765625e-05
00000001011011000101,37.81626153565049,9.765625e-05
11111101011100000010,21.13148155791064,0.0001953125
00010100111111101111,51.94797213776861,9.765625e-05
11001110000111110000,18.628438618663164,9.765625e-05
00111101110111011000,14.207453402113494,9.765625e-05
00001111001000000011,17.984366477728695,9.765625e-05
00011101101111101000,26.089691280196956,9.765625e-05
00011110110011100000,15.64559777625813,9.765625e-05
01010111111100011000,22.437751177428083,9.765625e-05
10000000101100000000,32.977118133922986,9.765625e-05
00011010110110010101,33.65997153135912,9.765625e-05
11100010000111010000,36.18312760708081,9.765625e-05
01000101011111101100,33.26525374760348,9.765625e-05
11110111001111100000,28.065575347744087,9.765625e-05
11011111111110000000,21.018876556376064,9.765625e-05
01011001011110010001,15.787036483686446,9.765625e-05
00110101111101100000,15.849095316703966,9.765625e-05
00011111000101011010,16.535928388537595,9.765625e-05
11110110111000111010,15.390959312320906,9.765625e-05
00010110101000000100,22.78459003544488,9.765625e-05
11001110111110000010,18.143243047118617,9.765625e-05
00010101110101000100,19.048802225347384,9.765625e-05
01100100101111111011,34.07846358329267,9.765625e-05
10110101000100001100,18.24340354605044,9.765625e-05
00100010001101111010,47.691680279882206,9.765625e-05
01111001101111010001,17.346968053756758,9.765625e-05
10000001011010100000,26.611782796605933,9.765625e-05
11011010111111101001,20.80663210921876,9.765625e-05
00101100010000000000,20.22674876887337,9.765625e-05
00011111101110001000,18.66196313434327,9.765625e-05
00011000011110100000,22.37500933101579,9.765625e-05
11111101101101011000,19.300469019709105,9.765625e-05
11100100011001001000,13.988710018100805,9.765625e-05
10101001010000000010,30.82444377418682,9.765625e-05
10010110101011110100,25.596063078642864,9.765625e-05
01100111001100010101,16.477592432983325,9.765625e-05
01111001111001101001,17.64858473700989,9.765625e-05
00011011110000000010,17.155189089597904,9.765625e-05
01110010010000000000,12.422727292881255,9.765625e-05
10011100011110101000,12.75007995679751,9.765625e-05
10101010100100111101,63.22051470395901,9.765625e-05
10000010100000000010,29.57570906206833,9.765625e-05
11000000110111000000,27.766316549204994,9.765625e-05
01011110111100000000,12.326454031061822,9.765625e-05
01010101111101000100,26.798028829298893,9.765625e-05
11101010100000000001,42.24155319193064,9.765625e-05
10011000111010010101,30.56088871138076,9.765625e-05
10001100011010010101,27.548770266721572,9.765625e-05
00110101111101010000,12.05416899622673,9.765625e-05
11111101000010100110,33.1020610146181,9.765625e-05
00001011110111101010,30.666478353314034,9.765625e-05
10110100000010001001,16.91465163456093,9.765625e-05
11010110111010110000,16.343348670490688,9.765625e-05
00101011000011111000,31.77544813107943,9.765625e-05
00001000010101001101,54.53352902124188,9.765625e-05
00100100000100010001,19.383504958805116,9.765625e-05
01100111000100111000,21.008118358703076,9.765625e-05
01011001101101101010,29.65065442766403,9.765625e-05
00101000001001010011,37.72776649760651,9.765625e-05
10111100010110001000,19.64505601172771,9.765625e-05
11011000101000100100,13.557519708791535,9.765625e-05
01010010100110000011,21.647322161850017,9.765625e-05
11000001011010001000,18.45528938341053,9.765625e-05
01011110011101000100,13.233573420737214,9.765625e-05
11100011011001110100,22.5998465272908,9.765625e-05
10100100101000000000,15.920323741322685,9.765625e-05
11110011100000000011,23.685787035648694,9.765625e-05
00000001001111000000,31.558078418800772,0.0001953125
10011101101011100110,22.091245984471303,9.765625e-05
01101011111110000000,19.60670750754719,9.765625e-05
01010110010000100010,18.871148720020987,9.765625e-05
00010101111110000000,32.02286593844671,9.765625e-05
00000001110000000000,25.227644691705265,9.765625e-05
00110001000100110111,21.37743713076469,9.765625e-05
10011111111000100000,21.554120902830554,9.765625e-05
00100101011110111000,29.018708665156126,9.765625e-05
11010011110000100010,15.774555652691149,9.765625e-05
11100000111001011001,27.336697155227814,9.765625e-05
00101001101111000000,22.130328103723436,0.0001953125
11001001011010100010,14.392928658954206,9.765625e-05
11010101011111100000,21.850113763620172,0.0001953125
01110101111111100000,25.55023812801029,9.765625e-05
01111011010000000010,24.970299821619513,0.0001953125
11010001111100011010,21.914991840833565,9.765625e-05
11001111111111010100,13.157096483331587,9.765625e-05
01101100110001111000,16.75007995679751,9.765625e-05
11100011011010010100,20.51704912213899,9.765625e-05
10011011110001010011,28.795338682875958,9.765625e-05
10100110010100100000,34.755155332983456,9.765625e-05
01101111110001010000,20.177232806877967,9.765625e-05
01100011010100010100,19.04580631297973,9.765625e-05
01010101111110000000,37.53341094865332,0.0001953125
01111111111110010101,14.450862455336214,9.765625e-05
10011011101001101100,21.251335365040912,9.765625e-05
00100101111111000000,21.4030812014237,9.765625e-05
01000101011010111000,35.35495024070546,9.765625e-05
01111011101000000000,24.43221574307971,9.765625e-05
00111001110001110100,19.350706858850316,9.765625e-05
01111111010011000001,26.075243910557916,9.765625e-05
10001100111111011100,34.6729324891838,9.765625e-05
10010001011111110001,28.419642083313335,9.765625e-05
00001011011010000001,22.487241525756232,9.765625e-05
10111100100100010000,16.041112782331012,9.765625e-05
11001100000110111010,12.184923942068377,9.765625e-05
00001111101010101001,20.555036492003623,9.765625e-05
11100111001000101001,27.73354154923861,9.765625e-05
11101010010000001100,47.743005756644905,9.765625e-05
00001011011110000000,22.471294341600853,9.765625e-05
10111111010001110000,38.89470464787689,9.765625e-05
01100100000011000010,17.347896566270325,9.765625e-05
11111100111111001000,10.486287828889388,9.765625e-05
11110000111110001010,14.550991860416701,9.765625e-05
11101011110000000000,33.8179210246016,9.765625e-05
11110011010011001101,18.588871490613936,9.765625e-05
01010110111010101000,28.220392179874704,9.765625e-05
01110101101001001100,29.738482652574618,9.765625e-05
00101001001010000001,21.15141812413666,0.0001953125
00000010110000000010,35.065164051861714,9.765625e-05
11011000111001001001,16.276693755318867,9.765625e-05
01101011010111101010,26.36800030013503,9.765625e-05
11110011111100000000,13.63812757139942,9.765625e-05
00110001100111000010,18.37214939405882,9.765625e-05
10011001010011100000,15.182637499947216,9.765625e-05
00011001111010011000,27.06862342900738,9.765625e-05
00011101010100000000,10.778933121892361,9.765625e-05
00011001011111110010,24.293373629722,9.765625e-05
01011001101110010101,22.98271934700906,9.765625e-05
10000101011010001000,23.435224051506857,9.765625e-05
00000001011001000100,28.60882062756351,9.765625e-05
01110100010100010010,6.815561838568153,9.765625e-05
11001111011111010100,15.269701484866161,9.765625e-05
11000100001010111110,25.87228523952575,9.765625e-05
11011111000100000100,33.91046069423251,9.765625e-05
11010110010110001000,9.894933484944307,9.765625e-05
01110001010010001000,17.163569169317338,9.765625e-05
11011001000111011010,19.71052123144698,9.765625e-05
10011110010110001000,19.333068173051988,9.765625e-05
11011010000101011000,28.39984469238318,9.765625e-05
11011000110101010111,22.098901798277858,9.765625e-05
10100111010000010101,32.08098068024184,9.765625e-05
00000010110110110101,59.060160608879606,9.765625e-05
11011001100101010001,16.974483051512458,9.765625e-05
00010101111110101000,43.617436265714844,9.765625e-05
00111110001111110111,20.574959204167833,9.765625e-05
11000110110110000010,16.89887685258545,9.765625e-05
10001011100010110000,24.61431616412051,9.765625e-05
01100010000110001000,23.436971351583278,9.765625e-05
11110110011100001000,16.20135851249499,9.765625e-05
10111110111100000001,26.906271554841492,9.765625e-05
11001111011110000000,18.85767712934524,9.765625e-05
10000000001110010000,39.25242844434368,9.765625e-05
01010101000101010101,17.904954013636228,9.765625e-05
11111011111000000000,27.636335725735634,0.0001953125
10111110011111101010,25.970118065497946,9.765625e-05
10011100110011100010,14.93565744572368,9.765625e-05
01001010010100111100,32.27723092176213,9.765625e-05
01101001100001100110,15.46813062514046,9.765625e-05
11110011111001010101,15.281990356103769,9.765625e-05
11011011000101000010,28.558817230629025,9.765625e-05
11101100011111110000,17.551291151049455,9.765625e-05
10110111000101000011,24.077093530256654,9.765625e-05
10010110111111100100,24.022447764516944,9.765625e-05
11011101111110010101,13.455943985988306,9.765625e-05
10111000110111111100,38.61978309351682,9.765625e-05
10110100000001000110,18.5521754014031,9.765625e-05
01001100000000000010,12.459371202766286,9.765625e-05
01101101010101101000,17.58389934313543,9.765625e-05
00111010001000001000,26.11073945420554,9.765625e-05
01001101111101111010,23.08092833709179,9.765625e-05
01000100110000000001,20.164632161820904,9.765625e-05
10011011000101010101,34.53508307822236,9.765625e-05
11110111110010000000,26.174355788647148,9.765625e-05
10001101100111101000,14.428347143620169,9.765625e-05
11000011101100000111,21.88518153442827,9.765625e-05
00111000011000011001,24.378754671969954,9.765625e-05
10010100111101010010,22.86826119420494,9.765625e-05
00011001010100000000,12.603257816438479,9.765625e-05
11101000111101000000,28.65473623617997,9.765625e-05
00100101010011110111,26.11297645908978,9.765625e-05
00000010000010100101,36.582874654625876,9.765625e-05
00000110011011100000,28.069570884280875,9.765625e-05
00010101011010000000,28.220463171517412,9.765625e-05
01010101000000001000,38.63513790062512,9.765625e-05
01101011001101010111,29.313518992011478,9.765625e-05
01101011101111010001,25.40502773153948,9.765625e-05
01010100101001010101,27.021311245012186,9.765625e-05
11100101011011100010,19.19811338393387,9.765625e-05
01100011000101101101,24.355464405127332,9.765625e-05
11010011001010000100,18.812836696799767,9.765625e-05
11010100101101001000,18.08625407227494,9.765625e-05
11011001000101000000,17.206268794610743,9.765625e-05
01100001000101000010,16.486287828889388,9.765625e-05
00001111100100000100,16.32364373848183,9.765625e-05
10100110111010000000,26.139421283636842,9.765625e-05
00001101001101111000,17.35119521371434,9.765625e-05
10010111100100010000,16.346236196306734,9.765625e-05
11001000011000111000,18.97392777510701,9.765625e-05
10100011010100100010,35.25087654805889,9.765625e-05
10101000110101010101,66.01248874857083,9.765625e-05
11011101011011000000,18.938889443804243,9.765625e-05
10000100000110110010,26.06201898389399,9.765625e-05
10110010111011010001,32.98307186180433,9.765625e-05
01111110010010011011,17.90896910734115,9.765625e-05
11101110010001000000,43.15003821080929,9.765625e-05
01011010011110000000,12.649722165599778,9.765625e-05
11110101011111000000,16.37655442554056,0.0001953125
00100000011111100000,49.13347933699713,0.0001953125
00111000001110010100,23.624925929774673,9.765625e-05
00010111110110000010,19.157867172056626,9.765625e-05
11011111100101010100,22.919784050360754,9.765625e-05
11010101111110000100,24.220463171517412,9.765625e-05
01100000101100100000,24.938526235919863,9.765625e-05
01011000000100001110,17.988710018100804,9.765625e-05
01011100111011101001,23.62490376055102,9.765625e-05
01000111010001000010,14.66196313434327,9.765625e-05
11100001111001000010,12.975742818682777,9.765625e-05
00101000011110110000,43.132050612090524,9.765625e-05
10010111011111010000,15.35647587602912,9.765625e-05
10011000110110000000,20.87892155073957,9.765625e-05
10010001011100111100,24.22352030236362,9.765625e-05
00000000111011111010,75.56590372352208,9.765625e-05
10101010101011101101,51.22842089844241,9.765625e-05
10110010001000000100,29.49328101926704,9.765625e-05
01010111010111001000,15.892662246872202,9.765625e-05
00111101010000000000,16.863678515162277,9.765625e-05
10110110101000000000,19.955193496283627,9.765625e-05
01011011100000110000,22.50178215422865,9.765625e-05
11010100010101010010,9.340538377910697,9.765625e-05
11111101101000000000,31.70634071157658,0.0001953125
11001110001000000100,23.481357146011405,9.765625e-05
01110101010101001110,16.338216341818068,9.765625e-05
10010101011011100000,22.295667858566027,9.765625e-05
11000011011010000000,13.757596263212921,9.765625e-05
11111011010100010000,40.966596316230174,9.765625e-05
01011001110000101000,21.19789289375598,9.765625e-05
00000011110110000000,24.05131061564875,9.765625e-05
00001111011100000010,16.614316164120513,9.765625e-05
00100111001110100000,19.390959312320906,9.765625e-05
11010000111110000000,17.72055905864432,0.00029296875
10010011111111011000,22.00321089537326,9.765625e-05
11001000111010001000,20.049216867706342,9.765625e-05
00000111001001010111,20.090239286320728,9.765625e-05
01001000110010110010,26.86670994521402,9.765625e-05
10000000101011011001,49.62484869653861,9.765625e-05
01100111000111010110,15.091999069583848,9.765625e-05
10011111110101000101,19.181050940412266,9.765625e-05
01001101101111110000,20.39765332128229,9.765625e-05
11010010011110101110,20.142867443174744,9.765625e-05
00011001101110011000,27.914991840833565,9.765625e-05
11011001101001011100,18.002148811954818,9.765625e-05
01111110000001000110,28.97029982161952,9.765625e-05
01110010100000101110,20.052255360899704,9.765625e-05
10011100101111010101,18.118128981384586,9.765625e-05
11110110010100001100,19.419014835876027,9.765625e-05
01000100110100000000,19.362476233157828,9.765625e-05
11100101010110000010,18.37179687926354,9.765625e-05
11100101111100100001,15.455953672025267,9.765625e-05
11100000001100000111,25.62492592977467,9.765625e-05
01011111011110010000,14.586426469056654,9.765625e-05
00001110100101000010,22.42834714362017,9.765625e-05
10110101011111100001,14.591218700220033,9.765625e-05
00011001000101000010,15.213434387168288,9.765625e-05
11110110110110101010,14.624748439644975,9.765625e-05
00010001000111001000,24.727627838751836,9.765625e-05
11000101111110111110,30.49600710259655,9.765625e-05
11000010101011000000,22.292808743566983,9.765625e-05
11111011000101101010,36.18003694499181,0.0001953125
11111000001000000100,19.233979111480284,9.765625e-05
11010000011110100000,16.611782796605937,0.0001953125
10101110101010000000,31.15865470833692,0.0001953125
11000100110001001000,12.696138426763085,9.765625e-05
11111011101101010000,30.7316112518602,9.765625e-05
11001111110000000100,19.85425408059212,9.765625e-05
11100101100111001101,16.258844695441912,9.765625e-05
10111100110001001000,17.6459519345596,9.765625e-05
00101111111000000000,20.248075941515857,0.00029296875
01110010001111000101,20.234876922376795,9.765625e-05
11111111011010101010,33.54098783709324,9.765625e-05
11010100111110100100,20.80560282262205,9.765625e-05
00000001011011000100,33.61317592754107,9.765625e-05
00011010000101000100,29.83838593061022,9.765625e-05
11111111011111000100,29.8422929320308,9.765625e-05
01111111000101010111,25.835717192001667,9.765625e-05
00011010111100000100,27.843457775225357,9.765625e-05
00000010010111100010,49.04847117783069,9.765625e-05
00110011101001010000,15.91176690589462,9.765625e-05
01000001101010000001,36.02286593844671,9.765625e-05
01010111011111100001,20.323190264847856,9.765625e-05
11101100000111001101,25.349009115614017,9.765625e-05
00110101010011001000,18.03556227972862,9.765625e-05
10010000100111000000,24.27549593020835,9.765625e-05
01000110010100010111,19.677316210818177,9.765625e-05
00101110011111010101,40.857604369241116,9.765625e-05
11100101110110011010,16.843558989462302,9.765625e-05
00010110001111110010,24.867891108273167,9.765625e-05
10111111111101000000,25.597987221555115,9.765625e-05
01011101110000100000,25.645425374078236,9.765625e-05
10010101111100010101,18.26932588092228,9.765625e-05
11110010000101000000,26.256540437625823,9.765625e-05
11111000111110000000,11.803353753773594,0.0001953125
00101011101000000001,26.66196313434327,9.765625e-05
10101101011111000000,21.395726544634876,9.765625e-05
01010001111101000100,24.164153503833653,9.765625e-05
11001100001111110000,10.928179247002044,9.765625e-05
10101100101100001000,20.54436343430242,9.765625e-05
01111001111111000101,12.890509081388657,9.765625e-05
01010100011100100000,20.36503344587825,9.765625e-05
01011100101111010000,16.297591179930016,0.0001953125
11101111000010001000,41.33408390994566,9.765625e-05
11001000111010111101,29.232045282531075,9.765625e-05
00001101000001000000,10.778933121892361,9.765625e-05
00100111010001110101,23.198113383933865,9.765625e-05
01000111100101101000,20.58389934313543,9.765625e-05
00000100110000010000,27.00939155062122,9.765625e-05
01011000100010011110,24.736506242799695,9.765625e-05
01000011011101100001,24.14567773575473,9.765625e-05
01110101000101000111,17.21156539539565,9.765625e-05
00001111010101101000,16.63246712627609,9.765625e-05
11001101011110000000,13.487626815737059,0.00029296875
00011010100000000001,22.072400636061975,9.765625e-05
11101100110110000000,16.181540018857536,9.765625e-05
00111000111111010100,33.10923808331021,9.765625e-05
11100010010111011011,44.190450408609024,9.765625e-05
10010100011111000010,22.26203152268708,9.765625e-05
00011001111111000101,24.856282169400046,9.765625e-05
01101111011100100011,22.395458582025178,9.765625e-05
00100110000001000000,21.645056011727704,9.765625e-05
00100111111000001000,17.58850845739362,9.765625e-05
01010110010010011101,12.848764062047216,9.765625e-05
01000101000001010000,16.164348995162143,9.765625e-05
00001011100101110011,33.47467576192921,9.765625e-05
10011100011101010100,18.763463686639113,9.765625e-05
00011111001100010010,17.614032997461752,9.765625e-05
01001001011111000000,18.071433721587372,9.765625e-05
10100001000101101000,24.24705125300631,9.765625e-05
11010110110100000000,9.343709070385508,9.765625e-05
01111011101101101101,22.06439254117875,9.765625e-05
10110101101010101000,28.190652865112114,9.765625e-05
10101101010100100000,24.64598930783231,9.765625e-05
01010001010101111000,23.556523725366244,9.765625e-05
11001100000101100000,10.786383660409902,9.765625e-05
11011011011111000000,18.58348470077647,9.765625e-05
00101000100000010110,34.06426812902983,9.765625e-05
11110011010111010010,21.527249763446285,9.765625e-05
01111010111011110100,21.7828605619032,9.765625e-05
00001110101010000100,21.309472472359936,9.765625e-05
11000110101010101000,19.491606511770744,9.765625e-05
10100011111000100001,28.487241525756232,9.765625e-05
10101001110001110111,36.38395363875656,9.765625e-05
00111000011110011010,25.38430779705803,9.765625e-05
11010001101011110100,26.535245375142814,9.765625e-05
11101101000011101100,21.813802876853302,9.765625e-05
01011111111001010000,18.366291842173453,9.765625e-05
11110011110001000000,15.57785860844421,9.765625e-05
11100001000011011101,20.896362220690737,9.765625e-05
00110100101000000001,13.359656254540884,9.765625e-05
11110000011010000000,10.293769416448239,9.765625e-05
00000001110110011000,43.71078120019376,9.765625e-05
01111101010000001001,24.66613634610397,9.765625e-05
00101010011100100000,47.05084807079567,9.765625e-05
10111110110001100000,31.55786624378473,9.765625e-05
10000000010111001000,44.96761999768758,9.765625e-05
01100001111011110101,30.08537961672164,9.765625e-05
01010001100101000000,22.91152975366536,9.765625e-05
00000101000010000010,26.27274341166331,9.765625e-05
10110011110111101010,19.64900126743347,9.765625e-05
11100101010111001100,15.404106624354313,9.765625e-05
00000101110100100001,28.689255277283046,9.765625e-05
00011000110000100010,22.13261528026566,9.765625e-05
10111110001010000001,33.01701725064038,9.765625e-05
01010011011110110001,19.801120830535325,9.765625e-05
11010100110100001001,8.51269653218397,9.765625e-05
10111010010100100000,47.033294660764184,9.765625e-05
10110001101010001010,21.362883811965514,9.765625e-05
01011111001111110110,18.078717670204373,9.765625e-05
10100100111000010101,26.611782796605933,9.765625e-05
11010111110111100100,14.221002226025298,9.765625e-05
10010101011111100001,18.66588433276076,9.765625e-05
01100100111111111100,33.42821213634916,9.765625e-05
01110111111100000001,16.11223844717361,0.0001953125
10010011100001010000,17.18307534021815,9.765625e-05
10011100000000000101,17.11380282664509,9.765625e-05
00010001110111011000,35.32776024272394,9.765625e-05
11001101101000000100,16.45284845318107,9.765625e-05
10001001010100000000,25.343955908651722,9.765625e-05
11011110100000001000,24.226501930607157,9.765625e-05
10111100011010101010,15.962654015105382,9.765625e-05
11010111011110100001,19.93667868978962,9.765625e-05
11000111101111100000,18.555036492003623,9.765625e-05
00011100010101001000,13.065164051861718,0.0001953125
10000000011111110001,60.45904183123179,9.765625e-05
10011100110111110010,16.045432695477153,9.765625e-05
01101010100010000001,28.51704912213899,9.765625e-05
10101000100010101011,35.117181526111096,9.765625e-05
11101010001111111001,45.910013375064665,9.765625e-05
11100110010111001110,26.848038565793743,9.765625e-05
01101100111111000000,14.071433721587372,9.765625e-05
10010000011111111011,46.079733330767205,9.765625e-05
01110101111011010100,20.559584387783257,9.765625e-05
10100100110111010000,28.165811262151376,9.765625e-05
11011100101111011101,13.82998368166713,9.765625e-05
11100011010110001001,26.31443231131581,9.765625e-05
11001000100011110000,20.150830258049538,9.765625e-05
01011110011000010100,13.484816523157072,9.765625e-05
10111011011011100101,33.48758342379325,9.765625e-05
10111000011100000000,25.991526552274145,9.765625e-05
01101100101100010011,11.274329247617015,9.765625e-05
01001011010101001010,21.151418124136658,9.765625e-05
11011110100000010000,23.19948151601961,9.765625e-05
00011011110101010011,24.457581452307178,9.765625e-05
10111000111100111101,33.24889463111169,9.765625e-05
01011011111101000000,15.213434387168288,9.765625e-05
01000000111100011011,50.67573654017044,9.765625e-05
11011111001001000100,32.54101418518157,9.765625e-05
11110101000000100110,30.07446417224996,9.765625e-05
01111110111101000100,15.996832839096001,9.765625e-05
10110100101111010100,18.31156622030235,9.765625e-05
00111111111100000000,16.17250814454988,0.0001953125
10001001001111100000,22.52925367536274,0.0001953125
11110000010101010001,17.178324977095606,9.765625e-05
00000100100000000010,27.185593416556472,9.765625e-05
11110110010000010101,21.76803914469928,9.765625e-05
00101100011111010100,30.19942468354579,9.765625e-05
01110101000101011010,21.54526840671722,9.765625e-05
01110111100101010100,15.934771296055938,9.765625e-05
11000011101001110000,16.566638062218395,9.765625e-05
01011111010010101000,24.058111297351523,9.765625e-05
00011111101101000101,14.046588761310229,9.765625e-05
01100101111110010010,22.433397678387944,9.765625e-05
11010101101000001000,37.54451884233566,9.765625e-05
10101000101011001101,44.00418749588482,9.765625e-05
10000110001011101111,32.17702336352065,9.765625e-05
01110000011010110001,18.506339943185303,9.765625e-05
01111100111101000000,6.1812284305419585,9.765625e-05
11010110111001010000,13.02759684236814,9.765625e-05
10101011011100100100,47.15241617029062,9.765625e-05
11110111011100000010,26.062774741201054,9.765625e-05
01101101011010000000,15.293833432076536,9.765625e-05
10100101110100010000,15.847280273128199,9.765625e-05
00011101001001000000,16.13673351514116,9.765625e-05
01010010110100001000,14.25865282322108,9.765625e-05
00100010110000100011,40.5608790253438,9.765625e-05
11001110111010011000,14.391280586673439,9.765625e-05
11000101000000010110,16.086876514485034,9.765625e-05
11011110010001011000,20.512449693917752,9.765625e-05
11101010110101100010,44.61149618550357,9.765625e-05
01100010010100010101,35.66325226473153,9.765625e-05
10001111111011010001,20.825917066360432,9.765625e-05
00010001001011010000,28.494102506012613,9.765625e-05
01110000110111010111,25.25761680516839,9.765625e-05
01011111010011011001,15.72401779933594,9.765625e-05
01101111101110110010,18.426944462443117,9.765625e-05
01010110010101101010,17.885181534428266,9.765625e-05
01100101011111000000,16.42417122183692,9.765625e-05
00111001100010111011,24.135929316809502,9.765625e-05
01101011101101100000,23.025393064367936,9.765625e-05
10010010000101101101,29.48516903795235,9.765625e-05
10100100101111111000,28.656226190404954,9.765625e-05
00101101111111111000,22.22194614972798,9.765625e-05
10110111111110101010,19.34691027972181,9.765625e-05
10011110010010001000,20.90943600572295,9.765625e-05
00110000111101111011,42.85830677634599,9.765625e-05
10000010001011110000,39.58292618706748,9.765625e-05
01111110000000000010,30.02113539838868,9.765625e-05
00111111001111100000,16.915649974982152,9.765625e-05
11101101111100000010,14.74507212781067,0.0001953125
01101111111000000000,20.804378442283145,9.765625e-05
11110100101111011101,13.901028374562808,9.765625e-05
10111010101110101110,31.312812133410855,9.765625e-05
11001111001111010000,17.193211122712704,9.765625e-05
10101110100111000000,37.78052695170899,9.765625e-05
10010000001111101101,37.17125434634184,9.765625e-05
01001101001001101100,18.73694035519958,9.765625e-05
01110010011110000000,12.276446917052649,9.765625e-05
01010110100010001000,24.21063378062526,9.765625e-05
01010110111011000000,20.373682827354813,9.765625e-05
11111101100110100000,26.529421566582677,9.765625e-05
11001110000101000010,25.81191963878457,9.765625e-05
00010101111010000000,35.66416067075012,9.765625e-05
11111011101111111110,22.282992140968602,9.765625e-05
11111001001100000011,22.00065813414858,9.765625e-05
11000101011011111110,23.727766497606506,9.765625e-05
11011111001000000000,40.02587598834707,9.765625e-05
01010001001110110000,33.158398096906545,9.765625e-05
01101101010101000000,14.558207184478427,0.0001953125
10111011110000010011,36.99872783677018,9.765625e-05
11000000011011110001,33.68982712861267,9.765625e-05
00000000011011110001,61.21473965232692,9.765625e-05
11101111101111001000,24.44621222909445,9.765625e-05
01101000110111111010,36.62483276890831,9.765625e-05
11101101010000000000,25.808496590031446,9.765625e-05
01110010000111110010,22.591218700220033,9.765625e-05
11010111111101010000,14.055193684736281,9.765625e-05
11100111000101010111,24.449064368079082,9.765625e-05
11111001000100010000,26.625054695452327,9.765625e-05
01111001000000000011,20.86051135425828,9.765625e-05
00100101001111110101,24.600707063291285,9.765625e-05
01010010101010010100,22.736506242799695,9.765625e-05
10111110111110100010,21.06861926098253,9.765625e-05
10011111010101100010,20.97644177054768,9.765625e-05
01101011010100000000,30.24155319193064,9.765625e-05
00010000011000000101,28.60882062756351,9.765625e-05
10010001100000000000,15.039536643254078,9.765625e-05
10011110011100000000,22.086876514485034,9.765625e-05
10101001011001010111,39.46895211188604,9.765625e-05
00111001101001000101,15.1894310201317,9.765625e-05
00010110010010110111,24.421331784018864,9.765625e-05
01000111110100001000,16.35400278543197,9.765625e-05
10111001010000000000,24.823483835726634,9.765625e-05
11000110000011000101,17.39477284776804,9.765625e-05
01110111111110001001,19.218646571562658,9.765625e-05
00110111101101010101,12.1923827687161,9.765625e-05
10011110010100001000,22.69589158849687,9.765625e-05
01100111100000101100,23.000950986844302,9.765625e-05
10111110010110001000,33.66517640764379,9.765625e-05
11110110000101000010,24.86051135425828,9.765625e-05
00110011110011111001,22.446730904476276,9.765625e-05
11011101001000001001,30.088229747628787,9.765625e-05
00010111011100010000,14.055203370773235,9.765625e-05
00011110011111111100,20.931886480262435,9.765625e-05
01110101000010010000,29.18657906665095,9.765625e-05
11110011010001010110,21.82305950733072,9.765625e-05
10010110001110000000,16.737530931309248,9.765625e-05
01011000010110001000,14.45528938341053,9.765625e-05
10100000001110110101,48.933188093837394,9.765625e-05
01101010101110010001,31.102795287823408,9.765625e-05
00010111100000001000,23.667041954972824,9.765625e-05
00001111110000100010,18.503625532334034,9.765625e-05
10100110110000010001,31.141143792003923,9.765625e-05
10001100000101011101,28.70835369471212,9.765625e-05
11010100111110000101,17.068623429007385,9.765625e-05
00010001100011100010,37.12934599603959,9.765625e-05
01110001011010101000,23.594155684909182,9.765625e-05
11011111111111010101,13.70388147578955,9.765625e-05
01010010001010010100,18.24705125300631,9.765625e-05
11101010010000000000,48.54451884233566,9.765625e-05
01011001100000000010,23.35223134053042,9.765625e-05
11111011011110110100,26.694290880632842,9.765625e-05
10001110110100101010,27.60804025280151,9.765625e-05
01010101100000000110,41.145301065294504,9.765625e-05
00110001011000001001,16.0798103568632,9.765625e-05
01101000011101100010,26.83471803003217,9.765625e-05
11000000111101101000,33.44715063478503,9.765625e-05
00010100111101011001,32.132872098836096,9.765625e-05
10100001000101000110,25.821157533642122,9.765625e-05
11100000111001010101,28.311907160996054,9.765625e-05
01000001111100110010,39.52120278757138,9.765625e-05
11010111010101101001,13.46465811751424,9.765625e-05
11111100011101010010,11.269701484866157,9.765625e-05
10010101110010000010,25.282167846233463,9.765625e-05
11101011000111011000,39.794676048607236,9.765625e-05
01001101110000100010,19.81973151875805,0.0001953125
00001001100111101000,30.91307122949212,9.765625e-05
01111000010000011001,17.04484564009848,9.765625e-05
10010011011010000000,16.30882067777172,9.765625e-05
11010010110001000101,16.1988740923547,9.765625e-05
00100000110000111000,42.22763845011192,9.765625e-05
11000011111000000010,16.49135967350453,9.765625e-05
10000010010001000001,43.18020374203241,9.765625e-05
11011101010101011000,13.449674316262652,9.765625e-05
00101010011111010101,67.34233469670642,9.765625e-05
10000011100101000000,20.24705125300631,9.765625e-05
11011110011000000000,21.61748685659532,9.765625e-05
11001110110010001000,15.511742835317127,9.765625e-05
00010011010011001000,13.704341016352824,9.765625e-05
01101100100100110111,15.199108632938094,9.765625e-05
10111110011101101000,30.71245152882538,9.765625e-05
11111111111110011000,24.075878748827506,9.765625e-05
01010101111111111000,43.98085650970256,9.765625e-05
11001100010010100000,9.597662121364515,9.765625e-05
01111110010101000010,21.506472240433766,9.765625e-05
10110101000000100100,22.50778354004568,9.765625e-05
11111111110110101010,26.89963533075487,0.0001953125
01101110100110011101,23.002411588691157,9.765625e-05
10010000111010110001,34.82058309230282,9.765625e-05
11101000000011111000,29.092523742000598,9.765625e-05
10111111010001011001,38.93419070025048,9.765625e-05
10110110000011111101,26.97949441207011,9.765625e-05
01010101011011111100,37.155520344254654,9.765625e-05
01111111100101111100,24.28791375262749,9.765625e-05
00000001010000101000,28.716203758666758,0.0001953125
00011100010001111101,20.36359338058868,9.765625e-05
01111101100011100010,27.748844121960246,9.765625e-05
00110001001001000001,13.869959758989504,9.765625e-05
01001011010010100000,13.631571203444198,9.765625e-05
01010100101110010000,30.602017421342072,9.765625e-05
00101001000000001001,26.31108222980687,9.765625e-05
10001101111110010000,18.470359293226675,9.765625e-05
01111011110100000010,19.285039444419205,9.765625e-05
10011000110111011001,35.00168899876047,9.765625e-05
00110111101001100100,20.108461974540084,9.765625e-05
01101110111101000000,21.092523742000594,0.0001953125
00011101001111010000,13.45594398598831,9.765625e-05
11010100011010001010,22.69074875223902,9.765625e-05
00010101100101100000,25.42021192656548,9.765625e-05
00000110000001110000,21.309192750144785,9.765625e-05
00010101010000100010,27.111686909479026,9.765625e-05
00011011110110000010,15.978543425225809,9.765625e-05
01011100001111100000,15.18786122102479,9.765625e-05
01010011101010000000,25.90058071245987,0.0001953125
00001101110110101010,26.470321185532903,9.765625e-05
01000010111101000000,31.542131234645396,9.765625e-05
10100000111101010001,52.30254841803639,9.765625e-05
11000111000000000000,20.41055658135941,9.765625e-05
11000011001011000010,18.88702844410446,9.765625e-05
00010110111011110101,31.30680617114285,9.765625e-05
10001011001001010110,34.229513047023865,9.765625e-05
00000000100111011101,65.91766712614255,9.765625e-05
11110001111100000000,8.046708477404975,9.765625e-05
11011101111000101010,25.73764097220686,9.765625e-05
01110100111111010000,13.82862773850083,9.765625e-05
00101101111111000000,14.374636524221655,9.765625e-05
11010100010101100000,7.938185295226155,9.765625e-05
00000000100110100001,50.53745186316556,9.765625e-05
11010101011100101110,25.111686909479026,9.765625e-05
11110110000100010000,23.01136722597507,9.765625e-05
10111101011001100010,16.570058400948977,9.765625e-05
11010110001010000000,21.666081282091568,9.765625e-05
11001110111011010001,18.44715615279713,9.765625e-05
11111010100101110111,37.11969896599537,9.765625e-05
10101100010100000000,32.248728470525144,9.765625e-05
00010001001110000000,25.311978152638765,0.0001953125
11011000111100000000,10.590120924863092,9.765625e-05
01111111001111010101,19.37092967235573,9.765625e-05
01011101011110000010,20.617153099056086,9.765625e-05
00100111010000000001,19.461614117148592,9.765625e-05
01100001100010100001,25.64087311393005,9.765625e-05
01111000001011100011,16.45264181781331,9.765625e-05
01010001100101110011,33.9055196233725,9.765625e-05
10110011010101010010,29.775374429414185,9.765625e-05
11100010101110010001,30.15040937409723,9.765625e-05
10111000011111100010,27.768415815159504,9.765625e-05
00010111111111101001,24.366008697150882,9.765625e-05
00100010111110100100,48.00111714743085,9.765625e-05
01011010100100011111,23.88518153442827,9.765625e-05
11011110010110110000,14.069332066909237,9.765625e-05
11011011011100110100,18.764763635071695,9.765625e-05
11011111100100011101,23.25471152914843,9.765625e-05
00001000000101011010,43.22923498995109,9.765625e-05
11000011010010001010,14.230689426491974,9.765625e-05
10000010000001100100,37.00182026732061,9.765625e-05
00101111101001010010,17.584496171678257,9.765625e-05
11010101110101100000,15.624331909221404,9.765625e-05
01111011111000100010,17.71434372934982,9.765625e-05
11100001011010000000,15.092465967965651,0.0001953125
10110111000101011001,21.700227527240337,9.765625e-05
11000111000101111010,15.080606121178132,9.765625e-05
11100101010010011001,18.486926209569603,9.765625e-05
11110001011010000000,13.950115410075139,9.765625e-05
01111111011111100010,17.9290755512284,9.765625e-05
01100100000100000010,13.47717498263481,9.765625e-05
01001101110101010001,12.967677048141281,9.765625e-05
10000101011100000000,17.25525122011036,9.765625e-05
10010101101111010110,28.21907463866944,9.765625e-05
11001010111100000000,28.811553720877647,9.765625e-05
00001000000001000010,29.438034344086844,9.765625e-05
01111111101111010000,20.119769957638077,9.765625e-05
11111110010100000000,37.70634071157658,9.765625e-05
01111011101001000001,23.545539177316478,9.765625e-05
11110010111001010000,17.884227837561426,9.765625e-05
10101101110011110000,19.15709648333158,9.765625e-05
11100011100111000000,20.114031027258463,9.765625e-05
01111000011101110000,16.101850542572457,9.765625e-05
00010111111100000000,17.135470939981282,0.0001953125
01101101101000000110,16.39984469238318,9.765625e-05
11100111000011011000,22.169308834118013,9.765625e-05
00101100000000100000,18.015673703533572,9.765625e-05
01011001010111011000,17.295609350110013,9.765625e-05
01111111110000001000,30.675570466711093,9.765625e-05
00101101001010010100,15.898703715984485,9.765625e-05
00011001011011000001,16.831614699252594,9.765625e-05
10000111101100011101,19.569448354798382,9.765625e-05
01110000111100100010,17.53333371541726,9.765625e-05
00001011010000101000,22.55063934562142,9.765625e-05
00100010101000101110,38.09173620572031,9.765625e-05
10011001001101011101,23.95333525706429,9.765625e-05
11100000110101111001,33.61927340222689,9.765625e-05
01110101101111010100,22.29526840941631,9.765625e-05
01100101101010000110,27.69719780015899,9.765625e-05
11001001111001011101,20.09173620572031,9.765625e-05
11100101011111000000,15.332656240715572,9.765625e-05
00111111010100110111,22.8993486325253,9.765625e-05
11000110110100000000,12.544363434302417,9.765625e-05
01011100010100000000,6.854500918858335,9.765625e-05
00111111010000000010,26.658311982943793,9.765625e-05
00111001010000001001,18.784175393085924,9.765625e-05
10110111101101010001,16.28216367820861,9.765625e-05
11110101010010011000,22.475685039249655,9.765625e-05
11011111000011000110,32.26131671952271,9.765625e-05
11100000011110010000,26.113790343458398,9.765625e-05
00011111010101000110,14.58348470077647,9.765625e-05
11100101001111100010,20.646541787088015,9.765625e-05
11110101010101101000,15.647862859864091,9.765625e-05
10000011111101111100,36.090532139016446,9.765625e-05
01001110111111010000,16.411079621109785,9.765625e-05
11111001111110000000,13.394772847768039,0.0001953125
00011101010000100000,15.543120329183466,9.765625e-05
11011011111110000000,16.241141259594222,9.765625e-05
01011010111101100000,20.46618337144343,9.765625e-05
00110010100011011010,26.43416565709045,9.765625e-05
10111101111010000000,18.30325786664669,0.0001953125
00111010001010100010,21.846290542136078,9.765625e-05
01101111110101010100,19.46256781401543,9.765625e-05
10011101001011100001,16.765076252075605,9.765625e-05
11011110011101000000,19.057066208079732,0.0001953125
11101011111000100000,26.346236196306734,9.765625e-05
01010101100111101000,44.867375044537205,9.765625e-05
10010010111100000000,22.87892155073957,9.765625e-05
01110011010101101000,15.867866011047091,9.765625e-05
00110111001101000000,13.285039444419208,9.765625e-05
00111001111000010101,17.141919987901254,9.765625e-05
11100110111110000000,18.41127845850521,9.765625e-05
01110000111001000000,12.700088770418644,9.765625e-05
01011100010101001000,10.575709062068329,9.765625e-05
11010111001001111001,23.69273618719832,9.765625e-05
10000010111111001000,46.93870561411418,9.765625e-05
10101000101100110000,37.108194648384426,9.765625e-05
10000101011101100010,22.411079621109785,9.765625e-05
11100100001011100001,18.73154994625445,9.765625e-05
01011001001100111100,21.095645622896164,9.765625e-05
01110000100101101111,26.740693738684516,9.765625e-05
01111110101110111100,17.390959312320906,9.765625e-05
00011100001000001001,15.176873130564399,9.765625e-05
10101101011110000010,21.299444331199556,0.0001953125
10000001110111010100,36.35766465155673,9.765625e-05
11001000110010111000,20.164625920227557,9.765625e-05
10110011001010100011,25.1933337555604,9.765625e-05
01010010001001100100,21.972958150609866,9.765625e-05
01110110101101011001,13.101493674248449,9.765625e-05
11110111000000111000,35.487441283076606,9.765625e-05
01011101000000000010,31.709151004156567,0.00029296875
10000111001111111000,17.651276135453056,9.765625e-05
01100011010000001000,15.714649799653301,9.765625e-05
10110100001001010101,17.24985185954934,9.765625e-05
11010011011111100101,15.56036403896401,9.765625e-05
10001101111111000000,16.31574214208559,9.765625e-05
11000101111100100000,19.52620623055349,0.0001953125
11100010111100010000,29.022275362337044,9.765625e-05
01000111111010001000,24.811733099071965,9.765625e-05
11101010101001100100,36.19535712667796,9.765625e-05
01011001111111000000,18.89670940297779,9.765625e-05
10001001010010100001,23.97014712360881,9.765625e-05
01111010111111010101,25.935457775530512,9.765625e-05
00111010010000010010,33.97998004607177,9.765625e-05
11100111000110000100,25.517113872188347,9.765625e-05
10000000011011010100,50.98582873387811,9.765625e-05
10110111111001000000,17.730593539365067,9.765625e-05
10101110010001000000,52.593735710042004,0.0001953125
01100100101101100010,22.4703211855329,9.765625e-05
00011011101110011000,20.487241525756232,9.765625e-05
00111111110000000010,22.193524463297855,9.765625e-05
11001110111000101000,15.597662121364511,9.765625e-05
11101010010110001000,45.548216106131655,9.765625e-05
11111110101000000000,32.687171302504794,9.765625e-05
00011101110100000010,15.092523742000596,9.765625e-05
11010001110100010011,15.829983681667132,9.765625e-05
10001011110010100111,30.67690083403815,9.765625e-05
11100100011010010001,15.374668390322084,9.765625e-05
10101100000011000000,27.33306817305199,9.765625e-05
11011101000000100010,31.371090940587862,9.765625e-05
00110000011010100000,22.22787560234118,9.765625e-05
11100010101000000001,24.424583154173337,9.765625e-05
10000111011000100001,20.327060545641608,9.765625e-05
10111110110100100000,29.2528068454373,9.765625e-05
00001111110001110100,18.21445554410703,9.765625e-05
01000010000101010111,34.881398085780326,9.765625e-05
01011101111001101000,28.977468858620675,9.765625e-05
10110100110100000000,7.988710018100807,9.765625e-05
10010011111101010101,24.84508555550727,9.765625e-05
10101010111111001010,55.818568465661095,9.765625e-05
11110011010101011000,20.305092293136184,9.765625e-05
10010000101000010110,31.07555186933567,9.765625e-05
01011011010010000010,15.17434881263273,9.765625e-05
01110000010111001000,18.12612627400567,9.765625e-05
00001100000101011000,21.10160714874985,9.765625e-05
10101100011101000100,35.21103873694726,9.765625e-05
10011011111001010101,28.366891195234953,9.765625e-05
11001110011000000000,21.174036195628823,0.00029296875
00110101010111100001,14.346910279721811,9.765625e-05
11100011011010001000,18.720209166334726,9.765625e-05
10001101111010000010,19.18217588581545,9.765625e-05
10011111111101000000,17.324182792989717,0.00029296875
00001111000101000010,14.9567599493236,9.765625e-05
00011100111010111001,25.35873463091453,9.765625e-05
11011111011111101100,15.361213755964972,9.765625e-05
11100101011111100000,16.73154994625445,9.765625e-05
11111000010000000000,19.47356286965042,9.765625e-05
10011001000001111000,19.56778435488731,9.765625e-05
11100100011111000001,18.930932783395594,9.765625e-05
10011111011100101000,18.751659627445246,9.765625e-05
01011111001000000100,29.975381352271604,9.765625e-05
10111101011100011000,19.58581371288352,9.765625e-05
11010111100000000000,30.726406043480253,9.765625e-05
00001101010001000010,12.740341223889233,9.765625e-05
00010001011001000101,22.85756067219023,9.765625e-05
11010110110101000000,9.75759626321292,9.765625e-05
01110111111100001000,19.02348567063426,9.765625e-05
01011100111110100000,16.900946543239588,9.765625e-05
00011101111001000001,15.040312849991222,9.765625e-05
01111010110100000000,20.955193496283623,9.765625e-05
01100101110010110011,25.59279828374057,9.765625e-05
00000010001111111101,58.78789150167482,9.765625e-05
00011001111101000000,18.34443094753131,9.765625e-05
00100100011110100100,32.68542653778686,9.765625e-05
11110101000111100000,23.506472240433766,9.765625e-05
11011001110110100101,12.193362813671268,9.765625e-05
10000110010101001000,25.583280345368948,9.765625e-05
00011111111011000000,14.221002226025298,9.765625e-05
01110111111111010101,11.46787869892445,9.765625e-05
00110110111001100001,16.84587309178756,9.765625e-05
00000111110100001000,17.19564029333672,9.765625e-05
00110111011000110001,17.871751790157163,9.765625e-05
10011010000111111101,39.46895211188604,9.765625e-05
11111001111000100000,12.94451971500117,9.765625e-05
01111101100101010111,13.480663075704559,9.765625e-05
01001111111000001000,18.323643738481834,9.765625e-05
10100111100010011011,23.242440298941684,9.765625e-05
01000101001101010000,19.147087714245114,9.765625e-05
01110100101111010000,16.54329273136337,9.765625e-05
10000010001010010001,37.959847166969,9.765625e-05
01011011101010000000,21.655434143164705,9.765625e-05
10001001011010000000,21.39227685352617,9.765625e-05
01100001111111001000,27.879000584913047,9.765625e-05
01000101000100000000,19.481357146011405,9.765625e-05
01010111000110011101,19.545268406717216,9.765625e-05
11111111010000001000,47.28842052181247,0.0001953125
00011001001111101010,24.757155920059503,9.765625e-05
00000010011101000000,43.542131234645396,9.765625e-05
11010011001010000000,20.921670732873096,9.765625e-05
11011011100010000000,24.43221574307971,9.765625e-05
01010010010010101000,15.448354701488896,9.765625e-05
10011010101111110000,31.53867113391848,9.765625e-05
01001111000101000010,17.069364950858173,9.765625e-05
01001100101000010101,16.063339322248996,9.765625e-05
01101010001101010000,36.980937187382224,9.765625e-05
00001001010100100100,25.088973706871048,9.765625e-05
01100101010000101110,22.201293762445633,9.765625e-05
11010011000010001100,15.970239250434826,9.765625e-05
00111100100010010100,16.072400636061978,9.765625e-05
10101110010100011100,56.855598274992786,9.765625e-05
11100010100010101011,26.068445938877687,9.765625e-05
11001111110001100000,16.751659627445246,9.765625e-05
11000100010000000010,12.298198418091047,0.0001953125
10100001101011001100,24.54694814875472,9.765625e-05
01010011110011100010,22.981273774547198,9.765625e-05
01010101010101011101,17.372423060184495,9.765625e-05
10000011011001001100,24.302148761746608,9.765625e-05
10110100011010110011,18.846878321096,9.765625e-05
11000101000000000010,20.879946239249122,9.765625e-05
11100001111010100000,16.378754671969954,9.765625e-05
11110101101101010000,15.34622651026978,9.765625e-05
01100100110101010001,16.32326461380697,9.765625e-05
01010100001100110000,22.86861713180764,9.765625e-05
01001101000101100000,13.350254000034194,9.765625e-05
00011101001101000000,11.828451891877325,0.0001953125
11000000101110011101,36.703297777727286,9.765625e-05
01010110111101000000,15.624925929774669,9.765625e-05
00010000000111000000,26.27549593020835,9.765625e-05
00010100011111100010,33.45679276238334,9.765625e-05
01111110111000100000,17.58581371288352,9.765625e-05
00100001010000000011,22.97574281868278,9.765625e-05
10011111111000001010,23.149626278472873,9.765625e-05
00111010001110010100,31.515192526425842,9.765625e-05
11100001100000111001,17.677328694004874,9.765625e-05
01111001111111010001,14.72381804201557,9.765625e-05
11011000110000000000,9.075869699244597,9.765625e-05
11111100101010000000,17.666081282091568,9.765625e-05
10101011000000000011,49.9712597600797,9.765625e-05
00000011011110100000,28.069570884280875,9.765625e-05
00010011110011001010,21.601001596911555,9.765625e-05
11001010110101010010,39.15839809690655,9.765625e-05
10100010110110010100,54.28843825038018,9.765625e-05
00000000001010100011,49.44084557822796,9.765625e-05
11111101000010001010,38.456048596001025,9.765625e-05
00010001100111000111,33.86941906097543,9.765625e-05
00010001110111000010,31.230148728477904,9.765625e-05
01000111010110110010,18.938431409911125,9.765625e-05
01011101010110000010,18.906271554841492,9.765625e-05
11011011111101110000,17.894536756656944,9.765625e-05
10111000110101001010,28.91267251476347,9.765625e-05
01010100110100110010,24.52869869322455,9.765625e-05
11001000110000100110,18.55470868179048,9.765625e-05
01110111111100100010,22.708658394140485,9.765625e-05
00001011110100000000,25.211038736947256,9.765625e-05
00111000011101001000,25.275495930208354,9.765625e-05
11101011000101010000,47.27953785177274,9.765625e-05
11100100010101001000,15.522124411197733,9.765625e-05
00111001011011000001,14.40105409159527,9.765625e-05
11000001011101001000,18.065164051861718,9.765625e-05
00111000100111011111,35.120344333486365,9.765625e-05
00010101000011100001,27.14889380620499,9.765625e-05
11011000010111111000,17.361499632646268,9.765625e-05
00010000000001011101,34.16223215807114,9.765625e-05
00011011011011000000,13.699731902094634,9.765625e-05
01011011001100100110,19.169363076582155,9.765625e-05
00110011101111010000,17.25403935543416,9.765625e-05
01110110110101010000,9.468130625140459,9.765625e-05
11110100001111000000,13.996832839096001,9.765625e-05
00010011011010100111,25.410526527036215,9.765625e-05
01011101111011011111,26.387098717564104,9.765625e-05
01101010101010110100,25.871385872250247,9.765625e-05
10101000011000000000,38.718124370008205,0.0001953125
10010110101010001001,19.088347820217354,9.765625e-05
10110111010100000010,24.86051135425828,9.765625e-05
00110110111001000001,13.446979386248683,9.765625e-05
01011010010010101000,13.805268123521689,9.765625e-05
01111001100000100010,20.080980680241836,9.765625e-05
10111100110111010010,17.0215421556481,9.765625e-05
10100000000111111010,47.16011624090508,9.765625e-05
10010110000101110010,20.18470301173668,9.765625e-05
11100100010011010111,20.06915624192192,9.765625e-05
11110000110011100010,14.427803735583556,9.765625e-05
01000110001111111111,30.468030488259686,9.765625e-05
11100101011101010101,12.585726793610512,9.765625e-05
00110100011011110001,20.308726782484293,9.765625e-05
01111101010100000010,17.683053154756493,0.0001953125
01000001111110101001,48.840654665799846,9.765625e-05
10010000101111000000,29.495008114881465,9.765625e-05
11011110001111111111,16.45557390005654,9.765625e-05
00010111011010100000,22.74790282115289,9.765625e-05
01011011010100110101,16.733370213575057,9.765625e-05
01001101011011100001,16.236419318128497,9.765625e-05
11101111001001100110,31.944290877933753,9.765625e-05
10000000101111010000,48.11662998841651,9.765625e-05
10100011111000100110,27.811774945476607,9.765625e-05
00110000000110001100,24.155040657579075,9.765625e-05
01101001111001001101,20.413719388734677,9.765625e-05
10110110111001000000,18.729642552520772,9.765625e-05
11011100010100000100,9.47662624208997,9.765625e-05
01110110111111110000,14.736136156867918,9.765625e-05
11100110010100011101,27.338734783481286,9.765625e-05
01001010000011111000,24.428347143620165,9.765625e-05
11101110010011110001,36.293585870229066,9.765625e-05
01010111011110111100,22.73154994625445,9.765625e-05
11100010010000000000,29.345961670804765,9.765625e-05
01110100101110000101,18.1798628013387,9.765625e-05
00111010011100000000,28.870201264747493,9.765625e-05
00000101010100110101,26.183434929404516,9.765625e-05
10011100100101110010,13.199108632938096,9.765625e-05
01101010000010111011,32.44739683659719,9.765625e-05
11101110111100000001,30.741359670805437,9.765625e-05
10100110101100110100,30.431469024515735,9.765625e-05
00111001111100000010,11.220051239180998,9.765625e-05
01110000110101100010,18.198961218767774,9.765625e-05
11001101011111110101,10.867929215966942,9.765625e-05
11011101010110000000,17.75862095172247,9.765625e-05
10001010110101110100,62.19658774861021,9.765625e-05
11100001000011011100,17.404106624354316,9.765625e-05
11000101010100100000,12.685470887073983,0.0001953125
11100111110110000000,18.86131661910629,9.765625e-05
00010011011100100101,20.330635285353292,9.765625e-05
10101100100111110000,24.52368462264436,9.765625e-05
00000110010100001000,21.541546900129077,9.765625e-05
10000001100000001000,18.272506259434046,9.765625e-05
11100001010001000111,18.00513848272912,9.765625e-05
10001110011101010000,37.22048182001008,9.765625e-05
11111101111101010000,12.611496185503569,9.765625e-05
00100010011011101111,54.44577991763198,9.765625e-05
00111101000010001001,22.663874794068825,9.765625e-05
00110000100101010000,22.22787560234118,9.765625e-05
11111010000001001000,42.38549831405884,9.765625e-05
11110011111111000000,14.097604450694767,0.00029296875
00001111111100010101,21.18971084072352,9.765625e-05
01101100011110101000,16.671948705517764,9.765625e-05
01010101010000101010,38.483941001087416,9.765625e-05
11100010010101000100,41.665121343631384,9.765625e-05
11111101100000100010,31.994202844635268,9.765625e-05
11001000111101110011,35.39194301969956,9.765625e-05
01111010000110011100,26.40450887065378,9.765625e-05
01000000101111010000,43.32074997107244,9.765625e-05
11111001110110101110,13.801076274108144,9.765625e-05
01100011110011100000,17.44697938624868,9.765625e-05
01101101111110010001,14.194990485189793,9.765625e-05
01100001011100100101,22.071433721587372,9.765625e-05
00011110110010100010,16.585726793610508,9.765625e-05
10101001111101010110,36.5063399431853,9.765625e-05
10100100011110000000,25.068935017322964,9.765625e-05
01100000111001000100,24.952227795670392,9.765625e-05
00010100111000111001,36.48513529462712,9.765625e-05
01011001011111110110,18.828657101718775,9.765625e-05
00010110000010001000,16.56281629873662,9.765625e-05
11011001111111110000,15.169571807154597,9.765625e-05
00011010110100000000,23.435224051506857,9.765625e-05
00110100010100000010,9.51609813529469,9.765625e-05
10110001110001000101,13.752192254855911,9.765625e-05
00110001010000001000,13.498843830392069,9.765625e-05
10000000110101110011,58.45904183123179,9.765625e-05
11000000110101100110,32.703297777727286,9.765625e-05
11001000001010011010,20.671948705517764,9.765625e-05
00100110110000000000,20.82373067399285,9.765625e-05
01001011110000000001,18.737530931309244,9.765625e-05
10001000101111011100,49.738761553241496,9.765625e-05
10011010111001010111,43.05650958243536,9.765625e-05
01010110100000000000,20.318016911728506,9.765625e-05
11111001110100000101,16.184931935931303,9.765625e-05
00101111101101001000,18.241141259594222,9.765625e-05
11010101001000000100,29.743005756644905,9.765625e-05
01000111110101000010,16.487241525756232,9.765625e-05
00000001101010001000,40.54680436453188,9.765625e-05
00110111001010100000,24.70399848186176,9.765625e-05
00000001011011010000,35.689781837764414,0.0001953125
11100001001000010010,15.898703715984485,9.765625e-05
10101010100000000001,53.685250691163354,9.765625e-05
01101111000000101100,30.687171302504794,9.765625e-05
10110111110011000000,18.44985171885549,9.765625e-05
00111011101100010000,21.50833154616945,9.765625e-05
00001111100101100010,15.76388113698763,9.765625e-05
11111110010100010111,35.130569707448444,9.765625e-05
11100010010101000010,39.267171648922385,9.765625e-05
10101000110110001010,42.93530130098092,9.765625e-05
11101101110110100000,16.745072127810666,9.765625e-05
01110011011000100000,15.461614117148592,9.765625e-05
11111101110110010000,17.983412780861855,9.765625e-05
10101101001111101010,18.202844287855307,0.0001953125
00000011101110100010,34.4674239736799,9.765625e-05
01111101101110111110,25.090239286320728,9.765625e-05
10100001011110100100,30.58287465462588,9.765625e-05
01101000010110011101,37.35682723718085,9.765625e-05
10100111101111101010,20.682733681341382,9.765625e-05
01001101101111000101,18.98271934700906,9.765625e-05
00011011100010111100,22.128536258059647,9.765625e-05
00101110111001000100,31.35965625454088,9.765625e-05
11011011111111010001,19.080731464048363,9.765625e-05
10000101110110100000,22.01253933945131,9.765625e-05
01010100001011000100,28.532451010193135,9.765625e-05
11100100001101010101,16.20696588004721,9.765625e-05
11110011000101000000,25.257491424470125,9.765625e-05
10110001000111001111,22.102999457727062,9.765625e-05
11011011110100000000,19.537188155707916,9.765625e-05
00000111010110010001,17.121620224630675,9.765625e-05
00001110011110001000,21.73406531257023,9.765625e-05
00001011010001111100,30.87761369557126,9.765625e-05
01100010001010100110,25.147213057115348,9.765625e-05
01001110011101010111,22.15803769701173,9.765625e-05
01100110011011100010,21.26417335862748,9.765625e-05
00011011000010001001,17.730593539365067,9.765625e-05
01001011100111000100,16.486287828889388,9.765625e-05
11001101011110010000,11.991204260073099,9.765625e-05
00010110101101010010,22.931886480262435,9.765625e-05
01001010001101110001,33.534925792964316,9.765625e-05
10100111110001101010,20.57689720114189,9.765625e-05
11110010010101010000,27.54282914163013,9.765625e-05
10001101010001111010,16.640002081184164,9.765625e-05
00100100101101010000,22.37500933101579,9.765625e-05
10001110010111100000,31.012256172792547,9.765625e-05
01010100111111000000,28.512320928240094,9.765625e-05
00011011111000001000,17.338630984177016,9.765625e-05
01011011011010101000,15.774555652691149,9.765625e-05
11001100010011000100,13.38946656094618,9.765625e-05
01110011100000010011,19.250461905699932,9.765625e-05
01101111010011011000,21.248673504479754,9.765625e-05
00111000100101000000,20.183980949087,9.765625e-05
10110010000110011000,30.011229508681524,9.765625e-05
11000000001101110111,37.40729617246184,9.765625e-05
01100110111110001000,18.379463124367938,9.765625e-05
11111111010111101000,31.39673883708494,9.765625e-05
01010000011011011000,30.384323724688333,9.765625e-05
10011101110111110010,13.805845492863408,9.765625e-05
11000111000010000001,20.466351262663373,9.765625e-05
10111011101000010001,34.7316112518602,9.765625e-05
01010011100000000010,23.411125722666483,9.765625e-05
01001110011011100000,13.947323031566746,9.765625e-05
10011010011010001010,26.165820300894467,9.765625e-05
01000011111110101000,28.689781837764418,9.765625e-05
11000010101101000000,24.65473623617997,9.765625e-05
00010010110111100010,35.53656053842083,9.765625e-05
11001010111100001000,27.65038093620241,9.765625e-05
01011001010100001000,14.819063785699711,0.0001953125
00111111100011100100,21.93380167155879,9.765625e-05
11000001101100000001,20.910636540856007,9.765625e-05
11010101100101010010,21.167798686270856,9.765625e-05
00011000010110111010,30.86826119420494,9.765625e-05
00101000101110001001,38.850000925572814,9.765625e-05
11101011100000000110,32.66613634610397,0.0001953125
10010000110111000010,31.648227770718865,9.765625e-05
10101110011110111101,46.94078435435122,9.765625e-05
10000101001111111101,27.251746770096325,9.765625e-05
00110101000110010000,16.59103558331485,9.765625e-05
00110000001100000001,16.292808743566983,9.765625e-05
10100111011001100110,26.360253083083713,9.765625e-05
00111110011111010001,19.598847757555596,9.765625e-05
00100011011100100100,28.69547965616045,9.765625e-05
10000001010010001000,22.25865282322108,9.765625e-05
10011111101011100000,21.116060945076455,9.765625e-05
01001100111101110000,18.73503215075745,9.765625e-05
00001000111100000001,43.84790093603706,9.765625e-05
00100000111111110101,69.96062150727771,9.765625e-05
10100110110000010101,35.423674748154745,9.765625e-05
11101010101101101000,36.58389934313543,9.765625e-05
00010110010100101010,18.914991840833565,9.765625e-05
11100101110001010101,9.163957463587966,9.765625e-05
10010110101010101010,26.579081519940985,9.765625e-05
01101101000010001001,25.380399092667055,9.765625e-05
10000000010000001000,29.488559066961493,9.765625e-05
01011110110100010100,12.32645403106182,0.0001953125
01111000011100000000,9.389466560946182,9.765625e-05
01010100110101000100,17.91057876682106,9.765625e-05
00011011000000111100,22.142058439615866,9.765625e-05
11100000101000000000,13.227644691705265,9.765625e-05
10101011110011110001,45.64461148970962,9.765625e-05
10010001011111001100,24.29038907347605,9.765625e-05
11100111101100110010,20.969821386964163,9.765625e-05
10110101111110001000,17.206515632876958,0.0001953125
11111101101000010100,25.26916596192909,9.765625e-05
10010100101011000000,23.311978152638765,9.765625e-05
00010001110000000011,25.541716592286438,9.765625e-05
11001001010100000010,16.928514022389784,9.765625e-05
00011100111100100001,14.942897474367545,9.765625e-05
00001111001100011100,17.066804940988007,9.765625e-05
01000100001101010000,18.952648690462517,9.765625e-05
00111111101001000100,20.88524357445509,9.765625e-05
00000111111100000000,19.213849029527246,9.765625e-05
10100100010000010100,26.89372941824044,9.765625e-05
10000001111010010000,31.49918403666471,9.765625e-05
01001011000010001001,18.90531785797465,9.765625e-05
10111011110101000000,35.822108520486424,9.765625e-05
10000001011011110000,32.58100557572603,9.765625e-05
11110001110000111100,10.046708477404973,9.765625e-05
11011100010110111101,7.899651171257977,9.765625e-05
10111100111110100100,14.962663701142334,9.765625e-05
01111101001110011101,20.029160585385576,9.765625e-05
00101000000111011110,49.73834691088254,9.765625e-05
00011110110101000001,15.162939016671768,0.0001953125
11110111010100010000,25.510310665966912,9.765625e-05
00010100101011100111,46.1237059516785,9.765625e-05
00011001111100110100,24.698589053869323,9.765625e-05
11010100001010000000,22.139589087729583,9.765625e-05
10111110000000000100,47.27989201007421,9.765625e-05
00110100100000101010,22.69074875223902,9.765625e-05
01111001001000000000,18.50778354004568,9.765625e-05
01010011001010110001,25.222013696927082,9.765625e-05
10011011111000101000,18.638094687450483,9.765625e-05
00111111100110111101,20.45086245533621,9.765625e-05
11111001001010100000,22.795645673104374,0.0001953125
00111111001101001100,20.639078558243725,9.765625e-05
10010111000100110101,17.772668970178806,9.765625e-05
11100000000100001000,19.606473799761538,9.765625e-05
00010011111010001000,21.82672034476715,9.765625e-05
11011001100000101000,19.70843790396259,9.765625e-05
10000101101110000001,24.942598369238663,9.765625e-05
01101111111001000001,19.22106624165359,9.765625e-05
11101001101011000001,20.57689720114189,9.765625e-05
00010011111101000100,20.066203758916448,9.765625e-05
01111101001010000100,27.228095760423784,9.765625e-05
00001111110001100011,18.409768321497868,9.765625e-05
11001011011110010101,26.555036492003623,9.765625e-05
01111110100100101001,21.620936547704027,9.765625e-05
00101011111111000000,29.555807180728664,9.765625e-05
11110011100110100000,19.72873694365192,9.765625e-05
01010100000101001000,19.176873130564395,9.765625e-05
10110011101110000001,19.049990364420943,9.765625e-05
01100001000010001010,22.153116601794025,9.765625e-05
11000000111110011101,40.94287529430407,9.765625e-05
11111111111101000100,26.508328836146916,9.765625e-05
10011111011011110000,18.793340816662266,9.765625e-05
00001100111001000000,22.20757311820824,9.765625e-05
01000100001101000100,21.094078435435122,9.765625e-05
11010001110101000010,14.098019093053724,9.765625e-05
11000011110010111010,17.165749309251755,9.765625e-05
01011101111110000010,25.90248810619355,9.765625e-05
10000011100111010101,31.353530576178127,9.765625e-05
01110110110111000010,12.401054091595269,9.765625e-05
11111111100000010111,40.19927036969189,9.765625e-05
11000111001101011100,11.6315712034442,9.765625e-05
11010000001111000000,18.959795634527403,9.765625e-05
01111110001010101010,23.37217622191828,9.765625e-05
01011110111000010101,13.586709635715417,9.765625e-05
11111101011110001000,22.415862868181264,9.765625e-05
10001011100110110000,27.594244590623486,9.765625e-05
11111011110100000010,29.749826964065143,9.765625e-05
10111100001101101110,18.36026276912067,9.765625e-05
00110001010100000010,11.821157533642118,9.765625e-05
00100011000111000010,23.707479119145955,9.765625e-05
00011001110111101100,26.864894068840513,9.765625e-05
11001111111000110010,17.79523198849838,9.765625e-05
10100111110100000000,22.204168805074982,9.765625e-05
11110111000111001000,27.93572301732131,9.765625e-05
01001111101100001001,20.769868363635773,9.765625e-05
11011111010100010010,26.811636472125812,9.765625e-05
11100000001001010000,20.188156870870245,9.765625e-05
10011100010111011100,20.378754671969954,9.765625e-05
10110111100000011100,24.129561680990257,9.765625e-05
00000101011101100000,25.512684048997272,9.765625e-05
10111111001101110000,32.32868830428733,9.765625e-05
10110000001001101000,21.03220595662633,9.765625e-05
11000101101011010000,21.657263362101197,9.765625e-05
01101101111001000001,12.740331537852278,9.765625e-05
00110111111000000010,17.26394942400598,0.0001953125
01000101000100010010,21.23827144070971,0.0001953125
01000110100000010110,18.631760267675467,9.765625e-05
01110011111111010000,13.25403935543416,9.765625e-05
11111001000101000000,26.001901973688604,9.765625e-05
01010101001000100000,43.747730418973,9.765625e-05
00110100101100000000,11.435224051506857,9.765625e-05
10101001001111000000,29.151418124136658,9.765625e-05
11011110101111010100,16.844154947789026,9.765625e-05
11111110010110100100,30.45039439247104,9.765625e-05
11100010100001010100,29.08875351096042,9.765625e-05
01010011100111101000,24.466148795320464,9.765625e-05
10110011111101000000,18.00513848272912,9.765625e-05
10000001010000100010,22.372205280029146,9.765625e-05
00011100111110000000,15.453426546104035,0.0001953125
00010001101010000111,40.50997943294635,9.765625e-05
01010110101011101000,32.811811273869154,9.765625e-05
01110000111110000000,15.321253420769025,9.765625e-05
11101011010100001010,40.24250417877494,9.765625e-05
10011011010000010100,31.185005637596554,9.765625e-05
10010001011111100000,22.57021280193008,9.765625e-05
01100101111101011000,18.020629276497573,9.765625e-05
00111011011111111110,25.353417101676726,9.765625e-05
01100000111110000100,30.09360872906376,9.765625e-05
11100000010000111101,27.029794378774994,9.765625e-05
11111000000100001000,22.269442886994494,9.765625e-05
10111001111010110010,17.97954865453425,9.765625e-05
11110101010110010110,16.583484700776474,9.765625e-05
00001001111011000100,28.96816873823242,9.765625e-05
00010000100101000111,37.81626153565049,9.765625e-05
01110011110000101000,15.950115410075135,9.765625e-05
11101000111110000000,24.064268129029823,9.765625e-05
01100000010110000010,24.674633763990904,9.765625e-05
00010101110100000000,20.08625407227494,0.00029296875
00001110011110000010,21.93912306446269,9.765625e-05
01100100101010101011,34.19041677939921,9.765625e-05
11000101110111100000,17.26998465152492,9.765625e-05
11111101011011010101,17.389090320548256,9.765625e-05
10001101001100010001,16.69642264914183,9.765625e-05
00111101111100000110,10.12853625805965,9.765625e-05
01001110001101010000,14.787084277417176,9.765625e-05
01100101011111001000,20.54233903449653,9.765625e-05
11011100001111100000,11.550343695775965,9.765625e-05
00001011011001010001,30.76594646327322,9.765625e-05
01011101110110101010,29.90248810619355,9.765625e-05
01110001000100010010,15.445261242250147,9.765625e-05
11100110011001111000,21.230814660598824,9.765625e-05
00110110101000000001,13.996832839096001,9.765625e-05
10101011111100110100,45.01225617279255,9.765625e-05
01101000000011001010,24.276446917052652,9.765625e-05
01110011000000100010,23.480773840183417,9.765625e-05
11011011011000010011,24.29916116454079,9.765625e-05
10001010101101000001,48.407257123206946,9.765625e-05
11010011110100000000,10.000950986844302,9.765625e-05
10011011010000001000,24.823483835726634,9.765625e-05
10101001111110010000,31.959847166969,9.765625e-05
00011100111010010001,17.582926187067475,9.765625e-05
01000000000000000100,18.488559066961493,9.765625e-05
10111100101010000001,14.66196313434327,9.765625e-05
11111101011100000000,22.314923452489758,0.0001953125
00011001000000000011,17.076161915486264,9.765625e-05
00010011111111111000,32.08537961672164,9.765625e-05
11111110111100010010,21.106642752099642,9.765625e-05
11000100010001110011,16.1696392672265,9.765625e-05
11111111101000110100,36.271693087850316,9.765625e-05
11100101011111000100,14.486287828889388,9.765625e-05
01101100111011011001,18.027172426845027,9.765625e-05
01001101110010100000,20.102262474908876,9.765625e-05
01110100111011010000,15.515686202958271,9.765625e-05
00001110000101100000,21.67167522489596,9.765625e-05
11011101100101010100,14.894338729969967,9.765625e-05
01011101001111111001,24.072448000478722,9.765625e-05
11111001001111001000,21.730593539365067,9.765625e-05
00101011011011010001,35.90892746807657,9.765625e-05
01101110001111101010,20.446436163715944,9.765625e-05
10110101011111110001,15.547362361799689,9.765625e-05
01011011110110000000,13.394772847768039,9.765625e-05
01110011000010100000,22.347149809878324,9.765625e-05
10011111111011001000,17.48723881573369,9.765625e-05
10001101010110010000,17.625911492741935,9.765625e-05
11000010110100100011,29.582926187067475,9.765625e-05
11010111010001000000,19.910386992567254,9.765625e-05
01110001101010100000,29.430224140095554,9.765625e-05
11101001010111000000,26.79271285644008,9.765625e-05
11011111010111101110,17.361204069928014,9.765625e-05
11111101000001111111,24.858608744115628,9.765625e-05
11101111010100001000,39.975381352271604,9.765625e-05
11010001111111001000,22.367961898174,9.765625e-05
11000111000001000011,20.28791375262749,9.765625e-05
01011011110000000110,15.954840072403222,9.765625e-05
00010010100010100100,26.962599685514043,9.765625e-05
01001001001101000000,15.938185295226155,9.765625e-05
01101110000010000001,26.097251935899493,9.765625e-05
10111011111110011000,28.2210022260253,9.765625e-05
11011101011110010000,15.328981156983048,9.765625e-05
10011101000111000101,14.043778468730238,9.765625e-05
10110110000000101010,25.602105369303413,9.765625e-05
11001001100101000100,14.603257816438479,9.765625e-05
00011100111110001010,22.689781837764418,9.765625e-05
00001111110111100000,15.044491481797007,9.765625e-05
11011110000001001100,27.129908863277322,0.0001953125
10111101100000000010,24.722287895731952,9.765625e-05
00110111111110111010,21.68925018933325,9.765625e-05
10011000000101000110,28.443256214518172,9.765625e-05
00000001001110010100,35.49918403666471,9.765625e-05
01111110110010000100,18.6469029214039,9.765625e-05
00010110110111101000,22.619783093516823,9.765625e-05
01101100011110100000,13.0974952425949,9.765625e-05
10001100011110001100,27.094078435435122,9.765625e-05
11001000001010101001,20.75007995679751,9.765625e-05
11000010000101111101,32.467510892952916,9.765625e-05
11000111110000000000,13.900011571152795,9.765625e-05
00001100010101001101,31.08426246929079,9.765625e-05
10101000110101111011,58.49698120022563,9.765625e-05
10001111001001101010,19.744782719558557,9.765625e-05
10010111100110011000,16.591035583314845,9.765625e-05
11111110100111100101,26.20284781942611,9.765625e-05
11100001100100110001,17.947323031566746,9.765625e-05
00111101110111011100,15.494651246557456,9.765625e-05
10100011001101010100,36.92441627540373,9.765625e-05
00100001001111000101,30.073706847724097,9.765625e-05
11111110110101000100,30.546612590278073,9.765625e-05
00011111001010101011,22.334602770831356,9.765625e-05
01011001001111100010,22.203786235956514,9.765625e-05
01101000110110010100,28.86481503466704,9.765625e-05
11010100000101100001,10.497288402536478,9.765625e-05
01110111111001010000,16.11223844717361,9.765625e-05
00111011111000110000,21.025393064367936,9.765625e-05
10100101011111000000,19.220051239180997,9.765625e-05
00110101001010100000,27.832901294282372,9.765625e-05
10100011000010010010,31.623917266862442,9.765625e-05
00100001001010110011,33.17797081879414,9.765625e-05
11011010110100100000,17.89305024687557,9.765625e-05
11000101101100010000,17.67761363996486,9.765625e-05
00110111111010001010,20.735923796347997,9.765625e-05
01001010100111010010,29.45210276330542,9.765625e-05
10100110111101000000,30.666970963330115,9.765625e-05
00101101111011111010,21.177970818794137,9.765625e-05
10110011010010000010,23.192396720744927,9.765625e-05
10011101110000100010,17.19163842807938,9.765625e-05
11011110101000101000,21.99535529177033,9.765625e-05
11111100110101000010,10.661963134343274,9.765625e-05
11100101001010000000,23.185005637596554,9.765625e-05
01101001110110000010,17.141919987901254,9.765625e-05
01010011010111110011,20.77051330181278,9.765625e-05
11001000010100111001,28.305720889812424,9.765625e-05
01111000011011000000,12.002395650221036,0.0001953125
10010101011110000000,19.135470939981282,9.765625e-05
01111101101000010010,25.069364950858187,9.765625e-05
10001110110010010011,30.236419318128494,9.765625e-05
00101111000111100011,21.685720827597017,9.765625e-05
10111100001111110001,15.853523594765532,9.765625e-05
01001101111110111000,25.45028771972965,9.765625e-05
10110111111101010000,15.5998305996605,9.765625e-05
10001011010100001000,34.13958908772958,9.765625e-05
00001101111111000111,25.306806171142846,9.765625e-05
01100000111000001000,22.678825613404452,9.765625e-05
11100110001111010000,22.37561937716638,0.0001953125
11111011111100000000,26.415862868181264,9.765625e-05
00110101011100000000,11.313898763980207,9.765625e-05
00111110011010001000,18.093416954809953,9.765625e-05
11000101001101010100,11.540303060589066,9.765625e-05
10001101110011110011,18.428918271368538,9.765625e-05
00010001111011100110,44.76264847396289,9.765625e-05
10010000101101000010,28.850000925572814,9.765625e-05
01111110101111111101,16.848731472365543,9.765625e-05
11000110110101000000,14.188156870870245,9.765625e-05
01000110100001000001,16.649722165599776,9.765625e-05
01001101001100000000,15.843833379169233,9.765625e-05
01101101110100010101,13.523690864237707,9.765625e-05
11011001001100100000,16.177453737209667,9.765625e-05
11111010000010001001,36.87872082486987,9.765625e-05
01010101110100010100,21.534682475429086,9.765625e-05
11010111011000001001,22.112650379510022,9.765625e-05
10100000100001011101,42.84999468397947,9.765625e-05
00011101101110101010,31.988427793003172,9.765625e-05
11000101101111000110,25.170516541565732,9.765625e-05
10011101000000001000,23.636033823457012,9.765625e-05
11110110010101010010,20.509276291420406,9.765625e-05
01101001111000000010,12.49135967350453,9.765625e-05
01111110001100000100,22.73292879306547,9.765625e-05
01111101011000100000,21.54101689520411,0.0001953125
11001000000001000000,19.522383732650646,9.765625e-05
01001001110011001010,23.465197808476162,9.765625e-05
10100011101000111101,29.885181534428266,9.765625e-05
00011101000100101010,20.741359670805434,9.765625e-05
11010000111100001000,15.227644691705265,9.765625e-05
00110010011101001000,25.826720344767153,9.765625e-05
01010100110100010110,20.65754652875996,9.765625e-05
01100010000010110110,26.37236528614955,9.765625e-05
11110101110011101101,18.461378852983948,9.765625e-05
10011111011100101111,19.65971678635718,9.765625e-05
01100110100101000000,15.897743777524294,9.765625e-05
00011011101000000001,19.076161915486264,9.765625e-05
00110001010101010010,16.911695914251908,9.765625e-05
00010001010101001000,20.276693755318867,9.765625e-05
00101000011101000000,42.098433735412684,9.765625e-05
11110010010100000010,22.0019019736886,9.765625e-05
00100110111110010101,33.92519937102808,9.765625e-05
01010111000000100100,30.817018860176354,9.765625e-05
01001000010001000110,23.843457775225357,9.765625e-05
10001100110111110111,35.41670738942424,9.765625e-05
00001010111011100100,45.35172177419571,9.765625e-05
01110101111101000101,13.155358781755268,9.765625e-05
10110000010110100100,26.254534675472783,9.765625e-05
11101000100101010000,30.520267815484587,0.0001953125
10000101111110010000,25.957003990440075,9.765625e-05
00110100010011011010,20.32645936357005,9.765625e-05
00001100101100010000,20.200021217821355,9.765625e-05
00110101011110101000,23.64087311393005,0.0001953125
11110000001010010100,15.092465967965651,9.765625e-05
10000100001111010111,36.90522116553748,9.765625e-05
00111011001111010101,25.726631866166368,9.765625e-05
00101001010110100111,32.3353858556159,9.765625e-05
10111111110001011101,31.62770789866486,9.765625e-05
00000100101010001110,48.53352902124188,9.765625e-05
01000011000011100000,16.128536258059647,9.765625e-05
01111111110101010001,19.190648697087255,9.765625e-05
01000010001101000000,24.654736236179968,9.765625e-05
11011001000000000101,19.09372854312553,9.765625e-05
11010101001010000000,36.593735710042004,9.765625e-05
01010000111000011101,32.06516405186172,9.765625e-05
10011010011100100010,30.32201359111248,9.765625e-05
10101010010000000000,63.54451884233566,9.765625e-05
00010111010110100000,15.39572654463488,9.765625e-05
01111010100000101100,24.60210881374702,9.765625e-05
01110111011110101000,23.133199701909177,9.765625e-05
10000000010000111000,36.04485532613543,9.765625e-05
01110101010100110101,14.055193684736281,9.765625e-05
01001100111101010000,16.25996339925175,9.765625e-05
10001100110000000010,19.25525122011036,9.765625e-05
00000011011010100000,24.2479987082798,0.0001953125
01001111010010000010,15.852936539386853,9.765625e-05
11100101000001010100,13.270055643167623,9.765625e-05
11111110011010111101,23.62373715424706,9.765625e-05
11000111111111101010,20.86502928325158,9.765625e-05
11001011100011110010,19.096884559990254,9.765625e-05
00010000010000001000,22.12162718980527,9.765625e-05
11100000111110001101,31.61317592754107,9.765625e-05
11101100110100100001,16.46755524224004,9.765625e-05
10000111010000000010,20.248075941515857,9.765625e-05
01010010011110101000,20.42451216253063,9.765625e-05
01011101110001110011,20.006561162386074,9.765625e-05
01011000011110100000,14.329251840455113,9.765625e-05
11110111010101000010,25.24023294070284,9.765625e-05
00101111000101000010,24.35284065225995,9.765625e-05
11000011100101010111,21.68756837372726,9.765625e-05
01010011010110100010,17.930923097358637,9.765625e-05
10010110110010101010,20.18300434857544,9.765625e-05
11110010001110110111,25.59127647425498,9.765625e-05
01011101001010000000,32.55078851206132,9.765625e-05
11101100011010010101,19.230814660598824,9.765625e-05
01011110101101000000,16.250886234095844,9.765625e-05
01010000110011001100,31.45067562135635,9.765625e-05
10010110100001010100,19.75759626321292,9.765625e-05
11110011010101010000,22.413926329209517,9.765625e-05
01111110010010000010,20.4371163391585,9.765625e-05
01010011111110010101,19.622583700059856,9.765625e-05
10100111000000101100,26.863678515162274,9.765625e-05
11010010110010101010,15.384307797058028,9.765625e-05
01111011111100000000,16.90531785797465,9.765625e-05
01110100010100001010,11.588508457393619,9.765625e-05
00010100101010000000,33.07274157675568,9.765625e-05
00010100001111001101,30.855560292254243,9.765625e-05
11011111101000111100,28.012327164435263,9.765625e-05
10011110101111000100,21.332656240715576,9.765625e-05
10000100100101010000,20.101607148749846,9.765625e-05
00001011011011010000,24.618944944719875,9.765625e-05
11100001101011101101,22.603421267002492,9.765625e-05
01001100011000000000,10.055155282775246,9.765625e-05
11000001001111001000,21.84911124433427,9.765625e-05
11110110101000000000,21.909436005722952,0.0001953125
10111001111110101010,17.022438078479986,9.765625e-05
10111010111001110100,45.2579577242259,9.765625e-05
10101100111001010001,27.870175563953033,9.765625e-05
01111010101001010000,22.66196313434327,9.765625e-05
01010111110001010110,19.531139710581215,9.765625e-05
11111111000101000000,48.4752820207011,0.0001953125
01010111010011000000,18.6848360488044,9.765625e-05
00010010101001010010,32.26203152268708,9.765625e-05
01011110111000000000,15.30076187240482,9.765625e-05
11011001010000001000,15.039536643254078,9.765625e-05
00010001001111100101,33.449060651004395,9.765625e-05
10101111010100001000,42.817018860176354,9.765625e-05
01011000010001000010,13.591318749973608,9.765625e-05
01011011011110100010,14.696121775551534,9.765625e-05
11111111011111010000,29.38043749462809,9.765625e-05
01101000001001101010,22.96266370114234,9.765625e-05
10101100001001000000,24.323643738481834,9.765625e-05
11000110001010000100,17.57570906206833,9.765625e-05
10111010111011010100,44.55958438778326,9.765625e-05
10100111000101000011,27.555024095944127,9.765625e-05
01101101001011110100,13.269701484866157,9.765625e-05
11111101000000001001,38.48310638386127,9.765625e-05
11111100111110000000,8.737530931309244,0.0001953125
01101010100000111100,31.176873130564395,9.765625e-05
10010101100010100110,32.65165069451676,9.765625e-05
00010111110101011100,15.098972789920566,9.765625e-05
10011111011101010100,22.549321804416156,9.765625e-05
01101010000000000000,32.63603382345701,9.765625e-05
00010101000101111010,28.29758149389306,9.765625e-05
10010000111100000000,22.761961249227433,9.765625e-05
01111001010100001000,16.55443695343825,9.765625e-05
11111110010101000110,37.30612946483243,9.765625e-05
11111101110000000010,24.722287895731952,0.0001953125
11111010111101000000,30.598892830423964,9.765625e-05
01101101010101010000,13.477933373677033,9.765625e-05
01111110111001010100,16.66196313434327,9.765625e-05
10011110001100100100,23.37094177414796,9.765625e-05
01010101000000011010,39.033294660764184,9.765625e-05
01001000010100111111,36.76827620980134,9.765625e-05
00111111110110000110,16.701020385189032,9.765625e-05
11011010000000011001,26.512449693917752,9.765625e-05
01010110010100111110,17.47410463418084,9.765625e-05
10100110011001000010,33.515192526425835,9.765625e-05
11111101010101010000,21.540046536285892,9.765625e-05
00101111111110000010,17.446378389680998,9.765625e-05
11000101001010001000,26.547829053041433,9.765625e-05
01101110111110001000,18.41127845850521,9.765625e-05
01111101101010100000,32.5648728589102,0.0001953125
01000000110111010001,45.71078838334824,9.765625e-05
10110011011111000010,23.06803129651873,9.765625e-05
11000101011010000010,23.91499184083357,9.765625e-05
11010011110111011001,13.085340578306553,9.765625e-05
11111111010100010010,40.55989969317352,9.765625e-05
11111101101010100100,28.387405707792517,9.765625e-05
01101000001010100111,22.631484284171187,9.765625e-05
11101001111011110101,20.73613615686792,9.765625e-05
01101010011010100000,25.44967431626265,9.765625e-05
01001001110001100000,16.91997031744228,9.765625e-05
10111101010100000000,23.17662629229818,9.765625e-05
01000100111101000010,31.695814355260808,0.0001953125
00000101110010100010,37.75284590009038,9.765625e-05
10111111110101110010,26.89934863252531,9.765625e-05
10000100110000011001,24.192226207039305,9.765625e-05
01101111001111100000,19.98435679169174,9.765625e-05
11100100100000000100,11.383190649627178,9.765625e-05
01011101010100000000,16.28947813209897,0.0001953125
11101011001010110000,31.44157647248067,9.765625e-05
00111010111100000000,25.35965625454088,0.0001953125
01011001100100010001,19.54029337455211,9.765625e-05
10001100011010010001,23.26623931057075,9.765625e-05
00100001001100010000,22.372205280029146,9.765625e-05
01111100111100000100,6.78740656961822,9.765625e-05
11101010110001000000,43.90943600572295,9.765625e-05
01000001111100000000,27.49201844410716,9.765625e-05
01011110110111100000,12.310728071505398,9.765625e-05
11111101100010100000,32.966596316230174,9.765625e-05
01100011001111000000,17.624511287415714,9.765625e-05
00000010101100010000,39.25242844434368,9.765625e-05
01000011011010010101,18.374636524221657,9.765625e-05
00010001001010100100,32.15647821998617,9.765625e-05
11101000111100010100,29.116058137086892,9.765625e-05
11111010101111111111,29.282921149325894,9.765625e-05
01111001000011011101,21.615068215192714,9.765625e-05
01111110011101101011,16.517638974667406,9.765625e-05
01101000111000010001,22.9896574733743,9.765625e-05
00101001010001001100,28.855634728340554,9.765625e-05
10101011000111001000,45.124821091031876,9.765625e-05
10010110110100011010,17.055139355144945,9.765625e-05
01011000010100001000,13.227644691705265,9.765625e-05
01110110101000001000,20.517058808175946,9.765625e-05
01000010101011001000,29.321253420769025,9.765625e-05
01111011111010100000,16.82030345721487,9.765625e-05
10010101001001000100,19.889608560469604,9.765625e-05
11100010100010000000,21.538321965190132,9.765625e-05
01001001000110001000,19.389466560946182,9.765625e-05
10010110000110001101,16.308820677771724,9.765625e-05
01111010111100011101,24.015931256525075,9.765625e-05
10100000001010011100,38.9152456551142,9.765625e-05
01110001011010100000,19.23640411407944,9.765625e-05
11110000111011000101,16.01908063915252,9.765625e-05
00110100011110000000,12.60761311641604,9.765625e-05
01001001110100010111,24.02662368630019,9.765625e-05
11101010001100111000,40.656679027584886,9.765625e-05
00100010101010010000,32.34443094753131,9.765625e-05
10011010101000100001,25.737150865073254,0.0001953125
10000111011110100010,23.568471754286826,9.765625e-05
11011110110110000000,14.248075941515857,9.765625e-05
00000101001100001000,25.322994653916155,9.765625e-05
00010011000011011000,17.42787472722626,0.0001953125
01000111110110000000,16.325088401858565,9.765625e-05
00111001100011001010,18.724396662219544,9.765625e-05
00001100110110101000,29.006263428132307,9.765625e-05
00111101011011000000,11.48723881573369,9.765625e-05
10100111110110010010,24.106404690785258,9.765625e-05
10000000001011001100,40.952227795670396,9.765625e-05
11100110011011110011,25.306882680797656,9.765625e-05
01001111111100100000,16.78708427741718,9.765625e-05
11111001000000100000,26.827318816816174,9.765625e-05
01001010111110010001,32.04859714635861,9.765625e-05
01011000011110101000,18.611782796605937,9.765625e-05
00110011100111110101,22.797056826874492,9.765625e-05
11011110111110010100,13.586709635715417,9.765625e-05
11010101010011100001,20.30725629830024,9.765625e-05
11001001001010100000,14.600219334084937,9.765625e-05
11010100101001001100,22.03953664325408,9.765625e-05
00110110010001000000,15.950115410075139,9.765625e-05
00111110111100000000,15.69177344074857,9.765625e-05
11110011100101110111,20.41655839723874,9.765625e-05
00010000110100000000,25.27340218226594,9.765625e-05
11110001000111001101,17.470712629570226,9.765625e-05
11110011111101010001,16.477717775853563,9.765625e-05
01011100111011011111,23.15222712769554,9.765625e-05
10010011011110010000,19.885181534428266,9.765625e-05
11111110101100010010,24.86706523552286,9.765625e-05
00100101101111001101,26.88180119145608,9.765625e-05
10000101101101110111,28.142964266464595,9.765625e-05
10101011010011101001,46.002376278147125,9.765625e-05
01110101010101010010,12.360253083083713,9.765625e-05
10110110000110010100,26.963621664001053,9.765625e-05
01011111100101100010,25.272566841458556,0.0001953125
00001110111110010001,27.345244315458736,9.765625e-05
11010010111101000010,20.31156622030235,9.765625e-05
10011100011100000000,11.172115584287381,9.765625e-05
10010000000011110111,36.09196711635622,9.765625e-05
01111001111000101011,17.931883770239892,9.765625e-05
11100010010111101000,35.40444412060441,9.765625e-05
00000010010101010110,56.10689125550824,9.765625e-05
10011000111101111110,39.14568118019834,9.765625e-05
01110000111111010000,21.290476199889124,9.765625e-05
00001001001111110100,30.29847461957521,9.765625e-05
00101001110010111010,30.007386817156508,9.765625e-05
01011010101101100100,22.890776211653726,9.765625e-05
10011111110101010001,18.956014259447954,9.765625e-05
11110001111000101101,12.587538832896474,9.765625e-05
11111010000000000100,44.060373583807745,9.765625e-05
01110110011011100000,16.88702844410446,9.765625e-05
01110101011111100001,20.499703719098687,9.765625e-05
11010100100000001000,18.180991278312696,9.765625e-05
11010101111000001000,28.636033823457012,9.765625e-05
11110101101111110001,19.885177366403415,9.765625e-05
10111101111000111000,17.699314637249987,9.765625e-05
01101100011111010100,15.959847166969002,9.765625e-05
01111001011000100000,12.94451971500117,9.765625e-05
11011101011010100010,23.847075281266626,9.765625e-05
01111100011000010001,6.611505871540526,9.765625e-05
10011001010101001110,21.178808760451027,9.765625e-05
10011110110011000001,19.622654691702564,9.765625e-05
10000101011010101010,30.467510892952912,9.765625e-05
10010100001010110100,25.54595997414159,9.765625e-05
00011001011100000000,13.273054999978886,9.765625e-05
11110010010000000010,21.157447931610513,9.765625e-05
00111101011000100011,12.807779321812616,9.765625e-05
11110101000011001101,25.10465270508483,9.765625e-05
01111101111010100000,23.65638784003155,9.765625e-05
11100011111110100000,19.673484026878377,9.765625e-05
00000100010001010001,26.70835369471212,9.765625e-05
01100101011111100000,20.61894494471988,9.765625e-05
01011001000000001010,23.951481039278395,9.765625e-05
11011000100100000111,16.075210928641965,9.765625e-05
11101001111010101010,16.29374651280352,9.765625e-05
01110010000001001100,19.361160160794697,9.765625e-05
00100101111010000000,22.255430598304677,0.0001953125
10000000101011001000,40.592561855092555,9.765625e-05
11001100110110010010,12.351137439679393,9.765625e-05
00000100101010000000,34.629290915789184,9.765625e-05
00101010110110000101,54.84814161983712,9.765625e-05
11001100011011100000,11.06960899197465,9.765625e-05
00101011111100000000,29.135470939981282,9.765625e-05
11101000100001000111,29.088347820217354,9.765625e-05
10101110000101010100,56.928656947236334,9.765625e-05
11011110111101100100,15.737150865073254,9.765625e-05
11110100111110010001,7.343897411035529,9.765625e-05
00011011011101001100,19.178808760451023,9.765625e-05
10100100011010111000,28.074555602482942,9.765625e-05
11111111000001000011,50.11556735567122,9.765625e-05
11100111110000000011,22.44621222909445,9.765625e-05
11111110011010101000,25.337789390936464,9.765625e-05
11010010001011000110,22.896362220690737,9.765625e-05
01001001110001010101,20.091736205720306,9.765625e-05
11010110111001110101,15.212525246728635,9.765625e-05
11011101010111100100,11.816512825412456,9.765625e-05
10110101011011011010,20.320886866408056,9.765625e-05
01111010100010100001,21.953875955078352,9.765625e-05
10110000011011010001,29.844848403278014,9.765625e-05
11100001100001010010,13.332656240715572,9.765625e-05
00000011101000010010,27.361499632646268,9.765625e-05
11000111011000000000,16.879946239249122,9.765625e-05
00011010100101000000,25.163915617183328,0.0001953125
11000011000010010101,16.241141259594222,9.765625e-05
01101110111100000000,19.44873030543277,9.765625e-05
00101100011110000000,19.734065312570234,9.765625e-05
11101010011111111101,53.79268371120201,9.765625e-05
00010110010011101001,18.601564671289342,9.765625e-05
00011100110101010111,20.449221479082723,9.765625e-05
00010101110110001100,31.1457068809928,9.765625e-05
01111101111010101000,27.832901294282372,9.765625e-05
11011010000000010100,28.456314071920083,9.765625e-05
01001100100010001110,22.554619041655105,9.765625e-05
11010111101000100101,29.78154539862519,9.765625e-05
00000110110000000111,30.114380919568056,9.765625e-05
11001100111100000100,12.453095291447283,9.765625e-05
11110110000001100011,26.66763533907205,9.765625e-05
10101000101101001000,39.674801568083645,9.765625e-05
11010000011001010001,16.09173620572031,9.765625e-05
01001110111010000101,16.914991840833565,9.765625e-05
10110110110011000100,22.965008553342837,9.765625e-05
00011101000111110001,12.60766048083278,9.765625e-05
00010110111110111000,28.228823057614672,9.765625e-05
00010001010110001010,28.00418749588482,9.765625e-05
11010000111010110101,24.688879673339176,9.765625e-05
11011001000000110110,17.554120902830554,9.765625e-05
00110010000100010000,23.04580631297973,9.765625e-05
01010000000001101010,29.581018793333797,9.765625e-05
11111011110000010101,32.637221962530575,9.765625e-05
10000101010110101000,21.213849029527246,9.765625e-05
11010100111011001010,26.863137817148203,9.765625e-05
10101100101101110101,28.613336766459213,9.765625e-05
10101000100101000000,41.62904407752297,0.0001953125
11111101100000001000,35.27989201007421,9.765625e-05
01001001101101010000,20.893375259938974,9.765625e-05
01110110111001100000,16.128536258059647,9.765625e-05
01001110111111101101,24.217221487399897,9.765625e-05
01101110100001010011,22.807779321812614,9.765625e-05
00010101011010000001,26.95889002565855,9.765625e-05
11001101101111100000,14.636289624178936,9.765625e-05
10000100001010000010,25.88954652044278,9.765625e-05
00011100111011010100,22.91307122949212,9.765625e-05
00101110111111000000,27.849095316703966,9.765625e-05
10110101111000000010,16.792712856440076,9.765625e-05
10001011100101100111,34.7301417470653,9.765625e-05
01101000000000001000,21.73537316773854,9.765625e-05
11100001000010100111,20.88702844410446,9.765625e-05
01110110010000010111,14.333607227559874,9.765625e-05
00100101000111110111,24.40495673989677,9.765625e-05
01100101011011101010,28.02052370873189,9.765625e-05
00010011111010010101,25.09101966108273,9.765625e-05
00010110000101001111,19.446979386248685,9.765625e-05
01100111011111101100,18.11210968149595,9.765625e-05
00011111110001010000,15.296634038619562,9.765625e-05
01110100010110011101,12.859051535500333,9.765625e-05
00000111110011100000,19.77257653289369,9.765625e-05
11110111101010100000,35.61248350074041,9.765625e-05
10000000000111100010,41.51326838351359,9.765625e-05
01100011001000110100,17.58389934313543,9.765625e-05
11001111011011100000,15.744782719558557,9.765625e-05
10000101000011101000,19.135470939981282,9.765625e-05
00000101000101111001,25.365617056813317,9.765625e-05
10000100010010000000,20.31826374999472,9.765625e-05
01110101010100100010,20.90627155484149,9.765625e-05
10100010011111001011,57.61397253504045,9.765625e-05
01011110110100100010,14.503625532334034,9.765625e-05
10010111011001100100,18.44330503693723,9.765625e-05
10111100110100000010,13.691773440748573,9.765625e-05
01101110111011010001,19.02626681797618,9.765625e-05
01000001001101110000,27.938230586074404,9.765625e-05
01100110000100001000,18.09935881432246,9.765625e-05
01001011000101100110,19.56910741410468,9.765625e-05
01111110011011001010,16.701020385189032,9.765625e-05
10110011111001111100,21.76178375909774,9.765625e-05
10110111101101001000,16.19908727442289,9.765625e-05
11111101101101100101,16.20596970032168,9.765625e-05
01110100111010000000,17.229738439647676,9.765625e-05
11100011001010110100,21.296634038619565,9.765625e-05
01101000010001000011,27.64087311393005,9.765625e-05
01100000101001010000,22.279671851991594,9.765625e-05
00010011001111101000,22.245669696172747,9.765625e-05
11110110111100010100,12.983695947520616,9.765625e-05
01011110010100000000,12.879946239249119,9.765625e-05
01100100011111110100,24.581005575726035,9.765625e-05
11100110000000010001,26.17253376905696,9.765625e-05
01100011001111010010,20.197945579841132,9.765625e-05
01000111101001000100,18.7767656722847,9.765625e-05
10001101010010100000,15.06680494098801,9.765625e-05
10101110010000011001,51.7539938471053,9.765625e-05
11010000100101010001,16.11185931165893,9.765625e-05
01000111010100101010,20.63246712627609,9.765625e-05
11110100101011100000,18.924416275403726,9.765625e-05
11001001110000010000,12.857311211438324,9.765625e-05
01100010101111000001,30.38294216785477,9.765625e-05
10100110101100000000,24.181540018857536,9.765625e-05
10111110110100100010,27.724101187038148,9.765625e-05
01111000100100110111,17.04449148179701,9.765625e-05
01011010010110000010,14.362456861083915,9.765625e-05
10000110110101100010,29.582926187067475,9.765625e-05
01111110000101100100,26.466351262663366,9.765625e-05
00101010110010001010,38.642315067284244,9.765625e-05
11111011110111010000,28.842221940388086,9.765625e-05
00001101011110100010,19.45688864411206,9.765625e-05
10101101111010100101,20.3107280715054,9.765625e-05
11110110010001000000,23.165025456504473,9.765625e-05
00001000101100000100,37.1583562505019,9.765625e-05
01100101101100100010,26.7870461697234,9.765625e-05
10100110000111000000,31.8052591719058,0.0001953125
11010101001010100010,43.25287253704778,9.765625e-05
00101001101001101000,22.916848436546715,9.765625e-05
10110010001101101101,35.409601240986376,9.765625e-05
10010001101101100001,22.666138147041394,9.765625e-05
10000001111110000000,31.542131234645396,9.765625e-05
11110000000100010010,12.983695947520614,9.765625e-05
10111000000000000000,27.47356286965042,9.765625e-05
01001101110110000100,15.211038736947259,9.765625e-05
01011011111100001000,16.424583154173337,0.0001953125
01101100000000001000,18.030112208683924,9.765625e-05
00111101101101010000,10.055193684736283,9.765625e-05
01100000111010111101,41.8919812090789,9.765625e-05
10011101110000000000,16.42022785419578,9.765625e-05
01010100001010010100,27.21103873694726,9.765625e-05
10100100011111000000,27.758485944451465,9.765625e-05
10000111110101000000,14.491359673504528,0.00029296875
10101000000011001100,45.71836225665854,9.765625e-05
01010101110001010111,25.79575061521237,9.765625e-05
00111000010010000000,17.850071917215526,9.765625e-05
11100110100010010100,19.104918181003885,9.765625e-05
10001110011001000011,34.36121646598751,0.0001953125
10011101110001000100,14.231001014807553,9.765625e-05
00111100010100000000,10.741649079057545,9.765625e-05
11111101110001000011,19.38724070084953,9.765625e-05
10100101000110010111,23.390605888440504,9.765625e-05
11111110010110001001,29.481734513064673,9.765625e-05
01010011110101100000,16.055071895073038,9.765625e-05
00011010110110111101,36.39373494165072,9.765625e-05
01010101001100011000,33.87901398802468,9.765625e-05
00001111110010010101,18.3107280715054,9.765625e-05
00111001011010000000,12.30882067777172,9.765625e-05
10011101110101100010,11.465277762574583,9.765625e-05
00100101000011000100,16.245750373852413,9.765625e-05
00110111000100000010,18.508328836146916,9.765625e-05
11110001011111001101,15.252031617679645,9.765625e-05
00110001001101110111,24.2810102240214,9.765625e-05
00000111000001000101,13.183075340218151,9.765625e-05
11111111110100011001,30.291736250530334,9.765625e-05
10000001010101000010,27.160138410128734,9.765625e-05
00110011101001001000,14.965008553342837,9.765625e-05
00110110011110000000,12.654321593821013,9.765625e-05
10001010111101100010,51.06643829949984,9.765625e-05
01110101111101100000,20.313882836349904,9.765625e-05
10110010100101010100,35.59415568490918,9.765625e-05
11100110010100001000,23.599603867889265,9.765625e-05
10100001010010011001,31.84875157886052,9.765625e-05
11010110110010100110,18.84723247939747,9.765625e-05
10111011111100000000,29.507377849302614,9.765625e-05
00100100011100010010,24.698589053869323,9.765625e-05
00000101111001001010,36.512320928240094,9.765625e-05
10010101110101010001,11.23788988943975,9.765625e-05
10100110010010010010,34.46867665566276,9.765625e-05
10101111010100000101,48.8539913146956,9.765625e-05
01100000100001010101,26.22787560234118,9.765625e-05
11110101101010100001,32.59241816883673,9.765625e-05
01010101110011110110,38.056999689568954,9.765625e-05
11100000110100000011,23.758485944451465,9.765625e-05
00111010101010011100,28.27644691705265,9.765625e-05
11011111111100000000,22.919793736397708,9.765625e-05
11110001110101010110,9.446979386248682,9.765625e-05
10100100010010000000,22.82373067399285,9.765625e-05
10001010001000001000,35.718124370008205,9.765625e-05
01001110011111000101,18.618944944719875,9.765625e-05
11101110010101000010,42.401820367737024,0.0001953125
01000001110001010100,21.065164051861718,9.765625e-05
01010110011110000101,13.640873113930049,9.765625e-05
11110111011111111011,18.744846120368994,0.0001953125
11010110011100100000,13.06680494098801,9.765625e-05
10101110110000010001,45.73764097220686,9.765625e-05
11110011011101000101,19.5528938341053,9.765625e-05
01110110010000100000,17.222383782858856,9.765625e-05
10011101101010001100,25.395178538511104,9.765625e-05
10001001100111100000,22.2097246401856,9.765625e-05
00011010001111000001,24.4936905736762,9.765625e-05
11000101010011011000,13.48069213381542,9.765625e-05
11111111001111000000,37.86152635673088,9.765625e-05
00001001101101000000,24.223520302363617,9.765625e-05
11001000001110001100,22.60551936847363,9.765625e-05
00100001011110100000,30.246084338531702,0.0001953125
00000000000000001001,34.1398359259958,9.765625e-05
11111100001111111111,13.561533627921582,9.765625e-05
01011101010000000010,22.800665985277917,9.765625e-05
10011011000000101010,25.20388563841622,9.765625e-05
10010000111011001011,39.36742120015993,9.765625e-05
01010111011110010000,18.22951304702386,9.765625e-05
11111011011110101100,23.934771296055942,9.765625e-05
01001100000001001010,15.767341237714543,9.765625e-05
00111101001111010010,10.517638974667406,9.765625e-05
00011101010111010111,12.968126462513789,9.765625e-05
00001001111111000101,38.45473275776615,9.765625e-05
00000110100101011010,28.103700896692256,9.765625e-05
11111101001010000101,30.723238882576247,9.765625e-05
11001000101000001000,17.090619058289455,9.765625e-05
01011100010101011000,9.735019009437071,9.765625e-05
10001010110100100000,44.55190463080383,9.765625e-05
01101101010000000000,17.85425408059212,9.765625e-05
00110111010000101100,20.858600428953785,9.765625e-05
11110100011111010000,9.64559777625813,9.765625e-05
01000100100110110000,29.13944961816646,9.765625e-05
00000111011110100000,21.184986178395437,9.765625e-05
01100100000000111111,21.97014712360881,9.765625e-05
00000010011101111000,54.8695628077799,9.765625e-05
11101111010000001010,39.35510918030951,9.765625e-05
11000011111110100000,18.625873385048163,9.765625e-05
00100100100000000000,15.723687181133235,9.765625e-05
10110010101101000010,27.003281887015973,9.765625e-05
11011001111000110111,15.001502448251497,9.765625e-05
11011000110101010110,19.719251203476013,9.765625e-05
10110111010101011001,20.475017524171186,9.765625e-05
11110111101101110100,19.62373715424706,9.765625e-05
10000001111101011100,39.08426246929079,9.765625e-05
10000010101111001000,39.495008114881465,9.765625e-05
00000001111001010101,43.820768712090484,9.765625e-05
11010111101100000010,30.4168165650481,9.765625e-05
00000110000100010010,21.617374029387783,9.765625e-05
01010100110000000001,18.086254072274944,9.765625e-05
10110011001010100000,23.174348812632726,9.765625e-05
11010111010111000010,18.467163797793063,9.765625e-05
01010101111111010000,32.38628618243442,9.765625e-05
11010101101000100001,35.598762274648706,9.765625e-05
11011100111010000010,14.156483727158449,9.765625e-05
11110010000110011000,21.169592000776774,9.765625e-05
00101111000001010111,27.711529992326227,9.765625e-05
00100010010011000000,38.85748163801675,9.765625e-05
01110001000101000010,14.82210852048642,9.765625e-05
01011001011111101001,21.84706467530473,9.765625e-05
00000001100010011100,37.932162463766716,9.765625e-05
01111011010101000000,25.6848360488044,9.765625e-05
01001011011100100000,17.432091466725826,9.765625e-05
01101110100101010010,21.930065282220518,9.765625e-05
01001100011110100000,14.464083381907674,0.00029296875
01101101001010100001,21.382306486400736,9.765625e-05
10010101011111001011,22.8363652695152,9.765625e-05
10111001010001110001,27.742013353458272,9.765625e-05
00101111110001001100,23.950115410075135,9.765625e-05
10010100101101000000,16.064268129029827,9.765625e-05
00001100011111010111,35.41198272709615,9.765625e-05
00111000001000110100,22.132627763452362,9.765625e-05
11000010000101101000,23.211038736947256,9.765625e-05
00110101010101010010,10.69134558078185,9.765625e-05
11001111100100110100,17.330811110340612,9.765625e-05
10011111110101000110,20.583484700776474,9.765625e-05
00110001101111010111,27.86748178758262,9.765625e-05
01000001001111000101,30.02931498636668,9.765625e-05
01111100010011110111,10.848731472365543,9.765625e-05
10010110011111110100,24.931886480262435,9.765625e-05
01001110110100010010,16.463742441213967,9.765625e-05
01001110101110010000,13.759377404991243,9.765625e-05
00001001010000101000,22.59012092486309,9.765625e-05
01100001101000000010,18.69074875223902,9.765625e-05
01111100110100010001,5.523690864237709,9.765625e-05
10010111100001010000,17.38354688149714,9.765625e-05
10001011101111110100,31.53867113391848,9.765625e-05
00010110001110000101,17.64087311393005,9.765625e-05
00001110100011000000,18.181228430541957,9.765625e-05
01111011110101101111,20.960157198905584,9.765625e-05
10111110100101000000,33.21174288552535,9.765625e-05
01110011001010101000,23.88236229023239,9.765625e-05
01100010110111000111,37.86941906097543,9.765625e-05
00000101100110111000,37.76318396442396,9.765625e-05
00001110111001000000,23.213849029527246,9.765625e-05
00110000010000001000,16.796740346204494,9.765625e-05
01011100010110101010,15.18217588581545,9.765625e-05
01011101010111101010,21.486329675294034,9.765625e-05
01011101111001000010,24.15839538688401,9.765625e-05
00100111111111001000,18.326459363570045,9.765625e-05
01111101110110101000,22.661963134343267,9.765625e-05
01101101101100010111,12.968001119643555,9.765625e-05
01001000010101010001,33.08430776013904,9.765625e-05
11011100011101100000,7.0256139946996345,9.765625e-05
00000011110111011101,40.89430586765722,9.765625e-05
11011011111101100000,16.87537432359958,9.765625e-05
01011101010010001000,25.863678515162277,0.0001953125
01010111001010000000,34.60968289419738,9.765625e-05
01111010001000010100,24.778686283626143,9.765625e-05
10001110110011000100,31.35965625454088,9.765625e-05
11011101101111110000,19.22018896731436,9.765625e-05
01100011101100011000,18.3316696598998,9.765625e-05
10000100011011100000,28.43335497260701,9.765625e-05
10000110101101010000,24.707126517223475,9.765625e-05
10001001011111110000,31.76977864721302,9.765625e-05
01010110101010001001,27.690407811545313,9.765625e-05
10010110101111001000,17.57780281001074,9.765625e-05
10011111101010000001,24.35284065225995,9.765625e-05
10101111000101000100,44.12022790440399,9.765625e-05
00011000000101000000,19.69477279755983,9.765625e-05
11000100111001000001,16.798031539321432,9.765625e-05
01010110010001101010,20.128536258059647,9.765625e-05
11001110011001101000,18.270924923643932,9.765625e-05
11000011001010000000,15.711838772652246,9.765625e-05
10100010100111110000,47.624903760551014,9.765625e-05
11011001011010010100,12.983695947520612,9.765625e-05
01010100110101010101,17.11185931165893,9.765625e-05
11011010110111010000,23.283121543100304,9.765625e-05
01111110001010111110,20.999928371903245,9.765625e-05
00101010111110100101,52.717378680132555,9.765625e-05
00000101001011111111,42.37179084481025,9.765625e-05
00110110101101101010,19.57682620949918,9.765625e-05
01101100000101100100,16.928514022389784,9.765625e-05
01000111100011010110,18.606295575210773,9.765625e-05
11000101101100000000,19.969916212972898,9.765625e-05
10111011011011000000,33.20841760656556,9.765625e-05
00011111111100100000,15.550343695775965,9.765625e-05
11011001011000010101,13.56778435488731,9.765625e-05
11000001111010000000,19.674801568083645,9.765625e-05
00001011000100100110,24.886173338988883,9.765625e-05
00011011011001000101,18.691996259144886,9.765625e-05
10100000111111110101,64.07322650881228,9.765625e-05
10010010000001011101,30.806986267520227,9.765625e-05
11101001100000100110,16.18505717003815,9.765625e-05
01110111101111111101,21.976567113417914,9.765625e-05
11000100011111010001,20.341473349997493,9.765625e-05
00001101010101000000,12.002151521977357,9.765625e-05
11011000101000001000,14.825992226027997,9.765625e-05
11010101110111000010,22.020594700374605,9.765625e-05
01100101111011000000,20.1798628013387,0.0001953125
11000011111110001010,20.677132468255316,9.765625e-05
00100111101100011010,19.012646795281604,9.765625e-05
10010010101111100000,28.022447764516944,9.765625e-05
01101011111110100000,20.386286182434418,9.765625e-05
11111111110111100010,25.37092967235573,9.765625e-05
11010001011110001010,22.373682827354813,9.765625e-05
01111011011100000010,19.02072346605226,9.765625e-05
00110000111100000000,18.54680436453188,9.765625e-05
11110010111011100101,21.084951549614857,9.765625e-05
10010101011010100000,25.111686909479026,9.765625e-05
01010000011001001000,23.426686588152705,9.765625e-05
10101110110101000000,46.483941001087416,9.765625e-05
10111011011101111001,38.682791455376325,9.765625e-05
10110100000100110101,15.896840878677988,9.765625e-05
00111000111001000100,23.025186858314164,9.765625e-05
01110011110100000010,11.867866011047091,9.765625e-05
11000110111010110010,20.948443623441204,9.765625e-05
01100100101011010010,21.511808651882845,9.765625e-05
10110001100110111000,20.42417122183692,9.765625e-05
11101011011111000000,35.99592723022715,9.765625e-05
01110001111101001100,15.956480041604573,9.765625e-05
01000110000000000010,16.87044810301371,9.765625e-05
10011010000010000011,30.11223844717361,9.765625e-05
11111111000001000100,51.604175881505824,9.765625e-05
00010100010001010110,24.11438091956806,9.765625e-05
10110100000111001100,18.738976329107047,9.765625e-05
01100110011101010010,19.102795287823408,9.765625e-05
00100011100110101100,26.413719388734673,9.765625e-05
00000010101101001000,41.766316549204994,0.0001953125
11011110101011000100,21.461614117148592,9.765625e-05
01001110111000000000,14.857311211438324,9.765625e-05
10101100101110010000,21.617374029387783,9.765625e-05
11111001111000000000,14.201358512494991,0.0001953125
11100000010100111100,28.13612346899057,9.765625e-05
01001101110010100010,22.426478064720325,9.765625e-05
00110111011011000101,13.691117292631624,9.765625e-05
10100111011010100000,25.296634038619565,9.765625e-05
00101001011000100110,21.372811794608936,9.765625e-05
11111111101010110100,33.557018408950825,9.765625e-05
01101000010101001101,39.77944719918703,9.765625e-05
11100000101010011101,26.12653123032767,9.765625e-05
01001110101101000000,16.32926432364181,9.765625e-05
01111111100101101010,28.065575347744087,9.765625e-05
01100110110011011101,20.708098764206305,9.765625e-05
11111000001101110001,21.777264866829235,9.765625e-05
11010100011011101010,25.124752809411707,9.765625e-05
11010000101001000010,21.581018793333797,9.765625e-05
01010010110000000010,15.448354701488896,9.765625e-05
11010011110101000000,10.230689426491974,0.0001953125
11101110001010100010,28.98304893652343,9.765625e-05
10110000010000010101,27.289992209393645,9.765625e-05
00000101011010000000,26.65473623617997,0.00029296875
11010100101100011000,16.665405555170306,9.765625e-05
10000100001101101111,34.58100557572603,9.765625e-05
11111101110110000001,19.02072346605226,9.765625e-05
10011111111110000000,17.508331546169455,9.765625e-05
01010001110000011011,30.453971842205263,9.765625e-05
01101110001111111010,19.745893625396064,9.765625e-05
10001011110101010010,39.840371499141085,9.765625e-05
00011101010000100010,17.19163842807938,9.765625e-05
10001110111010010000,26.431469024515735,9.765625e-05
00000101010110000000,21.438034344086844,9.765625e-05
11001101001110101000,17.625917734335285,9.765625e-05
00111001000000000010,16.12579071552902,9.765625e-05
00101001111101101010,30.574973058229638,9.765625e-05
01010001011111000100,22.770568795139177,9.765625e-05
11011101101111011101,17.95417088134257,9.765625e-05
00111101110100100010,11.821273081712013,9.765625e-05
00000001011011110001,45.06666743083453,9.765625e-05
10000111100100101100,15.767341237714543,9.765625e-05
01101001100101011000,22.11820965906425,9.765625e-05
10010111100111000010,18.00237627814712,9.765625e-05
00011100011110110101,18.121961165324382,9.765625e-05
10001010101001011110,47.914991840833565,9.765625e-05
10111100110001011000,19.04484564009848,9.765625e-05
11100011010010000010,22.641172306186128,9.765625e-05
01111111011010100000,27.085708139719664,9.765625e-05
00010101111010110001,40.31296745431689,9.765625e-05
10010100101101000110,23.758485944451465,9.765625e-05
11110011100111100000,18.912717892738918,9.765625e-05
01000011100100000110,18.24705125300631,9.765625e-05
10110100111001011100,18.096172183377533,9.765625e-05
00011110001001001100,19.894933484944307,9.765625e-05
01010101011010001000,39.95519349628363,9.765625e-05
01111100110100000010,6.737530931309244,9.765625e-05
11010101001111101111,31.606675652286587,9.765625e-05
00010110111011101010,33.68462307387627,9.765625e-05
11111001111001010101,14.624748439644975,9.765625e-05
00000001110110001000,39.37585996299943,0.0001953125
00001000111111011000,58.3562075049933,9.765625e-05
11001100101101010001,12.573517690967442,9.765625e-05
11000111010110101000,13.898703715984485,9.765625e-05
01001101101100000000,19.639713396513308,9.765625e-05
01110011101010001100,19.254114525941546,9.765625e-05
01110010010101010010,20.108397224490723,9.765625e-05
11000111010000111011,17.08060612117813,9.765625e-05
01110010000011000101,19.815976393390255,9.765625e-05
01001000111101000000,29.651270617440954,9.765625e-05
01110110110110101000,15.347896566270325,9.765625e-05
11000101100110000011,24.71896803681725,9.765625e-05
00011110101110110000,15.930061750649713,9.765625e-05
01101111001000110000,25.590177033755666,9.765625e-05
01000111000001010110,14.110391537497414,9.765625e-05
11011001101010011101,21.515192526425835,9.765625e-05
00101111100101011001,23.916594633105902,9.765625e-05
10001010010111000000,53.53341094865332,9.765625e-05
01000010111100110001,38.12326277889934,9.765625e-05
01110100111001001010,18.91267251476347,9.765625e-05
00111110010100000000,24.24155319193064,9.765625e-05
01100001010110100010,22.60663651590448,9.765625e-05
01001110010010110000,12.265255526904717,9.765625e-05
00001101000111010000,11.947323031566746,9.765625e-05
11100110000010100011,26.62583090218947,9.765625e-05
11011000000100010010,15.487626815737059,9.765625e-05
10100100010100110111,34.161202147893185,9.765625e-05
01001100100011010101,16.784235877143413,9.765625e-05
00111111011000010001,22.046473398744197,9.765625e-05
01111101011010000000,21.211742885525346,9.765625e-05
10010001100101011001,20.74927304844331,9.765625e-05
01000011110010000000,14.183980949087001,9.765625e-05
10011110000111011101,24.83940811623729,9.765625e-05
01001000100011000100,24.080224999222157,9.765625e-05
01010110110111010000,12.737112757379478,9.765625e-05
01110110100000000000,18.823483835726634,9.765625e-05
01001001100000100110,18.836980316488386,9.765625e-05
10111110010111001000,35.12482109103188,9.765625e-05
01110011111110000000,12.00513848272912,9.765625e-05
00100101100001001100,17.834673473604987,9.765625e-05
01111101111100000010,14.906271554841492,9.765625e-05
10111101011010101010,20.50831561853915,9.765625e-05
10010001101101101111,31.449060651004398,9.765625e-05
00101111101111000000,15.423265612968073,9.765625e-05
10110000110100010001,22.688879673339173,9.765625e-05
11010110101011100010,26.860420903414457,9.765625e-05
11000110010110100100,16.51269653218397,9.765625e-05
10100100000001111101,28.202241217719124,9.765625e-05
10001011100111010000,31.106608088849473,9.765625e-05
11011111001100010111,27.282930813726665,9.765625e-05
10110110111000000101,20.729642552520772,9.765625e-05
01010100110111001000,26.90235215736142,0.0001953125
01100000101100000000,20.364021240555395,9.765625e-05
11100010001111000010,32.93117346719566,9.765625e-05
10100011110010000010,25.869959758989502,9.765625e-05
11111001111101000000,13.210624094588297,9.765625e-05
11000100011011100000,18.989657473374297,9.765625e-05
10000011001000010000,22.32645403106182,9.765625e-05
01101001011000001000,16.36377440228918,9.765625e-05
10111011010101000010,42.58162539504078,9.765625e-05
11000010101010110000,22.38283024973236,9.765625e-05
01111001110100001000,15.202254435326886,9.765625e-05
11100010011100010101,41.35126442605582,9.765625e-05
00111111111101000100,15.135056297622324,9.765625e-05
11000011101110100011,26.554949572730607,9.765625e-05
11010010010100010110,19.135470939981282,9.765625e-05
00001001100001010101,28.09173620572031,9.765625e-05
01001101001100111010,21.290661721753214,9.765625e-05
11000001011101101100,20.160449998444314,9.765625e-05
10011101000100010000,17.459088036107524,9.765625e-05
01111000111100010100,12.654736236179971,9.765625e-05
10010011011000000001,17.2106240945883,9.765625e-05
10111100100001010100,21.711838772652246,9.765625e-05
00010000111000111101,50.304735326845154,9.765625e-05
10101100010110111000,31.71967907428255,9.765625e-05
10011001111011011100,24.23529156473575,9.765625e-05
11100111100101010111,18.586336839761106,9.765625e-05
10000110000110110000,22.463742441213967,9.765625e-05
10110001101010000000,17.041630391196488,9.765625e-05
01110100000111110101,15.84593086582251,9.765625e-05
10110101011010000101,18.82210852048642,9.765625e-05
00110100010101000010,10.975742818682779,9.765625e-05
01001110111100101010,20.387554912060445,9.765625e-05
11011001011111000000,13.213434387168288,9.765625e-05
01111011001101100010,22.85730433339093,9.765625e-05
00001011001011000000,17.332656240715572,9.765625e-05
01001101010010101010,21.738478386582738,9.765625e-05
10001101011110000000,16.32926432364181,9.765625e-05
01011011101110000000,19.037021276938297,9.765625e-05
10101100000101000000,30.096641889748895,9.765625e-05
01111011100000100110,24.68680195099408,9.765625e-05
01111100110100100010,7.8968408786779865,9.765625e-05
11000111000100101100,14.879946239249122,9.765625e-05
11111110101010001000,28.001901973688604,9.765625e-05
11110110111110010100,13.213434387168288,9.765625e-05
01101101111000010100,10.928514022389784,9.765625e-05
00100001001000010101,24.5371171640652,9.765625e-05
10111111010000101000,38.83489289726653,9.765625e-05
11000011000000000001,17.222383782858856,9.765625e-05
10101100111110011101,34.649703440819735,9.765625e-05
10001100000101010100,25.67887714584605,9.765625e-05
10101111101000100000,29.88247336517035,9.765625e-05
10000011011011000100,25.695970622670345,9.765625e-05
10010001011111101010,29.491763720741407,9.765625e-05
01111100110001010111,8.643673720473082,9.765625e-05
11010100111011000000,19.311978152638765,9.765625e-05
01100100111011110101,28.10461648586532,9.765625e-05
01100111000111001000,17.881034768722905,9.765625e-05
11101000010111000000,36.220463171517416,9.765625e-05
00011100110101110110,22.29847461957521,9.765625e-05
01010001110011110010,35.592212169923016,9.765625e-05
00001101001100000000,12.685470887073981,9.765625e-05
01001000000010100110,20.513637745864113,9.765625e-05
10011100010110000001,11.471294341600855,9.765625e-05
11110101000110100110,26.70399848186176,9.765625e-05
11110100011111000000,10.48628782888939,0.0001953125
01111111011000000000,30.232832905938565,9.765625e-05
11110010010001100010,23.628346268505254,9.765625e-05
10101100101100001001,22.326447789468475,9.765625e-05
01000000010100000010,26.537775934667835,9.765625e-05
01001001001111010100,18.315742142085593,9.765625e-05
00010000001100010111,37.044774648455764,9.765625e-05
10101001010101101001,40.65239400646516,9.765625e-05
11111110010000000000,40.68064855291958,9.765625e-05
10000010100101010010,44.199424683545786,9.765625e-05
01110100000101010010,10.36026276912067,9.765625e-05
01011011111110101101,18.06915624192192,9.765625e-05
11101010001010110010,34.05078612873588,9.765625e-05
10110101101011110001,20.10182148446159,9.765625e-05
11100100100011010000,12.331669659899799,9.765625e-05
10110111111101100000,15.423265612968073,0.0001953125
00110001010111011001,24.159536504475923,9.765625e-05
10011011000010010110,29.02072346605226,9.765625e-05
11000111100000101000,18.879946239249122,9.765625e-05
00010010000000000010,18.95889971169551,9.765625e-05
11101100100000000000,17.430868751529296,9.765625e-05
10110010000111100000,31.468069406661908,9.765625e-05
01111100101111010101,9.84593086582251,9.765625e-05
00111101110111110000,12.090239286320728,9.765625e-05
10111101001101111001,16.786094546425055,9.765625e-05
01101010101001011011,33.0215421556481,9.765625e-05
01001101100111100010,21.243036170141206,9.765625e-05
00111110111101010000,19.106608088849477,9.765625e-05
00010010111001000000,26.169478428308356,9.765625e-05
00101111011110100100,22.05519368473628,9.765625e-05
11011100110000000100,10.428052217355962,9.765625e-05
01001101010100100100,11.977393393846025,9.765625e-05
01000001000101010010,22.784235877143413,9.765625e-05
10100001101101000101,26.29925779148695,9.765625e-05
00111010001111000000,27.46806940666191,9.765625e-05
01101111111100110101,18.791487665392722,9.765625e-05
10011101101101011000,15.54029337455211,9.765625e-05
11101110111000100010,24.638453629342983,9.765625e-05
01011100010100110001,6.157375187698228,9.765625e-05
10100100001011010100,26.916848436546715,9.765625e-05
01001011101011010000,16.73154994625445,9.765625e-05
11010010101000101010,20.755727184313074,9.765625e-05
01011000110011111110,29.30778277165441,9.765625e-05
10100101101000000100,16.36377440228918,9.765625e-05
10001000011111000000,44.10124402799267,9.765625e-05
11000111011010101010,21.829983681667134,9.765625e-05
01110101011100101000,24.646015950187895,9.765625e-05
01110011001101111111,21.349710886264845,9.765625e-05
00001000001001000110,34.82338620172833,9.765625e-05
00001000010110000100,40.60551936847363,9.765625e-05
00011110010111000100,17.088347820217354,9.765625e-05
01101101110000000010,15.293833432076536,9.765625e-05
00110110001101010010,15.736207148510633,9.765625e-05
00101110101101000000,25.092523742000594,9.765625e-05
10110111100001100100,22.88524357445509,9.765625e-05
10001110010010000010,29.292278738642004,9.765625e-05
11011000101101011101,22.09173620572031,9.765625e-05
00010010111010101000,32.1152706008066,9.765625e-05
01001110001111000000,13.586709635715417,9.765625e-05
11111100101111000000,12.66196313434327,9.765625e-05
11000110010001000010,17.69177344074857,9.765625e-05
10100100000101010110,28.20320189060038,9.765625e-05
01111101111100010001,11.551293948199195,9.765625e-05
10010010111000110001,28.341428059149244,9.765625e-05
11111000111100010000,13.168091538966571,9.765625e-05
00110011010100010110,19.976693805527077,9.765625e-05
00011111101100110110,20.7457239332387,9.765625e-05
01001001100011101011,30.306877162785558,9.765625e-05
01100110011010100000,18.76064370802217,9.765625e-05
01100011001111010000,18.783821234784455,9.765625e-05
01111111101000000100,32.73864077063039,9.765625e-05
01111010000111001100,28.225676090332854,9.765625e-05
10010011011011000000,16.85336349026845,9.765625e-05
10111110110110101010,22.908355616746945,9.765625e-05
01101010111100000100,32.08625407227494,9.765625e-05
10000101001110010100,21.954199939453435,9.765625e-05
01111000011000001000,11.56507785077177,9.765625e-05
00101101111000001001,18.649722165599776,9.765625e-05
11011100010111000000,8.737530931309244,9.765625e-05
00100001011011010101,34.936363384399364,9.765625e-05
11010100111101100000,14.778920638705664,9.765625e-05
10011101000010101010,24.37105283289408,9.765625e-05
10111111010110100010,31.614358097652357,9.765625e-05
01000011011101010000,18.625873385048163,9.765625e-05
00000001011110000100,35.766316549204994,9.765625e-05
01000010110010010101,28.850000925572814,9.765625e-05
10111011000010100110,36.06086662388613,9.765625e-05
10001001101100011000,26.23517964661334,9.765625e-05
00000100110101010010,37.23203904093773,9.765625e-05
01001111001111000000,12.956759949323601,9.765625e-05
10101010101100010000,53.80001065911889,9.765625e-05
10110111011010000000,24.639078558243718,9.765625e-05
11101011110100000010,34.53628254683906,9.765625e-05
01001111000001000011,19.736342155781635,9.765625e-05
01100011011110101000,21.141919987901254,9.765625e-05
11111101001000101000,34.86751349625182,9.765625e-05
10001010011101000000,54.41796901218317,9.765625e-05
11111101100000001010,34.363582628035374,9.765625e-05
11001100111110100000,12.464083381907674,9.765625e-05
11010101001011111101,29.171833446316946,9.765625e-05
11111100111100000010,7.583899343135428,9.765625e-05
11100000100001010100,19.43240751733352,9.765625e-05
10111001011111101000,20.608152170923923,9.765625e-05
10101001010100001000,36.13677255355624,9.765625e-05
10000110111111011000,31.741218421941085,9.765625e-05
01000001111011100000,37.77387190487531,9.765625e-05
01011000010000000000,9.075869699244597,9.765625e-05
11010100110000000010,14.185346578290257,9.765625e-05
01111101010010001001,24.663874794068825,9.765625e-05
01010101011110100010,39.988427793003176,0.0001953125
01001001010101011001,25.132872098836096,9.765625e-05
01010111111110000000,25.151418124136654,9.765625e-05
11011100010100000010,9.484816523157072,9.765625e-05
01111100000100000011,11.62093654770403,9.765625e-05
00100000101111010000,45.71732435054122,9.765625e-05
00011011100000000010,19.461614117148592,9.765625e-05
10101111010000001010,40.798806679542224,9.765625e-05
01000100011101100000,25.209481246362987,9.765625e-05
11101000100001101110,24.45308560541033,9.765625e-05
00000000001101010100,50.178103752496654,9.765625e-05
00010100010111111010,34.10461648586532,9.765625e-05
00100001010000100010,22.5371171640652,9.765625e-05
01011000011010110000,14.707126517223475,9.765625e-05
11000000111001001000,25.27340218226594,9.765625e-05
01011011011111000000,12.470879699241896,9.765625e-05
10111111010101010101,41.203172832489514,9.765625e-05
01100010101010000001,22.791594065503038,9.765625e-05
01011010100101110110,25.406967714954835,9.765625e-05
11100011010101010010,29.794611298557868,0.0001953125
10111110010011101000,32.8413419451865,9.765625e-05
11101111011010000000,33.648887548373644,9.765625e-05
10110000011110010001,28.216267790533056,9.765625e-05
00011010001111000000,22.42417122183692,9.765625e-05
01001100011001101000,16.61491091909485,9.765625e-05
11011110011110110101,13.393547656720692,9.765625e-05
10100101011010000000,20.072400636061978,9.765625e-05
01010101110101000110,25.404444120604417,0.0001953125
00001010111110001000,40.95166312749525,9.765625e-05
00000001111111110001,58.725197743260516,9.765625e-05
10000011010110100100,26.69547965616045,9.765625e-05
01010110000110110011,18.770387958942546,9.765625e-05
00100110111100111010,32.63454214943846,9.765625e-05
00110011011000100000,15.155189089597902,9.765625e-05
11000101110100000110,15.211038736947257,9.765625e-05
01110000011010100000,15.580058120452541,9.765625e-05
00010000001111111000,45.88641215636052,9.765625e-05
10100110101010000001,25.213434387168288,9.765625e-05
01001100011110001000,16.411693100864166,9.765625e-05
10101101101010001001,21.445261242250147,9.765625e-05
10001000101000100100,30.13228402560891,9.765625e-05
00100001000101011001,30.89860431352477,9.765625e-05
00110011100101000010,14.097604450694767,9.765625e-05
01000111010111001000,12.848764062047216,9.765625e-05
00100011000101100000,25.151418124136658,9.765625e-05
11100110111110100000,19.430440891562576,9.765625e-05
01101100110010100110,15.111859311658929,9.765625e-05
10110011011000100010,22.182785931966045,9.765625e-05
11001100011010000000,10.857311211438324,9.765625e-05
10110101000000100000,22.797855692697922,9.765625e-05
01010101111010000000,42.57264568962878,9.765625e-05
11101101011110010000,17.912826170527133,9.765625e-05
00001100110000000011,22.01253933945131,9.765625e-05
00000000111111010100,71.46779405961168,9.765625e-05
10011110000101001100,27.000950986844302,9.765625e-05
00111110111100001000,16.42458315417334,9.765625e-05
00111111111000110000,19.984366477728692,9.765625e-05
01010101011110111000,37.8538936806973,9.765625e-05
00100010110101100010,48.00457652457652,9.765625e-05
01101011010101010000,33.65638784003155,9.765625e-05
11111110100111110000,24.651343682652154,9.765625e-05
11010000101111001110,31.470760619601197,9.765625e-05
00001010111101100110,54.575958621196904,9.765625e-05
11100100111110100000,16.55934370398319,9.765625e-05
10110001110101000100,13.400177540837287,9.765625e-05
11010101101000001010,42.03743320927472,9.765625e-05
01100111101101000001,16.360253083083713,9.765625e-05
11000110011111010000,17.677316210818177,9.765625e-05
01101010111101101100,38.741237146721126,9.765625e-05
11100011100101010100,21.349009115614017,9.765625e-05
00111111010010000000,24.501806086561693,9.765625e-05
01000101010100100000,20.481350904418054,9.765625e-05
00111000011111010100,32.61978309351682,9.765625e-05
10011101100100000000,16.28947813209897,9.765625e-05
00000111101100010000,18.875788965958535,9.765625e-05
10001111111111010010,21.80584549286341,9.765625e-05
10000100110001010100,26.847907177630404,9.765625e-05
01110100010001101010,17.884227837561426,9.765625e-05
11010011110100100010,14.554082795136779,9.765625e-05
11000110100001000101,15.757596263212921,9.765625e-05
01011010110101101100,23.28489372242292,9.765625e-05
00100101011100000010,17.229796213682622,9.765625e-05
10010101010000101010,22.733818474304012,9.765625e-05
10011011111000000000,21.056106269619544,9.765625e-05
11110001101000101010,21.54282914163013,9.765625e-05
01000001011111011100,34.516027143651975,9.765625e-05
10010010110100010100,29.674801568083645,9.765625e-05
10011101101010100010,25.928290305748163,9.765625e-05
00100110010111010101,37.92995067571175,9.765625e-05
01101101100000100010,21.009445880212564,9.765625e-05
00101000100101100010,36.22793337637612,9.765625e-05
10011000100100010010,23.17090183154656,9.765625e-05
11101111111010100000,25.167798686270856,9.765625e-05
10111000111100001011,24.130328103723436,9.765625e-05
11001111001011010100,17.069364950858173,9.765625e-05
01011001100100000110,19.04580631297973,9.765625e-05
10111011111110001100,26.338216341818068,9.765625e-05
11000111010100110011,17.579510435627682,9.765625e-05
11101010000101000000,54.593735710042004,0.0001953125
00111110110001000000,21.63812757139942,9.765625e-05
10011101001010010100,21.761431244302454,9.765625e-05
01000100110110101111,43.97792713748187,9.765625e-05
11100111111000000000,19.537188155707916,0.0001953125
00111001100011111001,24.34691027972181,9.765625e-05
01111100011110000000,6.737530931309248,9.765625e-05
11111101110101100011,13.752520250572932,9.765625e-05
01100111111000000000,16.628703136829266,9.765625e-05
00100001010101011100,34.84999468397947,9.765625e-05
10100101000100001100,18.677676610712993,9.765625e-05
11010111101111100000,25.951117194939975,9.765625e-05
10000000110100010010,44.44624847035979,9.765625e-05
00000110111100000000,26.20757311820824,9.765625e-05
10001101111111100100,18.166771200611564,9.765625e-05
11111000101001000110,16.250475036180497,9.765625e-05
01010101101001011101,38.32392626868654,9.765625e-05
00001101101010010111,24.755373026011604,9.765625e-05
01011001011110111010,23.13043116860663,9.765625e-05
01010010111111101010,34.77613805499762,9.765625e-05
00110010001101000000,21.821157533642122,9.765625e-05
10111101111110000000,14.66196313434327,9.765625e-05
01100011101000011100,15.588508457393619,9.765625e-05
00011111010100101000,15.409248726191095,9.765625e-05
10100100101101010101,26.935998386417385,9.765625e-05
00010011010101000011,17.619605603387125,9.765625e-05
01000001011010110101,32.933188093837394,9.765625e-05
10111011001000101011,33.03011157222987,9.765625e-05
01100001011111000000,20.06725779980413,9.765625e-05
10000110010011110111,37.08645583767279,9.765625e-05
11001101110110101000,14.329264323641812,9.765625e-05
00111100011110000000,8.18122843054196,0.0001953125
11001001000000010110,15.48481652315707,9.765625e-05
11111001111111000100,12.85336349026845,9.765625e-05
01100110010100100101,23.092523742000594,9.765625e-05
01100110111101010010,18.63800776817747,9.765625e-05
11111100010010000000,18.863678515162277,9.765625e-05
01101011001110010110,21.467468410094224,9.765625e-05
01101101000101010100,13.585813712883525,9.765625e-05
11101101111110000000,15.898703715984485,9.765625e-05
00000010011111000010,48.93772901360262,9.765625e-05
00000001000000000100,19.383190649627178,9.765625e-05
11101011101111001000,27.487238815733694,9.765625e-05
11001101000110100000,15.386340217758498,9.765625e-05
00010001011111011000,34.32027682025746,9.765625e-05
01010111110111000000,17.46806940666191,9.765625e-05
01011110110101000000,12.737530931309244,9.765625e-05
10000000111010110101,56.31326030701261,9.765625e-05
01101111111011000000,16.087442211348502,9.765625e-05
10100101010110001000,20.99302972410689,9.765625e-05
01111000100000000000,12.917260368883131,9.765625e-05
01110000101101000100,16.700088770418645,9.765625e-05
10000011110001000110,25.695970622670348,9.765625e-05
01101100110000000010,11.268388111685748,9.765625e-05
00011111111011100000,15.936608432567978,9.765625e-05
11101000110101010110,36.7757987578101,0.0001953125
01101011001111100100,22.360253083083713,9.765625e-05
01010110110101000100,13.138223458526324,9.765625e-05
01011111100111100010,24.334602770831353,9.765625e-05
10010111111101000000,13.606707507547188,9.765625e-05
01111000110011010100,16.91267251476347,9.765625e-05
01010101110001000000,26.77425728198334,9.765625e-05
11100000100000010101,19.389460319352832,9.765625e-05
10110010110000000000,23.070544774769893,9.765625e-05
10010101110011111111,28.36600869715088,9.765625e-05
01010110010110100010,17.273681180899843,9.765625e-05
00111001011101011111,23.815275249101973,9.765625e-05
11010110010111100000,11.997786535962842,9.765625e-05
00101111111111111000,21.093043337307368,9.765625e-05
11111100110101000000,11.711838772652243,9.765625e-05
01110100001011010110,19.15786717205663,9.765625e-05
10000110110110111010,30.634542149438456,9.765625e-05
00100101011010001000,23.28208342984293,9.765625e-05
10000011011010000010,25.295609350110016,9.765625e-05
11110010000010000001,23.618053287879853,9.765625e-05
11010000000000101010,16.741642837464195,9.765625e-05
10010010111010000010,26.032125278946666,9.765625e-05
01111100011100001000,9.343709070385508,9.765625e-05
10110101101011000100,19.80108325012256,9.765625e-05
11111011111011000000,24.004297623909636,9.765625e-05
00101110001001010001,30.62187776138417,9.765625e-05
01001110101010000000,15.60421151330532,9.765625e-05
11101101101111110000,13.393547656720688,9.765625e-05
01101101110001001010,15.996832839096001,9.765625e-05
11100110111101000000,19.825333455425366,0.0001953125
00010111110000000010,20.792712856440076,9.765625e-05
10111011111100010100,34.66196313434327,9.765625e-05
01010001000010110100,27.575455982208762,9.765625e-05
00100000010000100010,33.309472472359936,9.765625e-05
01011000101111110000,26.04859714635861,9.765625e-05
11000001100000000100,10.73537316773854,9.765625e-05
01101111101010100010,23.512316760215242,9.765625e-05
11110111001111100100,25.909069451361987,9.765625e-05
01100000000000000000,14.383190649627178,9.765625e-05
10111101111000100000,16.63253187632545,9.765625e-05
10011000111111011000,34.13347933699713,9.765625e-05
11111101000011110001,27.062786500806503,9.765625e-05
00110001000101011111,22.687342795599573,9.765625e-05
11000011010100110010,19.59424459062349,9.765625e-05
10101110101101000000,36.60306875220721,9.765625e-05
10111100110101010010,17.106608088849477,9.765625e-05
11011001111111100100,13.379261576949968,9.765625e-05
10010000110001111111,40.45473275776615,9.765625e-05
00110011111010000000,12.9191863127328,9.765625e-05
11111100110010001010,14.184931935931303,9.765625e-05
10010111010110011000,14.182795618002999,9.765625e-05
11110100011110000000,10.072400636061978,9.765625e-05
01000110001111101010,27.60758397117797,9.765625e-05
01010101010011101101,31.952199471980595,9.765625e-05
10111111111001101000,24.446212229094442,9.765625e-05
01110001010101000000,9.431992874974561,9.765625e-05
10010001111100111000,26.263708740205914,9.765625e-05
10100111011111000010,25.191429071849257,9.765625e-05
01100011101101010010,19.271419628864695,9.765625e-05
10001000110000000110,36.85731121143832,9.765625e-05
01110101111101000000,15.73937784098544,9.765625e-05
11111111110000100010,36.754615642021534,9.765625e-05
11011110110101100100,16.575984321991363,9.765625e-05
11011011001101000010,26.075878748827506,9.765625e-05
10101101110001010011,21.49009366474086,9.765625e-05
10100010100101000000,42.53245101019313,9.765625e-05
01001011001111000100,15.332656240715572,9.765625e-05
10000001011001010100,28.645238099944564,9.765625e-05
00010101110001000000,20.91152975366536,9.765625e-05
00010000011000001100,31.01560968790528,9.765625e-05
11011101110001010100,13.158654708336918,9.765625e-05
01001101010001000000,10.778933121892358,9.765625e-05
11111111101010001000,40.456048596001025,9.765625e-05
11011110000000011000,25.571729366034646,9.765625e-05
01011100110000000010,14.14239938030957,0.0001953125
11001101101011111111,18.158028010974768,9.765625e-05
11101000000010001100,27.528095710215574,9.765625e-05
01010001001110100010,38.11917751509998,9.765625e-05
00010101011111010000,23.273681180899843,9.765625e-05
00010101101010000000,40.57264568962878,0.0001953125
11010110101000001000,20.318016911728506,9.765625e-05
01111111010000010010,30.5780506553291,9.765625e-05
00111011111110000101,19.18726283610297,9.765625e-05
00111010010100111001,39.902488106193545,9.765625e-05
01100100011001000001,14.537117164065203,9.765625e-05
01010110011001001000,16.046708477404973,9.765625e-05
01011100011011100010,16.111320267990862,9.765625e-05
00101110011011010000,29.850113763620172,9.765625e-05
11010100000101111100,12.51269653218397,9.765625e-05
10010000011011010100,35.1428255967701,9.765625e-05
00010110011111010000,18.08551806843625,9.765625e-05
01010101010010100000,34.483941001087416,9.765625e-05
11111111001010000000,48.4752820207011,9.765625e-05
11110011010000000010,22.813793925237412,9.765625e-05
11000011101000111000,16.32926432364181,9.765625e-05
10011001101011010100,22.055071895073038,9.765625e-05
11100001001111011100,20.736159060512644,9.765625e-05
01111001110010101000,19.104700695115795,9.765625e-05
11111010101111110111,30.464217039939754,9.765625e-05
11011100011110100000,7.625911492741938,9.765625e-05
10001001110001000000,21.69477279755983,9.765625e-05
00111111100101110111,18.73147831815769,9.765625e-05
11000111101110001001,20.166442743104557,9.765625e-05
01010001101100010000,29.421181551062617,9.765625e-05
11011111100010100110,32.32719378445119,9.765625e-05
11001100101111110000,12.565696772250869,9.765625e-05
11111001011011010000,18.0874422113485,9.765625e-05
01111101110011100000,20.083729754343274,9.765625e-05
00000110100000111111,34.341428059149244,9.765625e-05
11010110111010100000,18.15648372715845,9.765625e-05
01000110101101000101,22.358689340066277,9.765625e-05
11101101111101000100,12.737530931309244,9.765625e-05
01011100011000010001,7.812160235457435,9.765625e-05
01110100001000000001,14.824443774186818,9.765625e-05
01000101010100010111,19.39102053079946,9.765625e-05
01011100010101100000,8.391280586673439,9.765625e-05
01111111010100000110,26.658311982943793,9.765625e-05
11110110000101010011,22.44906436807908,9.765625e-05
11000111001001000110,19.149626278472873,9.765625e-05
00011010000010010001,23.39572654463488,9.765625e-05
01001011010101011000,22.15648372715845,9.765625e-05
10011100110000010001,12.42769805905449,9.765625e-05
00100110011110000000,24.207158475849287,9.765625e-05
00111110001110100000,16.61149618550357,9.765625e-05
11000011011001000000,14.072400636061976,9.765625e-05
00010000011100101010,38.8971178037434,9.765625e-05
01100000001000000000,15.227644691705265,9.765625e-05
01010001101110100001,42.329268796773746,9.765625e-05
10110001010001010101,20.77926970905734,9.765625e-05
00001001011100010000,26.746614338058496,9.765625e-05
11011011001010001000,24.43221574307971,9.765625e-05
11111001010001000111,21.18071073413962,9.765625e-05
00100101010000000010,16.072400636061975,0.0001953125
01101010001011100010,26.690744584214166,9.765625e-05
01111101100110000111,20.46716379779306,9.765625e-05
10111100010110000101,22.79271285644008,9.765625e-05
01001010101011000100,24.340480603875754,9.765625e-05
10000100000100011010,22.26930965902472,9.765625e-05
01101000111100000000,21.094078435435122,9.765625e-05
01011110011111101000,12.310728071505402,9.765625e-05
11000110001111101010,21.276491473479833,9.765625e-05
01110101011110100000,24.793666553306913,9.765625e-05
01001101110110000000,16.372211521622496,9.765625e-05
10000100001010101010,30.998368073329416,9.765625e-05
00111100110011010000,13.220051239181,9.765625e-05
00101101111010000000,15.226985921102633,9.765625e-05
11011110101100010101,17.772678656215763,9.765625e-05
10011011011101011101,31.957690557041847,9.765625e-05
10000001011110100001,34.58100557572603,0.0001953125
00000010001000000000,26.60551936847363,9.765625e-05
01010001001100110100,26.289465648912277,9.765625e-05
01110110010111100010,15.85745528992842,9.765625e-05
11110011011100100000,18.353746261128798,9.765625e-05
11001101011010000000,14.88275653182911,0.000390625
01111011110011100000,18.673134134568777,9.765625e-05
01000010110100000010,26.55372311882321,9.765625e-05
00111101100010000010,20.172434442884633,9.765625e-05
01110111011100000010,19.597987221555115,9.765625e-05
11001000101110110001,26.20321429749969,9.765625e-05
11111110101110011000,21.57693530883567,9.765625e-05
00000001111010101001,52.596346245301625,9.765625e-05
11000110111010110111,24.277432687159976,9.765625e-05
00100101110001000111,18.53849436737003,9.765625e-05
00110011010111110001,23.036692117486222,9.765625e-05
00001110111110001000,24.223520302363617,9.765625e-05
10110011001001110000,25.535870614502645,9.765625e-05
10110100001100110000,13.069615233568,9.765625e-05
10110111110100000100,18.85860042895379,9.765625e-05
00001110100101011001,26.474143683435745,9.765625e-05
00100000000101111000,44.851360313182724,9.765625e-05
10101000001000010111,45.38258965305949,9.765625e-05
10010101101101011000,20.44967431626265,9.765625e-05
