bitstring,energy,prob
01011111111100101101,19.610536247043378,9.765625e-05
01011110001110000101,13.508331546169455,9.765625e-05
10010001110000011011,23.34136684067069,9.765625e-05
00110101010101000111,10.373505337225122,9.765625e-05
11111100011100101100,12.504881855060745,9.765625e-05
00110110101110000100,16.367961898174002,9.765625e-05
11111100011100100011,9.08060612117813,9.765625e-05
00110111001011110111,20.961490238427167,9.765625e-05
01011111011101010011,13.91278389480851,9.765625e-05
01100101001000011000,21.456836170109334,9.765625e-05
00110111010110000000,13.624576037465076,9.765625e-05
10100101100110100110,21.162939016671768,9.765625e-05
01111001011001011111,15.038635632472392,9.765625e-05
00001111010111101010,16.090239286320728,9.765625e-05
11001100011101100000,11.45617460235696,9.765625e-05
10110001010110111010,22.845873091787563,9.765625e-05
11001100000011001011,15.997786535962842,9.765625e-05
01111001100100110001,18.614306478083556,9.765625e-05
00000010001100010000,35.80873094511096,9.765625e-05
11000111101011111000,18.361216465987503,9.765625e-05
01001100100001001110,20.231104068850932,9.765625e-05
11100100110000100110,13.30947247235994,9.765625e-05
11110100011101001100,10.293769416448237,9.765625e-05
11010011011101010001,15.820475859394769,9.765625e-05
01110011100011010000,16.743630086919616,9.765625e-05
01001011111001100011,22.74744207723724,9.765625e-05
01111111011110101111,18.74777966061454,9.765625e-05
01001001000011011101,21.295609350110016,9.765625e-05
01100100000100001000,15.332328430502429,9.765625e-05
00111100110010011010,15.350706858850316,9.765625e-05
11110001101111000010,17.983142853447045,9.765625e-05
11111001101110001111,18.447930373092984,9.765625e-05
01100111101011010100,14.720757172458494,9.765625e-05
10100001101100000010,20.670683420335344,9.765625e-05
01010011001110001110,23.111149743035764,9.765625e-05
10011111111110111101,16.515785823397863,9.765625e-05
00110111001101100001,14.724913722167834,9.765625e-05
11001111011111001100,14.66196313434327,9.765625e-05
01111100111010001011,13.157867172056632,9.765625e-05
01001011101000101101,21.963624374023592,9.765625e-05
11010011000111000000,15.730593539365067,9.765625e-05
00110111101110110001,18.94689172715642,9.765625e-05
01110011001110001100,16.3171910714542,9.765625e-05
11111001001010011010,23.597987221555115,9.765625e-05
11010110001100110101,15.354667074046702,9.765625e-05
11000101010111100000,14.428347143620169,9.765625e-05
11001111100101111110,14.899368004599218,9.765625e-05
00011011111110000001,16.84587309178756,9.765625e-05
01111011011101010110,19.738060299780173,9.765625e-05
01111001111000111011,18.155166185953185,9.765625e-05
01111000111000101000,13.389460319352834,9.765625e-05
01100111001101000001,17.268738101962363,9.765625e-05
11011111010100010000,26.438775865937636,9.765625e-05
01011011100110010110,18.154218730679695,9.765625e-05
00011011000010100011,18.586336839761103,9.765625e-05
01011100000011111101,18.141081839104306,9.765625e-05
00001111101100001011,19.759156474659548,9.765625e-05
01001101110110110001,18.513964538228745,9.765625e-05
00011100100110011011,19.896422704748225,9.765625e-05
11011100000101100111,11.827760237325759,9.765625e-05
11110001111110010010,14.493690573676199,9.765625e-05
11011001110001000101,12.276590701275488,9.765625e-05
01011011101111101100,20.55867598176467,9.765625e-05
01011110111010100011,17.09028457716898,9.765625e-05
10010001000000011101,19.489747206035055,9.765625e-05
10001111101010001111,22.154218730679695,9.765625e-05
11100100000100101010,16.14230527788208,9.765625e-05
11110101110101011100,8.900544384067327,9.765625e-05
01011011110110010100,13.151418124136658,9.765625e-05
01001110000110100010,15.241403301909495,9.765625e-05
01000111000000100111,23.331818091918628,9.765625e-05
01010010000001101001,20.654321593821013,9.765625e-05
11010110010100010101,10.871148720020988,9.765625e-05
10001000001000111000,30.97392777510701,9.765625e-05
01101101110010101010,21.71924151743906,9.765625e-05
11001111110010111111,15.230450816260397,9.765625e-05
01111001010110111011,18.848731472365543,9.765625e-05
11000001101000101011,29.7099696937524,9.765625e-05
00111100101100111010,13.92533708832163,9.765625e-05
01100011000111010010,20.37733407672131,9.765625e-05
11011110100010111101,16.956759949323597,9.765625e-05
10100101100110010010,19.012646795281604,9.765625e-05
01101101101011110000,16.184703011736676,9.765625e-05
11100001000001011110,16.30882067777172,9.765625e-05
01111011110010011001,20.673134134568784,9.765625e-05
10011101100111011011,16.528263944370618,9.765625e-05
01111001101111010101,16.34691027972181,9.765625e-05
01111011011011001000,18.44985171885549,9.765625e-05
01100011100001001110,16.010766043903512,9.765625e-05
11110100100101101011,12.19997622124037,9.765625e-05
00011111001111001001,11.87854531034165,9.765625e-05
00101000111001110010,41.71462336443777,9.765625e-05
11000111111110001000,16.325088401858565,9.765625e-05
00110111000011001011,18.884898280232655,9.765625e-05
00011101011011010101,14.288015897585744,9.765625e-05
00011100001001101001,17.010579689694783,9.765625e-05
01001101001101000001,13.81215054942048,9.765625e-05
10111100110011001011,16.58520284477501,9.765625e-05
10010110100010001101,18.245750373852413,9.765625e-05
00111101011001111100,16.16582030089446,9.765625e-05
11110100101100001010,13.720218117950616,9.765625e-05
11111100010111011111,16.02338906532429,9.765625e-05
11011000011111001000,16.60761311641604,9.765625e-05
11000110101000010100,15.172115584287381,9.765625e-05
11000111110100000101,12.603964675039105,9.765625e-05
11101001101110111110,19.276491473479833,9.765625e-05
10011011101011001110,22.414316951698574,9.765625e-05
01001111101001000000,17.761431244302457,9.765625e-05
01011010110110111000,18.31574214208559,9.765625e-05
11011001011100110000,11.871982406525818,9.765625e-05
00101011101101011111,37.44413994843063,9.765625e-05
01011011011011010001,14.703823701754605,9.765625e-05
01111110110110110100,15.299444331199549,9.765625e-05
10000111100001011011,17.585385852916804,9.765625e-05
00011111011001011001,14.443625871135952,9.765625e-05
10001111000011100000,19.250603067437083,9.765625e-05
10001101100000100111,17.550343695775965,9.765625e-05
01011011001110010101,16.556889643273166,9.765625e-05
11010110001101001100,16.000950986844302,9.765625e-05
11100101001001111111,17.759146788622587,9.765625e-05
01101110101000010111,20.039795241125745,9.765625e-05
11110100111010010110,13.233434969022603,9.765625e-05
10110100001110100000,15.471294341600856,9.765625e-05
11011000101001001110,19.83466723201164,9.765625e-05
11001100010000100100,10.621751498588997,9.765625e-05
00110111011111000011,11.744672798264155,9.765625e-05
11001101011111100001,12.244856437461813,9.765625e-05
11101100001000010111,18.439665547176183,9.765625e-05
11100100100000000111,14.072400636061975,9.765625e-05
10010001100000011011,24.408214351644588,9.765625e-05
00111111110011111111,18.56349245572018,9.765625e-05
01011011011000110100,14.645635883951904,9.765625e-05
01111100011110011111,9.271419628864699,9.765625e-05
11110001111001010111,11.528090622265777,9.765625e-05
10001111010011111110,21.759146788622587,9.765625e-05
01111101010111000010,14.467163797793063,9.765625e-05
11101101110111111100,14.310728071505405,9.765625e-05
00000011001000100011,27.600787740970947,9.765625e-05
11001100101010011000,13.670968366295337,9.765625e-05
01101001001100100101,19.480692133815424,9.765625e-05
01111101111111101111,17.324908408846394,9.765625e-05
01001011001010111110,17.56566146170684,9.765625e-05
10001101100000110010,16.129495178671327,9.765625e-05
11010001010101010011,15.26417335862748,9.765625e-05
01010010001010000000,16.80053721960026,9.765625e-05
00111100100011110010,14.533936785553443,9.765625e-05
01101101100001010001,15.127661780870156,9.765625e-05
01001011001100001001,21.58389934313543,9.765625e-05
10000001000010010010,25.229796213682622,9.765625e-05
11110000100000100010,11.04484564009848,9.765625e-05
11111100110111001110,12.959380992168446,9.765625e-05
01001111100100010100,14.82722742441122,9.765625e-05
11010110110000011001,8.832874651926787,9.765625e-05
11110100011011111001,13.84593086582251,9.765625e-05
11010100010100110101,7.097495242594899,9.765625e-05
11010110011010101101,16.12853625805965,9.765625e-05
01111010101111100010,20.14846865626081,9.765625e-05
01100111110100001011,18.72733843049973,9.765625e-05
01010011010101101001,16.068445938877687,9.765625e-05
01110110011011100111,18.70745621550124,9.765625e-05
00011111010111101010,12.78195495303435,9.765625e-05
01001100000101111100,16.50703682148171,9.765625e-05
01110010011110001101,17.279748176142533,9.765625e-05
11011100001101011000,11.142363051917027,9.765625e-05
11001011101010010010,20.103761467876947,9.765625e-05
11001011101011101010,18.222903378165633,9.765625e-05
10000100000011000000,18.833164060178895,9.765625e-05
00110100111000010001,13.008421191703011,9.765625e-05
00111001101100100011,15.026266817976179,9.765625e-05
00101001001000110000,21.069615233568,9.765625e-05
10110100010010000100,18.116302265330567,9.765625e-05
10110001001110100001,19.310660611433498,9.765625e-05
01001111110000010100,13.484816523157072,9.765625e-05
11110001010010110000,14.66196313434327,9.765625e-05
11100110011000100111,26.05519368473628,9.765625e-05
10110001100111100011,19.46404371783491,9.765625e-05
10000110001001110010,27.486364251417,9.765625e-05
10110101100101010100,11.51800281900583,9.765625e-05
00001100100100100110,24.192226207039305,9.765625e-05
01111100011001100000,9.724046857446805,9.765625e-05
11110100101000000001,12.824443774186818,9.765625e-05
01001111011100010100,12.227977725663246,9.765625e-05
11010110000101011111,15.599830599660502,9.765625e-05
01000111011101011101,14.631484284171187,9.765625e-05
11100101000110110111,19.726493305688365,9.765625e-05
01110001110001001010,16.658583525792146,9.765625e-05
11110100111101111110,12.5063399431853,9.765625e-05
11100011110001100000,17.996832839096,9.765625e-05
01001110001011110100,14.506435824914023,9.765625e-05
10010101000000011100,21.085358149443042,9.765625e-05
00110110111100111110,24.007386817156508,9.765625e-05
01011101000101100010,22.394852801866463,9.765625e-05
01001111001101011000,13.820350516524535,9.765625e-05
01011010001010110110,19.058945190996415,9.765625e-05
11100100110000000001,10.547822811448082,9.765625e-05
01000001101001011110,36.512320928240094,9.765625e-05
10000011111101110000,33.45024961203588,9.765625e-05
01110100010010101010,22.207742810365602,9.765625e-05
10111111101001111000,27.736342155781635,9.765625e-05
00011101000100010011,14.110406741546473,9.765625e-05
00100111110011000111,19.36174564895456,9.765625e-05
11101100101100001001,16.086870272891684,9.765625e-05
01111100110101110110,9.044491481797007,9.765625e-05
00011111010000110010,19.1932111227127,9.765625e-05
01000011100000001100,14.766381299254355,9.765625e-05
01100001000110001110,22.1988740923547,9.765625e-05
01011110001101011111,16.202844287855307,9.765625e-05
11011100111110100101,9.677316210818177,9.765625e-05
01001001000111010111,22.421331784018868,9.765625e-05
11100100001001011100,14.547822811448082,9.765625e-05
01011000010010100000,11.527751237951058,9.765625e-05
00101111101110101101,21.490042132299266,9.765625e-05
00110110011101110001,18.55494957273061,9.765625e-05
11111101110011011010,19.250461905699936,9.765625e-05
01101101111010101001,22.731549946254454,9.765625e-05
11000101000000000110,18.69589158849687,9.765625e-05
11011010100110111010,18.945398975781693,9.765625e-05
01110110110011101011,19.04508468039236,9.765625e-05
01010010010000110001,15.474104634180842,9.765625e-05
11100101111010010001,16.660622395226028,9.765625e-05
11111100111111111111,10.223718623317858,9.765625e-05
11000000000011000001,22.292808743566983,9.765625e-05
10000111100011000100,14.729642552520769,9.765625e-05
11111001010111011111,22.172185961112227,9.765625e-05
01110010010101101011,23.07280123885525,9.765625e-05
11001001010010011101,18.491359673504526,9.765625e-05
10000000000010111000,34.207573118208245,9.765625e-05
11000100010101111110,20.390407774626325,9.765625e-05
01011111010101011110,15.221066241653588,9.765625e-05
11111110110101100010,24.69429088063285,9.765625e-05
10110101010100000001,12.870185337117189,9.765625e-05
11110001111001001000,10.569330096705947,9.765625e-05
10111101101111111000,15.759146788622589,9.765625e-05
01011010101011001100,21.893561614147703,9.765625e-05
00111110100100100111,21.02538337833098,9.765625e-05
11010100000011011000,16.5656906069449,9.765625e-05
11011000101111000101,20.192344366755066,9.765625e-05
10010100001110110000,20.289121176647765,9.765625e-05
11000100000101101110,18.611789038199284,9.765625e-05
11001100101000110100,10.608261183133207,9.765625e-05
11011011111011001001,17.218024129352564,9.765625e-05
11011010111010000011,18.691345580781853,9.765625e-05
11001100100110100000,10.711156804137634,9.765625e-05
00110100100000010010,14.325088401858565,9.765625e-05
01001111110011000111,14.06915279747831,9.765625e-05
00110111010110010010,15.091999069583846,9.765625e-05
01001001110100000000,16.696138426763085,9.765625e-05
10100100011000010001,24.283494349894436,9.765625e-05
00011111001101100111,15.011783032817402,9.765625e-05
10100000010011100001,44.61978309351682,9.765625e-05
11000101110011010010,18.00430304395471,9.765625e-05
00111101110111000001,9.192324994681154,9.765625e-05
10111101111111000001,11.857455289928422,9.765625e-05
10110100110011011010,18.32645936357005,9.765625e-05
01110011001011010110,17.37445632406942,9.765625e-05
10101000001011010110,45.62772653631771,9.765625e-05
10110100011001001000,14.293769416448239,9.765625e-05
01110011110010001100,12.220507346140481,9.765625e-05
00111101101000111011,21.138935835139044,9.765625e-05
10000101001001010110,20.428347143620165,9.765625e-05
00111100111100010111,12.329826488934474,9.765625e-05
10011011100011001100,21.16541607899353,9.765625e-05
00100011100010100010,22.442543408591458,9.765625e-05
01001111010100011111,16.428057735368057,9.765625e-05
10110100100000110101,15.027596842368142,9.765625e-05
00011001010101000100,15.709665940827529,9.765625e-05
11011100000010111101,13.699314637249993,9.765625e-05
11101101111110111111,15.453662974752046,9.765625e-05
01110110010000001100,16.268135766247248,9.765625e-05
01110110111101011011,12.589914289495328,9.765625e-05
01101101010011110111,13.561533627921582,9.765625e-05
01001101100001000111,17.47224532844515,9.765625e-05
00111100011101010110,14.618944944719878,9.765625e-05
11010110111010001010,20.207742810365602,9.765625e-05
11000101000100101101,16.625301533718545,9.765625e-05
11001100001111110010,12.675131081310639,9.765625e-05
01111011111101000100,16.363908500475063,9.765625e-05
10010111100010011001,19.545268406717213,9.765625e-05
00110011110000100011,17.116766883752135,9.765625e-05
11000111101000101100,20.096641889748895,9.765625e-05
10010111010000111001,16.61149618550356,9.765625e-05
00100101010000101100,22.409531892849856,9.765625e-05
01110100110100010001,5.372811794608934,9.765625e-05
10010001001101000100,17.368273486489578,9.765625e-05
11001111100001100000,20.262204637651863,9.765625e-05
01011110010000111111,15.871761476194122,9.765625e-05
11010101110100010010,18.213565862868485,9.765625e-05
01100011001001011111,21.116766883752135,9.765625e-05
11011011110100101000,16.142058439615866,0.0001953125
01110101010111101100,21.913623501607773,9.765625e-05
00111100000110101010,14.229786527645668,9.765625e-05
10000111100100011000,14.209762747879374,9.765625e-05
10010111110100011001,12.057997735722921,9.765625e-05
01110000001001011111,22.538494367370035,9.765625e-05
00010100100110101010,39.133479336997134,9.765625e-05
11100111111111111000,15.878204282520741,9.765625e-05
01110011001111001101,16.91996949548436,9.765625e-05
10100001000111010011,34.181674324183476,9.765625e-05
00100111000100011010,19.36489406344233,9.765625e-05
01100111110100111100,16.81556183856815,9.765625e-05
10100101000111100110,20.643673720473082,9.765625e-05
11000100011000010101,14.23517964661334,9.765625e-05
10011011000111001010,23.51477788406688,9.765625e-05
00111100001101000001,8.229786527645672,9.765625e-05
11110110010000111101,19.149626278472873,9.765625e-05
11100101010011010110,14.470879699241895,9.765625e-05
00011110001110011011,14.40976832149787,9.765625e-05
01110011110010011101,13.68893288670533,9.765625e-05
00110011001001000110,16.34754043236738,9.765625e-05
11000000000000101011,22.611789038199284,9.765625e-05
11000110101100001110,19.75784310147914,9.765625e-05
11011111110111010110,16.269624338757296,9.765625e-05
10110100100000111000,14.55063934562142,9.765625e-05
11000111011110101111,20.533936785553443,9.765625e-05
01010110101100100000,24.102262474908873,9.765625e-05
01001111010000111100,14.64598930783231,9.765625e-05
10010110100000000110,22.31108222980687,9.765625e-05
01101111111011101110,16.47771777585356,9.765625e-05
11000111101101011100,11.677328694004874,9.765625e-05
01111001110100010110,11.151418124136658,9.765625e-05
10110011100110010110,23.218024129352568,9.765625e-05
00110111101001100101,18.76875757740148,9.765625e-05
11001011000111101101,23.07108309485671,9.765625e-05
01100111000011000111,19.108290726003737,9.765625e-05
01011110111000110001,13.91377362580063,9.765625e-05
10110000100001100011,20.495547169389347,9.765625e-05
01110110100110010011,13.483873676810557,9.765625e-05
01000111010111000100,10.486287828889388,9.765625e-05
11100110101111110010,21.122743613654873,9.765625e-05
01001101010101000000,10.114756523511932,9.765625e-05
01111100011110000111,6.6436737204730845,9.765625e-05
11000100011010011001,18.737491805766965,9.765625e-05
01010110000111000110,18.355464405127332,9.765625e-05
11010101100101010001,15.688309895578051,9.765625e-05
10001101110110110011,20.23612013671223,9.765625e-05
10000111001110001010,20.85939527334378,9.765625e-05
01111100111011000111,10.049919372778238,9.765625e-05
11110001110000011000,9.85198628696362,9.765625e-05
11101101111001100100,11.724046857446801,9.765625e-05
00110100001101001010,15.577802810010741,9.765625e-05
01101101010010110001,17.08060612117813,9.765625e-05
01101100000000010011,13.91282617052714,9.765625e-05
11010001110001000000,10.538321965190132,9.765625e-05
11110100011010100000,14.445602182943855,9.765625e-05
00011101001110000001,15.207929350078203,9.765625e-05
00111101000100001101,18.20134882645804,9.765625e-05
00010101111101001101,29.46292657040406,9.765625e-05
11110100011101001000,8.958899711695507,9.765625e-05
01110001010110001110,16.750098506913503,9.765625e-05
11000111011101001100,11.757596263212918,9.765625e-05
01001101001110110101,16.760135796033463,9.765625e-05
00010110100000010000,16.55063934562142,9.765625e-05
10001100000000001001,19.164632161820904,9.765625e-05
11110001100110100000,16.79271285644008,9.765625e-05
11110101110011110110,17.467092806150347,9.765625e-05
01110011011010110101,16.06915279747831,9.765625e-05
11111101011101111110,13.584496171678257,9.765625e-05
00011011100011000011,18.710279725688988,9.765625e-05
11001001011010110100,13.06960899197465,9.765625e-05
10110001011100100010,15.64559777625813,9.765625e-05
11001101001111011101,13.280326454569375,9.765625e-05
11100101011011000100,14.729642552520769,9.765625e-05
00111001001010100000,15.77455565269115,9.765625e-05
11110100110100111111,8.800183061298792,9.765625e-05
11111101111000110001,17.02356489031161,9.765625e-05
10110100000011101111,22.58520284477501,9.765625e-05
01110011101110011010,20.54305746719873,9.765625e-05
01000111011100101110,23.18217588581545,9.765625e-05
11100001000101001110,17.64369038252445,9.765625e-05
01010010000000101100,18.121374109945705,9.765625e-05
00111001011111000011,15.111861199723553,9.765625e-05
10010111011101110101,16.563637061900945,9.765625e-05
10111100100100100010,12.611505871540526,9.765625e-05
00001000000110000100,33.60551936847363,9.765625e-05
00100011000000011100,24.138281966982337,9.765625e-05
11010111101111010101,17.970118065497946,9.765625e-05
11010011110111101100,11.342818480061837,9.765625e-05
01010111010001011100,14.849166308346675,9.765625e-05
01011110111001011111,17.37743713076469,9.765625e-05
01100110000000100010,21.42955121032403,9.765625e-05
11001101101001110011,14.946088888903503,9.765625e-05
10011011000000101010,25.20388563841622,9.765625e-05
10100101100000010011,17.56910741410468,9.765625e-05
11110110110001011011,14.319088779150924,9.765625e-05
01010110000101100111,19.736207148510633,9.765625e-05
10110011101010000101,20.587124190537516,9.765625e-05
00010011111001001100,20.961146929897712,9.765625e-05
11010110100011010000,15.445261242250147,9.765625e-05
00000010011100010010,46.706504075013385,9.765625e-05
00110011011011010100,18.234876922376795,9.765625e-05
11110001000011100110,19.07292449736062,9.765625e-05
01011011000110101000,19.149626278472873,9.765625e-05
11010111010100101100,15.889370673819272,9.765625e-05
00101101010001100010,15.025393064367938,9.765625e-05
11001111111010111100,13.058013663353227,9.765625e-05
00111101101100110010,14.189427674064762,9.765625e-05
01101100101100001100,15.920323741322685,9.765625e-05
11010110110100111110,13.474104634180842,9.765625e-05
11110100101100110010,11.685759571744839,9.765625e-05
01111111101011001010,29.09991138070538,9.765625e-05
11000011000110100100,14.603964675039103,9.765625e-05
01100011100001100011,22.06915279747831,9.765625e-05
00101101000110010010,15.827760237325759,9.765625e-05
11011000011001001011,17.350706858850316,9.765625e-05
11010000000000000000,9.73537316773854,9.765625e-05
10110100001001010101,17.24985185954934,9.765625e-05
11011011010010101110,16.982436914771363,9.765625e-05
11010101111001111001,23.859190281482206,9.765625e-05
01110011110100110100,13.151418124136658,9.765625e-05
11001100011100001000,12.055155282775246,9.765625e-05
11110001101011010001,18.304929996215726,9.765625e-05
10000111110111001100,16.49185064001442,9.765625e-05
11000111101011000100,16.792712856440076,9.765625e-05
00101001001000110010,20.50643582491402,9.765625e-05
11000111011000111001,15.823160809104522,9.765625e-05
10111011010011001001,37.885002068697105,9.765625e-05
01111011111111010110,14.818146847287716,9.765625e-05
11001101001101101010,14.998772098930111,9.765625e-05
01001110001011001010,16.229786527645665,9.765625e-05
01111110101001001010,21.728736943651924,9.765625e-05
01100111100110011101,17.346273394915386,9.765625e-05
01110110001001011001,16.182785931966045,9.765625e-05
00010001000000101100,26.021321665470204,9.765625e-05
11011011101101101101,19.54729813903133,9.765625e-05
01111110110001110110,19.02538337833098,9.765625e-05
00011111111110110001,14.699885764998362,9.765625e-05
00010110000010010101,17.332656240715572,9.765625e-05
11110100001110001010,17.904199067037617,9.765625e-05
00110111110011101010,19.955426294984157,9.765625e-05
00001101010110011110,22.2097246401856,9.765625e-05
01110100011001011110,15.577802810010741,9.765625e-05
01101010011110100110,31.4630998925089,9.765625e-05
10110001110000000000,10.116302265330567,9.765625e-05
01101100011001000010,11.027596842368142,9.765625e-05
01111010011010001010,16.265147249116502,9.765625e-05
11010101011101000100,14.002148811954818,9.765625e-05
11001101000101111000,11.22512486309737,9.765625e-05
01110001111101000101,13.09874721179288,9.765625e-05
10011001100110000001,17.60670750754719,9.765625e-05
10110001101101000011,15.528090622265779,9.765625e-05
11001101011000111110,12.787084277417177,9.765625e-05
01011100001011010011,15.470028332837188,9.765625e-05
01010011000100001101,15.294720403292537,9.765625e-05
10111100110100000010,13.691773440748573,9.765625e-05
01101101011101010100,9.89684087867799,9.765625e-05
01110011100000101111,22.33539012160777,9.765625e-05
11001111110100101110,16.611505871540526,9.765625e-05
11110001110110111110,15.647322161850017,9.765625e-05
01110110111010000101,14.005138482729121,9.765625e-05
00010110001110000101,17.64087311393005,9.765625e-05
11011010111000001111,20.84876406204722,9.765625e-05
11001100001100010110,12.720554596352203,9.765625e-05
11001101000110111100,12.830037716991209,9.765625e-05
11001011001000101000,19.801535265754218,9.765625e-05
10011001100000001101,19.538321965190136,9.765625e-05
11010000011000010011,16.315742142085593,9.765625e-05
11011001011101101011,15.927016193905082,9.765625e-05
01111100100110010101,10.36026276912067,9.765625e-05
01110100000100010011,9.569107414104678,9.765625e-05
01000111000100010100,11.847292756314893,9.765625e-05
11011110100101110111,18.43929546124441,9.765625e-05
00100111000011110010,19.731430230159702,9.765625e-05
00111100101001000010,10.12853625805965,9.765625e-05
01100101010001011011,17.101493674248445,9.765625e-05
01111001110110000111,12.585202844775011,9.765625e-05
11000001010111101000,20.11438091956806,9.765625e-05
00011110111000111000,19.309192750144785,9.765625e-05
01000110000101011111,20.935657445723677,9.765625e-05
11000111111111010000,13.406967714954835,9.765625e-05
10110000000010100001,20.486287828889388,9.765625e-05
11111100011010110011,10.124491088395352,9.765625e-05
11000001110100001011,22.58287465462588,9.765625e-05
01011111111001010110,18.200994668156568,9.765625e-05
01001011000100100000,18.827227424411223,9.765625e-05
01011110011101111001,12.308822664213011,9.765625e-05
11100101110101010100,8.118209659064252,9.765625e-05
11000110001001010010,18.327060545641608,9.765625e-05
00011111110101100000,12.906171210820654,9.765625e-05
11010011111000110101,15.145748727397443,9.765625e-05
11110010011000100110,20.215406530951334,9.765625e-05
00001111110011001100,15.821157533642118,9.765625e-05
11011110010011110010,17.367852053620076,9.765625e-05
11110110101101001100,16.5521754014031,9.765625e-05
01100111000111000011,19.091989383546892,9.765625e-05
01100101010000010000,13.048596204797484,9.765625e-05
11110100101001010110,13.151418124136661,9.765625e-05
10100101101110100111,24.86502928325158,9.765625e-05
00011110001001011001,16.942588683201706,9.765625e-05
11100100101011010110,17.23624526160259,9.765625e-05
01101100010010001101,19.33863098417702,9.765625e-05
11011000100000010010,14.32645403106182,9.765625e-05
00110110100111001010,15.944710667297066,9.765625e-05
10100010100001100111,47.22842089844241,9.765625e-05
01110110001100010011,13.659716786357178,9.765625e-05
00110111100100011000,15.992746557448129,9.765625e-05
11001100000011101111,16.3107280715054,9.765625e-05
10011111011110000010,20.535928388537595,9.765625e-05
00110111110100000000,11.819365687978333,9.765625e-05
11000111011010111100,14.632467126276094,9.765625e-05
11101110000110101001,33.835746250112535,9.765625e-05
00110101010100111001,16.90245177780101,9.765625e-05
10011100110110001001,12.537117164065204,9.765625e-05
00011011000110101000,16.241141259594222,9.765625e-05
01011011110100111011,20.515785823397863,9.765625e-05
11110001001100011111,17.045390936199713,9.765625e-05
11001101001111010010,13.39354765672069,9.765625e-05
01101011011010101110,18.66499465152222,9.765625e-05
11100100101101000101,14.537117164065203,9.765625e-05
11011001011011110110,14.259843683157,9.765625e-05
01110100010001001101,12.814534440036065,9.765625e-05
01111000100101100010,15.645597776258132,9.765625e-05
11111100101001001011,15.041684720787828,9.765625e-05
01110000111000010010,13.160138410128734,9.765625e-05
10110001011001011000,17.9195912690548,9.765625e-05
10000101000011011000,17.480692133815424,9.765625e-05
01111001011011110000,13.736207148510632,9.765625e-05
10010111010010011010,20.583484700776467,9.765625e-05
00000010100001010100,39.72055905864432,9.765625e-05
11000110010000001001,13.900005329559445,9.765625e-05
10111100101000100110,16.07717683083166,9.765625e-05
01000111010011110001,14.98427955845568,9.765625e-05
01101001000110111110,22.232596820225655,9.765625e-05
10011011101001111000,22.906171210820652,9.765625e-05
01110010101111000111,22.22997123834821,9.765625e-05
01011100101101010101,13.939123064462693,9.765625e-05
11111101011101011011,15.54935396478384,9.765625e-05
01110111110001011101,14.131233810559301,9.765625e-05
10011100001011111011,17.805845492863412,9.765625e-05
01101000101000110001,22.289121176647765,9.765625e-05
11010001110001001110,15.619754475559759,9.765625e-05
11100001101010001010,20.45947687929535,9.765625e-05
11001110101101001000,18.32645403106182,9.765625e-05
00011111101100111011,20.970853258628186,9.765625e-05
01001111110001101010,17.82127308171201,9.765625e-05
00111101110111101111,15.464043717834913,9.765625e-05
10010100100100001101,15.66632812035779,9.765625e-05
11011100101000101101,16.736940355199586,9.765625e-05
11110100111000001001,9.117262203790759,0.0001953125
10110101100011110010,21.202776827783396,9.765625e-05
01111100011011001100,13.643690382524454,9.765625e-05
11010101001101000000,22.021382236654894,9.765625e-05
10111010011110011001,45.07994630569533,9.765625e-05
11101100110000110110,13.812160235457435,9.765625e-05
01111001111101001010,14.113966277209101,9.765625e-05
01110111111100111101,17.51483836812437,9.765625e-05
01110101010101011010,15.876360904415357,9.765625e-05
01111110111111001000,13.624511287415713,9.765625e-05
11101010101010000010,29.302836248273323,9.765625e-05
11010100101001000010,23.575455982208766,9.765625e-05
11110000001000001100,12.899045391099257,9.765625e-05
11010100011100010101,8.82563806772653,9.765625e-05
01001111000011011010,15.165537134235706,9.765625e-05
11011010101100001111,23.332656240715576,9.765625e-05
11000101000101011000,11.147087714245114,9.765625e-05
11011011111100110100,16.402281160320523,9.765625e-05
11110100110101000101,5.919591269054802,9.765625e-05
10001101000011000000,14.248075941515857,9.765625e-05
11000001100011000010,20.373682827354813,9.765625e-05
01101101001000011000,19.607715239738113,9.765625e-05
10010110100000011101,17.805268123521692,9.765625e-05
01110000010110100111,20.00321089537326,9.765625e-05
11011100001100111111,11.913773625800632,9.765625e-05
11110111111101010100,13.95387595507836,9.765625e-05
11001011101001101000,17.7240468574468,9.765625e-05
01000111000100100001,19.32898115698305,9.765625e-05
01110111110110111101,17.635749013292063,9.765625e-05
10111101110001111001,16.44362587113595,9.765625e-05
01001010000000101011,26.055203370773235,9.765625e-05
00111001110000100010,13.46813062514046,9.765625e-05
10111100001011111010,18.202844287855307,9.765625e-05
11110001110001010000,8.384378788700737,9.765625e-05
10110100110010010100,17.03220595662633,9.765625e-05
00111101110010100101,16.2210022260253,9.765625e-05
01111001110101101101,17.430864398000566,9.765625e-05
01110011110000000100,10.265874214212097,9.765625e-05
01110011110101010001,13.391765605857241,9.765625e-05
10000101101101101000,22.37631374174049,9.765625e-05
00111111100111101011,16.584582476133406,9.765625e-05
10000011010111000101,33.42588936583546,9.765625e-05
01111011101110101010,21.386202794732213,9.765625e-05
11000101001100101100,19.876480620510108,9.765625e-05
00101101110110001110,20.79159406550304,9.765625e-05
11011010110011001001,20.005138482729116,9.765625e-05
11000111110111001110,13.761783759097737,9.765625e-05
01101100011010011000,13.726150291426173,9.765625e-05
11011110111100101011,13.76388113698763,9.765625e-05
00101000101100000010,28.798031539321432,9.765625e-05
10111001010011001011,24.7368747831923,9.765625e-05
10011001001110101001,19.145748727397443,9.765625e-05
10110001011101100100,17.181619053031014,9.765625e-05
01110111010111010101,11.820125967085172,9.765625e-05
01110001010010111001,22.13690591732106,9.765625e-05
11001100100100100000,9.382167740418861,9.765625e-05
01000011001000100100,16.87993375606242,9.765625e-05
10110110001110011001,19.880125628283253,9.765625e-05
10101101101001000100,16.980885654940625,9.765625e-05
00011101000000111110,24.74135967080543,9.765625e-05
10111001001100101101,22.37179687926354,9.765625e-05
00110110010100011001,15.557841277411327,9.765625e-05
10110101111110000111,17.07280123885525,9.765625e-05
11011011101101000101,21.965309721200395,9.765625e-05
00011111110110010011,13.742771744500494,9.765625e-05
11001101011101110100,8.18492394206838,9.765625e-05
01110101110110000001,19.321921240954566,9.765625e-05
11110100010001001010,12.552175401403101,9.765625e-05
00011111011000111110,20.428057735368057,9.765625e-05
11000001000100110110,17.309192750144785,9.765625e-05
10110001011100001011,17.44697938624868,9.765625e-05
01110110011100010001,9.160867448792828,9.765625e-05
11010000110001100010,16.810824693053373,9.765625e-05
10010011110010010000,16.486287828889388,9.765625e-05
00001111001011000011,13.915578983339442,9.765625e-05
01100100000000111000,17.849396190294264,9.765625e-05
11000111111001011101,12.008411505666055,9.765625e-05
10100101010011111110,24.84587309178756,9.765625e-05
10110011111010111101,23.072801238855245,9.765625e-05
00101101000001100010,14.53593807457455,9.765625e-05
01100111001000111000,23.00153710066185,9.765625e-05
01111000111111000010,14.003210895373263,9.765625e-05
01111001001110000111,14.979494412070114,9.765625e-05
01111111111101010011,14.597912061887548,9.765625e-05
10100100001011001011,26.495547169389347,9.765625e-05
01001001001010011000,20.372211521622496,9.765625e-05
11001110100100100110,20.351207696901035,9.765625e-05
11110100010101110011,8.82591706636043,9.765625e-05
11010011001100110100,16.991237144022037,9.765625e-05
10011101001101101011,14.766925871774342,9.765625e-05
11111001111011000011,14.710279725688988,9.765625e-05
11001101101011010000,14.170618664887797,9.765625e-05
01110001101000000100,17.510529816997376,9.765625e-05
01011011100101001001,21.06384380063391,9.765625e-05
01101001111011010110,16.06628119929257,9.765625e-05
01111101110111011101,13.708490590047745,9.765625e-05
11101101110110110110,13.685749885707882,9.765625e-05
11110010001010101110,21.797600969332173,9.765625e-05
01000011100101010110,20.374636524221657,9.765625e-05
11111000111010010100,13.803353753773596,9.765625e-05
11110010101000101010,17.80333782614329,9.765625e-05
00011110000100001010,16.248075941515857,9.765625e-05
01011100000111001010,17.15141812413666,9.765625e-05
01111100111100010110,5.4741046341808435,9.765625e-05
10100101010101010011,21.823094290593744,9.765625e-05
01001011000010010001,18.535938074574553,9.765625e-05
11000110001101100101,20.214455544107032,9.765625e-05
11110100110010011000,10.447027179979415,9.765625e-05
00010010101000110000,28.989657473374297,9.765625e-05
00110101001001000011,16.366150680436302,9.765625e-05
11000111100011001010,18.782873779510965,9.765625e-05
11001111011010010111,18.899358318562264,9.765625e-05
11101110111000110011,25.40986420322659,9.765625e-05
01010101110111111110,40.106469637134865,9.765625e-05
11000100010100000001,11.144560588323882,9.765625e-05
11110001011001010111,13.038635632472388,9.765625e-05
11110011111000100010,16.82030345721487,9.765625e-05
11010110010110011111,12.783821234784458,9.765625e-05
11100100101101100011,16.755373026011604,9.765625e-05
11001111101100011001,19.210433278087457,9.765625e-05
10111101110100010011,15.761061158370687,9.765625e-05
01111000001011011001,19.978543425225812,9.765625e-05
11100110101000100111,22.942588683201706,9.765625e-05
11010100000101101000,13.176873130564399,9.765625e-05
01110011101010010001,19.38773437738196,9.765625e-05
10001000111110001001,45.738761553241496,9.765625e-05
00001010010010001011,38.49410250601262,9.765625e-05
11011100111010010101,10.428347143620167,9.765625e-05
01100111000010111000,23.474630263940902,9.765625e-05
10111101111000101011,16.200994668156568,9.765625e-05
11110001100001001011,16.885971693194243,9.765625e-05
00011110110000110000,17.069615233567998,9.765625e-05
00110001000000001011,18.33821634181806,9.765625e-05
11001001001001011000,16.114756523511932,9.765625e-05
11011001101000110000,18.63846404980101,9.765625e-05
11011000011010101100,12.91029280301256,9.765625e-05
00111100001110111101,17.04449148179701,9.765625e-05
01000101110100111100,28.791482147380624,9.765625e-05
11000101110010000111,21.64087311393005,9.765625e-05
10010100000000101110,22.741642837464195,9.765625e-05
01001100000010110110,14.59167489471637,9.765625e-05
10000111100100011110,18.815561838568154,9.765625e-05
11110011110010011111,15.585099790731626,9.765625e-05
00100011000010001000,19.52823949443841,9.765625e-05
11111100111110111001,7.651276135453054,9.765625e-05
11010110011100111101,11.899651171257977,9.765625e-05
11011001011001001011,16.80694722910514,9.765625e-05
01000100100010100101,32.85136655477607,9.765625e-05
01110011011110100111,16.70745621550124,9.765625e-05
01010110010101000001,9.249851859549342,9.765625e-05
01001100000011010000,10.510502440220723,9.765625e-05
10010011001100000010,20.241141259594222,9.765625e-05
11011011111001101100,15.25133536504091,9.765625e-05
11110000110110101101,16.00418749588482,9.765625e-05
01111001001010011101,20.376554425540558,9.765625e-05
01111000001111010110,17.133128710266472,9.765625e-05
01110011100110001101,16.59927450129713,9.765625e-05
01001010100000111110,26.825638067726526,9.765625e-05
11100110001011000100,24.09341695480995,9.765625e-05
11000101011000010100,12.413613712205612,9.765625e-05
10110101111001011010,16.136905917321055,9.765625e-05
01101001110000011100,17.988710018100804,9.765625e-05
01100011110001010010,16.358274697707323,9.765625e-05
01111111101101011001,21.507373681277763,9.765625e-05
00111100000000110001,13.772678656215763,9.765625e-05
01001111110110101101,16.73154994625445,9.765625e-05
10001011101010000001,25.99778653596284,9.765625e-05
11001100001100100001,11.354888004378399,9.765625e-05
01001101100011010011,19.14264205055093,9.765625e-05
01101101011001000000,12.248075941515857,9.765625e-05
01001111011000010111,14.899368004599218,9.765625e-05
01111000001011111100,21.220051239181,9.765625e-05
01011011001010110110,19.604606794430183,9.765625e-05
00011101010100101100,16.18154001885754,9.765625e-05
10001100100101000001,19.713033066191954,9.765625e-05
01101101001101000100,12.24807594151586,9.765625e-05
01111100001101111111,12.515785823397863,9.765625e-05
11110000110110000001,10.491850640014421,9.765625e-05
01101111110001000011,21.600787828098145,9.765625e-05
01011110101011110111,20.138842674272688,9.765625e-05
01011111000010110010,29.434699564593984,9.765625e-05
10100101100000010101,16.832874651926787,9.765625e-05
00110111100000111000,23.557866243784716,9.765625e-05
01000111010011100000,15.395726544634877,9.765625e-05
11110000000111001000,16.738976329107047,9.765625e-05
00110110100000110101,19.99778653596284,9.765625e-05
11110000110111110000,16.26203152268708,9.765625e-05
11111000011010001001,16.72964255252077,9.765625e-05
10000100100010010000,21.088973706871048,9.765625e-05
10110100101001100010,15.839417802274244,9.765625e-05
01001111101100111010,21.214133251905984,9.765625e-05
11011100101101100001,10.176477136698107,9.765625e-05
01010011100000000100,17.4647723264367,9.765625e-05
11001101010111111001,12.041690151672729,9.765625e-05
11111100110001111010,10.844154947789026,9.765625e-05
01101110111011100100,20.008411505666054,9.765625e-05
01111001011110000110,9.801076274108144,9.765625e-05
10010110101101111000,18.74128867916273,9.765625e-05
11010010100100110000,14.329264323641809,9.765625e-05
00001010000010101011,33.82998368166713,9.765625e-05
01110110011011110001,14.848731472365541,9.765625e-05
00100101011000001010,21.163915617183328,9.765625e-05
01011110011010011011,12.51764866070436,9.765625e-05
01100110100010101101,23.347896566270325,9.765625e-05
11010110000111101000,14.66196313434327,9.765625e-05
11110100011001000110,12.30882067777172,9.765625e-05
11010010010010010100,14.046708477404977,9.765625e-05
11011011111011110110,16.925860215199208,9.765625e-05
01010111011101011110,18.199976221240366,9.765625e-05
00110011000110100011,19.282934366933652,9.765625e-05
01011010110000011000,16.78740656961822,9.765625e-05
11001001000011111001,18.945398975781696,9.765625e-05
00111100000010011010,16.37179687926354,9.765625e-05
01110110001011011100,18.363908500475066,9.765625e-05
11011000000010100111,16.07491527879651,9.765625e-05
00000111000011000001,13.04539093619971,9.765625e-05
11010100110001011101,11.158583716694208,9.765625e-05
11000111011011110000,14.18470301173668,9.765625e-05
11011101111101110010,13.44998862544059,9.765625e-05
11010011110110001100,9.159798203856095,9.765625e-05
01101001101001010110,13.88518153442827,9.765625e-05
00011101110001010011,15.288073671620689,9.765625e-05
01100111010100101001,21.268747787999317,9.765625e-05
01011011110111100111,17.229184621992857,9.765625e-05
10011100000001111110,19.480692133815424,9.765625e-05
01000100101100110101,32.86112122615447,9.765625e-05
11111100100101111111,12.202844287855303,9.765625e-05
11011000111000001100,12.856351272978136,9.765625e-05
11010110110000010101,10.603964675039103,9.765625e-05
10001101101011010101,17.787036483686443,9.765625e-05
11011100000100101010,13.623107441755298,9.765625e-05
01111110011011110111,15.531064550913651,9.765625e-05
11010010111011001000,16.428780336095116,9.765625e-05
00100111100101001001,15.609164376246776,9.765625e-05
01100111111001010111,14.317167433388413,9.765625e-05
01100111001100110101,19.08060612117813,9.765625e-05
00001110111100101101,32.99246776595429,9.765625e-05
00110011101100000010,14.355464405127332,9.765625e-05
10010111011111010100,16.643673720473082,9.765625e-05
11101101111100101100,14.326454031061822,9.765625e-05
00111111111111101010,13.659842129227412,9.765625e-05
11000111001111111001,16.05955794716955,9.765625e-05
00100010101001110110,45.60477367859798,9.765625e-05
00111100001010001111,16.35546440512734,9.765625e-05
11110001100011010111,17.068031296518733,9.765625e-05
10000011001110000111,31.13312871026647,9.765625e-05
11010110100101001000,12.469444721902121,9.765625e-05
11010110110100000110,13.757596263212921,9.765625e-05
00110110011110001110,19.052989721232205,9.765625e-05
11011100110000011011,10.055203370773237,9.765625e-05
10010100000010100110,24.755727184313074,9.765625e-05
10010111011001011011,18.857513063963367,9.765625e-05
10110100011010111001,18.80018306129879,9.765625e-05
10011110101100000001,18.74507212781067,9.765625e-05
11111001111111100101,13.560364038964009,9.765625e-05
01100111001100101010,24.549321804416156,9.765625e-05
11010110111001001101,14.276446917052652,9.765625e-05
00001000010000100001,34.308485891544166,9.765625e-05
00001111010000100011,19.08060612117813,9.765625e-05
10110101100101010101,10.66499465152222,9.765625e-05
01101101000101100011,16.899358318562264,9.765625e-05
10001101001000111000,16.480977079775414,9.765625e-05
11000010000000101010,19.42207747389451,9.765625e-05
01111101110111111111,15.282921149325892,9.765625e-05
01010011011101001100,13.505299119905386,9.765625e-05
11000111110100001101,11.805268123521692,9.765625e-05
00111111101101110111,15.956611087990785,9.765625e-05
00100111001011010011,18.137733656499805,9.765625e-05
01001101011100110001,14.17149140064753,9.765625e-05
01001111010000110110,14.981523301199772,9.765625e-05
01001011010000101000,16.504881855060745,9.765625e-05
11010011110000000101,10.720209166334726,9.765625e-05
10000101001101000111,21.074234328130405,9.765625e-05
11000111111001000010,17.39572654463488,9.765625e-05
00100101011000010111,20.80018306129879,9.765625e-05
01110110110000010111,12.470879699241896,9.765625e-05
10011001100011100001,17.78687565560812,9.765625e-05
11000110100001011011,16.252382429914178,9.765625e-05
11001100100100110000,8.265476457236415,9.765625e-05
11100101111001011111,13.782860561903199,9.765625e-05
11000111011100000100,14.323643738481834,9.765625e-05
01011000000001010001,16.76064370802217,9.765625e-05
00001101000010100010,17.74320304891082,9.765625e-05
10001100001011100010,18.816560826283244,9.765625e-05
11001111000011100101,19.63032465388164,9.765625e-05
11010011011000001100,11.714649799653301,9.765625e-05
11111000111010101010,11.495049961286107,9.765625e-05
11110110111111011000,12.01267343763719,9.765625e-05
00001010001111101001,42.81928147872786,9.765625e-05
10011001000110100011,18.34299180216668,9.765625e-05
01101101010011111111,16.848731472365543,9.765625e-05
10011101011001101101,14.45788659188935,9.765625e-05
01101100011101101010,16.74128867916273,9.765625e-05
10111101111000100110,16.381340306347198,9.765625e-05
10001011111010011001,31.596063078642864,9.765625e-05
11001111110001101000,15.409248726191095,9.765625e-05
01111101000111011101,18.63806562933962,9.765625e-05
01001111001010011100,15.057066208079736,9.765625e-05
11110001000000111010,20.172508144549884,9.765625e-05
10110101111011100101,17.839182538109604,9.765625e-05
01010001011110110000,29.04579309537197,9.765625e-05
00100111001000001011,20.583484700776474,9.765625e-05
00110001110110000000,15.030840327423075,9.765625e-05
00010110010100100011,17.04449148179701,9.765625e-05
01111100010010011110,13.210624094588301,9.765625e-05
10110110111101011000,18.753465632277926,9.765625e-05
11110001011000011110,12.729642552520769,9.765625e-05
00111100011000000001,8.737530931309248,9.765625e-05
00111101011000111000,17.69931463724999,9.765625e-05
01011011010011000000,13.624576037465076,9.765625e-05
11001000000010001010,18.57570906206833,9.765625e-05
11011100010110111100,8.329264323641809,9.765625e-05
11000111101100010001,16.654130777320166,9.765625e-05
10001111100011001000,16.90531785797465,9.765625e-05
10010011000001011000,17.7365613068121,9.765625e-05
10111100001011010010,18.556889643273166,9.765625e-05
10001101101101101011,17.882373962710638,9.765625e-05
00011011111000000101,18.442286590021027,9.765625e-05
11011100011100110111,7.699875784694148,9.765625e-05
11101100100000100011,15.772678656215763,9.765625e-05
10011010101010000100,27.18780968858319,9.765625e-05
11110111001001010010,31.73448285004595,9.765625e-05
11000111010101011001,11.612431157590365,9.765625e-05
01010110111000011001,17.72308618456555,9.765625e-05
01111101010110111010,19.232313653566894,9.765625e-05
00111101010110110010,13.230450816260399,9.765625e-05
01111001010111000110,12.278842567273683,9.765625e-05
11001001101110010100,17.17090183154656,9.765625e-05
11110100100101011010,9.876370590452312,9.765625e-05
11000100000100001101,13.653191228782399,9.765625e-05
01011011000111000101,16.728569139559184,9.765625e-05
01010111111101011100,18.408214351644588,9.765625e-05
10110011101001101101,20.159620713726397,9.765625e-05
01011011111110000111,16.160661537006312,9.765625e-05
01111011111110111010,17.080731464048363,9.765625e-05
00110111100101110111,16.34976866029979,9.765625e-05
10010011101001100000,18.682882553514016,0.0001953125
00100111001111101001,20.317167433388416,9.765625e-05
01111001110100100101,13.21343438716829,9.765625e-05
10000111010110001000,15.897743777524294,9.765625e-05
11110000011000010010,10.181228430541958,9.765625e-05
01110001000001011010,19.892662246872202,9.765625e-05
01100111110110001110,17.53082347446965,9.765625e-05
11110100011010000101,12.729642552520772,9.765625e-05
11110001100110110111,18.135929316809502,9.765625e-05
01011100110001100101,14.058193775968608,9.765625e-05
11110001011000010001,12.316699370523239,9.765625e-05
11000011011011000100,14.002395650221032,9.765625e-05
01111111011111101111,16.163760601384368,9.765625e-05
00010011000001101000,17.143841333663758,9.765625e-05
11111001101111100000,16.64654876310243,9.765625e-05
01110001110011011101,19.882594060244596,9.765625e-05
01001110010110100001,15.59424459062349,9.765625e-05
00111101110101010001,9.41977709058434,9.765625e-05
00010100101001001010,36.75567565187148,9.765625e-05
01001110111001000111,20.80018306129879,9.765625e-05
10101101100110101100,20.737530931309244,9.765625e-05
11011111111011010011,19.68572082759702,9.765625e-05
11011011111001101011,18.984118730377354,9.765625e-05
11010111000100001001,23.003880359064993,9.765625e-05
01101011111010101110,18.04184463978103,9.765625e-05
01110110011011111010,18.68273368134138,9.765625e-05
01101011110010101110,19.664936877487264,9.765625e-05
10001111001011111011,19.34961417219149,9.765625e-05
10010110011110010000,17.72026965039221,9.765625e-05
11110001110001101011,13.707479119145955,9.765625e-05
11010111101111000001,22.389090320548263,9.765625e-05
11110101111101010001,8.690744584214166,9.765625e-05
10110101011001001101,15.025505716911418,9.765625e-05
11000111100100010101,12.840415848428206,9.765625e-05
10100101011100001000,18.547822811448082,9.765625e-05
01111111111000101010,27.4168006374178,9.765625e-05
10010011100011001011,19.82838976431365,9.765625e-05
01110001010000000110,10.443341365329768,9.765625e-05
00110110011100111000,17.72026965039221,9.765625e-05
11010110111100011101,10.962663701142338,9.765625e-05
01111011100110001111,21.5538448209496,9.765625e-05
01111011111101100011,18.137733656499805,9.765625e-05
11110100100001011100,11.851986286963623,9.765625e-05
11000111111100110100,14.049543660070974,9.765625e-05
00001101110001001100,18.91057876682106,9.765625e-05
11111011010000010000,41.6307729146106,9.765625e-05
01110010010100000010,14.139174445370625,9.765625e-05
01001111001111000010,14.315449289389882,9.765625e-05
11011001010110110100,11.480692133815424,9.765625e-05
01110101010001010110,14.376554425540558,9.765625e-05
11110110111110010111,14.197945579841132,9.765625e-05
10011011101010101011,22.31536934613128,9.765625e-05
01110011010100110000,15.508331546169451,9.765625e-05
11011010101110001111,21.978543425225812,9.765625e-05
10011001100101000110,18.442286590021027,9.765625e-05
11010011010111101001,13.038635632472388,9.765625e-05
00110011100000101000,17.950115410075135,9.765625e-05
11010110011101101000,12.740341223889233,9.765625e-05
11011100010100101101,8.142305277882082,9.765625e-05
11101001101010001001,21.996832839096,9.765625e-05
11010011111100010010,16.73154994625445,9.765625e-05
11110001110110110100,11.640873113930047,9.765625e-05
11000001000011100100,14.739381285429046,9.765625e-05
10011111111110001111,18.069152797478313,9.765625e-05
11000101110100110101,13.500159913595018,9.765625e-05
11100100101110001000,16.686857776415767,9.765625e-05
11001100101001101111,17.677316210818177,9.765625e-05
00011101000011110111,18.327914927175932,9.765625e-05
00100110101010101010,27.93224523665106,9.765625e-05
11010110001010111110,23.829983681667134,9.765625e-05
11001100100111010110,14.45403306068382,9.765625e-05
01110111011110000110,18.19047537498242,9.765625e-05
11011100110010110100,9.306382457564798,9.765625e-05
01110010100100001111,18.188233195021184,9.765625e-05
01110110101101100000,17.39572654463488,9.765625e-05
01011011010110000010,13.95387595507836,9.765625e-05
10000111010001001101,17.27177378716616,9.765625e-05
00110011001010010001,18.183614394726035,9.765625e-05
10011111101011011111,21.370800906678067,9.765625e-05
11011000110110000110,14.340480603875752,9.765625e-05
11001110110010101001,15.586709635715414,9.765625e-05
10011101110110001101,15.228832830778828,9.765625e-05
00100010000001010011,43.217218777377354,9.765625e-05
01010110011001101111,24.06915624192192,9.765625e-05
11010100010101000001,6.067964658404751,9.765625e-05
11100001001011001101,20.47548881350009,9.765625e-05
01110001000001000000,15.182180151807323,9.765625e-05
01100110100111011100,18.832305335955652,9.765625e-05
01110011011001110010,16.78195495303435,9.765625e-05
11110100111000000001,7.313898763980209,9.765625e-05
10010101000001001000,18.262816348944828,9.765625e-05
01110011100101010011,17.330606227242424,9.765625e-05
00101101100001001010,15.996832839096001,9.765625e-05
11010000110000001100,10.856351272978136,9.765625e-05
01111110101110101011,17.193336465582938,9.765625e-05
10010011110010100100,16.13787003464592,9.765625e-05
01001100010001110101,14.835925541179645,9.765625e-05
01101100100000110111,14.640002081184166,9.765625e-05
01001111001111100101,13.47661583247177,9.765625e-05
00110101001101101001,18.352053115979658,9.765625e-05
00111111101111000011,12.584582476133413,9.765625e-05
00111101011011101001,15.19142907184926,9.765625e-05
00111111010110101110,20.121900033973027,9.765625e-05
11111001110100010000,16.558207184478427,9.765625e-05
11110100110110001001,8.546109999957773,9.765625e-05
11100111001111011100,17.98800596748974,9.765625e-05
01001111001011000000,15.018876556376064,9.765625e-05
01011011000001101011,23.908969107341147,9.765625e-05
10010110000011100101,20.470879699241898,9.765625e-05
01111101011111000011,11.370800906678078,9.765625e-05
11100001001000010110,14.737530931309244,9.765625e-05
11110000000000111111,17.15141812413666,9.765625e-05
11001110110000011001,18.60021933408494,9.765625e-05
11111100011110111010,9.685749885707885,9.765625e-05
00001111001100000101,16.745072127810666,9.765625e-05
00111100110100110000,11.309192750144787,9.765625e-05
11000100011001001100,16.227644691705265,9.765625e-05
10000111010010000000,16.980885654940625,9.765625e-05
00110110110000100101,18.486287828889388,9.765625e-05
10001001101010001001,25.62492592977467,9.765625e-05
01110111011100011011,16.994576805072953,9.765625e-05
01101100000010110110,14.347363029774543,9.765625e-05
11100001100000111110,15.226985921102635,9.765625e-05
01010000101010000001,32.75567565187148,9.765625e-05
11001100111111001011,20.217221487399897,9.765625e-05
00011011010110000011,16.671212788806272,9.765625e-05
11101100101000111111,14.640002081184168,9.765625e-05
11001110101000100101,19.98839396749311,9.765625e-05
11000011100000110101,15.586709635715417,9.765625e-05
01011111010010111110,20.37756589644235,9.765625e-05
11000100101011110100,23.788347783298363,9.765625e-05
00011110001111001000,13.151418124136661,9.765625e-05
01110110110001010011,11.829569039308176,9.765625e-05
01101101000010100110,19.871139033984033,9.765625e-05
10010111100001001101,15.842475754668719,9.765625e-05
00000101111011011110,45.84300149360182,9.765625e-05
01001100010011110000,12.289121176647763,9.765625e-05
00111001001001000001,14.804136936525156,9.765625e-05
11011000011110111011,18.045432695477153,9.765625e-05
01101011101111100110,20.14846865626081,9.765625e-05
01011110001011111111,18.538651761844573,9.765625e-05
01010010000011001000,17.159798203856095,9.765625e-05
00101101001111110011,15.280897582317746,9.765625e-05
00001101110001101000,19.73406531257023,9.765625e-05
10011100011010101011,15.600787740970949,9.765625e-05
01101101001100001011,19.740058057230478,9.765625e-05
11111101110111111101,12.85751306396337,9.765625e-05
01111100010101010110,9.39572654463488,9.765625e-05
11110100100001001110,15.466223231406786,9.765625e-05
00100111001011100101,20.06915279747831,9.765625e-05
10001111001110000110,22.61149618550357,9.765625e-05
01001111011011100100,11.160867448792827,9.765625e-05
11110100001100011100,11.706185303543332,9.765625e-05
10010110001001100010,23.16086744879283,9.765625e-05
01110011010011011010,15.585099790731629,9.765625e-05
11010000010010010011,16.374636524221657,9.765625e-05
10010001010000111011,23.074234328130405,9.765625e-05
11110100010001001000,11.334918527171787,9.765625e-05
01111100011001010000,7.583899343135428,9.765625e-05
01110000000110010000,13.591318749973608,9.765625e-05
01111000011000100000,9.288173721374273,9.765625e-05
11000100001100110001,14.974248325878298,9.765625e-05
00011011100001010000,20.163010008314476,9.765625e-05
11110000110100000000,5.610835341332443,9.765625e-05
00010001011100001101,27.18607469702941,9.765625e-05
11001101010111000010,12.844154947789026,9.765625e-05
11110101110010010111,17.38773437738196,9.765625e-05
10010101010101100000,11.363664372231387,9.765625e-05
01110001101100010100,15.359656254540884,9.765625e-05
01111000100100001011,16.486287828889388,9.765625e-05
10010011100110000000,14.729642552520769,9.765625e-05
11001101010101011111,13.565661461706837,9.765625e-05
11011100011010001110,15.044845640098478,9.765625e-05
01101111111011100011,17.372702058818398,9.765625e-05
01110010100010001011,18.188065390928443,9.765625e-05
01111101010011011111,16.351638473620703,9.765625e-05
01111001010000110101,15.324182792989713,9.765625e-05
00011110101000111101,22.566638062218395,9.765625e-05
11101101101010011101,19.074927761983204,9.765625e-05
10110100101100101011,14.618944944719878,9.765625e-05
11000001000010001100,14.766381299254355,9.765625e-05
11001001111001011110,18.071433721587372,9.765625e-05
11011000010100100110,12.857580229768011,9.765625e-05
00011001110000000100,15.91901662057544,9.765625e-05
00101101100100000110,14.737530931309244,9.765625e-05
01011100111110100110,20.555358707917282,9.765625e-05
00110111001101000001,12.121900033973027,9.765625e-05
11001011001110110100,19.82316080910452,9.765625e-05
00110010010111011011,35.357955958713276,9.765625e-05
00010010000010101000,21.448354701488896,9.765625e-05
01011011111110101001,19.021542155648095,9.765625e-05
11001101011110100111,14.63311893170413,9.765625e-05
01110010100001100001,19.624511287415714,9.765625e-05
01101001001110010010,16.972947730151848,9.765625e-05
11000101100001110000,14.322705245664045,9.765625e-05
11111001111101110010,12.409768321497868,9.765625e-05
00010111011111011000,15.7828605619032,9.765625e-05
11001100111000000101,12.967995601631454,9.765625e-05
11101101111000001110,15.711838772652246,9.765625e-05
10010101110001010011,17.331020869601375,9.765625e-05
11011100010001010110,11.898703715984485,9.765625e-05
11111001011101100001,17.128332125574367,9.765625e-05
11000000001100001011,28.055486537431996,9.765625e-05
00011111100111011111,15.818204621322664,9.765625e-05
00101000110100011010,45.30761036947451,9.765625e-05
00111001100001100101,17.748543813478975,9.765625e-05
01110011101110111101,22.206425269160334,9.765625e-05
01001100000100001010,15.17211558428738,9.765625e-05
11100101100001110100,11.140201843902712,9.765625e-05
01011001000110110110,19.111332751177564,9.765625e-05
11110010101000001101,17.466223231406783,9.765625e-05
00110101011011000110,18.609935064971822,9.765625e-05
11110011110001111001,16.1008100135598,9.765625e-05
11010110011000111111,17.157096483331586,9.765625e-05
11011000101011110100,19.012185915570907,9.765625e-05
00111101111110010100,12.487241525756229,9.765625e-05
10110000111100100010,20.293756198840473,9.765625e-05
11111100101110011011,11.194929266711242,9.765625e-05
01001100000000001100,15.0,9.765625e-05
00001111111000000011,19.157096483331586,9.765625e-05
00011100110000010001,12.825638067726528,9.765625e-05
11110101010000100100,20.507783540045686,9.765625e-05
00010111011100010110,18.731549946254447,9.765625e-05
11011110111110101001,11.157096483331586,9.765625e-05
10010110000110011011,17.390605888440504,9.765625e-05
01101001001001101111,20.783821234784458,9.765625e-05
10100000001010101011,38.050334015137196,9.765625e-05
11010110100110111000,13.730569607032024,9.765625e-05
01101001000101100000,19.898703715984485,9.765625e-05
00011111000011100001,15.75067063087419,9.765625e-05
11011110101110110100,15.664798317009273,9.765625e-05
10100101100111001101,19.19199718446801,9.765625e-05
01011110101100111101,17.59424459062349,9.765625e-05
11010010100011111000,17.64087311393005,9.765625e-05
01111010101010001111,20.19603818610745,9.765625e-05
11001101111110011111,17.538671133918477,9.765625e-05
00110111100111010001,11.740754320709021,9.765625e-05
00111101001101000110,10.333607227559876,9.765625e-05
01111110111011110111,14.3058545478445,9.765625e-05
00101111111010000010,17.443568097101007,9.765625e-05
00110100110000000011,11.577802810010741,9.765625e-05
10001111101111111110,19.138858601902992,9.765625e-05
11110001110010111001,16.13690591732106,9.765625e-05
01111011100011100010,23.08079350407518,9.765625e-05
11001100001111100111,16.520513930169553,9.765625e-05
11000100001001000011,18.428347143620165,9.765625e-05
01111000011011101110,18.235891837722193,9.765625e-05
01011001000001101111,22.943382286411286,9.765625e-05
01110010100100011110,17.88317379667375,0.0001953125
01011101010101100111,13.34604622299035,9.765625e-05
01001110110000101010,18.427698059054492,9.765625e-05
11101001100111100110,18.69134558078185,9.765625e-05
11011110110000101001,15.409248726191098,9.765625e-05
11011000000001100000,14.354863114292389,9.765625e-05
01100111110110011010,17.195573703480928,9.765625e-05
11100101110001110111,12.090239286320728,9.765625e-05
11001111001110100100,18.376653017291822,9.765625e-05
11000011011000001100,11.565077850771768,9.765625e-05
00011101011000100111,17.911844062843297,9.765625e-05
10010111110111011000,12.207453402113494,9.765625e-05
11110100011111100001,11.37743713076469,9.765625e-05
11100001101100110000,15.91125274147275,9.765625e-05
00011011011011000110,16.468511561592564,9.765625e-05
00000111011010101100,24.378754671969954,9.765625e-05
11101101101110110111,15.062368239749533,9.765625e-05
00110011100110000000,13.09671821389983,9.765625e-05
10100001100100111101,30.2479987082798,9.765625e-05
00010111000101110001,13.627732054329805,9.765625e-05
01111011011011110110,16.511902117856284,9.765625e-05
11110000100011010010,15.761783759097739,9.765625e-05
01011010101000100010,20.946414625548154,9.765625e-05
00101101110010001100,20.608573789297296,9.765625e-05
10010110100010001011,19.27232876930435,9.765625e-05
01100100111000000111,19.16013841012873,9.765625e-05
01001011010010000100,12.46944472190212,9.765625e-05
01001100100000000100,14.090619058289457,9.765625e-05
11001100101000110111,13.905297380925033,9.765625e-05
10000111001101110001,18.782041061598918,9.765625e-05
11110101010000100011,22.35284065225995,9.765625e-05
11100110001100101001,22.991237144022037,9.765625e-05
11100100111010110001,16.660957094326385,9.765625e-05
11100101110111101000,16.42417122183692,9.765625e-05
11110001011011011101,15.889613158556765,9.765625e-05
11011111110010111010,22.42805429092445,9.765625e-05
11000011001010110100,15.896840878677988,9.765625e-05
01100011001010010100,15.210624094588301,9.765625e-05
11000100000011100000,15.168091538966571,9.765625e-05
10010111100001110001,17.06958617545713,9.765625e-05
10110001110011100110,18.688861895062622,9.765625e-05
00011111001001011010,19.62373715424706,9.765625e-05
11000011001000100100,14.640356239485634,9.765625e-05
10111011001100011000,38.05811129735152,9.765625e-05
11111001111011011110,14.585202844775008,9.765625e-05
01111100011100110000,5.809966143494188,9.765625e-05
10000111100001101110,18.128536258059647,9.765625e-05
01011110100100000111,17.508331546169455,9.765625e-05
11001101000010111010,18.16084704803059,9.765625e-05
11000110001011010100,16.740341223889235,9.765625e-05
01111100000110010011,9.65971678635718,9.765625e-05
00011111011111101010,13.405027731539482,9.765625e-05
10111101000001110100,24.947332804730898,9.765625e-05
11010100011100000100,10.272506259434047,9.765625e-05
11010110001110111101,15.759156474659548,9.765625e-05
00001101000000110100,15.138566178521263,9.765625e-05
00111001010010101100,19.404106624354313,9.765625e-05
11011001001110100010,18.938590262387976,9.765625e-05
00000111110001111101,24.161076179365267,9.765625e-05
10010110110010001011,17.76178375909774,9.765625e-05
00110111001111011011,15.28844492203584,9.765625e-05
11110001110000011101,9.766920353762238,9.765625e-05
01010010000000000010,16.31108222980687,9.765625e-05
01001110101011010001,15.651276135453056,9.765625e-05
11100000001011100110,26.142867443174744,9.765625e-05
00111110100010110000,20.4578068232948,9.765625e-05
10110100000010111110,23.69822248866854,9.765625e-05
11011101010001100111,15.285857203293734,9.765625e-05
01100000100000001010,21.120261560602017,9.765625e-05
11011000001101111100,18.88073557646683,9.765625e-05
11110001111111000011,15.534539670185747,9.765625e-05
00011101000101101001,14.665312481431146,9.765625e-05
01011110111110001001,12.48724152575623,9.765625e-05
11110100001101101011,14.44428464173859,9.765625e-05
10011100100010001100,18.963017859443806,9.765625e-05
01100111100001011101,15.278071878548634,9.765625e-05
11110100111100010110,7.229796213682622,9.765625e-05
01010110011001100001,17.145748727397443,9.765625e-05
10100101001100101000,18.928514022389784,9.765625e-05
11001110100010101101,17.583899343135425,9.765625e-05
11000111011101011100,10.916906210581665,9.765625e-05
11001101010011111110,11.157096483331582,9.765625e-05
01111101101101000000,18.536282546839068,9.765625e-05
11110100010011110011,12.848731472365541,9.765625e-05
00011111010011001101,13.46137885298395,9.765625e-05
01111100100000001111,17.638127571399423,9.765625e-05
11111001111100010011,14.202844287855305,9.765625e-05
11100100101001010000,10.132627763452358,9.765625e-05
10111001101010001110,20.069163217936335,9.765625e-05
01011110100110001011,17.07108309485671,9.765625e-05
00110101010000010100,14.469444721902114,9.765625e-05
01011100001001110010,16.534996784607024,9.765625e-05
10111100110011100000,15.332656240715572,9.765625e-05
10010011100101001000,13.431992874974561,9.765625e-05
00111111101110010111,15.731420544122749,9.765625e-05
01011010010011000001,17.27232876930435,9.765625e-05
00010110101100100000,21.54595997414159,9.765625e-05
01111000001010000001,13.394772847768042,9.765625e-05
00110100100101000000,9.606717193584146,9.765625e-05
01010011010001000010,14.114031027258463,9.765625e-05
10001101011010001100,18.78740656961822,9.765625e-05
00001101001110011010,21.02343956907756,9.765625e-05
11001001101100111010,20.006590220496943,9.765625e-05
11101101100101001110,16.905317857974655,9.765625e-05
00011100010000010001,10.42769805905449,9.765625e-05
11001000100110011011,28.166771200611564,9.765625e-05
00110011011001100101,18.791079079123246,9.765625e-05
11011001100111001001,19.109601291194586,9.765625e-05
01111110001110000111,17.389090320548263,9.765625e-05
00111010101010001000,21.43199287497456,9.765625e-05
00110100010111000110,18.188168444971822,9.765625e-05
00110100100000000001,11.117262203790759,9.765625e-05
00001111100001011011,18.250516148164074,9.765625e-05
11100101011110101100,19.226985921102635,9.765625e-05
10010100101100101000,21.116058137086895,9.765625e-05
10010111010101100000,13.324182792989717,9.765625e-05
10001101001100101000,15.138566178521264,9.765625e-05
11001100000001010100,12.459371202766286,9.765625e-05
01001110100100000001,17.066804940988007,9.765625e-05
01111100001111110111,10.184606406426713,9.765625e-05
11101101111011101011,16.246671481037577,9.765625e-05
10101101101100111101,20.50643582491402,9.765625e-05
10001101101110100010,18.61525113620731,9.765625e-05
01001111010010100100,13.585813712883521,9.765625e-05
01111100100111000000,11.996832839096001,9.765625e-05
01111010101011100110,21.066287451725735,9.765625e-05
11001001100110111000,17.91125274147275,9.765625e-05
01011111111101010111,14.01682301133211,9.765625e-05
00111101111001100011,10.90703527839194,9.765625e-05
01000110000001000000,13.343709070385504,9.765625e-05
11100110001011001101,24.114031027258463,9.765625e-05
11111001110101000000,16.1849319359313,9.765625e-05
11011100111100111110,11.266239310570752,9.765625e-05
10011101010010100111,17.25333341675848,9.765625e-05
11001100010011100001,12.214455544107032,0.0001953125
11011111111101010100,16.457806823294803,9.765625e-05
11110000011100101011,14.374636524221655,9.765625e-05
01001101011001100110,13.819378094877646,9.765625e-05
11110001011010101111,18.539439112620986,9.765625e-05
11110001100101110111,14.591218700220033,9.765625e-05
01010001100001100110,32.62867546043333,9.765625e-05
11000100100001001011,18.69547965616045,9.765625e-05
10000111001000000100,19.297951579824833,9.765625e-05
00100110011010011100,29.436010678702022,9.765625e-05
00101101100101100011,14.515785823397863,9.765625e-05
01111100011111000111,7.604365277832378,9.765625e-05
11011011111100010111,20.51764866070436,9.765625e-05
11100111101000001110,22.139174445370628,9.765625e-05
00001011010010000010,20.362456861083913,9.765625e-05
00110101100100001001,17.217269368257828,9.765625e-05
00100101000001001000,15.85198628696362,9.765625e-05
00110011101001000100,14.25693106011488,9.765625e-05
10001101001001100101,14.451093071704868,9.765625e-05
11001101111011001010,17.2831215431003,9.765625e-05
01001100110011000011,18.5063399431853,9.765625e-05
01100001110001001011,22.656662180029638,9.765625e-05
11110000110010101100,12.76782596263109,9.765625e-05
01101100100000110110,13.301615225250822,9.765625e-05
11101111111111110101,21.853513908728573,9.765625e-05
01111100011001011000,10.603964675039105,9.765625e-05
00011101001110000101,15.472245328445155,9.765625e-05
01010110010000011000,11.706185303543332,9.765625e-05
01011011000011010111,19.01676876886797,9.765625e-05
01110110000111111011,18.137733656499805,9.765625e-05
00111101101111000111,10.883073746920177,9.765625e-05
01100110000101010111,21.93660843256798,9.765625e-05
01110000001011010000,17.57780281001074,9.765625e-05
11111001001111000011,21.016768768867973,9.765625e-05
00100101010011000111,20.722475316457032,9.765625e-05
11011101011100000111,15.37095873046659,9.765625e-05
01001100110010110101,18.528698693224552,9.765625e-05
11000110100011001001,14.848764062047216,9.765625e-05
11110001110101011111,12.687342795599573,9.765625e-05
00001110100010000000,17.26838811168575,9.765625e-05
00100110001010011000,22.09322595280523,9.765625e-05
10110101011010101010,24.72866595200921,9.765625e-05
01011100010011000000,10.424583154173337,9.765625e-05
11001101110110010101,11.947323031566745,9.765625e-05
10000001010100001010,26.276861559411607,9.765625e-05
01101000011110101100,29.30947247235994,9.765625e-05
01101100001010010110,11.634560874218506,9.765625e-05
11011100110101110001,5.2194111170710284,9.765625e-05
00001000010000100100,34.50825057422253,9.765625e-05
11011101110101100001,11.118407772878435,9.765625e-05
01110111110101111100,15.04539093619971,9.765625e-05
11000111100101110100,10.614316164120513,9.765625e-05
11110100100111011001,10.798839612159004,9.765625e-05
01101100100100000111,14.740341223889235,9.765625e-05
00110100000110011101,18.859051535500335,9.765625e-05
11100100000101101010,16.740341223889235,9.765625e-05
01100011100010000101,17.09671821389983,9.765625e-05
10001101111010010001,19.34807333281877,9.765625e-05
11010011100001010110,17.48723881573369,9.765625e-05
01111100110100001101,10.958899711695508,9.765625e-05
01111011111111111110,17.195054609581476,9.765625e-05
00010011011000001001,16.27644691705265,9.765625e-05
01011100011000100001,11.1279190395944,9.765625e-05
00100101000000001011,20.96136906358179,9.765625e-05
10111001111100011110,21.64087311393005,9.765625e-05
01101101010101110010,12.791487665392728,9.765625e-05
11011110110000001011,18.172508144549887,9.765625e-05
01100011010000111000,18.983695947520612,9.765625e-05
00110111100011101100,21.98506419920956,9.765625e-05
00111001101001000001,14.247834435757868,9.765625e-05
11101101000010000100,26.817921024601603,9.765625e-05
10011001100010011000,21.313898763980205,9.765625e-05
11011100011101010010,8.640002081184164,9.765625e-05
11001101100001010101,11.14235336588007,9.765625e-05
11001111111010011111,16.51764866070436,9.765625e-05
10110001111011011000,20.656662180029638,9.765625e-05
11100111001110010011,24.93056800833586,9.765625e-05
00011111111111000011,12.393605539519022,9.765625e-05
11100101110010110110,16.32411180134701,9.765625e-05
10110001100100000100,12.11630226533057,9.765625e-05
11001111001011100111,19.21606113352911,9.765625e-05
11010010110011111011,22.0022342948617,9.765625e-05
10110001111000110101,18.54267028915328,9.765625e-05
11001101010010110100,10.227977725663248,9.765625e-05
00111001110110001010,17.096653463850473,9.765625e-05
11110011110010111000,15.135056297622324,9.765625e-05
10110000011100000000,18.45528938341053,9.765625e-05
00110110000111010011,16.04615465975016,9.765625e-05
01110011010001011010,15.539510104263691,9.765625e-05
01110110011011000111,15.511728795751447,9.765625e-05
10110101001000011100,21.979989732108727,9.765625e-05
11001011110000101111,20.36026276912067,9.765625e-05
11011100010111001000,9.75759626321292,9.765625e-05
11011011101111100100,17.880125628283253,9.765625e-05
00011101000011010100,16.071495027193123,9.765625e-05
11001101111110010110,13.925337088321623,9.765625e-05
00001101010111000010,14.618944944719875,9.765625e-05
00100001111010011100,35.86305340075767,9.765625e-05
01100011110001100110,17.494651246557453,9.765625e-05
11100100000100010010,13.268968718331015,9.765625e-05
01110101110010010001,21.238843379166536,9.765625e-05
11110101010100001011,17.934771296055942,9.765625e-05
11000001000000010010,14.928514022389782,9.765625e-05
01111000011100010010,10.428347143620169,9.765625e-05
01100111111101011000,13.768490251245822,9.765625e-05
01011011011010101100,14.267781607945782,9.765625e-05
01011010010000101111,19.876370590452314,9.765625e-05
11111000100110111010,16.23259682022566,9.765625e-05
00001111001111000000,10.844154947789026,9.765625e-05
10010111110100011000,12.832874651926785,9.765625e-05
10000101010011010100,18.5371171640652,9.765625e-05
01010101000000010101,26.268507191326457,9.765625e-05
11110100010111100101,12.112109681495955,9.765625e-05
11101101100101101011,17.871751790157166,9.765625e-05
00010011010101000110,17.592695953278437,9.765625e-05
01111101111111110011,12.595971991344996,9.765625e-05
11011101110101001101,11.881956599489328,9.765625e-05
11110101110110110111,15.450791463693504,9.765625e-05
10110101100100010101,12.832864965889833,9.765625e-05
01110010000000010100,17.221423844398668,9.765625e-05
11001111001011101011,19.876466766448296,9.765625e-05
00000111000000101101,19.69177344074857,9.765625e-05
01101101111111001110,15.647322161850017,0.0001953125
01111011111001001001,19.461378852983948,9.765625e-05
01111100000000010010,14.567611218286348,9.765625e-05
01011010000010111010,18.942588683201706,9.765625e-05
01110110110100110001,10.917512725161448,9.765625e-05
10001100001000100000,15.142583982248725,9.765625e-05
10011001100100000001,16.69386718869098,9.765625e-05
11010010110001000000,12.608573789297294,9.765625e-05
01101110001001010101,25.331818091918624,9.765625e-05
01110010100011000001,17.326456653547506,9.765625e-05
01110001100010101000,30.439570399868526,9.765625e-05
00111101011101110101,10.563637061900947,9.765625e-05
00110100110101000101,14.102621231297503,9.765625e-05
11011100110000000011,10.250886234095848,9.765625e-05
11000110000010101001,15.898703715984485,9.765625e-05
00001111101100000000,15.487626815737059,9.765625e-05
01011011010000000010,17.574219118683164,9.765625e-05
01111001000111000010,16.91271789273892,9.765625e-05
01101110001110100001,21.35465738800975,9.765625e-05
01011010010110001011,17.06635219093528,9.765625e-05
00001111011100111000,18.369072695248114,9.765625e-05
01011011011100011100,14.737530931309244,9.765625e-05
00100010000010101001,36.09801909305372,9.765625e-05
11010011100001001011,19.3698638718626,9.765625e-05
01100000010111101010,37.56452746672074,9.765625e-05
10010110010111000101,19.890676885481398,9.765625e-05
11011110111100111110,14.506435824914021,9.765625e-05
11010011010000100100,11.855757252424866,9.765625e-05
11100101101011010101,15.451768064205062,9.765625e-05
01110111010100100101,18.55222973099444,9.765625e-05
00111111100111001110,17.5538448209496,9.765625e-05
10000010100001000100,34.860712814549046,9.765625e-05
00100111011011001010,18.40105409159527,9.765625e-05
10100101100010000011,20.720757172458498,9.765625e-05
00111111111011110100,16.781954953034347,9.765625e-05
11111100011011110111,11.742771744500496,9.765625e-05
11001100101000111111,16.006590220496943,9.765625e-05
11010011000011111001,17.878545310341647,9.765625e-05
00000111000000100000,16.882756531829106,9.765625e-05
11010110000110011011,14.707330872631001,9.765625e-05
00000111000001001001,13.518002819005828,9.765625e-05
10111101101101101110,14.646548763102434,9.765625e-05
11100111111010011000,16.943059983370425,9.765625e-05
01011011001010010100,17.149626278472873,9.765625e-05
10011101010111111001,12.402522051260654,9.765625e-05
11000111110110000101,13.332656240715574,9.765625e-05
01001011010010101111,18.69134558078185,9.765625e-05
10001101100100110101,16.15737518769823,9.765625e-05
01100111110101001101,14.896362220690735,9.765625e-05
11000011000000101101,14.980885654940625,9.765625e-05
00111001111001010000,15.141919987901252,9.765625e-05
11001111011100111010,17.48510074553581,9.765625e-05
01100111111000010000,14.575984321991363,9.765625e-05
11000101010110100101,16.42834714362017,9.765625e-05
10011101101101010101,13.644280235052868,9.765625e-05
11110001100110111110,19.15786717205663,9.765625e-05
11001100110000110100,9.178047757762936,9.765625e-05
10001101000010000100,17.297951579824833,9.765625e-05
01001101001000110111,18.16466330434008,9.765625e-05
10011101100011100100,17.94355009050403,9.765625e-05
11010100000101111111,15.787036483686446,9.765625e-05
10010001010110000101,18.413719388734677,9.765625e-05
11000110100001011001,12.724994312720296,9.765625e-05
01110110010110010001,9.88012562828325,9.765625e-05
11010010000111001001,17.269512235131014,9.765625e-05
11011100000010111000,14.64598930783231,9.765625e-05
11001001000011101000,14.983695947520614,9.765625e-05
00010110001100100000,17.306382457564798,9.765625e-05
11011100111010010000,10.329264323641809,9.765625e-05
10111001110010101011,19.116766883752135,9.765625e-05
11111001100110111100,18.661963134343274,9.765625e-05
01000011010001000110,14.002395650221032,9.765625e-05
01011110111010001011,17.087371219705794,9.765625e-05
00100101100100010000,14.857580229768011,9.765625e-05
10011101001110111011,18.97085325862819,9.765625e-05
01100011110110000011,21.13481750188688,9.765625e-05
01110100000001111001,17.677319007967917,9.765625e-05
00110101100100011110,20.654944036031104,9.765625e-05
11100101010111111001,17.787636756672885,9.765625e-05
01110000111010010111,21.67198963199747,9.765625e-05
00111101111100111101,15.787036483686444,9.765625e-05
00101101001011101110,17.930923097358644,9.765625e-05
11011001010110101000,12.983695947520614,9.765625e-05
00100101000100000100,14.545012518868093,9.765625e-05
11001100001001111110,13.628721785321927,9.765625e-05
10010111101001011001,18.13259870534149,9.765625e-05
11011100111111010000,8.741288679162725,9.765625e-05
11000101100101100101,14.293168419880553,9.765625e-05
00010111110101010001,11.465534581145015,9.765625e-05
01100100110001110010,18.341428059149244,9.765625e-05
01011110001011100001,16.807779321812617,9.765625e-05
11010101010010011011,25.12067556650693,9.765625e-05
11011001011001000110,13.251335365040912,9.765625e-05
00101011100000100011,29.02538337833098,9.765625e-05
11010001011100000101,12.139421283636842,9.765625e-05
10010011011001100000,17.182637499947216,9.765625e-05
01011110010110111001,9.76388113698763,9.765625e-05
00111100111001000010,9.220051239181,9.765625e-05
01011100110111001001,15.341366840670691,9.765625e-05
01100111100000110000,21.00153710066185,9.765625e-05
11100101110100000010,13.233573420737216,9.765625e-05
00010011110001000010,17.342818480061837,9.765625e-05
00010111010011100001,15.191429071849258,9.765625e-05
01101100101000110011,12.851650777154816,9.765625e-05
10111101101011110100,18.200994668156564,9.765625e-05
01011101010110110001,15.090335168049446,9.765625e-05
01111110011001000010,19.02072346605226,9.765625e-05
01110110100101010101,12.513878429664182,9.765625e-05
10011011101011101010,20.942161557656053,9.765625e-05
11011100100100110110,10.787084277417177,9.765625e-05
00101001101000000010,16.49135967350453,9.765625e-05
01011010110000111110,20.962663701142336,9.765625e-05
01001111001101100111,16.26463860270673,9.765625e-05
01110010111010000000,11.569265346656588,9.765625e-05
01011010001110001010,17.24985185954934,9.765625e-05
10011100101100000110,16.326447789468475,9.765625e-05
01101011111011100011,21.774290508867374,9.765625e-05
00010111110011010001,15.283897749837443,9.765625e-05
11001100000100111011,12.86983984700417,9.765625e-05
10011100100011101001,15.007457808799217,9.765625e-05
00001111000111110100,14.18470301173668,9.765625e-05
00110110111101001011,16.187191844460262,9.765625e-05
11110001011101101000,12.654321593821011,9.765625e-05
10010011100001100000,15.702954127011036,9.765625e-05
01101100100001100110,14.916906210581661,9.765625e-05
01101100100110011001,17.39154336340978,9.765625e-05
10001101011010100000,15.625911492741938,9.765625e-05
01010100110100100011,25.04579309537197,9.765625e-05
01111001011010011110,14.355464405127336,9.765625e-05
00010010100000011001,24.340480603875754,9.765625e-05
10110101111100100010,15.106608088849477,9.765625e-05
01111000111011100101,18.037340907784642,9.765625e-05
01110111000011101010,33.09991138070537,9.765625e-05
01101110100011001010,20.804136936525154,9.765625e-05
11110111011101101100,18.997783825940306,9.765625e-05
01101111011110101000,20.45780682329481,9.765625e-05
01100011101011000001,19.18726283610297,9.765625e-05
01111001101010111100,22.924416275403722,9.765625e-05
00111100011001110010,11.651276135453056,9.765625e-05
00110110000000101010,21.137317849657475,9.765625e-05
00000111101000011100,22.596396836182095,9.765625e-05
11010110101101001000,15.313898763980205,9.765625e-05
10011101110001001011,15.487475967962949,9.765625e-05
01011100011001110001,9.822431781280246,9.765625e-05
01001101010001000100,9.511742835317127,9.765625e-05
01110011010011100100,14.347540432367378,9.765625e-05
11110110110110101000,13.210624094588297,9.765625e-05
11101101110101000100,15.711838772652243,9.765625e-05
00111111110100000111,18.46716379779306,9.765625e-05
00111111011011000110,16.84115821346345,9.765625e-05
00111011111000001110,18.829585701359548,9.765625e-05
01100101000001000100,14.110739454205536,9.765625e-05
00101101100100010001,16.311713634472667,9.765625e-05
11110000001000101100,14.121374109945707,9.765625e-05
01100110001100011010,17.498707157978693,9.765625e-05
11110100011111110011,12.515698904124847,9.765625e-05
01110011000010010111,19.108290726003737,9.765625e-05
01001110110000010000,13.977393393846025,9.765625e-05
11111001101001111111,17.616975608926396,9.765625e-05
10010011000000111010,21.50833154616945,9.765625e-05
01101101101011100011,19.334531779188644,9.765625e-05
00000111000001000000,11.26814127341953,9.765625e-05
10011001001110010000,19.586709635715415,9.765625e-05
11010100000010011010,21.483450893953815,9.765625e-05
00011110101111111100,22.329826488934472,9.765625e-05
11000111000101111101,11.836628955336662,9.765625e-05
11000011101011001100,14.7352053636458,9.765625e-05
10110111100011111100,21.51477788406688,9.765625e-05
00111100111000000011,7.88518153442827,9.765625e-05
11010001001101100000,17.92092130428658,9.765625e-05
00011111111111000101,11.772399042763999,9.765625e-05
01111001010001010010,14.087442211348502,9.765625e-05
00111100110111110110,18.308726782484293,9.765625e-05
00100110101011100000,24.606636515904476,9.765625e-05
10000111100110001010,18.509069350945566,9.765625e-05
00010111000011011101,16.72952283642602,9.765625e-05
11110100110000011010,8.74968124206886,9.765625e-05
11000110101100011001,15.19250146696234,9.765625e-05
00110101000101101111,18.947120651351042,9.765625e-05
11011100100111101011,14.155166185953187,9.765625e-05
01101100000011010010,12.906171210820656,9.765625e-05
11011111110111111110,13.915578983339437,9.765625e-05
01110001011011100110,19.789304102650885,9.765625e-05
11110100111100100100,8.188156870870245,9.765625e-05
01111100111111001101,12.538494367370035,9.765625e-05
01001011010001000110,16.961369063581788,9.765625e-05
11110100101000011010,15.483450893953815,9.765625e-05
01110111100100010001,19.949853689058784,9.765625e-05
01010110010100001000,10.545012518868093,9.765625e-05
11110001111110011000,14.542339034496528,9.765625e-05
00011111010110101110,15.599830599660502,9.765625e-05
01000011010001101110,18.73615906051264,9.765625e-05
11010001010001011110,14.276446917052649,9.765625e-05
00101101111011110100,18.32982648893447,9.765625e-05
11110110011010001100,19.273695132928673,9.765625e-05
00110111010111010001,11.776211854629882,9.765625e-05
10110001001001101111,20.893384124018006,9.765625e-05
01001111000000010010,19.9605105140226,9.765625e-05
00110111010110100010,17.368000300135034,9.765625e-05
00100111001001101010,20.154218730679695,9.765625e-05
01010110111001000110,22.929979086528753,9.765625e-05
00011011101010001111,22.539439112620983,9.765625e-05
01110001110100111101,19.34136684067069,9.765625e-05
11110001100111001100,14.662354491253394,9.765625e-05
10100011011111001110,36.735923796348004,9.765625e-05
01011101011101010101,9.644280235052866,9.765625e-05
11111001111001110111,12.804730233497178,9.765625e-05
00110110001001001010,17.867866011047095,9.765625e-05
00111101000010000100,21.16502545650448,9.765625e-05
11100110110010101001,19.213434387168288,9.765625e-05
01000101000000000100,20.09037222002324,9.765625e-05
00010110000010000001,13.996832839096003,9.765625e-05
10001111000110001001,22.177232806877967,9.765625e-05
10000010110010111000,38.01940031970769,9.765625e-05
01100110001110100011,22.563637061900945,9.765625e-05
01111000101011111001,23.264832129230115,9.765625e-05
01111100001101010111,8.202844287855307,9.765625e-05
11010100010100010100,6.164632161820904,9.765625e-05
01001101110011010000,13.498900870005947,9.765625e-05
11000011101110111101,22.931886480262435,9.765625e-05
01101111101100000111,20.669494644807735,9.765625e-05
01110001000110010101,16.561498757531353,9.765625e-05
00111001000100001100,19.46848478344193,9.765625e-05
01110110101011100011,23.501479637132164,9.765625e-05
11001101000111111110,12.18470301173668,9.765625e-05
01111100001011001100,17.950115410075142,9.765625e-05
11011100000111110001,8.579790157842838,9.765625e-05
11110001011100001010,12.72964255252077,9.765625e-05
10011001001110111010,22.44715615279713,9.765625e-05
11000111101111101100,17.283121543100307,9.765625e-05
10011111101110101111,19.869815251185422,9.765625e-05
11101001010010110001,25.269701484866157,9.765625e-05
00110110110100001010,13.88317379667375,9.765625e-05
11110100110110011010,9.921969962957203,9.765625e-05
11001110101101111110,19.486364251416997,9.765625e-05
00110110000000001001,16.61901667078365,9.765625e-05
00110100101001000101,16.322204407613327,9.765625e-05
11110110101101011101,14.513878429664182,9.765625e-05
00001111111111001010,18.31058961979079,9.765625e-05
01101101011110111110,16.016842383406022,9.765625e-05
11011011111010110100,15.160867448792827,9.765625e-05
10110111111100101001,15.710521231446977,9.765625e-05
00011011110010100111,19.681494020666037,9.765625e-05
11111100101100011000,11.847292756314896,9.765625e-05
11011011110110101001,15.42326561296807,9.765625e-05
10110001101001001001,15.673323198800054,9.765625e-05
10011101100001010001,15.597633063253646,9.765625e-05
01111000011010111011,16.42133178401887,9.765625e-05
10010011000010111101,20.57689720114189,9.765625e-05
00111001100111001111,21.01141972655635,9.765625e-05
00111100010110001000,13.338630984177021,9.765625e-05
00010001011000010001,23.556523725366244,9.765625e-05
00001010110000100010,36.34180366309312,9.765625e-05
10111100011000010010,17.69931463724999,9.765625e-05
11001111011011000011,19.5844864856413,9.765625e-05
00110111010111100111,15.744672798264155,9.765625e-05
00011111010001111000,16.457806823294803,9.765625e-05
01000110000101010011,17.786750519877945,9.765625e-05
01100100001100100101,19.17090183154656,9.765625e-05
11110001110110010011,13.966841510990202,9.765625e-05
11001100100000100001,11.138566178521264,9.765625e-05
00110111011101011110,15.116766883752137,9.765625e-05
00111110100001010010,21.88805313261401,9.765625e-05
01100111101111000001,17.635749013292063,9.765625e-05
00110100010000011000,13.930364376509583,9.765625e-05
01011111111111011101,13.346968053756758,9.765625e-05
00110111110011101110,20.58221850650893,9.765625e-05
10000010000000001010,29.81906378569971,9.765625e-05
00101000001001100111,38.43541239215688,9.765625e-05
01111111111100001111,18.46716379779306,9.765625e-05
00111110001110101011,15.703881475789556,9.765625e-05
11000011100100011000,13.288173721374271,9.765625e-05
11000010000101111100,28.00972904687132,9.765625e-05
10111001000111111011,26.793466159532503,9.765625e-05
11000011101101000100,15.516098135294689,9.765625e-05
01011110110010000001,12.661963134343274,9.765625e-05
11011100110110000111,9.885181534428268,9.765625e-05
00111101111100001001,12.362456861083913,9.765625e-05
01110011101000001111,19.985064199209553,9.765625e-05
00000111000001000010,14.66196313434327,9.765625e-05
00110100100101011001,14.4194492803712,9.765625e-05
00011110011111011100,19.772576532893694,9.765625e-05
10001101111010000011,20.442431490469048,9.765625e-05
01110110111000110011,15.561543313958538,9.765625e-05
10100111100110101101,22.470879699241898,9.765625e-05
01000011010000011111,19.220051239180997,9.765625e-05
00110001001111000000,16.050895973289794,9.765625e-05
11001101010001011101,11.78076681396079,9.765625e-05
01101111101100110011,20.72341849494228,9.765625e-05
11010010000001000001,18.184931935931303,9.765625e-05
01100101110101000001,13.811774945476607,9.765625e-05
11111100100100001110,15.955193496283627,9.765625e-05
10011100100011100101,16.193362813671268,9.765625e-05
11000111001111101101,16.44428464173859,9.765625e-05
00111101010110011110,16.470879699241898,9.765625e-05
11011011010100000100,23.007538486478886,9.765625e-05
11111010001000110000,34.0408358572656,9.765625e-05
01010110110000011011,17.45177775024202,9.765625e-05
00011111010001110011,15.940332649178654,9.765625e-05
11111001010110100010,17.268738101962363,9.765625e-05
01001111000000101101,20.91979373639771,9.765625e-05
11001101010110111000,11.991204260073099,9.765625e-05
01010011010100000101,10.230689426491974,9.765625e-05
11001101100111001110,15.151418124136661,9.765625e-05
11111100001100110011,11.317057294567235,9.765625e-05
01100110111001011001,18.451765267055322,9.765625e-05
00110111011100010000,13.268747787999317,9.765625e-05
11000110010000010110,17.44873030543277,9.765625e-05
01001110000010101000,15.716816514839893,9.765625e-05
11100100001101000100,14.787406569618218,9.765625e-05
11000101110000110101,13.60804025280151,9.765625e-05
11011100000011010110,15.508331546169458,9.765625e-05
11011110111110110001,10.683607326186237,9.765625e-05
11110110111111111101,14.648259931086551,9.765625e-05
10110100010100100000,11.767341237714545,9.765625e-05
01110011001111000111,17.1052416376883,9.765625e-05
01011000000001110011,19.532054281905772,9.765625e-05
10010111110000111000,17.14020184390271,9.765625e-05
10110001101101111010,21.264832129230115,9.765625e-05
01101101100001001000,19.97998973210873,9.765625e-05
11111110000110110111,29.977788027677022,9.765625e-05
11110001010001100111,13.00598912555258,9.765625e-05
10110001010100101011,18.11210968149595,9.765625e-05
11100110110001010000,19.184097231577958,9.765625e-05
01110010000110111010,20.627558732224966,9.765625e-05
11000111100001111001,13.551293948199193,9.765625e-05
11011100110001101001,9.363664372231387,9.765625e-05
10001101101011011010,19.64655147312497,9.765625e-05
10010100100000011000,16.41361371220561,9.765625e-05
11111011010000110101,37.76108061757181,9.765625e-05
11011110111010111011,13.85352359476553,9.765625e-05
11100111101001110111,19.230441130223443,9.765625e-05
01011110010110010011,9.476615832471769,9.765625e-05
11100001001000001100,14.118563817365718,9.765625e-05
01100101011111011001,20.99731955045384,9.765625e-05
11110001001001100001,17.623917266862442,9.765625e-05
00001101010000000101,15.26838811168575,9.765625e-05
11110111001111100100,25.909069451361987,9.765625e-05
01111000100011111000,21.64087311393005,9.765625e-05
11110100011111010010,11.271419628864694,9.765625e-05
10010001010000010010,18.181228430541957,9.765625e-05
00110011100001001010,15.815976393390255,9.765625e-05
11001100101010000001,14.329264323641809,9.765625e-05
11000011111110100011,26.44234457119603,9.765625e-05
11100101110100011111,13.768490251245822,9.765625e-05
00111100001011101010,15.930923097358644,9.765625e-05
01101101001110111111,18.77038795894255,9.765625e-05
10100101110010001111,23.59269595327844,9.765625e-05
10001111110110011001,22.030105243509322,9.765625e-05
01011000001111100001,20.63800776817747,9.765625e-05
01010110010001000001,11.183075340218153,9.765625e-05
01110011110000110101,14.576897201141888,9.765625e-05
11100101110010100011,20.53579962285994,9.765625e-05
01011101010101101101,15.244432832647155,9.765625e-05
01100111001101110010,18.43929546124441,9.765625e-05
00111101001101000111,9.30403407338384,9.765625e-05
10110100000110001110,19.459541629344713,9.765625e-05
10001001011000010111,32.10185054257246,9.765625e-05
01011110100110111000,15.974878027530242,9.765625e-05
01001100010000100100,11.815571524605108,9.765625e-05
00000111110000101011,26.618944944719875,9.765625e-05
10010011000000001000,15.774909810992618,9.765625e-05
11010010000010011110,18.230689426491974,9.765625e-05
01010110011100000111,15.885181534428268,9.765625e-05
11001101100110000111,16.844154947789026,9.765625e-05
01101111110011100110,17.100867787594744,9.765625e-05
11100101110100111000,13.054216789957461,9.765625e-05
11111100011100010001,11.059928033101322,9.765625e-05
01001101111001010011,17.05894519099641,9.765625e-05
01001111011000101101,16.991237144022037,9.765625e-05
11100100011110000100,17.001197825110516,9.765625e-05
01001110000011101100,16.6039646750391,9.765625e-05
11010001000111010111,20.34691027972181,9.765625e-05
01100111011010110101,18.51764866070436,9.765625e-05
01010000001011100000,31.35682723718085,9.765625e-05
01011011111001111111,21.488005249306674,9.765625e-05
11011100111111011000,10.78423587714341,9.765625e-05
10100100001001001001,21.692663121987117,9.765625e-05
01100111110110011110,16.273984676975825,9.765625e-05
10010111111101100100,16.193362813671268,9.765625e-05
11110001110001001010,10.965008553342837,9.765625e-05
10100111100111101110,21.038635632472392,9.765625e-05
00110101011100001110,17.821157533642122,9.765625e-05
00011101100111011100,20.40821435164459,9.765625e-05
01101100111000110011,12.489168302403641,9.765625e-05
11101101110010001101,19.819365687978333,9.765625e-05
11110000000100101011,15.151418124136661,9.765625e-05
11101101001011010000,19.250603067437083,9.765625e-05
01110011000111001000,17.257882046959182,9.765625e-05
11000101100101010011,15.799302342515954,9.765625e-05
11001011011010111001,20.18470301173668,9.765625e-05
11011100010011110010,9.76388113698763,9.765625e-05
11011101111111011000,15.498891183968993,9.765625e-05
00111001111110001011,18.60801371920931,9.765625e-05
10010110100011001100,19.159798203856095,9.765625e-05
11000010100000001100,15.871749716588672,9.765625e-05
11010110011100011011,12.91751272516145,9.765625e-05
10110100110110011111,20.037340907784646,9.765625e-05
00011111000101111110,17.58449617167826,9.765625e-05
01111101011101110101,9.186787073642135,9.765625e-05
01100111100110110000,19.725455192430992,9.765625e-05
01001110100000101100,19.164632161820904,9.765625e-05
01011111010011100100,17.248673504479754,9.765625e-05
01111110100110000001,18.446212229094446,9.765625e-05
10001111101111011010,18.409768321497868,9.765625e-05
10101000001100110100,45.61964182301628,9.765625e-05
11010110011000011100,13.343709070385506,9.765625e-05
00100010000011101011,42.017545612059166,9.765625e-05
00000111010000010101,16.91690621058166,9.765625e-05
00111101010010110010,16.315449289389875,9.765625e-05
10010110000100001010,16.98088565494063,9.765625e-05
00000111001110001001,19.45177775024202,9.765625e-05
01110011110100001110,12.010766043903512,9.765625e-05
01111001010001111111,17.885004044298572,9.765625e-05
11001001101101011000,18.82563806772653,9.765625e-05
00001010001100111000,39.108194648384426,9.765625e-05
00111001100010101000,21.104700695115795,9.765625e-05
01111001010100101100,15.89493348494431,9.765625e-05
00100111101001001100,16.245750373852413,9.765625e-05
10111100111110111011,14.136937990561547,9.765625e-05
10100111111100101110,23.673484026878377,9.765625e-05
11111100110011110110,11.356475876029121,9.765625e-05
00001010111010100001,39.51799304584167,9.765625e-05
10001111111000100011,22.551903907222588,9.765625e-05
10011100010001001011,15.698222488668542,9.765625e-05
00101111100111011111,22.04615465975016,9.765625e-05
11011100111110011011,11.53867113391848,9.765625e-05
11100111101100010000,19.00811835870308,9.765625e-05
11001011101010111110,17.56566146170684,9.765625e-05
00001111100011011010,15.98608462172723,9.765625e-05
01001001000011110100,15.720269650392211,9.765625e-05
10011000000000100000,17.004942148216173,9.765625e-05
10010001011001000110,20.694014417357426,9.765625e-05
11001011101001101011,22.34299180216668,9.765625e-05
00111011001111111010,22.34976866029979,9.765625e-05
01101001011001000110,12.848764062047216,9.765625e-05
11010011011110101000,14.128536258059647,9.765625e-05
10110110000110001010,21.960643567328322,9.765625e-05
11010101010000010100,15.596799082481557,9.765625e-05
00010111000101010001,10.64498709365349,9.765625e-05
10011101011001110000,13.58471710200995,9.765625e-05
11001111100111100000,15.984366477728692,9.765625e-05
00000011000000011000,18.547822811448082,9.765625e-05
00000101101111000000,31.358689340066277,9.765625e-05
01011110011000011110,15.583899343135428,9.765625e-05
10110100101011010111,21.13957775818644,9.765625e-05
11110100110110100010,11.162939016671768,9.765625e-05
01011110111111101100,16.930932783395594,9.765625e-05
11000110100100011000,10.833095582258483,9.765625e-05
01110100000111001000,17.2102865983382,9.765625e-05
01100000001101100100,28.279671851991594,9.765625e-05
11001101010001100110,10.645635883951904,9.765625e-05
00110101010010001011,21.482962549929606,9.765625e-05
11011100010111111001,7.568471754286824,9.765625e-05
11110110111100101101,13.15141812413666,9.765625e-05
00111001001110010110,16.643673720473085,9.765625e-05
11011001100110110100,15.230814660598824,9.765625e-05
01111100110100010000,6.086870272891684,9.765625e-05
00001011001010100101,22.252382429914178,9.765625e-05
00011110001000100110,20.865199601066617,9.765625e-05
01100100000101110010,16.77356209586096,9.765625e-05
01010011000010011000,19.023485670634255,9.765625e-05
01110011011010000001,13.960331979012743,9.765625e-05
10001101010001111010,16.640002081184164,9.765625e-05
11011000110000111100,12.590120924863093,9.765625e-05
01100011110000011010,16.442286590021027,9.765625e-05
10010110001110001101,18.48628782888939,9.765625e-05
00100111110010000100,17.459541629344713,9.765625e-05
00111101001101000011,8.724913722167834,9.765625e-05
01111001111011110111,15.595798669240157,9.765625e-05
10011111101001001110,24.221066976074663,9.765625e-05
01011001011001001110,17.352621963019473,9.765625e-05
11101101010001011000,21.537239688149512,9.765625e-05
01101111100111110111,17.95661108799078,9.765625e-05
01001110101000010100,15.731228377634656,9.765625e-05
01100001011010010000,17.166725909763315,9.765625e-05
00111001100011100110,17.45821160495275,9.765625e-05
01011000001100011000,17.25525122011036,9.765625e-05
00011111100100001110,20.303257866646693,9.765625e-05
10010111010011111110,20.069152797478306,9.765625e-05
10100111101000101010,22.786089028412952,9.765625e-05
01001110001000110111,18.034809505075174,9.765625e-05
00111011001111010011,22.96149023842717,9.765625e-05
10011101000110001111,19.041684720787828,9.765625e-05
11101100100100111110,15.237648998499623,9.765625e-05
00011100000011001000,16.046708477404977,9.765625e-05
00010001010001000100,16.687744747631772,9.765625e-05
10100101100110110001,20.194990485189795,9.765625e-05
10110100110100100101,12.670683420335347,9.765625e-05
01000111100101100101,18.141081839104306,9.765625e-05
11000111000101010001,13.886215185393528,9.765625e-05
11101101100100101111,18.9567599493236,9.765625e-05
11001101110101110010,9.805893286594142,9.765625e-05
10001101000011101110,16.554082795136782,9.765625e-05
01001111111100111110,17.930061750649706,9.765625e-05
01111100111011110111,11.200836757240848,9.765625e-05
00011111010011001110,15.539510104263695,9.765625e-05
00111001000010011001,22.86792378508204,9.765625e-05
00111101010100001101,15.736561306812103,9.765625e-05
00111101111100011001,12.902451777801009,9.765625e-05
10001000011011100010,38.53020113063623,9.765625e-05
11100110101100101011,20.972947730151844,9.765625e-05
10000100000010101000,21.74189591732376,9.765625e-05
01110111111101000111,13.41835721891695,9.765625e-05
11000001001010110100,19.545959974141585,9.765625e-05
00001101010001110011,16.86792921596694,9.765625e-05
10011111100001111001,20.22794866755238,9.765625e-05
00110101000101100010,15.775448131079436,9.765625e-05
01100011001100010000,17.724046857446805,9.765625e-05
10100000100110001000,32.61259159302475,9.765625e-05
11011100100010010111,14.844154947789026,9.765625e-05
01111100110100101011,10.73154994625445,9.765625e-05
10001101110001110100,15.125043996965045,9.765625e-05
01001011011000011110,17.02759684236814,9.765625e-05
01111001011111111000,17.37743713076469,9.765625e-05
00001111100111100000,13.157096483331582,9.765625e-05
11010100010111010111,14.177023363520647,9.765625e-05
11100100001011110000,16.214455544107032,9.765625e-05
11000111010100111100,11.066804940988005,9.765625e-05
11010010001001100100,19.73338063403308,9.765625e-05
01110000000100010110,13.516098135294689,9.765625e-05
00110001111000000000,13.00651379796933,9.765625e-05
11011110011100101110,16.840415848428208,9.765625e-05
01011110101101001011,18.44428464173859,9.765625e-05
10100001101000101100,21.43240751733352,9.765625e-05
01101100111001101001,18.315742142085593,9.765625e-05
10101111001001111001,33.32209456305941,9.765625e-05
11010111001100000001,25.430329060567367,9.765625e-05
11100111111001001011,18.183614394726035,9.765625e-05
10000111111010001111,25.647322161850017,9.765625e-05
00111101110001011000,15.518002819005822,9.765625e-05
11010111111000001000,23.863678515162277,9.765625e-05
01001101110001100111,17.102795287823405,9.765625e-05
11110000111001010011,14.06628119929257,9.765625e-05
11100101100110011111,18.675515538493727,9.765625e-05
11000001011101001000,18.065164051861718,9.765625e-05
11100101101101110011,15.770439491384145,9.765625e-05
01101110101010110100,18.34736302977454,9.765625e-05
11001100101010110111,16.197239554038248,9.765625e-05
10010011001100001010,19.39477284776804,9.765625e-05
00110111111010110101,20.135929316809495,9.765625e-05
01100110100010010001,16.10422652645232,9.765625e-05
01010011101001100000,26.183127607080813,9.765625e-05
11110110111101110101,14.533936785553442,9.765625e-05
00110110110101100001,15.576826209499181,9.765625e-05
01111001110111000110,11.814055047627747,9.765625e-05
01011001100110100001,23.850113763620165,9.765625e-05
11111100100110110111,11.2304508162604,9.765625e-05
11011100000011001111,17.48723881573369,9.765625e-05
11100100101011110000,16.101850542572457,9.765625e-05
00001111011010000010,14.942588683201707,9.765625e-05
01110011001110000010,18.190475374982423,9.765625e-05
01001111001111101010,16.938522067895008,9.765625e-05
11101110011000111000,29.462859001568773,9.765625e-05
01111000111000000010,7.692663121987117,9.765625e-05
00001101000000001010,18.32364373848183,0.0001953125
10010110111010001101,20.91267251476347,9.765625e-05
01001011011010011100,14.18122843054196,9.765625e-05
10110101010110001100,17.647461347985697,9.765625e-05
00001111100001100010,16.428057735368057,9.765625e-05
01111110111001001000,17.638127571399423,9.765625e-05
01111111011011100010,22.23735717449223,9.765625e-05
10011100110000001000,13.18188720114459,9.765625e-05
11100011111000101100,14.958899711695507,9.765625e-05
11001001001110101010,19.186900548143537,9.765625e-05
01011011010110101011,16.78195495303435,9.765625e-05
11000010001000001000,17.18188720114459,9.765625e-05
00011011111100111011,26.136937990561545,9.765625e-05
11011100110101100011,7.532054281905774,9.765625e-05
01110110000111101101,19.049990364420946,9.765625e-05
01100001100001001101,20.064411913252663,9.765625e-05
10010011001111101000,18.358274697707323,9.765625e-05
00111001011110011010,18.845873091787563,9.765625e-05
01110011001000000100,17.056191420431148,9.765625e-05
01011001011010010101,15.007457808799213,9.765625e-05
00010111010100111011,18.984279558455682,9.765625e-05
11111101111111110001,11.19811890194597,9.765625e-05
11010011110001100011,16.377334076721308,9.765625e-05
11100101000000001000,21.79028161224757,9.765625e-05
11101100100010001110,18.048802225347387,9.765625e-05
10010111000111111010,18.517638974667406,9.765625e-05
00100111101000000111,19.622654691702564,9.765625e-05
11100001111000111110,16.80238683929899,9.765625e-05
11001001010000101111,16.815561838568154,9.765625e-05
01011011000101100101,19.307720622454546,9.765625e-05
11110011011001101010,18.673134134568784,9.765625e-05
00111001000001100010,15.988005967489741,9.765625e-05
11010011100111110111,20.393605539519022,9.765625e-05
10001101110000101000,15.524298102398742,9.765625e-05
10110100000100101111,17.151418124136665,9.765625e-05
11011111111001111100,17.37095873046659,9.765625e-05
00011110000000101001,17.409248726191098,9.765625e-05
01110011010100100010,15.95387595507836,9.765625e-05
00111101001001111010,17.936678689789623,9.765625e-05
11011111101111011100,18.777368742420876,9.765625e-05
11100110101100101111,22.232596820225655,9.765625e-05
01001011011011011011,21.17982397006368,9.765625e-05
00111000101010000011,16.91169591425191,9.765625e-05
10110111011000100110,26.489210959516733,9.765625e-05
01110111110100110111,16.517638974667403,9.765625e-05
01110100110100000110,10.183980949087001,9.765625e-05
11011110100010001011,21.597987221555112,9.765625e-05
10000001000110000100,22.45528938341053,9.765625e-05
01010011010110110110,17.687568373727256,9.765625e-05
01011100010010010000,8.928514022389782,9.765625e-05
10110001111001101000,15.32687129590646,9.765625e-05
01100101011101010010,13.406967714954837,9.765625e-05
11000110100111110011,20.322900769468543,9.765625e-05
01001101000111010111,12.984279558455684,9.765625e-05
11100100000110111100,17.72615029142617,9.765625e-05
00111001011110000111,15.254039355434163,9.765625e-05
01010011000111010100,13.91176690589462,9.765625e-05
00111001110010100001,16.358274697707323,9.765625e-05
10110111001011010001,23.816483767301584,9.765625e-05
10111100101110000010,12.229786527645668,9.765625e-05
01011001110100010011,17.787036483686446,9.765625e-05
01000010010001010010,26.423616239698735,9.765625e-05
00010111000101011010,16.360253083083713,9.765625e-05
01110010110010011010,14.974520973702361,9.765625e-05
10001101100100111001,16.492302666485905,9.765625e-05
00110011000000100111,20.673134134568784,9.765625e-05
00011001111000000010,19.117249720604057,9.765625e-05
01111001110010101001,19.976693805527077,9.765625e-05
00010110010100101001,14.914991840833567,9.765625e-05
10010111110000011100,16.469444721902114,9.765625e-05
11011011100001110110,22.570058400948977,9.765625e-05
01100001101011101001,34.04526217052205,9.765625e-05
11011001100101011111,18.88726559633372,9.765625e-05
01111011101010010000,21.597987221555115,9.765625e-05
11100100011000111011,16.77356209586096,9.765625e-05
00011111011101110011,13.367716322767826,9.765625e-05
10010111100001011001,15.288144663263402,9.765625e-05
00111100110010101100,19.448354701488896,9.765625e-05
11001110001100000000,22.047953361825158,9.765625e-05
11011001001101100011,17.846813374746397,9.765625e-05
11110001000000000101,16.534362669918686,9.765625e-05
11010011100110011101,14.561498757531353,9.765625e-05
01101110001110111100,20.95038369398376,9.765625e-05
10011101101100000101,15.828451891877325,9.765625e-05
11011001101101111101,18.291137778481314,9.765625e-05
00011001000010010001,18.740331537852278,9.765625e-05
00110100100100000011,10.424171221836925,9.765625e-05
00011111100011001100,18.70956826900121,9.765625e-05
01001101100001000000,16.68741814077101,9.765625e-05
01011000101100000110,19.767328754527846,9.765625e-05
10110110101000111001,19.02539306436794,9.765625e-05
11010100110001000101,10.048802225347387,9.765625e-05
11110011101111011010,18.96015719890559,9.765625e-05
11011110001101100001,19.32386674238202,9.765625e-05
11110100011010110000,12.632467126276094,9.765625e-05
11110001011100011101,12.451155308031929,9.765625e-05
00111101000011010100,17.285039444419205,9.765625e-05
11110100010110001101,11.404106624354316,9.765625e-05
00101110101010000011,21.446378389680998,9.765625e-05
11010111010000011000,19.382660644702213,9.765625e-05
01110011000101010110,16.912717892738918,9.765625e-05
01111100010110010110,8.165820300894467,9.765625e-05
10011100000100101011,12.32706054564161,9.765625e-05
10001111110010000110,22.31669937052324,9.765625e-05
01011110001111111101,14.515785823397865,9.765625e-05
01000001000001000011,23.0504050067799,9.765625e-05
01001111010011110010,12.12449108839535,9.765625e-05
00110011001110000000,13.867866011047095,9.765625e-05
10011100100100100010,11.62591149274194,9.765625e-05
01111000001110001001,16.48628782888939,9.765625e-05
01001110010000010000,14.533695894613313,9.765625e-05
01111100101011001000,18.729642552520772,9.765625e-05
11011000111001011001,18.09173620572031,9.765625e-05
01111100110000011011,10.36026276912067,9.765625e-05
10110011101011000110,20.80927886369788,9.765625e-05
00111001111010100001,16.069156241921917,9.765625e-05
10010111100001010101,16.484723449417906,9.765625e-05
10101101100111100010,16.202844287855303,9.765625e-05
00111101111011001011,14.953569699271009,9.765625e-05
10011100101011011000,18.471294341600853,9.765625e-05
01101100010000001010,15.511742835317131,9.765625e-05
10011011110111000010,22.320886866408056,9.765625e-05
01111111110110100110,20.009352806473395,9.765625e-05
00010011000001110000,18.165820300894463,9.765625e-05
10001101101010001010,21.914991840833565,9.765625e-05
11100100111001001110,16.229738439647676,9.765625e-05
11010100010101010000,5.735019009437069,9.765625e-05
01100011010010000110,15.025505716911416,9.765625e-05
10001100000000111011,20.369072695248114,9.765625e-05
01110010110110001110,16.40000973674455,9.765625e-05
11010110110101101001,9.673484026878379,9.765625e-05
11011001000111011010,19.71052123144698,9.765625e-05
01000110000010011101,16.3316696598998,9.765625e-05
01000100000101011001,20.301660516099073,9.765625e-05
00110111110010010000,15.812336903629202,9.765625e-05
01001111001110001100,15.293833432076536,9.765625e-05
00011111011111011010,12.848731472365541,9.765625e-05
01010010010110100000,14.537117164065203,9.765625e-05
01111100101000111011,16.18470301173668,9.765625e-05
10100101001001000010,16.66196313434327,9.765625e-05
11000011111010001000,14.183980949087001,0.0001953125
10001001010110110101,35.21067209545909,9.765625e-05
11110001000000110010,19.018876556376064,9.765625e-05
11000100100001011010,16.178385254013033,9.765625e-05
11001100001010110010,11.832792956398613,9.765625e-05
10100101101010000110,22.207742810365602,9.765625e-05
11011011100011111110,19.692296567626148,9.765625e-05
00110101111001000011,15.436575641144426,9.765625e-05
10110011101110100000,18.88702844410446,9.765625e-05
01010000110111011001,35.769594904650155,9.765625e-05
11100011110101101010,21.066352190935277,9.765625e-05
00011101010001110100,13.816759663678663,9.765625e-05
11100001011000010100,12.787406569618218,9.765625e-05
11101101111011111010,13.561543313958536,9.765625e-05
11010110111011000111,20.049919372778238,9.765625e-05
10110101110110101111,19.07280123885525,9.765625e-05
11111001101001110110,15.253333416758478,9.765625e-05
01000100010000100010,22.07681715451809,9.765625e-05
10110101111110101101,19.55580718072867,9.765625e-05
11111100111110111110,9.276491473479833,9.765625e-05
01111000110001100001,15.350706858850314,9.765625e-05
01110110110010111101,16.608152170923923,9.765625e-05
10011100100100011011,13.947323031566746,9.765625e-05
01111110101110110010,14.903295444610055,9.765625e-05
11110100011000001000,11.519320360211093,9.765625e-05
11011011011010011110,17.95387595507836,9.765625e-05
11000111110011011101,10.207453402113494,9.765625e-05
11010011010100001010,13.63812757139942,9.765625e-05
11100101010001010011,14.493870871795451,9.765625e-05
11001110000011110111,21.680793589162636,9.765625e-05
01101100010111111011,21.360221140695906,9.765625e-05
01010110000000010010,19.057066208079736,9.765625e-05
00101100001100100010,15.704279896250945,9.765625e-05
01001111110110100010,16.726834246382076,9.765625e-05
10010111010011000010,18.912717892738918,9.765625e-05
01101100001110100001,14.640002081184166,0.0001953125
11100101010111000000,15.155189089597904,9.765625e-05
01100011111011000100,14.612761285182113,9.765625e-05
01111100101101100011,10.15989084828127,9.765625e-05
00011001011100010110,20.2097246401856,9.765625e-05
10111101001001100101,20.124690660211847,9.765625e-05
11010011000111010001,17.10086778759475,9.765625e-05
00011101011011000111,15.662669083858775,9.765625e-05
11110001010100101001,13.183075340218151,9.765625e-05
10010000010000001000,16.519567198477308,9.765625e-05
00110010011101111011,37.842008965459954,9.765625e-05
00010110011010000001,15.640873113930047,9.765625e-05
01111100000110001111,15.135056297622327,9.765625e-05
00110001000010100000,19.104700695115795,9.765625e-05
00011111001011110100,16.807779321812614,9.765625e-05
01010011110110110100,17.77257653289369,9.765625e-05
11000110001101001101,18.491359673504526,9.765625e-05
01001100011100010000,10.404141200477282,9.765625e-05
10101000001100101011,40.29759117993001,9.765625e-05
11011101010101110111,10.108376100147236,9.765625e-05
00101111100001101111,23.136000308452207,9.765625e-05
11001101011100111010,13.290661721753217,9.765625e-05
01110001000010011100,20.85158133064162,9.765625e-05
11000110110010100101,16.914991840833565,9.765625e-05
11100100101001101001,16.471294341600853,9.765625e-05
10000111101101101100,17.58197873179399,9.765625e-05
11010110111000001100,14.963017859443806,9.765625e-05
11011101000111001110,21.34996634405167,9.765625e-05
10010001101110111011,38.37179084481025,9.765625e-05
01101100100001011110,16.075210928641965,9.765625e-05
01110110100100001011,15.812336903629209,9.765625e-05
00010111010001001111,16.552893834105298,9.765625e-05
11110000100010110111,17.57682620949918,9.765625e-05
10010111010000100000,19.050543458494516,9.765625e-05
01101111100011111110,18.816428703289173,9.765625e-05
10110100110110010000,12.571247176476586,9.765625e-05
00110110100010010111,19.247422503421454,9.765625e-05
11011000001100101100,14.198762174232288,9.765625e-05
01100111101011010110,16.57857901674788,9.765625e-05
11001100000011101001,13.586709635715417,9.765625e-05
11000111111001010111,16.090239286320728,9.765625e-05
01110001110001010101,11.493934701919875,9.765625e-05
01001101000100000110,14.88275653182911,9.765625e-05
11000110000000111011,17.24864957214671,9.765625e-05
11111001110001001110,15.16541607899353,9.765625e-05
11011100100111100001,10.279372757702532,9.765625e-05
11000111111101101100,13.581978731793983,9.765625e-05
10010111101101001011,18.368000300135037,9.765625e-05
00111101010011100010,13.692296567626151,9.765625e-05
10111001110000101000,17.894933484944303,9.765625e-05
10011101100111111011,16.483453909083437,9.765625e-05
01101011101010001000,20.1849319359313,9.765625e-05
10110101100001000101,13.842475754668719,9.765625e-05
10000111011001101101,19.70103278124853,9.765625e-05
01011010011110110011,18.897412006426357,9.765625e-05
00111100101111010001,10.46900364432764,9.765625e-05
11101101001111111101,17.096884559990258,9.765625e-05
00111001000000011110,21.63812757139942,9.765625e-05
11011001110011101110,15.366706309868354,9.765625e-05
10110001000110101010,20.355464405127336,9.765625e-05
01011111110000011101,19.383546881497143,9.765625e-05
00011100000001011110,20.181228430541957,9.765625e-05
01101101010111100011,15.561533627921584,9.765625e-05
00101101101100000010,12.632467126276094,9.765625e-05
01011010100111111000,22.618944944719875,9.765625e-05
01100010001011001000,23.505299119905388,9.765625e-05
11101001100010100110,16.516139981699332,9.765625e-05
11011100101010110001,14.265956143911993,9.765625e-05
01111100100011101001,19.531139710581215,9.765625e-05
11100100100000010011,11.737150865073257,9.765625e-05
00000100000010000100,25.27340218226594,9.765625e-05
10010011110010010010,20.11210968149595,9.765625e-05
10011101110011001100,16.7659666568954,9.765625e-05
00001101001001101000,17.095645622896164,9.765625e-05
00001111110111011010,18.56147929833024,9.765625e-05
10110111101111101010,19.726631866166365,9.765625e-05
00010111000101100100,15.076161915486265,9.765625e-05
00011100011100011000,14.23517964661334,9.765625e-05
01111101001000001110,29.228095760423784,9.765625e-05
01001111110110101010,18.434853965575083,9.765625e-05
01101100010001011010,15.963624374023592,9.765625e-05
11110000001001001011,16.959380992168448,9.765625e-05
10110001000010110001,21.71052123144698,9.765625e-05
11011001010100011001,15.780766813960792,9.765625e-05
01111001001100011101,18.316699370523246,9.765625e-05
11100100101010101000,19.84935808260049,9.765625e-05
11110100011100010101,6.916906210581663,9.765625e-05
10101101111000101101,20.740341223889235,9.765625e-05
10110111101011100011,22.959640618728436,9.765625e-05
00101100001010101011,21.276491473479837,9.765625e-05
01100111000101111100,17.268747787999317,9.765625e-05
11000110100110100010,18.67845552747268,9.765625e-05
01011100010100010001,5.034482712710538,9.765625e-05
01111001100101000110,14.114031027258463,9.765625e-05
00111111101011101001,19.368951286979335,9.765625e-05
11011000110010010101,14.670683420335347,9.765625e-05
01101101010110100110,14.94258868320171,9.765625e-05
10110011110110101000,16.95938099216844,9.765625e-05
01100100111011100100,26.311907160996054,9.765625e-05
11001100000101110011,13.037613556061814,9.765625e-05
01000111011100101001,21.455953672025267,9.765625e-05
00011111111011011001,15.346968053756754,9.765625e-05
11000110000000001000,14.030112208683924,9.765625e-05
10000111111000100011,24.447156152797135,9.765625e-05
11010101010111000101,13.109601291194593,9.765625e-05
11111001101101111010,16.869831178815723,9.765625e-05
11100001110010000110,13.569265346656588,9.765625e-05
01111101100001110101,19.488558430507446,9.765625e-05
10010100000100111001,13.432422721382576,9.765625e-05
11110111111011011000,18.47931410855267,9.765625e-05
11111000001010001010,17.736561306812103,9.765625e-05
11011101110100000001,14.894338729969967,9.765625e-05
10000111011100001000,17.346519362965495,9.765625e-05
00011111100100001100,18.909436005722952,9.765625e-05
10110101100001010101,13.686026897900492,9.765625e-05
11000111001001101100,15.892180966399263,9.765625e-05
11010010001011000101,20.85336349026845,9.765625e-05
11011110111011101010,16.222903378165633,9.765625e-05
11111100110010111011,10.51764866070436,9.765625e-05
00101101011100101001,19.89965117125798,9.765625e-05
10011101100101011101,14.281804001895042,9.765625e-05
11011000011000111010,13.06960899197465,9.765625e-05
00110001000001000101,13.967102301285248,9.765625e-05
11011100111100001011,10.428347143620169,9.765625e-05
11111001001001001111,21.88507577036235,9.765625e-05
11110100101100011001,8.689536778799432,9.765625e-05
10011011101011100011,22.519373057136065,9.765625e-05
10001101000110011010,18.402281160320527,9.765625e-05
01100111001100001110,19.766926595355592,9.765625e-05
11100100000011100010,18.229786527645665,9.765625e-05
01111000010001110110,17.45177775024202,9.765625e-05
01111100111111101111,14.97935242878469,9.765625e-05
01001111100010111110,19.59321645767033,9.765625e-05
00010110001100001001,14.64972216559978,9.765625e-05
01111100110001001110,13.64369038252445,9.765625e-05
11111100101000100001,14.501782154228646,9.765625e-05
00110110011101101000,17.64087311393005,9.765625e-05
11110100110010110101,10.48724152575623,9.765625e-05
11101101100000001111,22.415862868181268,9.765625e-05
11101101011111101110,15.35647587602912,9.765625e-05
01000111010110101100,17.226985921102635,9.765625e-05
11110001110110100010,13.820180933130562,9.765625e-05
01010100101011000011,39.43763312647572,9.765625e-05
11010111011101001001,14.484723449417913,9.765625e-05
11010110101001110011,21.474752995165275,9.765625e-05
01100111101111010101,14.860881783125157,9.765625e-05
01101100111000101000,15.698948719343075,9.765625e-05
10110100100101100001,9.673484026878382,9.765625e-05
01110111010100010111,15.36120406992801,9.765625e-05
11010011100111001110,16.724396662219544,9.765625e-05
11001101110110000100,11.767341237714545,9.765625e-05
01001110100011110010,16.30882266421301,9.765625e-05
00001001110111100000,30.938757146555773,9.765625e-05
11101001100001000010,18.90531785797465,9.765625e-05
00011111111110000101,13.3106606114335,9.765625e-05
11101101100111111010,15.726493305688372,9.765625e-05
10010001001001000100,17.436971351583278,0.0001953125
01100011110000100100,14.958899711695507,9.765625e-05
11010100110100001010,13.435224051506856,9.765625e-05
01101110001010000010,19.597575289218703,9.765625e-05
01110110110011000011,13.826533168600502,9.765625e-05
11110110110110101011,13.885004044298572,9.765625e-05
00100100111111001001,37.11952555676333,9.765625e-05
11010110010111101101,12.112109681495955,9.765625e-05
01110011110001110011,17.34971088626484,9.765625e-05
11100101011111101010,20.423194621325365,9.765625e-05
01110011110111011000,13.755709406036521,9.765625e-05
01111100110100100111,8.310728071505402,9.765625e-05
10110111101110011101,18.727328744462774,9.765625e-05
10110100111010110011,19.177970818794137,9.765625e-05
10001101011111111000,18.1696392672265,9.765625e-05
10011101101100101001,17.211051230973773,9.765625e-05
01100110101001111101,22.80018306129879,9.765625e-05
01100000000000001100,19.254291281650172,9.765625e-05
01100001000110001100,20.30591972720785,9.765625e-05
11000111111100101000,16.329264323641812,9.765625e-05
11010010001100001101,17.09246596796565,9.765625e-05
01111100001000000111,13.149626278472876,9.765625e-05
01100011010010001100,14.729542942920999,9.765625e-05
01100110010011010100,18.544591634915786,9.765625e-05
00111100010001110101,18.32411180134701,9.765625e-05
10000111000011001010,17.135056297622327,9.765625e-05
00100111000101011000,16.874566261601828,9.765625e-05
00010101011101000110,22.896709402977788,9.765625e-05
01100011110001000010,14.959380992168443,9.765625e-05
01101100010011110010,13.925327402284672,9.765625e-05
01011010000001111001,23.390959312320906,9.765625e-05
11000111101001100000,18.741359670805437,9.765625e-05
01011010000110101001,17.99778653596284,9.765625e-05
10010111001111001110,20.447930373092987,9.765625e-05
10010110111001101000,18.916848436546715,9.765625e-05
11011001101001010100,16.274005986823184,9.765625e-05
11001001000010101111,18.554082795136782,9.765625e-05
00101101010101100011,17.561543313958538,9.765625e-05
00001101011000100000,15.203486836560371,9.765625e-05
00111001111010100111,17.410526527036218,9.765625e-05
11110001010000000001,12.6469029214039,9.765625e-05
11010011110101101110,13.587126900560058,9.765625e-05
01110010000110010001,17.273340974627203,9.765625e-05
10010011000101001100,16.013027595938663,9.765625e-05
11010000010000000001,7.91057876682106,9.765625e-05
11100100011000011011,15.374668390322084,0.0001953125
00000011100011101101,30.740693738684513,9.765625e-05
01110001010100010101,10.451155308031929,9.765625e-05
11001101000101111011,13.655068546556707,9.765625e-05
00111100001110111011,13.453662974752051,9.765625e-05
01110011111100001110,12.919186312732801,9.765625e-05
11111100110000110111,9.871761476194122,9.765625e-05
01110000001100000100,11.610835341332443,9.765625e-05
00111001000011000110,16.34754043236738,9.765625e-05
01110010001010001000,16.013027595938663,9.765625e-05
10100000011000001010,33.91057876682106,9.765625e-05
00100111011100100011,22.515785823397863,9.765625e-05
10101101000110110000,23.361254573681283,9.765625e-05
11010110100010011100,16.144810958160907,9.765625e-05
01001110101000100011,20.53403611172577,9.765625e-05
11010010010000001001,11.645951934559601,9.765625e-05
01110100100100000000,11.74913250152402,9.765625e-05
10011100010110000011,12.731549946254452,9.765625e-05
01111000110011110010,16.177023363520647,9.765625e-05
10110111110011001011,17.465868251147388,9.765625e-05
00001101110000010001,17.432422721382572,9.765625e-05
10000111100101110010,18.076822672530188,9.765625e-05
10001101100001001101,16.001188139073562,9.765625e-05
10001101101001111101,17.790158364582012,9.765625e-05
11110000110010101000,11.385284397569588,9.765625e-05
11011110011010100100,17.39390181502216,9.765625e-05
10000111011101100110,23.40696771495484,9.765625e-05
00000111101001001010,23.64087311393005,9.765625e-05
01011000000110101001,19.581978731793985,9.765625e-05
00111100011010110111,14.71331206482586,9.765625e-05
11011100110110001001,8.649722165599778,9.765625e-05
11011001010001111111,15.367909642151155,9.765625e-05
11000111000000111010,19.847905512488033,9.765625e-05
00001010100110111000,39.51268404899727,9.765625e-05
11110100000000000000,16.825745387761785,9.765625e-05
00011011101011101110,23.479224392129915,9.765625e-05
01111000000100101000,17.343709070385508,9.765625e-05
11011001011110000111,14.783821234784456,9.765625e-05
11001110111010111011,16.867929215966946,9.765625e-05
11110100100111110001,10.739971137957461,9.765625e-05
11001101101100110101,12.700193614603071,9.765625e-05
11110100010100101111,11.151418124136661,9.765625e-05
01010000000000010100,16.18188720114459,9.765625e-05
11001011111010010110,18.38628618243442,9.765625e-05
10110001100001111000,17.228832830778828,9.765625e-05
01101101111111101001,19.977634284786156,9.765625e-05
00101101001101100011,13.12257047705391,9.765625e-05
11101100011001010100,19.72439403973386,9.765625e-05
01001011111011000000,15.220051239180997,9.765625e-05
00100010001010000100,32.13942128363684,9.765625e-05
10110101101110011001,19.066036140327583,9.765625e-05
11011101111101000101,11.244432832647156,9.765625e-05
11110000100101000001,11.919591269054802,9.765625e-05
10100101000110001100,20.990219431526903,9.765625e-05
11011010100011001010,21.73429975477695,9.765625e-05
00011100101001010010,18.806215578795182,9.765625e-05
10111100100000111110,19.58389934313543,9.765625e-05
10001110100010000000,22.778933121892358,9.765625e-05
11010011011011111111,19.57478588206299,9.765625e-05
11111000111001000011,14.608152170923923,9.765625e-05
01001111011011000010,12.867020886235732,9.765625e-05
01011001010111011101,18.488300899152133,9.765625e-05
11010011110100111100,10.181228430541957,9.765625e-05
01101100011010011011,15.000490242928649,9.765625e-05
00111100100101100011,9.802983667841826,9.765625e-05
00101101100011101001,20.19997622124037,9.765625e-05
10011110101100001011,18.84415494778903,9.765625e-05
01111100010010010001,9.26874778799932,9.765625e-05
10111001100100000010,18.90531785797465,9.765625e-05
11011100101110100101,13.18786122102479,9.765625e-05
01011100011110110100,11.266239310570752,9.765625e-05
11100100100001000111,14.48628782888939,9.765625e-05
01110110100100011001,12.486926209569601,9.765625e-05
00011111010001000110,17.073004440619222,9.765625e-05
01011100101111100011,22.508283676151343,9.765625e-05
01101001111000000001,16.18122843054196,9.765625e-05
11011111111101111101,13.186787073642131,9.765625e-05
01101100100110111100,18.880735576466826,9.765625e-05
01110010100010000000,14.01302759593866,9.765625e-05
11011000110001100111,16.481076514711134,9.765625e-05
11001100001000111100,11.382167740418861,9.765625e-05
11011001001010011000,21.202318450955183,9.765625e-05
10110001110001100001,13.430864398000569,9.765625e-05
11100101100110001111,20.551669366639196,9.765625e-05
00101100111000001010,20.155783110151173,9.765625e-05
01011110111001100010,18.030105243509325,9.765625e-05
11011000001110100100,13.8472802731282,9.765625e-05
01110001010010110101,17.066352190935277,9.765625e-05
01111011011111011111,19.142612806936192,9.765625e-05
01110011011101010000,12.887028444104459,9.765625e-05
01011011010100011011,18.867020886235732,9.765625e-05
10100011100010101010,23.644813771548648,9.765625e-05
01110110011100100111,15.356475876029123,9.765625e-05
11010100110100001101,9.666328120357788,9.765625e-05
10011101100101100001,11.11840777287843,9.765625e-05
11110001100000110001,15.807179048826178,9.765625e-05
11001001011000100110,12.348047424884253,9.765625e-05
00111001001101001010,15.624511287415718,9.765625e-05
11111001011011111000,17.423265612968073,9.765625e-05
00110111110111100001,12.818146847287716,9.765625e-05
11110100110110010000,6.331669659899797,9.765625e-05
00100110010110111100,35.25201380198472,9.765625e-05
01111001000001000110,17.091213911230813,9.765625e-05
01100001001000001111,21.821157533642122,9.765625e-05
01000111010011000100,10.729642552520767,9.765625e-05
11011100001101001001,11.827491218996071,9.765625e-05
11100001010010001111,20.188233195021184,9.765625e-05
01110100111101010010,11.289638051092174,9.765625e-05
11100011111001101010,17.97854342522581,9.765625e-05
11000101001000110001,19.98464518209534,9.765625e-05
11010011001101000011,21.304034073383832,9.765625e-05
01001111110111001010,14.958478093322135,9.765625e-05
01101010111111000000,32.49410250601262,9.765625e-05
10010001000001000000,13.538321965190132,9.765625e-05
10111101111100111101,14.945398975781693,9.765625e-05
01101110111001101011,22.090239286320724,9.765625e-05
00011000000110111010,28.02662368630019,9.765625e-05
11111100111100111101,7.899651171257977,9.765625e-05
01100111000001110011,21.080586749104214,9.765625e-05
11010011001000111000,19.761431244302457,9.765625e-05
11100111111000011110,16.37179687926354,9.765625e-05
01001111001111100100,12.428057735368062,9.765625e-05
10110101000110110001,18.5214836417939,9.765625e-05
00000010010011001000,36.74584626097932,9.765625e-05
11111001000010011010,26.508328836146916,9.765625e-05
11011100010111111111,10.846878321096002,9.765625e-05
11110100110110001101,9.699741588131591,9.765625e-05
11110111010110111011,21.827731179214886,9.765625e-05
00110101000101100011,14.612308720633257,9.765625e-05
01110110010011010010,14.064392541178748,9.765625e-05
10100001011110100101,34.864091514015044,9.765625e-05
11001111110111111000,11.763881136987628,9.765625e-05
11101001100011011110,19.624511287415718,9.765625e-05
00011011001010011110,20.88702844410446,9.765625e-05
01100111100000011110,18.759011574211527,9.765625e-05
00100111110010100011,22.682733681341382,9.765625e-05
00110100000001110010,16.73154994625445,9.765625e-05
00111101011111000110,9.116766883752138,9.765625e-05
01110100011001010111,11.133128710266469,9.765625e-05
11110000011000011000,9.988710018100807,9.765625e-05
11110100100110100011,14.535799622859939,9.765625e-05
11011100110010111111,12.442431490469048,9.765625e-05
00100011101000100110,23.495049961286107,9.765625e-05
01110011001101101100,18.114031027258463,9.765625e-05
00010011000010001000,15.466223231406781,9.765625e-05
11110100010110101110,14.718287820572215,9.765625e-05
10010001000010101100,21.581979466215053,9.765625e-05
01001100000100010001,10.657535824874495,9.765625e-05
01011011011000000011,17.361213755964968,9.765625e-05
00001100001001011000,20.23517964661334,9.765625e-05
11000110001000011100,14.748483416958342,9.765625e-05
11011011101001111010,22.807779321812614,9.765625e-05
01110010001100010100,16.424583154173337,9.765625e-05
11001011111001001000,18.072400636061978,9.765625e-05
10010100000001110001,14.143243047118618,9.765625e-05
00010111010011110000,16.444284641738584,9.765625e-05
11010110010001101101,13.210624094588301,9.765625e-05
11000011100101000010,17.15141812413666,9.765625e-05
11001001010110111010,18.879579597760955,9.765625e-05
11011100011111101100,11.055139355144942,9.765625e-05
11000100110100001000,12.453095291447283,9.765625e-05
00000111001000011100,18.55063934562142,9.765625e-05
10001000000100000010,32.81155372087765,9.765625e-05
11010110111010010101,14.487241525756229,9.765625e-05
01111000001010001000,15.645951934559601,9.765625e-05
01111110111100111010,13.685749885707882,9.765625e-05
11110100000010011010,18.759011574211527,9.765625e-05
00111101000110110010,15.945115809122935,9.765625e-05
11001110011110100000,17.021004880441446,9.765625e-05
01010110010011001100,15.159798203856095,9.765625e-05
01011001010110000010,14.128536258059647,9.765625e-05
01011110010100101100,14.504881855060745,9.765625e-05
11110010101001011000,18.30882067777172,9.765625e-05
11000111100100001001,15.547539644789325,9.765625e-05
11011000010010001001,13.092465967965651,9.765625e-05
11010101110101100101,13.04031284999123,9.765625e-05
01011011010110011111,16.069152797478313,9.765625e-05
10110101001100110111,18.184693325699726,9.765625e-05
11101101001011100111,18.14078274481524,9.765625e-05
01111001110010010011,14.671212788806272,9.765625e-05
01100110000000000000,18.33427568419946,9.765625e-05
10011100100001111101,17.43044089156258,9.765625e-05
11010010110010101011,16.91169591425191,9.765625e-05
11110100001101000111,12.576897201141893,9.765625e-05
10010111110010010010,21.071083094856707,9.765625e-05
11110100011101000011,8.643673720473082,9.765625e-05
11001111010110011110,17.370958730466587,9.765625e-05
01010010000000000110,17.09156380354041,9.765625e-05
11100110100000100010,21.42955121032403,9.765625e-05
11000001011100000111,22.071433721587372,9.765625e-05
11000101000000101001,20.73790653525312,9.765625e-05
01101101110000010110,11.898703715984485,9.765625e-05
11100101100101000010,13.445261242250147,9.765625e-05
10010011011100101110,21.161705597589773,9.765625e-05
01111001111001000010,10.847794437550071,9.765625e-05
11001000111000101010,20.10160714874985,9.765625e-05
01111001100101101111,19.95178753964418,9.765625e-05
11110100011101010100,8.491359673504526,9.765625e-05
10011100101001100011,15.0015024482515,9.765625e-05
10000000000100110100,38.316712501003806,9.765625e-05
01011111010011010011,16.039766183014876,9.765625e-05
00110111111000000000,15.638127571399416,9.765625e-05
01111001010000000011,14.997783825940303,9.765625e-05
01011101000111000001,18.92944563716018,9.765625e-05
00101101110111101110,22.06628119929257,9.765625e-05
01011110111001111100,17.72026965039221,9.765625e-05
11000100001100001001,15.904983071747093,9.765625e-05
11101101001111110001,17.19976947710922,9.765625e-05
11111000111011101111,18.12884620286904,9.765625e-05
11100111011100100111,23.87175179015717,9.765625e-05
01010010000100000101,15.09246596796565,9.765625e-05
10001111101100001001,20.611505871540526,9.765625e-05
10011101101001100010,19.774571591161273,9.765625e-05
11110100010010001111,15.096718213899834,9.765625e-05
01101101001100111000,18.353686734824272,9.765625e-05
00101101010001000100,17.046708477404977,9.765625e-05
01111110111110100000,12.942588683201706,9.765625e-05
10010101010000100001,15.828451891877322,9.765625e-05
10011101011111101110,16.073880904250004,9.765625e-05
01011110111111111001,14.424193609040454,9.765625e-05
11001100011001010100,12.572865885539407,9.765625e-05
11001110111010101010,16.09651864208334,9.765625e-05
11110100011000001101,11.20225443532689,9.765625e-05
10010111100011100110,23.910848813839078,9.765625e-05
11001111101101010011,19.19976947710922,9.765625e-05
11010110010110000010,14.163010008314476,9.765625e-05
11010111100100101101,20.53628254683906,9.765625e-05
00010111000010011011,23.30465651559392,9.765625e-05
01110011001100010100,14.905317857974651,9.765625e-05
01001100010001100110,14.691734315206286,9.765625e-05
11011011100011001010,22.800177641253704,9.765625e-05
00001010001111100001,41.42606613238391,9.765625e-05
10011001101010000001,19.917799423391013,9.765625e-05
00011110001011111001,16.515785823397863,9.765625e-05
01111100011100110011,4.683607326186237,9.765625e-05
01101101110100110011,14.864845442765146,9.765625e-05
10101101001000111110,21.772678656215763,9.765625e-05
11010001001101111000,20.29316841988055,9.765625e-05
10110101110100000111,11.911766905894623,0.0001953125
10110111011011011000,20.673134134568777,9.765625e-05
10110100110110011011,16.042065570112726,9.765625e-05
00010111010001000001,11.063843800633911,9.765625e-05
10011101111101100100,12.09046719266684,9.765625e-05
11100100100000010101,11.288173721374273,9.765625e-05
10101101100100010001,22.265956143911993,9.765625e-05
01010110000101001100,15.202254435326887,9.765625e-05
10001101010000000010,17.484816523157072,9.765625e-05
01101101111110000110,13.16293901667177,9.765625e-05
11001111111110100110,16.03887985909274,9.765625e-05
00101101110000000010,14.737530931309244,9.765625e-05
10001111101001100000,17.912826170527136,9.765625e-05
10101100100100001000,23.097849400896365,9.765625e-05
00011101000010011111,23.266823732214263,9.765625e-05
11010001100010000101,20.072391684446085,9.765625e-05
11110000010100110010,12.428347143620169,9.765625e-05
10011101110010101110,21.05989065982861,9.765625e-05
00110011011100111011,23.17982397006368,9.765625e-05
01011100011110100001,10.52368462264436,9.765625e-05
11100001001001101010,18.128536258059647,9.765625e-05
10110001011010111100,22.97574281868278,9.765625e-05
11101101011000110111,16.108212649583226,9.765625e-05
11100101111001001100,11.850071917215523,9.765625e-05
01100100111000000100,15.27340218226594,9.765625e-05
11000110010010000000,13.51174283531713,9.765625e-05
11010110011001011011,15.356475876029123,9.765625e-05
01100101011001010011,14.73997113795746,9.765625e-05
11010101000110010111,23.183745870426232,9.765625e-05
11001100000110110101,12.369072695248118,9.765625e-05
01110001100101011111,20.402007788462107,9.765625e-05
00110100010101001101,16.837345314470365,9.765625e-05
11001101010100100101,12.043828972483512,9.765625e-05
00010011001000000111,20.84779443755007,9.765625e-05
01011110101111110100,16.44715615279713,9.765625e-05
10011110010011101001,19.07108309485671,9.765625e-05
00011111010001010001,14.999928371903238,9.765625e-05
01010110000110010000,12.575984321991363,9.765625e-05
00110001101100000000,14.09246596796565,9.765625e-05
01010011011011010000,15.066352190935277,9.765625e-05
11010000111000101100,18.719968482534657,9.765625e-05
11011110111100100111,15.705535495396406,9.765625e-05
01100111111011111111,22.020333000994434,9.765625e-05
01010001001100110000,27.73789405206642,9.765625e-05
11001111111111111110,13.138858601902996,9.765625e-05
11100110001010011010,21.264066565873236,9.765625e-05
00101100100001100000,17.770151530294534,9.765625e-05
11010111001110111011,27.32860138501432,9.765625e-05
11011101111100010100,12.897158708586915,9.765625e-05
11001000110000100000,14.81557152460511,9.765625e-05
10001000000010111010,32.89337525993897,9.765625e-05
01101101001000010010,15.847905512488033,9.765625e-05
11010011010011101100,10.92206135536215,9.765625e-05
11101111111000100100,26.30047870574606,9.765625e-05
11110100110010010110,11.347896566270325,9.765625e-05
10010011101001110110,26.073880904250004,9.765625e-05
11110001011100011000,11.80526812352169,0.0001953125
10011011001110010011,27.230441130223443,9.765625e-05
00111101100011001011,18.487061325603996,9.765625e-05
01001111000101100110,15.744782719558561,9.765625e-05
10110101010001001011,15.615068215192714,9.765625e-05
11100011110000010111,22.2210022260253,9.765625e-05
01011000001000011011,20.42834714362017,9.765625e-05
01100111111001001101,15.427874727226262,9.765625e-05
11111000101110010110,15.67348402687838,9.765625e-05
01011011010110000111,14.183614394726035,9.765625e-05
11011111010111100111,17.827731179214894,9.765625e-05
11101101111011110111,12.184606406426708,9.765625e-05
10110101111011000111,17.713928167065927,9.765625e-05
01111110001110011110,17.20495125340548,9.765625e-05
00110111111011110010,20.170316147791308,9.765625e-05
01101100001010110110,12.970435808279674,9.765625e-05
11001101010010011110,13.898703715984485,9.765625e-05
11110100110100010001,2.7249943127202965,9.765625e-05
00111111111100000110,15.95387595507836,9.765625e-05
01110001100101101010,24.466148795320464,9.765625e-05
10100100100000000010,16.60325781643848,9.765625e-05
10001101100010000000,16.32364373848183,9.765625e-05
11001001110100110010,16.608650211824905,9.765625e-05
10110100000000000010,15.955193496283627,9.765625e-05
00111110101000000001,18.172508144549884,9.765625e-05
00010111011110011001,16.676900834038154,9.765625e-05
10011111111010001001,19.041684720787828,9.765625e-05
00111100100010010010,12.859395273343779,9.765625e-05
01001111110001000101,14.163010008314473,9.765625e-05
11011100000101000010,13.409248726191095,9.765625e-05
01101100111000111001,16.47035929322668,9.765625e-05
11010100100010000011,23.151418124136658,9.765625e-05
11000110010000100001,15.487626815737059,9.765625e-05
01101101010100110100,14.227977725663244,9.765625e-05
01001100001101100010,15.164946470998842,9.765625e-05
10010011110101101000,14.791594065503038,9.765625e-05
01000101010010001010,30.811733099071965,9.765625e-05
10110100101000100111,17.839417802274244,9.765625e-05
00001000100000011001,38.38413810490067,9.765625e-05
01111000011100000000,9.389466560946182,9.765625e-05
01100110011000011101,18.877672204027274,9.765625e-05
11000111101101001010,18.599846527290808,9.765625e-05
01110001100010100001,26.32887632363844,9.765625e-05
01111100001101110001,8.57979015784284,9.765625e-05
10100111010011111101,28.023389065324288,9.765625e-05
00001111100011010010,14.517648660704358,9.765625e-05
11011100100101000111,12.165820300894467,9.765625e-05
01100110000110110011,21.24660300311717,9.765625e-05
10100101100001001000,13.851986286963621,9.765625e-05
10010111011101011001,13.41977709058434,9.765625e-05
10011001101011000001,19.64858473700989,9.765625e-05
00110010010100100110,28.8136377827831,9.765625e-05
11011011111001101000,16.443305036937225,9.765625e-05
10011101100000001101,20.77425728198333,9.765625e-05
00110011010000110100,19.996832839096,9.765625e-05
11110000100000110100,10.78740656961822,9.765625e-05
00011110011010011110,19.673484026878377,9.765625e-05
00111110100111001000,18.114031027258466,9.765625e-05
11110000111010011011,16.63281964107137,9.765625e-05
11011100011110011011,9.651276135453056,9.765625e-05
01100111010011010100,12.960399439084643,9.765625e-05
11010011110001000000,10.720209166334723,9.765625e-05
00110011101010001000,17.056523534464187,9.765625e-05
11001011111011011011,23.17982397006368,9.765625e-05
01101111101000001011,25.64847561603723,9.765625e-05
11101001110011001111,22.2348769223768,9.765625e-05
11111100001011010100,18.172508144549884,9.765625e-05
11010101100101100110,24.15839538688401,9.765625e-05
01100111111110001111,20.430452465664153,9.765625e-05
00001110000100001011,23.230814660598824,9.765625e-05
11010011100101110000,15.299444331199552,9.765625e-05
01010100001000000100,24.576114752811396,9.765625e-05
00011110110000100001,15.480692133815424,9.765625e-05
01111100011000010010,6.745072127810669,9.765625e-05
10011110001001000000,25.300420931711116,9.765625e-05
11000111011000000100,15.297951579824833,9.765625e-05
11001000000011000001,23.22698592110263,9.765625e-05
01110011110110000011,13.8265331686005,9.765625e-05
01000100101001011101,32.735019009437075,9.765625e-05
00110001001001001010,18.540415713132543,9.765625e-05
01001010001011100010,23.10470268155709,9.765625e-05
10010001000001101100,17.436971351583278,9.765625e-05
11000101010011000101,13.228832830778824,9.765625e-05
11010001001101010010,20.141081839104306,9.765625e-05
01000011111001000111,24.38294216785477,9.765625e-05
11010011111100101100,12.739381285429047,9.765625e-05
01111100011000010011,5.8717614761941235,9.765625e-05
10000101000111010011,20.942222041713542,9.765625e-05
10011000010001010100,32.38834777000914,9.765625e-05
01010110000101101000,17.69177344074857,9.765625e-05
11000111100110011001,14.475297996999242,9.765625e-05
01111100110100011110,10.075210928641965,9.765625e-05
11011101010111001101,13.063843800633919,9.765625e-05
01100000110101000000,25.52392249845487,9.765625e-05
00111011100000111010,25.22106624165359,9.765625e-05
10001101100011000010,15.39572654463488,9.765625e-05
00010100101001110011,37.15740901320829,9.765625e-05
01110011111000010110,12.35546440512733,9.765625e-05
00110111011101111101,16.234363052222182,0.0001953125
10010100110000010001,12.735019009437071,9.765625e-05
00110110100111010010,15.560364038964012,9.765625e-05
11011110110110101000,11.583899343135425,9.765625e-05
11110001101001110111,16.902310616063854,9.765625e-05
11011100010110101100,9.346519362965495,9.765625e-05
00110011000110001101,17.395154518641206,9.765625e-05
01011100010011110001,9.925327402284672,9.765625e-05
00110100000111001001,15.191997184468015,9.765625e-05
01001101010011100100,11.963624374023588,9.765625e-05
11101001001011111011,23.561533627921584,0.0001953125
11110100010010110100,12.737530931309244,9.765625e-05
01111000010000110010,12.055203370773238,9.765625e-05
10010111101111001111,20.95356969927101,9.765625e-05
11001100001010001010,15.60421151330532,9.765625e-05
01110011011101101110,16.34561908660487,9.765625e-05
11101100111001010000,13.306382457564798,9.765625e-05
11011011101100011100,20.24807594151586,9.765625e-05
10010111100100011101,14.832864965889831,9.765625e-05
10011011011011001011,22.96015719890559,9.765625e-05
01011110011011000101,12.470879699241898,9.765625e-05
10011111001111111110,18.8096192554744,9.765625e-05
11010011100001111111,19.191429071849257,9.765625e-05
01011110110001000010,16.241141259594222,0.0001953125
11000011000000000000,14.272259421167831,9.765625e-05
00011111011001110001,14.108376100147233,9.765625e-05
01110110111010010110,15.205718410559713,9.765625e-05
11101101111111000101,14.64367372047308,9.765625e-05
01010110010100001011,13.332656240715572,9.765625e-05
01100111000000101001,26.466351262663373,9.765625e-05
11000100101111010000,19.957003990440075,9.765625e-05
01101101001011010011,14.01373923813032,9.765625e-05
01110001100001110100,17.960746621371698,9.765625e-05
11010100100101010001,8.674807086095743,9.765625e-05
00110000000111110111,36.9353867838878,9.765625e-05
10101101100001111011,19.096884559990258,9.765625e-05
00011111011110110101,13.122570477053907,9.765625e-05
10011100011111101000,14.2097246401856,9.765625e-05
00011101000001010101,13.995515297890735,9.765625e-05
01001110100000010110,16.988673689708264,9.765625e-05
11000111111010011101,15.45177775024202,9.765625e-05
01111000100000001111,17.64369038252445,9.765625e-05
11110101010011101101,19.3698638718626,9.765625e-05
01000000100000111000,33.24897530879136,9.765625e-05
11011100001111110001,9.138896709596766,9.765625e-05
01110010010000111001,18.128536258059647,9.765625e-05
01011001000110010011,19.759146788622594,9.765625e-05
01101101111001010001,11.280326454569373,9.765625e-05
10010010000001101011,26.608152170923923,9.765625e-05
00001111011000011110,19.586709635715415,9.765625e-05
10100101100000101000,17.94576906171347,9.765625e-05
11010011110010000111,15.074722584617756,9.765625e-05
01110011110011001101,13.271656399289839,9.765625e-05
11010110011100001001,10.603964675039103,9.765625e-05
10100100101010101101,29.160138410128734,9.765625e-05
11100001011000001011,18.486287828889388,9.765625e-05
01011111000011100011,26.394823743755587,9.765625e-05
11001101010101001101,13.067964658404751,9.765625e-05
10011011001001101110,24.004880940577436,9.765625e-05
00011111110101011111,16.234363052222182,9.765625e-05
01101111100110001010,23.123672213295645,9.765625e-05
10110001000000010000,17.82162724001348,9.765625e-05
11000111111101001101,13.295609350110016,9.765625e-05
10010101001110110011,27.65412827443769,9.765625e-05
11100101000110011111,19.93618307548374,9.765625e-05
01111000010010000001,12.729642552520772,9.765625e-05
11111000101110100010,12.585726793610508,9.765625e-05
00100111100011111011,22.71870362741454,9.765625e-05
01011010000100010011,21.269701484866157,9.765625e-05
00011111011001100101,14.468887165536437,9.765625e-05
00111111111110000111,13.282934366933656,9.765625e-05
11011001101111101100,18.922460070090803,9.765625e-05
10010110011011101001,18.845873091787563,9.765625e-05
00111011001000111100,26.353746261128798,9.765625e-05
01100111001000011101,18.897460610865537,9.765625e-05
11110001111010010000,13.08834782021735,9.765625e-05
01101100101111011010,16.53570272328271,9.765625e-05
01000100001010001001,30.64215432674277,9.765625e-05
11000010000010111010,21.430440891562576,9.765625e-05
01100111011101000000,14.241141259594222,9.765625e-05
11100100110010110000,12.880735576466828,9.765625e-05
11001100000111011000,12.645976824645611,9.765625e-05
11010110010111011001,9.136951208169307,9.765625e-05
11011111011111111011,15.137906978604647,9.765625e-05
01111001000001010001,20.43896595885723,9.765625e-05
11110001011101010011,14.234363052222182,9.765625e-05
00111001100000101011,20.2210022260253,9.765625e-05
01001111100101111101,15.839439247916651,0.0001953125
10010001010101000101,17.008374991769642,9.765625e-05
01101101011011010110,9.490042132299266,9.765625e-05
01001111110101000111,15.490042132299264,9.765625e-05
01011100000111100000,13.230814660598824,9.765625e-05
01110100010100000010,8.072400636061975,9.765625e-05
01000011001101001001,21.295609350110016,9.765625e-05
11111100110011000110,13.734299754776956,9.765625e-05
11001100111001100000,10.647184335793083,9.765625e-05
00111111100111001011,15.94515131555756,0.0001953125
01100110001001111011,22.40976832149787,9.765625e-05
01011110000110000111,15.221066241653592,9.765625e-05
10111101011110101111,16.781954953034354,9.765625e-05
10011011111001101111,23.71080526832185,9.765625e-05
00011110100100110010,17.246786734840214,9.765625e-05
01111110011011100001,16.450862455336214,9.765625e-05
11010001000101010101,13.281746227860094,9.765625e-05
01011011011010100100,12.874566261601828,9.765625e-05
01100111110001111001,17.5853858529168,9.765625e-05
01100111110101001000,14.250475036180497,9.765625e-05
01011110000011110011,16.1244814023584,9.765625e-05
01010111110100000100,16.955193496283623,9.765625e-05
01110110000110101000,19.76692659535559,9.765625e-05
10010101011000010000,18.625301533718538,9.765625e-05
11110001000001010100,14.6469029214039,9.765625e-05
11010010101000100010,20.76045184664116,9.765625e-05
11111101010111111001,17.549353964783844,9.765625e-05
01100100000100001001,16.670715286435772,9.765625e-05
11001101010000111001,13.225124863097369,9.765625e-05
11011101000111110101,13.809937085383321,9.765625e-05
11011100010001111110,11.480692133815424,9.765625e-05
11010001110001110001,14.440102478361993,9.765625e-05
00110000000010000001,17.337265354973763,9.765625e-05
11111100101110001101,13.996832839096001,9.765625e-05
10111100101001011010,15.997786535962844,9.765625e-05
01110011111000000000,11.950115410075135,9.765625e-05
10011101110100101111,15.145748727397445,9.765625e-05
00111101010011011000,16.867923785082034,9.765625e-05
11110001110010110110,13.82018093313056,9.765625e-05
11001110000010010010,20.823411178941548,9.765625e-05
11010111111111001110,19.98314285344705,9.765625e-05
10011100100100011111,17.3405383779107,9.765625e-05
10000111100100010110,19.480692133815424,9.765625e-05
01000110000010001001,16.74968124206886,9.765625e-05
11011101011101110101,8.731708934526345,9.765625e-05
11111000111010100011,11.314418359286979,9.765625e-05
11110100010011011101,12.896362220690737,9.765625e-05
00110011111110000000,13.096653463850469,9.765625e-05
01011110101001010100,18.250886234095848,9.765625e-05
01101111001111001110,17.96821067176427,9.765625e-05
00100010110000101110,42.22907966904504,9.765625e-05
10010110110110000001,13.220051239180998,9.765625e-05
01100111011101111011,19.945022648256575,9.765625e-05
10010111110111111001,13.303053941301467,9.765625e-05
11010110110101010010,12.3107280715054,9.765625e-05
10111001101100000101,19.2106240945883,9.765625e-05
00000101110001101100,31.79707784245459,9.765625e-05
10011101100111000001,12.908355616746947,9.765625e-05
01001101011001000000,11.448730305432766,9.765625e-05
11110100011100001000,8.545012518868093,9.765625e-05
01110100001101101100,19.86828065340605,9.765625e-05
11001011001111101010,20.250516148164078,9.765625e-05
11110001100101100110,12.847794437550071,9.765625e-05
10110011001110101011,23.282934366933652,9.765625e-05
11000111011001010011,17.096884559990258,9.765625e-05
11001110001011110110,18.914717636630517,9.765625e-05
00110111110110100010,17.34691027972181,9.765625e-05
00110100001100011000,13.93599120326291,9.765625e-05
01000110111100000000,18.411693100864166,9.765625e-05
11000111101010011010,23.497441138375205,9.765625e-05
10011011101001110011,26.411572661188167,9.765625e-05
10011011111011011101,25.61960560338713,9.765625e-05
11011110111111101011,13.471804250870672,9.765625e-05
00110001000100000000,11.202254435326887,9.765625e-05
11110001001001110110,16.64654876310243,9.765625e-05
11110001000101111011,18.85751306396337,9.765625e-05
11111100001001001110,20.12579071552902,9.765625e-05
01110001001001010011,18.368000300135034,9.765625e-05
11011110111110101110,14.585726793610512,9.765625e-05
00011010001010001101,24.002395650221032,9.765625e-05
11101100111010010110,13.430440891562577,9.765625e-05
10110101111101100011,12.302100244434627,0.0001953125
00001110101010101000,21.713033066191954,9.765625e-05
01111110100110001011,18.176997542713327,9.765625e-05
11100100100010100110,18.001117147430854,9.765625e-05
10010011100010011001,18.561498757531353,9.765625e-05
00111111101111100111,14.119846488929074,9.765625e-05
00010000100001101100,39.01053160169679,9.765625e-05
11010000010010001100,12.796740346204494,9.765625e-05
11010110010101001000,10.311082229806871,9.765625e-05
10100111100011111110,21.885004044298572,9.765625e-05
11010110111111001001,13.070058406347162,9.765625e-05
10011100101110001100,18.231104068850932,9.765625e-05
00001101100001011111,21.82998368166713,9.765625e-05
00011111010010101011,17.24674247268029,0.0001953125
01001111010000011010,16.75165962744525,9.765625e-05
10100101000011100110,20.88702844410446,9.765625e-05
11111100111011111111,11.17982397006368,9.765625e-05
11001110110011011010,17.14574872739744,9.765625e-05
01111011001110111010,21.816486477324126,9.765625e-05
11000110110011011101,16.447040604727235,9.765625e-05
11110001110000100000,9.645056011727707,9.765625e-05
11110001010000010100,10.554436953438248,9.765625e-05
10001111001010011001,21.74478271955856,9.765625e-05
00101111100100000110,22.62779752796041,9.765625e-05
01110000010011001110,20.14101941727337,9.765625e-05
01010011000110100101,18.2210022260253,9.765625e-05
00110011011110100101,19.25403935543416,9.765625e-05
01111100011001000110,9.155189089597906,9.765625e-05
11110001011001001010,13.448900732011193,9.765625e-05
01011110110100010100,12.32645403106182,9.765625e-05
10010001011011110110,30.894428391741528,9.765625e-05
00111011111110000000,15.91176690589462,9.765625e-05
11000100100000001111,19.435224051506857,9.765625e-05
00011101010001001111,16.247834435757866,9.765625e-05
01011110000101110110,17.08060612117813,9.765625e-05
11110100111000111000,10.372211521622496,9.765625e-05
11001101110100101010,14.467555242240039,9.765625e-05
01011011011000010011,17.584496171678257,9.765625e-05
11101100110011101000,16.181228430541957,9.765625e-05
00010011011000011011,23.13312871026647,9.765625e-05
10110101100101101111,14.947120651351042,9.765625e-05
11001100000100110001,10.586608273846073,9.765625e-05
11100001010000100100,12.545012518868093,9.765625e-05
01001111011011111101,12.515785823397863,9.765625e-05
01101111111101000111,17.2027768277834,9.765625e-05
00100001001000000001,19.803353753773596,9.765625e-05
11000011111000001011,19.64087311393005,9.765625e-05
11000011100000000010,15.711838772652246,9.765625e-05
01011111011100000101,15.788970312635652,9.765625e-05
00010101011000110000,27.737894052066416,9.765625e-05
11010000011000010000,10.696138426763085,9.765625e-05
01011010001010010010,16.942588683201706,9.765625e-05
00011101001011000010,19.794611298557868,9.765625e-05
11111111111111101000,21.60078782809815,9.765625e-05
00111000010110011001,30.03880063941539,9.765625e-05
11001111111011111111,14.184606406426711,9.765625e-05
01001101010100001011,18.05520337077324,9.765625e-05
01011011110110000010,14.887028444104459,9.765625e-05
00101101101010001111,21.15786717205663,9.765625e-05
01110110000000001100,21.62031828435861,9.765625e-05
01010011010100110101,14.232596820225655,9.765625e-05
11010001000000010111,18.071495027193127,9.765625e-05
01111011011100101001,21.53587061450265,9.765625e-05
11011100010000110001,7.071435500888606,9.765625e-05
00001100001000001011,21.17090183154656,9.765625e-05
11001001100111100010,17.600787740970947,9.765625e-05
01110011011001010101,13.281990356103769,9.765625e-05
11001111001011011111,17.584486485641303,9.765625e-05
11011100111010011100,13.211038736947256,9.765625e-05
11000111101101010001,14.355604843283242,9.765625e-05
11001100101000001011,16.32926432364181,9.765625e-05
11001100101101100000,11.20629712914036,9.765625e-05
11001011110110011010,21.14574872739744,9.765625e-05
01001011100011001010,18.355464405127332,9.765625e-05
10000111100000001010,18.628703136829266,9.765625e-05
01101100111011000101,16.130328103723436,9.765625e-05
10011111101111010101,17.703881475789554,9.765625e-05
11110011000000111000,25.324347887059915,9.765625e-05
11100101100101100000,13.140201843902716,9.765625e-05
11110001100000010110,13.63812757139942,9.765625e-05
01101101101111000110,13.087371219705796,9.765625e-05
00101111100111001011,19.423081881245032,9.765625e-05
11111000011111101010,17.782860561903203,9.765625e-05
00011001010010010001,17.673484026878377,9.765625e-05
11111011111011001110,20.228308892783147,9.765625e-05
01001011111000100110,17.594232107436792,9.765625e-05
11011110100011011011,18.450862455336214,9.765625e-05
11110001000100110101,15.296634038619565,9.765625e-05
11100001011000010111,17.885181534428266,9.765625e-05
11001101000111011000,12.84041584842821,9.765625e-05
01010110010110110101,13.04449148179701,9.765625e-05
01001010000110101010,23.871385872250247,9.765625e-05
01001110011000000000,14.015673703533572,9.765625e-05
11011100110110101010,11.18217588581545,9.765625e-05
11001111111000101101,16.991237144022037,9.765625e-05
10001000000010000100,31.252440927530373,9.765625e-05
11110100111010000000,12.138223458526326,9.765625e-05
00001111101101110100,17.199108632938092,0.0001953125
11001101101111001000,16.58389934313543,9.765625e-05
01110100100101000100,11.850071917215525,9.765625e-05
11000011111101001000,16.292808743566983,9.765625e-05
11000011011001110100,15.970147123608811,9.765625e-05
11011100011001010010,10.327060545641604,0.0001953125
10110101001100110011,17.68079358916264,9.765625e-05
01111101111101000101,9.487475967962958,9.765625e-05
01001101010001111010,15.59424459062349,9.765625e-05
11000100010101100100,14.411693100864166,9.765625e-05
10010100010000101101,17.001197825110516,9.765625e-05
10011110110010111011,18.51578582339786,9.765625e-05
11100100001001001011,17.332656240715572,9.765625e-05
10111100101011000101,17.624511287415714,9.765625e-05
10100101101000110101,19.455953672025263,9.765625e-05
11011011111110111111,17.471804250870672,9.765625e-05
10010111100001001001,15.684177278201762,9.765625e-05
11010011101111000000,17.976693805527077,9.765625e-05
11010011110001101010,14.84779443755007,9.765625e-05
00111100100001110011,12.515785823397863,9.765625e-05
01111110001110011001,16.57005840094898,9.765625e-05
10010101000101001100,14.400088820626856,9.765625e-05
01010011001110010101,18.19997622124037,9.765625e-05
11111100101000110100,13.623107441755295,9.765625e-05
10000111000110100000,16.745072127810666,9.765625e-05
11110011111001011101,14.196038186107451,9.765625e-05
11000011100010000101,14.729642552520769,9.765625e-05
01000011000010001111,20.00513848272912,9.765625e-05
00010011010001100000,14.442286590021025,9.765625e-05
10110101111001010000,12.36245686108391,9.765625e-05
00101001011000111001,31.18498617839544,9.765625e-05
00110011100011111100,22.23487692237679,9.765625e-05
00010111000011001101,16.885971693194243,9.765625e-05
10110100000110000111,17.624511287415718,9.765625e-05
10100111101100111100,21.480692133815424,9.765625e-05
10010110001110100001,17.157096483331586,9.765625e-05
00110011010011110010,20.818146847287714,9.765625e-05
11011000110100111010,14.150830258049538,9.765625e-05
11010100001000110000,17.490748696632625,9.765625e-05
00111101111010100000,16.74790282115289,9.765625e-05
00011001101001000001,19.80067131778614,9.765625e-05
10001101111001101000,15.585100612689551,9.765625e-05
00011100011011110100,20.166771200611564,9.765625e-05
01110000101101010110,20.619783093516823,9.765625e-05
01101001000001100111,19.498486227646993,9.765625e-05
01011010000010100011,18.49387087179545,9.765625e-05
01011011110001001010,18.114031027258463,9.765625e-05
01011111101100010011,23.95176108279246,9.765625e-05
00111101010111110011,11.018656703400541,9.765625e-05
01100101000000000101,17.979989732108734,9.765625e-05
11100110100010101010,20.75766561134944,9.765625e-05
10110000101010001000,19.503452210229195,9.765625e-05
01110100010110010001,7.768490251245822,9.765625e-05
01110111011101010010,14.450862455336214,9.765625e-05
00101000111001000111,44.49459618254505,9.765625e-05
01001101111110100011,25.8231555090723,9.765625e-05
01010010010011111000,20.130328103723436,9.765625e-05
01011110100100101101,18.250886234095844,9.765625e-05
10011101010010110000,16.439665547176176,9.765625e-05
11111001001011100101,20.248505700387014,9.765625e-05
11100100011001100010,15.340538377910699,9.765625e-05
00111100101110000000,9.226985921102635,9.765625e-05
00110101000010110100,24.661963134343267,9.765625e-05
10010101110100001101,15.09180719736302,9.765625e-05
10011101110100101010,15.230814660598824,9.765625e-05
11011101110111011110,14.199976221240366,0.0001953125
01110111110111111101,15.46787869892445,9.765625e-05
01011011011001101100,15.251335365040912,9.765625e-05
00111101011011001000,14.82210852048642,9.765625e-05
10110100000011001001,16.829585701359548,9.765625e-05
11010011110001111110,14.358274697707321,9.765625e-05
01011110011000110001,12.276256100551805,9.765625e-05
01111101111101110001,10.607660480832783,9.765625e-05
11010011100110010000,15.445261242250147,9.765625e-05
10010011011000001000,14.91499881684798,9.765625e-05
01110100000110010101,11.876370590452312,9.765625e-05
01001010101010000000,19.309472472359936,9.765625e-05
11110101111101100100,11.917799423391017,9.765625e-05
10010001010010100000,16.739381285429044,9.765625e-05
00111100000110100000,11.58389934313543,9.765625e-05
11010011001101010011,21.70388147578955,9.765625e-05
11011100101011111100,17.470392177175615,9.765625e-05
10000011110110100011,32.30872678248429,9.765625e-05
00011100010011101100,20.43295625787836,9.765625e-05
11011110111110100001,11.763881136987631,9.765625e-05
11011101110100001000,17.596799082481553,9.765625e-05
11110011011110001111,17.691117292631624,9.765625e-05
11011101100001111010,24.413067779650333,9.765625e-05
01110010100110100000,16.718287820572215,9.765625e-05
10110001000000011010,19.819365687978333,9.765625e-05
01101101111011111000,17.64655147312497,9.765625e-05
00100101101011001011,28.59543180977211,9.765625e-05
11110100011000000010,11.711838772652246,9.765625e-05
00111100011100101010,11.340538377910702,9.765625e-05
00011110001000101000,18.04111278233101,9.765625e-05
00011011101100100000,18.28315340920073,9.765625e-05
00110100111100000101,14.338566234127658,9.765625e-05
01111001101011110110,18.044401852501455,9.765625e-05
11111000100010001100,18.24896635717547,9.765625e-05
00111001101100100100,14.877672204027274,9.765625e-05
10110101111001010010,14.199976221240362,9.765625e-05
01010011000101110101,17.446378389680998,9.765625e-05
11100100100001111111,16.80018306129879,9.765625e-05
11101101110011110011,14.455573900056535,9.765625e-05
01111000001001100001,15.95378529709448,9.765625e-05
00111101100001101011,18.61045910093452,9.765625e-05
11110100010001001011,11.734299754776952,9.765625e-05
01011110001011011111,17.202776827783403,9.765625e-05
11000110101001001101,17.803353753773596,9.765625e-05
10111100110011110101,20.423194621325365,9.765625e-05
11011001010111000110,13.699731902094634,9.765625e-05
01110010100011010011,19.89330968793169,9.765625e-05
10101101001100100000,19.98840020908646,9.765625e-05
11011001110011100100,11.4909128816177,9.765625e-05
01001111100100010010,17.611132046897882,9.765625e-05
00110100000101010000,10.11820965906425,9.765625e-05
11110101111001101001,18.350203496280926,9.765625e-05
11100100101000101011,18.51986212474152,9.765625e-05
01010011011000010100,12.424583154173336,9.765625e-05
01000011011010101100,19.58005812045254,9.765625e-05
00011100110010000011,15.772576532893693,9.765625e-05
11010011101010011000,20.598892830423964,9.765625e-05
01111001101100001100,17.267181334959343,9.765625e-05
00111100001001100000,11.724046857446805,9.765625e-05
01010011111101001101,19.09874721179288,9.765625e-05
11111100110100110000,8.227977725663248,9.765625e-05
01001100000010001000,15.522383732650647,9.765625e-05
01100011011001110111,23.781883961391642,9.765625e-05
00010011000101001000,13.431992874974561,9.765625e-05
01011100110110110001,11.725941767993788,9.765625e-05
11110100011110111101,12.800183061298792,9.765625e-05
00110111011010001001,16.74363008691962,9.765625e-05
00110110000101101010,18.57689720114189,9.765625e-05
01100110100111111100,22.330635285353292,9.765625e-05
11101100111110111010,14.153524278978384,9.765625e-05
01110000101001010001,17.34136684067069,9.765625e-05
11001110100011011000,15.724046857446801,0.0001953125
10011111111010101100,19.77455565269115,9.765625e-05
01100111110010000101,16.363908500475063,9.765625e-05
10010111011100010001,15.83662895533666,9.765625e-05
11110100101000110111,14.555036492003623,9.765625e-05
11101100101000111010,12.35677050802607,9.765625e-05
00110100101001000001,13.274590321339502,9.765625e-05
11011001111001000111,14.72847223998195,9.765625e-05
00111100101100100111,11.60078774097095,9.765625e-05
11111100111100101011,7.1570964833315855,9.765625e-05
00111100000010111011,16.51764866070436,9.765625e-05
00011001001101010101,20.623132440604696,9.765625e-05
01111110111100110010,12.579790157842837,9.765625e-05
11010011001110000110,20.10750130165883,9.765625e-05
10111101011111101011,14.062513041820885,9.765625e-05
01101001011110111000,22.454033060683823,9.765625e-05
11100101111001010000,9.67732869400487,0.0001953125
10110101111111010100,15.070058406347162,9.765625e-05
10010001010010110000,19.581978731793985,9.765625e-05
11111100011110110110,9.839439247916648,9.765625e-05
11001101000111101111,14.869831178815723,9.765625e-05
11011100001100010110,12.227977725663248,9.765625e-05
11100001100000000110,11.645951934559601,9.765625e-05
00110001000100001100,15.498843830392069,9.765625e-05
10000111000101100100,15.898703715984485,9.765625e-05
10000010001100000100,38.16182186924092,9.765625e-05
01110100110100001110,14.302148761746606,9.765625e-05
01110110010100010011,11.253333416758478,9.765625e-05
01111011101110001010,20.190475374982423,9.765625e-05
10010110000100110011,18.79148766539273,9.765625e-05
11011111011110101011,19.876466766448296,9.765625e-05
00010110000100010111,18.3107280715054,9.765625e-05
11010011110111101101,12.890509081388657,9.765625e-05
10011001101110101001,21.38532624397423,9.765625e-05
11011100110110011010,9.970147123608811,9.765625e-05
01111001100111000010,16.447930373092984,9.765625e-05
10010011111110101110,24.86963839750977,9.765625e-05
01000000101001110000,38.4033012723791,9.765625e-05
00110011001000101100,19.108471660577038,9.765625e-05
11010010110010010000,11.516098135294687,9.765625e-05
01101100011000110110,11.704279896250945,9.765625e-05
01011001011110010111,17.088318674979284,9.765625e-05
00101111100110110100,22.039795241125738,9.765625e-05
01100110001000101100,21.57570906206833,9.765625e-05
01001110010110111010,15.822431781280246,9.765625e-05
10111001101010101101,20.84779443755007,9.765625e-05
01001101100011010010,18.361216465987507,9.765625e-05
00001111100100101000,17.48762681573706,9.765625e-05
11110100011000101011,13.395726544634883,9.765625e-05
10011110100100100110,22.840415848428208,9.765625e-05
01101100000010000010,14.295927180018943,9.765625e-05
01111110111111010110,12.591218700220029,9.765625e-05
11000000110110011000,27.882037190041785,9.765625e-05
01110110010111000110,14.552893834105298,9.765625e-05
10111101110110100011,13.91557898333944,9.765625e-05
11010001000111100001,18.888226269214975,9.765625e-05
11110100110001001100,9.49884383039207,9.765625e-05
11001100101011111000,14.289121176647765,9.765625e-05
00101101001001011011,16.250516148164074,9.765625e-05
10000111110110100110,22.717378680132555,9.765625e-05
01111110110111011001,14.942161557656053,9.765625e-05
11010010101110011000,17.166725909763315,9.765625e-05
00110111101010111001,25.190194918346194,9.765625e-05
10110101100101110010,13.75914678862259,9.765625e-05
00011011001010110011,21.011870159230476,9.765625e-05
11011100001100011001,10.351207696901037,9.765625e-05
01011010001110010101,18.73154994625445,9.765625e-05
10100011111101011011,39.91070683055366,9.765625e-05
10100000011101010001,54.25679092747571,9.765625e-05
00010111100100010011,19.010938631587287,9.765625e-05
00111011110110101010,19.192324994681147,9.765625e-05
11001001011101100000,15.515068984493023,9.765625e-05
10100101100110100001,19.514848054161327,9.765625e-05
11011101001001011010,25.433139353147354,9.765625e-05
00100111111001000110,17.44697938624868,9.765625e-05
10110111110000101010,21.728736943651917,9.765625e-05
00011110000100010010,16.439665547176183,9.765625e-05
11101101100111101001,19.025383378330982,9.765625e-05
10111100100000110101,18.74507212781067,9.765625e-05
11110001100001011011,16.72952283642602,9.765625e-05
01110010000111111000,22.358274697707323,9.765625e-05
00001101110100100101,20.31886402298116,9.765625e-05
10010011100010110100,20.128536258059647,9.765625e-05
01011011001010011000,20.172508144549884,9.765625e-05
00111001101010010010,17.087371219705794,9.765625e-05
00110101110001001111,17.762576627886254,9.765625e-05
00011110101001000001,16.165820300894467,9.765625e-05
01111001010111111111,19.32862086585162,9.765625e-05
01111000010100100110,13.480692133815424,9.765625e-05
00111101000111000010,12.467163797793063,9.765625e-05
11011110101101011110,18.84415494778903,9.765625e-05
01111000010110100110,13.811774945476607,9.765625e-05
01100111010100000100,16.201358512494995,9.765625e-05
00111100010000111000,16.32645403106182,9.765625e-05
10110001010010000111,19.326456653547506,9.765625e-05
01010110010000011101,11.80526812352169,9.765625e-05
11101101101011110101,14.184693325699719,9.765625e-05
11110101011010011111,21.387734377381964,9.765625e-05
10110101000001010100,18.201348826458034,9.765625e-05
01001111100101000111,16.556889643273166,9.765625e-05
11001010111101011111,45.01310150474397,9.765625e-05
10110111101000000000,25.455097609156716,9.765625e-05
10011101111001110010,16.135126478556582,9.765625e-05
11000110110000000111,18.181228430541957,9.765625e-05
01101001100111001000,22.002395650221032,9.765625e-05
00001011000000000010,20.716569676573677,9.765625e-05
11001001110001100001,15.351972144032732,9.765625e-05
10110100010010011110,21.883173796673752,9.765625e-05
01011101100100111000,29.037370238526584,9.765625e-05
11011001100010101101,19.8052591719058,9.765625e-05
01101101001100100101,16.439665547176183,9.765625e-05
10110110101100011011,17.390605888440504,9.765625e-05
10110101110001001101,12.40804728197292,9.765625e-05
10101101101001101001,17.299444331199552,9.765625e-05
11110100110011111101,13.070058406347162,9.765625e-05
01110110011101011111,14.160661537006314,9.765625e-05
00111001010000000100,15.964527272869901,9.765625e-05
01101011111010111011,23.393672999590923,9.765625e-05
11011110111010100011,15.963312062126768,9.765625e-05
01110011101101110000,18.444284641738587,9.765625e-05
01011100000111110111,13.80584549286341,9.765625e-05
11010100110100001111,13.84911124433427,9.765625e-05
01010110011000110111,20.44715615279713,9.765625e-05
11111001000000100000,26.827318816816174,9.765625e-05
00010011000100000101,14.230689426491974,9.765625e-05
00111101110001110001,12.446436163715939,9.765625e-05
11100000001000000000,15.18188720114459,9.765625e-05
11110000111011000110,16.195645625844946,9.765625e-05
01011001010010001011,19.976693805527077,9.765625e-05
01000110010001100100,17.39227685352617,9.765625e-05
01110000010001100011,16.495547169389347,9.765625e-05
11010100010100011101,7.223578076398567,9.765625e-05
01100101001111111100,24.004303043954714,9.765625e-05
00110100010001101100,20.65433127985797,9.765625e-05
11011100010110000101,8.737530931309246,9.765625e-05
11000111001011000000,18.172508144549884,9.765625e-05
00011111010001000111,16.176997542713327,9.765625e-05
01000111000001000001,15.38354688149714,9.765625e-05
11110100100100110010,9.974878027530245,9.765625e-05
00111101100011010110,16.00237627814712,9.765625e-05
01010110001101010101,14.38628618243442,9.765625e-05
10111000101110010111,29.264832129230115,9.765625e-05
10111001101110101001,19.310660611433498,9.765625e-05
01011110110111000001,10.64367372047308,9.765625e-05
10111100101010101011,15.198113383933872,9.765625e-05
11100101000001011010,16.897460610865537,9.765625e-05
10001101001110000110,17.896840878677985,9.765625e-05
00001010111001100000,40.78324929632764,9.765625e-05
00001111101111110001,16.90213666875444,9.765625e-05
01111100010010110011,9.2304508162604,9.765625e-05
10011001111100101110,20.52829373690255,9.765625e-05
11011010010100101110,22.19535712667796,9.765625e-05
11100100000100101000,14.748483416958342,9.765625e-05
01011110011110001001,9.997786535962844,9.765625e-05
01001111011010111111,15.85352359476553,9.765625e-05
00100101001010001100,24.256391271185933,9.765625e-05
01001001000100001110,18.78740656961822,9.765625e-05
00111111010001111010,23.33647184973119,9.765625e-05
10010111010010000100,18.858600428953785,9.765625e-05
01111100001101000110,10.241141259594224,9.765625e-05
00111100100010110100,17.471294341600853,9.765625e-05
01111100010011000100,12.552175401403105,9.765625e-05
11010111110111010110,14.671212788806272,9.765625e-05
01001111110111110100,11.470038018874142,9.765625e-05
01110011001001010001,18.121900033973027,9.765625e-05
10110101000000010101,19.937032848091086,9.765625e-05
10010111000111111011,17.53106455091365,9.765625e-05
11110110001010101110,26.369301913709997,9.765625e-05
00111101000111101001,15.87854531034165,9.765625e-05
00101101010100110010,17.91377362580063,9.765625e-05
01100001000010000001,19.512940660427645,9.765625e-05
01011110001111101001,14.869831178815724,9.765625e-05
01101101001000111101,19.32898115698305,9.765625e-05
11110100011100111101,9.3405383779107,9.765625e-05
10000100001000100110,27.101607148749846,9.765625e-05
10110101101001110110,19.486329675294026,9.765625e-05
11001111101011111010,16.568188587628065,9.765625e-05
00101111100001101100,22.90531785797465,9.765625e-05
11000110001100101110,20.427698059054492,9.765625e-05
11110101110110011101,13.573706842325912,9.765625e-05
10010001010110011000,20.340480603875754,9.765625e-05
00001010100010101001,34.35868934006628,9.765625e-05
00011110101101110100,20.77356209586096,9.765625e-05
11000101110100011111,17.615205845359057,9.765625e-05
11011001011001100000,11.988226897821438,9.765625e-05
01100101000100010101,14.041719296910793,9.765625e-05
11000111011111010001,14.452767051920155,9.765625e-05
00011111010110101011,13.915578983339438,9.765625e-05
00111100110001001011,13.446979386248685,9.765625e-05
01110011100110001010,19.096550409807094,9.765625e-05
00011101110011100100,18.922460070090803,9.765625e-05
11110001110101000100,6.6608450778272985,9.765625e-05
11011100110010110001,7.59424459062349,9.765625e-05
11000011000010111000,13.898703715984485,9.765625e-05
11011100101110001010,17.914991840833565,9.765625e-05
11011100110000011100,10.161821869240915,9.765625e-05
00110011001000100110,19.3135294124695,9.765625e-05
00101101001010010001,16.234237709351948,9.765625e-05
01100111100000000100,18.823483835726634,9.765625e-05
01011110110000111101,15.586709635715417,9.765625e-05
00010110101100011100,23.438034344086844,9.765625e-05
11110110111000100000,16.558207184478427,9.765625e-05
00111100000000000011,12.172508144549887,9.765625e-05
11000011001010001010,18.67253033001154,9.765625e-05
01011110101000000101,19.892180966399266,9.765625e-05
01101101001111000100,12.661963134343274,9.765625e-05
11001100010010111100,11.52710839497873,9.765625e-05
11111000100011100011,17.829569039308176,9.765625e-05
00011110110010011000,16.075210928641965,9.765625e-05
00011111000110111110,18.315449289389875,9.765625e-05
10010001000010110101,23.007457808799217,9.765625e-05
10011101101011011101,20.352053115979658,9.765625e-05
01011110001110000111,14.867020886235734,9.765625e-05
10101001100010100110,23.16395746358797,9.765625e-05
00011011101110010010,20.533936785553443,9.765625e-05
10110101101100100110,18.747902821152895,9.765625e-05
11001100000100110111,13.29066172175322,9.765625e-05
01110110011101000011,12.069152797478312,9.765625e-05
10010111110011101000,15.976693805527077,9.765625e-05
01011011011101010100,14.859395273343777,9.765625e-05
11011001010001001101,14.583911651658067,9.765625e-05
01110011101011010001,18.488910945302727,9.765625e-05
01110110001101100111,18.781954953034354,9.765625e-05
11100011100011110001,22.78195495303435,9.765625e-05
01000111010101000010,13.997786535962842,9.765625e-05
11110001111101000110,9.342818480061839,9.765625e-05
01110110010110010101,11.273340974627205,9.765625e-05
10100000101100000000,28.716203758666758,9.765625e-05
01110011010110111101,17.116766883752135,9.765625e-05
10110001001100100101,17.21343438716829,9.765625e-05
10011111011100001111,21.53587061450265,9.765625e-05
00011101001010001001,23.979980046071777,9.765625e-05
11010010000110101101,16.48628782888939,9.765625e-05
11010101011100110110,20.636289624178932,9.765625e-05
11010011010010011100,10.552175401403098,9.765625e-05
10011111101101101011,17.644639911366436,9.765625e-05
00110110000111010010,16.37733407672131,9.765625e-05
11010111110101110101,10.446436163715944,9.765625e-05
11001101111100011111,15.348073332818773,9.765625e-05
11100101000001010001,15.681147747464106,9.765625e-05
11001101110100011100,10.90498307174709,9.765625e-05
00011011101111000110,19.38951373985905,9.765625e-05
00010100100111010000,25.05417868226369,9.765625e-05
00110011010000101011,19.049990364420943,9.765625e-05
11011100001001110000,11.984587408060392,9.765625e-05
11011100011100110110,8.12948893707798,9.765625e-05
11010011011000110101,14.906171210820652,9.765625e-05
01000111011110100100,19.18217588581545,9.765625e-05
10000111011110000101,21.885181534428266,9.765625e-05
10010101011100010000,15.540303060589064,0.0001953125
01001010010011001101,30.91267251476347,9.765625e-05
00100100000000010101,21.52775123795106,9.765625e-05
10110000101100000001,16.292808743566983,9.765625e-05
11111100011011010111,13.202776827783403,9.765625e-05
01100011110010010001,18.012673437637194,9.765625e-05
10110011100001101101,20.402975437357778,9.765625e-05
01011011101110010111,20.24667148103758,9.765625e-05
01011011100011110100,18.64654876310243,9.765625e-05
11010011000110010001,17.268738101962363,9.765625e-05
00011111110111101001,12.591218700220029,9.765625e-05
10110000100000101101,20.65433127985797,9.765625e-05
11011000010010001111,16.002395650221032,9.765625e-05
01101100100110000001,14.815561838568154,9.765625e-05
01001110001110010010,13.230671746592098,9.765625e-05
01011011010010001010,16.04072478232764,9.765625e-05
00101111101111001011,17.243693384364853,9.765625e-05
11101100101011000011,15.490042132299264,9.765625e-05
11100100011000100001,14.329264323641809,9.765625e-05
00110011010011111110,23.64900126743347,9.765625e-05
01111110011111100100,16.360253083083713,9.765625e-05
11001101001000010010,17.330811110340612,9.765625e-05
01111001110101000100,11.459541629344711,9.765625e-05
01000111010011011111,15.9668415109902,9.765625e-05
10011101001011111001,18.049514601960105,9.765625e-05
11000011110011100000,13.220051239180997,9.765625e-05
10111100000010010011,20.91565966101911,9.765625e-05
10001101000011101001,15.299444331199554,9.765625e-05
00110110100101110110,21.37743713076469,9.765625e-05
01111001000000010010,19.683053154756493,9.765625e-05
01111001101001111100,19.917799423391017,9.765625e-05
01111001010101101000,17.2106240945883,9.765625e-05
01100101010100010011,15.040405200149134,9.765625e-05
01111001100110110101,18.44428464173859,9.765625e-05
11110011101000010000,20.415862868181264,9.765625e-05
00111100000110000100,14.000950986844304,9.765625e-05
01010010000000010110,17.757596263212918,9.765625e-05
00001101000100100100,13.977393393846025,9.765625e-05
10100001101100001101,26.096172183377533,9.765625e-05
11001110100010111110,16.34736302977454,9.765625e-05
00011001001011100011,21.93457154957539,9.765625e-05
01101100111101111000,18.107876818475503,9.765625e-05
11010011110010001101,10.965008553342837,9.765625e-05
10010011100011100100,17.655824765653758,9.765625e-05
11101001111100010000,19.306382457564798,9.765625e-05
11011001110001101111,14.72847223998195,9.765625e-05
11111000111110011010,14.542670289153278,9.765625e-05
01110110110001000000,12.552175401403098,9.765625e-05
00110011001101000100,15.09671821389983,9.765625e-05
00011011010100100000,16.575984321991363,9.765625e-05
11000111101101100010,20.55976115433171,9.765625e-05
01100101000001001000,19.362531297170232,9.765625e-05
00000101000000101011,31.38258965305949,9.765625e-05
11001101000101100101,11.756563667967649,9.765625e-05
01100100000110011000,17.573937458694566,9.765625e-05
11111000111100111111,16.931886480262435,9.765625e-05
01000001000000111110,28.00972904687132,9.765625e-05
01111110110110110101,14.869831178815717,9.765625e-05
00111101110111000110,10.585202844775008,9.765625e-05
00110011110011000101,15.646656033428854,9.765625e-05
01011110110100000000,12.323643738481831,9.765625e-05
01110100011101000011,9.133128710266469,9.765625e-05
10110101001100001101,16.84916630834668,9.765625e-05
00011000010111100111,34.48569831929608,9.765625e-05
10001101100011101111,19.021542155648095,9.765625e-05
01011000110100110000,16.01566122034688,9.765625e-05
01101011001000010111,25.62373715424706,9.765625e-05
01101101000101010111,13.76106115837069,0.0001953125
11111001111111000110,12.345619086604872,9.765625e-05
11001101111011101101,15.38532624397423,9.765625e-05
10010011001100100010,21.16086744879283,9.765625e-05
10110111101100101010,21.664763740886304,9.765625e-05
01110010111000010110,14.76404531113289,9.765625e-05
11100101110100111001,14.357471125033342,9.765625e-05
11100100100100010010,10.360483699452367,9.765625e-05
10011001010100000111,20.509069350945566,9.765625e-05
10000111101011001000,17.08834782021735,9.765625e-05
10101101100110101111,21.490042132299266,9.765625e-05
01101100110100110011,14.735333318615009,9.765625e-05
01101001101001101010,19.839417802274244,9.765625e-05
10110101101001111000,19.250876548058887,9.765625e-05
10010111011010111001,19.759146788622587,9.765625e-05
11001011100110101001,20.844154947789022,9.765625e-05
00011011111010001000,16.798275667565107,9.765625e-05
01010011011001001110,17.411516345155537,9.765625e-05
11011111101010001000,34.12022790440399,9.765625e-05
01011011010110001110,13.734299754776952,9.765625e-05
10110110100110000011,18.06439254117875,9.765625e-05
11110001110011011000,13.125220665136819,9.765625e-05
00110101000101000011,11.21341501509438,9.765625e-05
11111100111011011011,10.317167433388416,9.765625e-05
11011000110010101000,11.389460319352832,9.765625e-05
10011001010011100010,16.61945809129324,9.765625e-05
10000011110001001011,26.982191866602747,9.765625e-05
10010010100101111010,30.5063399431853,9.765625e-05
11010111111011101101,20.656152575866898,9.765625e-05
01010110001110000100,18.201293762445633,9.765625e-05
11011100010110101000,8.32645403106182,9.765625e-05
01100111101000110101,20.473821467522082,9.765625e-05
10001111001110101000,17.772678656215763,9.765625e-05
10010111101011101100,23.99585697300551,9.765625e-05
10001101010011111111,20.846878321096,9.765625e-05
11101101101010011000,20.336406805414576,9.765625e-05
11111000110110101111,17.07005840634716,9.765625e-05
10000101110010100111,28.88139808578033,9.765625e-05
11011001010010111010,15.821273081712011,9.765625e-05
11010011101111001100,16.540415713132546,9.765625e-05
10011011010101100100,27.442814929803628,9.765625e-05
01110001010010000110,13.718837295538119,9.765625e-05
01001111001001010111,14.89935831856226,9.765625e-05
11111000011010101010,13.16395746358797,0.0001953125
00111110101100001011,15.423265612968077,9.765625e-05
11000111001110010010,20.257019231408123,9.765625e-05
00111101001001010010,13.623737154247063,9.765625e-05
01110011001101101000,19.48723881573369,9.765625e-05
01101001000000110111,19.871761476194123,9.765625e-05
01111100111101110001,6.548400180789801,9.765625e-05
00110110100011111000,20.608152170923923,9.765625e-05
00001000111000000000,33.1583562505019,9.765625e-05
10101101100010101101,22.66196313434327,9.765625e-05
10010111110110111111,19.78188396139164,9.765625e-05
00011001010001100010,15.741744051701142,9.765625e-05
00111101101001000010,14.083729754343274,9.765625e-05
11000001100000000111,17.868280653406053,9.765625e-05
11100001101001000000,12.046708477404975,9.765625e-05
01000110010000000011,16.74034122388923,0.0001953125
11000011100001110010,17.157096483331586,9.765625e-05
01000101101000110000,35.822859641246964,9.765625e-05
01110010111010011111,20.07353904363136,9.765625e-05
01011100010100010010,7.069615233567998,0.0001953125
11100101000001101000,18.778686283626143,9.765625e-05
01110110110101010101,10.844970927362318,9.765625e-05
01100011100000000001,17.819365687978333,9.765625e-05
00110111010001000000,14.951066396919437,9.765625e-05
01111001110000001111,15.448900732011193,9.765625e-05
00011111011101100010,13.131014572401638,9.765625e-05
00110000100000000101,18.45769471966852,9.765625e-05
01011010010000011010,17.69177344074857,9.765625e-05
11111100001110000010,15.852936539386853,9.765625e-05
10000111111001101111,24.556754636002157,9.765625e-05
00100111001100001011,19.498486227646993,9.765625e-05
11011000010101101010,15.907076819689506,9.765625e-05
01011111010110010101,12.535928388537592,9.765625e-05
10010111011101010001,14.399711758680667,9.765625e-05
11110101011111111001,16.528263944370618,9.765625e-05
11010110100001110110,19.821273081712015,9.765625e-05
00110011101010011000,19.10324096348505,9.765625e-05
10001111101110011010,19.894536756656947,9.765625e-05
00111111110100101011,18.269624338757296,9.765625e-05
11111100100101110101,12.103761467876947,9.765625e-05
01001101010011000000,11.691773440748568,9.765625e-05
01100100000100000111,16.075210928641965,9.765625e-05
00101100101110010000,18.106829019181173,9.765625e-05
10011011101100101000,19.7240468574468,9.765625e-05
01011100000001010001,11.142353365880073,9.765625e-05
01001110001001110111,18.864845442765148,9.765625e-05
01110011000111000110,16.180637032474372,9.765625e-05
11001111110111011100,12.554082795136782,9.765625e-05
11110011111101101000,13.624511287415713,9.765625e-05
11001101001110100100,14.182213993509226,9.765625e-05
01111000101000101000,16.741642837464198,9.765625e-05
01110111011101011101,12.014915617598431,9.765625e-05
01110110100101011010,14.72733843049973,9.765625e-05
00110001100100000001,13.032196270589376,9.765625e-05
10110111110101101000,14.820251924773267,9.765625e-05
00110111000111011010,16.03358596792072,9.765625e-05
10011100010110100001,10.214455544107032,9.765625e-05
00110100001101000100,13.138223458526326,9.765625e-05
00001111001000111001,18.56351171903071,9.765625e-05
10110111101111111110,20.39546837682552,9.765625e-05
01111110110001101011,19.136000308452207,9.765625e-05
11011001101111100000,18.013136902415205,9.765625e-05
00011011100011100000,17.273340974627203,9.765625e-05
01110000100011001111,26.03397378242022,9.765625e-05
10011110001111110001,19.062368239749542,9.765625e-05
11001001001010000000,15.30076187240482,9.765625e-05
01101101001111000011,14.517638974667406,9.765625e-05
01100100100001111001,21.615205845359057,9.765625e-05
01010011101100000001,21.51519252642584,9.765625e-05
10110100101010000011,17.15786717205663,9.765625e-05
10111101111001111011,14.016823011332107,9.765625e-05
00110001000100010000,13.80526812352169,9.765625e-05
11001001000011000110,15.155189089597904,9.765625e-05
11110010100000100110,19.650666910850727,9.765625e-05
10110110100010111011,20.91261057270367,9.765625e-05
00011010111110001010,26.27451932969679,9.765625e-05
11110010111110100110,18.689662121669667,9.765625e-05
01011101100000101110,38.03652480325612,9.765625e-05
10000111000000100100,18.45912436450007,9.765625e-05
10011101001001111111,18.76692587177434,9.765625e-05
11011000110001000101,15.709665940827529,9.765625e-05
11100100000010010010,15.670553723936383,9.765625e-05
00010110000011101001,19.06635219093528,9.765625e-05
11100100110000010010,9.726150291426169,9.765625e-05
00000010010010010001,39.53429438829852,9.765625e-05
01101100100000100010,14.029758050382453,9.765625e-05
11011100100101101110,13.963624374023592,9.765625e-05
00110011011101001110,18.065789116557493,9.765625e-05
10110011110111101100,20.065789116557493,9.765625e-05
10110010101110100000,23.295609350110013,9.765625e-05
11010111110111011101,9.708490590047742,9.765625e-05
11110111111001011011,17.953756238983615,9.765625e-05
11111101100110011111,21.167384043911902,9.765625e-05
01011011101001100110,22.216001296765484,9.765625e-05
11000001010000111110,16.611789038199284,9.765625e-05
00011111111001101101,17.78687565560812,9.765625e-05
00111100011011100101,14.921093706466484,9.765625e-05
00111101001000111000,21.811919638784566,9.765625e-05
10111101111110111101,16.090239286320724,9.765625e-05
01101100100110001101,19.59131874997361,9.765625e-05
01011110111000100011,17.297295530084558,9.765625e-05
00110011000001100111,20.71872382103672,9.765625e-05
00011101111001000111,18.026453172184908,9.765625e-05
00111111110110101000,18.087442211348495,9.765625e-05
11110110010011111001,17.69229656762615,9.765625e-05
00110101100001000101,14.490293236557356,9.765625e-05
01111110111010010011,11.731430230159702,9.765625e-05
11110000010000011000,10.121374109945709,9.765625e-05
00000011000000001100,16.766381299254355,9.765625e-05
00010011010000111001,19.673484026878377,9.765625e-05
01011111101100010100,21.811919638784566,9.765625e-05
01001110001010011100,14.142305277882082,9.765625e-05
00000111100000001111,23.08834782021735,9.765625e-05
11000011110010101010,16.18300434857544,0.0001953125
11100111011011110111,21.06257081585583,9.765625e-05
11110001001000001001,19.157447931610513,9.765625e-05
10110101011011010011,17.818204621322657,9.765625e-05
11111001000111100110,19.987996281452787,9.765625e-05
10110111101111100100,18.97949441207011,9.765625e-05
11111000101011101010,16.84497092736232,9.765625e-05
01011001001000101000,25.355353221425986,9.765625e-05
00110011001010000110,16.99568916891277,9.765625e-05
01101001011001010010,14.731549946254452,9.765625e-05
01001111001100010111,16.108212649583223,9.765625e-05
01111000101110010001,14.800183061298789,9.765625e-05
01101001100000110000,17.48762681573706,0.0001953125
00110000100001010000,20.096172183377533,9.765625e-05
11110000001001001110,16.738976329107047,9.765625e-05
01001111001010110000,16.76763170168664,9.765625e-05
01101001101001110101,19.21252524672863,9.765625e-05
11101101011011010000,16.535938074574545,9.765625e-05
01100011110011101110,20.4705831294715,9.765625e-05
01101100110010010100,13.273054999978887,9.765625e-05
01000111000011010110,15.071083094856707,9.765625e-05
00111100110111100111,16.18347241144062,9.765625e-05
11100111101010001011,25.472632506490605,9.765625e-05
11001011010010100011,22.521483641793896,9.765625e-05
01111001110101100001,14.627558732224964,9.765625e-05
11011110100110101101,15.508331546169451,9.765625e-05
01100111000111011001,17.096437768103435,9.765625e-05
11010001110101010101,12.260656207446868,9.765625e-05
01110010100010011110,18.550888806373322,9.765625e-05
00001011001000100000,19.008459299396787,9.765625e-05
11100111111110111011,20.39048264077494,9.765625e-05
01011111010010011100,18.415862868181264,9.765625e-05
11100100010100010010,13.860728753019165,9.765625e-05
11000110100010001001,14.749681242068856,9.765625e-05
11110100001110011110,16.509069350945566,9.765625e-05
00011001000100100000,14.63463531030482,9.765625e-05
11011101111001101100,17.808381052801366,9.765625e-05
00100101000111001010,20.439064365104624,9.765625e-05
00111101110101100011,9.016765237297165,9.765625e-05
00011110110010010001,14.3107280715054,9.765625e-05
11001111111010100101,16.428057735368064,9.765625e-05
00110111110111000001,9.559400656060214,0.0001953125
11000110101111011001,18.213135205752025,9.765625e-05
11011011001111001100,19.624576037465076,9.765625e-05
11100100110110110011,18.001431456608792,9.765625e-05
10101101100011101110,18.887028444104462,9.765625e-05
10110001100100101100,14.960756307408658,9.765625e-05
11110100100101101010,13.151418124136661,9.765625e-05
11001001111100001010,18.611789038199284,9.765625e-05
11100111010010111111,22.33164060178893,9.765625e-05
00110001000100001111,18.47548881350009,9.765625e-05
01110110111101010110,12.845873091787558,9.765625e-05
11110101011111111101,15.346968053756758,9.765625e-05
01111100011111011000,9.645597776258132,9.765625e-05
10010100100000010001,13.449684002299609,9.765625e-05
01110100010010010010,12.509069350945564,9.765625e-05
01011110011001001101,15.210624094588301,9.765625e-05
10111101111110101011,14.246671481037577,9.765625e-05
11101110110000100110,30.11858181856452,9.765625e-05
11110101111011011000,19.321921240954566,9.765625e-05
11000101000001101100,14.818167862867815,9.765625e-05
01110110101000011110,19.904199067037617,9.765625e-05
00011111011010100011,16.34303364857132,9.765625e-05
01111100110010000000,11.046708477404977,9.765625e-05
00010111110000000100,17.267181334959343,9.765625e-05
11010010101010100010,22.868245266574636,9.765625e-05
00111011011010110010,20.038808954577227,9.765625e-05
11110100010111111111,14.648259931086553,9.765625e-05
01110010101000000010,15.271773787166163,9.765625e-05
11110001010101011110,13.269512235131014,9.765625e-05
10110100100001101100,16.96075630740866,9.765625e-05
10100101101000110011,20.67888266385815,9.765625e-05
00111101001101000101,10.043778468730242,9.765625e-05
10010101010101011111,16.886298681859117,9.765625e-05
10001111101010011001,20.234237709351945,9.765625e-05
11110001001100000010,16.303257866646693,9.765625e-05
00001101011001101001,19.07735620902597,9.765625e-05
10100100100010011010,22.832558415815218,9.765625e-05
01011011000100001111,20.997783825940303,9.765625e-05
11010110110110010010,12.441383691174718,0.0001953125
01111001111010010111,13.002305286504411,9.765625e-05
11100001000001001000,15.334918527171787,9.765625e-05
11011100011000010010,10.227977725663248,9.765625e-05
10000000001001000011,38.56088871138076,9.765625e-05
10110101101011100100,21.995856973005512,9.765625e-05
11011110011110100000,13.820350516524535,9.765625e-05
01110100000000001001,17.362531297170232,9.765625e-05
10110101100010110110,24.5979162299124,9.765625e-05
00010110000001010111,20.643673720473082,9.765625e-05
10110101001101101011,16.61230872063326,0.0001953125
01101001100110001100,20.608573789297296,9.765625e-05
01000110001111010111,24.02619582633347,9.765625e-05
11001101101000010011,18.119814219798002,9.765625e-05
11110001110111001001,13.58695909646732,9.765625e-05
10001101111000001100,18.272506259434046,9.765625e-05
01110000100101110100,20.11438091956806,9.765625e-05
00111100101000010011,9.759156474659548,9.765625e-05
11011100001011010001,12.614306478083558,9.765625e-05
01011011010100111010,17.871761476194123,9.765625e-05
00111100101110010111,12.736136156867925,9.765625e-05
10011110101110001011,17.490042132299266,9.765625e-05
11110100100101001101,9.766920353762242,9.765625e-05
00101001000011001100,25.159798203856095,9.765625e-05
10010111101010111001,25.315449289389875,9.765625e-05
00111101011110110100,13.157096483331584,9.765625e-05
11001011101000101011,22.428057735368057,9.765625e-05
10100101010010001110,23.459541629344713,9.765625e-05
11101101101100100111,15.876486138522207,9.765625e-05
01011011100111100110,18.94216155765605,9.765625e-05
00110110100001011001,15.609164376246776,9.765625e-05
00000011001001000000,17.516098135294687,9.765625e-05
01111100010110101011,11.490042132299266,9.765625e-05
11001011001111001010,21.710521231446982,9.765625e-05
10010111101101000010,19.775448131079436,9.765625e-05
01001011100010110110,17.56566146170683,9.765625e-05
11011000010001010010,16.388158705777872,9.765625e-05
01111011101111001101,19.691117292631624,9.765625e-05
10011101010110101100,14.983695947520616,9.765625e-05
00011011001010011001,19.710521231446982,9.765625e-05
01111000001010000111,13.801076274108144,9.765625e-05
01111100010100010111,7.821273081712016,9.765625e-05
11000111110100100001,14.614316164120517,0.0001953125
00110110111010011001,16.75200590064718,9.765625e-05
10011111111011000011,18.662723413450113,9.765625e-05
01010100110110110100,26.854176847356058,9.765625e-05
01110110110100010111,10.783821234784456,9.765625e-05
11100101110001001011,14.561498757531353,9.765625e-05
10011110001100100000,20.350876442244285,9.765625e-05
11110001010000111010,14.66196313434327,0.0001953125
11001101110100101110,13.3063824575648,9.765625e-05
11101101101001001101,17.647862859864087,9.765625e-05
01000110010001001100,15.610835341332443,9.765625e-05
01101100011110000010,11.43044089156258,0.0001953125
00110110100111001000,14.263453809700103,9.765625e-05
10001111111101111110,23.36215767966765,9.765625e-05
10011100011000000011,13.480692133815424,9.765625e-05
01001011100100010110,19.586709635715415,9.765625e-05
01110010011000100110,16.54649902864947,9.765625e-05
11110100000110001011,15.812336903629209,9.765625e-05
11110000100000111010,13.226985921102635,0.0001953125
01001001000011110011,21.80584549286341,9.765625e-05
10111001101001111100,21.213434387168288,9.765625e-05
00011110101100101001,16.566638062218395,9.765625e-05
00111100001001100010,11.160867448792828,9.765625e-05
11010111101001011000,24.496151883031715,9.765625e-05
01110110101110110110,20.358498632328818,9.765625e-05
00111101010001001111,15.461378852983952,9.765625e-05
00011011100110101001,19.310660611433498,9.765625e-05
00011001010110110000,18.45403306068382,9.765625e-05
00111001100011100010,16.65018127684906,9.765625e-05
11101001001010110110,17.83662895533666,9.765625e-05
00111100010000101010,14.603964675039105,9.765625e-05
11100101110100110001,12.735345801801703,9.765625e-05
11010111110101010110,13.710521231446979,9.765625e-05
01100000100100011001,28.117216836655125,9.765625e-05
00010111000101111001,15.068619260982528,9.765625e-05
11010111011010110000,23.382306486400743,9.765625e-05
11100011101100001010,19.2106240945883,9.765625e-05
01111000101011000000,14.79827566756511,9.765625e-05
00100101101101000001,16.054168996226732,9.765625e-05
01111001011110101100,15.04258408806333,9.765625e-05
00011111001100001111,17.88805313261401,9.765625e-05
10100110110101110001,37.45972557904763,9.765625e-05
00100001000010100100,23.448354701488896,9.765625e-05
00011111111111001001,12.346910279721811,9.765625e-05
11000011100101110011,23.138858601902992,9.765625e-05
00101101101100010000,13.432091466725826,9.765625e-05
00000111000101001010,15.332656240715572,0.0001953125
01110111110101111101,14.192382768716099,9.765625e-05
11110000000100100011,13.997786535962842,9.765625e-05
00111010101000100000,22.832874651926787,9.765625e-05
00111101000101011010,15.268738101962363,9.765625e-05
00111001100000111010,21.395726544634876,9.765625e-05
10111001101000110100,19.7240468574468,9.765625e-05
01011111001101010111,17.354638015935837,9.765625e-05
11110011101011101101,19.335222317515026,9.765625e-05
11001010101110100000,23.432422721382576,9.765625e-05
01111101010011011010,19.250461905699936,9.765625e-05
10010010111011110100,37.1139627456383,9.765625e-05
01001011110010101101,19.220051239180997,9.765625e-05
10111101110111101100,15.624511287415714,9.765625e-05
01110011010001000001,14.681851710538314,9.765625e-05
11110000111000111001,12.35868934006628,9.765625e-05
11011011110001101100,15.669346947209974,9.765625e-05
11000011000001011100,12.311082229806871,9.765625e-05
00011100000000011001,14.449684002299609,9.765625e-05
11010111011111100101,15.6169756089264,9.765625e-05
01001001000101110010,19.199108632938092,9.765625e-05
10110100111100001000,10.636527499989445,9.765625e-05
11000101001101110100,13.459075552920831,9.765625e-05
01011001011011000001,15.648584737009891,9.765625e-05
00110101110111110100,19.622583700059856,9.765625e-05
01010001110110111000,35.35868934006628,9.765625e-05
11101110100001101110,29.383546881497143,9.765625e-05
10011100000000100010,14.962701808836112,9.765625e-05
11110000100100100001,10.181228430541958,9.765625e-05
01010010111001011000,22.338566234127658,9.765625e-05
01111010100011100100,23.96320973166463,9.765625e-05
11001001011011111100,16.2097246401856,9.765625e-05
11011100110001101110,12.877672204027274,9.765625e-05
01100111111001110011,18.786666397754672,9.765625e-05
00011111110111001000,11.91176690589462,0.0001953125
11110100110100000001,3.8052681235216905,9.765625e-05
10001111100011100111,19.675995225169302,9.765625e-05
01101101110001100101,14.165820300894463,9.765625e-05
10110100110100100010,10.914991840833569,9.765625e-05
00011110011011000101,16.608152170923923,9.765625e-05
11010001000101110011,19.42636459021892,9.765625e-05
00001000000001000010,29.438034344086844,9.765625e-05
00111101010100110001,12.997801740011898,9.765625e-05
11101100001011001110,19.183075340218153,9.765625e-05
00110111010000111000,20.35374626112879,9.765625e-05
01001001110010000010,18.378754671969954,9.765625e-05
11110100010110010111,10.783821234784458,9.765625e-05
01100100010001100010,16.914991840833565,9.765625e-05
10010111101100110101,19.594234904586536,9.765625e-05
00111100100001100111,14.783821234784458,9.765625e-05
01110110011000011011,13.498486227646994,9.765625e-05
00101001110010110110,28.16107617936527,9.765625e-05
01011101110101000111,14.888226269214982,9.765625e-05
01111000001010101110,17.62771405313101,0.00029296875
10110001101111001000,18.1690637859494,9.765625e-05
11101101111000011011,16.234237709351948,9.765625e-05
10110101110110001001,14.258844695441908,9.765625e-05
10111101001111000000,18.55222973099444,9.765625e-05
01001011000110100101,19.02539306436794,9.765625e-05
11000011100001100000,12.983695947520614,9.765625e-05
11111001111101101110,12.012673437637194,9.765625e-05
11011110110100110110,15.823160809104522,9.765625e-05
10110100100000000010,13.046708477404977,9.765625e-05
11100100100111100011,18.73613615686792,9.765625e-05
01011110010111100101,11.986084621727231,9.765625e-05
00001010000100101011,40.297591179930016,9.765625e-05
11110011010011101000,18.44985171885549,9.765625e-05
11101101111000110111,12.791487665392728,9.765625e-05
11111100101101110101,9.685749885707885,9.765625e-05
11011001111111000110,15.298008444774656,9.765625e-05
10000010100111000000,36.403493133760115,9.765625e-05
00110001010000001110,16.255084150438687,9.765625e-05
10111111111010101010,24.009352806473398,9.765625e-05
01100001000010100110,20.73649031516939,9.765625e-05
11010110011110011011,13.878204282520743,9.765625e-05
11011010100100101001,19.898703715984485,9.765625e-05
10110100101001001011,15.003281887015973,9.765625e-05
01111010001010101000,20.870185337117192,9.765625e-05
10111101101111011001,15.37367865932996,9.765625e-05
01011001000101001100,17.538321965190136,9.765625e-05
11000110100001111101,15.3405383779107,9.765625e-05
01011100010110010111,9.04449148179701,9.765625e-05
10111101011111111011,15.018656703400541,9.765625e-05
00110011100001010100,16.781913841050773,9.765625e-05
00011100000000001111,18.42458315417334,9.765625e-05
11001101100101011111,13.280326454569375,9.765625e-05
00110111101110000011,17.24555622167135,9.765625e-05
01001111110110011011,16.666227052755698,9.765625e-05
11001100100000011011,13.432091466725826,9.765625e-05
00111101101011100011,16.43385872741068,9.765625e-05
01001011010010110101,17.759156474659545,9.765625e-05
00110111110111011110,15.436966263633485,9.765625e-05
10110111011110011000,19.98800596748974,9.765625e-05
01000110010101000011,19.596063078642864,9.765625e-05
10010011000011101010,19.606286623594883,9.765625e-05
10011111001101100001,19.491890821276687,9.765625e-05
11110011010110011110,18.374530760155736,9.765625e-05
00011001101011100000,24.277446639188803,9.765625e-05
01100001100100000100,14.212895332660406,9.765625e-05
11000011011000001000,12.363774402289181,9.765625e-05
11100011010010000011,26.03499416710987,9.765625e-05
01010010001001100101,23.422215016524003,9.765625e-05
00100111101010111010,25.904971742203948,9.765625e-05
11001101110000010111,12.614316164120513,9.765625e-05
11011001010101111011,16.56363706190095,9.765625e-05
01101111111011110010,14.687573891739357,9.765625e-05
11101110000000101000,37.40208313363355,9.765625e-05
11110001100010111110,20.799161904360044,9.765625e-05
01101001011001100000,14.815561838568154,9.765625e-05
11010001010011011101,15.493934701919875,9.765625e-05
01011110011011110101,12.409768321497872,9.765625e-05
00011010110100111101,37.24889463111169,9.765625e-05
11001100101000010001,11.189048331410024,9.765625e-05
01011011001001100101,19.6253937963396,9.765625e-05
11011001011000010011,16.03979524112574,9.765625e-05
01110100010001000001,8.38437878870074,9.765625e-05
00101101000101011110,18.554082795136786,9.765625e-05
10000101010010100111,25.596063078642864,9.765625e-05
10011110001010000010,23.585804026846567,9.765625e-05
10001101111110000111,22.329826488934472,9.765625e-05
01110000000010000001,14.245750373852413,9.765625e-05
11010101001100001101,23.930763178365435,9.765625e-05
10000100000010101001,23.213849029527246,9.765625e-05
00111100111010011000,15.166725909763315,9.765625e-05
01100111011001010111,14.78195495303435,9.765625e-05
10010011111000001001,16.27644691705265,9.765625e-05
00011010010110010111,34.21907463866944,9.765625e-05
01100111101010000101,20.782873779510965,9.765625e-05
11110110001101111010,19.58449617167826,9.765625e-05
01100111001111010001,15.798887700156996,9.765625e-05
10010011001101100010,21.390605888440504,9.765625e-05
10000111001101100010,19.76388113698763,9.765625e-05
00111001011001000100,13.84956661687269,9.765625e-05
11001000101101110010,26.38445241407861,9.765625e-05
01011011111100001001,17.60670750754719,9.765625e-05
11000011100010000111,18.355464405127336,9.765625e-05
10011001110011100110,18.712823426534392,9.765625e-05
10100100001010101001,25.229796213682622,9.765625e-05
00100110111010011110,32.166731242271545,9.765625e-05
00101101100011101010,19.087371219705794,9.765625e-05
11011101011101001110,15.076161915486267,9.765625e-05
10101100101101011111,30.28406275678045,9.765625e-05
01011110110011000101,13.624511287415714,0.0001953125
00010111000101101101,15.487475967962952,9.765625e-05
11010110000100011000,12.400778722908846,9.765625e-05
01110010101000000110,16.0522553608997,9.765625e-05
11100000011100000101,27.674801568083645,9.765625e-05
01010010100000010100,16.409531892849856,9.765625e-05
01110010011000000010,12.384378788700738,9.765625e-05
01011010100000001010,20.31108222980687,9.765625e-05
01111100000010110110,15.498891183968993,9.765625e-05
11010110111000101001,15.0925237420006,9.765625e-05
00010110110010001000,18.302148761746608,9.765625e-05
00001111000110100000,13.772678656215762,9.765625e-05
00001111010111001100,15.884227837561427,9.765625e-05
11101001110010101000,17.75759626321292,9.765625e-05
01110100000001001000,17.49328101926704,9.765625e-05
00010011000010000010,17.5759372626817,9.765625e-05
00111111001010111011,22.400385820459555,9.765625e-05
11100001101001100110,14.753465632277925,9.765625e-05
01111110001111011101,17.69229656762615,9.765625e-05
00010101111100111110,43.28537061194876,9.765625e-05
11110100000101001100,13.334918527171787,9.765625e-05
11111100010100001111,16.303257866646693,9.765625e-05
00001111001000000111,18.535938074574553,9.765625e-05
01111010101000101010,20.51613998169933,9.765625e-05
11100100011001100000,13.770151530294532,9.765625e-05
10111101111110101111,15.113047450732491,9.765625e-05
01001111110110001011,17.986084621727233,9.765625e-05
01111110111001101110,18.51387842966418,9.765625e-05
00011111101110010001,15.255247052085506,9.765625e-05
11100101001000011010,20.33640680541458,9.765625e-05
10111001111000001011,17.624511287415714,0.0001953125
10010111010110101101,14.576897201141893,9.765625e-05
00111101001111111110,16.246671481037584,9.765625e-05
11010011011101000010,16.470879699241898,9.765625e-05
01101101111011010011,12.675924233526596,9.765625e-05
01001100110010010001,14.513306491207363,9.765625e-05
01111100011001111000,11.586709635715419,9.765625e-05
11101101110011101011,17.2027768277834,9.765625e-05
01010011010001011101,12.846117220031237,9.765625e-05
01001101011101100100,11.617374029387785,9.765625e-05
11011001011011000100,12.510984455114723,9.765625e-05
10001101100000000110,17.30076187240482,9.765625e-05
01011101010111010000,12.055193684736281,9.765625e-05
11110100000101100000,12.248075941515857,9.765625e-05
10101101101001100000,14.991237144022035,9.765625e-05
10110100001100110000,13.069615233568,9.765625e-05
11001100010001100010,11.432091466725826,9.765625e-05
01001110010001001010,17.69177344074857,9.765625e-05
00110101010100100110,16.128536258059647,9.765625e-05
01011100100010010010,19.67822461683677,9.765625e-05
00111100101100101010,13.182175885815452,9.765625e-05
11000111101011011111,19.521287416044338,9.765625e-05
10010110000011101111,23.11676688375214,9.765625e-05
11010000110000010101,12.065164051861718,9.765625e-05
01001111110110011110,14.441383691174714,9.765625e-05
01110011111010000101,12.724396662219544,9.765625e-05
11010110100110100111,19.198113383933872,9.765625e-05
01110011111101100100,13.587126900560058,9.765625e-05
11100101101110110000,19.38592204382873,9.765625e-05
00110101011100110011,16.695161102670276,9.765625e-05
01110001000101001010,18.338216341818065,9.765625e-05
00010011010011011000,16.963087207580326,9.765625e-05
01001111001000001111,21.01887655637607,9.765625e-05
10010111101110110001,20.966128596300102,9.765625e-05
11010111111110010100,16.599846527290804,9.765625e-05
00111100100000111001,16.055203370773235,9.765625e-05
11110001011110111010,18.423194621325365,9.765625e-05
11110110100111000010,18.728569139559177,9.765625e-05
11110001010001000011,13.461378852983948,9.765625e-05
10001101001000110000,15.115310487801612,9.765625e-05
00110101011000010010,16.5998465272908,9.765625e-05
11001101000110110000,13.094037644750465,9.765625e-05
01101100100011001100,18.608573789297296,9.765625e-05
11001101110001010100,8.11475652351193,9.765625e-05
01110110110111010111,12.937204341185868,9.765625e-05
10010111110000011001,14.832864965889826,9.765625e-05
10110101101111101001,18.857455289928424,9.765625e-05
11010110100000000110,21.663264747918234,9.765625e-05
11010110100000001100,17.47074633547708,9.765625e-05
11010001001001000001,18.549904163330993,9.765625e-05
11000101000101110001,12.112561707967439,9.765625e-05
11110000110000000100,6.148922864315857,9.765625e-05
11110011001110100100,21.174348812632726,9.765625e-05
11110001011100110011,14.515785823397863,9.765625e-05
01001110011110100101,17.348073332818775,9.765625e-05
01001110001100011110,17.237648998499623,9.765625e-05
11001101000111011010,14.234237709351948,9.765625e-05
00110110100000110010,19.390959312320906,9.765625e-05
00011011110000011011,22.643673720473082,9.765625e-05
10000111100001111110,18.73154994625445,9.765625e-05
01111100110110100101,9.88518153442827,9.765625e-05
11010011100000110011,21.93667868978962,9.765625e-05
11001001110010100010,14.206965880047209,9.765625e-05
11110011110000110110,15.953875955078356,9.765625e-05
11100101101100110010,17.2094085895779,9.765625e-05
01111101011011011110,16.002376278147125,9.765625e-05
11100101110110111010,18.898185198033882,9.765625e-05
01001110010010001100,14.81906378569971,9.765625e-05
10001101001001010100,14.988673689708262,9.765625e-05
10011100001011011011,18.09023928632073,9.765625e-05
11110000001000110011,15.157096483331586,9.765625e-05
11110100011010001011,15.272328769304355,9.765625e-05
10110100010001001000,14.42643350829314,9.765625e-05
01100011011011001100,15.704341016352824,9.765625e-05
11010111011101001100,14.093416954809953,9.765625e-05
01111100110000001110,13.645951934559601,9.765625e-05
10110011101011010010,22.46411470947762,9.765625e-05
01100111011011011111,16.60611184348773,9.765625e-05
01110110110110000001,9.699731902094634,9.765625e-05
11111000101000110011,13.763881136987631,9.765625e-05
00101101010010111001,22.917512725161448,9.765625e-05
10010110000100001001,13.157450641633055,9.765625e-05
11100101001111010100,14.36026276912067,9.765625e-05
01011101000110100100,23.780594411780896,9.765625e-05
01001001100010010100,17.211038736947256,9.765625e-05
10110100101110011001,15.462065223695134,9.765625e-05
00110110011100001001,13.04258408806333,9.765625e-05
01001110100100000010,16.988673689708264,9.765625e-05
10001000001111100100,40.78324929632764,9.765625e-05
11011001100101001101,16.64231506728424,9.765625e-05
00011111111111010001,11.547362361799687,9.765625e-05
01111100011001000111,8.470879699241902,9.765625e-05
01111100001010000110,15.155520344254658,9.765625e-05
11110001111100110111,13.088318674979284,9.765625e-05
11000110101010000000,17.359903092807098,9.765625e-05
11000000100000001010,19.27340218226594,9.765625e-05
00011011100110110010,20.825917066360432,9.765625e-05
10110100100000011111,16.848764062047216,9.765625e-05
11001100111110010010,14.062018983893989,9.765625e-05
11000011001110010101,20.3107280715054,9.765625e-05
01101100001001100100,14.086870272891685,0.0001953125
01001110000010011011,15.827760237325759,9.765625e-05
11000101100101010110,13.49890087000595,9.765625e-05
10100101011011000010,20.11210968149595,9.765625e-05
10111001111000001000,16.91499881684798,9.765625e-05
00011111101110100011,19.20569018524659,9.765625e-05
00000111000000000111,18.66196313434327,9.765625e-05
01001111001010001110,19.158336878427992,9.765625e-05
00100110011111001001,30.583343451912118,9.765625e-05
01101100011011001101,18.97574281868278,9.765625e-05
11010111110101111001,11.068619260982528,9.765625e-05
11110110010110101010,18.04377846873024,9.765625e-05
00101100001000101111,23.3405383779107,9.765625e-05
10000000100100101000,32.977118133922986,9.765625e-05
00010110110100010100,18.23391436143092,9.765625e-05
01100101100111001001,23.869341806103186,9.765625e-05
11010100110101001011,13.341366840670691,9.765625e-05
11111000101000110101,15.480692133815424,9.765625e-05
01100101000000011001,20.740985846162797,9.765625e-05
00110011000010101011,21.37445632406942,9.765625e-05
10011100101100100001,10.46374244121397,9.765625e-05
00001111001100000010,15.772678656215763,9.765625e-05
11110100011001011111,11.978543425225812,9.765625e-05
00011111110010100010,19.131388397044276,9.765625e-05
01110110001110111011,18.919184854730485,9.765625e-05
00011100010000000011,10.740341223889235,9.765625e-05
00101111100010001001,23.073004440619222,9.765625e-05
10000001101100000100,24.716203758666758,9.765625e-05
10111111000111111001,30.39386307087434,9.765625e-05
10011101010100100001,11.756563667967647,9.765625e-05
11011011111111101100,14.012673437637194,9.765625e-05
11110001010001000100,10.08172546103236,9.765625e-05
00110111010011111111,19.744672798264148,9.765625e-05
00111101111010010010,14.535799622859935,9.765625e-05
01110110000110110111,17.731430230159702,9.765625e-05
01000100011011100001,30.933188093837394,9.765625e-05
11011100100011011111,16.19997622124037,9.765625e-05
01111000010110101110,17.098972789920566,9.765625e-05
11011000110010100010,11.408269328529796,9.765625e-05
11100011011011111010,22.591218700220033,9.765625e-05
10010011110001000101,16.550888806373322,9.765625e-05
11100100100011101010,19.233434969022603,9.765625e-05
01011100101000010011,18.548487100062815,9.765625e-05
11000011110011011001,16.53854589981163,9.765625e-05
11111100111111111011,8.515698904124847,9.765625e-05
11110100010110111111,13.271419628864699,9.765625e-05
11000101010011110101,13.787036483686443,9.765625e-05
11000111111000011100,12.55063934562142,9.765625e-05
01111111111101110000,16.899358318562257,9.765625e-05
10000101100010000000,19.991526552274145,9.765625e-05
11011100000101100010,11.91282617052714,9.765625e-05
01111101010111110100,12.55688964327316,9.765625e-05
00010111000011001100,18.22567609033285,9.765625e-05
11010110011110000010,16.229786527645665,9.765625e-05
10000101000101100011,17.925327402284672,9.765625e-05
00011111100111001111,15.418357218916947,9.765625e-05
11111100111010100111,10.222903378165629,9.765625e-05
00110110110111000011,14.826462176957792,9.765625e-05
11110011000110011011,24.24849601435006,9.765625e-05
01001011001110101111,21.979548654534252,9.765625e-05
01111110010101110001,21.051127069429576,9.765625e-05
01110010100000110100,17.757596263212918,9.765625e-05
00111100001111100011,9.471804250870676,9.765625e-05
00111101110010111100,21.151418124136654,9.765625e-05
11000011010010100001,15.997786535962842,9.765625e-05
10110001001000110110,20.55408279513678,9.765625e-05
11011001011111101101,14.96990561785082,9.765625e-05
01011110000100110010,16.323934202453923,9.765625e-05
10011100010000111001,13.301615225250822,9.765625e-05
01011100001100011000,13.756024613459763,9.765625e-05
11011010111000101111,19.768490251245822,9.765625e-05
11100111110100111110,16.90617121082065,9.765625e-05
00001110000000110010,21.474100171888725,9.765625e-05
11001101001000110000,14.875732971224824,9.765625e-05
00110111101111010111,15.32570054321384,9.765625e-05
10000100101011001010,33.649593399922125,9.765625e-05
00001101001001110101,15.822431781280246,9.765625e-05
11101100011010010011,16.598901792879673,9.765625e-05
00010110000010101100,22.80053721960026,9.765625e-05
11010110011010110001,14.18470301173668,9.765625e-05
01100111111100011100,14.331669659899795,9.765625e-05
01111100110000110101,9.586709635715417,9.765625e-05
11011011000110111110,20.535928388537595,9.765625e-05
11011111110011100000,21.223941284282944,9.765625e-05
11111001011010010110,15.95387595507836,9.765625e-05
00111111100011011001,20.443275978826357,9.765625e-05
11000111100101100011,18.184693325699726,9.765625e-05
00011011100010101011,22.023389065324288,9.765625e-05
00011111111100010000,14.61431616412051,9.765625e-05
11000111010001010000,11.585813712883521,9.765625e-05
00111001001111000101,16.40105409159527,9.765625e-05
11011110101000010101,20.85767712934524,9.765625e-05
00011110001010111011,17.85352359476553,9.765625e-05
00111101111111001101,13.465020318346472,9.765625e-05
01010111000101010110,18.77736874242088,9.765625e-05
00001101010011101110,20.930932783395594,9.765625e-05
01011100011001101111,18.150409374097233,9.765625e-05
11001101111000011111,15.455953672025265,9.765625e-05
01110100110000110111,14.618944944719875,9.765625e-05
01010011010110001000,12.245750373852413,9.765625e-05
00100111010111111001,24.05283273024142,9.765625e-05
11110011100101101100,16.35738575088984,9.765625e-05
11100001101011000010,17.890676885481398,9.765625e-05
11011100110111110001,6.5484001807898,9.765625e-05
11010001111111010110,24.62066308871841,9.765625e-05
11111100011101001001,13.204094368988667,9.765625e-05
11001100001000000010,13.199722112692475,9.765625e-05
10110010101010010011,27.772399042763997,9.765625e-05
01110001010011000010,14.724396662219542,9.765625e-05
00111101011110101011,14.24667148103758,9.765625e-05
00111101011101010111,9.080731464048366,9.765625e-05
00110011101100001111,18.234876922376795,9.765625e-05
11011001110001110101,12.27849809500917,9.765625e-05
10100101101101100100,15.581978731793985,9.765625e-05
10110100100001100100,15.33863098417702,9.765625e-05
01001011000010010010,16.457806823294803,0.0001953125
01110000110010100000,15.937809691282283,9.765625e-05
11110001000111100011,19.949921257894072,9.765625e-05
11110000100101111110,18.130328103723436,9.765625e-05
00110011111001001011,17.011419726556348,9.765625e-05
00111100101100001100,14.409531892849857,9.765625e-05
00011111011101110001,12.064461987691946,9.765625e-05
00110100000100110010,14.214455544107032,9.765625e-05
01100011100110000110,17.00723223067153,9.765625e-05
00111101000101000110,12.997783825940303,9.765625e-05
01110010000000010101,18.61524570532241,9.765625e-05
00111101111001001001,13.109601291194586,0.0001953125
11110100011100011001,6.7249943127202965,9.765625e-05
00110111011111010001,11.286692114787133,9.765625e-05
01001110101011010000,14.214455544107032,9.765625e-05
01001011101000110100,17.625911492741935,9.765625e-05
11011110010010100111,18.764838365425277,9.765625e-05
11110110110110100011,14.703823701754605,9.765625e-05
10110001111000100000,12.739381285429044,9.765625e-05
10101101110010101011,21.490042132299266,9.765625e-05
11000101100011111001,22.43868894666462,9.765625e-05
00011010001000000010,20.832874651926787,9.765625e-05
10001110100010011100,26.181540018857532,9.765625e-05
01111001010101100110,12.72733843049973,9.765625e-05
11001101100000000100,15.783051269640659,9.765625e-05
01011010111010100010,17.387221154521214,9.765625e-05
01111101110100011111,14.360253083083713,9.765625e-05
01110100011000000111,11.88422783756143,9.765625e-05
11001101100111110101,10.819367674419627,9.765625e-05
01111110101111001001,16.183614394726035,9.765625e-05
11110011100111101010,19.37445632406942,9.765625e-05
01111000101011110010,17.708581160904426,9.765625e-05
11011110110010101110,16.51613998169933,9.765625e-05
01111100010010001111,13.867866011047097,9.765625e-05
01110011110010001010,15.408538248482813,9.765625e-05
00011111011011011010,15.202776827783397,9.765625e-05
10010110110110101000,14.670683420335347,9.765625e-05
10110101110100011001,11.440539300784422,9.765625e-05
11000100000000010100,9.566596215813751,9.765625e-05
01100100011101010101,18.935998386417385,9.765625e-05
11010010000101010110,23.15141812413666,9.765625e-05
00011000110001000101,28.846938412509555,9.765625e-05
01011100010001101000,14.181540018857536,9.765625e-05
10110101001111001011,18.48891094530273,9.765625e-05
01001010100010100000,19.735019009437067,9.765625e-05
00100101000001100000,15.69177344074857,9.765625e-05
01000111100000010100,15.70900183771667,9.765625e-05
11000111011000011111,17.02539306436794,9.765625e-05
01110110111111100101,16.53751776685847,0.0001953125
11000110100100100100,14.857311211438324,9.765625e-05
01010011110101001101,14.856353161042755,9.765625e-05
11101101110010110111,15.2304508162604,9.765625e-05
11011100001100010011,10.56351171903071,9.765625e-05
10011100110010000000,12.787406569618218,9.765625e-05
11001001011001000010,14.815561838568152,9.765625e-05
11000111011011110111,18.18460640642671,9.765625e-05
10000111001000011000,17.847292756314896,9.765625e-05
11011100011110101010,11.186900548143534,9.765625e-05
01010001011000000011,24.759436931295763,9.765625e-05
11010010011000011110,17.803353753773596,9.765625e-05
00110111010001110001,16.368058074169973,9.765625e-05
10111110010010001110,36.65944579242601,9.765625e-05
00100111010011110001,21.405027731539477,9.765625e-05
11010011000110111100,14.661963134343274,9.765625e-05
11100001101001011111,19.07005840634716,9.765625e-05
10010001010000110110,21.05513935514494,9.765625e-05
01010110000100100001,15.69931463724999,9.765625e-05
11011111111111111010,15.853513908728573,9.765625e-05
01100011000000110001,22.53593807457455,9.765625e-05
10011001011010000110,18.563416571723053,9.765625e-05
11111001101111101011,18.99381591114825,9.765625e-05
10011101010010011100,19.26814127341953,9.765625e-05
01111000100000000101,14.914998816847982,9.765625e-05
01011001100011011100,24.1849319359313,9.765625e-05
11100111110110100000,19.324182792989717,9.765625e-05
11101101111101101101,14.232596820225655,9.765625e-05
11010110111100101011,16.442431490469048,9.765625e-05
01000001101000000100,25.621872243372074,9.765625e-05
00010110100000011010,22.325088401858565,9.765625e-05
11000111001111111100,13.759156474659548,9.765625e-05
10100101110010010000,18.331669659899795,0.0001953125
11010000000001101011,20.05507189507304,9.765625e-05
10000101010000011100,17.653191228782397,9.765625e-05
00110011100101110000,18.64367372047308,9.765625e-05
01100010010000110111,32.98271934700905,9.765625e-05
00010100101101001110,37.84719063299283,9.765625e-05
01111101011100110110,11.876486138522203,9.765625e-05
10110001101011000110,19.41796539307551,9.765625e-05
00110011011011000001,14.874147254874323,9.765625e-05
01000110001100010010,17.75937740499124,9.765625e-05
01100011011000001010,16.230689426491978,9.765625e-05
01000010101001100011,36.77351774657384,9.765625e-05
01111111101101110101,19.354638015935834,9.765625e-05
01100101110100110101,17.39102053079946,9.765625e-05
11001000000100111001,24.6682033645636,9.765625e-05
11100100101100110000,11.45617460235696,9.765625e-05
10011111011010101001,18.915659661019106,9.765625e-05
11100011100100110100,20.250886234095844,9.765625e-05
01001011001110110000,17.246786734840214,9.765625e-05
01011000111000000000,13.54154690012908,9.765625e-05
11000110000010001100,14.73311161570339,9.765625e-05
10011101001101000111,14.786939671236418,9.765625e-05
11010100010100011011,9.569448354798384,9.765625e-05
11100101001101111011,18.05955794716955,9.765625e-05
11110011111000001011,15.960331979012743,9.765625e-05
11000110110100001100,13.473809707916635,9.765625e-05
10010111101001000110,24.108461974540088,9.765625e-05
11110001001101101000,16.51704912213899,9.765625e-05
11001001001110001110,18.491359673504526,9.765625e-05
11100100100000111110,14.631760267675471,9.765625e-05
10011101101001000001,16.663462861732413,9.765625e-05
01111100110100110100,8.329264323641809,9.765625e-05
00011111011100101011,15.476615832471765,9.765625e-05
00010111000001111011,22.214426485996164,9.765625e-05
00110111101001001111,18.64535980207095,9.765625e-05
01011000011010000100,12.772001884414333,9.765625e-05
01010000100100110011,31.358734630914526,9.765625e-05
01001110000001001001,18.558207184478427,9.765625e-05
01110111010011010110,17.108290726003737,9.765625e-05
01111100110001101000,14.424583154173337,9.765625e-05
01011111010111100010,16.140782744815244,9.765625e-05
11010011100100000010,18.303257866646693,9.765625e-05
00110111100000001111,21.051911710183454,9.765625e-05
11010000010100011000,10.494828736687149,9.765625e-05
11010110011101001010,15.15141812413666,9.765625e-05
10011101010011011100,17.183075340218146,9.765625e-05
11110011001100111000,21.620936547704034,9.765625e-05
00110100110010100111,23.844848403278014,9.765625e-05
11000101001000110100,17.490748696632625,9.765625e-05
11100101110001000100,9.202254435326886,9.765625e-05
11011001110010011111,17.066352190935277,9.765625e-05
01010011001001011001,20.53048093997858,9.765625e-05
01011000110010000001,14.959795634527401,9.765625e-05
00110011000110000111,17.691117292631624,9.765625e-05
11010000010100100111,16.14665433626629,9.765625e-05
11011001111100010110,13.720269650392211,9.765625e-05
10011101010110100001,12.039795241125741,9.765625e-05
11100010101000011010,22.411278458505212,9.765625e-05
11011110110110110011,12.01661074918886,9.765625e-05
10011101000001110100,17.087727157308493,9.765625e-05
11001111001111111101,14.124491088395356,9.765625e-05
11000101010100000101,11.422077473894515,9.765625e-05
11111001001001111110,19.361213755964968,9.765625e-05
11010110010011011011,13.829569039308176,9.765625e-05
01001100001000000010,13.439299629269264,9.765625e-05
00100111100110010011,18.955171462855017,9.765625e-05
11100111101010000001,24.69608970231105,9.765625e-05
00111001101011001110,19.41796539307551,9.765625e-05
00110111001111000011,13.76576281867738,9.765625e-05
11110101101100100011,24.288861207900986,9.765625e-05
00110111100101101110,18.447930373092984,9.765625e-05
10110100000111000011,15.116766883752138,9.765625e-05
11011100000011011011,15.025383378330982,9.765625e-05
11100001100000000001,14.469444721902121,9.765625e-05
00110111011110000110,15.281990356103773,9.765625e-05
11100001111011010110,18.136777151643404,9.765625e-05
01011110010101011010,13.821273081712011,9.765625e-05
10000110100001001010,21.51609813529469,9.765625e-05
01110001010011000000,12.965008553342834,9.765625e-05
01110110110100010110,11.213434387168288,9.765625e-05
00011011011000001000,15.894933484944305,9.765625e-05
11001111110000111011,18.108212649583226,9.765625e-05
11000111001001100111,20.807779321812617,9.765625e-05
10000000011001111001,50.749380281351364,9.765625e-05
00110111110001011011,14.559458430095155,9.765625e-05
10000111000000010111,22.535938074574553,9.765625e-05
11001101011000100111,14.05111084753202,9.765625e-05
11110000100000001111,13.159798203856095,9.765625e-05
00101001000000000110,20.46944472190212,9.765625e-05
10110110101001101100,22.30882067777172,9.765625e-05
00011110100001000110,21.155189089597904,9.765625e-05
11001100101000010110,12.711156804137634,9.765625e-05
11000011011011000010,17.97854342522581,9.765625e-05
01110100010100101100,14.409531892849856,9.765625e-05
10111001111100001011,18.11210968149595,9.765625e-05
01111001011011110110,12.452641817813305,9.765625e-05
01110000100011011101,24.95606810926816,9.765625e-05
00011110100010111010,20.43485396557508,9.765625e-05
01011100000100010111,10.614316164120513,9.765625e-05
00110011101110000101,16.234876922376795,9.765625e-05
00111100010000111110,19.02759684236814,9.765625e-05
01001110100011000000,14.737530931309244,9.765625e-05
10011101001011011100,20.071495027193123,9.765625e-05
11000011100010111111,20.423194621325365,9.765625e-05
00110111100111011010,15.818675921491387,9.765625e-05
10111100111011010000,15.885181534428266,9.765625e-05
11110111110101001100,15.444292352174074,9.765625e-05
11011001011011100110,13.557393751103435,9.765625e-05
11110001100101101000,14.139174445370625,9.765625e-05
11100011110000111010,18.165820300894463,9.765625e-05
00101101101011001110,17.890676885481398,9.765625e-05
11001100000011101110,14.916906210581661,9.765625e-05
11100001100000100011,17.39572654463488,9.765625e-05
10110101011111001011,16.467820924889505,9.765625e-05
11010111010110011001,13.678886195428955,9.765625e-05
01111100011110111110,11.276491473479837,9.765625e-05
11000010100001010100,22.231104068850932,9.765625e-05
00111100100110000110,12.718287820572218,9.765625e-05
11000011001001011000,14.603964675039103,9.765625e-05
11010110001100010000,14.827227424411223,9.765625e-05
01110110011111000001,11.116766883752135,9.765625e-05
10010110010010111001,16.3107280715054,9.765625e-05
10111101111100001111,14.576897201141893,9.765625e-05
00111111011011100010,16.37462964617426,9.765625e-05
11010011111000001110,15.597926650370427,9.765625e-05
11110010111000111000,14.181228430541957,9.765625e-05
00010101111100010010,31.139228687834763,9.765625e-05
01010011010101010001,12.840541191298442,9.765625e-05
01101111111001111010,17.230450816260394,9.765625e-05
11000100100111010100,16.41796277058982,9.765625e-05
00110011010111001100,17.36333918450393,9.765625e-05
00111100001100101100,15.346519362965498,9.765625e-05
11111100001000111011,15.614032997461756,9.765625e-05
11011010000111100010,23.856353346546626,9.765625e-05
00110001100101001101,18.84095471743222,9.765625e-05
10011110101010001001,18.66196313434327,9.765625e-05
10011001001100101011,19.465277762574583,0.0001953125
11011001000111011100,17.183075340218153,9.765625e-05
11011000010110100100,11.935991203262908,9.765625e-05
01011111010001011110,18.55222973099444,9.765625e-05
00000011010000101000,20.83316406017889,9.765625e-05
00001111010100001011,19.821273081712015,9.765625e-05
11000110000100100100,16.015673703533572,9.765625e-05
11010011000011011110,17.960331979012743,9.765625e-05
11111001110101101110,13.699731902094634,9.765625e-05
00110011001110000100,14.781913841050777,9.765625e-05
00100111100010010011,19.483873676810557,9.765625e-05
00110110101101010000,13.645597776258132,9.765625e-05
01001001011000011000,17.25525122011036,9.765625e-05
11110001101000011011,19.20375342829496,9.765625e-05
11100001110000101110,13.448354701488896,9.765625e-05
00001110001010001111,23.67348402687838,9.765625e-05
10011101011001111000,14.950383693983754,9.765625e-05
10010111110100101101,13.60670750754719,9.765625e-05
01110010011000010011,15.310660611433498,9.765625e-05
01110110011001011001,12.513878429664182,9.765625e-05
01011001010100010111,14.232596820225655,9.765625e-05
11010000100110010000,15.438034344086844,9.765625e-05
10011101111100100101,13.042853106393018,9.765625e-05
01111101110110100000,18.90627155484149,9.765625e-05
11010100000111110111,17.801120830535325,9.765625e-05
01111110001010110111,18.997782367937987,9.765625e-05
01011011011010111000,15.821273081712013,9.765625e-05
01110010101001000000,15.64369038252445,9.765625e-05
01011110001110111010,16.069245147636227,9.765625e-05
01101001000001001110,18.5521754014031,9.765625e-05
11100111011110111011,22.411572661188167,9.765625e-05
10100110101011101001,26.84587309178756,9.765625e-05
00111100110101001001,13.384307797058032,9.765625e-05
11101101111001010011,13.096884559990256,9.765625e-05
11001001010010110110,13.947323031566746,9.765625e-05
11110011101011101100,18.541360458383494,9.765625e-05
01110100000101010100,9.80526812352169,9.765625e-05
11111100110111001001,11.801076274108143,9.765625e-05
10011001000010100011,19.25333341675848,9.765625e-05
11000011000101111000,15.896840878677988,9.765625e-05
10000000101000001010,35.492914366939054,9.765625e-05
10011001101001111000,21.01057968969478,9.765625e-05
10010101010101100010,15.145748727397443,9.765625e-05
00111100011111011011,14.669272718263723,9.765625e-05
00011110000011001100,18.5521754014031,9.765625e-05
11001101000001110000,11.786100493751142,9.765625e-05
01011100000111111000,15.455953672025263,9.765625e-05
10111011000110111100,37.506472240433766,9.765625e-05
10010011011100100111,23.52787836012253,9.765625e-05
11111100110101110100,10.63246712627609,9.765625e-05
10010011110000000101,15.459541629344711,9.765625e-05
11000101111011111110,29.01310150474397,9.765625e-05
00100101001100001110,21.163915617183328,9.765625e-05
10010111010011111111,19.349710886264837,9.765625e-05
11011100011001100100,10.183016548334697,9.765625e-05
11011100101100010011,10.8030892356075,9.765625e-05
00111001010000100011,15.498486227646993,9.765625e-05
00111101011011111011,15.393663313553967,9.765625e-05
10110110101010101101,22.355464405127336,9.765625e-05
11010110011100110011,14.683607326186237,9.765625e-05
11100000011001001010,23.183980949087,9.765625e-05
00011011101011001111,22.58502879908892,9.765625e-05
01001100000000100000,12.110310565550492,9.765625e-05
00001100010100011100,28.203211576637333,9.765625e-05
01111100110011010100,10.486287828889392,9.765625e-05
00100111100011001100,16.50680853333148,9.765625e-05
01011111110101101100,17.076161915486267,9.765625e-05
10110101000001100111,18.881362578936056,9.765625e-05
11101100111100100110,13.432422721382576,9.765625e-05
10010011100011000010,19.074722584617756,9.765625e-05
01011011111010000101,14.847794437550071,9.765625e-05
00000001001011101010,43.50160279767052,9.765625e-05
11011010101010110111,22.452767051920155,9.765625e-05
01111010110101110111,30.3839439527196,9.765625e-05
00111101111001111010,16.155166185953178,9.765625e-05
00001000010000111010,40.098796856169855,9.765625e-05
11100110000010101110,24.88195659948932,9.765625e-05
11000110100110111101,16.52925367536274,9.765625e-05
00110111001011001011,19.126331658101524,9.765625e-05
01101110111110000010,16.644222461017918,9.765625e-05
00110101110111010111,16.982001158865287,9.765625e-05
00011111000011011001,15.724017799335932,9.765625e-05
11111100001110111011,12.43929546124441,9.765625e-05
11100001101010001000,18.256391271185933,9.765625e-05
01101100100110100110,15.80453836127635,9.765625e-05
00011110101000001100,21.340892536212166,9.765625e-05
01001100011000011101,16.23517964661334,9.765625e-05
11100101111100111000,14.875788965958535,9.765625e-05
10110100000000011010,17.056106269619548,9.765625e-05
01011110010110010000,8.991237144022035,9.765625e-05
11010001110100011000,12.51269653218397,9.765625e-05
01111000011010101111,16.538545899811638,9.765625e-05
00001010001100110001,42.56569677225087,9.765625e-05
00110111001111010010,14.912600886666713,9.765625e-05
11010111011001110111,19.644639911366436,9.765625e-05
01101101000011100111,17.24674247268029,9.765625e-05
01111000010010001110,14.814534440036066,9.765625e-05
11100111110111110110,17.016765237297165,9.765625e-05
11010111110100100111,18.200994668156568,9.765625e-05
11000110100101001100,13.988710018100805,9.765625e-05
11001111111110101100,13.89684087867799,9.765625e-05
10110101100111101001,16.30492999621573,9.765625e-05
11011001101100100111,17.911844062843297,9.765625e-05
10101101100010110011,20.43929546124441,9.765625e-05
00011111110010111101,18.444284641738584,9.765625e-05
00110101110001101111,22.196934108939345,9.765625e-05
11110011011011110011,21.56355022975513,9.765625e-05
01100111111001011001,15.101493674248447,9.765625e-05
01011110000100111100,16.64598930783231,9.765625e-05
11010010011011011010,20.601564671289342,9.765625e-05
11011110111010100111,16.696121775551536,9.765625e-05
01110001011100110101,15.074234328130405,9.765625e-05
11110011101000011000,19.329910698184946,0.0001953125
11011100010000111111,10.327060545641608,9.765625e-05
10010101000001000000,16.774257281983335,9.765625e-05
11000011100000011000,11.706185303543332,9.765625e-05
01111100110010010001,8.36026276912067,9.765625e-05
10100001010010001000,24.05604225399125,9.765625e-05
10011111111111010111,18.439420804114643,9.765625e-05
00001101000011011111,19.84593086582251,9.765625e-05
11110101001101011101,15.288144663263406,9.765625e-05
01101001100100110100,18.32926432364181,9.765625e-05
10110100001100100100,15.346519362965497,9.765625e-05
10110011110011001011,19.409256681185006,9.765625e-05
01101100001100100000,12.471579287560846,9.765625e-05
11110010011100111000,19.092523742000598,9.765625e-05
01011110010010000001,12.172508144549887,9.765625e-05
10110110111101001011,18.049919372778238,9.765625e-05
10110100010000000010,14.000950986844302,9.765625e-05
11011011010010001111,20.00429762390963,9.765625e-05
01111001111011010001,14.34691027972181,9.765625e-05
01000111010001101010,19.395726544634876,9.765625e-05
01111110011111100001,14.517638974667404,9.765625e-05
11110000100001001100,12.594129776974665,9.765625e-05
01111100001101101110,14.554082795136782,9.765625e-05
01111000000010010110,15.183075340218153,9.765625e-05
11011111101111111000,19.85360082800159,9.765625e-05
01100110000011011001,18.68815595638694,9.765625e-05
11110001100101100101,12.247834435757868,9.765625e-05
00011111000111000000,12.55222973099444,9.765625e-05
11011000001010110101,16.03979868556935,9.765625e-05
01110011001001010010,18.467163797793056,9.765625e-05
11000111110101011000,8.724994312720296,9.765625e-05
01011010010100001010,17.313898763980205,9.765625e-05
01000011011000100001,19.72026965039221,9.765625e-05
01111000100010000100,14.42643350829314,9.765625e-05
00111111111111000000,12.002376278147121,9.765625e-05
10111111110101010010,29.71152999232622,9.765625e-05
01111001101111110001,19.302158018469573,9.765625e-05
01111110011010001010,17.01808631007324,9.765625e-05
00001111001100000000,14.64598930783231,9.765625e-05
11110001000111001000,17.739927315951345,9.765625e-05
11001111010010011100,17.050543458494513,9.765625e-05
00010110100000000001,15.313898763980209,9.765625e-05
01111101011011000110,14.866954160584903,9.765625e-05
11010110100110100010,19.829983681667134,9.765625e-05
10110100010010000110,19.43199287497456,9.765625e-05
01011101000000010110,25.271976254509077,9.765625e-05
10100110101111100000,27.074234328130405,9.765625e-05
01001001101100000111,23.959847166969,9.765625e-05
00111101101010010110,18.5979162299124,9.765625e-05
00100100100100001000,20.378085921063104,9.765625e-05
11100001000110011010,21.182637499947216,9.765625e-05
10110101000000010100,21.33217225022009,9.765625e-05
01110011100111101111,21.68621160860304,9.765625e-05
01011011010110010101,14.154218730679693,9.765625e-05
00101001001011111000,26.618944944719875,9.765625e-05
11011101110001011101,13.302836248273316,9.765625e-05
01011111011100101011,20.543463343445666,9.765625e-05
01100101010101000000,11.80526812352169,9.765625e-05
01011011011110100100,12.07491527879651,9.765625e-05
11010100000100011100,10.811553720877649,9.765625e-05
10110110101101100111,22.31716743338842,9.765625e-05
01100011100111001000,18.263453809700103,9.765625e-05
01110100010100010110,8.075210928641965,9.765625e-05
10101101101010010100,19.89870371598448,9.765625e-05
01110111110111101110,19.95542629498416,9.765625e-05
11110001110011100000,12.60348601705185,9.765625e-05
01010011001110010100,17.15141812413666,9.765625e-05
01000100000000011110,22.839998398079693,9.765625e-05
10111100111001110110,17.40696771495484,9.765625e-05
10000000011000011100,42.88649907563353,9.765625e-05
11111101110101101001,15.46465811751424,9.765625e-05
00111100101100010011,7.651276135453058,9.765625e-05
01000111010100001111,17.332656240715572,9.765625e-05
11000111111001001110,15.884227837561426,9.765625e-05
00101111000011000011,22.435798797953236,9.765625e-05
11111101001111010100,20.28791375262749,9.765625e-05
00011011000110001110,17.734299754776952,9.765625e-05
11110100110010011001,9.57371652836287,9.765625e-05
11111101110111110010,13.230441130223443,9.765625e-05
01001111011101010111,13.85352359476553,9.765625e-05
11010011011111101010,18.160661537006312,9.765625e-05
10011101011110100000,13.550343695775965,9.765625e-05
01110010110000101100,15.676310981509738,9.765625e-05
01110001000101000100,11.921512614817312,9.765625e-05
11001101110010100010,15.743203048910821,9.765625e-05
11110011110000111101,14.820251924773267,9.765625e-05
10101100100010101000,21.26838811168575,9.765625e-05
10110001101011000000,16.540415713132543,9.765625e-05
01010100100101101100,30.70556286133324,9.765625e-05
10100101101101001011,17.782860561903203,9.765625e-05
01011111011011110100,14.807779321812617,9.765625e-05
01110111111101010010,13.986074935690276,9.765625e-05
01001110000100100010,17.22512486309737,9.765625e-05
11010110000111001111,17.049990364420946,9.765625e-05
01000111011001000001,14.740331537852276,9.765625e-05
00110100011001100010,16.930932783395594,9.765625e-05
10011101001101010011,14.368082964255994,9.765625e-05
01001100001110000011,15.925337088321628,9.765625e-05
00011111011100100011,14.264638602706725,9.765625e-05
11000111011100001001,15.631571203444203,9.765625e-05
10011101000111011000,15.631561517407242,9.765625e-05
10000011001101011111,36.018660871425396,9.765625e-05
00011110101111101011,19.20083675724085,9.765625e-05
01100100000100110011,17.274329247617015,9.765625e-05
01110100010100000110,9.092465967965651,9.765625e-05
11110000000000010100,12.917260368883131,9.765625e-05
11111001010110110011,19.230441130223447,9.765625e-05
00011001001001101101,22.59330320227929,9.765625e-05
11101101111000111011,15.39354765672069,9.765625e-05
10010011100100000010,17.39477284776804,9.765625e-05
11011001000010011111,21.041684720787828,9.765625e-05
10011100101000111010,18.424601802666004,9.765625e-05
01100101110011010011,18.998154254807176,9.765625e-05
00001100000010000010,16.002151521977357,9.765625e-05
10011101000101110001,12.084851391097898,9.765625e-05
11010110001100011011,16.234237709351948,9.765625e-05
01001110110111001100,18.9597956345274,9.765625e-05
10110101111101100000,11.007457808799217,9.765625e-05
10101101101000101110,18.87114872002099,9.765625e-05
11001110001111011101,21.111332751177564,9.765625e-05
01101100100000100001,15.487626815737059,9.765625e-05
11110101010100111001,15.127661780870156,9.765625e-05
00110001011100010010,16.374636524221653,9.765625e-05
01110110111011100001,17.00230528650441,9.765625e-05
11010110010110001000,9.894933484944307,9.765625e-05
11011001010001001000,14.538321965190132,9.765625e-05
01001110000110001001,15.724046857446803,9.765625e-05
11001111000011100110,19.673323384303924,9.765625e-05
01011100100110010101,13.49890087000595,9.765625e-05
10011001011000000010,16.638094687450483,9.765625e-05
11110101111101110011,12.483453909083433,9.765625e-05
00011010100011101000,24.73615906051264,9.765625e-05
11100001100010001010,18.153116601794025,9.765625e-05
11110101011110111010,22.165466142592997,9.765625e-05
00011111001110010001,13.367852053620082,9.765625e-05
01010001110100101101,28.935301300980917,9.765625e-05
00010110010001011010,19.220051239180997,9.765625e-05
00001111001111000101,13.490042132299264,9.765625e-05
10011111111000101001,19.37095873046659,9.765625e-05
01110110110000110111,15.490042132299262,9.765625e-05
01111100011100010011,3.7638811369876333,9.765625e-05
00111111100011011011,19.547269080920465,9.765625e-05
00011101000011000111,16.76875757740148,9.765625e-05
10101001101000101100,22.547822811448082,9.765625e-05
11001100100001100110,12.645976824645613,9.765625e-05
10110101001111010110,18.671212788806276,9.765625e-05
00110101011101100001,12.288015897585748,9.765625e-05
01111100010101110101,10.434853965575083,9.765625e-05
10111011111000010001,33.6647637408863,9.765625e-05
11000110000010111001,14.402281160320527,9.765625e-05
10001101101101001000,14.51269653218397,9.765625e-05
11011011101011001100,19.580668901024197,9.765625e-05
11001100110000101000,10.055155282775246,9.765625e-05
00111111001111101111,16.163760601384368,9.765625e-05
01101111001110010000,20.65503023172287,9.765625e-05
00111110111110000011,12.591218700220033,9.765625e-05
11010011010100101001,12.163010008314476,9.765625e-05
11010110010000110100,13.484816523157072,9.765625e-05
11110000110110111101,18.198961218767774,9.765625e-05
01101101101110110101,16.67888266385815,9.765625e-05
01100111010011000100,14.35738575088984,9.765625e-05
11110101111101111000,13.498891183968993,9.765625e-05
00001101000001000111,14.165820300894467,9.765625e-05
11010100010001110001,8.143243047118617,9.765625e-05
01100011000110010010,19.547298139031334,9.765625e-05
01110101011101000101,11.109601291194593,9.765625e-05
11011100101101110010,11.449998311477547,9.765625e-05
01111100000010000010,17.091560359096803,9.765625e-05
00110001000001001000,15.304054179878811,9.765625e-05
10010111010010000101,17.730593539365067,9.765625e-05
01111111101101011110,20.20284781942611,9.765625e-05
11100100010100101011,17.720269650392215,9.765625e-05
01110100100010010100,17.838385930610222,9.765625e-05
11001110101101111111,21.366882341995737,9.765625e-05
11110110011010111001,16.450872141373168,9.765625e-05
00001111101100101101,20.566638062218395,9.765625e-05
11110100110011011100,11.699741588131591,9.765625e-05
00101101101100010001,14.735345801801707,9.765625e-05
11011000101000100010,14.735687476916478,9.765625e-05
10111101101110110111,15.853513908728573,9.765625e-05
11000001001001000101,16.139421283636842,9.765625e-05
00110111111110011000,15.466670893509717,9.765625e-05
10110001001100110000,17.586709635715415,9.765625e-05
11011110001010011110,21.852936539386853,0.0001953125
11000111010011101001,13.710521231446979,9.765625e-05
01010110101010010010,28.415626782468358,9.765625e-05
11101110000001001001,42.07446417224996,9.765625e-05
10011111111110100011,17.011870159230472,9.765625e-05
10011101110011101101,15.648584737009894,0.0001953125
10111101011111111111,16.439420804114643,9.765625e-05
10110101011001011100,16.384378788700733,9.765625e-05
01110110000111011101,15.127119107254611,9.765625e-05
11000100010001101010,16.611789038199284,0.0001953125
11011100010111001101,10.718287820572215,9.765625e-05
10011111110011101011,16.66272341345011,9.765625e-05
01010110010110010000,8.815561838568152,9.765625e-05
11011100011101001000,9.268388111685748,9.765625e-05
10110001001001001000,15.92151261481731,9.765625e-05
11001110111011000110,20.008411505666057,9.765625e-05
10010110010001110000,18.632467126276094,9.765625e-05
01100110110010100110,21.260656207446868,9.765625e-05
11010010110000001000,8.766381299254355,9.765625e-05
11101001101100001000,19.343709070385508,9.765625e-05
01001111001110101110,18.121963962474126,9.765625e-05
11001101110100110111,11.80589328659414,9.765625e-05
01110001000001100011,20.768757577401477,9.765625e-05
01011011011111001100,12.853363490268451,9.765625e-05
01001111001110000101,14.956759949323601,9.765625e-05
11011110010110001111,17.041684720787828,9.765625e-05
11110111110011101001,20.349788853921964,9.765625e-05
00111111011010100010,19.19064869708726,9.765625e-05
10010011011100010001,21.273681180899846,9.765625e-05
01110110110110111101,14.921093706466483,9.765625e-05
11010001000101101001,16.972575657778776,9.765625e-05
01010010000110100100,17.692663121987117,9.765625e-05
01010010110100000100,14.25865282322108,9.765625e-05
01110011010100100011,17.13600030845221,9.765625e-05
01001110011000001100,16.161821869240917,9.765625e-05
11110000100100001010,10.608573789297296,9.765625e-05
11111101110001011011,17.72401779933594,9.765625e-05
11100101011000111010,17.974878027530245,9.765625e-05
11110101010101110101,10.443625871135957,9.765625e-05
10011101111101100101,11.504591537723517,9.765625e-05
11000111001000010000,18.587649907834432,9.765625e-05
01010110100010011111,24.858029644140522,9.765625e-05
00011011111000101111,23.30273310710274,9.765625e-05
01000111010010001110,18.322204407613327,9.765625e-05
01111011111011101100,16.41431695169857,9.765625e-05
01111101001101100011,17.665729931779666,9.765625e-05
01001111110100111101,16.50643582491402,9.765625e-05
00011010010010101000,20.453085605410326,9.765625e-05
11001111110110001111,17.423265612968073,9.765625e-05
01001111111100010100,13.069615233567996,9.765625e-05
01111001101000001001,22.0019019736886,9.765625e-05
00110001000000010010,15.996832839096001,9.765625e-05
11000100010010101001,17.213849029527246,9.765625e-05
01111100011100010000,5.0668049409880105,9.765625e-05
00100111101100100111,22.533936785553443,9.765625e-05
00110100000110001001,14.546109999957775,9.765625e-05
11111001000111001010,23.82305950733072,9.765625e-05
01111100001001000100,14.201358512494998,9.765625e-05
11110001111000000010,11.104700695115795,9.765625e-05
11000111000010111001,17.55096269354245,9.765625e-05
10011100110001111000,14.671948705517764,9.765625e-05
11000101010001100001,12.497288402536475,9.765625e-05
00111110111011101110,21.085340578306557,9.765625e-05
11011110001111110000,16.108212649583226,9.765625e-05
11110100100011110101,14.19997622124037,9.765625e-05
11011101100111010000,17.724101187038144,9.765625e-05
11100100100001010000,9.288173721374271,9.765625e-05
01000110101100001000,20.839998398079693,9.765625e-05
11010111111001100101,18.60384569336542,9.765625e-05
11110100110001010011,6.691345580781851,9.765625e-05
01001100101100000110,18.07681715451809,9.765625e-05
10001111100011110100,17.871761476194116,9.765625e-05
01011000010010000110,13.075204687048616,9.765625e-05
00110100001001000100,14.960756307408657,9.765625e-05
01111110111001100001,16.450872141373168,9.765625e-05
10000111101101100100,17.720269650392215,9.765625e-05
10100000001001100010,33.008421191703015,9.765625e-05
01100001111000000000,14.45528938341053,9.765625e-05
00111101001101000010,9.888053132614013,9.765625e-05
00110110010000111010,20.165820300894463,9.765625e-05
01111011101110110011,20.6875642057024,9.765625e-05
01010100111011001101,36.41371938873468,9.765625e-05
00001111111010000110,18.29374651280352,9.765625e-05
11110100110000000000,7.519320360211093,9.765625e-05
10111101101010101011,22.042622490024364,9.765625e-05
00011100010011100110,18.451765267055322,9.765625e-05
11111100001111110000,12.899368004599218,9.765625e-05
10011001001001100011,18.607171842541312,0.0001953125
01110110010010111000,16.371796879263538,9.765625e-05
10010001010011000110,20.75290879949349,9.765625e-05
11110100110100000000,4.545012518868093,9.765625e-05
01101101001011100000,17.331818091918628,9.765625e-05
10111101101111100010,13.869815251185416,9.765625e-05
01101110111001100001,21.759156474659545,9.765625e-05
11001001110010100110,13.408269328529796,9.765625e-05
10011001001111111001,22.803214578477736,9.765625e-05
01010111011001100011,26.3260653074772,9.765625e-05
01011010000010101011,19.5998305996605,9.765625e-05
00110110100110101001,16.608152170923923,9.765625e-05
10011111011100101011,18.793340816662266,9.765625e-05
01101101000000010011,19.06150770374906,9.765625e-05
11001111010010111100,14.857677129345241,9.765625e-05
01110110110001110001,13.35647587602912,9.765625e-05
01110110001101000101,14.820251924773274,9.765625e-05
10001111110110010011,24.345853627188262,9.765625e-05
10011100110000001001,12.57570906206833,9.765625e-05
11100111111000101001,20.11039153749742,9.765625e-05
01000111010000001000,15.101315019635383,9.765625e-05
11010000010001101100,14.214651584352717,9.765625e-05
01111101101101000100,16.379776650456968,9.765625e-05
11011100001110111010,13.690484234072926,9.765625e-05
01000110110000010111,20.2097246401856,9.765625e-05
11010110010100001010,12.980885654940625,9.765625e-05
00111101011100001000,13.268141273419534,9.765625e-05
11111101001100011101,23.25471152914843,9.765625e-05
00011111110010111111,20.246671481037573,9.765625e-05
01100010111010100100,26.091736205720306,9.765625e-05
11001110001101011111,24.559761154331706,9.765625e-05
01100100001100000001,14.132627763452358,9.765625e-05
01010010000110001110,19.569265346656586,9.765625e-05
11011100011000001111,12.983695947520616,9.765625e-05
11100111111110001010,19.148339683443098,9.765625e-05
10000111001001101011,20.869831178815723,9.765625e-05
01111110100101111010,19.584496171678254,9.765625e-05
00111100110110001110,16.413719388734677,9.765625e-05
01110111110111101001,18.488910945302734,9.765625e-05
11110101100110010101,17.54526840671722,9.765625e-05
01001100001010000010,15.315093057519917,9.765625e-05
00111101111110011011,14.746420185877431,9.765625e-05
10110111110110101000,17.135056297622327,9.765625e-05
11011001010010010100,12.980885654940622,9.765625e-05
11100100100001001110,14.608573789297296,9.765625e-05
00111100110000000101,13.092465967965651,9.765625e-05
00111001110000000000,12.91499881684798,0.0001953125
11110000101000101011,16.01593125652507,9.765625e-05
10011001100100010010,19.586709635715415,9.765625e-05
11011010101010100000,18.07717683083166,9.765625e-05
11001101101011100010,18.889055564772708,9.765625e-05
00011010001010100000,18.7249943127203,9.765625e-05
01000110000000010110,16.14230527788208,0.0001953125
01110110100000001001,18.42519664476754,9.765625e-05
01101001100001000110,14.30882067777172,9.765625e-05
11010110110001011001,9.16395746358797,9.765625e-05
00010111110100101110,24.015931256525075,9.765625e-05
11000111110000110000,12.83003771699121,9.765625e-05
01110110110010111010,18.366891195234953,9.765625e-05
11000111011001110001,14.579790157842837,9.765625e-05
10101101101000111000,18.83003771699121,9.765625e-05
00100101000101110110,19.04449148179701,9.765625e-05
10010011101001100101,20.728472239981954,9.765625e-05
00111100100110010011,9.878204282520745,9.765625e-05
00011011101110001101,20.1139662772091,9.765625e-05
11100100111100010111,16.166771200611564,9.765625e-05
01111001111000000010,11.349009115614017,9.765625e-05
11100100100000010110,11.477174982634812,0.0001953125
01100000101000000010,19.554619041655105,9.765625e-05
00101001100101011010,28.930932783395594,9.765625e-05
10011101011000101111,18.37561937716638,9.765625e-05
11001100010110111010,12.776683976756527,9.765625e-05
10011100100110100011,12.447156152797133,0.0001953125
00100101100000000011,18.536776223371497,9.765625e-05
10001100000000101000,16.25927526543117,9.765625e-05
01111001010010001111,16.58712419053752,9.765625e-05
01010010010000001000,10.766381299254355,9.765625e-05
01011011011000000111,15.988005967489741,9.765625e-05
01111100001011000111,12.979494412070114,9.765625e-05
10101111100101101000,29.01887655637607,9.765625e-05
10011110111100001000,17.767341237714547,9.765625e-05
10001100000010111011,21.199108632938092,9.765625e-05
00110110110000101101,19.821157533642122,9.765625e-05
01111011011010111010,18.36805807416998,9.765625e-05
11000111010011011110,12.470879699241895,9.765625e-05
01111001111001110111,13.488005249306678,9.765625e-05
11100100011001010011,15.600787740970947,9.765625e-05
01001011011011010000,14.73154994625445,9.765625e-05
01000011001001110101,21.21252524672863,9.765625e-05
01000010000011100000,22.5371171640652,9.765625e-05
01111100110100001010,10.072400636061975,9.765625e-05
01111001111011100000,14.558675981764665,9.765625e-05
01011000000010000011,16.128536258059647,9.765625e-05
01010001010101100100,17.436010678702022,9.765625e-05
00101010101110111101,51.691680279882206,9.765625e-05
11000011010001001000,11.6459519345596,9.765625e-05
01110011110011100101,15.120312271085691,9.765625e-05
11001100010011101000,11.770151530294532,9.765625e-05
00110011010000000001,15.088338868601461,9.765625e-05
01010111110101001101,14.912964731005143,9.765625e-05
10011101000101000101,14.176695640434708,9.765625e-05
00011100001000010000,12.685470887073981,9.765625e-05
11010111010010000111,22.775445421056894,9.765625e-05
10111101111010100010,17.131388397044276,9.765625e-05
01011011100100110001,21.35465738800975,9.765625e-05
11001011101010110110,18.038879859092738,9.765625e-05
01110110010111110001,13.405027731539477,9.765625e-05
11111000011000000010,13.917873125056264,9.765625e-05
01011100000100000110,13.30076187240482,9.765625e-05
01011011000111111111,20.062513041820885,9.765625e-05
00001010010000110001,44.28912117664776,9.765625e-05
11110001101111010001,17.28389774983745,9.765625e-05
00101001011000011111,31.772576532893694,9.765625e-05
00011111110110101000,15.395726544634877,9.765625e-05
10111101101101110011,11.804903555602019,9.765625e-05
10100001101000000010,18.24705125300631,9.765625e-05
11101000101000011100,22.272506259434046,9.765625e-05
11011100100011110000,12.679243063752967,9.765625e-05
10110101110110100000,15.151418124136661,9.765625e-05
11010010110010100000,11.692663121987115,9.765625e-05
11001011100110110010,20.579790157842837,9.765625e-05
01101101100111110111,14.786666397754676,9.765625e-05
11010011110001000001,11.824202268428827,9.765625e-05
10001101001101100000,11.871982406525818,9.765625e-05
11010000000101100010,17.05513935514494,9.765625e-05
11100111111100100100,17.58389934313543,9.765625e-05
01011011111000000101,15.70295412701104,9.765625e-05
01011100011000011010,14.32926432364181,9.765625e-05
00001010111000101101,46.4637202611505,9.765625e-05
11000111100011100100,15.037021276938297,9.765625e-05
01001111001100101101,18.439665547176183,9.765625e-05
00010111011001011010,20.199976221240362,9.765625e-05
11010011111100001000,12.046708477404975,9.765625e-05
11001100110101001001,15.020354016574533,9.765625e-05
00011111011110011000,13.025393064367938,9.765625e-05
11010010101000110001,18.566638062218395,9.765625e-05
10110101000001000010,19.593321067683043,9.765625e-05
00101111111000100001,21.87176147619412,9.765625e-05
00110101100001010100,15.496983790235308,9.765625e-05
01011010101000101000,20.87993375606242,0.0001953125
11011100110100111001,5.704279896250945,9.765625e-05
00111100000111011110,18.358274697707326,9.765625e-05
00111110111000110000,18.61431616412051,9.765625e-05
11110100010101111111,11.68756837372726,9.765625e-05
01011000011000100111,16.427000897330643,9.765625e-05
11111000101000100101,14.638094687450485,9.765625e-05
11010110011110111000,12.214455544107032,9.765625e-05
01110100100001111000,20.808084657695026,9.765625e-05
00010011010100000010,14.486287828889388,9.765625e-05
00111111111010101111,18.57018374381921,9.765625e-05
11001111101001011000,17.32617086440306,9.765625e-05
11011010111000000110,20.215416216988288,9.765625e-05
01011011111110100010,17.823094290593744,9.765625e-05
11000111110001011101,9.163957463587968,9.765625e-05
11001100010011100011,13.651276135453056,9.765625e-05
10011101101010000010,25.65638784003154,9.765625e-05
01110011111101010110,13.072801238855245,9.765625e-05
01011011110010001010,17.5759372626817,9.765625e-05
00101000100110101111,45.49403151436991,9.765625e-05
11011001010101101110,13.182637499947216,9.765625e-05
11001100011000101111,15.06960899197465,0.0001953125
11110100010101010101,8.84723247939747,9.765625e-05
01001101010001010100,8.11475652351193,9.765625e-05
00000011001000000001,20.181228430541957,9.765625e-05
11011000010110111010,14.741288679162727,9.765625e-05
01100001000000010001,16.832874651926787,9.765625e-05
11000111010000101110,16.558207184478427,9.765625e-05
10101101011001110010,19.393547656720685,9.765625e-05
11000110110110100111,22.118128981384583,9.765625e-05
00111101001111100110,12.315369346131284,9.765625e-05
01001111010101010000,13.059928033101322,9.765625e-05
10000010100000100001,31.213849029527246,9.765625e-05
11011100111010101001,13.470392177175615,9.765625e-05
10100100100000101011,21.229796213682622,9.765625e-05
11011001000011011100,18.09341695480995,9.765625e-05
10000111110000000101,17.75759626321292,9.765625e-05
00011011000010111111,22.78195495303435,9.765625e-05
10100101100101010011,15.787636756672885,9.765625e-05
11000111000111101000,14.110391537497417,9.765625e-05
01110001000001111011,24.368000300135034,9.765625e-05
11000010101001100010,26.252723370607885,9.765625e-05
11011000101010010010,17.18217588581545,9.765625e-05
11001101110101000000,10.114756523511932,9.765625e-05
11001111111111011101,13.97954865453425,9.765625e-05
11000110110110011110,18.195466247650632,9.765625e-05
01110110101101010101,12.69134558078185,9.765625e-05
11001001100000000111,16.983695947520616,9.765625e-05
11110000101100001110,13.385284397569588,9.765625e-05
11110000110000001111,10.853373176305409,9.765625e-05
01011110011100110000,10.73155516999929,9.765625e-05
00110010000110000001,20.60348601705185,9.765625e-05
11110110111101111010,13.80298366784182,9.765625e-05
00101101001111001000,15.332656240715576,9.765625e-05
11001100111101100100,14.090881835025796,9.765625e-05
10110110001011010011,24.662723413450113,9.765625e-05
01000010001000011001,24.372205280029146,9.765625e-05
11010101011110100001,23.58579778525322,9.765625e-05
11110001110001010010,9.91176690589462,9.765625e-05
01111111100110010001,25.128271827020754,9.765625e-05
11100100100000101010,15.359903092807102,9.765625e-05
01100111110100110001,17.705535495396404,9.765625e-05
11010111110001110111,17.03785525771039,9.765625e-05
11001101001101100111,13.099668944635727,9.765625e-05
10010110101111111100,24.506339943185303,9.765625e-05
10110100001011110011,19.89262612561972,9.765625e-05
01100001011010101110,26.317460286084128,9.765625e-05
10000110000010110000,21.237648998499623,9.765625e-05
10010100100100100001,12.580433724396416,9.765625e-05
10001100001010100111,22.816560826283244,9.765625e-05
01011100000110111010,17.68575957174484,9.765625e-05
10111001111000001100,18.010284763430576,9.765625e-05
01110100010000000111,10.729642552520772,9.765625e-05
01110111101011111111,28.563492455720183,9.765625e-05
01100111110001000111,15.049990364420943,9.765625e-05
11110000000010101101,17.64369038252445,9.765625e-05
00110101011101110000,13.787036483686444,9.765625e-05
00111001010010101010,17.80107627410814,9.765625e-05
11111000110000100000,11.706185303543332,0.0001953125
00111100011010100011,9.979548654534252,9.765625e-05
11110011011100100000,18.353746261128798,9.765625e-05
11001001001010001010,18.44560218294385,9.765625e-05
11000110111000011000,13.043216216310375,9.765625e-05
00110111100101111001,15.37367865932996,9.765625e-05
10110110011000010111,27.775448131079436,9.765625e-05
01110110010000100010,18.270941879962564,9.765625e-05
01001001000001001010,18.424583154173337,9.765625e-05
11011001011111101110,15.302733107102739,9.765625e-05
00110101001010010000,22.64938122490607,9.765625e-05
01101001001001001100,16.914998816847984,9.765625e-05
11010011010011001010,14.587124190537516,9.765625e-05
10110001010000101111,18.85336349026845,9.765625e-05
00010110100110001010,21.485169037952353,9.765625e-05
11100101101100011101,14.68953677879943,9.765625e-05
01110111111100111001,19.010938631587283,9.765625e-05
10011110010110100000,18.769868363635773,9.765625e-05
11110100011001000100,10.914998816847984,9.765625e-05
10011100000001100011,13.827760237325759,9.765625e-05
00110111101110111101,21.521287416044338,9.765625e-05
11011100011010101101,11.963624374023592,9.765625e-05
01011011001000111101,21.37095873046659,9.765625e-05
11000111110001011000,8.832874651926785,9.765625e-05
11001100000011101000,12.32645403106182,0.0001953125
11100101111011001100,15.939325346301723,9.765625e-05
11111000001011101001,20.470879699241898,9.765625e-05
01111101010110101111,18.533940317124248,9.765625e-05
01111110111110110101,12.515785823397863,9.765625e-05
01001101011101010101,10.766315825623748,9.765625e-05
11110100011100011111,9.645597776258134,9.765625e-05
01011110010110111100,11.586709635715415,9.765625e-05
10010111010110110010,19.230450816260397,9.765625e-05
11000101010111100100,13.581978731793981,9.765625e-05
11100100111000010010,10.880735576466828,9.765625e-05
10110100100011001011,17.018175030283672,9.765625e-05
10011110101110100010,18.03887985909274,9.765625e-05
01001111011001011110,12.844154947789024,9.765625e-05
11110011101111111101,18.818146847287714,9.765625e-05
01101101111101011110,12.80018306129879,9.765625e-05
01010011101100010000,20.58389934313543,9.765625e-05
00001101010011100111,18.56147929833024,9.765625e-05
11011100011101100011,8.032821433661827,9.765625e-05
01001111101110010101,14.968001119643553,9.765625e-05
00011101001111010000,13.45594398598831,0.0001953125
11010110000011110001,15.871751790157166,9.765625e-05
01001100000100110010,11.913994556132327,9.765625e-05
11001110100000101011,19.772678656215763,9.765625e-05
11011110101100101111,18.428057735368057,9.765625e-05
11110100010101111000,8.91690621058166,9.765625e-05
11101111101100111010,24.63872888926602,9.765625e-05
10010110010010111111,23.37743713076469,9.765625e-05
11011100101000110000,13.52302211333086,9.765625e-05
11011011000111100001,23.046305594651464,9.765625e-05
01111100001011010100,12.661963134343274,9.765625e-05
01001101010011010100,9.027596842368139,9.765625e-05
00001101000110100111,18.44715615279713,9.765625e-05
00010111100100001110,22.729642552520772,9.765625e-05
01101101111101011111,14.469003644327639,9.765625e-05
10111100101100111010,12.640002081184168,9.765625e-05
11111001111011100100,12.081371302730888,9.765625e-05
11010110011001110111,18.40976832149787,9.765625e-05
01011010011011010111,21.852379913742478,9.765625e-05
10010100000011011101,21.098972789920566,9.765625e-05
11000101110100001001,15.540303060589068,9.765625e-05
00001101010000000000,12.854500918858335,0.0001953125
11000111010101010111,15.490093664740863,9.765625e-05
11100111111010010000,17.71420778051769,9.765625e-05
00101101100010111001,22.723692699145335,9.765625e-05
01111100010001010110,10.661963134343274,9.765625e-05
00110101011100101101,19.050405006779904,9.765625e-05
01111100111110000011,6.423194621325365,9.765625e-05
11100101011001110111,14.51578582339786,9.765625e-05
10010111111100100001,16.279372757702532,9.765625e-05
01111100011001001010,11.394772847768042,9.765625e-05
01101101001101100101,14.039795241125747,9.765625e-05
00111011011111100010,18.64917458953831,9.765625e-05
01001110110110010001,15.576023371246267,9.765625e-05
01100110101010000001,18.509069350945566,9.765625e-05
10011111001000011111,27.73634215578163,9.765625e-05
01000101010000101100,24.62468877754541,9.765625e-05
01111000100011001101,21.704341016352828,9.765625e-05
00110110001110110110,21.82328615197476,9.765625e-05
10000111010000001010,18.980885654940625,9.765625e-05
11010110010000011001,10.18505717003815,9.765625e-05
00101101111111000000,14.374636524221655,9.765625e-05
11110100000011101111,20.447930373092987,9.765625e-05
01011111011101110010,15.579500749590729,9.765625e-05
01100111011001001011,18.183614394726035,9.765625e-05
11011101010111000110,14.333607227559874,9.765625e-05
11011000110010110100,12.372205280029148,9.765625e-05
01111100101111100011,12.267684268214747,9.765625e-05
11000011000000101010,16.558207184478427,9.765625e-05
01101101111001101011,18.155166185953185,0.0001953125
11001100101010010001,12.83284176797785,9.765625e-05
01110110110001100100,16.30882067777172,9.765625e-05
01011111111110011110,18.535799622859937,9.765625e-05
10110001110100100010,13.220051239180997,9.765625e-05
01110010011010110000,15.673484026878379,9.765625e-05
00011111101111010010,15.561533627921582,9.765625e-05
01111001110101000010,11.624511287415714,9.765625e-05
00011101000110101000,20.603068752207207,9.765625e-05
01011010100100100110,20.724994312720295,9.765625e-05
10011111101101111010,18.79147797935577,9.765625e-05
00111111011111110010,14.24386670646969,9.765625e-05
11010011011110011011,18.317167433388416,9.765625e-05
11001100010001010101,15.315093057519917,9.765625e-05
01110011011001000001,13.461378852983948,9.765625e-05
01011011000100010011,21.984356791691738,9.765625e-05
00011111001111101110,16.315369346131284,9.765625e-05
01011110011101110010,12.864845442765148,9.765625e-05
00011001010100011001,21.11185931165893,9.765625e-05
11111000000011100011,21.49847654161004,9.765625e-05
11100101010001000001,14.870185337117189,9.765625e-05
11100100111011000010,16.677132468255316,9.765625e-05
10010011001100101000,16.983695947520616,9.765625e-05
01101101110100010000,13.008459299396783,9.765625e-05
01110010000000001101,18.2658742142121,9.765625e-05
00110111101101111010,19.450791463693506,9.765625e-05
10100000010010110011,45.691680279882206,9.765625e-05
11101101110000010111,16.535938074574553,9.765625e-05
01011100010100100000,7.977393393846025,9.765625e-05
01101100000000010110,13.652850288088695,9.765625e-05
00011000000001000011,21.350706858850316,9.765625e-05
00001111001110100001,14.791487665392728,9.765625e-05
01101001011011000111,17.254039355434163,9.765625e-05
00110111011101001010,13.049990364420946,9.765625e-05
00101101000010000001,18.353746261128798,9.765625e-05
01111110111010001111,15.281990356103773,9.765625e-05
11000110110010000001,14.075210928641964,9.765625e-05
10100100001000101000,20.298198418091047,9.765625e-05
11101101001100110000,18.854460128173677,9.765625e-05
00110101010101110011,13.547362361799687,9.765625e-05
10011100001111000100,16.075210928641965,9.765625e-05
01011100010001001001,12.001188139073562,9.765625e-05
01111100101010100000,18.110726236597774,9.765625e-05
11011100100101001000,12.08625407227494,9.765625e-05
00001111100101100011,17.12257047705391,9.765625e-05
01100111000110010111,18.300843714567854,9.765625e-05
10110100110101100100,14.60761311641604,9.765625e-05
10100101111000001101,19.606717193584146,9.765625e-05
01111000110000010011,11.885181534428268,9.765625e-05
11000001100110000110,20.736506242799695,9.765625e-05
11101100101100001010,14.142305277882082,9.765625e-05
01001001110110001110,24.78226373336037,9.765625e-05
11110100011111010101,11.02243807847999,9.765625e-05
10011101100111100010,15.491054337622117,9.765625e-05
01011100100100111001,16.81688489778552,9.765625e-05
01111010101010111011,21.080731464048363,9.765625e-05
11000011100110001000,13.588508457393619,9.765625e-05
11001100100001110000,8.720554596352205,9.765625e-05
11000101000100101100,15.808743428297662,9.765625e-05
00111101011001110110,12.342991802166674,9.765625e-05
01111011111011111110,16.707456215501235,9.765625e-05
11100100111000101100,15.049216867706342,9.765625e-05
11000101110111000100,13.849111244334267,9.765625e-05
11111001011100001010,16.90531785797465,9.765625e-05
11001111101110010100,16.087483029064817,9.765625e-05
00001100001000110010,18.815885833783046,9.765625e-05
10011001100011001110,21.41151634515554,9.765625e-05
10000110000010111011,25.532054281905772,9.765625e-05
11111100111101011111,9.68756837372726,9.765625e-05
00111100010001001100,19.162059755891246,9.765625e-05
11101100101001001111,17.15141812413666,9.765625e-05
11100101111001100110,13.839417802274241,9.765625e-05
10111111010110010001,36.311791896397054,9.765625e-05
01101011001011100000,21.268738101962363,9.765625e-05
00001000000011111110,45.51326838351359,9.765625e-05
10010111011110011010,19.98608462172723,9.765625e-05
00011011101001100101,21.04800127515909,9.765625e-05
11011001011111001110,15.587126900560058,9.765625e-05
01100101010111010010,15.527878360122529,9.765625e-05
00110011010010000001,14.587124190537516,9.765625e-05
11110100100001000111,12.82210852048642,9.765625e-05
01100101101101000000,16.808084657695026,9.765625e-05
11110111010111101011,21.184792847762644,9.765625e-05
11001000000000100010,15.826572098252196,9.765625e-05
01011011100101000100,17.70014383443105,9.765625e-05
10010101110101000101,11.462926570404061,9.765625e-05
01001011011001101100,16.331669659899795,9.765625e-05
10111100100010110010,16.103761467876947,9.765625e-05
01111110111110111000,12.972947730151844,9.765625e-05
11011101010001010100,14.76071469966488,9.765625e-05
01011110010001111010,15.87176147619412,9.765625e-05
11011100100110100111,13.11133275117756,9.765625e-05
01111100101011100001,15.486329675294034,9.765625e-05
11100101011101100100,12.740341223889232,9.765625e-05
01100111110010001011,20.903684080657825,9.765625e-05
11010110011100001111,15.151418124136661,9.765625e-05
10001101110110001011,20.80018306129879,9.765625e-05
11011100010100001001,8.422077473894513,9.765625e-05
01001000000111100011,30.22194614972798,9.765625e-05
11011100110001001010,12.424583154173337,9.765625e-05
00001111101100000011,18.18470301173668,9.765625e-05
00100111001111000010,15.885004044298572,9.765625e-05
01010110010101010101,10.29374651280352,9.765625e-05
00011111010010000011,15.600787828098149,9.765625e-05
00101111101010101110,20.794783700737767,9.765625e-05
11110001100001010110,12.82210852048642,9.765625e-05
10110101111101011001,11.268898020955564,9.765625e-05
01110110000001111100,20.90531785797465,9.765625e-05
01001111111011100100,13.844142464602326,9.765625e-05
00111100100110001001,12.84876406204722,9.765625e-05
11100101111111011110,17.05836617814851,9.765625e-05
10011101111110000100,15.825333455425366,9.765625e-05
11011011101010011011,24.2696243387573,9.765625e-05
10100101101100110000,16.83284176797785,9.765625e-05
01100011000010001000,17.482482003877735,9.765625e-05
11001101000100001101,16.534682475429086,9.765625e-05
01111111011101101110,19.361204069928014,9.765625e-05
01011011011111001001,15.03863563247239,0.0001953125
11001001100010100000,14.280690298907796,9.765625e-05
01110110110011000000,13.09671821389983,9.765625e-05
11011100111001011000,10.51269653218397,9.765625e-05
11010011011101100101,14.730328101274033,9.765625e-05
10000101001111001111,27.622583700059856,9.765625e-05
01101000100000111010,22.671948705517764,9.765625e-05
10101111100101000011,33.71152999232622,9.765625e-05
10011001000011010001,21.443568097101007,9.765625e-05
10001101100110100110,17.186900548143534,9.765625e-05
01101100000000010111,14.991237144022039,9.765625e-05
11110100011000001011,11.996832839096005,9.765625e-05
11011000100110011100,16.833164060178895,9.765625e-05
10001010110000001110,44.778933121892365,9.765625e-05
11010110100110011100,12.749681242068856,9.765625e-05
01101111100111001011,21.091989383546895,9.765625e-05
00011011110011001010,17.814055047627743,9.765625e-05
10010111100111001011,16.488910945302727,9.765625e-05
10010110101110000000,17.226985921102635,9.765625e-05
00110100011101110001,16.13914176856175,9.765625e-05
10011100000100100111,14.40228116032053,9.765625e-05
11110101111101010101,7.509448693600305,9.765625e-05
11001101100110110101,12.803089235607498,9.765625e-05
11001001110001000010,14.075210928641964,9.765625e-05
00111101000111111110,17.202776827783403,9.765625e-05
11010010110010001000,9.80987723777988,9.765625e-05
11110001110011001001,13.766347593347497,9.765625e-05
01110000011000000110,10.830896266550397,9.765625e-05
01100111001011000010,20.059725652885614,9.765625e-05
01111001000110100011,19.24674247268029,9.765625e-05
00001111101001100000,15.550343695775963,9.765625e-05
11101101111001010000,12.611505871540523,9.765625e-05
00001111001110001110,16.229786527645665,9.765625e-05
10001101001010001101,19.69177344074857,9.765625e-05
11110100110100101000,7.3894665609461825,9.765625e-05
01111101111100010111,9.75914678862259,9.765625e-05
10110001010010110001,20.643673720473082,9.765625e-05
10011100001011000001,14.165820300894467,9.765625e-05
11110011011100101010,17.95387595507836,9.765625e-05
10111100101111100001,11.802983667841822,9.765625e-05
11001000100000100100,15.304130591566604,9.765625e-05
01000111110111000100,13.577802810010738,9.765625e-05
11111001011110000000,16.90531785797465,9.765625e-05
11110000100110010010,13.350706858850314,9.765625e-05
11101101101111011000,15.569107414104678,9.765625e-05
11010100000000011101,13.023241542390583,0.0001953125
00001110111010000011,24.118128981384583,9.765625e-05
00000010010110010011,49.91304281867512,9.765625e-05
11000011001011000000,15.394772847768039,9.765625e-05
10000111101011011101,19.782860561903203,9.765625e-05
11001100110100000100,11.783298107906877,9.765625e-05
11001101000001001011,18.363481549593466,9.765625e-05
01011110100000011000,19.663244347155995,9.765625e-05
01000111010010010100,11.233573420737214,9.765625e-05
10010001001000100100,19.54215414912993,9.765625e-05
10110101111101100101,11.469196240129715,9.765625e-05
01101000001010010100,19.66632812035779,9.765625e-05
01100110111000001000,16.119365637770123,9.765625e-05
11100001010010011010,18.442286590021027,9.765625e-05
11011011001110110100,19.744782719558565,9.765625e-05
00010111110101001000,13.032196270589376,9.765625e-05
01110011111111001100,13.29464131941023,9.765625e-05
00011111110000010101,17.296634038619562,9.765625e-05
01100111110111010100,12.012673437637194,9.765625e-05
11011101011101100100,11.361434686296668,9.765625e-05
00011111011011010000,12.55688964327316,9.765625e-05
11011101110011011011,17.970118065497946,9.765625e-05
00111001100011101101,22.649075703519788,9.765625e-05
10110101000101001001,13.818690989745399,9.765625e-05
11010000000000000010,13.340892536212168,9.765625e-05
10010100010001000000,11.910578766821061,9.765625e-05
11011001100110111111,20.155166185953185,9.765625e-05
11110110010010111100,19.073351622906273,9.765625e-05
01111001111010000101,12.603486017051852,9.765625e-05
00011011100100011011,23.356475876029123,9.765625e-05
01001011001110101100,16.916906210581665,9.765625e-05
11100101000101100100,14.248075941515857,9.765625e-05
10100101001001000111,18.57689720114189,9.765625e-05
01001010100010000000,18.575709062068327,9.765625e-05
00001111001011001000,12.661963134343273,9.765625e-05
01101111110111100110,16.857513063963363,9.765625e-05
11111000111100101101,15.166725909763315,9.765625e-05
11110000000110010000,13.897743777524296,9.765625e-05
00001110000010011000,18.63463531030482,9.765625e-05
00111100110001001010,13.821157533642122,9.765625e-05
11000011101010000010,20.137246858014766,9.765625e-05
10010111100011011101,16.729522836426018,9.765625e-05
01010010010010110000,14.914991840833565,9.765625e-05
01111011100110100010,22.009352806473395,9.765625e-05
01010110100110110110,24.765946463273224,9.765625e-05
01001110100100101110,20.427698059054492,9.765625e-05
01100100010000111001,18.69173431520629,9.765625e-05
11010011110011001101,11.01059823981077,9.765625e-05
01110010001010101111,22.99376782315026,9.765625e-05
01110001011000001101,14.569330096705949,9.765625e-05
11000110111000010010,17.125043996965047,9.765625e-05
00100011011100100001,30.618944944719875,9.765625e-05
10011100000011110100,17.480692133815424,9.765625e-05
01101001101001110011,19.80584549286341,9.765625e-05
00100111101111011000,17.358790554303226,9.765625e-05
10010001010000001000,13.221670682664884,9.765625e-05
10100001111010001000,24.347906252307283,9.765625e-05
01111001101000000111,16.108461974540084,9.765625e-05
01110011100100001100,14.86793420554006,9.765625e-05
01110111011111001001,15.580490676473445,9.765625e-05
11001100001110000010,13.301615225250822,9.765625e-05
01110110110100101010,15.698222488668538,9.765625e-05
01100100101000000001,16.596396836182095,9.765625e-05
11111000101000001101,16.914998816847984,9.765625e-05
11010110011100000110,16.6039646750391,9.765625e-05
01011010011110101010,16.631484284171187,9.765625e-05
10011101011101000111,13.367909642151155,9.765625e-05
10000111000010011101,18.182795618003,9.765625e-05
01100001000001000010,14.729642552520769,9.765625e-05
11000011010010111111,19.37743713076469,9.765625e-05
11110000000010110110,17.24985185954934,9.765625e-05
01110110101011111111,24.374378356412294,9.765625e-05
01011110011011011111,14.135929316809502,9.765625e-05
00101000101000110010,30.18343492940452,9.765625e-05
11010001011100001001,15.00118813907356,9.765625e-05
11111100101010100011,15.00063867494747,9.765625e-05
11010101110100101100,19.216107871539855,9.765625e-05
01101110101100001010,19.567784354887316,9.765625e-05
00111100010010000010,11.183075340218153,9.765625e-05
00111101100001111111,18.61230872063325,9.765625e-05
11010111110100001111,16.376554425540558,9.765625e-05
00010110111000000111,25.10744623764642,9.765625e-05
00111111110110100111,16.282992140968595,9.765625e-05
10011101110011111101,16.288015897585744,9.765625e-05
00010000101000011010,41.542131234645396,9.765625e-05
00011101100010000100,23.395178538511107,9.765625e-05
11010110011111011001,11.314418359286979,9.765625e-05
01101101111100010101,11.947323031566746,9.765625e-05
11111100101010000011,15.664763740886304,9.765625e-05
11000110001011011101,17.645597776258132,9.765625e-05
11001111101001000111,20.915659661019106,9.765625e-05
10011101011110100100,14.283153409200732,9.765625e-05
10010111110101101000,11.606707507547188,9.765625e-05
11010001100000010100,14.727548804578358,9.765625e-05
00110011111010001101,17.294641319410232,9.765625e-05
00111101101100001100,16.955193496283627,9.765625e-05
01011011001011110010,20.34303364857132,9.765625e-05
01010010011000110000,16.75007995679751,9.765625e-05
10111101101011010110,18.533940317124248,9.765625e-05
00110110010000001001,15.10847166057704,9.765625e-05
10110101101101000010,13.531139710581217,9.765625e-05
11010011110110111011,17.781883961391642,9.765625e-05
10011111111110001100,17.39477284776804,9.765625e-05
00110101111110110001,22.75906955538653,9.765625e-05
01011110110111100001,11.80298366784182,9.765625e-05
11110010101000111010,18.229786527645665,9.765625e-05
01100010011001011011,33.354491249059386,9.765625e-05
11001101110100110001,10.945397957933185,9.765625e-05
11011001111100001010,15.825333455425366,9.765625e-05
11011111110111000011,18.43764841765197,9.765625e-05
11110100011000110001,8.614316164120513,0.0001953125
01111111111000111000,25.069364950858173,9.765625e-05
11011010110000101011,18.36026276912067,9.765625e-05
10111101110111000110,15.049990364420946,9.765625e-05
11010111010001101000,18.93607915122425,9.765625e-05
11010011111100111001,15.787036483686446,9.765625e-05
10100111111011100100,21.97854342522581,9.765625e-05
10000011010110001101,29.287730657358495,9.765625e-05
00110011010100000101,17.225611340283486,9.765625e-05
11000111110111011100,9.161705597589776,9.765625e-05
11011111001111011001,20.774563967853,9.765625e-05
00001111001110001000,13.898703715984485,9.765625e-05
01110001001001010001,16.53048093997858,9.765625e-05
00101101000011111010,18.51764866070436,9.765625e-05
00110100000001111001,18.008411505666057,9.765625e-05
11011001000010100111,19.140793165273262,9.765625e-05
11001101001000110100,12.93126207864271,9.765625e-05
01110100010101000011,7.978543425225811,9.765625e-05
01111001110101100010,12.783821234784455,9.765625e-05
01111000001000110000,13.06680494098801,9.765625e-05
01011011110111001010,16.585202844775004,9.765625e-05
01100111111101110000,15.651276135453056,9.765625e-05
01111100011011111101,13.37743713076469,9.765625e-05
10011100110011100011,14.561479298330244,9.765625e-05
11000101010100111100,11.995602130036547,9.765625e-05
11110100100100001011,10.961369063581792,9.765625e-05
10011010111000101010,25.372811794608932,9.765625e-05
00001010001100100110,39.12982643332808,9.765625e-05
11011001010001011001,16.28174622786009,9.765625e-05
11000100010000101011,17.17090183154656,9.765625e-05
10011101111001111010,18.23641931812849,9.765625e-05
10010110100010101101,19.88422783756143,9.765625e-05
00000111000100110000,15.9912042600731,9.765625e-05
11000110111000101111,22.625873385048163,9.765625e-05
10110100100001000011,11.911766905894623,9.765625e-05
00011111011010100100,16.381340306347198,9.765625e-05
11011100011001010101,9.634560874218504,9.765625e-05
11001101110101011111,13.009358960939549,9.765625e-05
11100001110000011000,11.930364376509583,9.765625e-05
11110011011010101010,19.32128287111417,9.765625e-05
11010110110011101000,13.884227837561426,9.765625e-05
01110001010001010011,13.192324994681151,9.765625e-05
00010011011000011000,17.803353753773592,9.765625e-05
00111000100000011010,21.516098135294687,9.765625e-05
00110101011111100010,19.444139948430628,9.765625e-05
01011110000111000101,14.087442211348502,9.765625e-05
11100100001100110011,15.699875784694147,9.765625e-05
01000111010101000110,13.151418124136658,9.765625e-05
00111001111000101110,17.84875157886052,9.765625e-05
00011110100011110010,18.825917066360432,9.765625e-05
00010011110010010101,20.538494367370035,9.765625e-05
11110100010111011011,11.68149402066604,9.765625e-05
10000111001000000000,18.879946239249122,9.765625e-05
11001001000100010100,16.459371202766285,9.765625e-05
00101101100001101100,18.424583154173337,9.765625e-05
01000110010001010100,14.188156870870245,9.765625e-05
01000110100010000010,21.366352140727066,9.765625e-05
01100001110011000001,20.65666218002964,9.765625e-05
10110100101100100011,12.442431490469048,9.765625e-05
10011101011100001100,15.51174283531713,9.765625e-05
11110001110000010000,8.469444721902118,9.765625e-05
00010101000010100101,30.622164459613735,9.765625e-05
01101100001000110011,12.168375761345317,9.765625e-05
10110011100100101100,18.552175401403098,9.765625e-05
11001110110001001111,23.15141812413666,9.765625e-05
01111100110100000011,5.997786535962843,9.765625e-05
11001001001100110110,16.12948893707798,9.765625e-05
00111001011010010111,17.604365277832375,9.765625e-05
11000100001000100001,16.33238620453738,9.765625e-05
01101111000111011110,19.90896910734115,9.765625e-05
11010110111010100101,17.839417802274244,9.765625e-05
01110110110011001100,15.420856363335163,9.765625e-05
01111110100010111111,20.816428703289176,9.765625e-05
10110001001010001000,19.466223231406783,9.765625e-05
01101011101001011100,21.394772847768042,9.765625e-05
10110101100101110100,12.740331537852281,9.765625e-05
10011001100110100000,15.963624374023592,9.765625e-05
00000000110000101001,50.379413442572584,9.765625e-05
10111101110110100110,15.599830599660503,9.765625e-05
10010001000111000111,22.890509081388657,9.765625e-05
11011100110100010101,6.427698059054492,9.765625e-05
01100100001001010000,12.132627763452358,9.765625e-05
11110011101010111011,23.462315887799416,9.765625e-05
00010011110110001110,22.750033756864138,9.765625e-05
01111111111011011110,16.92890222912356,9.765625e-05
11110110111100001000,11.894933484944307,9.765625e-05
00010011000101000010,15.624511287415714,9.765625e-05
11000011101101101100,16.916848436546715,9.765625e-05
01110010100110000100,14.660845077827299,9.765625e-05
01111010110111001010,21.64440881522665,9.765625e-05
01001111000001011111,16.53592838853759,9.765625e-05
00110100000100000111,12.486287828889392,9.765625e-05
01011000000001010011,18.232596820225655,9.765625e-05
11101110000011111100,33.09539534018634,9.765625e-05
01110110111010010001,11.635758699329019,9.765625e-05
11000110100001101011,18.73154994625445,9.765625e-05
10000111100101010000,13.523690864237707,9.765625e-05
10001101111101000000,14.671948705517764,9.765625e-05
00110111110000100000,18.30325786664669,9.765625e-05
11011000000010110110,15.52369086423771,9.765625e-05
10111001111001011010,20.11210968149595,9.765625e-05
01001111110000111100,15.487626815737059,9.765625e-05
00011010010001110000,30.22002459682541,9.765625e-05
00000111001110011011,24.201439533109763,9.765625e-05
01111011111111010111,16.54240243530696,9.765625e-05
11100001111111010000,20.022447764516944,9.765625e-05
11111100110100101011,8.844154947789026,0.0001953125
01011100111000010101,12.580433724396414,0.0001953125
11101101010110101010,20.45780682329481,9.765625e-05
10111001101100000000,16.980885654940625,9.765625e-05
11110001111111100100,13.474521899025484,9.765625e-05
10110101110101101011,12.346910279721811,9.765625e-05
00110110000010011110,21.745733520898987,9.765625e-05
11010011111100011101,13.295609350110016,9.765625e-05
01101100100010000100,14.910578766821061,9.765625e-05
11001100001100110110,11.780428299862185,9.765625e-05
10011101111000111001,17.45906586688387,9.765625e-05
11011000011110010100,15.213849029527246,9.765625e-05
11110100010010101110,17.271773787166165,9.765625e-05
11000011110000101100,9.988710018100805,9.765625e-05
01111001111011011100,16.050895973289794,9.765625e-05
11110100100101100000,9.69177344074857,9.765625e-05
00100101000101010000,12.724994312720296,9.765625e-05
11011000001000100001,13.268968718331015,9.765625e-05
11111001100111111110,18.069152797478313,9.765625e-05
01000111001001010110,16.844154947789022,9.765625e-05
00011101000111000001,10.908355616746947,9.765625e-05
00000101011000001001,27.42207747389451,9.765625e-05
01110010001110001111,19.735923796348,9.765625e-05
00101111110011100010,18.857513063963363,9.765625e-05
01011100011011010010,12.442431490469046,9.765625e-05
01110100011001010101,9.295609350110016,9.765625e-05
01100011000001000000,16.858600428953785,9.765625e-05
01011110100010001110,22.623956305277524,9.765625e-05
00110111100010010000,19.924941905163777,9.765625e-05
00111001101101111001,22.66492365987951,9.765625e-05
01101111111011000111,15.282934366933652,9.765625e-05
01100100000000000010,14.205317807766441,9.765625e-05
10001101011001101100,15.726150291426169,9.765625e-05
10010011000001001011,19.461378852983948,9.765625e-05
01110010111110111110,24.288783054739984,9.765625e-05
11101100100110111010,14.517869591036057,9.765625e-05
01110010000000011010,17.70014383443105,9.765625e-05
11000100110001100001,14.467828722861839,9.765625e-05
00110111010011110001,16.282992140968595,9.765625e-05
11010010100000001101,14.11630226533057,9.765625e-05
10011110101110100001,15.763881136987633,9.765625e-05
11011100000010110110,15.059928033101322,9.765625e-05
11011110110100110010,14.56351171903071,9.765625e-05
11110001111010010001,14.136905917321059,9.765625e-05
01010010000001000101,17.459541629344713,9.765625e-05
00111111101001000001,19.387240700849524,9.765625e-05
10011110101110101100,18.916906210581665,9.765625e-05
11000111011101010000,12.503625532334036,9.765625e-05
11010000110000110100,12.386000942207168,9.765625e-05
10010110010100101010,17.02759684236814,9.765625e-05
01101001100000101000,20.741649079057545,9.765625e-05
11000100000000000100,11.0,0.0001953125
11111100110111101001,10.643673720473082,9.765625e-05
11011110111111101101,13.271419628864697,9.765625e-05
00100010001111011110,50.5148897150621,9.765625e-05
00011011011011111010,20.940240211893546,9.765625e-05
10001110100010111011,24.24485643746181,9.765625e-05
00111001000000000010,16.12579071552902,9.765625e-05
11100100101101011101,16.056086810418435,9.765625e-05
11010011000110001111,17.960331979012743,9.765625e-05
01111010110011001110,21.7663475933475,9.765625e-05
11110011111110001000,13.09671821389983,9.765625e-05
01010010000010111000,19.22698592110263,9.765625e-05
10010101011101000010,17.007457808799217,9.765625e-05
10011111111010011010,21.602647133833834,9.765625e-05
01110010111010001011,16.9189537585907,9.765625e-05
01101011100010110110,20.44362587113595,9.765625e-05
01111100101110111001,14.855396118108981,9.765625e-05
00001111101011000000,13.39572654463488,9.765625e-05
10010111100111101101,14.947120651351042,9.765625e-05
01110110011011001100,16.010766043903512,9.765625e-05
01110110011100011001,10.07491527879651,9.765625e-05
11011100001101001110,14.983695947520614,9.765625e-05
00011101010000110011,15.913763939763669,9.765625e-05
01100111011010010011,18.12145521768768,9.765625e-05
10010110000100001100,16.917260368883134,9.765625e-05
11000011110100101100,12.833164060178893,9.765625e-05
11000101010100100100,11.524298102398744,9.765625e-05
11111100111010110001,8.184703011736678,9.765625e-05
01010111011101011010,19.51483836812437,9.765625e-05
10111100111000100110,14.724994312720296,9.765625e-05
10000111101011000001,18.199976221240366,9.765625e-05
01001101011100001101,16.512696532183973,0.0001953125
00110111101001111001,19.970118065497942,9.765625e-05
00111101100100100110,15.462567814015433,9.765625e-05
00001111101011100011,18.138842674272688,9.765625e-05
11101101011000010010,18.200088030599392,9.765625e-05
11110011101000101000,20.921670732873096,9.765625e-05
11100001100110001000,17.285854395304177,9.765625e-05
01000101101011010010,38.13600646291836,9.765625e-05
11010110101001011110,21.15141812413666,9.765625e-05
01010110010100011111,13.645597776258132,9.765625e-05
10001011000010001100,26.110739454205536,9.765625e-05
11110011001100001100,20.079073286508155,9.765625e-05
10100000000101101011,43.65997153135912,9.765625e-05
10110101101101001011,14.30492999621573,9.765625e-05
01011011110111100110,15.681494020666038,9.765625e-05
11001011111011100100,15.768490251245822,9.765625e-05
10110100110000100010,12.49135967350453,0.0001953125
11110101110111011101,11.4058365279583,9.765625e-05
11100101100000111011,20.040417683335836,9.765625e-05
11100100001111101111,24.31058961979079,9.765625e-05
00111001111101101100,20.023256560935764,9.765625e-05
01101110011010110110,18.82557612566673,9.765625e-05
10011001100000011110,22.424583154173334,9.765625e-05
11001001001100000110,16.086870272891684,9.765625e-05
11110001010010111110,16.355464405127332,9.765625e-05
01011001011110000100,12.739381285429047,9.765625e-05
01011110000111010000,12.535938074574553,9.765625e-05
11100001100001001110,13.159798203856095,9.765625e-05
00000111111100011000,22.73749180576696,9.765625e-05
10010001001000010000,19.176873130564395,0.0001953125
01110100000110100000,17.783288421869923,9.765625e-05
01011100010000000111,10.983695947520616,9.765625e-05
00010111010111001000,11.427874727226264,9.765625e-05
10100001100001111100,24.292808743566983,9.765625e-05
11100100001100000010,14.14230527788208,9.765625e-05
10010111100101100011,17.03785525771039,9.765625e-05
11110101010101000101,11.617329767227869,9.765625e-05
11111110111111001110,19.79253536631039,9.765625e-05
00010100000100000000,13.161821869240917,9.765625e-05
11010001111101000001,15.951485637365554,9.765625e-05
11110001100000111101,15.693620350424762,9.765625e-05
11000001110000010100,10.605519368473628,9.765625e-05
10110110011100111101,25.106608088849477,9.765625e-05
00110101011101011001,13.268898020955564,9.765625e-05
10000111111110001101,22.311566220302346,9.765625e-05
01110011100010010001,18.47931410855267,9.765625e-05
01110011000111101011,22.344883169893382,9.765625e-05
11000111010100000110,16.248075941515857,9.765625e-05
11010100011100001100,12.18188720114459,9.765625e-05
11011100111010000001,11.092523742000598,9.765625e-05
11100100100101100001,13.3405383779107,9.765625e-05
00111100001001111001,14.945398975781698,9.765625e-05
10110100011010101010,20.183004348575444,9.765625e-05
11011000010000101111,14.331669659899799,9.765625e-05
11110001111001001101,10.614919783173882,9.765625e-05
11111100000000110010,19.645706141173548,9.765625e-05
00011110000111100110,17.585385852916804,9.765625e-05
00001111110001000110,17.332656240715572,9.765625e-05
11000111001111011001,14.660664241630673,9.765625e-05
00111100110010100100,15.692663121987117,9.765625e-05
10100001001001000010,20.486287828889388,9.765625e-05
00100111001001000000,14.905317857974651,9.765625e-05
11011000001000011000,14.854500918858335,9.765625e-05
01100110001011001001,19.699731902094634,9.765625e-05
01011001010010011001,18.362456861083913,9.765625e-05
01101100101001000010,11.471294341600855,9.765625e-05
11000011100011101000,13.884227837561426,9.765625e-05
00111101001111010011,9.531064550913655,9.765625e-05
00110111100001101111,20.995685724469165,9.765625e-05
11110001001110011110,19.272328769304355,9.765625e-05
00110011001000001110,17.581564823856095,9.765625e-05
01010010110010010111,22.136777151643404,9.765625e-05
00101101000000110110,17.772678656215763,9.765625e-05
11110100101110010000,11.667499303112717,9.765625e-05
11101111001111000111,30.458738438065197,9.765625e-05
10100101101111001000,18.54233903449653,9.765625e-05
01111110101110000011,14.81642870328918,9.765625e-05
01101111111000011111,18.45087214137317,9.765625e-05
00010111010000111011,21.759146788622587,9.765625e-05
11111100101100010011,9.08060612117813,9.765625e-05
01111000010010110010,12.386286182434421,9.765625e-05
11110100110100111000,6.132627763452359,9.765625e-05
11001100001101100111,15.274329247617013,9.765625e-05
00011011001110001001,16.57689720114189,9.765625e-05
01010110001101110001,16.819367674419624,9.765625e-05
01110110011110110000,12.972947730151844,9.765625e-05
01001110110100011110,19.58510061268955,9.765625e-05
00111101111000011111,16.199976221240362,9.765625e-05
11111010111010011010,21.487475967962958,9.765625e-05
11111001100010101011,22.842221940388086,9.765625e-05
00110111011110001111,15.826533168600502,9.765625e-05
11001101001001010001,13.512370795539319,9.765625e-05
01010010111010001011,26.51740434695681,9.765625e-05
10110101001011010110,22.002376278147118,9.765625e-05
11010000000000100001,12.181540018857536,9.765625e-05
11011100111001101011,13.102795287823408,9.765625e-05
01010111101101101001,31.171833446316953,9.765625e-05
11110001010101000010,11.867866011047091,9.765625e-05
10100101101001100000,15.092523742000598,9.765625e-05
10010011101110111100,23.772576532893694,9.765625e-05
10100100000000111010,22.39128058667344,9.765625e-05
11010100000111100111,19.0215421556481,9.765625e-05
01111001100111110000,18.444284641738587,9.765625e-05
10111101111110001100,16.729642552520772,9.765625e-05
01111100110011010001,8.691345580781853,9.765625e-05
01111001111111010000,13.133128710266467,9.765625e-05
10110100001111101011,19.069081805835605,9.765625e-05
11011101011111101111,14.907035278391948,9.765625e-05
00111101110101101101,14.068445938877689,9.765625e-05
01101100100110101001,19.97014712360881,9.765625e-05
01101101011100010011,12.55190390722259,9.765625e-05
01001110000110010001,14.051110847532017,9.765625e-05
11110100011100001010,10.072400636061976,9.765625e-05
11110110011111000100,18.822108520486417,9.765625e-05
00010111010111010001,10.148468656260809,9.765625e-05
11110100010110111010,12.441383691174718,9.765625e-05
01011110100111110000,14.184703011736678,9.765625e-05
00000111001100000001,16.055203370773235,9.765625e-05
01110011001011001110,18.83030486848281,9.765625e-05
10100101101010000111,23.157867172056626,9.765625e-05
01111100011110111010,10.016842383406026,9.765625e-05
00011101010110111000,17.45595367202526,9.765625e-05
00111101100111010011,10.999500511936525,9.765625e-05
11001110110110101010,16.143243047118617,9.765625e-05
11100101010100100111,16.84415494778903,9.765625e-05
00010101011110011101,30.099926486787403,9.765625e-05
11001010011100001011,35.38258965305949,9.765625e-05
11111001111001011100,14.230689426491974,9.765625e-05
11011100000011110110,14.428057735368062,0.0001953125
11001111101011011110,15.602647133833836,9.765625e-05
11000110010010111111,19.21252524672863,9.765625e-05
01010001101101101001,40.632072884679374,9.765625e-05
01010101011010110010,42.03891618748529,9.765625e-05
01100001000001000110,13.64369038252445,9.765625e-05
00110100001011100011,21.444139948430628,9.765625e-05
11011100010011101000,10.983695947520614,9.765625e-05
00011111110001011011,16.857513063963367,9.765625e-05
00110011100110011000,17.109822221526287,9.765625e-05
00011001100000100011,22.013136902415205,9.765625e-05
01111100111110000010,7.162939016671768,9.765625e-05
11001001100100000100,13.87456625076201,9.765625e-05
00011011100010011011,22.671212788806272,9.765625e-05
00011101000101010110,13.299444331199556,9.765625e-05
11011100010001011000,10.422077473894511,9.765625e-05
10100000010000110001,41.78553749071837,9.765625e-05
01110110100100001001,14.363080037715072,9.765625e-05
11010010100000010101,15.757596263212921,9.765625e-05
11011011100010101111,21.579756316140934,9.765625e-05
11110100100101010110,9.332656240715572,9.765625e-05
11000111110001100110,14.554082795136779,9.765625e-05
01011010001000010110,19.6315712034442,9.765625e-05
00110011110010101101,19.46372912522953,9.765625e-05
11010110011010001110,19.271773787166165,9.765625e-05
11001101010101111111,12.308822664213016,9.765625e-05
10110111111010001101,19.18918418186548,9.765625e-05
10011001110100100001,15.351972144032732,9.765625e-05
01100111000011001111,20.049887310377567,9.765625e-05
01001111000111000101,13.221066241653594,9.765625e-05
00110111000001101111,21.4604732441151,9.765625e-05
11011010101110101001,18.3107280715054,9.765625e-05
01101101111000000111,13.395726544634883,9.765625e-05
01111111110111000011,17.184792847762644,9.765625e-05
00110110001011100010,20.477717775853563,9.765625e-05
01011110010011010110,13.710521231446979,9.765625e-05
01111000001010111011,18.533936785553443,9.765625e-05
00111101011001101001,14.046588761310227,9.765625e-05
11111100001001100111,16.57005840094898,9.765625e-05
11011100010001110111,9.894536756656949,9.765625e-05
00000111000101000011,15.356475876029121,9.765625e-05
11001001100101010000,16.427698059054492,9.765625e-05
01000101110001100010,29.7099696937524,9.765625e-05
11001101011100011000,12.519251147869614,9.765625e-05
10011111001110111000,19.614032997461752,9.765625e-05
11000001100001110100,13.73406531257023,9.765625e-05
01101100110001000100,14.409531892849856,9.765625e-05
11010010000000011000,13.897195036979456,9.765625e-05
01110000010011000110,16.310107223092672,9.765625e-05
01100111111011001010,19.094629064044582,9.765625e-05
00111100100100110011,10.07682267253019,9.765625e-05
11000110110100111010,16.35113743967939,9.765625e-05
10110110101101101010,18.643673720473082,9.765625e-05
11100101010111000111,17.116766883752135,9.765625e-05
01111000111011100100,16.144386542637793,9.765625e-05
00110001110000000000,10.764119747219205,9.765625e-05
01001101010111010000,9.947323031566746,9.765625e-05
11001100100010101100,14.006269669725654,9.765625e-05
11111001011010000010,17.17434881263273,9.765625e-05
01110011110111111110,18.58029716074642,9.765625e-05
01010010010101000110,19.695970622670345,9.765625e-05
01011010101001001100,22.433916930759615,9.765625e-05
01001101010011100011,16.159890848281265,9.765625e-05
01110011111110101000,17.890676885481394,0.0001953125
00100111011001001100,17.64369038252445,9.765625e-05
01111001110000010100,12.000950986844298,9.765625e-05
11101100000010010110,20.032571874533254,9.765625e-05
10010011000001100001,17.96530972120039,9.765625e-05
11001100010010001110,14.57570906206833,9.765625e-05
11110000100010011001,14.546109999957773,9.765625e-05
00010110010011010001,15.02243807847999,9.765625e-05
01011010011110000010,14.008411505666057,9.765625e-05
10010001000000000110,18.138281966982337,9.765625e-05
01001110100110010111,17.532054281905772,9.765625e-05
11010100010001110011,11.925327402284672,9.765625e-05
11011100110111000110,11.220051239180997,9.765625e-05
01111000011100111010,14.741288679162729,9.765625e-05
11010001010010110100,13.825333455425362,9.765625e-05
01011100111100010001,9.50015991359502,9.765625e-05
01001101010110101011,21.470038018874146,9.765625e-05
11010110110101001100,10.293769416448237,9.765625e-05
10110101011110000011,16.671212788806272,9.765625e-05
00110111010100011011,15.213129051285877,9.765625e-05
01111100011101100101,8.44138369117472,9.765625e-05
11011111110110010100,17.620936547704027,9.765625e-05
11001110110000100011,19.82316080910452,9.765625e-05
11000101011100110000,14.835963648873417,9.765625e-05
10100101010111001000,20.13787003464592,9.765625e-05
01110100010110100011,14.423194621325365,9.765625e-05
00011011001100101110,20.07491527879651,9.765625e-05
11110110001111000110,22.701020385189032,9.765625e-05
10011101100101000001,11.99551529789074,9.765625e-05
01100111010110000111,18.064392541178755,9.765625e-05
10001101001100001011,18.614316164120513,9.765625e-05
01110110110010110011,15.710340209746477,9.765625e-05
01110110100001110011,18.517638974667403,9.765625e-05
01111001001101011110,16.576897201141893,9.765625e-05
11011011111111001000,15.624511287415713,9.765625e-05
11100001100001101000,14.046708477404977,9.765625e-05
01111011110001111111,21.597738739782706,9.765625e-05
11110000000110100100,14.958899711695508,9.765625e-05
01110100001010010001,16.166442743104557,9.765625e-05
00001110110110001110,29.024959686389117,9.765625e-05
01110100001000000111,16.79271285644008,9.765625e-05
11110001100100100010,15.037021276938301,9.765625e-05
01010011010110110100,13.885181534428266,9.765625e-05
11110100111111010010,10.806632109218757,9.765625e-05
01111000111000000000,7.988710018100807,9.765625e-05
11010011001001110100,17.816512825412453,9.765625e-05
11010010100111011000,16.73615906051264,9.765625e-05
00100111000100011001,19.662589031836788,9.765625e-05
01110100000101001001,12.90054438406733,9.765625e-05
01110010010101001001,19.604375698290397,9.765625e-05
01011110001011100111,18.788587743517184,9.765625e-05
11011100010001101011,10.906171210820656,9.765625e-05
01001010101000100100,22.952648690462517,9.765625e-05
11010011111010010110,17.82018093313056,9.765625e-05
11101101111010110111,13.853523594765527,9.765625e-05
10010011110000100010,17.46813062514046,9.765625e-05
11001101010110011110,13.48069213381542,9.765625e-05
00010110001000001000,18.36377440228918,9.765625e-05
00111101111010100001,15.48632967529403,9.765625e-05
11011111111011010111,18.08360306223411,9.765625e-05
11111110010100110111,31.52250833030346,9.765625e-05
11000001000100001110,16.409531892849856,9.765625e-05
01110010111101000010,16.538494367370035,9.765625e-05
11000011000010001011,19.135056297622327,9.765625e-05
01011110110100111111,15.470038018874144,9.765625e-05
10110011011101101011,24.17870871069745,9.765625e-05
11000111110000101001,15.140201843902716,9.765625e-05
01111100111001100110,10.75819029460601,9.765625e-05
11110100001111111100,16.487241525756232,9.765625e-05
01100111101101000100,13.996832839096003,9.765625e-05
11110100010101000011,8.88702844410446,9.765625e-05
11000100100010010001,15.099974280518136,9.765625e-05
10001101101100100110,17.162136178418855,9.765625e-05
01111011010010011110,20.27834889074125,9.765625e-05
01101101111100000010,12.632467126276094,9.765625e-05
10100100001100000000,18.54436343430242,9.765625e-05
11011100011110100111,9.786750519877947,9.765625e-05
11001100101011000000,13.16809153896657,9.765625e-05
10111100100110111011,14.409768321497872,9.765625e-05
10000101000111100010,20.442431490469048,9.765625e-05
11011100001001010010,14.43966554717618,9.765625e-05
01011001110001000111,16.59018132138372,9.765625e-05
11010011010010000110,14.53395073758227,9.765625e-05
10110000000110100011,23.13312871026647,9.765625e-05
11111100011100101011,9.871761476194122,9.765625e-05
10011100011011001100,19.03220595662633,9.765625e-05
11000111011110011000,13.737150865073254,9.765625e-05
11011001100000000111,18.96362166400105,9.765625e-05
11011110111110111000,10.640002081184166,9.765625e-05
01011110101111010110,16.533936785553443,9.765625e-05
01110011100000110010,21.664763740886304,9.765625e-05
01111111111010111101,20.269624338757303,9.765625e-05
00111111110100011011,18.586336839761103,9.765625e-05
01001110111001001000,17.211038736947256,9.765625e-05
00011110010100101010,16.05520337077324,9.765625e-05
11001101000011101001,16.366291842173453,9.765625e-05
11100101110100001100,11.927554083929596,9.765625e-05
01110001010101011101,15.026388422135547,9.765625e-05
11011101010100101110,16.63253187632545,9.765625e-05
10111001100000010110,22.90531785797465,9.765625e-05
00001101100000101001,22.69303872593099,9.765625e-05
00101101001000011110,17.89870371598449,9.765625e-05
10100111011100101010,25.299444331199556,9.765625e-05
00110111101101001001,12.729522836426023,0.0001953125
11110001011000110001,13.299444331199552,9.765625e-05
01110110010011001010,16.40297543735778,9.765625e-05
11110110100000001110,22.625877651040035,9.765625e-05
10110100100100101111,15.640873113930052,9.765625e-05
11001110101011001100,17.757596263212918,9.765625e-05
11100111111010001000,18.995778798208327,9.765625e-05
00011111001100100011,17.331486113680626,9.765625e-05
00111101010100110000,13.77267865621576,9.765625e-05
10011100000010100101,15.724046857446805,9.765625e-05
00110111010000100110,21.174348812632726,9.765625e-05
01110100010101010001,5.7870302420930955,9.765625e-05
11000111111011000111,19.00230528650441,9.765625e-05
11011000000000101110,15.420837813219174,9.765625e-05
11111000101101111010,17.04449148179701,9.765625e-05
01000110000001010001,13.523690864237707,9.765625e-05
00011111011000011111,18.55688964327316,9.765625e-05
01000010110100010000,25.4308562683426,9.765625e-05
10110100111010001001,15.695970622670348,9.765625e-05
10001101000111011000,15.52369086423771,9.765625e-05
00011101011100111011,18.77641423484559,9.765625e-05
01001111110011111110,14.533936785553438,9.765625e-05
10010101010011010111,20.346910279721804,9.765625e-05
01001111011001011010,13.87176147619412,9.765625e-05
11110001011011100000,14.847794437550071,9.765625e-05
11011100010100101111,9.480692133815426,9.765625e-05
01111100010110100100,10.603964675039103,9.765625e-05
11110110110101100000,14.661963134343267,9.765625e-05
01111001111101001011,15.528090622265777,9.765625e-05
11111100111000110010,7.664798317009273,9.765625e-05
01101101011101001111,14.643673720473084,9.765625e-05
01000110000101001111,21.220051239180997,9.765625e-05
10000110101000101011,27.18498617839544,9.765625e-05
11001100100010001010,15.3599030928071,9.765625e-05
11001100101111111001,16.595179562710285,9.765625e-05
11011001011110101000,13.963624374023592,9.765625e-05
00111100011011010001,11.687568373727261,9.765625e-05
01011001011011001100,17.39556916100016,9.765625e-05
11001100110110101101,16.012539339451312,9.765625e-05
10011101111100001101,15.09180719736302,9.765625e-05
00100101011100010100,18.372205280029146,9.765625e-05
11110011111111010100,14.585202844775006,9.765625e-05
11010011010100101010,14.241141259594222,9.765625e-05
01101100001110100000,13.301615225250824,9.765625e-05
11000111010010001100,12.869241326287305,9.765625e-05
11011001110001100011,14.10640469078526,9.765625e-05
11110001100110100111,17.91264690109621,9.765625e-05
01000110001011100010,25.29469396807701,9.765625e-05
01011001110100000010,15.825333455425364,9.765625e-05
01110111101101011010,21.304656515593926,9.765625e-05
11011011101011000001,22.88136257893605,9.765625e-05
11001111110011011010,14.450872141373166,9.765625e-05
11101100101100011010,13.025613994699636,9.765625e-05
01000011001000011010,20.388158705777872,9.765625e-05
00111111111101001110,15.049990364420946,9.765625e-05
00111100000011010010,13.423265612968075,9.765625e-05
00101111101010110100,20.103761467876943,9.765625e-05
00011111001111110010,14.326732306114478,9.765625e-05
10010001000001100100,15.708828526451647,9.765625e-05
11001100100000000001,12.015673703533574,9.765625e-05
11001101100000110110,13.945446769512428,9.765625e-05
10011100100101011000,13.735019009437073,9.765625e-05
01111001110100110011,14.515785823397863,9.765625e-05
11100100111000100001,13.170901831546558,9.765625e-05
01001011011001000110,15.87637059045231,9.765625e-05
00111111111111010111,12.940400218013945,9.765625e-05
00100000000000110001,34.989657473374294,9.765625e-05
01001100000100001001,14.904983071747093,9.765625e-05
01111001110011001110,15.53242699032323,9.765625e-05
10010110100001110000,17.586709635715415,9.765625e-05
10111101101111110101,14.01682301133211,9.765625e-05
11001101010001011100,10.422077473894511,9.765625e-05
00110111110001110001,14.857513063963363,9.765625e-05
00110001100001100000,16.58753883289647,9.765625e-05
01111000001011101011,20.16066153700632,9.765625e-05
10101000101100110010,36.54501523973045,9.765625e-05
10011100010111010010,16.442431490469048,9.765625e-05
01111101100111000110,18.310657901410963,9.765625e-05
00110111100111001001,12.990580995905091,9.765625e-05
11100001001000001000,15.519320360211093,9.765625e-05
01110010111110001110,18.039383123285454,9.765625e-05
11110111111110011101,14.727328744462774,9.765625e-05
01011110011100000101,11.898703715984485,9.765625e-05
01011001000011110110,19.93660843256798,9.765625e-05
11110001110101100111,11.134817501886879,9.765625e-05
00010111010101000011,11.857455289928422,9.765625e-05
11011011111001010101,19.785921224320212,9.765625e-05
00001111100000101001,19.69931463724999,9.765625e-05
00111101110111000011,8.818146847287718,9.765625e-05
10110011001110011000,22.960399439084647,9.765625e-05
01001111100101010101,13.836628955336662,9.765625e-05
00110011111000000111,15.814055047627743,9.765625e-05
10100001000110100001,27.885181534428266,9.765625e-05
01110111111001100001,20.61045910093452,9.765625e-05
00100110000010011001,23.810441916794844,9.765625e-05
01110011011001001101,13.31702326736146,9.765625e-05
00110011110110000010,13.735923796347999,9.765625e-05
01100100001001000001,14.649722165599778,9.765625e-05
11001101111011010010,13.470038018874142,9.765625e-05
00010110100100001000,15.192830000756732,9.765625e-05
00010110000010101001,19.15141812413666,9.765625e-05
01101101111011010010,11.45080114973046,9.765625e-05
01011110011111010011,10.18460640642671,9.765625e-05
11011110011011001001,16.087442211348506,0.0001953125
10010111010011100001,15.304034073383832,9.765625e-05
11010110010011111010,15.490042132299262,9.765625e-05
00011110001110100101,14.917512725161451,9.765625e-05
11110001000101010011,17.10086778759475,9.765625e-05
11010011001001001110,19.5806689010242,9.765625e-05
11010001010100111001,13.871385872250247,9.765625e-05
00011100000100011101,15.735019009437073,9.765625e-05
11111011010001110001,39.041638706358334,9.765625e-05
11011111110111100111,15.556763685585068,9.765625e-05
00111101100001001011,17.211565395395645,9.765625e-05
11011001010010100111,13.880125628283253,9.765625e-05
00111111101101101000,17.88805313261401,9.765625e-05
10011100000001110001,13.40251831254979,9.765625e-05
11000111101101100101,16.279372757702536,9.765625e-05
11011100110101111001,6.766315825623745,9.765625e-05
00011101000000010011,18.283213980385415,9.765625e-05
01000110001011111000,22.101850542572457,9.765625e-05
10111101010110001011,20.04634192304401,9.765625e-05
00110101000110010001,15.372461167878273,0.0001953125
00110111110110011111,16.14976841918952,9.765625e-05
01110011011011001000,13.815976393390255,9.765625e-05
01101100001110101110,17.80453836127635,0.0001953125
01111100000010010111,13.53587061450265,9.765625e-05
11100011100110101110,19.644813771548648,9.765625e-05
11110001110001100110,9.655824765653758,9.765625e-05
00011110101111011001,16.46900364432764,9.765625e-05
01111011101111010001,20.282992140968602,9.765625e-05
01101111001110110100,19.115079871432958,9.765625e-05
11001110100110110000,14.899588934930911,9.765625e-05
10110101100101010000,10.832864965889833,9.765625e-05
01011101001101100001,20.365591236006004,9.765625e-05
10010111010111111001,12.81359895150808,9.765625e-05
11111101111101011101,11.46369120303963,9.765625e-05
11110010101010011110,19.00723223067153,9.765625e-05
01110011111011000110,13.390248834612617,9.765625e-05
00110011110011000001,14.10299945772706,9.765625e-05
00111101101001010110,13.775448131079434,9.765625e-05
01100111001110010111,18.121455217687675,9.765625e-05
01100110010110011000,17.388017260613275,9.765625e-05
01101111011010001010,20.60008096949753,9.765625e-05
11010011010010111110,14.887028444104459,9.765625e-05
10000010110111011011,58.26097842336053,9.765625e-05
11000111011101100011,19.122570477053912,9.765625e-05
00011010111111010110,39.15593334310742,9.765625e-05
10010101010001011100,15.48974720603505,9.765625e-05
01101001101000000110,13.04484564009848,9.765625e-05
01011110110111010011,11.471804250870669,9.765625e-05
01010011000100000111,17.48723881573369,9.765625e-05
11011000100010000000,13.340892536212168,9.765625e-05
00100111000000100010,21.852936539386853,9.765625e-05
01001110001001111010,17.24678673484021,9.765625e-05
01101001011001101011,21.271419628864695,9.765625e-05
01011011011000101111,17.880125628283253,9.765625e-05
00011111010000001000,18.863678515162277,9.765625e-05
11110011101111100100,17.606286623594883,9.765625e-05
11011100011011011100,12.181228430541957,9.765625e-05
11101101101001101100,15.892180966399263,9.765625e-05
10000111111011110010,24.867891108273163,9.765625e-05
01001011111100110100,20.470359293226675,9.765625e-05
11101000111100100110,24.341803663093117,9.765625e-05
11001100110010001000,11.920323741322685,9.765625e-05
00111001001110001100,17.643690382524454,9.765625e-05
10111000111100101111,27.828627738500835,9.765625e-05
00001111111011110011,20.407870097359954,9.765625e-05
01000111000001111110,18.844154947789022,9.765625e-05
11100111100010101010,25.73735344117955,9.765625e-05
11110000011101010010,15.772576532893694,9.765625e-05
00111001110011001101,20.795688193381437,9.765625e-05
11010100001101011101,13.780766813960792,9.765625e-05
11001100011010011010,13.125043996965047,9.765625e-05
00000111110000000110,20.24705125300631,9.765625e-05
00100011001010001000,19.459541629344713,9.765625e-05
11000101000111000100,13.313898763980209,9.765625e-05
11011001011110101010,15.844142464602328,9.765625e-05
00111100001100100011,7.763881136987633,0.0001953125
00010000000011000001,26.45947687929535,9.765625e-05
01001001000000000111,16.983695947520616,9.765625e-05
01001011001000111101,20.327060545641608,9.765625e-05
01011011001111011101,17.857455289928424,9.765625e-05
00011111001111100011,13.179894238125144,9.765625e-05
01011101010101011011,15.068619260982528,9.765625e-05
00001111101001001011,18.444284641738587,9.765625e-05
01111101010110010110,13.535870614502649,9.765625e-05
11100101111101111100,12.784235877143416,9.765625e-05
11011100011000101011,11.550343695775966,9.765625e-05
10111101110000011110,20.90531785797465,9.765625e-05
00110100010100011010,14.571247176476586,0.0001953125
01101111111111011010,14.80473023349718,9.765625e-05
00110010001010001101,23.704341016352824,9.765625e-05
11001100100010011011,14.891736150113914,9.765625e-05
11010110011100011001,9.52369086423771,0.0001953125
11100101011101011101,13.787030242093099,9.765625e-05
00100101101011000110,23.42588936583546,9.765625e-05
11001110011010010000,17.350254000034198,9.765625e-05
11100100101001001010,15.163915617183326,9.765625e-05
01100101110001001000,17.10186376018022,9.765625e-05
00011101011001011101,16.372365286149545,9.765625e-05
01001111011000101010,19.059928033101322,9.765625e-05
01111001100001010010,17.041684720787828,9.765625e-05
10110001000011110000,20.57689720114189,9.765625e-05
11011100100100010011,9.823160809104522,9.765625e-05
00111100110010101000,16.24705125300631,9.765625e-05
00111100011001000001,9.698222488668542,9.765625e-05
01011110010111000101,11.622654691702566,9.765625e-05
11010110011011011111,17.604365277832375,9.765625e-05
10111110100010010001,31.223941284282944,9.765625e-05
10001000011000010000,36.52083248365973,9.765625e-05
11011011101100111010,21.876486138522203,9.765625e-05
01001101110001011101,15.78076681396079,9.765625e-05
01011111011111111000,14.184693325699726,9.765625e-05
00111101100101010101,11.463691203039632,0.0001953125
11010010001010000000,16.31108222980687,9.765625e-05
11000110001010111000,15.931223970948935,9.765625e-05
11001101110001100001,10.950383693983758,9.765625e-05
10010001010010000100,16.05604225399125,9.765625e-05
10010110101110100011,22.55494957273061,9.765625e-05
01001111010001111100,12.745072127810666,9.765625e-05
00001111010101000110,18.599846527290804,9.765625e-05
11111000001100101010,15.6315712034442,9.765625e-05
11101101111001110110,9.76388113698763,9.765625e-05
01110011000100000110,16.951066396919437,9.765625e-05
10011101001111110101,13.745893625396064,9.765625e-05
01101100011100001110,15.66632812035779,9.765625e-05
01111100110110011001,9.768490251245822,9.765625e-05
11110100001101001101,12.38437878870074,9.765625e-05
10110100100010110111,20.423194621325365,9.765625e-05
00011110100100111011,18.07682267253019,9.765625e-05
10110100110001001100,15.192418802841384,9.765625e-05
11101000111011101111,31.20546804072269,9.765625e-05
10010011110000000100,14.010284763430574,9.765625e-05
11010111111001011011,19.970118065497946,9.765625e-05
10011101010001011110,18.163010008314473,9.765625e-05
01011101100101011000,23.118581818564515,9.765625e-05
01111101111101110110,10.159890848281266,9.765625e-05
01011011000111011001,19.10086778759475,9.765625e-05
10010110001100101010,19.89684087867799,9.765625e-05
10001101000001100010,13.91282617052714,9.765625e-05
01001101000011010111,13.759146788622589,9.765625e-05
11010100000100000101,10.086254072274942,9.765625e-05
11110000000011111110,21.446979386248685,9.765625e-05
10001010101001001010,38.69547965616046,9.765625e-05
00110100000100100010,13.471294341600855,9.765625e-05
10011011100011100000,19.988005967489737,9.765625e-05
00011111101111011011,16.46421703993975,9.765625e-05
11100001110010101011,21.647322161850017,9.765625e-05
01000111010110000100,12.072400636061976,9.765625e-05
11011100011011000000,10.983695947520616,9.765625e-05
01001110001110100000,13.90839987890687,9.765625e-05
11101101011011111011,16.455573900056535,9.765625e-05
10100101100100010110,16.815561838568154,9.765625e-05
01100110111000000011,17.70103278124853,9.765625e-05
11111001111100101011,13.736207148510633,9.765625e-05
00110001010000001001,14.814534440036063,9.765625e-05
01111000001000101011,16.554082795136782,9.765625e-05
01110010110000001010,12.660845077827299,9.765625e-05
10110011100100101010,18.820251924773267,9.765625e-05
01011000011110001111,22.19896121876777,9.765625e-05
01011011110001001101,16.765798852802657,9.765625e-05
11001001110000000010,13.346519362965495,9.765625e-05
10010110100001001001,14.38437878870074,9.765625e-05
01001011100000101010,20.871148720020987,0.0001953125
00011110000011100011,15.675995225169306,9.765625e-05
10011001100100110010,18.886167097395536,9.765625e-05
00011100011100000001,8.671948705517766,9.765625e-05
00011011001011100000,15.88012562828325,9.765625e-05
10100101101100010001,16.357471125033342,9.765625e-05
10010001100001010110,22.098019093053725,9.765625e-05
01000110110101100100,22.055486537431996,9.765625e-05
10110101011110110110,20.53393678555344,9.765625e-05
10000111101000111011,24.678882663858154,9.765625e-05
10001111111010011101,22.3107280715054,9.765625e-05
00011100001010100110,21.027629650029695,9.765625e-05
00100010011000001101,43.05227128853001,9.765625e-05
10010111011101101000,14.165820300894465,9.765625e-05
11001111111011011010,14.517648660704358,9.765625e-05
01100110100001000100,16.91499881684798,9.765625e-05
01011010001010100000,16.07717683083166,9.765625e-05
10010101110100110001,14.833163336597645,9.765625e-05
11110100010101110110,10.731549946254448,9.765625e-05
01011110100101110011,16.01661074918886,9.765625e-05
11110001110100001101,8.814534440036065,9.765625e-05
01011010000100100111,21.56910741410468,9.765625e-05
10110100010000011000,14.680486903292984,9.765625e-05
11001101011000010000,12.232001770984056,9.765625e-05
11010001010111110100,14.542670289153278,9.765625e-05
01111001000010111101,23.041684720787828,9.765625e-05
11110101010100010100,13.270055643167627,9.765625e-05
00111111111110100100,15.599830599660502,9.765625e-05
01101100001100101010,15.301615225250824,9.765625e-05
00001111011001010000,15.058013663353224,9.765625e-05
11011001010010100010,14.381340306347195,9.765625e-05
10011011111010001100,19.404106624354313,9.765625e-05
11010110111110111101,14.931886480262435,9.765625e-05
11011000100000010111,16.740341223889235,9.765625e-05
00110001000000010011,17.04539093619971,9.765625e-05
11001111101111000010,18.315449289389882,9.765625e-05
11011011010011110001,20.446095223022233,9.765625e-05
00110101001111100111,21.32490840884639,9.765625e-05
01000111001111101001,23.646541787088015,9.765625e-05
00011101111000100101,20.544954755672965,9.765625e-05
11111101101100010011,19.638819547249902,9.765625e-05
01011100000000110011,14.628438618663168,9.765625e-05
10110100101111010001,14.405933340408334,9.765625e-05
11101101101010001010,22.810827490203117,9.765625e-05
01011110110010010001,11.025393064367938,9.765625e-05
01101101011010010011,13.726493305688372,9.765625e-05
01111100100111011111,13.966841510990204,9.765625e-05
00001011100001011010,25.885181534428266,9.765625e-05
10110100111101000100,14.229738439647676,9.765625e-05
11110001100110011100,15.210286598338204,9.765625e-05
00110111111101111111,18.659771137584702,9.765625e-05
11000110011100010111,22.52368462264436,9.765625e-05
11011100010110000001,7.583899343135428,9.765625e-05
01001110100010110001,15.561591107689267,9.765625e-05
11100101010000010001,15.393901815022158,9.765625e-05
11010110001110001100,17.046708477404977,9.765625e-05
11111100111010111010,10.434853965575083,9.765625e-05
10110101001110011001,19.372461167878274,9.765625e-05
11011001110110101011,17.021542155648095,9.765625e-05
00111101110001011010,15.045390936199706,9.765625e-05
10100010011001101110,51.46145526467174,9.765625e-05
11011011100011101101,19.220899171981912,9.765625e-05
01101100110000111000,15.421090893078738,9.765625e-05
01010110000001110000,17.69931463724999,9.765625e-05
00011111111001111000,18.279372757702525,9.765625e-05
01010110010101010110,13.885181534428265,9.765625e-05
00100111100010111110,24.366891195234953,9.765625e-05
11001101001110111001,16.19317199717042,9.765625e-05
01110100000100000101,10.46944472190212,9.765625e-05
00011111011011101101,14.377334076721313,9.765625e-05
01001111111100111101,17.486364251416997,9.765625e-05
00101000101010000100,30.155783110151173,9.765625e-05
10011101010101001011,13.443568097101009,9.765625e-05
00110111011001100001,15.304034073383832,9.765625e-05
11010111110111011110,14.320886866408058,0.0001953125
11001001000100111111,20.640002081184164,9.765625e-05
01010111000011000001,24.63059542448091,9.765625e-05
10011111000011100011,23.24676120830015,9.765625e-05
11001111110011011100,12.241141259594219,9.765625e-05
01110000000110110000,17.229796213682622,9.765625e-05
11011100010011101011,11.736207148510633,9.765625e-05
01000110000000101001,18.928514022389784,9.765625e-05
01010110010100100110,16.91690621058166,9.765625e-05
01100010000111011001,34.05470598800594,9.765625e-05
11000101000011001110,20.72964255252077,9.765625e-05
11110001100001010001,13.686026897900497,9.765625e-05
11001100100001011000,10.904983071747093,9.765625e-05
01111100011111000001,6.643673720473083,9.765625e-05
01111011111111101010,16.707456215501235,9.765625e-05
11110100000000010101,13.27005564316763,9.765625e-05
00110110101111001001,15.084951549614864,9.765625e-05
11000111110000010110,13.898703715984485,9.765625e-05
11110001100011001110,18.02194673016598,9.765625e-05
11000111011010110111,19.85352359476553,9.765625e-05
11101100100001100110,15.6315712034442,9.765625e-05
11010110011100000011,14.844154947789026,0.0001953125
01101001001001100010,15.160867448792828,9.765625e-05
11001001000010000000,15.297951579824833,9.765625e-05
01111100111010110101,10.442431490469048,9.765625e-05
00001010001101100010,39.62274080026713,9.765625e-05
01101001101001101001,23.007457808799217,9.765625e-05
00110100001101100001,13.074234328130409,9.765625e-05
10010101010001100011,17.0265171878132,9.765625e-05
01111101111110111001,19.14264205055093,9.765625e-05
00000000001010011010,49.2024302819504,9.765625e-05
10010111101100001000,18.82444377418682,9.765625e-05
11110101111001100111,16.47963912161607,9.765625e-05
10010011010010110000,17.99778653596284,9.765625e-05
11011100100001111000,12.897158708586913,9.765625e-05
11010011000111000101,15.461378852983948,9.765625e-05
10100100111111000100,31.495008114881465,9.765625e-05
11010100010100111101,8.82563806772653,9.765625e-05
11111101110011111111,15.37080090667807,9.765625e-05
10110100110001000011,11.446979386248685,9.765625e-05
10101101101010110010,18.069245147636224,9.765625e-05
11000111011110000001,17.02539306436794,9.765625e-05
00111100011000010001,9.896840878677988,9.765625e-05
00101101101000010110,14.632467126276094,9.765625e-05
11100101100110110001,18.113775460708254,9.765625e-05
11001101000000110000,15.047579537182514,9.765625e-05
11110100110000000110,9.645951934559601,9.765625e-05
01110001001101000110,14.603486017051852,9.765625e-05
10010101110001110000,16.293168419880544,9.765625e-05
01001111001101010111,14.124491088395356,9.765625e-05
10111000101110110111,28.60070706329128,9.765625e-05
00101000010010001100,40.42579066532081,9.765625e-05
11000111110101010110,12.310728071505405,0.0001953125
11010110001101001000,15.26814127341953,9.765625e-05
11110001101101100100,12.54459163491579,0.0001953125
01100110101111011100,20.16154747953399,9.765625e-05
00100111010011001111,21.120312271085695,9.765625e-05
01000111000000011000,16.809018688220696,9.765625e-05
11001100011000111110,12.82656585665885,9.765625e-05
10010011010010001000,13.46622323140678,9.765625e-05
10001001101000100010,20.18220151032253,9.765625e-05
00110111111100110110,18.53393678555344,9.765625e-05
00111101101111001101,14.884050347431735,9.765625e-05
11010110110100101000,9.767341237714543,9.765625e-05
01011100010011001101,14.276446917052652,9.765625e-05
01110101010111110001,16.528263944370618,9.765625e-05
11011110111100000111,17.02539306436794,9.765625e-05
00111111101111110110,15.372702058818401,9.765625e-05
10010011011011000101,19.944710667297063,9.765625e-05
10111101111010101010,18.839408116237287,9.765625e-05
01100000110010000000,20.120261560602017,9.765625e-05
11011101010011001110,19.374698564248476,9.765625e-05
10100111101010011000,20.943059983370425,9.765625e-05
00011011101011001001,19.707479119145958,9.765625e-05
11011000000011100001,15.95378529709448,9.765625e-05
10001101010010100011,17.76388113698763,9.765625e-05
10011101001001100101,15.909190037672847,9.765625e-05
00010111010101110111,17.393672999590923,9.765625e-05
00110000000000110000,19.211038736947256,9.765625e-05
11011001000101101110,16.44330503693723,9.765625e-05
11010111110111010011,14.999500511936525,9.765625e-05
01111010111010001001,16.959380992168445,9.765625e-05
00110011110011010010,17.36174564895456,9.765625e-05
01110001100101010001,15.312812133410855,9.765625e-05
00000111000010000000,14.628703136829262,9.765625e-05
01101001110010000001,18.48628782888939,9.765625e-05
00110100110000000101,12.941586898336876,9.765625e-05
01110011010011100010,16.820068193050226,9.765625e-05
01101111101010110000,21.20659485255431,9.765625e-05
00110111111110111001,18.746420185877426,9.765625e-05
11000011010110101100,13.803353753773596,9.765625e-05
11010110000010000011,21.597987221555115,9.765625e-05
11000101010111100101,15.074234328130405,9.765625e-05
00011111011100010101,14.103761467876943,9.765625e-05
00111001100000000110,15.108471660577038,0.0001953125
00111011101111101011,20.121580560557913,9.765625e-05
00110111111010001000,18.744535695788468,9.765625e-05
11110100110010011110,13.178808760451025,0.0001953125
10110000100000111100,22.45528938341053,9.765625e-05
11011000110110010011,16.329826488934472,9.765625e-05
00101000101000100110,30.115697737192075,9.765625e-05
00011111100111010010,14.517638974667403,9.765625e-05
11010011011011110110,18.452641817813305,9.765625e-05
10100001011101011100,35.467453118917966,9.765625e-05
11001100010001110101,13.642105515163532,9.765625e-05
11110001111011000100,11.34844604123623,9.765625e-05
11100111101101111111,17.742771744500498,9.765625e-05
01000111100111000011,21.521287416044338,9.765625e-05
11001001001101000100,15.47717498263481,9.765625e-05
00111000001010000010,14.451155308031932,0.0001953125
01011000000001001110,20.433916930759615,9.765625e-05
01101001101101101010,21.596063078642864,9.765625e-05
11010010101000101110,21.536208758046612,9.765625e-05
00010011000001011100,17.43199287497456,9.765625e-05
11110100100100000011,9.445261242250147,9.765625e-05
00111100010000001010,14.000950986844302,9.765625e-05
01010010000001010000,15.75759626321292,9.765625e-05
00000010011000011011,46.68887967333917,9.765625e-05
10011011100100111111,26.51764866070436,9.765625e-05
01111010110110100101,22.136905917321055,9.765625e-05
11010110000000001010,21.909436005722952,9.765625e-05
10110101011111101000,17.06635219093528,9.765625e-05
00011011000001101001,19.96530972120039,9.765625e-05
10010001100001111000,21.489747206035055,9.765625e-05
01011011001111101110,18.942161557656057,0.0001953125
11011011011111011110,18.671212788806272,9.765625e-05
00110010101010000101,22.612761285182113,9.765625e-05
11001001011000111010,15.628721785321927,9.765625e-05
00000111000110000010,16.85939527334378,9.765625e-05
11000111111110101000,18.51986212474152,9.765625e-05
11000111100100001101,13.917873125056266,9.765625e-05
11011001011100101100,11.548683140308501,9.765625e-05
11010111011101111000,14.614306478083556,9.765625e-05
01101101111111000010,12.423194621325365,9.765625e-05
10001101111010110000,18.00659022049694,9.765625e-05
00110101101000010001,19.39198400083045,9.765625e-05
01011100010111001111,14.601564671289342,0.0001953125
01001011001010100100,14.07717683083166,9.765625e-05
01111101010011110010,16.98242649431334,9.765625e-05
11100100010010110000,14.391280586673439,9.765625e-05
10000111001000010000,18.827227424411223,9.765625e-05
10110101100001010111,15.213415015094373,9.765625e-05
11101101111001001111,14.57689720114189,9.765625e-05
00010011010011010011,20.797056826874492,9.765625e-05
11100101111000011100,12.35400278543197,9.765625e-05
01010010000010001000,15.162059755891244,9.765625e-05
01111011001101111011,24.73147831815769,9.765625e-05
11000011010010001100,10.116302265330567,9.765625e-05
00011011000100101001,19.324182792989717,9.765625e-05
00011110011011110101,19.34292081052397,9.765625e-05
11111100110111100100,11.33265624071557,9.765625e-05
01100101100000000111,20.598892830423967,9.765625e-05
11111100001111010101,14.867020886235732,9.765625e-05
01110011001100111101,19.710521231446982,9.765625e-05
11100100011001110100,15.170901831546558,9.765625e-05
01000011000010001000,14.56281629873662,9.765625e-05
11110110101010111010,21.742013353458272,9.765625e-05
10011110110010001011,18.57689720114189,9.765625e-05
01000110000011001000,15.588508457393619,9.765625e-05
11001111101110111101,15.393547656720688,9.765625e-05
11111000001001100010,17.39164026298701,9.765625e-05
11100100110010111001,16.466183371443435,9.765625e-05
10100101100000101010,19.783288421869923,9.765625e-05
11100111111110101011,21.710340209746477,9.765625e-05
11110010000001010001,28.413926329209517,9.765625e-05
00011011111100000000,16.075210928641965,9.765625e-05
10110101111110000101,15.003281887015973,9.765625e-05
10110110001011001010,23.46137885298395,9.765625e-05
11000000010100110000,21.56568780979516,9.765625e-05
01001111010101100100,13.241114617238635,9.765625e-05
11110110111011100100,17.80107627410814,9.765625e-05
11100101001101001101,15.51800281900583,9.765625e-05
10111100110111100110,17.782860561903203,9.765625e-05
11011100010010110111,9.763881136987631,0.0001953125
11010011011000011001,14.316699370523239,9.765625e-05
10110111100101011111,17.820125967085175,0.0001953125
00111001001011000100,14.922061355362153,9.765625e-05
00111100101010001011,15.15786717205663,9.765625e-05
01011100010101000111,9.701032781248529,9.765625e-05
01110110010101010000,11.774555652691149,9.765625e-05
01111100010100011101,11.470392177175613,9.765625e-05
01101001110011111001,26.177023363520647,9.765625e-05
01111011001111110001,22.73147831815769,9.765625e-05
01010010010110001000,12.654331279857969,9.765625e-05
01000001001110111111,45.326043040286535,9.765625e-05
01010010101000100000,23.11951127263921,9.765625e-05
11010010001000100000,16.640356239485634,9.765625e-05
10011101111001010001,13.644280235052861,9.765625e-05
01101101111011110100,12.442431490469044,9.765625e-05
11100110101110111000,17.98630555205893,9.765625e-05
10010011000111100000,16.470879699241898,9.765625e-05
11011011001011110100,20.57005840094898,9.765625e-05
10111000101000100000,17.28817372137427,9.765625e-05
11110100010000111000,10.504881855060745,9.765625e-05
00011111110110001111,15.537588758501185,9.765625e-05
11010011011101111000,14.232596820225654,9.765625e-05
10100000110010100000,33.065164051861714,9.765625e-05
00001010011010011010,39.022200926250726,9.765625e-05
10110011101010001000,18.317191071454197,9.765625e-05
10110011110011111001,22.30945843279425,9.765625e-05
11111100111000100001,8.991237144022037,9.765625e-05
00111001111100111110,22.08551806843625,9.765625e-05
11100001000110000111,21.624511287415714,9.765625e-05
01100110000100001100,19.22544164812613,9.765625e-05
10010011110000001011,16.959380992168445,9.765625e-05
01110011110100101110,15.269512235131014,9.765625e-05
01110010110001110110,21.07005840634716,9.765625e-05
00001111111100100110,20.816560826283244,9.765625e-05
10110011100010000101,21.076643930380264,9.765625e-05
10110001101001110110,20.069156241921917,9.765625e-05
01001100000010100000,13.439299629269264,9.765625e-05
10010111110010001011,19.652050355748905,9.765625e-05
01101110101110001011,19.367909642151155,9.765625e-05
11011001010010001011,17.48723881573369,9.765625e-05
01110110110001001110,16.010766043903512,9.765625e-05
10110111110101101101,15.281990356103769,9.765625e-05
10101101101010101100,20.44560218294385,9.765625e-05
11011100010110000000,8.323643738481831,9.765625e-05
10101101111001110100,18.21445554410703,9.765625e-05
11010110011000110000,14.227977725663248,0.0001953125
00110001100100000110,14.735205363645802,9.765625e-05
01000111010011000001,13.045390936199707,9.765625e-05
11000111011101111010,16.07682267253019,9.765625e-05
10011110001001000001,24.482545285084967,9.765625e-05
10011100100100100011,10.886167097395537,9.765625e-05
11110001110011011100,12.172834751410644,9.765625e-05
11111101001101110111,16.563482660919846,9.765625e-05
00111001001100100011,14.34299180216668,9.765625e-05
10010111100101011000,12.832864965889831,9.765625e-05
10011100001011000011,15.736207148510633,9.765625e-05
10011011110010001000,18.552175401403098,9.765625e-05
10011001001000000011,19.816512825412453,9.765625e-05
01001100000011010010,12.214455544107032,9.765625e-05
01001011101011010100,15.885181534428266,0.0001953125
01100100000110001001,20.029015597810353,9.765625e-05
11101100101110101010,14.67845552747268,9.765625e-05
10110101000100101100,18.909436005722952,9.765625e-05
11110100100100010010,8.575984321991367,9.765625e-05
10110101010100111000,15.631571203444196,9.765625e-05
10111111010011101000,31.8422929320308,9.765625e-05
11101100111111001010,16.54267028915328,9.765625e-05
10111101110100101010,15.508331546169455,9.765625e-05
01110011110011000000,11.815976393390251,0.0001953125
00001101000000100111,17.550343695775965,9.765625e-05
11110100000101110001,9.83662895533666,9.765625e-05
00010011001001000000,15.14384133366376,9.765625e-05
11110001011001000101,10.765798852802657,9.765625e-05
01101101011001111010,14.18470301173668,9.765625e-05
00110011100000100101,18.114031027258463,9.765625e-05
01011010000110000110,17.51800281900583,9.765625e-05
10001101000011110000,13.354667074046702,9.765625e-05
00001111100000110000,17.5703886269174,9.765625e-05
11001111011010111000,15.115089557469915,9.765625e-05
01001001000111000110,17.220051239180997,9.765625e-05
01101101001101111001,16.91471763663052,9.765625e-05
10110100100000101100,16.963017859443806,9.765625e-05
01110010111100111000,18.071433721587372,9.765625e-05
10000001100000010110,24.654736236179968,9.765625e-05
11010111001000010000,29.92171434773916,9.765625e-05
10011101010111000010,13.423265612968073,9.765625e-05
11011000101011100000,16.83471876445324,9.765625e-05
00101101010111001000,19.04258408806333,9.765625e-05
11111100100110101111,14.154218730679695,9.765625e-05
11010110010010011111,14.470879699241898,9.765625e-05
01100011100110110110,21.425288369267772,9.765625e-05
11110001110111111111,18.332269307228554,9.765625e-05
10011111101010111101,21.936678689789616,9.765625e-05
01111001101001101111,20.819175714661938,9.765625e-05
01011011011100001011,17.423265612968073,9.765625e-05
01110000111110010110,21.65604244784209,9.765625e-05
01100111110100000001,16.182795618003,9.765625e-05
01100111111001001100,14.245750373852411,9.765625e-05
00111001001111011000,19.978543425225812,9.765625e-05
01100111101000000110,20.626772839450865,9.765625e-05
10110001010110001110,19.704341016352828,9.765625e-05
01010011110010111000,21.640873113930045,9.765625e-05
10110111110101001101,14.99568916891277,9.765625e-05
01010011000101011101,15.664936877487271,9.765625e-05
01111101000111010010,18.119769957638077,9.765625e-05
10011101110000110000,15.350254000034191,9.765625e-05
11011100010101101110,10.815561838568154,9.765625e-05
00011111001110000100,15.149626278472873,9.765625e-05
01011000101001001100,24.31695662924748,9.765625e-05
10110001011000110001,18.232596820225655,9.765625e-05
00010011100111001100,19.397915988802136,9.765625e-05
01001011011100000001,20.632467126276094,9.765625e-05
01010011010000110100,12.983695947520612,9.765625e-05
00001111101010101110,22.26900180942001,9.765625e-05
01011011100010001110,21.77352825415906,9.765625e-05
01101100100111101100,20.670683420335344,9.765625e-05
01101001011001110000,16.214455544107032,9.765625e-05
10110011101011000010,20.001248535594193,9.765625e-05
10110110100011001110,23.317023267361456,9.765625e-05
00001011100010001011,24.11210968149595,9.765625e-05
11001001011000001000,13.87456625076201,9.765625e-05
00000111000100101001,18.055203370773235,9.765625e-05
10010100100100101011,19.26998465152492,9.765625e-05
10011110110010101111,20.69134558078185,9.765625e-05
00110101111101000100,12.322204407613324,9.765625e-05
01001100011000100011,15.164946470998842,9.765625e-05
11010100011011011100,17.84911124433427,9.765625e-05
11000111100101111000,11.264048015757247,9.765625e-05
01010010001011000001,20.1139662772091,9.765625e-05
11000111011111001000,13.332656240715572,9.765625e-05
00110011111011011000,18.553387510637734,9.765625e-05
11111000000010101001,20.90531785797465,9.765625e-05
01001101000001101111,19.610536247043378,9.765625e-05
01101000101010011000,22.36456998110024,9.765625e-05
11110000000100001011,14.30882067777172,9.765625e-05
11111100100011010001,15.268738101962363,9.765625e-05
11101100100000111100,15.728418085054667,9.765625e-05
00111001100001000010,14.114031027258463,9.765625e-05
11011010111111100011,22.94867108963351,9.765625e-05
10110110101011100001,20.06915279747831,9.765625e-05
01101100010011110110,15.787036483686446,9.765625e-05
11000111001010110000,20.16084704803059,0.0001953125
01101101110001110111,12.515785823397861,9.765625e-05
00111001001101000110,13.699731902094637,9.765625e-05
01111100011111100111,8.940240211893546,9.765625e-05
11011101110110110010,16.18942767406476,9.765625e-05
11011110011000101001,16.75165962744525,9.765625e-05
11000011010111010101,22.262015595056777,9.765625e-05
00101110101010010110,24.644222461017918,9.765625e-05
11110001100000011000,15.362531297170232,9.765625e-05
01011011011010110000,14.428057735368057,9.765625e-05
10110101011001001110,17.448900732011197,9.765625e-05
11011100111000111000,10.332386204537377,9.765625e-05
00010101010100110101,19.93912306446269,9.765625e-05
11000111110000101100,12.741649079057543,9.765625e-05
11001001000000001111,18.980885654940625,9.765625e-05
11111000001000001010,17.821627240013484,9.765625e-05
10011001111001101100,18.697136298252993,9.765625e-05
00110101110001010101,12.312754359375903,9.765625e-05
01110100000110011001,14.782561173346878,9.765625e-05
01101101010000101010,20.14020184390272,9.765625e-05
11001001111000000110,13.52775123795106,9.765625e-05
01001101000110010001,14.654130777320166,9.765625e-05
11111100011110001000,12.980885654940625,9.765625e-05
00110101110101011101,14.67426367805913,9.765625e-05
11001001010000111110,14.510502440220723,9.765625e-05
00001101000101000001,11.473445863578212,9.765625e-05
01011100010000100001,9.901825596880052,9.765625e-05
11010110000111000000,14.905317857974651,9.765625e-05
00101101110000100111,18.3107280715054,9.765625e-05
01001100011010100000,13.794286198367267,9.765625e-05
10011011101110100100,20.07491527879651,0.0001953125
11110011111110011101,14.345619086604872,9.765625e-05
10111101101011110110,17.869815251185415,9.765625e-05
01011100100111000011,16.331679640204015,9.765625e-05
11101111000111100011,33.97777834164007,9.765625e-05
00111101111110110001,12.695161102670276,9.765625e-05
00001110000110001010,19.363664372231387,9.765625e-05
00110101001101010011,12.528263944370618,9.765625e-05
00110100000001110011,16.09023928632073,9.765625e-05
00110011000110000000,14.35738575088984,9.765625e-05
10110001001000010001,18.31669937052324,9.765625e-05
11110101100101111111,15.970118065497946,9.765625e-05
11010001110001010000,11.001188139073559,9.765625e-05
11010000010100110000,10.368745902883482,9.765625e-05
01001100010001011101,17.020354016574537,9.765625e-05
11010100000101100010,15.230814660598824,9.765625e-05
01110100010000100001,11.691773440748571,9.765625e-05
11110100010001110011,10.202844287855303,9.765625e-05
00011100000001110001,12.5963383385659,9.765625e-05
11000111110110110011,18.241685744987002,9.765625e-05
10100101100101100000,13.02759684236814,9.765625e-05
00011101011111111101,19.042792095054523,9.765625e-05
01110110110011101101,18.234876922376795,9.765625e-05
11111001111111111000,15.377437130764685,9.765625e-05
11100100100110001011,17.921969962957203,9.765625e-05
11001101001011111111,15.47475299516527,9.765625e-05
11100001100100001101,16.34144127675701,9.765625e-05
10011101101101010011,14.607660480832783,9.765625e-05
10010111001100011001,17.12766178087016,9.765625e-05
10000000010011100110,47.34699711186762,9.765625e-05
01110110111000000011,13.622654691702566,9.765625e-05
00110111001100010100,16.353746261128798,9.765625e-05
00111101110001100110,13.273340974627205,9.765625e-05
10010011000011101110,20.414316951698574,9.765625e-05
00101101111000000010,13.471294341600855,9.765625e-05
11100001100101000011,17.978543425225812,9.765625e-05
10010011010000100001,16.371796879263538,9.765625e-05
10110110110011111011,21.57478588206299,9.765625e-05
11000101010100011111,15.569448354798382,0.0001953125
10011100011011101001,14.680961207751507,9.765625e-05
11010100110001001001,11.09180719736302,9.765625e-05
11110100001011100010,20.83940811623729,9.765625e-05
01011001011100100101,14.090467192666841,9.765625e-05
11110000100010100000,12.800537219600258,9.765625e-05
01011010011011010100,18.42417122183692,9.765625e-05
10011001011000100010,15.697968390960465,9.765625e-05
11011100010101010000,8.029758050382451,9.765625e-05
11111100110111000000,11.394772847768039,9.765625e-05
11011001001001001110,19.169592000776774,9.765625e-05
01011110011111111001,11.138858601902992,9.765625e-05
10000111110110000100,17.516098135294687,9.765625e-05
11011100010001010100,10.870448103013711,9.765625e-05
11110010100110011101,19.655824765653758,9.765625e-05
00011110001011101101,18.783821234784458,9.765625e-05
00001111000010010101,16.535938074574553,9.765625e-05
11110100111011010110,13.647322161850017,9.765625e-05
01101101111101001111,15.133128710266469,9.765625e-05
11011011111010110111,17.878246128925383,9.765625e-05
00101101101111010010,13.342920810523971,9.765625e-05
01011110001010101100,20.822574695286974,9.765625e-05
00111001001010100111,16.942161557656057,9.765625e-05
01011110010001110110,16.234237709351948,9.765625e-05
00111101111100000101,9.606707507547192,9.765625e-05
00111110110011001001,19.07472258461776,9.765625e-05
01010001010100100111,22.432940330248055,9.765625e-05
00001111010000111000,18.227977725663248,9.765625e-05
11010100000001010111,14.74033153785228,9.765625e-05
00011101000100111011,19.09033516804945,9.765625e-05
11011101111101001001,14.393455306562778,9.765625e-05
01111001011011011010,15.537588758501187,9.765625e-05
11100001000110100000,18.737530931309248,9.765625e-05
10110100000100000011,12.241141259594224,9.765625e-05
11101111010110110100,32.17349026307354,9.765625e-05
00110100010100000011,9.220051239181,9.765625e-05
11110100100101000110,10.729642552520769,9.765625e-05
01111100101001111011,15.470028332837188,9.765625e-05
00001111110110011000,17.37466839032208,9.765625e-05
10011100001000110111,17.38693424915159,9.765625e-05
01110001100010010000,20.71706064308357,9.765625e-05
11011001110100000110,11.897743777524296,9.765625e-05
01101101001101011111,14.25051614816408,9.765625e-05
01101101000001110100,14.857677129345241,9.765625e-05
01100111110001001010,16.363908500475063,9.765625e-05
00111001110001010010,16.11210968149595,9.765625e-05
11001101111110110001,14.231433582077923,9.765625e-05
01011011011011100111,15.460969641509891,9.765625e-05
11000101010001100000,11.448730305432766,9.765625e-05
10111001101110000001,18.57689720114189,9.765625e-05
11100101110001100001,12.740331537852278,9.765625e-05
10001101000001100001,13.756563667967647,9.765625e-05
11001000010010100000,15.904983071747093,9.765625e-05
01110100100100110100,14.372211521622495,9.765625e-05
11001000000010110010,17.704279896250945,9.765625e-05
10011001110000000111,18.442286590021027,9.765625e-05
10000010001110011011,46.2755252934263,9.765625e-05
00001111000000101101,19.409248726191095,9.765625e-05
01110111011011100101,19.527249763446292,9.765625e-05
10010110101110100010,23.294693968077013,9.765625e-05
10110011111001111010,21.604365277832372,9.765625e-05
11011100011011000010,12.55408279513678,9.765625e-05
00011111001011000011,16.081753442535376,9.765625e-05
10110110110000011111,22.84779443755007,9.765625e-05
00011111001110011010,17.232313653566894,9.765625e-05
10011101111001000001,13.244432832647147,9.765625e-05
11010001000000101011,23.78052695170899,9.765625e-05
00110111001101010101,13.100867787594751,9.765625e-05
01110110101100100101,17.39572654463488,9.765625e-05
00010011100010000010,21.111149743035764,9.765625e-05
11010100100000000101,14.727548804578362,9.765625e-05
11100011001011110000,22.55688964327316,9.765625e-05
00111111111100101111,16.78195495303435,9.765625e-05
10010101000111001100,17.942537885181174,9.765625e-05
11010010000011001010,18.781913841050777,9.765625e-05
10100101101011010011,20.74642018587743,9.765625e-05
00101111011100000000,23.761431244302457,9.765625e-05
01101101010000100111,16.535938074574553,9.765625e-05
11110111100011000010,31.27929987758555,9.765625e-05
11010110011111100000,14.310728071505402,9.765625e-05
11100000100000111001,20.37220528002915,9.765625e-05
11111100101101001001,12.316699370523242,9.765625e-05
10110101100111011001,14.58713241857216,9.765625e-05
11110011001001111100,20.997783825940303,9.765625e-05
10011011101001001101,23.745733520898987,9.765625e-05
11101001001110011010,22.906171210820656,9.765625e-05
10011011101010101010,21.44337623572,9.765625e-05
00111111101111100101,14.662723413450115,9.765625e-05
11000101010101110111,14.548400180789802,9.765625e-05
00111101110100011011,13.585385852916804,9.765625e-05
00010111010100001111,15.911766905894622,9.765625e-05
01001001011000010111,18.45403306068382,9.765625e-05
00110011111000010101,17.44697938624868,9.765625e-05
00111111010100101011,21.336471849731193,9.765625e-05
11000101010001100010,15.23081466059882,9.765625e-05
01110001010110111100,19.577802810010738,9.765625e-05
11010110010001000001,13.137317849657478,9.765625e-05
10011100101010001001,17.135470939981282,9.765625e-05
11100101001111111011,21.751202622240463,9.765625e-05
01011000010000010010,11.770151530294534,0.0001953125
11011110111011011110,16.643673720473082,9.765625e-05
00110110111101000011,14.537517766858475,9.765625e-05
01111011001011111101,23.016768768867973,9.765625e-05
01111100001010110101,13.269701484866161,9.765625e-05
11000000100001100000,18.38600094220717,9.765625e-05
00011111000110010001,14.032028652000513,9.765625e-05
01111011101101011111,21.282934366933656,9.765625e-05
11110000010000010101,12.800537219600258,9.765625e-05
11011100011001011111,12.232596820225655,9.765625e-05
00110111011000010101,15.953875955078356,9.765625e-05
11100001110011100001,18.601564671289342,9.765625e-05
01101001011100110010,17.486364251417,9.765625e-05
11110110011111111110,18.59121870022003,9.765625e-05
10000101100101111000,17.830362730054613,9.765625e-05
01111100011011010010,7.490042132299266,9.765625e-05
11110011111010011101,14.27884256727368,9.765625e-05
11100000100001001011,22.491850640014423,9.765625e-05
01100111110000011110,15.600649082116275,9.765625e-05
00011110000100110100,18.830037716991214,9.765625e-05
01110111110010100100,23.882362290232393,9.765625e-05
10010111011100101010,19.821273081712015,9.765625e-05
01101100101010110000,13.642105515163532,9.765625e-05
10001101001100101001,16.265255526904717,9.765625e-05
01001011011000110100,15.432091466725826,9.765625e-05
00011100000000000011,12.250886234095848,9.765625e-05
01100111011000000001,18.353746261128798,9.765625e-05
11000110010110001100,14.823730673992848,9.765625e-05
01111111111100011010,19.165537134235706,9.765625e-05
00011111110110000000,12.66196313434327,9.765625e-05
10010001111001000000,17.766213495161615,9.765625e-05
11111001001111101111,19.423081881245032,9.765625e-05
11010011111101010111,18.570128679806807,9.765625e-05
00001010010000010011,45.158398096906545,9.765625e-05
00011011100110110101,21.802983667841822,9.765625e-05
11010110011110001011,14.958478093322137,9.765625e-05
00111011000011100111,24.48886566529429,9.765625e-05
10000101000001000001,13.13481216937865,9.765625e-05
01010110011001100111,22.073880904250004,9.765625e-05
10111100001011101011,16.781954953034354,9.765625e-05
11101100111111111010,16.213466460408775,9.765625e-05
00111100011110100100,12.962663701142338,9.765625e-05
11101100101100111010,12.184923942068378,9.765625e-05
00101100010001011110,30.666970963330115,9.765625e-05
11100100110000001010,12.119365637770123,9.765625e-05
01110011110001000010,12.587124190537516,9.765625e-05
00111100100110100100,14.49135967350453,9.765625e-05
01110100010100010000,5.288173721374271,9.765625e-05
01100010010110011001,33.08547696729249,9.765625e-05
00010100010100101011,25.157379649990343,9.765625e-05
00011001001111111101,28.64479431234754,9.765625e-05
11011100110011111010,12.442431490469048,9.765625e-05
11011100111101101101,10.545792170048847,9.765625e-05
01101011101000100010,20.81093679667966,9.765625e-05
00011111010010001011,16.46716379779306,9.765625e-05
11111001110101110111,15.710340209746477,9.765625e-05
01111100011000100011,8.428057735368062,9.765625e-05
01110011011101000101,12.64440881522665,9.765625e-05
11011001110100111001,14.143243047118617,9.765625e-05
11001001010100010011,22.348073332818775,9.765625e-05
11011001110001010101,13.155605620021479,9.765625e-05
00110111110100001111,14.278842567273683,9.765625e-05
01110001011000100100,13.539032268234363,9.765625e-05
00101101011010011110,19.701032781248532,9.765625e-05
01011010100001011011,24.643673720473082,9.765625e-05
10101000110010100001,39.914991840833565,9.765625e-05
10010101000001100010,21.918817870307215,9.765625e-05
11110001011100101111,14.358274697707323,9.765625e-05
01000110100110011010,21.77325210134274,9.765625e-05
10010011010010101001,15.624511287415714,9.765625e-05
11011000100100000000,11.87456625076201,0.0001953125
01011111011111001001,13.878545310341654,9.765625e-05
11001001010100000111,20.38815870577787,9.765625e-05
01001111000001111010,17.614032997461752,9.765625e-05
11110000101111110000,18.506339943185303,9.765625e-05
00110110101001000001,13.911766905894622,9.765625e-05
00110101001100100000,18.603068752207207,9.765625e-05
10111001101101000101,19.987166898767857,9.765625e-05
11110001101001010101,13.109601291194586,9.765625e-05
01001111100001001110,18.30325786664669,9.765625e-05
11011111111101011000,16.61149618550357,9.765625e-05
11011001010110001111,15.624511287415714,9.765625e-05
10111101011100011010,18.53593807457455,9.765625e-05
11010011001100100001,19.37095873046659,9.765625e-05
11001001100100000001,18.114756523511932,9.765625e-05
01011001010100010101,12.76064370802217,9.765625e-05
10011100000010111010,17.058013663353226,9.765625e-05
10110011110000101110,18.82958570135954,9.765625e-05
10000111010001101110,19.332656240715572,9.765625e-05
11001101000100110100,11.287157053759302,9.765625e-05
11111100101100101000,12.88275653182911,9.765625e-05
01111101001111010111,12.972918672040983,9.765625e-05
10011101101101100011,14.303150557451257,9.765625e-05
01011011010001000000,16.256446335198333,9.765625e-05
11001101100101001110,13.691773440748571,0.0001953125
10101101100000100100,20.45912436450007,9.765625e-05
00111101111101010011,7.547362361799689,9.765625e-05
01010111010101100101,14.046588761310232,9.765625e-05
10111101011101101011,13.731430230159702,9.765625e-05
01001110100010010000,13.197460560657326,9.765625e-05
00111100101110001001,12.424171221836925,9.765625e-05
01101101001110111100,17.974878027530245,9.765625e-05
01111100010100110011,6.791487665392728,9.765625e-05
11100100000000001011,17.056106269619548,9.765625e-05
01111100000010000000,17.909436005722952,9.765625e-05
10100101011001001001,18.45115530803193,9.765625e-05
01110110011001001000,14.552175401403101,9.765625e-05
11001101011111010110,11.470038018874146,9.765625e-05
00110100000111000011,13.254039355434164,9.765625e-05
11001111101001011101,16.61149618550357,9.765625e-05
11010001001000001000,21.345961670804765,9.765625e-05
10110101110110010011,14.860881783125153,9.765625e-05
10100101000010010001,21.39164026298701,9.765625e-05
01011100011101100100,10.952243734140515,9.765625e-05
01011000011001010010,16.2097246401856,9.765625e-05
01110100110100000010,9.163915617183326,9.765625e-05
01001001100001010000,16.51269653218397,9.765625e-05
00110111111110101001,18.206425269160334,9.765625e-05
00110011110011001100,15.375489495263544,9.765625e-05
01111100001110100111,11.490093664740865,9.765625e-05
11010110110110001011,12.608152170923923,9.765625e-05
11110100110011100110,14.734228763134244,9.765625e-05
11110100100101001100,10.584796000388389,9.765625e-05
11010110111001101111,20.06915624192192,9.765625e-05
11110111100111000110,23.416572349267575,9.765625e-05
00011110001110001010,14.229786527645668,9.765625e-05
11011011100011111010,21.246742472680285,9.765625e-05
11110010000110101111,23.792535366310382,9.765625e-05
01011010011000110011,18.439298905688016,9.765625e-05
01010100110100111011,29.031348348628274,9.765625e-05
00110111111111101001,16.353359327641776,9.765625e-05
10001111010110001111,25.775448131079436,9.765625e-05
01111100111110000100,8.247051253006308,9.765625e-05
10100101000101101000,16.6039646750391,9.765625e-05
00100111110000000010,17.210624094588297,0.0001953125
01100111111000011110,16.509069350945566,9.765625e-05
11000111001011000010,21.664763740886304,9.765625e-05
00111100101011000111,14.049919372778238,9.765625e-05
10110101000001100011,18.723064102469095,9.765625e-05
11100101110011000001,14.561498757531353,9.765625e-05
11010011011001111000,14.165820300894463,9.765625e-05
11011100100000010010,14.64598930783231,9.765625e-05
00010110101101001100,23.183980949087,9.765625e-05
00110101010100000000,10.469444721902121,9.765625e-05
01110100010101010000,6.118209659064247,0.0001953125
01011001000111010011,19.591276474254975,9.765625e-05
11010110111110000010,17.162939016671764,9.765625e-05
10010011000100100000,16.142058439615866,9.765625e-05
00011111000011110000,16.651343682652154,9.765625e-05
11001101000111111111,13.409826095532818,9.765625e-05
00100111100111001000,15.109822221526285,9.765625e-05
11000111010111110101,12.825917066360434,9.765625e-05
01111110101010000110,20.369301913709997,9.765625e-05
01110111111111010010,15.49357085758145,9.765625e-05
00111100001110011110,15.701032781248532,9.765625e-05
11001110101001111101,18.640002081184164,9.765625e-05
10010111010100100000,15.409248726191095,9.765625e-05
01111100111110010111,6.736136156867925,9.765625e-05
00110011001000001000,15.772648258957467,9.765625e-05
00110111010111000011,11.924061295144332,9.765625e-05
01110011111100111111,19.0690818058356,9.765625e-05
01000011000011001000,14.245750373852413,9.765625e-05
10110101001011001010,23.960331979012746,9.765625e-05
01010111000010110100,28.41681656504811,9.765625e-05
01111000100000001000,16.118563817365718,9.765625e-05
10110101010101110101,13.820475859394767,9.765625e-05
01011011011101000100,13.600649082116275,9.765625e-05
01101110110010111110,20.644222461017915,9.765625e-05
10000111101101101011,21.801120830535325,9.765625e-05
11000011010010101000,11.757596263212921,9.765625e-05
11010110100011111101,16.19997622124037,9.765625e-05
10011101011100100000,12.536159004906246,9.765625e-05
01110011000111010110,16.6435032063578,9.765625e-05
00101101100101000000,12.603964675039103,9.765625e-05
01111101010001001101,19.19465827278008,9.765625e-05
10100100111001100001,24.203137140551018,9.765625e-05
00010110010000101001,16.181228430541957,9.765625e-05
01111001110000001000,16.422727292881255,9.765625e-05
00011101000110101110,22.7479028211529,9.765625e-05
11010110111000100101,15.963624374023595,9.765625e-05
01011001010100001010,16.424583154173337,9.765625e-05
11011001011010110010,15.297295530084556,9.765625e-05
01110011011001001011,15.691117292631622,9.765625e-05
00110111101001101011,22.302103776005435,9.765625e-05
11110000111100111000,12.055486537431996,9.765625e-05
11011011111111101111,17.22918462199286,9.765625e-05
11110001010001001111,13.317023267361458,9.765625e-05
00100111011101010011,21.005218643967595,9.765625e-05
00010011001001100001,19.78687565560812,9.765625e-05
11110001100101101101,13.869959758989506,9.765625e-05
10010110100001101011,19.310660611433498,9.765625e-05
11010000100111010001,20.38526149392487,9.765625e-05
11011001110000100111,13.002411588691157,9.765625e-05
01011010101110001101,20.97574281868278,9.765625e-05
11111000001001100011,18.707330872631005,9.765625e-05
01111001010000111100,16.980885654940625,9.765625e-05
01001011111001110100,18.52925367536274,9.765625e-05
01111100101111100010,13.21912617111104,9.765625e-05
00010110001011000000,17.88422783756143,9.765625e-05
01101011001010010100,20.627797527960418,9.765625e-05
10110100111000110011,14.755373026011604,9.765625e-05
00111101100001110010,15.93667868978962,9.765625e-05
11010110100110100001,14.844154947789022,9.765625e-05
00100101000100000101,15.80526812352169,9.765625e-05
01101001101000001001,21.313898763980205,9.765625e-05
11000010000111111101,32.881398085780326,9.765625e-05
00111101000101110010,12.899358318562262,9.765625e-05
11011100000010110100,13.623107441755298,9.765625e-05
10100100110110011110,33.220198467847446,9.765625e-05
10100000101001000110,34.74398966526617,9.765625e-05
10110111100110101101,19.514777884066884,9.765625e-05
10001000110000100000,29.81557152460511,9.765625e-05
00011011010101000000,17.904199067037613,9.765625e-05
00111001111100101100,18.43295625787836,0.0001953125
11010001010110000100,10.960756307408657,9.765625e-05
10110111111101111111,17.726618648558603,9.765625e-05
01010111011110000001,19.266823732214267,9.765625e-05
00110011000100011010,18.960399439084647,9.765625e-05
10010011100100111111,23.37743713076469,9.765625e-05
11100000001100001001,23.389460319352832,9.765625e-05
11110101110111110000,13.51483836812437,9.765625e-05
01010111010001110000,18.366291842173453,9.765625e-05
10111110101101010001,29.000638674947474,9.765625e-05
11010111110100111010,18.47382146752208,9.765625e-05
11010010111011011000,18.06725779980413,9.765625e-05
11100110101111100010,21.823286151974756,9.765625e-05
11010010100110001011,17.76178375909774,9.765625e-05
10110111101000101010,26.70399848186176,9.765625e-05
00111101011111101000,13.3106606114335,9.765625e-05
01110010001011001001,19.326456653547506,9.765625e-05
11101100001010111001,17.24864957214671,9.765625e-05
11111000111100100110,11.372811794608934,9.765625e-05
11111100100110110110,12.103761467876947,9.765625e-05
11110010011000111110,20.362456861083917,9.765625e-05
11001111111111001000,13.997786535962842,9.765625e-05
10010111100110111001,17.010938631587287,9.765625e-05
11011011011110101010,16.49387087179546,9.765625e-05
11001100001100000110,13.597662121364513,9.765625e-05
00110101001101100011,16.323190264847852,9.765625e-05
11110100011101101101,11.141919987901252,9.765625e-05
01011111011001000111,17.90896910734115,9.765625e-05
01110111000111011001,19.03466218887187,9.765625e-05
10110100001010001111,22.005138482729123,9.765625e-05
01010101010111001110,29.005138482729123,9.765625e-05
10011101000000111011,21.023564890311604,9.765625e-05
01011000011000000000,9.745666882785004,9.765625e-05
00011001100010000000,19.08875351096042,9.765625e-05
01010110000111001100,16.245750373852413,9.765625e-05
01110110011000011111,14.470879699241898,9.765625e-05
11111000001011111011,20.848731472365543,9.765625e-05
11000110100010110100,14.876068688173689,9.765625e-05
01001111000110100111,17.209489561524833,9.765625e-05
10001101001010010111,20.18470301173668,9.765625e-05
11001111001001001110,21.262231280007445,9.765625e-05
01000111000111100110,19.198113383933872,9.765625e-05
00011001011110101111,26.894428391741528,9.765625e-05
11100111101101110010,18.439295461244413,9.765625e-05
01000011000001010111,18.643673720473082,9.765625e-05
01001100010010111110,18.38283024973236,9.765625e-05
00110110010111101001,18.049919372778234,9.765625e-05
01111001010011000010,13.539510104263695,9.765625e-05
11010001000111001000,17.942537885181174,9.765625e-05
10110101100110111111,21.52128741604434,9.765625e-05
01011101010001000110,16.963621664001053,9.765625e-05
11000111010110110001,14.551903907222588,9.765625e-05
11010000000001100010,16.877672204027274,9.765625e-05
11011000011001100010,13.39154336340978,9.765625e-05
01111100110000101011,13.395726544634881,9.765625e-05
11000111100001001110,15.63812757139942,9.765625e-05
00111100011011000111,13.254039355434166,9.765625e-05
01011110111010011010,16.324111801347005,9.765625e-05
00110011110001111011,22.797056826874492,9.765625e-05
10011101110100000000,12.778933121892361,9.765625e-05
00111001100000011100,21.202254435326886,9.765625e-05
00010010100000000011,22.97574281868278,9.765625e-05
10100111101001010101,21.5998305996605,9.765625e-05
11010001010100110110,13.720269650392211,9.765625e-05
10110101100110110101,17.514838368124373,9.765625e-05
10100101100001110110,16.73154994625445,9.765625e-05
11100001100100000001,15.80526812352169,9.765625e-05
01001100110110000110,18.28748652911482,9.765625e-05
00110100100001010010,14.424171221836923,9.765625e-05
10011010111010101001,24.73711275737948,9.765625e-05
10010001000100100101,16.411278458505212,9.765625e-05
11110001010100111100,11.75759626321292,9.765625e-05
10100101001101101010,18.73154994625445,9.765625e-05
11110011011110110011,21.062570815855832,9.765625e-05
00000111010000110001,18.50643582491402,9.765625e-05
01101101100011100010,18.708658394140482,9.765625e-05
11011110111110110100,12.506435824914023,9.765625e-05
00011001000110011101,23.295609350110016,9.765625e-05
00011110110001000000,16.072400636061978,9.765625e-05
00001111100001100001,16.039795241125745,9.765625e-05
11111101011011001100,21.618053287879853,9.765625e-05
01000011011010010101,18.374636524221657,9.765625e-05
11001111110001100110,16.477592432983325,9.765625e-05
11001100000010100111,14.503625532334034,9.765625e-05
11000011011010110000,15.899651171257977,9.765625e-05
01011110110001111101,16.232596820225655,9.765625e-05
01011010111110010110,20.16107617936527,9.765625e-05
10101101100110100100,19.58389934313543,9.765625e-05
10110001101100000001,13.228832830778826,9.765625e-05
11110100111101000100,7.1382234585263244,0.0001953125
11100001101100101111,21.772576532893694,9.765625e-05
11110010011010111010,18.887265596333723,9.765625e-05
10011101110101001100,13.048802225347384,9.765625e-05
00110111110100001100,13.647461347985695,9.765625e-05
11010110101110111101,17.646551473124973,9.765625e-05
11000111110001000111,14.57689720114189,9.765625e-05
00111011001110100011,19.464288031582463,9.765625e-05
01011110110110001011,12.958478093322135,0.0001953125
01111100011001001011,10.576897201141893,9.765625e-05
11110001110000000000,8.422727292881255,9.765625e-05
01001100011110010101,16.107876818475503,9.765625e-05
01011011010111100010,14.723609311443127,9.765625e-05
11000111110101011010,12.25238242991418,9.765625e-05
11100100111000100010,13.713033066191954,9.765625e-05
11010001000101000100,11.538321965190134,9.765625e-05
11011100001000100100,15.537460618481209,9.765625e-05
11100111100011111000,18.213151220509527,9.765625e-05
11011100110110101001,8.428347143620169,9.765625e-05
11000011110011001110,14.612761285182113,9.765625e-05
01011010010110001110,17.032196270589377,0.0001953125
11010010110001001001,13.569265346656588,9.765625e-05
11001001101010000011,21.106608088849477,9.765625e-05
01011111011111100001,13.64463991136644,9.765625e-05
01111001011100100100,10.638094687450486,9.765625e-05
11011000101110100000,14.283494349894436,9.765625e-05
01011001011001001001,17.732934125573692,9.765625e-05
01111101011010001011,22.467163797793056,9.765625e-05
11011001100001100111,17.262911321588426,9.765625e-05
01001110100101011100,18.32644778946847,9.765625e-05
00011001100110100001,21.38532624397423,9.765625e-05
11000111100001110101,12.614306478083556,9.765625e-05
01110011111000001101,12.965008553342837,9.765625e-05
10001111100110101100,17.583899343135425,9.765625e-05
10011100100011001000,16.046708477404977,9.765625e-05
10011011101010001110,22.60072725691346,9.765625e-05
01100100001100100001,17.911252741472747,9.765625e-05
11010001110011010100,14.322204407613324,9.765625e-05
01111110011111101010,14.85751306396337,9.765625e-05
11100001111100110010,18.164914604898417,9.765625e-05
01001100110110101000,21.210383410788232,9.765625e-05
00111101011001101011,13.616975608926394,9.765625e-05
01111111000111100011,26.22888028232277,9.765625e-05
01011011110100110110,16.917512725161444,9.765625e-05
00011110101100000000,14.326454031061822,0.0001953125
10110000111111100011,32.04977738949282,9.765625e-05
01111111101111101000,24.998727836770186,9.765625e-05
10100111000110101110,26.04377846873024,9.765625e-05
11010011010010100001,14.333607227559874,9.765625e-05
11110011101110011100,16.363908500475063,9.765625e-05
01110100100000011111,18.654944036031104,9.765625e-05
11010100010111000100,11.138223458526324,9.765625e-05
01110100011101100101,12.542670289153278,9.765625e-05
10011100000110001111,17.15141812413666,9.765625e-05
10110101011110001111,19.187262836102974,9.765625e-05
01111001100001011101,20.2651472491165,9.765625e-05
11000101010110000101,14.64972216559978,9.765625e-05
11001101001011011001,15.551293948199193,9.765625e-05
11111000111110010000,13.581978731793985,9.765625e-05
11001111100010011010,20.427016177667078,9.765625e-05
11010011110010110111,17.113047450732488,9.765625e-05
11011110010110111100,13.699314637249989,9.765625e-05
01011101000111010010,19.428054290924454,9.765625e-05
11010011010111001111,14.874147254874323,9.765625e-05
01110111111101110101,13.591276474254977,9.765625e-05
11110001100101011001,14.047536216583719,9.765625e-05
10110101100001011011,16.331640601788926,9.765625e-05
11001111110011110011,15.349614172191485,9.765625e-05
11110011111100001110,12.781913841050777,9.765625e-05
01111001111100000011,11.3106606114335,9.765625e-05
11110000000010100000,14.311082229806871,9.765625e-05
00011001010001100101,17.184573129833844,9.765625e-05
10010111110110000100,14.729642552520772,9.765625e-05
00010011000011011000,17.42787472722626,9.765625e-05
01100001001000000010,16.201293762445633,9.765625e-05
10111101110011111001,16.857513063963363,9.765625e-05
11110100110001101110,12.798275667565111,9.765625e-05
01101101011111100011,14.184606406426713,9.765625e-05
01110101011100000011,17.266823732214267,9.765625e-05
01011110111001100001,15.465277762574583,9.765625e-05
11100001001001000011,18.57689720114189,9.765625e-05
10011001000001110000,18.622939637662554,9.765625e-05
00110101110001000011,12.884050347431732,9.765625e-05
00011111011001000001,13.204951253405476,9.765625e-05
11011000101000010111,17.720269650392215,9.765625e-05
01001011010010101100,13.805268123521689,9.765625e-05
11110100100101010001,6.057997735722921,9.765625e-05
01111001010010100001,16.333607227559874,9.765625e-05
00110110111100110000,16.45403306068382,9.765625e-05
11001001000110001111,21.15141812413666,9.765625e-05
11110000111000010110,10.292808743566983,9.765625e-05
10110011101111000010,19.511728795751445,9.765625e-05
10110100111111011001,18.253133659438113,9.765625e-05
00110101011100000011,12.199976221240366,9.765625e-05
11000110100001011010,14.815561838568154,9.765625e-05
01011111000101110111,18.563482660919846,9.765625e-05
01110010001011000100,17.87719978763337,9.765625e-05
00110100110000001011,15.695970622670346,9.765625e-05
11001101110110110010,12.851650777154813,9.765625e-05
01000011011000001000,14.409531892849856,9.765625e-05
01100110101011110111,24.770522987849734,9.765625e-05
11010000011101100111,24.42495431746128,9.765625e-05
01001110010001010110,18.54095214515474,9.765625e-05
10110101011111111100,19.13312871026647,9.765625e-05
10110111111111011101,15.936308418353972,9.765625e-05
01011110000010010111,16.669494644807738,9.765625e-05
11101101011000011111,18.535938074574553,9.765625e-05
11000001000100011110,17.39227685352617,9.765625e-05
00110111111010100001,19.467092806150347,9.765625e-05
10010001011110001001,22.809802801693564,9.765625e-05
10001001110111000110,31.4030812014237,9.765625e-05
00110011110010100010,16.993767823150257,9.765625e-05
00111101111100000010,9.395726544634881,9.765625e-05
11011000111011010000,16.071433721587372,0.0001953125
01100001000100000011,19.332656240715572,9.765625e-05
01011110000010111010,19.262123959972193,9.765625e-05
11011000100010111000,15.168091538966571,9.765625e-05
10111001110010100011,17.829569039308176,9.765625e-05
10110111100010111001,23.167384043911895,9.765625e-05
01111100111001101010,13.839417802274244,9.765625e-05
00111101001101000000,10.627797527960418,9.765625e-05
11001011100010111110,16.942588683201706,9.765625e-05
01100111110100001000,16.15139221620214,9.765625e-05
01111100111010010101,8.48724152575623,9.765625e-05
01111100000110010001,10.477592432983329,9.765625e-05
01110011010000111000,16.905317857974648,9.765625e-05
11011101110101111000,11.81215054942048,9.765625e-05
11000111011000011110,15.898703715984485,9.765625e-05
11001100001011110011,13.552845120902735,9.765625e-05
01011110000111111011,14.455573900056535,9.765625e-05
01100001111000000001,17.84911124433427,9.765625e-05
11011100110110111100,9.170901831546558,9.765625e-05
01100111011001001101,15.73429975477695,9.765625e-05
11101101111000110110,11.664798317009273,9.765625e-05
01110110000101100011,18.2696243387573,9.765625e-05
01111111110111011111,14.92411906917928,9.765625e-05
10010100001101101011,21.452102763305422,9.765625e-05
00111100101001000000,10.424583154173341,9.765625e-05
00111001111101000001,14.649415909792427,9.765625e-05
10011110111010101000,16.916906210581665,9.765625e-05
11011100010100011101,8.735019009437073,9.765625e-05
01011011010101001100,15.413784138784038,9.765625e-05
00111100100001100010,12.554082795136782,9.765625e-05
10000111011100111100,21.309192750144785,9.765625e-05
01110010010011101011,21.64900126743347,9.765625e-05
00111100100110111010,15.906100219177947,9.765625e-05
01111110111110111011,12.00045765324697,9.765625e-05
01100110001001101000,20.737530931309244,9.765625e-05
11011001110111111111,18.2810102240214,9.765625e-05
00110001000110010100,18.002395650221032,9.765625e-05
10010111011100101101,16.165820300894467,9.765625e-05
01101001110001001111,21.09665346385047,9.765625e-05
11100110101010100101,22.229786527645665,9.765625e-05
11110001010001111100,12.230689426491974,9.765625e-05
11110011101101001010,17.960331979012743,9.765625e-05
11101100111000101001,14.329264323641809,9.765625e-05
00100000100110010001,41.85938623460069,9.765625e-05
10011101010100000001,13.429551210324028,9.765625e-05
01100011110000101110,17.919591269054802,9.765625e-05
00010110011010011000,19.166725909763315,9.765625e-05
01011011001101000101,17.965309721200395,9.765625e-05
00011000001100100011,22.065478361039652,9.765625e-05
00011111011011111110,17.405027731539477,9.765625e-05
10111101101101011111,14.857513063963372,9.765625e-05
11010100110101101101,13.024959686389119,9.765625e-05
11000100011011000100,18.276861559411607,9.765625e-05
01001110011010101101,17.3405383779107,9.765625e-05
11110100001101000101,11.183075340218153,9.765625e-05
01110101011100100000,20.603068752207207,9.765625e-05
10010110100100001100,15.56507785077177,9.765625e-05
01111110111000011001,15.26874778799932,9.765625e-05
01110011111000001001,14.338216341818061,9.765625e-05
11110110001111011011,18.317122153379984,9.765625e-05
10011101000110100111,16.807779321812617,9.765625e-05
10010101010100110000,13.812160235457434,9.765625e-05
01110100011000100000,14.14239938030957,9.765625e-05
01011011100011111000,21.775448131079433,9.765625e-05
11011001010001101110,13.251335365040914,9.765625e-05
10111111010100100011,34.92230149024503,9.765625e-05
11101100110000110001,14.787084277417177,9.765625e-05
11110101010110000001,17.934771296055942,9.765625e-05
11100101000000001011,23.380399092667055,9.765625e-05
01001001110000101011,25.959847166969,9.765625e-05
01111100110011110100,11.885181534428268,9.765625e-05
00011011101100101100,20.87767220402727,9.765625e-05
00111111111101100101,14.912610572703668,9.765625e-05
00011110100000111111,23.157096483331586,9.765625e-05
01101011100110001010,22.804136936525158,9.765625e-05
01111001001010100110,17.640967227197358,9.765625e-05
10001001000010001100,21.565077850771768,9.765625e-05
11110110100110010001,15.19685061247375,9.765625e-05
11111000100010100111,16.51387842966418,9.765625e-05
11001101111010100110,16.42838619287507,9.765625e-05
11011111111110111011,17.349614172191487,9.765625e-05
11010100011010001011,21.64087311393005,9.765625e-05
10111101101110110101,16.184693325699726,9.765625e-05
11001111011010110010,17.41549102997992,9.765625e-05
11100010100010001111,26.811556343363332,9.765625e-05
01011110011101010011,11.853523594765527,9.765625e-05
01101001100101111101,26.717378680132555,9.765625e-05
11111100101000101010,16.825391229460315,9.765625e-05
11111100111100001110,9.757596263212921,9.765625e-05
01110010001010000111,18.19603818610745,9.765625e-05
00111001011010000010,11.801076274108144,9.765625e-05
01010100011000010011,20.297591179930013,9.765625e-05
00110110100000001100,18.563770730024522,9.765625e-05
00110001100011001100,21.766019783134357,9.765625e-05
01111110101110001101,17.135056297622327,9.765625e-05
01000011000110001100,14.608573789297294,9.765625e-05
01011000110000100100,14.775123765309901,9.765625e-05
00111100101110000001,8.487241525756232,9.765625e-05
10011100011100001000,12.298198418091049,9.765625e-05
11111100111110100011,6.8259170663604305,9.765625e-05
11110100000011001111,19.189184181865485,9.765625e-05
11110000101011000111,19.34926752798181,9.765625e-05
10111100110001000001,16.67253033001154,9.765625e-05
00011110001011000110,18.51387842966418,9.765625e-05
11010110010001100011,16.45087214137317,9.765625e-05
11000101011101010101,12.494458650755378,9.765625e-05
11010001010001010111,14.068445938877687,9.765625e-05
11110000011011000000,13.337265354973765,9.765625e-05
01110001010100010100,8.958899711695507,9.765625e-05
11101100001000110001,16.491977653422502,9.765625e-05
11010001010100000000,8.819063785699711,9.765625e-05
10110111001001011001,22.944490656890302,9.765625e-05
01011000000100011001,17.73501900943707,9.765625e-05
00101100001000100000,15.597662121364515,9.765625e-05
11110000011101011010,17.107446237646425,9.765625e-05
10011010100010100011,25.5853858529168,0.0001953125
11110100011011101011,17.002305286504413,9.765625e-05
00001111001110000000,12.745072127810667,9.765625e-05
00010010101000000010,25.58005812045254,9.765625e-05
10110001101010010111,23.07280123885525,9.765625e-05
01011001110101010001,16.749273048443307,9.765625e-05
10111101101111001001,15.213415015094379,9.765625e-05
01101100001011111110,17.276491473479837,9.765625e-05
11100110100100011011,19.50317874044721,9.765625e-05
01101100010100000000,14.498605943741744,9.765625e-05
11100001110000001110,11.809877237779883,9.765625e-05
11100001101110000000,17.163915617183328,9.765625e-05
10110001001000101110,19.842235070868647,9.765625e-05
10010111000011111100,19.041684720787824,9.765625e-05
01101101100100000111,16.110391537497417,9.765625e-05
01110110011010001001,14.363908500475066,9.765625e-05
01010011100100111111,26.331679640204015,9.765625e-05
00010110100010010101,20.42417122183692,9.765625e-05
10011111011010111000,19.984366477728692,9.765625e-05
00111001010110110110,19.84593086582251,9.765625e-05
01001111010111000001,12.867020886235734,9.765625e-05
00111001011011001110,17.2241453670594,9.765625e-05
10010111011000011000,18.716569676573673,9.765625e-05
00110110000100000100,17.22142384439867,9.765625e-05
01111001010010001010,17.088338868601465,9.765625e-05
00010101110011011000,31.461455264671734,9.765625e-05
11011001100101010100,14.69386718869098,9.765625e-05
01110001101100010000,16.808084657695026,9.765625e-05
11110101110100000111,12.376554425540558,9.765625e-05
11011101011101111000,12.265245840867763,9.765625e-05
01100110100000101011,22.85939527334378,9.765625e-05
10001101100101000111,16.232596820225655,9.765625e-05
11010010100100010000,13.346519362965495,9.765625e-05
11110001011011110010,17.113047450732488,9.765625e-05
10011101010110110011,14.016610749188862,9.765625e-05
10011101111001001000,16.002148811954818,9.765625e-05
10011001101011100011,21.93457154957539,9.765625e-05
11010011001000110110,22.06935246767148,9.765625e-05
01011110110110110111,13.13885860190299,9.765625e-05
00000111010000100100,17.346519362965495,9.765625e-05
11100100101000111111,18.101850542572457,9.765625e-05
01010011110100000001,13.228832830778826,9.765625e-05
11001101110011010010,11.759156474659545,9.765625e-05
01001010001011000000,20.649722165599776,9.765625e-05
01110111010011010101,14.841158213463451,9.765625e-05
10010001001101001001,19.46292657040406,9.765625e-05
11101101111000011111,15.02539306436794,0.0001953125
01111110100011110111,19.416616171273688,9.765625e-05
11111100101001010010,12.956759949323597,9.765625e-05
01111001010101011010,16.88702844410446,9.765625e-05
00100111001000010100,18.142058439615866,9.765625e-05
10000111110110100000,17.47410463418084,9.765625e-05
11011100010111101010,10.310728071505402,9.765625e-05
01111100101101010000,8.055203370773238,9.765625e-05
00000111000101000110,15.15141812413666,9.765625e-05
00110111111100000001,11.045390936199707,9.765625e-05
00001111011111001011,17.17982397006368,9.765625e-05
01111110111101111110,16.090239286320724,9.765625e-05
11010110110100111111,13.04449148179701,9.765625e-05
00100101000001000001,13.518002819005828,9.765625e-05
01011010000100001011,20.66196313434327,9.765625e-05
01011110110110011110,13.701032781248527,9.765625e-05
10001101100100000111,17.586709635715415,9.765625e-05
01101110001011000011,20.724913722167834,9.765625e-05
00011110010110100001,11.759156474659546,9.765625e-05
01101101101010000001,20.712451528825383,9.765625e-05
10100101110000100110,18.49135967350453,9.765625e-05
01100101110101110111,18.600707063291285,9.765625e-05
11110001011110111000,16.487241525756232,9.765625e-05
01100101000001000101,14.849166308346675,9.765625e-05
00111001100010100101,18.84779443755007,9.765625e-05
00110010110000010101,27.287730657358495,9.765625e-05
01001001100110010000,19.954199939453435,9.765625e-05
01101100101100000011,12.214455544107032,9.765625e-05
11010110100111111010,17.45080114973046,9.765625e-05
10010001010010000011,20.1139662772091,9.765625e-05
11111110011110000000,27.092585047606356,9.765625e-05
01111001011010000111,11.606286623594887,9.765625e-05
10010110110001011100,19.448354701488896,9.765625e-05
01101011101111101010,22.234363052222182,9.765625e-05
11010110111100110100,13.309192750144788,9.765625e-05
01011110111110111011,15.474675761929214,9.765625e-05
11100101011010101101,21.15141812413666,9.765625e-05
01001111011011010111,11.561533627921582,9.765625e-05
11010011110110101100,10.798275667565107,9.765625e-05
11000111100011011001,13.372461167878267,9.765625e-05
01111001101010100001,21.794611298557868,9.765625e-05
11000100011000000111,18.611789038199284,9.765625e-05
11001110011010001010,17.827491218996073,9.765625e-05
01000111110100001101,16.45308560541033,9.765625e-05
01111110101111011011,14.137733656499805,9.765625e-05
01010100100110110101,29.139228687834766,9.765625e-05
01110100010111100111,16.537517766858475,9.765625e-05
01110011101100011011,19.635749013292063,9.765625e-05
11011111101011011100,23.506472240433766,9.765625e-05
11010011011001000010,16.960399439084647,9.765625e-05
01011111100101110001,19.593292967325144,9.765625e-05
00001000010000100000,29.815571524605108,9.765625e-05
11110100111000100101,9.825333455425366,9.765625e-05
01010110000000101010,26.399844692383176,9.765625e-05
11010100110110000110,16.736506242799695,9.765625e-05
11110000110001000001,9.569265346656588,9.765625e-05
11110100101100011011,10.660622395226028,0.0001953125
11101100111100001111,17.58197873179399,9.765625e-05
01010011011000001111,18.60348601705185,9.765625e-05
01010110010100010110,12.740341223889233,9.765625e-05
00100101010101000101,17.384307797058028,9.765625e-05
01100101100001000011,19.20375342829496,9.765625e-05
11110100000111001100,15.647461347985697,9.765625e-05
11111100101100111001,9.823160809104522,9.765625e-05
01100111011001011110,14.470879699241896,9.765625e-05
11110100110000111011,9.514848054161327,9.765625e-05
01100011000011100111,22.330548453207477,9.765625e-05
01000000100100100111,40.6729324891838,9.765625e-05
11001101000011010101,12.611496185503565,9.765625e-05
01011000101000000000,16.89372941824044,9.765625e-05
11001000000000011010,19.524298102398742,9.765625e-05
01011011001010111000,21.331818091918628,9.765625e-05
10110100100000011101,15.187809688583194,9.765625e-05
11011101101001111001,22.53749557599864,9.765625e-05
11011001110100100001,11.81675966367867,9.765625e-05
11001111110010011010,16.666593694243865,0.0001953125
11110001110001100001,10.247834435757866,9.765625e-05
10011001111011100110,20.980001229922927,9.765625e-05
01100101000101000001,14.832864965889833,9.765625e-05
10010111010001000100,16.67445167577405,9.765625e-05
11011001000011101110,18.73997884839294,9.765625e-05
11010110100110010111,15.986084621727233,9.765625e-05
11001111001111111001,15.199769477109221,9.765625e-05
01101101111011110000,13.470038018874142,9.765625e-05
01100111100111001101,16.822556917010424,9.765625e-05
10011011001011001110,23.481164462672474,9.765625e-05
00010010001001010000,24.670683420335344,9.765625e-05
10110100000000101000,16.318016911728506,9.765625e-05
00111100101000010101,13.027596842368144,9.765625e-05
00110100000101010011,11.314418359286982,9.765625e-05
10110011101000011110,21.867866011047095,9.765625e-05
00111100100010011101,18.848764062047216,9.765625e-05
11000001010000000001,12.57570906206833,9.765625e-05
00011101000000100010,22.10012344695803,9.765625e-05
11010110110100111011,11.651276135453056,9.765625e-05
11010000001100000101,15.001197825110516,9.765625e-05
00001110000011011010,21.145748727397443,9.765625e-05
00001101110001010000,14.825638067726526,9.765625e-05
01011111110101100111,16.223760262582445,9.765625e-05
00110100101110011101,24.5488555424884,9.765625e-05
11011110010110011100,15.892180966399263,9.765625e-05
01110001110101000010,12.050895973289794,9.765625e-05
01011111011111110001,11.804903555602019,9.765625e-05
00111101110011000100,13.448900732011195,9.765625e-05
01001111011001001100,12.980885654940623,9.765625e-05
01101101110110010100,12.815561838568152,9.765625e-05
11101100111010100000,12.427698059054489,9.765625e-05
11010110011100110101,12.640002081184168,9.765625e-05
10110100101101110000,12.741288679162729,9.765625e-05
11110011111100111010,15.490042132299264,9.765625e-05
01110000001000010010,13.226985921102633,9.765625e-05
11100101010011100001,17.71052123144698,9.765625e-05
10001100001001000110,22.13262776345236,9.765625e-05
00001111001011101000,13.821273081712015,9.765625e-05
10001000110010011110,44.95166312749525,9.765625e-05
01001110101011100000,17.186900548143534,9.765625e-05
11010010101101100001,20.68096120775151,9.765625e-05
11001101100111000101,12.74033153785228,9.765625e-05
11010001010101111010,17.0742343281304,9.765625e-05
11001100000111110000,10.369072695248116,9.765625e-05
00111001011010001110,16.36479818171361,9.765625e-05
11111000100101100110,17.876370590452314,9.765625e-05
10111101111110010000,15.025393064367936,9.765625e-05
01011110100110011011,15.19492926671124,9.765625e-05
00100000110010011001,47.04338311131799,9.765625e-05
11011101001101110111,14.869810788893304,9.765625e-05
10001101001000011000,17.358084604787727,9.765625e-05
11101001001011110110,18.250516148164074,9.765625e-05
01001110100110001000,15.47717498263481,9.765625e-05
11010100010101100101,8.89887685258545,9.765625e-05
10001001100000101001,21.938185295226155,9.765625e-05
00001111001110011011,17.197791091732828,9.765625e-05
11001011001001111101,22.733370213575057,9.765625e-05
01010010011000010001,14.914991840833565,9.765625e-05
11110100011001001100,12.11630226533057,9.765625e-05
11010001000011110000,19.47224532844515,9.765625e-05
11000111110100100000,13.487626815737059,9.765625e-05
00111101110101011111,13.569232756974912,9.765625e-05
11100110100111010101,22.563400644092752,9.765625e-05
00010110000100000011,13.997786535962844,9.765625e-05
00110101010011000011,15.06803129651873,9.765625e-05
11000000111000100010,25.739124673998674,9.765625e-05
00111110001011000010,18.12190003397303,9.765625e-05
11011111110111101011,16.08360306223411,9.765625e-05
01111011101101011101,22.100810013559805,9.765625e-05
11011110111010100010,17.01318770043574,9.765625e-05
00010011101000011001,24.408214351644588,9.765625e-05
00111111011011101011,16.16376060138436,9.765625e-05
01000011010111000010,18.60156467128934,9.765625e-05
01111001010010010000,14.905317857974651,9.765625e-05
01110000011010001110,19.089079383400115,9.765625e-05
01110000011011010010,18.136777151643404,9.765625e-05
01011110010110101101,11.997786535962842,9.765625e-05
11110100011011110101,13.37743713076469,9.765625e-05
00111111100111110101,17.416616171273688,9.765625e-05
10101100110100111011,29.45784931699331,9.765625e-05
01100100010000110101,16.75007995679751,9.765625e-05
01111000010010001010,13.431992874974565,9.765625e-05
11110100001100010110,11.898703715984485,9.765625e-05
01011000000010011010,19.22698592110263,9.765625e-05
11111001111111010000,14.643673720473078,9.765625e-05
01101110001011110011,19.804903555602017,9.765625e-05
11001101100101001111,14.74033153785228,9.765625e-05
11100101110110001111,18.439064365104624,9.765625e-05
00111110111010011011,16.197945579841132,9.765625e-05
11010010011111111010,24.308726782484293,9.765625e-05
11010110100011011011,17.635749013292063,9.765625e-05
11111100110101011010,10.554082795136782,9.765625e-05
11000000010100111000,23.293830634926792,9.765625e-05
10000101000000101101,19.1768731305644,9.765625e-05
01011110001111100010,15.963312062126766,9.765625e-05
10100101101000111011,22.85539611810898,9.765625e-05
11001100010010110000,8.720554596352205,9.765625e-05
11011000000010100010,14.07717683083166,9.765625e-05
01010100100110010001,22.977688320110232,9.765625e-05
11011111101001111110,25.272566841458556,9.765625e-05
10001010010110111100,54.28479876061914,9.765625e-05
10010101110100001011,18.408214351644588,9.765625e-05
11111100011000011010,13.409248726191095,9.765625e-05
01010110011011010100,15.640873113930047,9.765625e-05
00011111001110011111,16.517638974667406,9.765625e-05
11111100110011101100,14.30882067777172,9.765625e-05
11101101101010101011,22.759146788622594,9.765625e-05
01011011001100111101,20.039795241125745,9.765625e-05
01110111000111010110,18.843974747636786,9.765625e-05
00011011001110011100,19.15141812413666,9.765625e-05
11011100110110101110,12.202241217719125,9.765625e-05
11000011100100110001,18.50643582491402,9.765625e-05
01101110101100010011,19.099668944635724,9.765625e-05
00100111100101101101,19.97854342522581,9.765625e-05
10011010010101000101,46.73504651116895,9.765625e-05
01000111000110001011,22.350423692191555,9.765625e-05
11111111110001010101,31.938870071730328,9.765625e-05
01100111110101101100,16.486287828889388,9.765625e-05
11000011100011000100,11.64369038252445,9.765625e-05
00100010000000011000,33.69111884901061,9.765625e-05
00110110101111110100,22.31058961979079,9.765625e-05
01100111100100000111,18.583484700776474,9.765625e-05
11100111111001010110,15.423265612968072,9.765625e-05
01111000010110000010,11.228832830778828,9.765625e-05
01111010111100000010,16.362456861083913,9.765625e-05
11101101110010110101,15.87176147619412,9.765625e-05
10011100100110001001,12.64972216559978,9.765625e-05
00011110001100000010,14.611505871540526,9.765625e-05
10011101100001000011,17.46561879039549,9.765625e-05
01110011110011111001,18.4678209248895,9.765625e-05
11011000000100000000,13.47662624208997,9.765625e-05
01001100000001101101,17.938185295226155,9.765625e-05
01110011110000110010,16.15421873067969,9.765625e-05
11011011101111011000,19.71052123144698,0.0001953125
01010111110111001111,21.205303768200764,9.765625e-05
11000001000001000100,9.73311161570339,9.765625e-05
10010111011100000000,16.248075941515857,9.765625e-05
11001100000010101000,12.459371202766286,9.765625e-05
10011001001010100110,19.743804056318325,9.765625e-05
10000111110110111010,22.46520677093187,9.765625e-05
00010001010000001001,20.13942128363684,9.765625e-05
11001100110011111001,14.031348348628274,9.765625e-05
01001001101100000100,18.340243451646494,9.765625e-05
11011100010100010011,7.664798317009273,9.765625e-05
10110101110100011011,13.101493674248449,9.765625e-05
01011010011100101111,21.343897411035528,9.765625e-05
00111100100100010111,12.310728071505402,9.765625e-05
11011100110100100110,8.645976824645613,9.765625e-05
10010110000001101001,16.16301000831448,9.765625e-05
11011010101010101010,19.13921276020446,9.765625e-05
11011000011000011100,13.920323741322687,9.765625e-05
11001110111010101011,17.568471754286826,9.765625e-05
11110001110110100001,13.066352190935278,9.765625e-05
00111100110000100111,13.645597776258132,9.765625e-05
01010011101001010100,19.960746621371698,9.765625e-05
01111001100001000101,16.980708899231995,9.765625e-05
11010011110011000100,10.256931060114878,9.765625e-05
10110100100000111110,19.226985921102635,9.765625e-05
01001100010111001010,18.071433721587372,9.765625e-05
10110111010110101111,21.883144738562883,9.765625e-05
10010111010001100001,15.204951253405476,9.765625e-05
11100101000100110010,17.61113204689788,9.765625e-05
11001101100101000011,14.614306478083556,9.765625e-05
01001111100000111011,22.71027264091119,9.765625e-05
01010111110101010100,12.362456861083913,9.765625e-05
10110000101001101100,24.173249393769602,9.765625e-05
01010010100100000010,18.24705125300631,9.765625e-05
00011110000000010000,18.04111902392436,9.765625e-05
01111001011100110111,12.40976832149787,9.765625e-05
01011011110010001111,17.074722584617756,9.765625e-05
11010011111000101011,19.931883770239892,9.765625e-05
00000111000100011010,17.737150865073254,9.765625e-05
10011110100110101010,16.942588683201706,9.765625e-05
10011101101011100011,20.59324311086574,9.765625e-05
11011010111110101010,16.631484284171187,9.765625e-05
01001011010010010110,14.740331537852278,9.765625e-05
11100111111000100011,22.315449289389882,9.765625e-05
01010111110100011001,16.97678271124138,9.765625e-05
11001100100010100011,14.348073332818773,9.765625e-05
01011100111011011010,22.5063399431853,9.765625e-05
01101101001111100100,13.821273081712016,9.765625e-05
00000111000101001011,16.691345580781853,9.765625e-05
10010111010010011100,17.81936568797833,9.765625e-05
10011111110011011110,20.002376278147118,9.765625e-05
01001110101100100101,19.628721785321925,9.765625e-05
00110011100100101000,16.72964255252077,9.765625e-05
10011101011000010101,16.701408385192398,9.765625e-05
00011001101100100000,20.452488787707317,9.765625e-05
01110110100100000111,15.135056297622327,9.765625e-05
01101100000000100101,17.484816523157072,9.765625e-05
00111100000010110011,13.2304508162604,9.765625e-05
11010010010110001100,12.764119747219205,9.765625e-05
00100111000001011010,17.98800596748974,9.765625e-05
10000111101001101101,19.007457808799217,9.765625e-05
01001101010111110100,10.879579597760955,9.765625e-05
11111100111101110010,6.076822672530189,9.765625e-05
11001101000111001000,14.716569676573677,9.765625e-05
11000111100101100101,13.299444331199556,9.765625e-05
11110001100111001010,17.92851664487547,9.765625e-05
01110010001011000000,16.781913841050777,9.765625e-05
01111110111010111001,14.51764866070436,9.765625e-05
11100101100000010101,13.547539644789325,9.765625e-05
11010110010100000011,13.508331546169455,9.765625e-05
10110011011110101110,22.708432816012795,9.765625e-05
10011101110111000101,12.068445938877689,9.765625e-05
11110101111101110100,10.141081839104302,9.765625e-05
01111100100101011111,12.691345580781851,9.765625e-05
01110100001101011010,15.45177775024202,9.765625e-05
10010011110101010000,18.18300434857544,9.765625e-05
11110100101110010111,13.521297102081295,9.765625e-05
00110100000001010001,11.16395746358797,9.765625e-05
11010110110011011101,11.494651246557455,9.765625e-05
01011100110100100001,10.431469024515735,9.765625e-05
11001101110110101101,14.428347143620169,9.765625e-05
01110001101111011001,27.09564053494637,9.765625e-05
01000101011110001100,29.480981542067532,9.765625e-05
10110111111101011101,15.391765605857243,9.765625e-05
10101000001011100010,34.94820926836169,9.765625e-05
01101101101101001011,17.514838368124373,9.765625e-05
01011100010110000010,9.471294341600853,9.765625e-05
11100110110110010100,20.547713515811353,9.765625e-05
00111110011011001110,21.30864318764203,9.765625e-05
10010001010111100100,20.023256560935764,9.765625e-05
00110110001001101101,21.624511287415718,9.765625e-05
11001001100100110000,14.720554596352205,9.765625e-05
00011110100010101011,19.19811338393387,9.765625e-05
01110111011100010110,15.535870614502649,9.765625e-05
11110000000000000010,12.554436953438248,0.0001953125
11110001100110010100,13.512940660427647,9.765625e-05
11010010000100100001,15.898703715984485,9.765625e-05
11110100111000101001,11.135470939981285,9.765625e-05
11010101110101100011,18.686974353173994,9.765625e-05
01111000100100110101,17.474104634180843,9.765625e-05
00011010000100010000,25.72439403973386,9.765625e-05
10111100101110010001,12.917512725161448,9.765625e-05
01000111111010010000,20.22002459682541,9.765625e-05
01110111111101110011,16.57495920416783,9.765625e-05
11011011011111010110,19.986074935690276,9.765625e-05
11010010100010001001,14.245750373852413,9.765625e-05
10110010001000001000,24.422727292881255,9.765625e-05
01010011000001000100,14.18684704010046,9.765625e-05
11010011100000110001,18.366291842173453,9.765625e-05
01111101110101100111,11.6169756089264,0.0001953125
10011001011001100110,17.652601522888848,9.765625e-05
01010011010001101000,15.14384133366376,9.765625e-05
00111101111000110101,14.279372757702529,0.0001953125
11000110000100101100,14.854500918858335,9.765625e-05
11010110110010001011,15.272328769304353,9.765625e-05
00111101011111011111,13.19505460958148,9.765625e-05
01010110000111011100,14.848764062047216,9.765625e-05
01011101010111100101,13.026517187813209,9.765625e-05
11000100100001011001,13.432422721382576,9.765625e-05
11010111011101011100,12.316699370523239,9.765625e-05
10011101111111001000,15.0504050067799,9.765625e-05
00000111100110000000,16.325088401858565,9.765625e-05
00010010000011101110,32.125149673494114,9.765625e-05
11110101110100011111,11.876360904415357,9.765625e-05
00111001101110011111,23.13957775818644,9.765625e-05
01100011101111111101,28.18347241144061,9.765625e-05
11110100101001100001,13.472245328445155,9.765625e-05
11001110100000111100,16.889590869729908,9.765625e-05
01100111110011101100,18.005138482729116,9.765625e-05
00011111111001000011,15.616975608926392,9.765625e-05
01011100000101101000,15.448730305432768,9.765625e-05
11000110100100101110,18.002151521977357,9.765625e-05
00110111001101101100,17.48723881573369,9.765625e-05
00001111001110111001,16.86484544276515,9.765625e-05
11010001010111100001,15.469196240129715,9.765625e-05
01001110000000101110,19.44968400229961,9.765625e-05
01100001001100001010,21.163915617183328,9.765625e-05
01101100001001011110,14.740341223889237,9.765625e-05
01110011110111100010,16.30945843279425,9.765625e-05
01111110111001000011,15.13600030845221,9.765625e-05
10001000000011100101,38.99859180081086,9.765625e-05
11010110110000001010,15.046708477404977,9.765625e-05
00000111000100001001,14.832874651926787,9.765625e-05
01011100010100011110,11.770151530294532,9.765625e-05
10010100000000011100,17.65038093620241,9.765625e-05
01100011101000000100,13.6459519345596,0.0001953125
10110101010100101001,14.316699370523239,9.765625e-05
10011101000100101110,18.632531876325455,9.765625e-05
01100011010011001110,17.010598239810772,9.765625e-05
11110100101000011110,15.720218117950614,9.765625e-05
00111111001010110011,21.58168171107341,9.765625e-05
01011101100101010111,17.911223683361882,9.765625e-05
01000110010011111000,18.2097246401856,9.765625e-05
00111001001110111010,20.533936785553443,9.765625e-05
10010111010101101010,15.423265612968073,9.765625e-05
11010101011101110000,15.459065866883872,9.765625e-05
10001101101011000001,16.141081839104302,9.765625e-05
10011101110111101100,14.055071895073038,9.765625e-05
11001111100101101100,15.409248726191098,9.765625e-05
11001110100010101100,16.42207747389451,9.765625e-05
11001101110110110111,13.366882341995735,9.765625e-05
11011000111000110101,14.106829019181173,9.765625e-05
11110000101101111001,18.16107617936527,9.765625e-05
00101010100011111011,47.58743525157209,9.765625e-05
00011110000110001010,14.16301000831448,9.765625e-05
00111011001000100100,23.697111593670854,9.765625e-05
11111100111101100011,6.40976832149787,9.765625e-05
11010101011010111001,27.966488996194922,9.765625e-05
10001101000111000011,16.202844287855307,9.765625e-05
00000111010100010000,14.645976824645611,9.765625e-05
01111101101101010010,15.428054290924454,9.765625e-05
11000100010011101011,22.506339943185303,9.765625e-05
11000111010011110001,13.096884559990256,9.765625e-05
01111101011111111000,15.75914678862259,9.765625e-05
10110101111110010110,18.493690573676197,9.765625e-05
11010001010101000110,11.883173796673749,9.765625e-05
11111110110100010001,26.97783748655013,9.765625e-05
10011100111000000000,12.544363434302417,9.765625e-05
00101011111010000001,27.066352190935277,9.765625e-05
10010110100011100010,21.93092309735864,9.765625e-05
00110110011010111110,24.866175575920497,9.765625e-05
11100101101100000110,15.783288421869923,9.765625e-05
01101111110010101011,22.816428703289176,9.765625e-05
01011100111000010111,14.806215578795182,9.765625e-05
00111100001111001101,15.446979386248689,9.765625e-05
11011100110000111010,10.467555242240037,9.765625e-05
01101101110000000100,14.318016911728506,9.765625e-05
01110000001100100010,16.202241217719124,9.765625e-05
01000001011010100101,31.53429438829852,9.765625e-05
00101101011101010110,16.442431490469048,9.765625e-05
00011111010100101011,15.584496171678257,9.765625e-05
11000110100110011000,11.876591520784007,9.765625e-05
11010110001111110010,19.85352359476553,9.765625e-05
11100101100000110101,14.769868363635773,9.765625e-05
10010111100101110010,18.184693325699726,9.765625e-05
10010111011100011011,18.250516148164074,9.765625e-05
00110011100001101010,19.074722584617756,9.765625e-05
10110111100111110011,18.74484612036899,9.765625e-05
11000111101010000110,24.09148936745409,9.765625e-05
10110001111001010000,14.764045311132888,9.765625e-05
01110011110110001010,14.188065390928443,9.765625e-05
11010100010100001111,11.803353753773596,0.0001953125
00001101000010010100,14.928514022389782,9.765625e-05
11000011111001110100,16.2097246401856,9.765625e-05
11111100011111001111,13.537588758501187,9.765625e-05
01100111111100100011,21.561543313958538,9.765625e-05
01011100011101110000,8.776683976756525,9.765625e-05
01101101011001111110,13.157096483331584,9.765625e-05
11000011010010000110,14.384378788700738,9.765625e-05
01001111100101010000,13.820350516524535,9.765625e-05
00011111001010010001,17.540659292459026,9.765625e-05
01011111011100011000,17.32617086440306,9.765625e-05
10100101100111110001,18.942222041713542,9.765625e-05
00001011001000101001,23.480692133815424,9.765625e-05
11001001000011101111,18.783821234784455,9.765625e-05
00110110100110110101,19.271419628864695,9.765625e-05
01111000011010100010,9.787030242093099,9.765625e-05
00111101010001111011,15.703881475789547,9.765625e-05
11010011001000011111,21.041684720787828,9.765625e-05
11010110100100011101,10.832874651926787,9.765625e-05
00111101001010011001,20.029160585385572,9.765625e-05
01000011010000010101,14.491359673504528,9.765625e-05
01101001001000000010,14.55820718447843,9.765625e-05
10001111111000001110,22.603964675039105,9.765625e-05
00000110000001000011,21.885181534428266,9.765625e-05
10011101010101001000,13.001188139073562,9.765625e-05
01111110111110100110,13.41977709058434,9.765625e-05
11110011010010101011,20.79348635315468,9.765625e-05
00111001101010111000,23.283121543100304,9.765625e-05
11101100101110001010,15.102996835241376,9.765625e-05
11000111001001000100,15.889370673819275,9.765625e-05
00100111101111100011,21.816270792373455,9.765625e-05
11010011100111100100,14.847794437550071,9.765625e-05
00110111101110011000,18.181335886372253,9.765625e-05
01010100010110011011,22.435412392156877,9.765625e-05
00001111000101100100,15.241114617238637,9.765625e-05
01010010010000001001,12.293769416448237,9.765625e-05
11010100110100000011,10.471294341600853,9.765625e-05
11010110100100000111,16.661963134343274,9.765625e-05
10011111101111101100,16.646548763102434,9.765625e-05
00100111001000000000,17.537188155707913,9.765625e-05
11011100011110101110,12.20696588004721,9.765625e-05
01100111010100010101,16.381340306347195,9.765625e-05
01010011001000010010,22.90627155484149,9.765625e-05
00100010001001011010,38.89670940297779,9.765625e-05
11000001110100001100,14.318263749994722,9.765625e-05
01011010100111111100,24.374636524221653,9.765625e-05
11110010111000010000,14.424583154173337,9.765625e-05
01111100101010001101,18.729642552520772,9.765625e-05
01001110101010110000,15.646830177491616,9.765625e-05
11100001100110100100,16.24705125300631,9.765625e-05
11111100011110110011,8.016610749188864,9.765625e-05
01110110111010110110,19.19732584765358,9.765625e-05
01111001110100100111,12.783821234784456,9.765625e-05
00111011101001000000,19.624576037465072,9.765625e-05
10110111011010011111,23.777127236662885,9.765625e-05
11001101110011110110,10.44715615279713,9.765625e-05
00010111010100001110,16.729642552520772,9.765625e-05
11100111110101001100,15.108471660577038,9.765625e-05
11011100100101000001,9.827491218996071,9.765625e-05
01110110111000011100,13.588508457393619,9.765625e-05
11001101011001011110,11.586709635715415,9.765625e-05
11110010100100011000,16.697394760329615,9.765625e-05
01101100100110000010,13.102996835241377,9.765625e-05
01101100111000110010,10.840650203507728,9.765625e-05
01011010001010000010,16.516139981699332,9.765625e-05
00011110001111111011,16.807679184931843,9.765625e-05
11100001010000001011,18.30882067777172,9.765625e-05
00100110111111100110,37.52841834535172,9.765625e-05
10111101111001000101,14.804136936525154,9.765625e-05
10010100100110000010,19.716440910896022,9.765625e-05
01100111010001110110,16.55688964327316,9.765625e-05
00101101001110001000,17.233573420737216,9.765625e-05
01011110010110011001,9.160867448792828,9.765625e-05
11110011111000011111,15.049990364420944,9.765625e-05
11001111101001100111,19.59580209204757,9.765625e-05
10011001110000100111,17.741744051701144,9.765625e-05
11100111011001011001,19.71434372934982,9.765625e-05
11110100010100111101,8.916906210581663,9.765625e-05
10011001011100000101,18.75267091284316,9.765625e-05
11110001110101011101,11.026388422135547,9.765625e-05
11111011101100010110,28.28791375262749,9.765625e-05
10101101101101001011,17.356475876029123,9.765625e-05
01011100000010011111,18.599846527290808,9.765625e-05
11110100111011001000,13.939325346301725,9.765625e-05
10010000000010000000,17.610835341332443,9.765625e-05
01011111101100011111,23.42805429092445,9.765625e-05
01000111011111011101,16.405933340408332,9.765625e-05
01001001000110100010,19.186900548143534,9.765625e-05
01111000001100100000,12.086870272891685,9.765625e-05
00111100010110100110,14.008411505666057,9.765625e-05
11111000111010000000,10.958899711695507,9.765625e-05
11011101101100011011,23.223011743081045,9.765625e-05
00001110110111000000,24.423616239698735,9.765625e-05
10010100100000000111,19.868280653406053,9.765625e-05
11101101111001101100,12.983695947520612,9.765625e-05
00110011111101001011,18.229971238348206,9.765625e-05
01110010010010101010,16.84611722003124,9.765625e-05
01011011011000010110,15.268747787999317,9.765625e-05
10010111110001001100,13.921512614817312,9.765625e-05
11001110011010101001,16.614316164120513,9.765625e-05
01011010000001110001,22.733370213575057,9.765625e-05
10111110111010100010,22.64498709365349,9.765625e-05
01001101000001000000,14.28947813209897,0.0001953125
00111100100000010000,12.504881855060745,9.765625e-05
10011001000000101010,18.94451971500117,0.0001953125
11000111101101101010,20.555036492003623,9.765625e-05
11110100010111110000,10.310728071505398,9.765625e-05
00010111011101111100,19.074234328130405,9.765625e-05
10011000000000000011,21.233573420737216,9.765625e-05
01110110010110000000,11.700143834431046,9.765625e-05
11010010100110101100,15.448354701488896,9.765625e-05
00011010111001111100,37.238169317387644,9.765625e-05
00110110010111010011,17.775187166120336,9.765625e-05
10010111110110101101,15.06635219093528,9.765625e-05
00011110000100001001,14.55820718447843,9.765625e-05
11100101111011000101,15.00328188701597,9.765625e-05
11010000010001111010,18.071433721587372,9.765625e-05
11010000010100111101,16.28748652911482,9.765625e-05
11100101101000011011,19.97734737941653,9.765625e-05
01111100010100100011,7.871761476194122,9.765625e-05
11000110110110111100,16.07455560248294,9.765625e-05
01001101000100100011,18.628438618663168,9.765625e-05
01101001111110100101,22.08551806843625,9.765625e-05
10011101110110011011,16.73997113795746,9.765625e-05
11011101111100011111,15.455943985988307,9.765625e-05
01011111001111111101,16.639973023073303,9.765625e-05
10001101100001000111,16.165820300894467,9.765625e-05
01111001111010101111,18.9812737745472,9.765625e-05
01111100011010010110,8.229786527645668,9.765625e-05
01001101001111000101,14.141081839104306,9.765625e-05
01101101111001111101,15.787036483686446,9.765625e-05
10111101101100101010,17.331818091918628,9.765625e-05
10010101010000101001,17.556594717008952,9.765625e-05
01111100010110101001,11.997786535962842,9.765625e-05
11011100000111111000,10.614316164120513,9.765625e-05
01111011111001000101,17.670165723933007,9.765625e-05
10100101001101110011,19.612076999288895,9.765625e-05
10110111100101101110,18.912717892738918,9.765625e-05
11001101111111110011,15.169314472142979,9.765625e-05
11011011111011101011,18.046154659750158,9.765625e-05
01111100100101001101,14.38437878870074,9.765625e-05
11011100110110111000,7.911252741472748,9.765625e-05
00100111011000010010,18.906171210820652,9.765625e-05
10010111010101001001,11.017119395598634,9.765625e-05
01011001111001000010,18.9224600700908,9.765625e-05
01010010110000001000,13.414198781142993,9.765625e-05
00101101100010111000,21.730569607032024,9.765625e-05
11010110010001101011,15.423265612968075,9.765625e-05
01100100000110110011,20.965973922687926,9.765625e-05
01111001101111000000,15.976693805527077,9.765625e-05
11110111111111011110,14.960157198905588,9.765625e-05
01100001111000010100,14.878921550739568,9.765625e-05
00111100010010001011,13.624511287415718,9.765625e-05
10110100000001010101,17.80333782614329,9.765625e-05
00001111101011111000,17.470038018874142,9.765625e-05
00111001100110000010,14.355464405127336,9.765625e-05
11100100010001010011,15.844142464602328,9.765625e-05
00111001101000100110,15.557841277411327,9.765625e-05
00110001011010000000,14.7352053636458,9.765625e-05
01111100000110011011,12.707330872631005,9.765625e-05
10110110111001101011,19.604365277832375,9.765625e-05
00110101000111100110,19.912646901096213,9.765625e-05
11011100110110000100,8.787406569618218,9.765625e-05
00101101100111101011,19.781883961391642,9.765625e-05
01001011000111001000,17.39477284776804,9.765625e-05
11011010101110111010,19.568471754286826,9.765625e-05
10110111101101000110,18.91271789273892,9.765625e-05
10000010100011011100,39.91960095509176,9.765625e-05
11000111001110101111,22.64654178708802,9.765625e-05
00001111100101110000,15.24678673484021,9.765625e-05
01010110100111010101,15.7828605619032,9.765625e-05
11000111111001000111,17.310660611433498,9.765625e-05
01110011000100100010,20.86236097395701,9.765625e-05
00111111110111101100,17.04999036442094,9.765625e-05
01111110111010010110,13.443568097101009,9.765625e-05
01011010001000000100,17.838849395388234,9.765625e-05
01110010000110011000,16.510984455114723,9.765625e-05
00101100100000100010,16.42769805905449,9.765625e-05
10100101001111110101,22.71331206482586,9.765625e-05
11100001100111001001,21.19199718446801,9.765625e-05
01001011001111111110,20.71331206482586,9.765625e-05
11011000001010000101,15.897743777524296,9.765625e-05
10110111101011011100,20.743630086919616,9.765625e-05
01100011101110011110,21.173007153590547,9.765625e-05
11001001110000011100,13.605519368473628,9.765625e-05
00100111010110110010,22.745835851361115,9.765625e-05
11100111110001101000,16.905317857974648,9.765625e-05
11111001000011001010,25.710519255845504,9.765625e-05
11001100100000111011,12.97113268657608,9.765625e-05
11111001110100111101,16.229786527645665,9.765625e-05
11010011000010011010,20.645601307828937,9.765625e-05
01110101100010100111,36.57125444675826,9.765625e-05
01010010110001010010,20.130328103723436,9.765625e-05
11001101011000101110,14.600219334084938,9.765625e-05
11100100010000010000,11.55094469234365,9.765625e-05
01001101000100101010,21.625917734335285,9.765625e-05
01110100011100100101,11.581978731793985,9.765625e-05
00110111110000100100,18.61524570532241,9.765625e-05
01101100010000101010,16.114756523511932,9.765625e-05
00011111110101011100,15.249851859549342,9.765625e-05
01101001111001101011,22.556754636002157,9.765625e-05
11010000000101101011,20.54267028915328,9.765625e-05
01011101010111110001,12.60766048083278,9.765625e-05
10100001100001100001,21.141919987901254,9.765625e-05
11111001111101101000,13.213434387168288,0.0001953125
10010101100101011011,18.73650207477484,9.765625e-05
11001101010111110011,12.218861652944943,9.765625e-05
11010111111010010111,23.202776827783403,9.765625e-05
01110110001111000011,15.597738739782713,9.765625e-05
00110100100010010000,16.443256214518172,9.765625e-05
01110010011000011110,16.276446917052652,9.765625e-05
00111101010110010011,11.675995225169306,9.765625e-05
00010011001100000100,15.33863098417702,9.765625e-05
01110110001111001110,18.64440881522665,9.765625e-05
01011101010001010101,11.995515297890734,9.765625e-05
11110111011101110101,17.816486477324126,9.765625e-05
11111100111001101000,10.983695947520614,9.765625e-05
11001101011100001110,14.326454031061822,9.765625e-05
11001101100001101000,14.959275315639381,0.0001953125
10000111000101111011,19.299135463746335,9.765625e-05
00011110100010000010,17.204094368988667,9.765625e-05
11011110100000001011,23.683053154756493,9.765625e-05
00110111011000000001,15.285039444419205,9.765625e-05
01101101110110010101,14.252382429914178,9.765625e-05
11001100101000100001,12.36465962123561,9.765625e-05
00011011001100000000,16.142058439615866,9.765625e-05
11010011000111000001,16.701020385189032,0.0001953125
11110010011001100001,22.720757172458498,9.765625e-05
11110000000000101101,14.914998816847982,9.765625e-05
11011100111010110010,12.61525113620731,9.765625e-05
01010011101000110000,26.98093718738222,9.765625e-05
01100111101100000110,18.25452498943583,9.765625e-05
11010000010100001110,14.25865282322108,9.765625e-05
00111101110000001100,18.422727292881255,9.765625e-05
01010000100000100011,30.442779407177166,9.765625e-05
00111101110011010101,13.19232499468115,9.765625e-05
01110001000000011100,17.493281019267037,9.765625e-05
11000011111110011010,22.21617368810557,9.765625e-05
00110001010010010011,19.25403935543416,9.765625e-05
10110001010000111111,22.11210968149595,9.765625e-05
01011110011100010110,12.614316164120513,9.765625e-05
01011011110100011011,19.356475876029123,9.765625e-05
11111100111001101010,10.554082795136782,9.765625e-05
01011111110000110001,21.02356489031161,9.765625e-05
11010110001100001111,18.661963134343274,9.765625e-05
01110001001010000100,19.239221382673847,9.765625e-05
10011001010000001100,17.828397562285986,9.765625e-05
11010010001101100110,23.768490251245822,9.765625e-05
10010100010000111001,14.825638067726528,9.765625e-05
11000001010100101000,14.696138426763085,9.765625e-05
11010111011001010001,17.066775882877145,9.765625e-05
01110010100000100000,16.31108222980687,9.765625e-05
01010110100011010000,18.536776223371497,9.765625e-05
00011110101111000100,17.220051239181,9.765625e-05
11000101010000101101,15.1768731305644,9.765625e-05
00110011101111010100,18.722475316457032,9.765625e-05
01101101110010010010,14.20180617459793,9.765625e-05
01111000011000000110,9.187809688583194,9.765625e-05
01110111110110011101,14.137419063894423,9.765625e-05
00111100000000100010,13.585813712883525,9.765625e-05
10010111110001111010,18.444284641738584,9.765625e-05
10100101100100001011,17.876370590452314,9.765625e-05
11101001101010010110,16.229786527645665,9.765625e-05
10110101001100101001,17.80717904882618,9.765625e-05
00101100000010001000,20.42579066532081,9.765625e-05
01011100111010111110,26.553450579762533,9.765625e-05
11110010111101101000,17.577802810010738,9.765625e-05
00110001011011000010,17.34926752798181,9.765625e-05
01001011011011100111,19.063132686881232,9.765625e-05
10110110100100001010,17.700143834431053,9.765625e-05
01100111111000000101,15.996832839096001,9.765625e-05
01100101000110000100,18.14481095816091,9.765625e-05
01110010100101001100,18.255084150438687,9.765625e-05
00011011101100010010,21.157096483331586,9.765625e-05
10011100110110001110,18.292808743566983,9.765625e-05
10110001011000110111,21.271419628864695,9.765625e-05
10011101000111110010,14.791477979355772,9.765625e-05
10110100101001000010,13.88422783756143,9.765625e-05
00111100100110100110,14.293746512803523,9.765625e-05
11010110010100110100,11.487626815737059,9.765625e-05
01001111010011000000,12.17250814454988,9.765625e-05
01111101111101101010,17.486329675294037,9.765625e-05
01110011000000100011,23.909069451361987,9.765625e-05
11101101111000111100,13.487626815737059,9.765625e-05
01110011101000101001,23.839421333845053,9.765625e-05
10100010101001110111,51.86502928325158,9.765625e-05
01100010100111101110,34.31729872358474,9.765625e-05
10110110100101101010,18.57689720114189,9.765625e-05
11110000110001100001,10.79159406550304,9.765625e-05
11011100110110110011,7.366882341995737,9.765625e-05
11001111100111011001,15.56914926050932,9.765625e-05
01011110011100011110,13.586709635715417,9.765625e-05
01110001011011001101,18.704173212260084,9.765625e-05
11110001100100000110,11.950115410075139,9.765625e-05
11011001000101000100,15.833061006135516,9.765625e-05
01100111111010000011,20.578579016747888,9.765625e-05
11001011011000011111,24.844154947789026,9.765625e-05
11100100100000100111,15.471294341600853,9.765625e-05
01100011001001000001,18.82025192477327,9.765625e-05
00111100001110000011,7.490042132299268,9.765625e-05
00111001110000000010,12.30882067777172,0.0001953125
01111100111101100010,7.600787740970947,9.765625e-05
11011100000111001000,13.26814127341953,9.765625e-05
11010001010010100001,15.917799423391013,9.765625e-05
10001000100001011001,40.305689023712,9.765625e-05
11111000001000111101,19.898703715984485,9.765625e-05
11001111111010001100,15.711838772652243,9.765625e-05
11101101001111000111,18.269624338757303,9.765625e-05
10110100100110111110,21.236245261602594,9.765625e-05
01100110011001011000,16.877672204027274,9.765625e-05
11100001001100000001,18.6039646750391,9.765625e-05
11111100101101110001,8.579790157842837,9.765625e-05
01011100010011100000,11.963624374023592,9.765625e-05
11110100100101000010,9.996832839096001,9.765625e-05
00110101000101100100,14.517049122138989,9.765625e-05
01100011100000000110,14.784175393085924,9.765625e-05
11110000100000000001,9.202254435326887,9.765625e-05
00111110100101101011,19.2027768277834,9.765625e-05
11010110001000011010,21.057066208079736,9.765625e-05
10010001010101010000,17.001117147430847,9.765625e-05
00011111101101001101,15.487475967962952,9.765625e-05
00011101010001010011,12.446436163715939,9.765625e-05
00110011100011000011,16.46766009681118,9.765625e-05
11110001111111000001,13.46502031834647,0.0001953125
11000111000000010111,19.250603067437087,9.765625e-05
11010000000110100100,15.389460319352834,9.765625e-05
01011110011010001111,14.887028444104462,9.765625e-05
00011111100111101101,15.19142907184926,9.765625e-05
01101101101110010011,16.04972855627739,9.765625e-05
10011110101011101001,17.736207148510637,9.765625e-05
01111001111000010111,11.310660611433498,9.765625e-05
01101100101000011110,14.63176026767547,9.765625e-05
01011001001111000101,17.648584737009894,9.765625e-05
11110000101110101001,18.130328103723436,9.765625e-05
01011100010100000010,8.32645403106182,9.765625e-05
11110100111001100011,11.021542155648095,9.765625e-05
01011000000100001100,16.383190649627178,9.765625e-05
11011001111000011000,15.176873130564395,9.765625e-05
01011001110101110101,18.27004775806809,9.765625e-05
01011011010110100000,13.268747787999317,9.765625e-05
11110001110000110100,8.424583154173337,9.765625e-05
11110000111010010010,12.677132468255316,9.765625e-05
00011111111110010000,13.759156474659545,9.765625e-05
01011000110011011011,26.555736189085955,9.765625e-05
00011011101001011000,21.60670750754719,9.765625e-05
10110101001001011111,19.213415015094377,9.765625e-05
00110111011111001000,12.278842567273681,9.765625e-05
11000110111100010110,20.31886402298116,9.765625e-05
11011100001010111110,17.74320304891082,9.765625e-05
11110100101000011100,13.749132501524018,9.765625e-05
11110011110001100110,15.481164462672467,9.765625e-05
11010001010100100000,10.181540018857536,9.765625e-05
00010110011110000011,18.31058961979079,9.765625e-05
11101101100111010111,15.67599522516931,9.765625e-05
01011001011100001100,14.823730673992848,9.765625e-05
01011001101100010001,21.608030566764555,9.765625e-05
11000100000011111101,18.784235877143413,9.765625e-05
10011101011011001111,17.95178753964418,9.765625e-05
01001111100101001011,19.025383378330986,9.765625e-05
01111101101111000110,17.775374429414192,9.765625e-05
11111100110011001010,13.867866011047099,9.765625e-05
00001010001000010010,33.60804025280151,9.765625e-05
00110011100001000110,15.395154518641204,9.765625e-05
01101100011010110010,11.219411117071033,9.765625e-05
01110011110000010011,14.183614394726032,9.765625e-05
10111100110010101010,15.249851859549342,9.765625e-05
00010101101100011100,34.534682475429086,9.765625e-05
01001100011010101110,21.70835369471212,9.765625e-05
00110011011011001010,16.102999457727062,9.765625e-05
01101111110001110010,18.899358318562257,9.765625e-05
00001100000000100010,16.156768673118442,9.765625e-05
01011110111011100110,18.737142120597426,9.765625e-05
01110101110100000101,13.496983790235312,9.765625e-05
01110011010100111100,15.394772847768037,0.0001953125
11010011100101000100,12.720209166334726,9.765625e-05
10011101111101101000,13.010579689694783,9.765625e-05
11000111001101101100,14.250886234095848,9.765625e-05
11011100110101011001,7.403839592465919,9.765625e-05
11010100000001110101,12.497288402536478,9.765625e-05
11110010001010001000,19.273695132928673,9.765625e-05
00111111111100111110,18.2028442878553,9.765625e-05
00011100100110001101,19.849111244334274,9.765625e-05
00110011000111100111,21.107091257387033,9.765625e-05
01101100000010110011,14.607338912212988,9.765625e-05
11100011101011010111,22.530891228808812,9.765625e-05
11010010100100111000,13.770151530294532,9.765625e-05
10111101101111100011,12.706675840739237,9.765625e-05
01110010101010101001,21.890676885481394,9.765625e-05
01001011111110101000,20.625873385048163,9.765625e-05
11110001100101000000,11.294720403292537,9.765625e-05
11000111100101101111,16.44428464173859,9.765625e-05
00001110100010000010,18.76064370802217,9.765625e-05
01000011000011001010,18.00513848272912,9.765625e-05
01001111101001010010,16.899368004599214,9.765625e-05
11111001111110010010,13.490042132299264,9.765625e-05
10011111110101100000,16.666593694243865,9.765625e-05
00001010001111101000,38.22793337637613,9.765625e-05
10011011011000101010,21.391640262987003,9.765625e-05
11101100000110111001,20.05111084753202,9.765625e-05
00110111110111100000,13.537588758501183,9.765625e-05
00011110001101000100,17.233573420737216,9.765625e-05
01101101101001110001,15.090335168049448,9.765625e-05
11000111110001100000,12.250886234095844,9.765625e-05
00110001001011100001,21.8391825381096,9.765625e-05
00001110101000011010,23.125043996965047,9.765625e-05
00101100011010101010,22.202478369948388,9.765625e-05
00011110001011001000,15.394772847768042,9.765625e-05
01111001011011001100,14.25693106011488,9.765625e-05
11001101010001010101,11.075505854906172,9.765625e-05
11110100010000101111,13.394772847768042,0.0001953125
01111000101010100000,14.755727184313074,9.765625e-05
11000110010001001000,13.340892536212168,9.765625e-05
11100101001001011001,16.328965229352743,9.765625e-05
11001101001100101011,18.628438618663168,9.765625e-05
11000111100111111000,12.723692699145335,9.765625e-05
01101001001110110011,21.74564325555904,9.765625e-05
01101100101000010111,12.214455544107034,9.765625e-05
11001101101000111010,19.527435187343364,9.765625e-05
01111100110000010110,8.737530931309244,9.765625e-05
10001111110011111010,18.51578582339786,9.765625e-05
11000101000110011100,15.69641368668612,9.765625e-05
00110011011000000101,15.09671821389983,9.765625e-05
10010111111000010111,22.444284641738584,9.765625e-05
10110101110100000011,11.04539093619971,9.765625e-05
01101101010100110101,15.664798317009271,9.765625e-05
11001100101001100101,13.617374029387786,9.765625e-05
11101101101110110010,15.592894165469287,9.765625e-05
01110011011111101011,19.72358277785093,9.765625e-05
00111111101110011100,18.58348470077647,9.765625e-05
01111000000010101000,18.31108222980687,9.765625e-05
10010111001110110101,20.184693325699726,9.765625e-05
01110110100110000100,15.413784138784038,9.765625e-05
11111100000001101000,22.445673174586567,9.765625e-05
11000101100101100110,17.47039217717561,9.765625e-05
11010110110111000000,10.486287828889388,9.765625e-05
10010000001000100000,19.3925822002484,9.765625e-05
01100110100110000100,16.97033347781754,9.765625e-05
10110001010000111000,17.757596263212918,9.765625e-05
01010011110011100000,18.735189436015496,9.765625e-05
00100111111000110000,20.214455544107032,9.765625e-05
00011111100001000010,20.19633475587785,9.765625e-05
01111101011010110110,17.000638674947478,9.765625e-05
11001111001001011101,19.167798686270856,9.765625e-05
10101100001011000011,24.44428464173859,9.765625e-05
10101101110010101111,22.643673720473082,9.765625e-05
11010110101001100101,20.056090341989243,9.765625e-05
01011111101100001011,28.577979663686385,9.765625e-05
10010001010110100100,18.43295625787836,9.765625e-05
10110101001111010101,16.1923827687161,9.765625e-05
11000101100100001100,15.808743428297662,9.765625e-05
11001100010011110100,11.91125274147275,9.765625e-05
01010101000111001000,32.609588791769895,9.765625e-05
01000110010000000001,13.346519362965495,9.765625e-05
01011011010111111010,16.84873147236554,9.765625e-05
10010101011100010110,20.428347143620165,9.765625e-05
00110101010111010101,13.085340578306555,9.765625e-05
10011101010110101001,13.299444331199552,9.765625e-05
11001101010001101110,11.724046857446803,9.765625e-05
11011011111110011010,17.490042132299266,9.765625e-05
11001100001000100101,12.611726801872221,9.765625e-05
11011000000110111011,17.470038018874142,9.765625e-05
00110111101101110000,15.75914678862259,9.765625e-05
11110001001100001111,16.82210852048642,0.0001953125
00111011101111001011,18.925853140808123,9.765625e-05
11001011100000110011,24.108212649583226,9.765625e-05
11001100010000011000,10.81557152460511,9.765625e-05
00101101001001000100,12.980885654940627,9.765625e-05
01000010001010001000,21.00209374794241,9.765625e-05
01101001101000000100,13.34089253621217,0.0001953125
10000010001011001001,37.46519780847616,9.765625e-05
11000110001101000000,16.32645403106182,9.765625e-05
11010010010110000010,15.228832830778826,9.765625e-05
11000111000010001100,16.82348383572663,9.765625e-05
11001101111101100110,11.576023371246265,9.765625e-05
11110001100101100000,12.517049122138989,9.765625e-05
11100100100100000010,11.47717498263481,9.765625e-05
01110110011100001011,12.470879699241898,9.765625e-05
00011101011100110001,12.716472053415199,9.765625e-05
11110011101001001001,19.19239672074493,9.765625e-05
01100111110110010100,13.182637499947212,9.765625e-05
11010010000010111101,17.15141812413666,9.765625e-05
10011101011010010001,16.614306478083552,9.765625e-05
11101100001101101000,17.48762681573706,9.765625e-05
11110011110110110110,15.85745528992842,0.0001953125
01010011100001010001,18.53048093997858,9.765625e-05
00011110110010000011,14.64367372047308,9.765625e-05
11001101001101011100,11.142363051917028,9.765625e-05
11001001001000110100,12.611726801872221,9.765625e-05
01101000011000010010,18.580433724396418,9.765625e-05
00001111011011101100,15.645597776258132,9.765625e-05
01001101110011001000,19.35965625454088,9.765625e-05
01010010000011000000,15.64369038252445,9.765625e-05
10000010000000011111,42.666970963330115,9.765625e-05
10110111100100010101,20.489210959516733,9.765625e-05
10100101010000110010,20.327060545641608,9.765625e-05
00111011111111101101,23.07633965017439,9.765625e-05
10011100101000101010,18.237736859333765,9.765625e-05
01110011101100001010,18.913623501607773,9.765625e-05
11111011101110101010,24.0093528064734,9.765625e-05
01001011011000001000,15.343709070385506,9.765625e-05
11111001101010110110,17.131388397044276,9.765625e-05
11010110111001100101,16.19336281367127,9.765625e-05
10100101100110100011,21.45080114973046,9.765625e-05
00000000011000110010,49.693360941844645,9.765625e-05
01111000100100101100,17.988710018100804,9.765625e-05
01011001101001100100,22.638384840963475,9.765625e-05
01110100100000010001,12.195357126677962,9.765625e-05
01011110111000100001,15.550343695775965,9.765625e-05
01110000011011010011,20.07273024721254,9.765625e-05
11011001001100010000,17.10127869124284,9.765625e-05
10110101010110100111,18.069152797478313,9.765625e-05
10100111110010111000,21.953785297094477,9.765625e-05
01110011111100100011,17.113047450732488,9.765625e-05
01110110101101010000,12.360262769120668,0.0001953125
11100101110101001111,13.494651246557456,9.765625e-05
11110011101001011001,19.03594786397671,9.765625e-05
11110100011110111001,11.406967714954838,9.765625e-05
10011100011011011010,18.618944944719875,9.765625e-05
01101110101010000010,17.576485268805477,9.765625e-05
01110010000001001000,18.2658742142121,0.0001953125
01111000010100100000,12.55063934562142,9.765625e-05
11010010011000101111,19.161705597589776,9.765625e-05
01110011110111101011,19.50682311172286,9.765625e-05
11000110000100100110,19.14236305191703,9.765625e-05
00100101010011000010,17.76178375909774,9.765625e-05
11011100010010110000,8.227977725663248,9.765625e-05
10010111110100000010,16.661963134343274,9.765625e-05
01000011000110000110,16.718287820572215,9.765625e-05
11010110111001010111,17.37743713076469,9.765625e-05
01110100011110111100,19.71925120347601,9.765625e-05
11100011100111100000,20.57689720114189,9.765625e-05
11000101010000011101,11.938243069261103,9.765625e-05
00001111001111001111,16.135929316809502,9.765625e-05
00011110011111101111,20.47545269224761,9.765625e-05
11111011011000110111,30.217930212428953,0.0001953125
10110101010111001110,17.326456653547506,9.765625e-05
10110100100011100001,15.06635219093528,9.765625e-05
11100001100001000000,11.202254435326887,9.765625e-05
00011101010000010101,13.827491218996066,9.765625e-05
10000111000000001111,20.90531785797465,9.765625e-05
11000001100000010000,12.322994653916155,9.765625e-05
00011110000110010111,16.869831178815723,9.765625e-05
11110110111111100010,16.23436305222218,9.765625e-05
11101011101011001000,25.730593539365074,9.765625e-05
11110110110101001110,15.448900732011193,9.765625e-05
11001101001001111100,11.350254000034194,9.765625e-05
11011111011100101011,21.860188327636166,9.765625e-05
00110100010001100011,14.845873091787562,9.765625e-05
10111101101100010000,17.32617086440306,9.765625e-05
11011100100010111101,14.540952145154744,9.765625e-05
00011110110100001011,15.88518153442827,9.765625e-05
01001001100000111000,22.481350904418058,9.765625e-05
10011011111001000111,25.818685607528344,9.765625e-05
01110011010001001000,14.07108456369884,9.765625e-05
11111100101110001010,14.25452498943583,9.765625e-05
10000111001101111000,16.50643582491402,9.765625e-05
01000011110010000000,14.183980949087001,9.765625e-05
01101001011000101010,16.916906210581665,9.765625e-05
11111100101110000110,13.204094368988667,9.765625e-05
00110111011001011100,15.734299754776947,9.765625e-05
01111100001110111011,12.77038795894255,9.765625e-05
00110011101000001010,17.225611340283486,9.765625e-05
11110000011010001000,11.809877237779883,9.765625e-05
01011001010110000011,15.310660611433498,9.765625e-05
00011110001110100001,11.763881136987633,9.765625e-05
01111000111100100010,10.252723370607884,9.765625e-05
11110100111000100001,9.092523742000598,9.765625e-05
01011101011111011100,16.18402903708499,9.765625e-05
00001111000010111000,16.087483029064817,9.765625e-05
01111100001001111011,14.184693325699726,9.765625e-05
11111101111101100011,11.64463991136644,9.765625e-05
11110010100011110110,23.19232499468115,9.765625e-05
00101010001111100011,46.547362361799685,9.765625e-05
11011100011101111100,9.125043996965047,9.765625e-05
00110100010000010101,13.692663121987115,9.765625e-05
01111001011100100010,11.160867448792828,9.765625e-05
11100111110001101011,19.136000308452207,9.765625e-05
00001111100010101010,19.82998368166713,9.765625e-05
10110111011100111011,20.809619255474395,9.765625e-05
11001101110100111110,12.049543660070972,9.765625e-05
00011100110000011001,16.73501900943707,9.765625e-05
11011001110001001010,15.143841333663758,9.765625e-05
00010011110110010000,18.311566220302346,9.765625e-05
11110100111100110011,7.362157679667653,0.0001953125
11011100011001101010,12.283153409200732,9.765625e-05
10110100001000001001,14.469444721902121,9.765625e-05
01101101001100011101,16.840415848428208,9.765625e-05
11010011000111100011,20.662723413450113,9.765625e-05
10010001101011001100,27.665511966120437,9.765625e-05
10010110000101101001,14.229786527645668,9.765625e-05
11100100101010011110,18.889943384525186,9.765625e-05
10011001011001100111,19.333858380485808,9.765625e-05
00100110011110011100,32.48086600483746,9.765625e-05
00011101011001000001,11.244432832647147,9.765625e-05
00111100110010001000,14.608573789297296,9.765625e-05
01000111010110000000,13.233573420737216,9.765625e-05
11001001011000100100,10.833095582258483,9.765625e-05
00000111011010000111,23.57682620949918,9.765625e-05
10001101111101101010,18.411079621109785,9.765625e-05
01110101010011001101,20.5833176311048,9.765625e-05
00011110001110100000,12.503625532334036,9.765625e-05
11000100001101100101,18.31886402298116,9.765625e-05
10000111010011000111,21.537588758501183,9.765625e-05
01111000010011000010,13.427874727226266,9.765625e-05
10011001010010101001,17.213434387168288,9.765625e-05
01101110101110001001,19.953785297094477,9.765625e-05
11010101111011110001,26.528669635113687,9.765625e-05
11000111100101110001,12.914717636630517,9.765625e-05
11000101000111100001,17.45594398598831,9.765625e-05
11110100110100110011,5.651276135453057,9.765625e-05
01111101010101110010,12.89935831856226,9.765625e-05
10011100011001000101,16.752670912843165,9.765625e-05
00110011010110011000,17.655824765653758,9.765625e-05
11011001000111001010,19.48723881573369,9.765625e-05
11000011011010001000,13.092465967965651,9.765625e-05
11100100111001100110,16.2479987082798,9.765625e-05
01101100110001010101,16.202241217719127,9.765625e-05
11000001010110010100,16.233914361430923,9.765625e-05
00010011000011100110,21.458211604952748,9.765625e-05
10011011111000101011,21.3906058884405,9.765625e-05
11010011110010111100,11.884227837561426,9.765625e-05
10010110000001111010,20.844154947789026,9.765625e-05
10010011001011001011,22.17871568671186,9.765625e-05
10011011101101100111,24.955171462855017,9.765625e-05
01110100110011010010,14.745424642605947,9.765625e-05
11110000001001000010,14.30882067777172,9.765625e-05
01011100110001000111,14.055071895073041,9.765625e-05
10010011001101100000,17.953785297094477,9.765625e-05
00011110000001000000,17.537188155707913,9.765625e-05
01001011000010100101,17.268747787999317,9.765625e-05
11000010110111011111,40.77709872787887,9.765625e-05
00011000000010001011,22.97574281868278,9.765625e-05
11010001010100101010,15.825333455425364,9.765625e-05
11110000101010011010,17.48516903795235,9.765625e-05
11101110000010010101,39.54196788204841,9.765625e-05
00111011101011100001,19.42308188124503,9.765625e-05
01011110000111011110,15.423265612968073,9.765625e-05
01000111010101011001,12.260248639479002,9.765625e-05
11110111101011010110,25.393689748769496,9.765625e-05
10011100001011100100,17.197201239204414,9.765625e-05
10111111111100101010,22.53592838853759,9.765625e-05
01101110001011101101,23.710521231446982,9.765625e-05
11001100100010100000,11.439299629269264,0.0001953125
11100101010110110011,19.197791091732824,9.765625e-05
11010011010010110110,15.5998305996605,9.765625e-05
11010011010101010100,12.672530330011538,9.765625e-05
10000110100111110111,34.82021300637105,9.765625e-05
01101100001110001011,16.44138369117472,9.765625e-05
10101101101010111100,20.63246712627609,9.765625e-05
01110011011100000000,11.63812757139942,9.765625e-05
11111100110010111101,11.997786535962842,9.765625e-05
01001011101010001000,18.201293762445633,9.765625e-05
10001111111010101110,20.58572679361051,9.765625e-05
11000111011000100011,21.87648613852221,9.765625e-05
01001110100010001011,18.85939527334378,9.765625e-05
10010101011110100010,25.79460776698706,9.765625e-05
00111010111100100111,31.768415815159504,9.765625e-05
01011111110011010001,15.480663075704555,9.765625e-05
00001111011010001000,14.737530931309246,9.765625e-05
11011110100110011001,14.477592432983325,9.765625e-05
11001101001110011100,14.270924923643932,9.765625e-05
00111001000011110111,21.243693384364853,9.765625e-05
11000010000011101011,27.13312871026647,9.765625e-05
10100101000110011010,22.10422652645232,9.765625e-05
11011101111100001011,19.207929350078203,9.765625e-05
00110111100111011110,16.503813774607387,9.765625e-05
00110011101001001100,15.773038881446524,9.765625e-05
01001111101011010000,14.473821467522079,9.765625e-05
10011101011011000000,15.076161915486264,9.765625e-05
01011010000000110110,20.840415848428208,9.765625e-05
00011101101101000101,15.040312849991226,9.765625e-05
01101001000110001100,20.914998816847984,9.765625e-05
01011100010000010010,9.487626815737059,9.765625e-05
01110110100101010100,13.155189089597902,9.765625e-05
01100011000000111010,21.324182792989713,9.765625e-05
11011101011111110110,12.345853627188264,9.765625e-05
00110100001011000001,15.003281887015973,9.765625e-05
11100100000010001100,17.828397562285986,9.765625e-05
01101101001001010110,10.9567599493236,9.765625e-05
11010010100000010000,13.343709070385506,9.765625e-05
00011111100111111111,17.39366331355397,9.765625e-05
11111100110000100111,11.26874778799932,9.765625e-05
01100110111000010010,15.351972144032732,9.765625e-05
10011000000010101010,20.11820965906425,9.765625e-05
01010011000001011110,18.822108520486417,9.765625e-05
11110001101101010010,14.199976221240368,9.765625e-05
01111101110111110001,12.77257236486884,9.765625e-05
11110100100100110101,8.055203370773238,9.765625e-05
00000111001001001001,16.362456861083913,9.765625e-05
00011100000101000011,10.232596820225659,9.765625e-05
01101101100100011000,18.572245222630546,9.765625e-05
00110100000110100010,17.162939016671768,9.765625e-05
10110001001001000010,16.114031027258463,9.765625e-05
10001101000110101110,17.89684087867799,9.765625e-05
11010011010001111011,16.703823701754605,9.765625e-05
00111100000001011110,19.394772847768042,9.765625e-05
10011100000011101010,16.554082795136782,9.765625e-05
10110101011101000011,11.857455289928424,9.765625e-05
00110111110101101011,14.818146847287718,9.765625e-05
00111111100110101011,19.48340590821264,9.765625e-05
00101100110010100010,20.202478369948388,9.765625e-05
00000111001001000010,17.39572654463488,9.765625e-05
10110100100010001000,16.260162236647176,9.765625e-05
01101101001000001110,19.666081282091575,9.765625e-05
10110001100100101000,14.046708477404977,9.765625e-05
10010011101101100001,19.607487158727942,9.765625e-05
01101001101000110010,16.34807333281877,9.765625e-05
00111001010001000011,15.911599101801883,9.765625e-05
01011110010010100100,14.18505717003815,9.765625e-05
00101100101010101100,25.196867470825364,9.765625e-05
10001101010010100000,15.06680494098801,9.765625e-05
11011000010000100001,10.532330265410057,9.765625e-05
11111100110110110000,8.327060545641604,9.765625e-05
11111001110110011111,17.11676688375214,9.765625e-05
00100010000010110010,36.44010247836199,9.765625e-05
11000110110000110000,11.980203686426014,9.765625e-05
00111001010010101011,19.116766883752135,9.765625e-05
00111101001110000100,14.303257866646693,9.765625e-05
11010000010010110000,12.611789038199284,9.765625e-05
00001110101111100011,26.02438452146857,9.765625e-05
11010100011111001101,16.809802801693564,9.765625e-05
01000010100100000101,26.276861559411607,9.765625e-05
11001111110010000110,18.270941879962564,9.765625e-05
11011100011000010011,9.354667074046702,9.765625e-05
01000011110000000111,18.97574281868278,9.765625e-05
00100100101101110101,33.55626087234252,9.765625e-05
00111110100110101001,17.42326561296807,9.765625e-05
10001000100000100000,24.81557152460511,9.765625e-05
11010010111010101100,16.962599685514043,9.765625e-05
01111111011101111110,17.5844864856413,0.0001953125
11110101110100000110,13.63812757139942,9.765625e-05
01110010000110011001,18.081371302730894,9.765625e-05
00011101100110100100,21.111686909479033,9.765625e-05
01101110101100101110,21.473445863578206,9.765625e-05
11010010001011111100,21.220051239180997,9.765625e-05
00110101001101011111,17.28389774983745,9.765625e-05
01111100110000010010,7.898703715984485,9.765625e-05
00110101011001011001,15.31281213341085,9.765625e-05
11110100110101000011,5.978543425225811,0.0001953125
11110000100010001111,16.750098506913503,9.765625e-05
10010110101010001001,19.088347820217354,9.765625e-05
00011011000111000111,18.96015719890559,9.765625e-05
01111001110100000101,12.230689426491976,9.765625e-05
00110110101101000000,12.486287828889392,9.765625e-05
01110001110000100100,13.58197946621505,9.765625e-05
11110001011111000101,13.735923796348,9.765625e-05
10011001001011111010,23.02626681797618,9.765625e-05
01110010110010101110,18.809628756007477,9.765625e-05
01111001111001010010,11.310660611433498,9.765625e-05
11000111100001100100,13.892180966399263,9.765625e-05
11000101010111000010,16.487241525756232,9.765625e-05
10000010000010001010,30.048802225347384,9.765625e-05
11100101111000110101,13.455953672025263,9.765625e-05
10011100100111101010,15.596063078642867,9.765625e-05
11110010001110100000,20.31669937052324,9.765625e-05
00101101110010000000,16.072400636061978,9.765625e-05
00001100011111010001,28.379741176498346,9.765625e-05
00111110101001101101,22.470879699241898,0.0001953125
00100101101000010000,17.938807737436246,9.765625e-05
01011100001111100111,17.293444621364717,9.765625e-05
01001100110000000010,13.698948719343074,9.765625e-05
00111001110011010000,17.446979386248685,9.765625e-05
01100001101000001100,19.414198781142993,9.765625e-05
11101001101001101011,19.736207148510633,9.765625e-05
11001101011001101010,13.550343695775963,9.765625e-05
01010110000001101110,25.349009115614017,9.765625e-05
01100110001010000010,18.75766561134944,9.765625e-05
11111101001011110110,22.60557026446118,9.765625e-05
00100101111001001100,21.58940438022551,9.765625e-05
01110010000010101001,19.86786601104709,9.765625e-05
11001001001010010001,18.614316164120513,9.765625e-05
01111001111111100101,14.845699046101473,9.765625e-05
01101001111101100110,18.027172426845027,9.765625e-05
10011111001111000011,19.752510564535974,9.765625e-05
01111011100001100111,24.248496014350053,9.765625e-05
00110111100110000010,17.422144112008493,9.765625e-05
11110110101100101010,18.786089028412956,9.765625e-05
00001111000000001000,17.85425408059212,9.765625e-05
01111100001111100001,10.869831178815724,9.765625e-05
00100010000110000001,37.38622914282054,9.765625e-05
01110110110101001000,11.404106624354313,9.765625e-05
11000110111111110001,22.312610498865688,9.765625e-05
10010111010111101001,11.857455289928424,9.765625e-05
11110111101111001000,23.20841760656556,9.765625e-05
00111101001001111111,17.03785525771039,9.765625e-05
11010010110100010010,15.581978731793985,9.765625e-05
11001100000011010110,13.586709635715417,9.765625e-05
01101101111000111101,17.455953672025267,9.765625e-05
11010101010111011001,14.494108024024715,9.765625e-05
10110100101010101001,19.64087311393005,9.765625e-05
00011111111111010010,13.892626125619719,9.765625e-05
01011010100101010110,24.487241525756232,9.765625e-05
11100111101001011001,17.67888619542896,9.765625e-05
10011100010111101011,14.736136156867925,9.765625e-05
01101001000100010000,20.04111278233101,9.765625e-05
11000011100010111100,13.226985921102631,9.765625e-05
10110000001000010110,23.803353753773596,9.765625e-05
11010110011111100101,15.271419628864695,9.765625e-05
11010011011110010111,18.135929316809502,9.765625e-05
01010110010101100101,13.701032781248529,9.765625e-05
01101111111011111101,16.848731472365543,9.765625e-05
01101000001010110110,20.494458650755377,9.765625e-05
00101101000100000010,15.409248726191098,9.765625e-05
10110100100111001101,16.660433145490888,9.765625e-05
01001111100111011100,12.360262769120668,9.765625e-05
10110001101000001000,15.070544774769893,9.765625e-05
11011100001100110101,8.899588934930915,9.765625e-05
11110100001100000011,12.110391537497417,9.765625e-05
00010011000101101100,17.88317379667375,9.765625e-05
00011101010100000000,10.778933121892361,9.765625e-05
11010010001000110001,18.327060545641608,9.765625e-05
10101111101101010100,31.331818091918624,9.765625e-05
00111011101001011001,24.100810013559805,9.765625e-05
01011011101110000110,19.151395954913006,9.765625e-05
10010110010000110100,20.928514022389784,9.765625e-05
10111100100001000000,17.955193496283627,9.765625e-05
00010011011000101000,18.739381285429044,9.765625e-05
11000100100101001000,13.255251220110361,9.765625e-05
11000100000010100001,16.32926432364181,9.765625e-05
11011100100110001001,12.762327167134352,9.765625e-05
11010100010011011000,12.453085605410326,9.765625e-05
00110011000111000000,14.587124190537516,9.765625e-05
11110000101001110110,16.930932783395594,9.765625e-05
11011101101111110101,16.006561162386074,9.765625e-05
01100100000000000000,12.677929690572562,9.765625e-05
01110010001000001011,17.867866011047095,9.765625e-05
11100111101001011011,18.994576805072953,9.765625e-05
10010111100001010100,17.647862859864084,9.765625e-05
01000111110000010111,17.514848054161327,9.765625e-05
00111001011000000001,13.210624094588301,9.765625e-05
11000111011000100111,20.428057735368064,9.765625e-05
01001101011111110011,17.16931447214298,9.765625e-05
00111101011101100010,8.34299180216668,9.765625e-05
00110100001101110010,16.755373026011608,9.765625e-05
10011100100010100101,15.963624374023592,9.765625e-05
01001101011011110100,12.523684622644359,9.765625e-05
10011101111001111011,17.383411150644882,9.765625e-05
11000001100100000110,16.231104068850932,9.765625e-05
11010111100101001000,19.31395382799262,9.765625e-05
01111100011011000011,8.069152797478315,9.765625e-05
00011001101010011111,33.08545060836435,9.765625e-05
01101101001101011011,15.325794536877945,9.765625e-05
11010111011101011001,12.64498709365349,9.765625e-05
01011001100101001101,21.64231506728424,9.765625e-05
01101001000000100100,17.058367821654695,9.765625e-05
11111001111110111011,15.89262612561972,9.765625e-05
11101101010010101111,21.221066241653595,9.765625e-05
11100100101001110010,13.925337088321628,9.765625e-05
10110101100100011000,14.930081209850822,9.765625e-05
01011111010111000010,15.600787828098149,9.765625e-05
01111000001000010111,13.997786535962845,9.765625e-05
00011011110010101010,18.84497092736232,9.765625e-05
10010111110001000011,16.45766566155765,9.765625e-05
11010000010100101100,12.121627189805272,9.765625e-05
01100111010100110000,17.912826170527133,9.765625e-05
11110000001110011101,18.736159060512644,9.765625e-05
00010110000011100011,21.11304745073249,9.765625e-05
11000011011001001110,16.002395650221032,9.765625e-05
10111110000010010000,39.95997946421747,9.765625e-05
00111100011110101000,12.914991840833569,9.765625e-05
11011100110110111001,7.348073332818774,9.765625e-05
11010011010100001011,14.82025192477327,9.765625e-05
10001101001100100010,15.28785142917323,9.765625e-05
11000011000110110101,19.157096483331586,9.765625e-05
00111001100011110000,19.310660611433498,9.765625e-05
10110101101111010101,15.283897749837452,9.765625e-05
11100101000010101101,23.507377849302618,9.765625e-05
01101101110000100000,16.88275653182911,9.765625e-05
01110010011000101111,19.494651246557456,9.765625e-05
11110110110110010011,12.984118730377356,9.765625e-05
10011100010011000001,13.698222488668542,9.765625e-05
01101000011010101010,22.111859311658932,9.765625e-05
10110010110111100010,31.37535495692385,9.765625e-05
00101101011000100110,15.52369086423771,9.765625e-05
01100010100010000110,21.313904096488432,9.765625e-05
11000110000010111101,15.480692133815424,9.765625e-05
11001100100100101101,13.52710839497873,9.765625e-05
01100111010001010111,15.69229656762615,9.765625e-05
00110011011101001100,16.7500985069135,9.765625e-05
11110010101100101010,17.24985185954934,9.765625e-05
01010010100010011001,20.54233903449653,9.765625e-05
10010011111000000001,16.654321593821013,9.765625e-05
01111001100111001000,20.338216341818065,9.765625e-05
11010110111101010011,14.713312064825857,9.765625e-05
00101101100000100100,17.30076187240482,9.765625e-05
11100001001001011000,15.80526812352169,9.765625e-05
01000011000111100100,17.220051239180997,9.765625e-05
00011111001010110001,18.46038548165763,9.765625e-05
00111101011001100011,10.22376026258244,9.765625e-05
10110110101100000001,16.241141259594222,9.765625e-05
01010110010100001001,9.80526812352169,9.765625e-05
01110110101100110100,16.63246712627609,9.765625e-05
11001001011000011010,16.32926432364181,9.765625e-05
10110001111101001010,16.188168444971822,9.765625e-05
01111110101110110100,16.103761467876943,9.765625e-05
00111110100110110111,20.016823011332107,9.765625e-05
00001111110010001011,18.958478093322135,9.765625e-05
10110111001100011011,22.85730433339093,9.765625e-05
01011011010000111101,17.324182792989713,9.765625e-05
00000101100001101101,31.887687214707093,9.765625e-05
01001110010110111001,16.42239178307245,9.765625e-05
01110100001111110000,17.646551473124973,9.765625e-05
10001110100010010010,24.950383693983756,9.765625e-05
11100101100101000001,12.832864965889833,9.765625e-05
00100101001101100010,18.442431490469048,9.765625e-05
00001111011011000000,11.997786535962842,9.765625e-05
11000101011000011001,16.658528647283617,9.765625e-05
11010100010000000000,9.136129710583916,9.765625e-05
01011001001100111000,22.544074026050307,9.765625e-05
00100001001010000100,21.38528439756959,9.765625e-05
10001101110101100000,13.125043996965047,9.765625e-05
01010011011111001001,17.46502031834647,9.765625e-05
00111100000100001101,16.31108222980687,9.765625e-05
00001110101000101111,28.630598047376246,9.765625e-05
00110001001000001010,19.041630391196488,9.765625e-05
00111111011110100101,16.450862455336214,9.765625e-05
10110100100011010011,15.966841510990202,9.765625e-05
11110101001101110101,15.069586175457133,9.765625e-05
01101100001011010011,12.409768321497872,9.765625e-05
11100011100010010100,17.700143834431046,9.765625e-05
00011110101011001100,20.798275667565107,9.765625e-05
11101000111110101011,28.959766489289333,9.765625e-05
01110100010001001010,14.245750373852413,9.765625e-05
00101101100110101110,21.162939016671768,9.765625e-05
10011001000011011101,23.644813771548648,9.765625e-05
01001001001000110000,16.36465962123561,9.765625e-05
01101001100010101010,22.13724685801477,9.765625e-05
00111101101001101001,18.30725629830024,9.765625e-05
10011101010010110110,18.428057735368057,9.765625e-05
11010010010000001000,10.118563817365718,9.765625e-05
01110111111011100101,20.46040225247239,9.765625e-05
01101111111110001000,18.37179687926354,9.765625e-05
01111100000110101011,15.60264713383384,9.765625e-05
11110100010111011000,10.563416571723055,9.765625e-05
11010111111111010101,13.346968053756758,9.765625e-05
11010110110101100010,14.3107280715054,9.765625e-05
00110110001001101100,22.30882067777172,9.765625e-05
10111100100110101100,17.75759626321292,9.765625e-05
10111001101101101000,17.213434387168288,9.765625e-05
01110011011001001001,14.37542668298763,9.765625e-05
01101001001000110110,14.503625532334034,9.765625e-05
10010011001011010000,20.57689720114189,9.765625e-05
01101001001110011001,24.25238242991418,9.765625e-05
11011000100010101000,14.741642837464195,9.765625e-05
11001001110001100000,11.726150291426169,9.765625e-05
10110101011110011111,19.9668415109902,9.765625e-05
10100101000110100110,22.229786527645665,9.765625e-05
01011001111100000001,17.159544389575462,9.765625e-05
01001011111001100110,18.637728045962316,9.765625e-05
10011010111011011001,34.50997869852528,9.765625e-05
00001010101001001001,39.16013841012873,9.765625e-05
00011100000110001100,16.409531892849856,9.765625e-05
11001100001011111001,13.486364251417,9.765625e-05
10010101001101110100,18.144203719999872,9.765625e-05
10010100100100110100,17.322988412322808,9.765625e-05
01001100100001010100,13.255251220110361,9.765625e-05
10100100110000010000,19.3925822002484,9.765625e-05
01110110110110000010,11.987166898767855,9.765625e-05
00110101111111001001,20.095582760911423,9.765625e-05
00001101001001011000,15.540303060589064,9.765625e-05
01110011001101000011,17.883144738562883,9.765625e-05
10010101111001000101,18.130874134245737,9.765625e-05
10011100101000111000,16.33238620453738,9.765625e-05
10000111101100001011,21.514848054161327,9.765625e-05
01110110000110010101,13.988005967489741,9.765625e-05
00010101111100000001,25.02131124501218,9.765625e-05
01110001011010010000,15.08834782021735,9.765625e-05
01110010001100110010,18.945398975781696,9.765625e-05
00010011100001000001,15.869959758989504,9.765625e-05
01110110011110010010,11.367909642151155,9.765625e-05
10010111010100001001,12.870185337117189,9.765625e-05
11111010001100100110,32.59993272298257,9.765625e-05
01111111111111101111,15.54061058964318,9.765625e-05
00101101100000000010,15.293833432076532,9.765625e-05
11010111010100011101,12.185047484001192,9.765625e-05
00110111111001001100,14.965008553342837,9.765625e-05
11101001101100011011,22.91751272516145,9.765625e-05
00011101011001000101,12.004791300442067,9.765625e-05
01111100010101100011,8.51764866070436,9.765625e-05
00011000001110010111,30.217221487399897,9.765625e-05
10011111011001111100,20.66659369424386,9.765625e-05
01000011000000000110,14.31108222980687,9.765625e-05
10100101101011000101,19.003281887015973,9.765625e-05
11010011101000011000,18.82444377418682,9.765625e-05
01100011001100000101,19.39477284776804,9.765625e-05
10010111111011110111,24.414618326696182,9.765625e-05
00011101000111100101,13.026517187813205,9.765625e-05
00110111000111000000,14.004297623909629,9.765625e-05
01101111111001111110,16.2028442878553,9.765625e-05
01101101010001100110,13.268747787999317,9.765625e-05
00111111001010111000,24.78209964634231,9.765625e-05
01101111001101101011,22.899348632525307,9.765625e-05
11100110101100100010,20.34736302977454,9.765625e-05
10010111001111100001,17.03785525771039,0.0001953125
11101100101000001011,15.898703715984485,9.765625e-05
11001011101010101110,17.13921276020446,9.765625e-05
00101100101111011010,24.173220248531536,9.765625e-05
11011000101110010100,16.611789038199284,9.765625e-05
11110110111001101001,14.57689720114189,9.765625e-05
10010011000001001000,15.273695132928673,9.765625e-05
11011010101110000010,19.962654015105382,9.765625e-05
11110111111101111001,14.038808954577227,9.765625e-05
00001111100010101101,19.395726544634876,9.765625e-05
01101100001010000000,12.870448103013715,9.765625e-05
01110110011101011011,12.452641817813303,9.765625e-05
00100011001001111010,27.377437130764687,9.765625e-05
10001101000111101100,14.740341223889235,9.765625e-05
00010111010110101110,21.820180933130562,9.765625e-05
11110000001110000001,14.486287828889392,9.765625e-05
11111100001111111011,12.455573900056535,9.765625e-05
11000111001000111010,22.16084704803059,9.765625e-05
11011110011010100001,15.744782719558565,9.765625e-05
00110001111100000100,14.700088770418644,9.765625e-05
11001101110111001111,15.133128710266469,9.765625e-05
00010100100110001011,32.60720118407963,9.765625e-05
01001011111010011110,18.60663651590448,9.765625e-05
00001101000101001001,14.780766813960792,9.765625e-05
10010111001101000001,15.464658117514237,9.765625e-05
01100101011100100001,19.455953672025267,9.765625e-05
10110110101111101011,19.328620865851622,9.765625e-05
11110111011010011111,22.843974747636793,9.765625e-05
00111001011100000001,13.69822248866854,9.765625e-05
01101101111000000011,14.844154947789029,9.765625e-05
01001001000101100110,17.374668390322082,9.765625e-05
01010110010111100011,17.17982397006368,9.765625e-05
10011100001000111011,15.913773625800632,9.765625e-05
10011010111111100101,37.80242330348658,9.765625e-05
01110111111100011110,16.720757172458498,9.765625e-05
00011001001110100011,21.293444621364713,9.765625e-05
01000111010001001000,12.469444721902118,9.765625e-05
01011011100001111110,22.64654876310243,9.765625e-05
11001111011011111100,11.87176147619412,9.765625e-05
11110000101000001010,12.737466915680951,9.765625e-05
00110110110000101001,16.486287828889388,9.765625e-05
10100100001000101110,25.30947247235994,9.765625e-05
11011011111110010001,18.202844287855303,9.765625e-05
01111101000111110111,15.68572082759702,9.765625e-05
11011100111001111101,11.077356209025975,9.765625e-05
11110001010111100001,15.038635632472388,9.765625e-05
11001101111001110000,9.491348969619063,9.765625e-05
11010110101001001101,18.139174445370628,9.765625e-05
11110001110100000010,8.729642552520769,9.765625e-05
01111100110001101010,14.128536258059647,9.765625e-05
11110011111001001010,14.587124190537516,9.765625e-05
01011100011100000110,10.326447789468473,9.765625e-05
01110011011111101100,15.814055047627743,9.765625e-05
01101101010000111111,17.871761476194123,9.765625e-05
00111110100011001011,18.643503206357803,9.765625e-05
01110001001000100010,23.3663156873793,9.765625e-05
01011010001100011010,19.586709635715415,9.765625e-05
11001111111110000110,16.94258868320171,9.765625e-05
01110011010110111011,19.243693384364853,9.765625e-05
10100101000011111011,23.211207705523368,9.765625e-05
01100111010110111101,19.3906058884405,9.765625e-05
01001111011001110000,12.276256100551803,9.765625e-05
11001011110000001010,19.268141273419534,9.765625e-05
00011001000000000110,16.697394760329615,9.765625e-05
11110000110110000111,14.18816844497182,9.765625e-05
10110011001101111010,25.202776827783403,9.765625e-05
01000011001000010001,18.055203370773235,9.765625e-05
11101001101011000011,20.06915279747831,9.765625e-05
01100110011110000110,19.553545628693517,9.765625e-05
01111000101111010011,18.112976459089783,9.765625e-05
01011000100000000101,16.82373067399285,9.765625e-05
11011000001011100000,15.197201239204414,9.765625e-05
11011100111000111100,11.171213419862138,9.765625e-05
10100111100001111100,20.24114125959422,9.765625e-05
10001111100011001001,17.95387595507836,9.765625e-05
01111100011001000000,8.980885654940629,9.765625e-05
00100000000110100011,40.84902432506126,9.765625e-05
10101101101001000010,15.508331546169455,9.765625e-05
01011000010010011100,16.45528938341053,9.765625e-05
01101101000011010110,13.535870614502647,9.765625e-05
01110010110011111000,20.251238748891126,9.765625e-05
00001111101011100010,17.09028457716898,9.765625e-05
11010111010100100111,18.915659661019106,9.765625e-05
10011101111010001011,21.66284312954486,9.765625e-05
00001101000001010111,14.945398975781695,9.765625e-05
10111101111100011111,15.35647587602912,9.765625e-05
11100001011001001101,17.569265346656586,9.765625e-05
10000111001000111001,19.82316080910452,9.765625e-05
11011100111101010101,8.474335544816757,9.765625e-05
10011101111100111111,17.882373962710638,9.765625e-05
00100101000000100100,18.741649079057545,9.765625e-05
00111100000100100010,10.611505871540526,9.765625e-05
10000101010011011100,20.34048060387575,9.765625e-05
11001111100001111001,17.26876923364172,9.765625e-05
10100001001000011100,23.988710018100804,9.765625e-05
00110111010000011011,17.98799628145278,9.765625e-05
11010110101101000001,14.740331537852281,9.765625e-05
11010110100000011101,13.917873125056266,9.765625e-05
11010110010000000101,13.955193496283627,9.765625e-05
00011110111010010010,17.276491473479833,9.765625e-05
00001010000111000011,42.21907463866944,9.765625e-05
10110100110000101100,15.610835341332443,9.765625e-05
10010111000001011011,19.724017799335936,9.765625e-05
00011011010100101000,17.233573420737216,9.765625e-05
10011101101101000110,16.056090341989243,9.765625e-05
01100101011001010010,13.514848054161323,9.765625e-05
11110001110101110010,11.377437130764687,9.765625e-05
01111100010101111010,11.157096483331584,9.765625e-05
00110101000001001111,18.885971693194243,9.765625e-05
11110101011001110000,16.366291842173453,9.765625e-05
01011110000011010111,16.269624338757303,9.765625e-05
11111001011110000110,14.867923785082041,9.765625e-05
01111100110010110111,10.533936785553443,9.765625e-05
01110000010010101000,17.38528439756959,9.765625e-05
10011101101000100011,21.931077487543373,9.765625e-05
01011011110110110100,14.310728071505398,9.765625e-05
11101100111010111000,13.125043996965045,9.765625e-05
01000011100011100100,18.929979086528753,9.765625e-05
11110001010100000100,9.46848478344193,9.765625e-05
11000101101111000101,21.627726536317706,9.765625e-05
10110100010011110010,19.37743713076469,9.765625e-05
10011001100110001110,20.798275667565107,9.765625e-05
11010011110100010011,15.356475876029123,9.765625e-05
11010100010001101111,16.05507189507304,9.765625e-05
10110101100101111111,15.346968053756761,9.765625e-05
01111001011010111110,15.93092309735864,9.765625e-05
11011111111111000111,16.66272341345012,9.765625e-05
00110111100100010111,15.498476541610039,9.765625e-05
11000110010001011110,17.825333455425366,9.765625e-05
11110110110010101110,18.1982997381426,9.765625e-05
01100111101001010100,13.445261242250144,9.765625e-05
00111101011011000111,10.710279725688995,9.765625e-05
11011100110011010010,10.73154994625445,9.765625e-05
11010110110010100011,17.198113383933872,9.765625e-05
00110111111110000010,15.13015061359374,9.765625e-05
01101111110110110001,20.264638602706718,9.765625e-05
00110101011101001010,15.003281887015971,9.765625e-05
11110100110011010101,9.494651246557456,9.765625e-05
01011111010010100111,20.44906436807908,9.765625e-05
10011100000110010001,12.503625532334034,9.765625e-05
01110110101000000101,17.638127571399423,9.765625e-05
01100101100001010100,12.5656906069449,9.765625e-05
01110000001000011111,19.57780281001074,9.765625e-05
01100111011110110111,20.00045765324697,9.765625e-05
10011100110110111000,14.150830258049538,9.765625e-05
00110001100110010011,22.104113982672228,9.765625e-05
00011110111101100001,16.465206770931875,9.765625e-05
01111100011001100111,9.390605888440504,9.765625e-05
11010001010111000100,11.505299119905386,9.765625e-05
01110111010110000110,18.3698638718626,9.765625e-05
11010110001100111001,13.823160809104522,9.765625e-05
00100011100000110000,22.74034122388923,9.765625e-05
10011100101011000000,15.825333455425366,9.765625e-05
11010011100011110110,20.023389065324288,9.765625e-05
10001001000000101110,21.28817372137427,9.765625e-05
01110010100000011110,17.459541629344713,0.0001953125
10110001110100001101,14.951806911718089,9.765625e-05
01111000010000100110,12.215416216988288,9.765625e-05
01001110010011100010,15.280326454569371,9.765625e-05
10001111110010001110,21.18307534021815,9.765625e-05
11010001111000101001,21.865766021511334,9.765625e-05
01111110111110010101,11.736207148510633,9.765625e-05
01111100101101000000,9.691773440748571,9.765625e-05
10100010101000111010,37.22632090890665,9.765625e-05
01110110011001110011,15.561533627921582,9.765625e-05
00011100010000001101,15.910578766821061,9.765625e-05
11111101111111001110,14.447930373092987,9.765625e-05
10110001110101100111,18.317847464129578,9.765625e-05
10001101101110010001,18.13609610305373,9.765625e-05
11111001110000101110,13.954840072403222,9.765625e-05
01000011010011101100,16.49185064001442,9.765625e-05
01011000110100100100,16.040399682137036,9.765625e-05
11011011001110111100,18.535938074574553,9.765625e-05
11010010100010000101,15.64369038252445,9.765625e-05
11100100000100000001,14.640356239485634,9.765625e-05
01101100101110110101,16.484443640075558,9.765625e-05
11111010010111100000,36.27060093926886,9.765625e-05
00111111101111101010,16.124629648873352,9.765625e-05
00011100000001111001,16.143243047118617,9.765625e-05
01111001110011010101,14.37350533722512,9.765625e-05
01110011110100101010,16.355464405127332,9.765625e-05
00110101011100010010,13.514848054161325,9.765625e-05
01010111000010000000,31.455097609156724,9.765625e-05
10001111111001000110,22.36026276912067,9.765625e-05
01101100011000110010,10.157375187698229,9.765625e-05
10110100001001111101,19.67348402687838,9.765625e-05
01101101101100010001,14.65413077732017,9.765625e-05
00011010000000100010,22.041719296910795,9.765625e-05
11000101010000010100,9.322994653916155,9.765625e-05
11100110101110111101,21.000490242928645,9.765625e-05
10100000011100011001,48.75983284887468,9.765625e-05
11110001000101001000,15.427384495137439,9.765625e-05
11110110111000001010,16.184931935931303,9.765625e-05
00111100100011100010,13.93092309735864,9.765625e-05
00101110101100100000,23.812160235457434,9.765625e-05
11101001010000110110,20.769868363635773,9.765625e-05
01010111010101001101,12.265147249116506,9.765625e-05
11001001100001010000,14.114756523511932,9.765625e-05
01000101011011100001,30.758527790856107,9.765625e-05
11111100011010110111,11.096884559990258,9.765625e-05
10011101101111100101,14.98356374823917,9.765625e-05
10100100100010110000,20.880735576466826,9.765625e-05
01011110110011000011,14.069152797478313,9.765625e-05
01011100111000011100,17.65038093620241,9.765625e-05
10111101100001100111,17.90896910734115,9.765625e-05
11010001000010010010,22.66196313434327,9.765625e-05
01011100000111000100,12.424583154173337,9.765625e-05
01111100110101111111,12.421331784018868,9.765625e-05
00110011101011001011,19.65069005905388,9.765625e-05
11100101011010000101,17.996832839096005,9.765625e-05
00001101010001000000,11.268388111685748,9.765625e-05
11101101111000000110,14.558207184478427,9.765625e-05
00001111000001000010,15.620936547704027,9.765625e-05
00110111000101111000,17.268738101962363,9.765625e-05
00110000000000010100,19.610835341332443,9.765625e-05
00000001100000100100,29.337426917473152,9.765625e-05
10111100101011101010,15.93092309735864,9.765625e-05
01100011110001001001,18.364798181713606,9.765625e-05
11111000001110001000,18.000950986844302,9.765625e-05
10110001110010010111,20.722475316457032,9.765625e-05
11111000100100110110,16.05520337077324,9.765625e-05
01110111010111110101,14.282992140968599,9.765625e-05
00111101111110001110,15.8906768854814,9.765625e-05
11010010101000101010,20.755727184313074,9.765625e-05
00100111000001100111,21.13600030845221,9.765625e-05
10110110111000110011,20.515785823397863,0.0001953125
01000101010100110100,18.063339322248993,9.765625e-05
11010001010011100001,15.648584737009891,0.0001953125
10001111111010010000,20.327060545641608,9.765625e-05
10011111110100111000,17.77267865621576,9.765625e-05
11000111100000010000,15.60771523973811,9.765625e-05
00000110000010000001,18.075210928641965,9.765625e-05
01011110010111001001,10.88702844410446,9.765625e-05
00100101011001100110,20.930932783395594,9.765625e-05
11110100100100101100,12.363774402289181,9.765625e-05
01111101101100110110,18.67236615586628,9.765625e-05
11110000100000011111,14.002395650221036,9.765625e-05
11011001111001100010,14.53863627436807,9.765625e-05
11010011000110000000,16.546612590278073,9.765625e-05
01011100011101100000,9.617374029387785,9.765625e-05
11011010011011011010,22.19997622124037,9.765625e-05
11001101001100100111,15.499539250686164,0.0001953125
01100110100011101011,24.465974015213312,9.765625e-05
11100100110011001010,16.62250625968374,9.765625e-05
10110101010110100001,15.710521231446979,9.765625e-05
11110001101100110001,15.45594398598831,9.765625e-05
00110000001010100100,24.962599685514043,9.765625e-05
01100111101111001110,19.094629064044582,9.765625e-05
00110100101001010001,14.054168996226732,9.765625e-05
11010100011101110101,12.121250862280151,9.765625e-05
11101100100000010110,15.652850288088695,9.765625e-05
01101011111000111010,20.945398975781693,9.765625e-05
10100101100110011100,20.029015597810353,9.765625e-05
00011111101100100110,20.938590262387976,9.765625e-05
11011000110000100110,11.229821838189702,9.765625e-05
01101001100001000011,18.57689720114189,9.765625e-05
00111101100101000001,10.48472344941791,9.765625e-05
11100110100100011010,17.98822689782144,9.765625e-05
01000011011100100111,26.090242730764334,9.765625e-05
00110111111000101011,21.467092806150347,9.765625e-05
11110101111111010111,13.353417101676726,9.765625e-05
11110110111000111111,15.490042132299264,9.765625e-05
11001100111000111110,14.464083381907674,9.765625e-05
01111000001010010001,13.997786535962845,9.765625e-05
01001100101101001101,22.798031539321432,9.765625e-05
00011011011000000111,18.727338430499728,9.765625e-05
01011100010110001000,11.38946656094618,9.765625e-05
01011011011111001111,15.89330968793169,9.765625e-05
00110001010101011000,18.766849362119526,9.765625e-05
01011001011100000010,13.963624374023592,9.765625e-05
01100101011000010111,15.514848054161327,9.765625e-05
01000101010100101110,28.00972904687132,9.765625e-05
01100111100111000100,14.363908500475063,9.765625e-05
00001111110100111100,21.309192750144785,9.765625e-05
01100101000101010111,13.585385852916808,9.765625e-05
00011011100010110111,23.405027731539477,9.765625e-05
01101101101000011000,19.653472730298784,9.765625e-05
11110101110010110111,19.202776827783403,9.765625e-05
11000100010001010100,11.006269669725654,9.765625e-05
01010011000111000110,17.074722584617756,9.765625e-05
10011100100000110011,13.913773625800632,9.765625e-05
01011110101100100001,16.998772098930107,9.765625e-05
11100011110000100011,21.71052123144698,9.765625e-05
01100111100011100001,21.738060299780173,9.765625e-05
11010010001010011111,22.112109681495955,9.765625e-05
11000111010110111101,12.917512725161448,9.765625e-05
11011100101001001001,15.556594717008956,9.765625e-05
11111101101101101001,19.488558430507453,9.765625e-05
11010100000001001101,14.400088820626856,9.765625e-05
00111001101101001010,16.1139662772091,9.765625e-05
01111011111001001011,18.6435032063578,9.765625e-05
00101101111100100011,16.76009768833969,9.765625e-05
01100111011110010010,16.289498668656254,9.765625e-05
11110101010110001110,20.00520323277848,9.765625e-05
11001011001010101011,21.761061158370687,9.765625e-05
00010110000111000001,11.978543425225812,9.765625e-05
01000011000110100110,20.29374651280352,9.765625e-05
00100001001000100000,20.188156870870245,9.765625e-05
10011100001100000000,11.728418085054669,9.765625e-05
11110101011010111110,24.597916229912407,9.765625e-05
11011100100110111100,12.329264323641809,9.765625e-05
01100011100000000000,14.869241326287305,9.765625e-05
01100111101100011100,16.092092143323008,9.765625e-05
01111100011000110010,7.664798317009273,0.0001953125
10010001001100001111,24.098019093053725,9.765625e-05
01000011011010110111,26.44234457119603,9.765625e-05
10010100100101011100,18.400091530649394,9.765625e-05
01111111100010001011,34.03786576529561,9.765625e-05
10010001000001011011,22.50939091956536,9.765625e-05
11010110001100011000,13.847292756314896,9.765625e-05
00111110101011111011,18.439420804114643,9.765625e-05
11101101001010110111,18.83915608125789,9.765625e-05
11101101111101100010,11.763881136987631,9.765625e-05
11111001110001001000,17.273695132928673,9.765625e-05
01001011011001011001,21.273681180899843,9.765625e-05
01110000010000010000,7.988710018100806,9.765625e-05
01101110111011110011,19.262968568342366,9.765625e-05
11011001000000111111,19.37095873046659,9.765625e-05
11011100011000001110,13.900005329559445,9.765625e-05
01110101000100010010,21.789592754845742,9.765625e-05
00111100110001101010,15.220051239180998,9.765625e-05
01111111111011110111,15.540726137713067,9.765625e-05
01111110101111101111,17.659842129227414,9.765625e-05
10100101000001010000,16.18505717003815,9.765625e-05
11011000111000001000,11.473809707916635,9.765625e-05
11010000000101100101,16.548550930187236,9.765625e-05
01101100100011100011,16.533936785553443,9.765625e-05
11010110011101011000,10.91690621058166,9.765625e-05
00011011001011000111,18.364678465618862,9.765625e-05
11010011010000101001,13.073351622906273,9.765625e-05
01001100011000101100,17.00939155062122,9.765625e-05
11011101001011001110,27.369129511530097,9.765625e-05
00010111000101010110,15.71052123144698,9.765625e-05
00011001000001010101,19.15560562002148,9.765625e-05
11100110111011000110,21.690571262109323,9.765625e-05
11000111110000001001,13.917873125056268,9.765625e-05
01101100001011001010,15.698222488668542,9.765625e-05
01001110000111000101,17.39572654463488,9.765625e-05
11011100100001011111,14.74033153785228,9.765625e-05
11110011100001101111,19.800009837160964,9.765625e-05
00101101001101110110,14.076822672530191,9.765625e-05
01111110110010110101,16.55688964327316,9.765625e-05
00011011100110000010,16.88702844410446,9.765625e-05
00111101100001110011,14.639973023073296,9.765625e-05
11000111110100101000,12.928514022389784,9.765625e-05
01111100011001110101,8.972947730151848,9.765625e-05
01111111111111000110,14.193275981525456,9.765625e-05
01011111111000110100,21.060888705982578,9.765625e-05
11010011011110011101,13.978543425225812,9.765625e-05
01011001111001010101,17.62128282090596,9.765625e-05
01011010110001010001,21.162939016671768,9.765625e-05
01001111011010001101,14.661963134343274,9.765625e-05
01101101100101100110,13.821273081712015,9.765625e-05
01000111000111010100,10.360262769120668,9.765625e-05
00101101101010101000,21.914991840833565,9.765625e-05
11010010001000111001,17.586709635715415,9.765625e-05
10010011111100001101,18.413719388734677,9.765625e-05
00110011111000101111,21.27877157563097,9.765625e-05
11011000010100100111,14.828665846194607,9.765625e-05
01011110011000010000,12.64598930783231,9.765625e-05
10100100001001000011,21.885181534428266,9.765625e-05
00100110111100010011,29.57217246252642,9.765625e-05
10000010010000101100,36.854500918858335,9.765625e-05
00111100011010110100,15.3405383779107,9.765625e-05
00010011011010000001,16.1139662772091,9.765625e-05
10010011001100100100,18.638094687450486,9.765625e-05
11110101011100100100,15.892180966399263,9.765625e-05
11001100010010101111,15.3405383779107,9.765625e-05
11110101111000010111,15.26682373221427,9.765625e-05
10100100110111001000,26.971939703693664,9.765625e-05
00010010001000111011,32.32982648893447,9.765625e-05
10011101011100011001,14.367486135713163,9.765625e-05
01110110110101011010,12.01267343763719,9.765625e-05
10101101101000010111,19.871761476194123,9.765625e-05
00011100000000100110,17.19946279123956,9.765625e-05
01011001000010110010,22.62187776138417,9.765625e-05
00100110100000000000,18.42579066532081,9.765625e-05
00111101110001000011,10.457665661557652,9.765625e-05
00111110001111110010,17.198118901945975,9.765625e-05
11011100010110011000,8.086870272891684,9.765625e-05
10011101000111011111,16.85751306396337,9.765625e-05
11000001100000011000,14.413613712205612,9.765625e-05
00011100010001100100,15.242258112757813,9.765625e-05
10011101001001111000,18.01723120495766,9.765625e-05
11001111111010110110,15.200052643767979,9.765625e-05
10001101101000111000,17.674797105791527,9.765625e-05
11110010100001111000,19.39477284776804,9.765625e-05
01110011010010010101,13.539510104263691,0.0001953125
11101101100111100011,17.230441130223443,9.765625e-05
00011110001111101000,14.310728071505405,9.765625e-05
11110001111001001110,11.34844604123623,9.765625e-05
00111001101110000011,15.002305286504413,9.765625e-05
00111101011100011010,13.02539306436794,9.765625e-05
11011111111101010101,15.604798655811194,9.765625e-05
11001101011001001101,12.693867188690978,9.765625e-05
10110110110110101001,16.358274697707323,9.765625e-05
11110010101100001001,16.30882067777172,9.765625e-05
00111111111100001111,16.002376278147125,9.765625e-05
11001101101100001001,18.254968053451606,9.765625e-05
11011101111101100010,15.466289967897438,9.765625e-05
11101101111101101100,12.740341223889232,9.765625e-05
11100001100000011010,14.74968124206886,9.765625e-05
11010110100011001101,16.338216341818065,9.765625e-05
01101100110010101010,17.693796197048272,9.765625e-05
00011110100111100101,17.271419628864695,9.765625e-05
10000011100010011011,26.92109370646648,9.765625e-05
01110011100101010110,15.049990364420944,9.765625e-05
01011011010011000010,14.673134134568784,9.765625e-05
11000101010011000111,17.066352190935277,9.765625e-05
00100101000101010001,14.260248639479002,9.765625e-05
11100101001110110010,21.300913884662297,9.765625e-05
11010011000100110110,18.535938074574553,9.765625e-05
11100100100011100100,16.24705125300631,9.765625e-05
11001100100000000011,13.487626815737059,9.765625e-05
11011001100111100010,17.93660843256798,9.765625e-05
10011100110001100010,13.374668390322084,9.765625e-05
01111100011111010101,7.687568373727261,9.765625e-05
11001101100100010001,13.741290458463958,9.765625e-05
01111000001000100111,14.07491527879651,9.765625e-05
11100111011110011011,21.772141500612314,9.765625e-05
01110110000011111001,19.49847654161004,9.765625e-05
01110010110000000100,11.498843830392069,9.765625e-05
01000111001111111110,23.892635811656675,9.765625e-05
11000100110001110010,16.528698693224552,9.765625e-05
11001111011101111101,16.069245147636224,9.765625e-05
00001101001010010111,19.470038018874142,9.765625e-05
01010110000110001110,20.322204407613327,9.765625e-05
11001001101100111000,17.914374622368317,9.765625e-05
01001111011100000111,15.871761476194123,9.765625e-05
01111100000001100011,14.915659661019106,9.765625e-05
11000100101000101010,25.91845466242284,9.765625e-05
11011001111100010100,11.938185295226155,9.765625e-05
01111100001010110000,14.21637615544848,9.765625e-05
11111100010111100110,14.360253083083713,9.765625e-05
11110100111100110100,7.170901831546559,9.765625e-05
10010001110000101001,18.53736129230888,9.765625e-05
01100011001001100110,18.51387842966418,9.765625e-05
10011001010110101100,17.59131874997361,9.765625e-05
01110110110010000011,13.911599101801883,9.765625e-05
00110111000111010010,15.091989383546892,9.765625e-05
10001111100111011001,18.696121775551532,9.765625e-05
11110001011100111011,16.09023928632073,9.765625e-05
10110001000010110000,20.66196313434327,9.765625e-05
11110010100110101110,18.84611722003124,9.765625e-05
00001111101011000011,16.24667148103758,9.765625e-05
11000101000001110000,12.526825228319971,9.765625e-05
01111100111110110101,8.755373026011608,9.765625e-05
11001101011100111101,12.157375187698227,9.765625e-05
00010110001000000100,19.340892536212166,9.765625e-05
11001100110110110010,12.066743646222074,9.765625e-05
01111001100111000111,16.178715686711865,9.765625e-05
11010010001100000111,21.332656240715572,9.765625e-05
00110111010111111000,15.829569039308174,9.765625e-05
11001011011010011001,21.821273081712015,9.765625e-05
01001111110100010110,14.327060545641604,9.765625e-05
01110110001110010100,14.371796879263538,9.765625e-05
11101100100011011010,15.95378529709448,9.765625e-05
11000001011100000100,14.318263749994722,9.765625e-05
01010001101100000100,27.926035718887608,9.765625e-05
00100101000001000000,12.46944472190212,9.765625e-05
01111000011001111100,19.166725909763315,9.765625e-05
11111001111001000010,12.960399439084647,9.765625e-05
00010101000101010000,15.449674316262653,9.765625e-05
01101001011101100110,17.343897411035528,9.765625e-05
11111101111101111101,10.446436163715944,9.765625e-05
00010110000000101001,17.69177344074857,9.765625e-05
00110110101000000101,16.729642552520772,9.765625e-05
11110010011100101001,19.15141812413666,9.765625e-05
01111110111100000010,13.296634038619565,9.765625e-05
11101100001010111011,16.607338912212988,9.765625e-05
11010100010100011000,6.393542138708588,9.765625e-05
10011110011100101000,18.270924923643932,9.765625e-05
00011101110110001010,21.64087311393005,9.765625e-05
01101110101000000011,20.457806823294803,9.765625e-05
01101001101010000010,16.13724685801477,9.765625e-05
11011100011101010101,8.678455527472682,9.765625e-05
11110000111100000010,8.292808743566983,9.765625e-05
00010111000001011011,18.815532780457282,9.765625e-05
11100011001110001101,24.114031027258463,9.765625e-05
01100110110010001101,19.293264116105398,9.765625e-05
11001100101100000100,12.055155282775246,9.765625e-05
10010111000011001011,20.349788853921968,9.765625e-05
11111001111011010010,14.06915279747831,9.765625e-05
01111100111100000100,6.78740656961822,9.765625e-05
11100001101110010100,17.166725909763315,9.765625e-05
10111001111000100110,15.170201225379103,9.765625e-05
11111000111000100101,12.331669659899799,9.765625e-05
01111011111011111101,18.530891228808812,9.765625e-05
11000111011001110000,13.354667074046702,9.765625e-05
01001011010011111010,18.090239286320728,9.765625e-05
11010001100101000000,13.91152975366536,9.765625e-05
11110110111111110011,15.06249358261977,9.765625e-05
11000101101110000101,24.02759684236814,9.765625e-05
11001101111000110100,10.36465962123561,9.765625e-05
01011111010001000000,21.492381651991536,9.765625e-05
11000110101111011110,22.216173688105567,9.765625e-05
01100001011000001001,19.606717193584146,9.765625e-05
01100010110011110100,32.02931498636668,9.765625e-05
01100101000000110101,18.769868363635773,9.765625e-05
11100100100111100111,20.31058961979079,9.765625e-05
10110011101100001000,16.5521754014031,9.765625e-05
11100001000010001000,17.9645272728699,9.765625e-05
10010111010100000101,15.137317849657478,9.765625e-05
00111011110010001010,18.37542668298763,9.765625e-05
01001110000010111001,15.248649572146709,9.765625e-05
10110100011010101011,19.57682620949918,9.765625e-05
01111100010110110100,9.586709635715417,9.765625e-05
11100011101010010001,21.498486227646993,9.765625e-05
11001101001000101110,18.554461843524265,9.765625e-05
11001111001111100001,18.108202963546272,9.765625e-05
01110010111110010000,14.192344366755066,9.765625e-05
10011100010000001011,14.737530931309244,9.765625e-05
11111001010010110001,20.669494644807735,9.765625e-05
00100111100111100000,16.958478093322135,9.765625e-05
11110110110101010011,14.315369346131277,9.765625e-05
01110011000011011011,20.886747899931386,9.765625e-05
10011101000000010100,21.891538123426933,9.765625e-05
00111101011111001001,11.192324994681154,9.765625e-05
01000111110101111000,17.39102053079946,9.765625e-05
11010010101100010000,15.770151530294534,9.765625e-05
01001111101110110000,17.214133251905988,9.765625e-05
10100000010111110010,53.93125779645899,9.765625e-05
00001010001110110000,36.54501523973045,9.765625e-05
11001101010100000001,14.744423043244993,9.765625e-05
00011111010110011001,12.493870871795453,9.765625e-05
11110001111000111100,11.86828065340605,0.0001953125
10101101001000111000,21.98840020908646,9.765625e-05
10011011101001001001,22.804136936525154,9.765625e-05
00111101111011000010,11.912646901096211,9.765625e-05
01010011001111010001,19.346968053756758,9.765625e-05
01001111101111111010,18.791400746119713,9.765625e-05
10010110000010101011,20.154218730679695,9.765625e-05
11110101011101000111,12.457665661557659,9.765625e-05
10111110011000100011,30.79245113542372,9.765625e-05
00011011100110101000,18.128536258059647,9.765625e-05
01111000110010101101,18.491850640014423,9.765625e-05
01101101000101011010,16.47759243298333,9.765625e-05
01001111000110011011,17.0497995479201,9.765625e-05
11010101110100110000,16.322705245664046,9.765625e-05
11011000000100101011,15.480692133815424,9.765625e-05
01110111110111011011,14.832101497737634,9.765625e-05
00001101000110010011,16.439298905688016,9.765625e-05
00111111111011001111,15.105241637688302,9.765625e-05
01111010110010000110,17.647688814178,9.765625e-05
10111111001010101101,32.97591696233588,9.765625e-05
11001011001010111100,16.611505871540523,9.765625e-05
11100101110011001111,17.01817503028367,9.765625e-05
11010011011100111001,14.945398975781696,9.765625e-05
11000001110000000110,13.432407517333518,9.765625e-05
11000110000000110101,16.22797772566325,9.765625e-05
10001101001010111000,17.809966143494186,9.765625e-05
00011111110110110011,15.078646678561661,9.765625e-05
11100111011000011011,22.570058400948977,9.765625e-05
11000110011000000000,14.854500918858335,9.765625e-05
11001100001010111100,12.711156804137634,9.765625e-05
10010011000001100011,21.09199906958385,9.765625e-05
00010011011000000100,14.433916930759612,9.765625e-05
00111001011010110011,17.471804250870672,9.765625e-05
01110100000101111010,17.514848054161327,9.765625e-05
11101111001000111010,32.54440985715803,9.765625e-05
01001011100011010101,18.643673720473082,9.765625e-05
10110001101011100000,18.735189436015496,9.765625e-05
01110000001110010000,15.166725909763315,9.765625e-05
11100011111000111110,17.67348402687838,9.765625e-05
00011111011011100111,14.519373057136065,9.765625e-05
11010110110000111101,11.02759684236814,9.765625e-05
10011101010111101000,12.165820300894465,9.765625e-05
10011001001001001110,20.510984455114723,9.765625e-05
10011100101011001111,22.245669696172747,9.765625e-05
01111100001110000001,10.110391537497417,9.765625e-05
10011100111000111001,14.744410560058293,9.765625e-05
00011111010100010100,16.140201843902716,9.765625e-05
01110110000101011010,15.988005967489741,9.765625e-05
11011011011011100101,17.242440298941688,9.765625e-05
10011100101100001111,17.58197873179399,9.765625e-05
11000111110011111100,10.487241525756229,9.765625e-05
11011010111110010110,21.829983681667134,9.765625e-05
11001100011100110010,11.006521742576531,9.765625e-05
11110001100010001110,19.254114525941546,9.765625e-05
10010011001010000111,23.606286623594883,9.765625e-05
00110011100011001010,16.907323570418868,9.765625e-05
10011100011110100010,12.816560826283245,9.765625e-05
00110011000100010000,17.461614117148592,9.765625e-05
10011100110010011100,18.833164060178895,9.765625e-05
00110111011110111000,17.98608462172723,9.765625e-05
00111111011110001101,16.912717892738925,9.765625e-05
01110110010110011110,13.748543813478975,9.765625e-05
11010001110001101000,15.026881032151627,9.765625e-05
00001101000100001101,17.42207747389451,9.765625e-05
10010000000010010000,20.833164060178895,9.765625e-05
00011011101001010011,23.016765237297165,9.765625e-05
11111100000111100010,16.535928388537595,9.765625e-05
10110111111110011000,16.727338430499728,9.765625e-05
01110000101000010100,14.45528938341053,9.765625e-05
01111010101010111111,22.234363052222182,9.765625e-05
01110001001101000000,14.139174445370625,9.765625e-05
01101111111010000010,17.9998705978683,9.765625e-05
01101101010010010111,14.450872141373171,9.765625e-05
11110101100111110100,17.266823732214267,9.765625e-05
10011101010111111011,13.97290889887682,9.765625e-05
11011000010010101010,12.118209659064249,9.765625e-05
00110101011111011011,19.561237058151185,9.765625e-05
10110011100001101001,19.461378852983948,9.765625e-05
01100110111000010001,15.374668390322082,9.765625e-05
10011011110001001010,22.363908500475063,9.765625e-05
01010001000010010010,29.151418124136658,9.765625e-05
11000110001110001010,19.102996835241377,9.765625e-05
11000000100000011101,22.09688872801511,9.765625e-05
01100111110100001010,17.600649082116277,9.765625e-05
01101001100100001010,20.072400636061978,9.765625e-05
10010011000111001000,14.781913841050775,9.765625e-05
01011110011111101100,13.645597776258132,9.765625e-05
11110100001101001100,13.202254435326887,9.765625e-05
11010110010011100001,13.423265612968075,9.765625e-05
00001101000111010100,13.3405383779107,9.765625e-05
10011101111100001111,17.007457808799217,9.765625e-05
01101101101101011110,13.514848054161327,9.765625e-05
11001110100010111101,16.327060545641604,9.765625e-05
11010000000101100011,18.680961207751505,9.765625e-05
01000110000001110111,21.470038018874142,9.765625e-05
11110001001010000011,22.31065790141096,9.765625e-05
01101011111010011110,18.06844593887769,9.765625e-05
11000011100011001111,18.234876922376795,9.765625e-05
11010110000111000111,18.002376278147125,9.765625e-05
01001001000100000000,14.854500918858337,9.765625e-05
11000011000000010011,20.535938074574553,9.765625e-05
00001111110011000111,17.604365277832372,9.765625e-05
01100100010010100001,19.229796213682622,9.765625e-05
11001101110001001101,12.001188139073559,9.765625e-05
10111000101000001010,18.95889971169551,9.765625e-05
00001101000001011110,17.02759684236814,9.765625e-05
11101001111000110000,15.069615233567998,9.765625e-05
01011011110000110001,18.03979524112574,9.765625e-05
01101110100110010010,18.331861532120627,9.765625e-05
11011110011011001010,17.95387595507836,9.765625e-05
11010100010010000000,12.363774402289181,9.765625e-05
01110010011100100110,17.811774945476607,9.765625e-05
10110110111010011000,18.442286590021027,9.765625e-05
10110100100110001000,13.285854395304177,9.765625e-05
01100100001011000000,17.163915617183328,9.765625e-05
01010110101001000000,22.776765672284704,9.765625e-05
01111001111101010000,11.673484026878379,9.765625e-05
00101101101000110100,16.46755524224004,9.765625e-05
01110110011010010010,13.785921224320216,0.0001953125
01101001110010000000,15.092465967965651,9.765625e-05
01000111011001001001,16.362456861083913,9.765625e-05
00011111011000000001,15.788970312635652,9.765625e-05
01001011000110100110,16.856694287240334,9.765625e-05
00111110110010001011,17.21802412935257,9.765625e-05
01111110000100011100,25.668956324720924,9.765625e-05
00011110010101100001,15.66652270260116,9.765625e-05
11001100100001111000,10.267459304904921,9.765625e-05
11110001011010000101,13.448900732011195,9.765625e-05
11001011111010111001,19.470038018874146,9.765625e-05
10010111000101010101,15.417933712478955,9.765625e-05
11110100001000010111,14.110391537497417,9.765625e-05
01010110000001101001,20.07149502719313,9.765625e-05
01011110000110101010,17.498891183968993,9.765625e-05
11110111011101001110,19.823059507330722,9.765625e-05
10011101110000100101,14.727101278270467,9.765625e-05
01001111001010100101,17.938602745574677,9.765625e-05
11001101010010110111,12.791487665392728,9.765625e-05
10010011000110001000,14.552175401403101,9.765625e-05
00101101101001000010,11.395726544634881,9.765625e-05
11000110001011000111,22.643673720473082,9.765625e-05
01001111010101000110,14.110391537497414,9.765625e-05
10111001111011001000,18.18823319502118,9.765625e-05
10110110010110000000,22.404508870653775,9.765625e-05
01001110100000011001,17.008459299396787,9.765625e-05
11010110000111111110,17.490042132299266,9.765625e-05
00111011111010001110,17.291324132690043,9.765625e-05
00011101010101101010,15.145748727397443,9.765625e-05
11000011101110001100,16.183980949087,9.765625e-05
01111101010111111000,17.025383378330982,9.765625e-05
10010011000011001011,19.691117292631624,9.765625e-05
00110101011001110101,16.288015897585744,9.765625e-05
00111110101110001011,13.885004044298576,9.765625e-05
11010110001111111011,18.786666397754672,9.765625e-05
01010100100011000100,29.358696316080696,9.765625e-05
11110100100101110001,7.280326454569373,9.765625e-05
00010111011100101000,19.092523742000594,9.765625e-05
00010110100000001010,22.138223458526326,9.765625e-05
00110101010001000111,12.552893834105301,9.765625e-05
11001001000110010111,21.157096483331586,9.765625e-05
01101101100000010101,16.346236196306734,9.765625e-05
00111100110000010011,10.310728071505402,9.765625e-05
00111001011011010100,17.761783759097742,9.765625e-05
10011001000001101010,18.443305036937225,9.765625e-05
10010110000110101010,18.22978652764567,9.765625e-05
11010110000111100011,17.915578983339444,9.765625e-05
01001110001110101110,18.09651864208334,9.765625e-05
11000011100001000101,14.230689426491974,0.0001953125
00111011001101100011,22.40870115012963,9.765625e-05
01111100010111100100,11.332656240715572,9.765625e-05
00001111001010011110,17.390959312320906,9.765625e-05
11010010000000100100,15.838849395388234,9.765625e-05
00101101110001110110,17.044491481797007,9.765625e-05
11011001010010000101,13.70014383443105,9.765625e-05
10101101001110001110,22.16301000831448,9.765625e-05
11001101111111010001,12.883327659577478,9.765625e-05
11110100000001010101,12.870185337117192,9.765625e-05
00111110100010001001,19.624576037465076,9.765625e-05
11110010111000101111,17.494651246557456,9.765625e-05
10111101111111100010,11.405027731539478,9.765625e-05
01000011000000000000,12.318016911728506,9.765625e-05
01100111010100011110,16.443305036937225,9.765625e-05
11100101000111000110,17.135056297622327,9.765625e-05
11111100110011110100,11.997786535962842,9.765625e-05
01111100001100100011,9.876486138522205,9.765625e-05
01101011111000101110,19.163957463587966,9.765625e-05
01111011111010010010,15.368000300135034,9.765625e-05
11000101000101110111,14.819367674419627,9.765625e-05
01011100010100000101,7.26838811168575,9.765625e-05
00100111001001001010,17.135056297622327,9.765625e-05
01010010010010100000,13.692663121987115,9.765625e-05
11101100110111001010,18.05507189507304,9.765625e-05
10111101111100101001,13.299444331199552,9.765625e-05
11100101110001101110,13.884227837561426,9.765625e-05
11100100111111100000,18.203137140551018,9.765625e-05
01111001100101111010,20.444284641738587,9.765625e-05
01101101001011011010,16.70074961458977,9.765625e-05
11010110011001100001,14.906171210820656,9.765625e-05
10011011101011001010,21.606286623594883,9.765625e-05
01001111010110100100,12.611505871540524,9.765625e-05
11000011101011011010,20.493690573676197,9.765625e-05
00110110111010001110,21.391565641396816,9.765625e-05
11110111110111011100,13.481164462672467,9.765625e-05
11001101111000011011,16.66479831700927,9.765625e-05
01110011011100100011,16.78195495303435,9.765625e-05
01000111010100010100,10.08687027289168,9.765625e-05
00111000110010100010,18.142867443174744,9.765625e-05
10010010100010111110,30.228761839136116,9.765625e-05
01110010000110010100,17.14384133366376,9.765625e-05
10100101101001010011,16.73997113795746,9.765625e-05
10110011101001101001,19.218024129352568,9.765625e-05
00110111101101011100,14.561498757531355,9.765625e-05
00110111011010010101,16.183614394726032,9.765625e-05
01111110011110100010,13.624921761749818,9.765625e-05
10011100101110110000,14.006590220496943,9.765625e-05
01001101110001010000,11.540303060589064,9.765625e-05
11011000001010100101,15.197201239204414,9.765625e-05
00111110101011010110,19.857455289928424,9.765625e-05
10110100100001111000,14.64972216559978,9.765625e-05
01110111110101011000,13.278071878548637,9.765625e-05
00110111011001110100,17.423265612968066,9.765625e-05
11111000110001001001,18.92144786476795,9.765625e-05
01011011111010011001,18.199976221240366,9.765625e-05
01100111011101101010,19.490042132299266,9.765625e-05
11011100101011110111,16.427068651669806,9.765625e-05
10010011100000101010,19.349009115614017,9.765625e-05
01001101010110010000,11.432091466725822,9.765625e-05
01110001010011011111,19.47991346161417,9.765625e-05
11110100011011101100,16.79827566756511,9.765625e-05
00110011010001100000,16.363908500475063,9.765625e-05
01101100101000101001,18.32926432364181,9.765625e-05
11001111110011101011,15.915578983339437,9.765625e-05
01100101000001011000,16.930081209850822,9.765625e-05
11111100101100011001,10.840415848428208,9.765625e-05
11000111110110010110,14.441383691174714,9.765625e-05
01010110000100001101,14.46944472190212,9.765625e-05
11111000001001100110,18.486926209569603,9.765625e-05
01111100010001101001,14.16301000831448,9.765625e-05
11010111010011010001,15.72401779933594,9.765625e-05
00111111101101011001,16.28216367820861,9.765625e-05
01101101000010010001,19.79431741717383,9.765625e-05
01010011011000011100,14.046708477404973,9.765625e-05
01001111010110110000,12.276256100551802,9.765625e-05
00110011110101000011,16.09269876666618,9.765625e-05
01111101010000010101,17.337789390936464,9.765625e-05
00110011001011100111,21.24256564181192,9.765625e-05
11010011100000001011,20.684836048804396,9.765625e-05
01111000010110101111,19.07005840634716,9.765625e-05
11111101100111110101,16.32703148753074,9.765625e-05
00110001001101100111,20.845699046101473,9.765625e-05
11000001100010000101,18.09246596796565,9.765625e-05
00010110010011011000,16.73615906051264,9.765625e-05
01000000001011101010,44.818668722554726,9.765625e-05
01101001001011110010,16.825917066360436,9.765625e-05
01100011001010111000,20.85939527334378,9.765625e-05
11011111010111110101,15.446152997057183,9.765625e-05
11100110101011001101,20.85336349026845,9.765625e-05
00110110111011001001,16.553387510637734,9.765625e-05
10010001100000010000,17.08625407227494,9.765625e-05
11110011111101101101,14.401054091595269,9.765625e-05
01011000001100110011,18.73533331861501,9.765625e-05
01111000101110001000,16.183980949087,9.765625e-05
00011111010111101001,10.703823701754605,9.765625e-05
00011011100110101101,20.358274697707323,9.765625e-05
11101111111011111010,18.731488004194645,9.765625e-05
00011111010110011111,14.78195495303435,9.765625e-05
11111100001101010111,14.315449289389878,9.765625e-05
01100111010001000110,15.730593539365067,9.765625e-05
10010110100001110010,21.157096483331586,9.765625e-05
00110100100100010000,9.93599120326291,0.0001953125
11111100101101100000,10.991237144022037,9.765625e-05
10011101011100001010,16.250886234095844,9.765625e-05
00110001010000010000,12.958899711695507,9.765625e-05
11001111000111100111,19.080586749104217,9.765625e-05
01100100001001001111,21.57780281001074,9.765625e-05
11011110101110011000,15.241114617238637,9.765625e-05
00011100000110100011,12.447156152797133,9.765625e-05
11100101110100101001,15.677328694004878,9.765625e-05
11000110011001100001,18.214455544107032,9.765625e-05
11010010100000011010,16.072400636061978,9.765625e-05
00110111110110100011,16.395468376825516,9.765625e-05
01101101011001101100,14.983695947520614,9.765625e-05
11100001100001010000,11.80526812352169,9.765625e-05
11011101011100101111,15.930065282220518,9.765625e-05
01101000110001011011,32.21626779053306,9.765625e-05
00011111001000010101,19.5246543342687,9.765625e-05
10010000011110010000,28.897124045336746,9.765625e-05
11011111111111111110,14.53865176184457,9.765625e-05
10110111110010111001,19.49847654161003,9.765625e-05
01101001000001000110,15.819365687978333,9.765625e-05
01101110101110101111,21.823286151974756,9.765625e-05
11100100111000100101,14.611789038199284,9.765625e-05
01110011111001000111,13.120312271085691,9.765625e-05
01011010001100000011,19.02539306436794,9.765625e-05
01001011100010110011,21.853523594765527,9.765625e-05
01101001100000110101,19.586709635715415,9.765625e-05
11011101010001100011,17.12755872682678,9.765625e-05
11010010111011001111,24.088599990991796,9.765625e-05
11011100110011111001,9.787036483686446,9.765625e-05
01011111010101010011,14.997782367937987,9.765625e-05
11001100110010100111,14.630598047376246,9.765625e-05
01101101001001101111,18.200994668156568,9.765625e-05
01010000000000100101,20.891467866205293,9.765625e-05
11101001100010000001,22.90531785797465,9.765625e-05
10011100000101101100,15.477174982634814,9.765625e-05
10011001101110011000,22.471294341600853,9.765625e-05
01100111011001111011,19.742771744500494,9.765625e-05
01111001010101000111,13.911599101801883,9.765625e-05
00010011000011011010,21.18726283610297,9.765625e-05
10000111100000100001,17.69931463724999,9.765625e-05
11001100000010110010,10.963555161682116,9.765625e-05
00111101110011100111,13.75417437894317,9.765625e-05
00110100001111000101,16.53849436737004,9.765625e-05
10010011011000001101,17.459541629344713,9.765625e-05
11111011011000111000,29.733541549238602,9.765625e-05
01001011110010001100,14.293769416448237,9.765625e-05
01110011011111010110,13.999327189831682,9.765625e-05
00011101001101000000,11.828451891877325,9.765625e-05
10001101010110110110,19.486364251416997,9.765625e-05
01111100111010110001,9.470038018874142,9.765625e-05
01010011011000001011,19.976693805527077,9.765625e-05
01101001100011100000,18.128536258059647,9.765625e-05
00011011101000101011,23.936608432567976,9.765625e-05
11010110100111011101,12.207453402113494,0.0001953125
01110011100011111111,22.92585314080812,9.765625e-05
10011000100000101000,17.745666882785002,9.765625e-05
00110011100000010100,16.552175401403098,9.765625e-05
01000101001100010100,20.1539646221318,9.765625e-05
10010110100000000111,21.394772847768042,9.765625e-05
01100101000000010001,17.358444281101296,9.765625e-05
11100101011100001100,14.545012518868095,9.765625e-05
11000101000101111011,17.756355144535267,9.765625e-05
01000101101010000011,44.61894494471988,9.765625e-05
11001100111011010110,16.02662368630019,9.765625e-05
00100101001101010000,13.569448354798384,9.765625e-05
10001101101010110100,18.424601802666,9.765625e-05
01001110001010100111,18.038879859092738,9.765625e-05
00111101011100100111,10.342991802166681,9.765625e-05
10011011000000101000,24.520893789265486,9.765625e-05
00010111010100000011,13.710521231446977,9.765625e-05
01101111100001101100,23.8138028768533,9.765625e-05
11110001000110010110,17.135056297622327,0.0001953125
11001000100010010101,22.611789038199284,9.765625e-05
11011100111010011001,11.498900870005949,9.765625e-05
10011001011011010000,19.70103278124853,9.765625e-05
11110100110011011011,11.797753705170901,9.765625e-05
01110011010111000000,12.587124190537516,9.765625e-05
01001100001100010001,11.327333008414902,9.765625e-05
00010111010111101101,15.528090622265779,9.765625e-05
11110011111000000011,16.912717892738918,9.765625e-05
11001100100000100011,12.787084277417177,9.765625e-05
01110011001011010111,18.344883169893382,9.765625e-05
10001101010011011011,19.97954865453425,9.765625e-05
10010101110010111011,29.533936785553436,9.765625e-05
10100010111010101011,43.75357057438592,9.765625e-05
00011011001010111110,22.222903378165633,9.765625e-05
11011101111001001010,21.780526951708993,9.765625e-05
01110011000011011000,18.81232795201332,9.765625e-05
11011001101011100000,19.90059665092999,9.765625e-05
11100100010100111110,17.585100612689555,9.765625e-05
00110101010101000101,8.846117220031239,9.765625e-05
11010010110100001001,11.448354701488896,9.765625e-05
00111101111001001000,14.139174445370625,9.765625e-05
10110001000111000111,20.874147254874327,9.765625e-05
11010110101110101100,20.332997181409276,9.765625e-05
01011000000000011010,17.767341237714543,9.765625e-05
11110001001101110110,15.736207148510632,9.765625e-05
10011100010100100100,13.849396190294263,9.765625e-05
00100111100101101000,17.332656240715572,9.765625e-05
01001010100011100000,22.962663701142333,9.765625e-05
01010011011100011010,18.48724152575623,9.765625e-05
00111100100010110011,13.561543313958538,9.765625e-05
10011000001000111000,21.421090893078738,9.765625e-05
01110011111001110110,16.160661537006312,9.765625e-05
01111100111101100001,7.212525246728633,9.765625e-05
00111101011100000100,10.980885654940629,9.765625e-05
00111011101011101010,19.196975955343984,9.765625e-05
01011011010111100100,12.727338430499728,0.0001953125
11110100100101010011,7.585385852916804,9.765625e-05
11011100110100110101,5.550590534042183,9.765625e-05
11001110101011011010,16.972947730151844,9.765625e-05
01011011110110100001,15.73620714851063,9.765625e-05
01111100011010000100,10.311082229806871,9.765625e-05
01000011101101100000,23.959847166969,9.765625e-05
01100101010010001110,22.153116601794025,9.765625e-05
01011010000011000010,18.86792378508204,9.765625e-05
01001001100000111111,26.806215578795182,9.765625e-05
00111100100110100101,13.88518153442827,9.765625e-05
01001011011110111000,18.879579597760955,9.765625e-05
11100110001110110000,21.584717102009954,9.765625e-05
00011111111001000001,14.046588761310225,9.765625e-05
01111011101101001100,20.357385750889847,9.765625e-05
00111101110101100101,10.627558732224966,9.765625e-05
11011011110011101100,13.768429767188328,9.765625e-05
11100111100110010111,20.300843714567854,9.765625e-05
00110110100000110100,20.737530931309244,9.765625e-05
11110000111000001110,10.76782596263109,9.765625e-05
11010110011010000100,16.31108222980687,9.765625e-05
10110111101011001100,21.07664393038027,9.765625e-05
01011110001010111001,16.899368004599218,9.765625e-05
00011101110001010001,13.372423060184492,9.765625e-05
01100011001011001001,20.27884256727368,9.765625e-05
11110111111101010011,15.464288031582463,9.765625e-05
00110111000101100101,15.968210671764265,9.765625e-05
00110100011010000100,17.38528439756959,9.765625e-05
11011001110000101111,14.682882553514016,9.765625e-05
00101010111100001100,49.81906378569971,9.765625e-05
10000111100111000000,13.332656240715572,9.765625e-05
11000101111000000101,17.57481313923644,9.765625e-05
11111100111101101010,8.310728071505402,9.765625e-05
11100110100110010100,19.35389348979524,9.765625e-05
10001001101100011010,28.150830258049538,9.765625e-05
00001101010100010000,14.15676867311844,9.765625e-05
11111100111100010101,7.896840878677988,9.765625e-05
01011110010010001000,13.955193496283627,9.765625e-05
10101101100011101011,19.202776827783403,9.765625e-05
11001101011110110010,13.03761355606181,9.765625e-05
00001101001000011001,18.749147705573073,9.765625e-05
11000110110000110101,15.309192750144787,9.765625e-05
01010011110100000000,12.046708477404973,9.765625e-05
11110100100110110001,10.723692699145335,9.765625e-05
10011101010111001011,13.857455289928424,9.765625e-05
11110011001011101111,23.0805679259475,9.765625e-05
10010011101011111101,25.65979404122942,9.765625e-05
11110011000011101001,24.370814858706893,9.765625e-05
00111111111111011001,13.286692114787133,9.765625e-05
01011100010100100110,10.645976824645611,9.765625e-05
01011110010001001010,16.90531785797465,9.765625e-05
00010110010100111011,20.334551151262556,9.765625e-05
10011101111100100011,14.135126478556586,9.765625e-05
11110001010010011110,15.09671821389983,9.765625e-05
11011010011000010101,25.546521197873123,9.765625e-05
01110110110110001100,12.869631948776362,9.765625e-05
00110011101011111101,25.534539670185744,9.765625e-05
11001101010010111001,13.823160809104522,9.765625e-05
00010000000000000001,18.91057876682106,9.765625e-05
00001101000000001011,19.140201843902716,9.765625e-05
01001111010101101111,16.51764866070436,9.765625e-05
00100110010100011001,30.56853444160751,9.765625e-05
11000001000100100100,12.544363434302417,9.765625e-05
00001101101101011001,21.365617056813317,9.765625e-05
11110000010011100000,14.002395650221034,9.765625e-05
00100000010001101000,40.54680436453188,9.765625e-05
00111001001001100111,15.925715314751187,9.765625e-05
11111100111100011011,6.917512725161449,9.765625e-05
00000111011101000010,18.618944944719875,9.765625e-05
01100111111011101111,23.2407543261072,9.765625e-05
10001101100110101000,16.32926432364181,9.765625e-05
01110001100011011110,24.66784910788546,9.765625e-05
11011100110100010010,7.069615233567998,9.765625e-05
01101111011111000110,15.878545310341648,9.765625e-05
10001010101000101001,35.95419993945343,9.765625e-05
10100101101000100100,18.14239938030957,9.765625e-05
00101101000110001100,19.894933484944307,9.765625e-05
01010011010010011010,17.27232876930435,9.765625e-05
00011110001110000011,12.202844287855307,9.765625e-05
00111101110100110011,11.409826095532814,9.765625e-05
01111110110110011111,14.377334076721313,9.765625e-05
10100101100001101010,17.15141812413666,9.765625e-05
01001101010000010000,11.358084604787724,9.765625e-05
00010111110011111100,23.55580718072866,9.765625e-05
11100111111110011110,16.73032810127403,9.765625e-05
11101001100110101100,19.75759626321292,9.765625e-05
11011100011010101001,11.230814660598824,9.765625e-05
00001100001000001010,19.698948719343075,9.765625e-05
01101101101111111100,17.646551473124973,9.765625e-05
01101101000001000110,15.813802876853302,9.765625e-05
11011101110110100000,16.741359670805434,9.765625e-05
00011111110110000011,13.2027768277834,9.765625e-05
11011100001111111101,11.925327402284672,9.765625e-05
11010010000010000000,14.554436953438248,9.765625e-05
01000111101100011110,24.22002459682541,9.765625e-05
11000101011010000100,18.185346578290257,9.765625e-05
01101100101011110000,13.925337088321628,9.765625e-05
11111111011101110000,30.328688304287333,9.765625e-05
11001001110000001000,13.18188720114459,9.765625e-05
01010111001100011111,25.183745870426232,9.765625e-05
10110101110001111011,15.346968053756754,9.765625e-05
00111101101100010100,13.140201843902716,9.765625e-05
00110101001011000001,18.303080376516995,9.765625e-05
11110100010000111010,11.898703715984485,9.765625e-05
00110110001110101001,16.95847809332214,9.765625e-05
01100111001101110000,17.080606121178132,9.765625e-05
11110100110000011111,8.848764062047216,9.765625e-05
11000101100100000101,14.534682475429088,9.765625e-05
01000001010000000100,13.383190649627178,9.765625e-05
11011100010111111010,9.470038018874142,9.765625e-05
11000111110011111011,16.675924233526594,9.765625e-05
11110100111100110101,6.741288679162728,9.765625e-05
10110110100101011000,18.267781607945782,9.765625e-05
00011011011110111010,20.713312064825857,9.765625e-05
11110011101101000111,18.6435032063578,9.765625e-05
00110011001010001100,16.81041702670883,9.765625e-05
01100110000100111000,19.268968718331013,9.765625e-05
11000011001001010110,17.99778653596284,9.765625e-05
01001011001010000010,15.916896524544708,9.765625e-05
10100001001000101001,24.181228430541957,0.0001953125
00110101011001101010,22.108397224490723,9.765625e-05
01110100111000000000,12.409531892849856,9.765625e-05
00111111111101010111,14.7934661595325,9.765625e-05
01111100011100000011,4.844154947789027,9.765625e-05
11111100110101110111,9.561543313958538,9.765625e-05
00011001100100101111,26.432940330248055,9.765625e-05
00101101011000111110,19.89965117125798,9.765625e-05
01011011010111010101,15.34691027972181,9.765625e-05
10011111111011001100,18.114031027258463,9.765625e-05
00110111110110001011,14.503813774607382,9.765625e-05
01001110011110001010,15.430440891562577,9.765625e-05
00111011101010100111,19.776211854629885,9.765625e-05
10010001001001000110,21.352621963019473,9.765625e-05
11101101010110000010,21.788970312635655,9.765625e-05
11110000010010110011,15.377437130764688,9.765625e-05
11010110111101000001,11.67348402687838,9.765625e-05
11110010001111001000,21.448900732011193,9.765625e-05
01001010011110011011,32.80708933240342,9.765625e-05
10110001100000001110,15.959449186661413,9.765625e-05
10101000000110110010,42.65288589289999,9.765625e-05
10011011000000101111,26.70267096035228,9.765625e-05
10100101100001010000,12.832874651926785,9.765625e-05
10111001000111100011,22.912600886666713,9.765625e-05
01010100101100000001,25.421181551062617,9.765625e-05
00010111000000100010,26.37105283289408,9.765625e-05
01101011011010000110,17.686026897900497,9.765625e-05
01010011100000000101,18.02663419388541,9.765625e-05
11110110010110101001,16.333607227559874,9.765625e-05
00011110000110001101,15.394772847768042,9.765625e-05
01100101011000100101,19.092523742000598,9.765625e-05
00110111111001101110,20.539439112620983,9.765625e-05
11001100011011110000,10.608650211824903,9.765625e-05
01110111010110011100,15.881034768722905,9.765625e-05
01111000010011100100,16.54610999995777,9.765625e-05
01101001100000000010,15.711838772652246,9.765625e-05
00110001110010000011,18.37214939405882,9.765625e-05
10100101100100111011,20.194990485189795,9.765625e-05
11101001100100011000,22.640356239485634,9.765625e-05
11001000111000001010,20.006269669725654,9.765625e-05
11101100111000110010,10.157375187698229,9.765625e-05
11010111100111011100,15.62834626850525,9.765625e-05
10110110100010101001,19.135056297622327,9.765625e-05
11011001011010101111,16.563400644092752,9.765625e-05
01011100100101000001,12.225431227668109,9.765625e-05
00100101100010010101,21.569945562901626,9.765625e-05
00110111010010000000,17.26587076976849,9.765625e-05
11110100110101110110,8.618944944719875,9.765625e-05
10000011100111001000,20.49185064001442,9.765625e-05
10001101011001011100,18.002151521977353,9.765625e-05
00001111011000100100,17.008459299396787,9.765625e-05
01010010011000001000,13.610835341332443,9.765625e-05
11011010000000010011,29.06936495085818,9.765625e-05
01110010100000000000,13.46848478344193,9.765625e-05
01110011111000010111,13.537588758501181,9.765625e-05
11011000001110111011,18.76009768833969,9.765625e-05
11110100010010101011,15.622654691702568,9.765625e-05
00110011010110000100,14.965008553342836,9.765625e-05
11001110101011100010,18.038879859092738,9.765625e-05
01111101111001101001,20.30725629830024,9.765625e-05
01100101000101000111,15.045390936199713,9.765625e-05
01111100011000101001,12.25088623409585,9.765625e-05
10011100100100100000,9.977393393846027,9.765625e-05
10010111100100010100,16.716569676573677,9.765625e-05
00011001010000000101,14.97033347781754,9.765625e-05
11000001110001100101,16.34443094753131,9.765625e-05
00100101001000001101,21.11726220379076,9.765625e-05
10110101111101000010,11.066352190935278,9.765625e-05
11010101110100000001,15.201659680352549,9.765625e-05
01101101000101111100,16.611505871540526,9.765625e-05
00111100001100001010,10.73753093130925,9.765625e-05
01101111100101111110,19.584496171678254,9.765625e-05
10011101100110001101,17.693620350424766,9.765625e-05
11000111010100111111,15.76388113698763,9.765625e-05
10010100000110000010,17.226985921102635,9.765625e-05
11110101110101101110,13.97669380552708,9.765625e-05
00111100111000011010,13.229796213682622,9.765625e-05
11001001010010010011,19.157096483331586,9.765625e-05
00011101100011100011,23.009340323286704,9.765625e-05
11000110101010011001,16.828665846194607,9.765625e-05
01111110101110011011,14.121455217687679,9.765625e-05
01011100000100100100,12.951701235189024,9.765625e-05
10001101001101001010,15.586709635715417,9.765625e-05
01001001000010010110,15.471294341600853,9.765625e-05
10111100001110101011,14.202844287855307,9.765625e-05
11111001100000000110,20.323381707006376,0.0001953125
11011100101001010111,14.279372757702534,9.765625e-05
11010000111001101001,22.140310964875386,9.765625e-05
10010110001100101110,22.916906210581665,9.765625e-05
11111110001010110010,29.169667041589456,9.765625e-05
00110111110100100110,16.887028444104462,9.765625e-05
01111000001011011100,19.821157533642122,9.765625e-05
10110111111111110010,18.43942080411464,9.765625e-05
01000011000110010100,14.075210928641964,9.765625e-05
11100101101010000100,20.09246596796565,9.765625e-05
01110111111111010101,11.46787869892445,9.765625e-05
11110111110111011011,15.047011544166967,9.765625e-05
00001111100001001011,17.710521231446982,9.765625e-05
01111101011111001101,13.79253536631039,9.765625e-05
00011001001100000100,15.095587848861218,9.765625e-05
00011100110100000011,12.315742142085593,9.765625e-05
10011101110110110000,13.59424459062349,9.765625e-05
10110111111110001011,16.960157198905588,9.765625e-05
01111011001110110110,19.549353964783844,9.765625e-05
01110111011111010001,12.511902117856284,9.765625e-05
00011010001010010001,22.73154994625445,9.765625e-05
11000001001000000101,15.909682843989167,9.765625e-05
00011111001111000110,13.692296567626153,9.765625e-05
10100101100011101010,21.15786717205663,9.765625e-05
01101111111011100000,16.86702088623573,9.765625e-05
01001101101100100100,20.35154937201581,9.765625e-05
01011011001000001110,21.659205108625947,9.765625e-05
11001001100010011100,15.38946656094618,9.765625e-05
11100101100100000101,13.917873125056268,9.765625e-05
10001101010110001100,18.78740656961822,9.765625e-05
10100101101100001010,18.325088401858565,9.765625e-05
01011011111101000000,15.213434387168288,9.765625e-05
01000111010101010110,12.310728071505402,9.765625e-05
01111101011011101101,18.76875757740148,9.765625e-05
01110010110011011101,20.759357847413458,9.765625e-05
11001101011101110010,10.306660438350194,9.765625e-05
01011011000111001011,19.883144738562883,9.765625e-05
10111001101000011010,20.66196313434327,9.765625e-05
10111101011011111011,17.06257081585583,9.765625e-05
01000111010111010000,10.252382429914178,9.765625e-05
10110101110011110000,16.199976221240362,9.765625e-05
11100011100010100111,22.1008100135598,9.765625e-05
10000111000010111011,21.72649330568837,9.765625e-05
11000100010001011010,14.372205280029146,9.765625e-05
01100011001110001110,19.00723223067153,9.765625e-05
10110001111100101001,16.585617487133963,9.765625e-05
01110011000110011011,20.03358596792072,9.765625e-05
11010001011100001101,14.048802225347385,9.765625e-05
11111101101101000001,19.485748137927466,9.765625e-05
11010111001100001010,29.683053154756493,9.765625e-05
00111001010011101110,19.755709406036523,9.765625e-05
11011100010010001011,12.661963134343274,9.765625e-05
11001101000010011000,17.60771523973811,9.765625e-05
11101011110100000110,34.1584078700707,9.765625e-05
00110101010001001000,14.677261968354038,9.765625e-05
11101100101010111110,14.67845552747268,9.765625e-05
11011001010110001001,15.183075340218153,9.765625e-05
00011011101110011101,23.13312871026647,9.765625e-05
01100110010001111010,21.14574872739744,9.765625e-05
00111001001101001011,17.038635632472392,9.765625e-05
00011111011001001111,16.064392541178755,9.765625e-05
00011100010100111010,16.289121176647765,9.765625e-05
11110111100010101100,31.70118892370283,9.765625e-05
11000011101010111100,17.358689340066277,9.765625e-05
00011110100011000011,16.069152797478313,9.765625e-05
01110000110100110110,18.246084338531702,9.765625e-05
11001100000110111001,12.12948893707798,9.765625e-05
11011100011001101111,12.512891848848408,9.765625e-05
01001011101011100100,16.75819029460601,9.765625e-05
11000101010011011101,13.811774945476603,9.765625e-05
11000011100011110000,14.73154994625445,9.765625e-05
01101111111110001110,16.62474843964498,9.765625e-05
10110011101000011000,19.819365687978333,9.765625e-05
01101001000000010001,21.585813712883525,9.765625e-05
01001110101011101000,19.18217588581545,9.765625e-05
10000101010101100111,22.14567773575473,9.765625e-05
01101100000011010011,14.342991802166681,9.765625e-05
11110001110011100100,11.411516345155537,9.765625e-05
00101101001000100011,15.876486138522205,9.765625e-05
00110101010010010010,18.720757172458494,9.765625e-05
00011001000001000101,16.276590701275488,9.765625e-05
00110101000001111111,22.36800030013503,9.765625e-05
10011001000100101010,17.724046857446805,9.765625e-05
01110111010101110110,16.269624338757296,9.765625e-05
01111110110011001110,18.37542668298763,9.765625e-05
11110110110010101010,17.599056280987973,9.765625e-05
10101111100000001010,33.492381651991536,9.765625e-05
00100111111001010001,17.314418359286975,9.765625e-05
11110000101101001110,16.428780336095116,9.765625e-05
11110000110110011010,14.023256560935764,9.765625e-05
10011111010111100110,18.99457680507295,9.765625e-05
11110011111101111110,15.604365277832374,9.765625e-05
11011011100011111011,22.083603062234104,9.765625e-05
11111100011001001010,14.905317857974651,9.765625e-05
11100101101101110010,14.678882663858154,9.765625e-05
11010010100010001011,18.00513848272912,9.765625e-05
10010101000100000010,19.202318450955183,9.765625e-05
11110000000000101111,16.30882067777172,9.765625e-05
01111001011001000101,11.745733520898984,9.765625e-05
11011000011011110110,18.213135205752025,9.765625e-05
00011101100100000001,15.292278738642004,9.765625e-05
01111001000000111001,24.363481549593466,9.765625e-05
01111001110110011101,17.494651246557456,9.765625e-05
00110110101001100000,18.128536258059647,9.765625e-05
00111101001101011001,12.644987093653492,9.765625e-05
11001110000110001100,20.42022785419578,9.765625e-05
10001101100010011100,18.55063934562142,9.765625e-05
00011101010110001110,17.88422783756143,9.765625e-05
11000100101001001110,23.674801568083645,9.765625e-05
01100100001100001000,16.597604347329565,9.765625e-05
11111001110001101010,14.960399439084647,9.765625e-05
00110111000111100001,15.304024387346878,9.765625e-05
11100110100110000110,21.334994116901655,9.765625e-05
11111100111000011110,10.737530931309246,9.765625e-05
11110010100001011111,23.07472258461776,9.765625e-05
11110100011001000001,9.183075340218153,9.765625e-05
01011111011011110111,15.179894238125142,9.765625e-05
11011011010111100101,18.989694024689083,9.765625e-05
01100101000111110110,19.45080114973046,9.765625e-05
01111000100001000010,14.30882067777172,9.765625e-05
00110011001101101001,19.038635632472392,9.765625e-05
01000111000001010111,15.02538337833098,9.765625e-05
11010010110000100001,12.075210928641965,9.765625e-05
11110001001110001111,20.09760445069477,9.765625e-05
11000101010001110001,11.037283319253568,9.765625e-05
11000000001000000001,18.696138426763085,9.765625e-05
01111010111010001111,17.889613158556767,9.765625e-05
00011010100001001011,27.761783759097742,9.765625e-05
11011001011110111110,15.600787740970947,9.765625e-05
01111110011110000010,13.464658117514233,9.765625e-05
01110110110110010100,10.442286590021025,9.765625e-05
11011010001011101110,22.503204648381733,9.765625e-05
01110011111001110010,17.113047450732488,9.765625e-05
01100100100001111100,21.438034344086844,9.765625e-05
11011100111100110100,7.20629712914036,9.765625e-05
10010110001001011110,25.15141812413666,9.765625e-05
10011100001100011101,16.427698059054492,9.765625e-05
01110101000100011100,21.413019691652337,9.765625e-05
11100111000111101000,22.44621222909445,9.765625e-05
10001001001000000000,18.74848341695834,9.765625e-05
10010111010111100001,12.703823701754606,9.765625e-05
00011100100101011100,20.30947247235994,9.765625e-05
00111101101111001111,14.953569699271013,9.765625e-05
10010001000101010001,17.65865399015385,9.765625e-05
11100111111110101001,19.986084621727233,9.765625e-05
01011000011010010010,14.625873385048163,9.765625e-05
11110000100011001110,17.845384453496095,9.765625e-05
11110011100110111010,19.997609045833148,9.765625e-05
00011101010100000011,11.299444331199552,9.765625e-05
11111100111101000110,9.332656240715572,9.765625e-05
10011001011010110111,22.74744207723724,9.765625e-05
10010101000111111011,22.659967363334264,9.765625e-05
11001010101000100010,23.129826433328077,9.765625e-05
11001100001100110100,10.265476457236415,9.765625e-05
10111011111110100101,27.635749013292063,9.765625e-05
01010011000101010101,14.463633429004684,9.765625e-05
01001110000010000001,15.409248726191095,9.765625e-05
11001001011000110110,13.570376143730703,9.765625e-05
11010110111100001001,10.649722165599778,9.765625e-05
01101100101001110011,13.366882341995737,9.765625e-05
00010111110101100100,16.055071895073038,9.765625e-05
10010100110000101000,16.670446268106083,9.765625e-05
10101101001010101110,21.916896524544708,9.765625e-05
01001110001000100000,16.12131113919758,9.765625e-05
11000011100010111101,16.48724152575623,9.765625e-05
11110001011111101011,19.46404371783491,9.765625e-05
01001111111001011110,14.731549946254448,9.765625e-05
11011000011110000101,15.166725909763315,9.765625e-05
00011110110101110010,19.362157679667654,9.765625e-05
10010001000001001001,16.130874134245733,9.765625e-05
10110100111000000011,11.640873113930049,9.765625e-05
01111001100010110111,19.577834970378426,9.765625e-05
01111001101001110100,16.05609034198924,9.765625e-05
10011101010000101101,16.47812596947911,9.765625e-05
00111100000101100111,13.986084621727237,9.765625e-05
11010010001100011110,20.18122843054196,9.765625e-05
01111100001101000010,9.508331546169456,9.765625e-05
00010111110100100110,21.839417802274244,9.765625e-05
00111110101110011010,15.367909642151156,9.765625e-05
00100111001111001000,15.699731902094634,9.765625e-05
00101101101000001101,19.313898763980205,9.765625e-05
00011001000101101001,19.825402803561886,9.765625e-05
01110110110110111111,16.77891555075587,9.765625e-05
01100110001101011100,18.877672204027274,9.765625e-05
11010000010010011101,16.096172183377533,9.765625e-05
01111000100110001111,19.096653463850473,9.765625e-05
11011101010010111110,19.331818091918628,9.765625e-05
11111100100101110001,10.997801740011898,9.765625e-05
01001110110100110100,17.914374622368314,9.765625e-05
01011110110110101100,14.491359673504526,9.765625e-05
10100111100101011111,22.942161557656053,9.765625e-05
00001010001101010111,54.04070803314907,9.765625e-05
10011100001110100010,13.372863327050533,9.765625e-05
01011000000001101010,20.877672204027274,9.765625e-05
00111101001101110000,11.354657388009748,9.765625e-05
11010110011011001111,18.58520284477501,9.765625e-05
01101001100111010011,22.940240211893546,9.765625e-05
01111110110110010100,15.076161915486264,9.765625e-05
11010111011101001101,13.063843800633919,9.765625e-05
01111001111010001100,15.53485634645112,9.765625e-05
01101101100110111010,21.190171720434222,9.765625e-05
01110011110001010000,11.734299754776949,9.765625e-05
01010010100010010011,22.493690573676197,9.765625e-05
01010001000111101100,30.031236332129186,9.765625e-05
11111001100100111011,19.871751790157166,9.765625e-05
10010111111011011010,22.20642526916033,9.765625e-05
00111110100010111110,23.443568097101004,9.765625e-05
10011100011110010100,17.17090183154656,9.765625e-05
00011011101000011000,21.69177344074857,9.765625e-05
10011100101110000000,13.168091538966571,9.765625e-05
00011111000010010010,20.78209964634231,9.765625e-05
10100101111011001010,21.899056230779763,9.765625e-05
10110100010010100000,15.757596263212921,9.765625e-05
10110011111100101100,18.002395650221032,9.765625e-05
01001101100101010000,12.749147705573076,9.765625e-05
11010010111100101100,16.037277801241473,9.765625e-05
00111101101011010001,13.970118065497942,9.765625e-05
11000100000001101000,13.252440927530373,9.765625e-05
01111001010111001011,17.511728795751445,9.765625e-05
11100110010000101001,23.892180966399263,9.765625e-05
10011101010011101101,14.806947229105145,9.765625e-05
00010111111110101011,30.908856476433854,9.765625e-05
11010110110101000101,10.718287820572215,9.765625e-05
00001111100111011111,18.940240211893542,9.765625e-05
11000111100100000111,18.11039153749742,9.765625e-05
11001100110000011000,9.81557152460511,9.765625e-05
01111101010101111110,14.556889643273163,9.765625e-05
00000101110010111010,43.876640539503306,9.765625e-05
00101101101011010111,15.781883961391642,9.765625e-05
11010011100000010110,18.30325786664669,9.765625e-05
11001101011011001100,12.424583154173336,9.765625e-05
00001101000100100011,15.91377362580063,9.765625e-05
10010110011010101111,25.02243807847999,9.765625e-05
00110111010110000111,14.643503206357801,9.765625e-05
10011100100111000010,13.88518153442827,9.765625e-05
11010010101000101101,18.739381285429047,9.765625e-05
11010010101001100111,25.302733107102743,9.765625e-05
00101001100010100000,20.491359673504526,9.765625e-05
10111011111010001011,24.930758824836712,9.765625e-05
00110010010111010000,30.62258443448092,9.765625e-05
11111000101000101001,14.983695947520614,9.765625e-05
01001001011100011010,22.150830258049538,9.765625e-05
11110000101100101001,13.62492592977467,9.765625e-05
11100100101000100011,16.343348670490688,9.765625e-05
01110011110101000100,10.01076604390351,9.765625e-05
01100101010100000000,13.706185303543332,9.765625e-05
10011101011100111100,15.23764899849962,9.765625e-05
00011111010010001110,18.04072478232764,9.765625e-05
10010110001110110111,25.138858601902992,9.765625e-05
11111100111111011010,9.271419628864695,9.765625e-05
00110101001111000000,15.46806940666191,9.765625e-05
00011110010010111010,16.945398975781693,9.765625e-05
11100101111100100000,14.329264323641809,9.765625e-05
00011100001101101100,18.919970317442285,9.765625e-05
11010111000100101001,23.430329060567367,9.765625e-05
01110010110011100010,18.68734279559957,9.765625e-05
01010110001101001101,17.228832830778828,9.765625e-05
01110010001110000011,17.038635632472392,9.765625e-05
01100111110010011000,16.353150302802078,9.765625e-05
11110111111101010111,14.282992140968602,9.765625e-05
00111101000010001010,23.684836048804392,9.765625e-05
11000011010010101100,10.958899711695508,9.765625e-05
00001111001110000111,16.202844287855307,9.765625e-05
11001111100110101010,19.262123959972193,9.765625e-05
00110100011100001011,14.31156622030235,9.765625e-05
11100101110001111010,13.514848054161323,9.765625e-05
01100110001000000010,18.295927180018943,9.765625e-05
11010011100101101011,19.191429071849257,9.765625e-05
10011101010110000001,13.296634038619565,9.765625e-05
01110011001110001101,17.189184181865482,9.765625e-05
11100101010110000000,17.056106269619548,9.765625e-05
11000100010101000010,14.611789038199282,9.765625e-05
01111100111101100011,7.093043337307369,9.765625e-05
11110001001100100101,15.076161915486264,9.765625e-05
11001101010010001001,16.71656967657368,9.765625e-05
00111100111010000101,12.975742818682779,9.765625e-05
11010011111011111001,18.478613698685454,9.765625e-05
10000101001010000000,21.767341237714543,9.765625e-05
10110001001001100110,18.081371302730894,9.765625e-05
10011101000101001011,15.464658117514233,9.765625e-05
01011110111001000111,16.783821234784458,9.765625e-05
01000111001101110010,20.683607326186237,9.765625e-05
11000111001010010001,19.55096269354245,9.765625e-05
11011101001101000110,19.679240353730435,9.765625e-05
10011001100100101001,17.363664372231387,9.765625e-05
10101101111100011010,20.03979868556935,9.765625e-05
11011000001110011001,17.3405383779107,9.765625e-05
01000111001110010000,17.254218624865086,9.765625e-05
01001100000011001010,17.22698592110263,9.765625e-05
11000001010011000100,12.654331279857969,9.765625e-05
00101101101110000000,14.388158705777872,9.765625e-05
10011100100101000010,12.740341223889235,9.765625e-05
01011011110000100101,16.443305036937225,9.765625e-05
01001101000101100001,14.265245840867763,9.765625e-05
00111100000001100000,14.142058439615866,9.765625e-05
01101100010011101110,19.295609350110016,9.765625e-05
11000011100000011110,14.072400636061976,9.765625e-05
00110111000110100011,19.483405908212642,9.765625e-05
01011101010100100100,15.543120329183466,9.765625e-05
01110011011110001010,14.644408815226651,9.765625e-05
01100011011010100000,17.24985185954934,9.765625e-05
01011011001111101001,19.616975608926396,9.765625e-05
10001101101110010111,21.36215767966765,9.765625e-05
01011011110011100000,15.273340974627203,9.765625e-05
01110001000111100110,20.539439112620986,9.765625e-05
00010111110000110100,21.092523742000594,9.765625e-05
11101100101000000000,14.456560910186298,9.765625e-05
11010010111010101101,18.623554058978065,9.765625e-05
10001111101011101100,16.554082795136782,9.765625e-05
01011110110110111011,13.453662974752046,9.765625e-05
10011001111000011111,24.54267028915328,9.765625e-05
00111100110010101010,16.183004348575444,9.765625e-05
10000111001110100000,19.058013663353226,9.765625e-05
01001011011001010010,17.759156474659548,9.765625e-05
01101001000011101010,20.887028444104462,9.765625e-05
00100111001001101000,18.661963134343274,9.765625e-05
10011101100101011000,14.449674316262652,9.765625e-05
11000111000001110101,13.772668970178806,9.765625e-05
00001100101000010010,21.19970962950578,9.765625e-05
01110001000100010111,15.045390936199713,9.765625e-05
11110001010111010010,15.116766883752135,9.765625e-05
00011011001000010000,19.409248726191095,9.765625e-05
11100100000000000101,15.897195036979454,9.765625e-05
11000101000110011000,17.220062704519183,9.765625e-05
01001101010101100110,12.03979868556935,9.765625e-05
11100010100110101010,25.553545628693517,9.765625e-05
10011000011111110110,37.25511548925811,9.765625e-05
10111101001101110100,17.800217724548958,9.765625e-05
01001110111110010110,18.12125086228015,9.765625e-05
10011100100001000000,13.51174283531713,9.765625e-05
01011011110001010101,16.624748439644975,9.765625e-05
00100011000010000110,21.025505716911418,9.765625e-05
10011100100011101101,18.05507189507304,9.765625e-05
11100101110011111101,15.782860561903199,9.765625e-05
10110101000011011110,22.743630086919616,9.765625e-05
10010011100011100001,17.951787539644176,9.765625e-05
10110001101001001010,16.540415713132543,9.765625e-05
10010110111100000001,14.914991840833569,9.765625e-05
11110011110100101000,13.638127571399416,9.765625e-05
11110000100001100001,12.654321593821013,9.765625e-05
11110011111111111010,17.32862086585162,9.765625e-05
11110100110110110110,11.165749309251757,9.765625e-05
10000001010101100001,29.296745869614778,9.765625e-05
11100101111010000000,17.720218117950616,9.765625e-05
11110010110110101100,16.0798103568632,9.765625e-05
00110101011001001101,15.673323198800055,9.765625e-05
11000111010000101101,14.248075941515857,9.765625e-05
10110011101010101000,19.5759372626817,9.765625e-05
10011001000101101001,18.02952278621781,9.765625e-05
11011110111111001000,13.151418124136658,9.765625e-05
11011100100001110001,10.265245840867763,9.765625e-05
01100111001110011001,19.32626583704666,9.765625e-05
00111101101110000000,14.66196313434327,9.765625e-05
11111101001011011011,25.52929216445098,9.765625e-05
00101101101000111111,21.470038018874142,9.765625e-05
10110100111010010011,16.806632109218757,9.765625e-05
01111001001110010001,17.025383378330986,9.765625e-05
00011111010110100001,11.584496171678255,9.765625e-05
11010111110101100101,12.046588761310232,9.765625e-05
11010000100101000010,16.959795634527403,9.765625e-05
00000111000001011000,12.832874651926785,9.765625e-05
00011101001100110011,16.946088888903507,9.765625e-05
01011100000001001110,19.64505601172771,9.765625e-05
00111001000010010010,18.087442211348502,9.765625e-05
11001101101110000100,15.724394039733859,9.765625e-05
11100111101001111000,17.74005805723047,9.765625e-05
00011110101110000011,14.533936785553443,9.765625e-05
01000110001110101000,22.763463686639113,9.765625e-05
01110010110100100000,13.803353753773594,9.765625e-05
11110101110101101101,11.109601291194593,9.765625e-05
11100011100100001010,19.70014383443105,9.765625e-05
01011100011100110010,9.905297380925031,9.765625e-05
10110100101100010011,11.406967714954837,9.765625e-05
11001101010001000001,13.429551210324028,9.765625e-05
11001101001110010011,16.783630418283607,9.765625e-05
10001101101011100110,18.111320267990862,9.765625e-05
10110111110110001101,16.34754043236738,9.765625e-05
00111101111101010111,8.96812646251379,9.765625e-05
10111101111111010101,14.23436305222218,9.765625e-05
11000011100010010010,16.85939527334378,9.765625e-05
00001111100100001000,16.504881855060745,9.765625e-05
01010010100100001001,17.606717193584146,9.765625e-05
11011110111110010000,12.327060545641608,9.765625e-05
01011011111001101100,17.4909128816177,9.765625e-05
01101101011000010011,13.080606121178132,9.765625e-05
11011000000001010101,19.831139660373008,9.765625e-05
