bitstring,energy,prob
11010000111010001000,19.702350322453793,9.765625e-05
01010110001011000000,20.79271285644008,9.765625e-05
00000001111101100100,45.49064033171721,9.765625e-05
01110011000010010000,19.13512104767169,9.765625e-05
00101001101010101010,24.624839010501656,9.765625e-05
10001001011111100010,28.765660499464722,9.765625e-05
11001110100111110111,20.69988576499836,9.765625e-05
00011100101110100111,23.949180568841022,9.765625e-05
00011101100011100101,20.84342320994221,9.765625e-05
00100100110101000011,27.30778277165441,9.765625e-05
01010111101010100000,43.85020786604766,9.765625e-05
11111111101111000110,28.07709353025666,9.765625e-05
01011000100000101010,23.11951127263921,9.765625e-05
11111011001111010111,32.605672496546646,9.765625e-05
10001110100000101010,23.14236305191703,9.765625e-05
00101100101110110011,22.133186408014033,9.765625e-05
01111110111010010110,13.443568097101009,9.765625e-05
11001010100110010100,29.244610322776843,9.765625e-05
11101110010100010000,42.58618380965512,9.765625e-05
11010000011001010011,20.007386817156508,9.765625e-05
01001001100010110001,23.833822107200277,9.765625e-05
11101110101010111010,20.90355550048404,9.765625e-05
10110001001000000110,17.108471660577038,9.765625e-05
10001010011101111111,68.53488768527055,9.765625e-05
00100110101111010010,26.145503690068644,9.765625e-05
11001101101100100110,15.718438679186143,9.765625e-05
01101011001100100111,26.5214836417939,9.765625e-05
00010001011001011001,29.260656207446868,9.765625e-05
01100111110100011100,13.733380634033075,9.765625e-05
00111010110011011000,33.09294100684524,9.765625e-05
11100111010100001001,24.68681163703105,9.765625e-05
00100101101100110110,25.21067209545909,9.765625e-05
10000110100111110001,26.60172895465109,9.765625e-05
10101111100000011001,36.004490318088386,9.765625e-05
11110100010101000001,7.8033378261432915,9.765625e-05
10100010101000010000,35.97742003620161,9.765625e-05
01101010100000000011,30.071495027193127,9.765625e-05
11011110000100101001,20.01603962144049,9.765625e-05
00000111111010001100,25.27549593020835,9.765625e-05
01010101101110010011,45.18839954111161,9.765625e-05
01011011111110000010,15.930923097358638,9.765625e-05
10000101001000110000,19.674797105791527,9.765625e-05
01001000110001100010,26.375009331015786,9.765625e-05
00110010000010010001,22.84779443755007,9.765625e-05
01101111011101000111,20.2696243387573,9.765625e-05
01111101011000010011,15.540659292459033,9.765625e-05
11100011100010111100,17.210624094588297,9.765625e-05
01011011110011100111,16.987751244123984,9.765625e-05
10000010111001111111,59.992011484330746,9.765625e-05
01100010101010110011,30.180064566736544,9.765625e-05
11011101001000011011,27.95212148268729,9.765625e-05
00111101110111000110,10.585202844775008,9.765625e-05
11111001010011111001,21.368000300135037,9.765625e-05
01010011100100101100,21.08875351096042,9.765625e-05
10000100110001000011,26.246084338531702,9.765625e-05
01110011010000000110,13.444292352174067,9.765625e-05
11110010001110010100,22.51704912213899,9.765625e-05
11110001000111000100,15.271433580893525,9.765625e-05
00000010111011011100,56.03022059523553,9.765625e-05
00010001001011100011,37.03394377780586,9.765625e-05
11001100110110011110,16.07455560248294,9.765625e-05
11111011011111000001,31.393689748769496,9.765625e-05
11001000010110010010,25.625289050531848,9.765625e-05
11000010101010111000,22.55934370398319,9.765625e-05
00101101101111100101,17.088318674979284,9.765625e-05
01101000011100000010,20.910636540856007,9.765625e-05
11001101000101000000,13.82942151637447,9.765625e-05
01111100100000110110,14.453143379445272,9.765625e-05
00001101110011110100,20.693610577260607,9.765625e-05
01000001101111010101,39.04847117783069,9.765625e-05
10001110100101001010,27.092523742000598,9.765625e-05
11101111110101011110,26.50927629142041,9.765625e-05
00101001011001001010,23.57780281001074,9.765625e-05
11001011000100100011,28.39733110536863,9.765625e-05
11000010110011001111,31.27968342609317,9.765625e-05
01101101001001000101,14.627797527960414,9.765625e-05
10001100000100111110,23.914374622368317,9.765625e-05
10110000100100010010,18.916848436546715,9.765625e-05
11101100101111011010,15.000490242928645,9.765625e-05
00011011100100100110,20.07491527879651,9.765625e-05
10110111000000011100,29.83392671721299,9.765625e-05
10010100100110111101,24.22793337637613,9.765625e-05
01000100001000010011,23.674479275882604,9.765625e-05
01100110001001000111,20.57689720114189,9.765625e-05
00100000011000001000,33.03100813151582,9.765625e-05
01011001101110100100,24.77866131725275,9.765625e-05
00100000100000010011,34.38623185284308,9.765625e-05
01010010111010001101,23.520295317216465,9.765625e-05
10011111110111101000,13.42326561296807,9.765625e-05
10010001100011110100,24.89670940297779,9.765625e-05
00010000110010010010,37.09329089915484,9.765625e-05
11111000010100110011,20.18470301173668,9.765625e-05
11000101000111000100,13.313898763980209,9.765625e-05
11000010000101111000,25.545959974141585,9.765625e-05
11111101000100110001,26.698099219366796,9.765625e-05
00101101110110001011,20.921093706466483,9.765625e-05
10101011100001001111,41.96033197901274,9.765625e-05
10111110100101101001,27.66476374088631,9.765625e-05
00110011100000011000,16.914651634560926,9.765625e-05
01010111101110000111,32.865032814822385,9.765625e-05
01110001011010100100,17.72963006933407,9.765625e-05
10100111001110011100,24.443305036937225,9.765625e-05
11100110100010010000,18.160073463779128,9.765625e-05
11101101000100001111,25.262231280007448,9.765625e-05
01011111000000010000,30.47801684850645,9.765625e-05
01110000110110110011,22.954623653031486,9.765625e-05
01011011101100101000,22.872109392902242,9.765625e-05
00010011000011001111,20.76998634868748,9.765625e-05
00111010011110110011,31.768788916220895,9.765625e-05
00010100010001100001,18.694756869929527,9.765625e-05
11010101010100100101,13.828451891877322,9.765625e-05
00101111100010110010,20.947209557065342,9.765625e-05
00100000000011010111,46.2703371663202,9.765625e-05
01011110010100010001,11.059928033101322,9.765625e-05
00011100000101101111,18.68096120775151,9.765625e-05
00011100011011110111,22.293373629722005,9.765625e-05
00111110000001000010,25.749826964065143,9.765625e-05
00010010011111101100,38.01070400387669,9.765625e-05
11011000011010110011,14.520513930169553,9.765625e-05
01011100000000011011,16.769868363635776,9.765625e-05
10000100001001101000,22.76387561897553,9.765625e-05
00100100001101101011,30.217221487399897,9.765625e-05
00100100000111010100,26.810824693053373,9.765625e-05
00000001001100100101,35.26837562849905,9.765625e-05
01111111111010110011,20.356471708004268,9.765625e-05
01001011101100000101,20.740341223889235,9.765625e-05
10100011100110100100,27.228832830778824,9.765625e-05
10111100101000100011,12.42805773536806,9.765625e-05
00001101011001011100,18.40009153064939,9.765625e-05
11111001010000000110,20.129561680990264,9.765625e-05
01000010111000000001,26.09843373541268,9.765625e-05
00001110001010101000,18.427698059054492,9.765625e-05
10011010110011001101,34.57538313991981,9.765625e-05
10101100101100101010,19.0974952425949,9.765625e-05
00011100100010010010,18.51986212474152,9.765625e-05
10000110011100010100,32.365033445878254,9.765625e-05
00110100011010000001,13.577802810010741,9.765625e-05
00000101111001000110,32.600123452356215,9.765625e-05
10011100101011101001,17.385326243974234,9.765625e-05
11101011010101000111,48.467163797793056,9.765625e-05
00011000101001011011,34.84902432506126,9.765625e-05
01100001110010100010,23.116156837601544,9.765625e-05
10101000000110111001,48.825378746273614,9.765625e-05
01001001001111010100,18.315742142085593,9.765625e-05
00110001101010110000,27.17051654156573,9.765625e-05
01101110100111011000,21.002411588691157,9.765625e-05
11000110110001000100,14.409531892849856,9.765625e-05
00111011011111100110,20.48008678371901,9.765625e-05
00001010101001111001,45.450249612035876,9.765625e-05
01101001000100111100,22.32645403106182,9.765625e-05
11111111011010110011,30.806891714142566,9.765625e-05
00110101110000010001,13.480682447778463,9.765625e-05
00010000111110101000,48.80458437570584,9.765625e-05
11110010110100010011,19.931883770239892,9.765625e-05
00110111110111000100,11.326456653547504,9.765625e-05
10001100010001110100,26.469658676219403,9.765625e-05
11010101101110101101,35.62030786390059,9.765625e-05
10101100011110111000,29.055502475902117,9.765625e-05
10101101101010110110,18.726834246382072,9.765625e-05
01001101011011111010,20.158037697011725,9.765625e-05
01000100010011100010,27.911208392185625,9.765625e-05
00111000110111010001,31.684623073876267,9.765625e-05
11110000001110100000,14.49135967350453,9.765625e-05
10100010001101010010,52.08969128019696,9.765625e-05
11001110010111000101,26.793666553306913,9.765625e-05
01010101101100101100,47.386150108647065,9.765625e-05
10110001011001101010,17.587126900560058,9.765625e-05
00100100111111001100,39.306750899990384,9.765625e-05
10100101110011001011,21.08495154961486,9.765625e-05
00011100000101110011,12.867929215966944,9.765625e-05
10011011101010011001,23.71052123144698,9.765625e-05
11111111101011010111,28.626762516959865,9.765625e-05
10000000111100010011,54.2245493768779,9.765625e-05
10011101001001000111,18.364268176788634,9.765625e-05
11111110000011000001,39.102960469020815,9.765625e-05
11100001100100000010,14.072400636061978,9.765625e-05
01110101110000010010,20.64938122490608,9.765625e-05
11000111110110011111,15.527878360122527,9.765625e-05
11110000001000101000,13.340892536212168,9.765625e-05
10101100101100100011,19.486364251417,9.765625e-05
11000100000111010100,14.372205280029146,9.765625e-05
00111111010001100010,23.03011157222987,9.765625e-05
10000001001110001100,28.501046873971205,9.765625e-05
01100010111110111000,33.274824676419016,9.765625e-05
11110111111111011001,13.740754320709023,9.765625e-05
11101110110101100110,33.16779868627086,9.765625e-05
00100111000001100001,19.22106624165359,9.765625e-05
00101100001100100111,21.348073332818775,9.765625e-05
10110100111101011010,16.022447764516944,9.765625e-05
11110110110010000100,17.273695132928673,9.765625e-05
10111110101100110101,28.899368004599218,9.765625e-05
11111010101000001011,27.285039444419205,9.765625e-05
11001110010101000010,26.65355714668932,9.765625e-05
01001101100100100100,17.727515920629425,9.765625e-05
00110000101110001001,27.879000584913047,9.765625e-05
01110010010011000110,17.766347593347497,9.765625e-05
10110101001100100001,16.366291842173453,9.765625e-05
11100010100100000101,31.08875351096042,9.765625e-05
11101101101100110011,15.390415071939657,9.765625e-05
10101011110100010111,55.23645220207743,9.765625e-05
10010010101010100000,23.40354466620171,9.765625e-05
11110000101110010101,16.31156622030235,9.765625e-05
00100001001001000100,18.654331279857967,9.765625e-05
00100010001111000000,37.541716592286434,9.765625e-05
01000010110010101000,26.554619041655105,9.765625e-05
01100011110111101100,22.188168444971822,9.765625e-05
00001010100111000010,38.5608790253438,9.765625e-05
00001101100000101010,24.102262474908873,9.765625e-05
11101111101100100100,27.88247336517035,9.765625e-05
00011010011011100010,24.99731955045384,9.765625e-05
11111011111101000100,25.874453510681676,9.765625e-05
10000100011101101101,36.24261871979269,9.765625e-05
11111001000101110111,22.44609522302224,9.765625e-05
10100100100110100101,26.071433721587372,9.765625e-05
01001010000001011101,32.33299718140928,9.765625e-05
10110001110111000101,18.435061579922344,9.765625e-05
00100011000110101010,26.068445938877687,9.765625e-05
00001001110110110101,39.68982712861266,9.765625e-05
01111101111111100011,14.435708347109419,9.765625e-05
01100101011010011100,20.443256214518172,9.765625e-05
00110000100010111010,32.21234494860938,9.765625e-05
01100011001100010101,20.55408279513678,9.765625e-05
01001111111101001101,15.673484026878379,9.765625e-05
01011101100110100010,32.81569778740028,9.765625e-05
01110110100000000001,17.329910698184943,9.765625e-05
11111111101001111001,31.062786500806503,9.765625e-05
00000010100011001100,38.799087174006466,9.765625e-05
01001011100011000000,15.394772847768039,9.765625e-05
01000000001000010100,24.57917812525095,9.765625e-05
11010110111101111110,18.329826488934472,9.765625e-05
00011110011011111111,22.404956739896775,9.765625e-05
11001010010100010000,37.47763844741283,9.765625e-05
01000011110110010101,22.022447764516944,9.765625e-05
01111101010101011011,14.282163678208612,9.765625e-05
11101111100100001111,32.308939757412425,9.765625e-05
10101001010001001000,34.08964943379232,9.765625e-05
01011110001111111101,14.515785823397865,9.765625e-05
11101010000100110100,50.91824872900015,9.765625e-05
00011100101101101010,23.314833736067005,9.765625e-05
00100111011000011011,21.390605888440504,9.765625e-05
10110011001100001101,23.08833886860146,9.765625e-05
01011111110111000001,13.87854531034165,9.765625e-05
10010001010101011111,26.467210878738907,9.765625e-05
01010010111000000000,15.432407517333518,9.765625e-05
00110101100111110011,21.397369528965854,9.765625e-05
00100100100101010111,28.710447442654527,9.765625e-05
00010100011100001011,25.802386839298993,9.765625e-05
00011000001001011010,28.071433721587372,9.765625e-05
01010111100101011111,21.90704776157864,9.765625e-05
11001111111111111000,12.076822672530191,9.765625e-05
11100011010011010111,28.460402252472388,9.765625e-05
00001100000010001111,24.670683420335347,9.765625e-05
01111011100100000001,26.193524463297855,9.765625e-05
10011101101110010000,18.170618664887797,9.765625e-05
00000111001010110000,21.68575957174484,9.765625e-05
01101110000000011110,26.340853497797085,9.765625e-05
10111000110000100000,20.35400278543197,9.765625e-05
11001011010111111101,26.977634284786152,9.765625e-05
10101111100010001110,30.59541481562546,9.765625e-05
11100111111011011100,13.699731902094632,9.765625e-05
10010110010000001000,14.917260368883131,9.765625e-05
10000011111110010100,32.91307122949212,9.765625e-05
10001110100101111101,33.03134834862827,9.765625e-05
01011000101010000100,20.363761919102487,9.765625e-05
00000001110010001110,42.21613184170093,9.765625e-05
01011011011011001110,14.41431695169857,9.765625e-05
01010011000001010001,16.484723449417906,9.765625e-05
11000111100111010111,15.211207705523371,9.765625e-05
10001101010001101010,15.480692133815424,9.765625e-05
10011010100000101011,26.36026276912067,9.765625e-05
01110010100001000000,15.46622323140678,9.765625e-05
00010011010101100100,17.181619053031014,9.765625e-05
01110101110001011100,17.481585346624776,9.765625e-05
00111101001000011001,19.300469019709105,9.765625e-05
00110101001000001011,23.932856926307846,9.765625e-05
11000010001010011110,24.62701967771708,9.765625e-05
00000101010000000000,17.161821869240917,9.765625e-05
00000011010100000111,30.130328103723436,9.765625e-05
11010000011010011101,20.338566234127658,9.765625e-05
11101101010001010111,20.37756589644234,9.765625e-05
01011001100000110110,22.829155953328204,9.765625e-05
10011000111101110001,32.81570927437466,9.765625e-05
10010001010101001101,18.496934058731135,9.765625e-05
01000010010010000100,19.001197825110516,9.765625e-05
10100000101010000001,32.05131061564875,9.765625e-05
11101111000100100111,39.32217179629547,9.765625e-05
01001000100011110010,28.714623364437774,9.765625e-05
01001000001001111000,26.01566122034688,9.765625e-05
00111001010100001010,16.729642552520772,9.765625e-05
11111111100000111110,37.30900377304073,9.765625e-05
11000010101111111000,30.58100557572603,9.765625e-05
00001100000100100010,16.82656585665885,9.765625e-05
10000101000000100100,16.498605943741744,9.765625e-05
10110011000001111100,26.776351029925742,9.765625e-05
10111111101000000011,33.13242285871799,9.765625e-05
00011100101100110011,18.377575506191917,9.765625e-05
11101110100000011000,30.967713169393768,9.765625e-05
11111000100011001000,19.466223231406783,9.765625e-05
11110001001100110110,15.821273081712015,9.765625e-05
11011011001100001100,22.75766101326228,9.765625e-05
01011111101000100010,36.75556030014528,9.765625e-05
00000110000111000001,20.930932783395594,9.765625e-05
00010111100110000111,21.537588758501187,9.765625e-05
00100010000000100100,35.176873130564395,9.765625e-05
00001100100110100010,23.070829927869944,9.765625e-05
11110111001100110000,29.413696463453768,9.765625e-05
01111111000001100001,36.36730413462351,9.765625e-05
00000000001010111010,54.749380281351364,9.765625e-05
10010011100111101101,18.890509081388657,9.765625e-05
00100110111011001010,28.05759185947598,9.765625e-05
11100101001000000101,18.778686283626147,9.765625e-05
00101101101101110011,14.902136668754443,9.765625e-05
10101011111001100010,34.947868327667976,9.765625e-05
01101000011001001000,24.45528938341053,9.765625e-05
00111111101011000010,18.05600350984343,9.765625e-05
00011111101000110101,21.665749303853566,9.765625e-05
00010001111010001000,37.09802877909068,9.765625e-05
11110111001000011001,31.827025964120466,9.765625e-05
00111101010110000011,11.13600030845221,9.765625e-05
10111110110100011111,33.79461129855787,9.765625e-05
10111110000111010001,38.040824402767235,9.765625e-05
10101111111011000000,27.041684720787828,9.765625e-05
01011110001010010000,15.903434619905916,9.765625e-05
10101101000010010110,25.788970312635655,9.765625e-05
01010110100110110101,19.646551473124973,9.765625e-05
10110010101011001010,25.25203161767964,9.765625e-05
00111000011101001100,29.99572373419592,9.765625e-05
11001101011010000110,14.871148720020987,9.765625e-05
10111000000001110000,31.546521197873123,9.765625e-05
01011100101010000110,25.3932447095619,9.765625e-05
11001001000000100010,14.962701808836112,9.765625e-05
00010000001110000011,34.149426521152506,9.765625e-05
00100111010100001110,21.14384133366376,9.765625e-05
01101000010001001110,28.497889399104164,9.765625e-05
10111100111100000011,10.731549946254452,9.765625e-05
11101110011100010110,36.27789874194767,9.765625e-05
00010101011101010001,17.726448956401242,9.765625e-05
11111110000001100110,39.827025964120466,9.765625e-05
10011111000110101001,19.736342155781635,9.765625e-05
00101000111011110110,49.06948396500786,9.765625e-05
01111110011011110111,15.531064550913651,9.765625e-05
00100111001000011101,20.182795618003,9.765625e-05
11110100010100110101,7.896840878677988,9.765625e-05
01011000010101111101,25.296745869614778,9.765625e-05
10000110110101011011,33.28405027359375,9.765625e-05
00011111000100101011,18.65134368265216,9.765625e-05
00010001100010010000,29.405413745101555,9.765625e-05
01001000110111001111,43.5986930731036,9.765625e-05
00111100111111010110,16.197984618256214,9.765625e-05
01001010111010000110,24.202478369948384,9.765625e-05
01100101111000101100,25.62904407752297,9.765625e-05
00000100011001010100,33.3364662445919,9.765625e-05
11010000001100001110,19.43240751733352,9.765625e-05
10000011110101011001,33.24509525483345,9.765625e-05
11001101001110101110,17.743203048910825,9.765625e-05
00010001000110010001,24.054168996226732,9.765625e-05
10000111011101010100,21.18217588581545,9.765625e-05
10101111100110101100,28.62779752796041,9.765625e-05
10111010000111011100,53.61427608082527,9.765625e-05
00100101110010100011,27.356347110351464,9.765625e-05
01000011011111001110,24.073706847724097,9.765625e-05
10011110001100110000,21.094037644750465,9.765625e-05
00100001101100000000,20.87892155073957,9.765625e-05
01000000010000110000,24.316712501003803,9.765625e-05
00011111110011001101,14.5528938341053,9.765625e-05
11110101000000001001,29.911405439483445,9.765625e-05
00001110110011110101,32.040708033149066,9.765625e-05
11110101000000000001,29.130923865749907,9.765625e-05
01100011101011000010,17.862960327018506,9.765625e-05
11101001000111010101,30.83940811623729,9.765625e-05
10000000101010011100,44.80771873978811,9.765625e-05
00010000001110000000,27.72055905864432,9.765625e-05
01100011000100101110,21.18307534021815,9.765625e-05
01010100010000100111,22.203201890600383,9.765625e-05
11111111110001001111,30.23354238702487,9.765625e-05
01001010010011010100,28.579168439213994,9.765625e-05
11011111011100000010,26.761148077643696,9.765625e-05
10001101100110010100,16.51050244022072,9.765625e-05
10000100000111001100,26.080224999222157,9.765625e-05
11011010011100111101,23.862273025995666,9.765625e-05
01110101001100000101,20.158407870070704,9.765625e-05
00000010011011011100,50.93870561411418,9.765625e-05
11111011011111010101,32.19141938581231,9.765625e-05
00110010101010011101,28.082150943071827,9.765625e-05
10001110101000111011,25.805893286594138,9.765625e-05
11111101011000101110,22.795645673104374,9.765625e-05
11000000001100001100,22.0,9.765625e-05
01111101001110000110,20.703998481861767,9.765625e-05
11101001011100101010,20.05520337077324,9.765625e-05
11010000110100101100,14.51956719847731,9.765625e-05
01001110011111010110,18.164904918861463,9.765625e-05
00100101110000000010,17.163915617183328,9.765625e-05
00110111000101110101,16.36805807416998,9.765625e-05
01111110100111000001,18.04634192304401,9.765625e-05
11101010110000011001,43.73009977570544,9.765625e-05
00000111111111100100,27.370853075573713,9.765625e-05
10010110000000000000,18.27225942116783,9.765625e-05
10110000111101111110,37.240941502273856,9.765625e-05
10110001101000111111,23.198055609898923,9.765625e-05
10100100100100101001,20.37220528002915,9.765625e-05
00001010110011010001,48.16673309291779,9.765625e-05
01110001100101000110,14.540415713132544,9.765625e-05
00010010000001000100,22.30591972720785,9.765625e-05
00001011100110010011,29.093043337307368,9.765625e-05
10100101111110110111,28.468030488259686,9.765625e-05
00101111010001000000,27.21174288552534,9.765625e-05
11100100101010110110,19.00954802517082,9.765625e-05
11001110100010010000,16.70800557086394,9.765625e-05
01110000111001101010,24.51094905744349,9.765625e-05
10010110100001111010,20.73154994625445,9.765625e-05
00010110111111101101,32.15587556907248,9.765625e-05
01100100010100001111,20.43295625787836,9.765625e-05
00001101101010010110,23.628683677628153,9.765625e-05
01000101100100010000,22.189054573003368,9.765625e-05
10001000110101110111,60.34044866148795,9.765625e-05
11100110000010011010,22.4205731966764,9.765625e-05
10110011010110110100,27.531139710581215,9.765625e-05
11000011110010101100,11.448354701488896,9.765625e-05
01111010100110010111,23.19142907184926,9.765625e-05
11011111111000000101,24.097251935899493,9.765625e-05
11110000001100110001,13.899651171257975,9.765625e-05
10010001100110111100,27.068623429007385,9.765625e-05
00111011101001011001,24.100810013559805,9.765625e-05
10001000011010110010,38.16527772565559,9.765625e-05
11110010000110001001,21.5806689010242,9.765625e-05
10111000010101001110,38.54138533762969,9.765625e-05
00010110011101001010,20.130328103723436,9.765625e-05
10010001010010101110,24.025265033111346,9.765625e-05
11101110001100110110,32.0323135979605,9.765625e-05
00110011000001100000,17.624576037465072,9.765625e-05
10100011111111111100,38.62066308871841,9.765625e-05
10001010000000100100,41.51644709688297,9.765625e-05
00101010100001100010,39.723076498528584,9.765625e-05
01000111010110010100,10.81556183856815,9.765625e-05
10000001001110100011,35.01782616707206,9.765625e-05
01010101010111000100,20.184931935931303,9.765625e-05
11001000101010011100,22.139835925995797,9.765625e-05
00010110110011101101,26.740693738684516,9.765625e-05
01100001100100101101,25.84911124433427,9.765625e-05
00001101110110110111,26.733432373614736,9.765625e-05
00000011110011001110,30.443608729313453,9.765625e-05
01100100000110110100,18.880735576466826,9.765625e-05
10011111000100100010,26.57205271395567,9.765625e-05
10101100001100100111,26.66479831700927,9.765625e-05
10011111001010011110,26.7316112518602,9.765625e-05
10111111110000111011,28.6513339966152,9.765625e-05
01000111111110110100,23.21067209545909,9.765625e-05
01000001100000111101,33.30857654952804,9.765625e-05
00000101100001101000,29.972753147908474,9.765625e-05
10000100000101110001,22.65473271544898,9.765625e-05
01100111111101000110,14.112109681495951,9.765625e-05
01001001000101101000,19.938185295226155,9.765625e-05
11111111011011100100,30.917571320744656,9.765625e-05
10010101011001010111,20.288015897585744,9.765625e-05
00000000101110001011,62.38143619887229,9.765625e-05
11000010001100010110,28.580433724396414,9.765625e-05
00100000011001100110,45.34699711186762,9.765625e-05
01111100100010100111,16.83940811623729,9.765625e-05
00111000000100100101,24.325088401858565,9.765625e-05
00101001101001100010,18.935657445723677,9.765625e-05
01011011101010010010,22.708658394140482,9.765625e-05
11000001001100000100,14.272506259434047,9.765625e-05
00010111010011101000,17.976693805527077,9.765625e-05
11111101100110000100,25.455097609156724,9.765625e-05
01001000100110101100,30.847907177630404,9.765625e-05
00110100110011011001,20.531526801499464,9.765625e-05
01101111011001001010,20.55222973099444,9.765625e-05
01101000101011001110,26.102621231297505,9.765625e-05
01000011101010001101,24.91267251476347,9.765625e-05
11010111010001101101,15.621106974282455,9.765625e-05
00111001110001111011,22.570128679806807,9.765625e-05
11111100001110000001,15.620936547704027,9.765625e-05
00100001000100100101,26.670683420335344,9.765625e-05
11011111001001000010,35.80133380546346,9.765625e-05
11000010000100011100,22.89372941824044,9.765625e-05
00110101011000011001,17.480682447778463,9.765625e-05
10111011111110000111,28.488910945302734,9.765625e-05
10100101101110001101,22.54233903449653,9.765625e-05
01110000111011100110,26.898076833118466,9.765625e-05
01110010011100011101,18.929979086528753,9.765625e-05
11101111010101100100,36.33560154056657,9.765625e-05
10011010010101010001,47.0484711778307,9.765625e-05
11110010100100101010,17.18307534021815,9.765625e-05
10110010101010011001,25.587126900560058,9.765625e-05
10111100111011010110,19.13312871026647,9.765625e-05
11000001101000111100,21.116058137086892,9.765625e-05
01101000111111000110,30.32027682025747,9.765625e-05
00101100000101100001,22.34334867049069,9.765625e-05
00100101001011100000,21.283121543100307,9.765625e-05
00010110100010001010,24.45947687929535,9.765625e-05
11000000000010010111,26.071433721587372,9.765625e-05
00111111011001100010,18.85730433339093,9.765625e-05
01010101101110101010,61.98370313067509,9.765625e-05
01011110110111111100,14.618944944719871,9.765625e-05
10010000111111001000,35.412768401890375,9.765625e-05
00111000101110100010,18.36051679054136,9.765625e-05
01010110010111001110,17.09665346385047,9.765625e-05
10100111100110001010,20.90690630557422,9.765625e-05
00011110110111001001,14.911695914251911,9.765625e-05
10100000011111001010,49.12268656320118,9.765625e-05
11001101010101110110,9.56159110768927,9.765625e-05
01010010110011011110,26.325440916653847,9.765625e-05
11110101101000101011,32.59241816883673,9.765625e-05
01010011010011010000,11.911766905894618,9.765625e-05
00000110011111111000,35.935992144824034,9.765625e-05
10000101100111000000,16.69547965616045,9.765625e-05
00000100110001010000,29.38413810490067,9.765625e-05
00001100100000010000,16.906190582894567,9.765625e-05
01111001110010110110,13.930923097358637,9.765625e-05
00001111101100100010,18.53403611172577,9.765625e-05
00010101100000101000,38.52253289909054,9.765625e-05
00110010000100100100,25.117262203790755,9.765625e-05
10110110011001011001,23.151395954913006,9.765625e-05
01100000111010000001,27.142825596770102,9.765625e-05
10100001001011001000,23.337265354973766,9.765625e-05
01000011111010010100,19.160138410128734,9.765625e-05
00010110101110111001,27.42606613238391,9.765625e-05
10011110001000111100,24.82722742441122,9.765625e-05
00000011000111001010,24.251238748891126,9.765625e-05
11110010100101001100,19.959449186661413,9.765625e-05
00011011110011110110,22.589914289495326,9.765625e-05
00111011010001100011,25.94392684809145,9.765625e-05
11000110101101001000,15.39227685352617,9.765625e-05
00110000111101111111,47.95168459477384,9.765625e-05
10011011111100111100,23.97014712360881,9.765625e-05
00100111010110110110,24.426306816183974,9.765625e-05
01111001111010100110,13.665634697344807,9.765625e-05
11001001000101100101,18.158152118016623,9.765625e-05
00110100110001010001,12.142867443174744,9.765625e-05
10101110011100010000,48.74076909469577,9.765625e-05
10000011101000110000,23.30919275014479,9.765625e-05
00001101110100000100,16.696138426763085,9.765625e-05
10111010110011011001,44.7332591386371,9.765625e-05
10001110110100011110,36.28946564891228,9.765625e-05
00011001110010000110,20.025265033111346,9.765625e-05
10110110110101100101,23.157867172056626,9.765625e-05
11100001000010100111,20.88702844410446,9.765625e-05
10011000111010101100,26.399747792805947,9.765625e-05
00110110010101100101,21.157867172056626,9.765625e-05
00000011011111010101,38.83920835891692,9.765625e-05
01101101111011110100,12.442431490469044,9.765625e-05
11110000010001110011,16.423194621325365,9.765625e-05
00110111001100001001,15.934771296055942,9.765625e-05
01011001111010001010,27.123799112544866,9.765625e-05
11110111011000011101,22.24119632360663,9.765625e-05
10010001110001010100,18.18607469702941,9.765625e-05
10001111010001011100,26.399844692383176,9.765625e-05
11001010100010010110,26.225431227668103,9.765625e-05
11001110010101110110,26.35939173637479,9.765625e-05
01010011100100100100,19.04580631297973,9.765625e-05
10011011110010101001,18.47087969924189,9.765625e-05
00000101000111000100,19.84911124433427,9.765625e-05
01111110101011010001,16.450862455336214,9.765625e-05
01111100001000110001,12.06933206690924,9.765625e-05
00011111110011000010,14.97949441207011,9.765625e-05
11111000110001000100,18.260162236647176,9.765625e-05
01011000110111001110,26.674880602257122,9.765625e-05
00111001101000100011,15.936608432567978,9.765625e-05
01111110100010010011,19.046305594651468,9.765625e-05
11001110100110010001,18.051110847532016,9.765625e-05
10100101011000001001,19.805268123521692,9.765625e-05
11101101100000000010,23.36068094305044,9.765625e-05
01100001001100010100,15.39227685352617,9.765625e-05
01001101100110010001,18.097828276552878,9.765625e-05
00101101001101001010,13.997786535962845,9.765625e-05
10111101111001100110,13.880125628283253,9.765625e-05
11001010110011111010,28.628673991591192,9.765625e-05
01110000111110010111,23.80369305096111,9.765625e-05
01001011100011010010,17.490042132299262,9.765625e-05
01111001110111010010,13.604365277832375,9.765625e-05
01011110110100111001,12.506435824914023,9.765625e-05
00001111110011100100,15.645597776258128,9.765625e-05
00110110000001100001,18.087442211348502,9.765625e-05
00100100100000010000,16.846579656120923,9.765625e-05
00110001101101101110,27.361916897490907,9.765625e-05
10011001001000111000,19.90182559688005,9.765625e-05
00110111111001101000,17.976693805527077,9.765625e-05
00010101111111000011,34.253403695616306,9.765625e-05
01010011111011100100,22.652041317005818,9.765625e-05
01100011111001010000,15.220051239180997,9.765625e-05
00010011000101001110,18.18823319502118,9.765625e-05
10011101010000001011,18.62779752796041,9.765625e-05
00001100011100010111,29.883685262322555,9.765625e-05
11011010111100111001,19.925337088321626,9.765625e-05
00101001110001100010,22.73711275737948,9.765625e-05
00101011011101000100,37.69040781154531,9.765625e-05
01100011101111000011,23.11186119972355,9.765625e-05
00101100100101100010,18.741288679162725,9.765625e-05
11111001011100000100,16.451235985711598,9.765625e-05
01000100100011101010,41.13347933699713,9.765625e-05
11001010110111101000,29.914991840833565,9.765625e-05
00000001011011000000,31.495008114881465,9.765625e-05
01111000000000100110,14.965538743771688,9.765625e-05
01010110110111011101,16.232120872260946,9.765625e-05
00111100001001001110,16.308820677771724,9.765625e-05
00001101001001110100,14.463742441213967,9.765625e-05
11100000100100011101,25.149870319589347,9.765625e-05
11010111100000000011,31.971259760079704,9.765625e-05
00000010010001001101,45.56831435981229,9.765625e-05
11010010001110101010,20.29374651280352,9.765625e-05
10001100111011000000,22.055486537431996,9.765625e-05
01000100011101100000,25.209481246362987,9.765625e-05
01111010010010100111,22.331640601788926,9.765625e-05
01110100001110001001,18.654944036031104,9.765625e-05
01110111110010100101,22.310657901410956,9.765625e-05
11110010100111111010,21.772399042763997,9.765625e-05
10110010111111011111,42.69276715500999,9.765625e-05
01110010111011001000,16.443673479362815,9.765625e-05
01010100001111100111,34.39281684959518,9.765625e-05
10010011001101000110,21.699731902094634,9.765625e-05
00001001101111101111,43.46324181030331,9.765625e-05
00001000000101110001,44.20720023512673,9.765625e-05
01111100001000101110,18.822574695286974,9.765625e-05
10100110100001001000,24.138281966982337,9.765625e-05
10111011011111101001,31.245556221671347,9.765625e-05
10001110010010101100,28.534682475429086,9.765625e-05
10000001111101000100,31.582167796025253,9.765625e-05
11001101111111101101,15.452102763305422,9.765625e-05
00011111100011011101,17.213415015094377,9.765625e-05
01010001110011100101,30.273456337193224,9.765625e-05
01101100111011100001,16.329826488934472,9.765625e-05
00101101000010100010,17.498891183968993,9.765625e-05
10111100111011001001,15.446979386248683,9.765625e-05
00011101010000000110,16.204168805074982,9.765625e-05
00101000100011000110,35.21522623283208,9.765625e-05
00100110101110010011,26.044210850496736,9.765625e-05
10110101010100001011,14.867923785082041,9.765625e-05
11001111111011110110,13.299135463746335,9.765625e-05
10000000000100110100,38.316712501003806,9.765625e-05
01000111011101011100,12.962663701142338,9.765625e-05
11111101100101001101,21.03635979631313,9.765625e-05
01101101100010110100,17.790829618371344,9.765625e-05
11011110111100111001,11.24678673484021,9.765625e-05
00111111010001101011,22.083616279841866,9.765625e-05
00001011111011001100,26.185425612463735,9.765625e-05
11011110100010001101,20.54661259027807,9.765625e-05
00011000111111100011,37.98029708690844,9.765625e-05
11101110010101100001,42.780246495072774,9.765625e-05
01100001000010011100,19.285854395304177,9.765625e-05
10111010011001110011,48.151011709812344,9.765625e-05
11010000101110001010,27.225961232593086,9.765625e-05
01111111111110010101,14.450862455336214,9.765625e-05
00001110011001101000,23.954199939453435,9.765625e-05
00100110001101010000,23.920670934449557,9.765625e-05
10010100100010100010,25.441818734295914,9.765625e-05
10001011100101011000,32.156483727158445,9.765625e-05
01110111011111001011,17.128181277800262,9.765625e-05
11111001000100110110,21.25060306743709,9.765625e-05
00000100011010100100,38.62371562147746,9.765625e-05
10000100001101011011,30.341473349997493,9.765625e-05
01001110000100000010,17.10127869124284,9.765625e-05
00110010100111010111,33.75961466598389,9.765625e-05
10101100001000000000,23.410803419625623,9.765625e-05
00001110110010101101,28.358689340066277,9.765625e-05
11001111000010010000,24.022627121075075,9.765625e-05
11000111100111100010,18.646541787088015,9.765625e-05
00011000100100100010,22.32925184045511,9.765625e-05
10000101000100100000,14.685470887073981,9.765625e-05
01010001101011001000,42.16390666556744,9.765625e-05
10000101010111111111,30.32973956966146,9.765625e-05
10101000111111011111,64.41275965741454,0.0001953125
00111000111111100101,32.480973656968,9.765625e-05
11001000111111100010,29.785170849230205,9.765625e-05
11110010110101011101,24.46703223496566,9.765625e-05
11010100001011110001,19.833812421163323,9.765625e-05
11001000000000100010,15.826572098252196,9.765625e-05
00010000100110110101,43.88641215636052,9.765625e-05
11001010010101011000,40.7140878415007,9.765625e-05
11101110100010110000,26.823411178941548,9.765625e-05
01110011010100100100,13.819365687978333,9.765625e-05
00000001000000010011,28.784235877143413,9.765625e-05
01110001110110110101,19.622583700059856,9.765625e-05
11101111111110101111,21.703881475789554,9.765625e-05
11010110001000111011,20.899368004599218,9.765625e-05
00101001001011110011,26.51569890412485,9.765625e-05
00010011111011111101,34.128159010609586,9.765625e-05
11101100100000111100,15.728418085054667,9.765625e-05
11001100101101011001,14.301660516099073,9.765625e-05
10001010110010101001,39.914991840833565,9.765625e-05
11100110011101001111,28.108397224490723,9.765625e-05
00001101100111100010,19.13043116860663,9.765625e-05
00110110111110111001,20.096691778684303,9.765625e-05
11110001101101101010,18.108397224490723,9.765625e-05
01100101011001011100,14.453085605410324,9.765625e-05
11000001011001100000,14.919970317442282,9.765625e-05
10010100100100100101,15.734065312570234,9.765625e-05
10101110110110011101,47.53811417617882,9.765625e-05
01101101101111100110,15.21912617111104,9.765625e-05
10000011110101001100,26.476799378690938,9.765625e-05
11000100100000111101,16.39354213870859,9.765625e-05
11101100111111111011,18.404115793950083,9.765625e-05
01001100100010110000,16.005889603489667,9.765625e-05
10100000100100110110,40.263708740205914,9.765625e-05
01101000000001011010,25.825333455425366,9.765625e-05
01011100111100110111,15.770790852535873,9.765625e-05
01001011111101111100,24.341428059149244,9.765625e-05
00011111101100101010,22.62187776138417,9.765625e-05
11001000001000011100,19.783298107906877,9.765625e-05
11111010101111100011,26.999500511936525,9.765625e-05
11001111111111001011,16.848731472365543,9.765625e-05
00010001010101010000,20.001117147430847,9.765625e-05
01000010000001100101,27.166725909763315,9.765625e-05
01100001101010100111,30.593108092754914,9.765625e-05
00000101111011110100,41.17276561041418,9.765625e-05
10100000111001110011,48.611378047424,0.0001953125
11110011011011000011,20.524271666773558,9.765625e-05
00110001110101000100,14.047995022725924,9.765625e-05
11110111110101001010,18.004297623909636,9.765625e-05
01110000001001010010,15.640873113930047,9.765625e-05
00001001101010100001,29.314833736067,9.765625e-05
10011100011001101011,15.000490242928649,9.765625e-05
00100101010000000001,15.80526812352169,9.765625e-05
11001100100010111101,13.911252741472751,9.765625e-05
01100001110011001110,23.1830059423728,9.765625e-05
01110010110001000000,13.159798203856093,9.765625e-05
01101100111111110100,18.404492121475204,9.765625e-05
11010100011111010011,16.60070706329128,9.765625e-05
01110110001011000110,20.502463213658142,9.765625e-05
00100011000010010101,26.84779443755007,9.765625e-05
01101010000001001111,39.77635102992574,9.765625e-05
00100100111110010110,36.810037156773085,9.765625e-05
01101001010101000000,20.201293762445633,9.765625e-05
11100110110001011101,21.553116615083244,9.765625e-05
01110000100010001100,19.935522231312614,9.765625e-05
01100100110111101100,29.142825596770102,9.765625e-05
00111111100010010000,24.558817230629018,9.765625e-05
00001111100010111000,17.97487802753024,9.765625e-05
10010001101011100000,27.162037586667587,9.765625e-05
10100010101010011100,39.766213495161615,9.765625e-05
11100001000100001101,19.09156380354041,9.765625e-05
01111111100001111111,26.45873843806519,9.765625e-05
01010101001000010000,35.24845154545974,9.765625e-05
11000101010000110100,10.685470887073981,9.765625e-05
00010001111010100100,38.69169070034023,9.765625e-05
10010001010111101100,22.06620375891645,9.765625e-05
10011011000011010011,29.483405908212642,9.765625e-05
11101010001100010101,52.49148219758884,9.765625e-05
00001110001000000011,20.614316164120513,9.765625e-05
01011101110011010100,17.51519252642584,9.765625e-05
01111001001111111010,20.24667148103758,9.765625e-05
01010100100000100011,33.22051470395901,9.765625e-05
10101111011101010010,38.293585870229066,9.765625e-05
00000000001010001001,44.36837654053296,9.765625e-05
01001101001100010011,16.19317199717042,9.765625e-05
11110010100000011000,16.694584467749625,9.765625e-05
11110101001001101011,28.029489130019783,9.765625e-05
01111111111010000111,20.05600350984343,9.765625e-05
11111010010011000100,39.761017336364574,9.765625e-05
11000100100000111111,20.7528902493775,9.765625e-05
10001100101000111010,20.917178673354957,9.765625e-05
00111000000100010011,23.106608088849477,9.765625e-05
01111110010100010111,20.665782187802506,9.765625e-05
01100011000000110000,19.409248726191095,9.765625e-05
11100011011100001101,25.104700695115795,9.765625e-05
00101101010101001101,22.73649031516939,9.765625e-05
10110100010011110011,19.17982397006368,9.765625e-05
00011101101111001111,24.966219068780113,9.765625e-05
00001110000111100010,20.681076755821397,9.765625e-05
10100000011000011101,47.072735335162335,9.765625e-05
11010001000100010111,16.740331537852278,9.765625e-05
11010110001010011001,17.074927761983208,9.765625e-05
10000111110111011101,20.559558686988797,9.765625e-05
11001001001011100110,14.944153073513007,9.765625e-05
00111100101110010010,9.906100219177947,9.765625e-05
11111111010000001100,44.99834836916021,9.765625e-05
10111010110111010111,54.16840875405764,9.765625e-05
11000001001010100110,23.44372686245066,9.765625e-05
01101101111001110110,10.44715615279713,9.765625e-05
01111101010111000001,14.121900033973034,9.765625e-05
01010111110110110001,21.14264205055093,9.765625e-05
01111110101010010010,17.7631033738715,9.765625e-05
11101011101010101111,25.10086778759475,9.765625e-05
11000010100111111000,26.449302156762386,9.765625e-05
11001110111110110000,15.383468630412574,9.765625e-05
00001111010111100001,15.561543313958536,9.765625e-05
00010100010111111100,33.689781837764414,9.765625e-05
00110000000011101100,30.12612627400567,9.765625e-05
01101010010000101000,32.59679908248155,9.765625e-05
00000111110001100110,22.930932783395594,9.765625e-05
10001000101110001110,41.19686747082536,9.765625e-05
01101101010000100001,18.857677129345245,9.765625e-05
10110010110010101000,22.0798103568632,9.765625e-05
11101110110111011110,30.843423209942213,9.765625e-05
00101001000001001111,28.005138482729123,9.765625e-05
10101100101100011111,27.677316210818177,9.765625e-05
11001111001000011001,23.693378001482323,9.765625e-05
01001101100111110111,19.383160780807867,9.765625e-05
01111000010100100011,13.514848054161327,9.765625e-05
00001001110111100110,35.801962423775876,9.765625e-05
00000100110010110011,44.69263117959931,9.765625e-05
11101001000100000011,29.018876556376064,9.765625e-05
01000010100011110100,30.246084338531706,9.765625e-05
00010011010011011011,22.446730904476276,9.765625e-05
01011111010101100110,16.57005840094898,9.765625e-05
01000000010111101110,48.40342214211741,9.765625e-05
11000111101011101000,20.793666553306913,9.765625e-05
11110101011000111100,19.202318450955186,9.765625e-05
01011110100110000100,15.711838772652243,9.765625e-05
01110011111110010110,13.619605603387127,9.765625e-05
10001101010101110000,15.646830177491616,0.0001953125
01010010000011100010,22.84497092736232,9.765625e-05
01101101111000101101,19.0925237420006,9.765625e-05
10011010111001010100,39.416603382979915,9.765625e-05
00110000000100100101,22.60761311641604,9.765625e-05
01000001100001000010,25.311978152638765,9.765625e-05
00000001101000100011,42.952351261315826,9.765625e-05
00110110000100101001,16.241141259594222,9.765625e-05
11000000011001101001,28.712975292157008,9.765625e-05
11110101110111110000,13.51483836812437,9.765625e-05
00101101110010011000,20.3316696598998,9.765625e-05
11101111011011111100,23.62373715424706,9.765625e-05
11000001011001111101,22.15947339793275,9.765625e-05
00000011011100101110,34.29375619884048,9.765625e-05
11111010011001011000,35.70119787531873,9.765625e-05
10100010111000000101,46.138223458526326,9.765625e-05
00101010111111010110,58.8129284213,9.765625e-05
11111001111110011111,15.604365277832375,9.765625e-05
01110100000011110001,17.514838368124373,9.765625e-05
11000100111111111001,29.98180116782631,9.765625e-05
11100110011111011000,22.63992911393998,9.765625e-05
01010100100010110010,38.072381176860866,9.765625e-05
01011100001010100101,18.82915595332821,9.765625e-05
01101000110010010111,27.38430779705803,9.765625e-05
00100001001100000110,22.292808743566983,9.765625e-05
01001110011111000101,18.618944944719875,9.765625e-05
10100111110001111110,23.310660611433494,9.765625e-05
00001101011111100110,20.357420534152872,9.765625e-05
11001011010111101101,24.606295575210773,9.765625e-05
01100011111111010000,20.206428713603945,9.765625e-05
00101000110001110110,47.67163087560884,9.765625e-05
00110001011101000111,18.073539043631357,9.765625e-05
10110000111111100110,34.2567883424084,9.765625e-05
00111101110101000011,7.857455289928423,9.765625e-05
00011101110001110010,18.23641931812849,9.765625e-05
10001111110011010100,21.395726544634876,9.765625e-05
01001101011011010100,10.428347143620165,9.765625e-05
00011010001111000001,24.4936905736762,9.765625e-05
00110001001010110001,24.331679640204012,9.765625e-05
01010011110100010111,17.13312871026647,9.765625e-05
10100101111001101001,19.11718152611109,9.765625e-05
00001001011001011000,28.28748652911482,9.765625e-05
01111111000001011001,33.874065696182186,9.765625e-05
00101110001100000010,25.564135913510377,9.765625e-05
11100100111011101101,22.619783093516823,9.765625e-05
10010010101110110001,30.040708033149066,9.765625e-05
01000011110110001100,18.347906252307283,9.765625e-05
01001101100110000110,19.91499184083357,9.765625e-05
11001110001000011011,21.361254573681283,9.765625e-05
00111000011010001011,20.538494367370035,9.765625e-05
00101001111011111000,32.39373494165073,9.765625e-05
00010110101000100001,23.47039217717561,9.765625e-05
00110000011010000001,20.00418749588482,9.765625e-05
00110000010100110001,25.911208392185625,9.765625e-05
10000111010101011010,19.844142464602328,9.765625e-05
10001100011010010100,25.322988412322808,9.765625e-05
10001011110011101110,27.901028374562806,9.765625e-05
01010000001000010000,19.65038093620241,9.765625e-05
10011001100100000000,15.51174283531713,9.765625e-05
10111110011011010111,36.3250434161174,9.765625e-05
01001111101110000110,17.829983681667134,9.765625e-05
10111011110100101110,29.628346268505254,9.765625e-05
01001001010101110100,19.012438995430472,9.765625e-05
11001111011011111100,11.87176147619412,9.765625e-05
11001101101000100111,18.597113391659494,9.765625e-05
01011110001111110011,13.551865075947568,9.765625e-05
00111100001101100010,8.917512725161451,9.765625e-05
11001111000111010110,18.651343682652158,9.765625e-05
10011000011011001011,28.63281964107137,9.765625e-05
10001100110111111010,29.759478690573207,9.765625e-05
10010111111011011100,19.003281887015966,9.765625e-05
11010101100010100011,39.70123972172337,9.765625e-05
10110001111101100000,14.192344366755066,9.765625e-05
11100010101110111100,28.694756869929524,9.765625e-05
11100010100000001111,26.7659666568954,9.765625e-05
00111100010010110010,12.945398975781696,9.765625e-05
10110000011111110110,39.15593334310742,9.765625e-05
10100011000010010100,32.40450887065377,9.765625e-05
00001001101110101101,38.68887967333917,9.765625e-05
10101100010101000111,40.681061551772345,9.765625e-05
11110010011001001100,21.163569169317338,9.765625e-05
11111100000100100010,17.88247336517035,9.765625e-05
00110011011011100001,17.89330968793169,9.765625e-05
00110001101111110011,31.432698297209058,9.765625e-05
10110011100101011111,24.798978172637003,9.765625e-05
00100110010010010010,25.65170661790546,9.765625e-05
01100111011111111000,17.87820428252074,9.765625e-05
01111011111101110010,17.742771744500494,9.765625e-05
11100011000110001111,26.374530760155736,9.765625e-05
10011100101110011101,18.784235877143413,9.765625e-05
00001101110011101000,22.423616239698735,9.765625e-05
10100010000110100010,42.79139531523481,9.765625e-05
00100001000000001011,24.002395650221032,9.765625e-05
00010001011101010111,33.08747336466405,9.765625e-05
00010001110011111010,44.50805808718384,9.765625e-05
11110000001100001001,12.958899711695508,9.765625e-05
10100100001000110111,26.87957959776095,9.765625e-05
10011110010110110001,20.18942767406476,9.765625e-05
00010100111010011000,37.529549325208194,9.765625e-05
10011111110011101001,15.30403407338383,9.765625e-05
10011001111100000100,16.78916282131053,9.765625e-05
00100111111101010100,18.93093278339559,9.765625e-05
00001100110011100101,30.938757146555773,9.765625e-05
11111010111001101010,23.876360904415357,9.765625e-05
00011101100010011001,25.39198400083045,9.765625e-05
10000000101010101000,39.689544685535154,0.0001953125
11010000000001001010,16.96075630740866,9.765625e-05
10010001111010101100,29.51794224782114,9.765625e-05
11111001100001000010,20.88524357445509,9.765625e-05
10000111101010001100,20.138223458526326,9.765625e-05
10010000100110000000,20.501046873971205,9.765625e-05
10000100000101110110,28.528698693224552,9.765625e-05
10000000111111111010,67.45431716890371,9.765625e-05
11000100001001010000,11.99560213003655,9.765625e-05
10110100000000111000,16.504881855060745,9.765625e-05
00000100010011100011,37.50255649453736,9.765625e-05
00011111000000001010,24.722287895731952,9.765625e-05
11111110011111010010,25.05894527812362,9.765625e-05
00100010010100011010,46.93535356784358,9.765625e-05
01010001110111100010,34.63982625619684,9.765625e-05
01001011001111111111,24.51569890412485,9.765625e-05
00101001011001000010,20.424171221836925,9.765625e-05
11010100010101111101,10.202478369948386,9.765625e-05
11110110001000111011,22.2991611645408,9.765625e-05
00110100001100000111,13.64087311393005,9.765625e-05
00111100110011101001,16.601564671289342,9.765625e-05
11001000001101010110,28.752890249377497,9.765625e-05
10011010001100101100,29.69641368668612,9.765625e-05
11011011100110001110,20.040724782327636,9.765625e-05
10000001000000000000,15.18188720114459,9.765625e-05
01100101000101110110,15.759156474659546,9.765625e-05
11010101111110110101,24.07338993774011,9.765625e-05
10011000010000110101,28.1763705402441,9.765625e-05
01111100110110100011,8.533936785553443,9.765625e-05
11110010110100011001,17.553116615083244,9.765625e-05
00000010001000000001,30.654736236179968,9.765625e-05
11010010111111111100,24.75148651248047,9.765625e-05
00111101110111000011,8.818146847287718,9.765625e-05
01111110011100000111,16.77736874242088,9.765625e-05
00101000111110101011,48.13249649489222,9.765625e-05
01000111010101100001,14.945398975781696,9.765625e-05
01010010000001110011,23.802983667841822,9.765625e-05
11111110010011010010,32.14209413155436,9.765625e-05
01001111111011011100,12.487241525756229,9.765625e-05
10101110001111010010,40.4255334174364,9.765625e-05
00010010001110101001,28.26203152268708,9.765625e-05
11010110101001111001,17.45594398598831,9.765625e-05
10001000000001000100,35.973564654349836,9.765625e-05
01011001000001110110,18.37561937716638,9.765625e-05
01101011111011000110,16.708432816012795,9.765625e-05
00101100010100110001,27.358766497014955,9.765625e-05
10011110101110001111,20.643673720473082,9.765625e-05
10111101101101111111,14.016823011332114,9.765625e-05
11000000010010000100,18.31826374999472,9.765625e-05
00101001011100010111,33.72776649760651,9.765625e-05
10111101001001100110,20.457518149463766,9.765625e-05
11111100111010010010,9.390959312320906,9.765625e-05
11111011001101001110,32.469085143555574,9.765625e-05
10100101101110101000,22.877613695571263,9.765625e-05
00110111110001100001,14.457665661557648,9.765625e-05
10111111001000100001,38.80977716639012,9.765625e-05
11000111000111011110,13.498486227646993,9.765625e-05
01100110010011000000,17.143841333663758,9.765625e-05
10101011000111100011,46.52922117280827,9.765625e-05
10011001001010100010,19.250578101063695,9.765625e-05
10000001000101100011,28.14567773575473,9.765625e-05
01000101011010100100,30.759845332061374,9.765625e-05
11011010011011000010,21.876360904415357,9.765625e-05
10101010110010111111,59.99238093380847,9.765625e-05
10100001100111111100,32.19896121876777,9.765625e-05
10001100000101100000,17.628021168314653,9.765625e-05
00010101011100001011,27.627726536317702,9.765625e-05
01011001100111100110,23.24667565990225,9.765625e-05
11100011000100100010,26.363481549593466,9.765625e-05
01011001111011111011,31.673374938381713,9.765625e-05
01001100001001110001,13.383468630412573,9.765625e-05
00010001100110110100,35.26525374760349,9.765625e-05
01001101011001110100,10.463742441213967,9.765625e-05
10011101111010010011,19.47002833283718,9.765625e-05
01101100111100111111,20.121961165324382,9.765625e-05
11101100100111010011,17.212229596883176,9.765625e-05
11001001000100110100,14.786383660409902,9.765625e-05
00001000111110100010,47.259970582406226,9.765625e-05
00110101011001000011,12.947120651351039,9.765625e-05
01110100011000111100,17.211038736947256,9.765625e-05
01001110110110000100,15.666328120357786,9.765625e-05
10100010101111011010,47.449060651004395,9.765625e-05
01000000010010111000,33.65127061744096,9.765625e-05
10011111011011100001,17.54048524677294,9.765625e-05
11110000101100000011,11.640873113930049,9.765625e-05
00010001011111010100,31.564527466720737,9.765625e-05
00111011111111100011,19.281786430758547,9.765625e-05
11100001111001011001,18.142867443174744,9.765625e-05
10000110111111100110,39.62578646577515,9.765625e-05
10100010110010001011,42.07682601859712,9.765625e-05
11000010110111111100,33.754708737396875,9.765625e-05
10111011101101010011,33.8603136705064,9.765625e-05
01000001100010100010,36.727153741433376,9.765625e-05
01010001100010101010,47.31761913856098,9.765625e-05
01010001001001000110,26.852867016586274,9.765625e-05
11110010001110111110,22.887265596333723,9.765625e-05
01101100101000010011,11.136044570612135,9.765625e-05
10011010010101110001,44.19987234564873,9.765625e-05
01000001001111100100,31.53429438829852,9.765625e-05
01010010100010001100,19.636116302074093,9.765625e-05
00101100000001100000,18.928514022389784,9.765625e-05
01101000111101010110,31.999017157895096,9.765625e-05
11101101001110001111,21.53587061450265,9.765625e-05
11011010101100111111,23.651276135453056,9.765625e-05
10101100111000000010,20.51269653218397,9.765625e-05
10000110101111110011,34.42512858112725,9.765625e-05
00000101010001111000,25.223578076398564,9.765625e-05
00001010100110000001,36.42361623969873,9.765625e-05
01001101000101111111,16.819367674419627,9.765625e-05
01100011000001110100,18.66196313434327,9.765625e-05
01010011010000010101,11.18307534021815,9.765625e-05
00001011011111001110,30.16157338746851,9.765625e-05
11011000000010101001,14.983695947520614,9.765625e-05
00111110101000110010,18.997801740011898,9.765625e-05
11111011110000000100,31.168796421965723,9.765625e-05
10110111110111001001,13.628098521153913,9.765625e-05
01111110001001001000,25.455097609156724,9.765625e-05
01100010110011110100,32.02931498636668,9.765625e-05
11111010011000011110,32.158407870070704,9.765625e-05
10100000001011110001,43.615161496071934,9.765625e-05
00111000101100000101,20.60761311641604,9.765625e-05
11110010011001001110,22.03556227972862,9.765625e-05
00000110110011011010,32.70748527361211,9.765625e-05
11000011011000001100,11.565077850771768,9.765625e-05
11101100001101010100,19.862684958332085,9.765625e-05
00101001011001011010,27.772576532893694,9.765625e-05
10110010110101011101,41.40018472399176,9.765625e-05
01110110110000011001,11.278081564585593,9.765625e-05
11100110111011001000,17.88317379667375,9.765625e-05
01000110011000111110,24.38283024973236,9.765625e-05
11101100000001110110,19.32898115698305,9.765625e-05
10000000000111100000,37.49918403666471,9.765625e-05
00001000011000011101,47.78016374382461,9.765625e-05
11010011111010100100,15.553116615083244,9.765625e-05
01101011010001000110,26.357449766518137,9.765625e-05
10001000100011000010,32.582874654625876,9.765625e-05
10111100010101111010,20.555036492003623,9.765625e-05
11111110100001101011,28.66763533907205,9.765625e-05
01000110000101100101,19.47410463418084,9.765625e-05
11100001100110100101,19.64087311393005,9.765625e-05
01001000100010001100,24.761961249227433,9.765625e-05
10101100010101010110,41.22051470395901,9.765625e-05
00011111010101100110,14.707330872631001,9.765625e-05
00110111111110001001,14.151799060588758,9.765625e-05
11110001110000000110,8.443341365329768,9.765625e-05
00000101000111110001,25.724965167482228,9.765625e-05
01111001110110100011,15.113047450732491,9.765625e-05
10001011100110111101,32.44243149046904,9.765625e-05
01000011111011011100,23.158772780925478,9.765625e-05
10101101101100100010,15.664798317009273,9.765625e-05
11101000001000011100,26.22674876887337,9.765625e-05
00001101001101000100,11.938185295226157,9.765625e-05
00110000111010001000,25.844844664567145,9.765625e-05
00011010010000001000,22.16713784209973,9.765625e-05
11101110010101100011,40.807843337440914,9.765625e-05
01010111110010001001,26.05102473896745,9.765625e-05
10010111010101101101,12.624748439644977,9.765625e-05
10111011001010011010,33.38724070084953,9.765625e-05
01101111001101010010,19.860188327636166,9.765625e-05
11100010001111111100,35.849095316703966,9.765625e-05
10101111000110001000,37.382651693086316,9.765625e-05
00111011000001000001,29.27834889074125,9.765625e-05
10001010111111011110,61.59914685184466,9.765625e-05
10010101100000101011,28.77867035599584,9.765625e-05
11011001001111110100,15.465277762574583,9.765625e-05
10001011111100111100,34.752890249377494,9.765625e-05
11110110110011000100,17.27143358089352,9.765625e-05
00100101001100000100,15.38946656094618,9.765625e-05
10111111011001101011,28.000538418053836,9.765625e-05
00111111110000010101,22.862360973957003,9.765625e-05
00011001010000000001,13.741481274964803,9.765625e-05
10101001010111011110,43.99579222295615,9.765625e-05
11001111011001100100,17.008118358703076,9.765625e-05
00100010010101000011,51.88318722142157,9.765625e-05
01010010010101111100,23.160138410128734,9.765625e-05
01011100110110111111,20.04070803314907,9.765625e-05
11110000101011000000,14.735205363645802,9.765625e-05
10110111101001001000,20.507368897686725,9.765625e-05
01101000110101000111,34.61978309351682,9.765625e-05
11110000100010010001,12.848764062047216,9.765625e-05
00100101001001011110,20.42417122183692,9.765625e-05
11010000100111010100,20.338566234127658,9.765625e-05
01110001100101000100,12.569330096705949,9.765625e-05
00100001010001101011,32.13677715164341,9.765625e-05
11110101011000101111,22.083729754343274,9.765625e-05
10011111101101001101,18.043778468730242,9.765625e-05
00011101000111000001,10.908355616746947,9.765625e-05
00101100110011101000,26.11438091956806,9.765625e-05
01011001001001101101,22.808213248708626,9.765625e-05
01101011110001010100,24.792712856440076,9.765625e-05
01001011011011000011,18.317167433388416,9.765625e-05
10101001101101110011,31.474675761929213,9.765625e-05
11101100111101110110,15.725941767993788,9.765625e-05
11001101100110001100,15.94576906171347,9.765625e-05
01100111111011111110,20.661643660928153,9.765625e-05
00011000011110000100,24.685095283130106,9.765625e-05
01000010011010010100,24.55372311882321,9.765625e-05
01001000100010100011,27.313873063185746,9.765625e-05
00000010001111110000,46.64406963805199,9.765625e-05
01000111100010010001,19.97734737941653,9.765625e-05
10001100110101010101,33.08430776013904,9.765625e-05
11100010100010010000,22.900798198347957,9.765625e-05
11000110011101000100,19.21103873694726,0.0001953125
00000010011100111100,53.75638595491571,9.765625e-05
01100101000011001101,21.590008184782757,9.765625e-05
11001111000111010100,18.046483084781162,9.765625e-05
01100101011111111000,23.896422704748225,9.765625e-05
10110100111001011001,14.142867443174744,9.765625e-05
01110011001001101100,19.5806689010242,9.765625e-05
00010011100010011000,21.206515632876958,9.765625e-05
10000111011001111110,23.044491481797007,9.765625e-05
01001111111010000100,14.445602182943851,9.765625e-05
11010011000101101110,16.960399439084647,9.765625e-05
11110001001101101000,16.51704912213899,9.765625e-05
11111011011100001010,29.74982696406515,9.765625e-05
01000101001001011100,23.534682475429086,9.765625e-05
11000101110011010110,16.976696515549612,9.765625e-05
01000011100010001101,19.939325346301725,9.765625e-05
00000110011001010101,31.911208392185625,9.765625e-05
00000101100011000000,25.40541374510156,9.765625e-05
11100001101010101111,24.753333422156665,9.765625e-05
01011011101100010110,19.821273081712015,9.765625e-05
11110111010010011111,24.000481378439957,9.765625e-05
10001100111011111010,29.092491799612787,9.765625e-05
11010001101110100000,27.35126442605582,9.765625e-05
01000110100101000000,15.39227685352617,9.765625e-05
00111110100010010011,18.33164060178893,9.765625e-05
01110010101111001100,20.443673479362815,9.765625e-05
01110000011110101001,22.619783093516823,9.765625e-05
01010010001100010110,20.914991840833565,9.765625e-05
01011110010001000000,15.537188155707913,9.765625e-05
00110110000101110001,17.49009366474086,9.765625e-05
11110011111110010011,17.243693384364853,0.0001953125
10001111101110010111,23.12257047705391,9.765625e-05
11111011100010010010,32.89778571105614,9.765625e-05
11101110000010010001,38.463556908553514,9.765625e-05
01101110100000000011,23.78897031263565,9.765625e-05
00111101011111100001,9.016765237297166,9.765625e-05
11100010111001000001,30.373682827354813,9.765625e-05
11010001101110101100,28.729081328789235,9.765625e-05
10011010111111010101,44.289499599377564,9.765625e-05
10111001000100101001,24.719312509081767,9.765625e-05
10011000101000110001,22.351137439679395,9.765625e-05
11100000100110111100,26.160449998444314,9.765625e-05
01110010010101010111,24.845799390122313,9.765625e-05
10111011001100110111,38.28470673176014,9.765625e-05
00011111001110101011,17.60549927281847,9.765625e-05
00001001110011101101,37.17125434634184,9.765625e-05
11111011011001011100,31.6848360488044,9.765625e-05
01010101111010100100,46.209254808859015,9.765625e-05
11100111110100011101,16.874566261601828,9.765625e-05
10011001000000100101,18.16007346377913,9.765625e-05
00110001010101100100,16.62250625968374,9.765625e-05
11100010011110001100,31.538321965190136,9.765625e-05
10011010101100110010,30.13609610305373,9.765625e-05
11110100011101110010,9.47003801887414,9.765625e-05
11101110011000010100,36.469820325845994,9.765625e-05
10010100011001101001,18.694756869929527,9.765625e-05
01001101000001100011,17.66574930385357,9.765625e-05
10101000010100100111,55.10096086133392,9.765625e-05
00100010111110110110,55.785620263602716,9.765625e-05
11010101111001111011,28.528669635113687,9.765625e-05
10000100100011010000,22.41796277058982,9.765625e-05
11011010110010000000,16.469444721902118,9.765625e-05
11110101101000000011,28.46071474987309,9.765625e-05
11010000110011111111,30.155875569072478,9.765625e-05
10011101111101011010,15.787036483686446,9.765625e-05
11010100111101111101,18.066095579504903,9.765625e-05
10011011101110110010,23.29913546374634,9.765625e-05
00101001011001001110,25.695970622670348,9.765625e-05
00100111011111111110,26.2810102240214,9.765625e-05
01001010111010111110,30.62143116579759,9.765625e-05
10001100001100000011,20.049543660070974,9.765625e-05
00110010100011001011,24.555076302258144,9.765625e-05
00011100111110110001,19.76420335290129,9.765625e-05
10110010001001001000,27.466223231406783,9.765625e-05
11101101010110110110,17.35465738800974,9.765625e-05
00000001111001110011,51.81959400860457,9.765625e-05
10110111101000010001,22.93764560426422,9.765625e-05
00010001101010110000,41.949547210329186,9.765625e-05
01101001011000011111,19.88518153442827,9.765625e-05
01011011100000010001,22.363481549593466,9.765625e-05
00000101110011100010,36.16673309291779,9.765625e-05
11101000001100000001,29.72439403973386,9.765625e-05
11010010101000011011,20.487241525756232,9.765625e-05
10000110101000111001,24.47035929322668,9.765625e-05
10111101101010110110,21.000638674947467,9.765625e-05
11001001101100101110,18.28349434989444,9.765625e-05
10011101111011101001,17.266094704389992,9.765625e-05
11100100111111101001,22.574973058229638,9.765625e-05
11101100101010011010,14.158152118016622,9.765625e-05
11101110000001110001,40.10169614159136,9.765625e-05
01110010101111001110,22.435061579922344,9.765625e-05
11001101010110101111,15.157096483331586,9.765625e-05
10001001110011111011,34.4633058259316,9.765625e-05
11100101010100101100,15.343709070385508,9.765625e-05
11111011100101111110,28.20284781942611,9.765625e-05
10010011110001000010,16.85336349026845,9.765625e-05
11010010100110000001,14.486287828889388,9.765625e-05
11000101101001101010,29.22051470395901,9.765625e-05
01001000111100101101,38.69612594357639,9.765625e-05
01001101110010101101,23.93416124990535,9.765625e-05
11101001110101110110,21.646551473124973,9.765625e-05
00110000011101100011,29.627179596710285,9.765625e-05
10000100000110000001,20.372205280029146,9.765625e-05
10101000001111010010,46.75852779085611,9.765625e-05
11000110010111010110,21.38532624397423,9.765625e-05
00000001000001110000,26.46782872286184,9.765625e-05
01010110001110011001,16.660622395226028,9.765625e-05
11010011101110001001,19.468069406661908,9.765625e-05
11001000011101010100,32.25614090134891,9.765625e-05
10010100110001010000,14.30947247235994,9.765625e-05
00110010110001010001,27.66738125216034,9.765625e-05
01101001001101011100,20.49135967350453,9.765625e-05
10001100100111010001,22.89777585076478,9.765625e-05
10001111100010100010,20.392931456103945,9.765625e-05
01001011100011010000,15.997786535962842,9.765625e-05
10100110001010001001,27.70295412701104,9.765625e-05
00110001110101100110,20.213854362035473,9.765625e-05
10000110001000011000,20.9974587257497,9.765625e-05
10101100110010010001,27.920670934449557,9.765625e-05
10000111100100011000,14.209762747879374,9.765625e-05
01001011101100010100,18.32926432364181,9.765625e-05
11010100000100111011,14.664798317009271,9.765625e-05
10011100101010001110,22.932240638563904,9.765625e-05
01111110001110000001,18.000658134148587,9.765625e-05
01111111111011000110,18.080735730040242,9.765625e-05
01100110001100000001,17.7240468574468,9.765625e-05
00111000110111100110,29.92569584471026,9.765625e-05
11000101111111100111,28.45959336892637,9.765625e-05
10101001010000100100,31.51236527752722,9.765625e-05
01001011001111010011,22.184606406426713,9.765625e-05
10101000001010100001,35.49890087000595,9.765625e-05
11001011010011010100,22.661963134343267,9.765625e-05
10000101110010101100,25.674801568083645,9.765625e-05
00100111011101000110,19.066352190935277,9.765625e-05
00000110100111001100,28.16947842830836,9.765625e-05
01011001000110010010,18.844154947789026,9.765625e-05
00000010110001011100,48.96761999768758,9.765625e-05
00000111000111011101,16.830526180618623,9.765625e-05
01100010101110011011,32.109982140519485,9.765625e-05
10000111011000101000,18.32645403106182,9.765625e-05
01111001100010111000,24.66196313434327,9.765625e-05
01010111101101110101,24.289092118536896,9.765625e-05
10011101101010010000,22.653557146689312,9.765625e-05
00011010101101001000,26.60761311641604,9.765625e-05
00011100010111100101,16.21617368810557,9.765625e-05
01110001100110011011,26.20599367048275,9.765625e-05
00001001011111101110,37.801962423775876,9.765625e-05
11111000111100111010,12.741288679162729,9.765625e-05
01101011001101010000,27.331818091918624,9.765625e-05
11111100010101001110,17.638127571399423,9.765625e-05
10011010011110101101,32.543292731363366,9.765625e-05
11111010010001000100,44.66855136839892,9.765625e-05
10001110101100101100,25.99560213003655,9.765625e-05
10011100011110111101,18.164914604898417,9.765625e-05
11101100010100011001,24.08786999502784,9.765625e-05
01010001011111000100,22.770568795139177,9.765625e-05
11110001001010100110,21.348986946390365,9.765625e-05
01101111110100000110,20.627797527960414,9.765625e-05
10011001000000110000,18.70800557086394,9.765625e-05
00000110100001110110,32.02662368630019,9.765625e-05
11110101111100010001,11.17341927143083,9.765625e-05
01101100111000000010,10.002151521977359,9.765625e-05
10100100011111010000,30.649703440819735,9.765625e-05
00010000100001010100,33.00209374794241,9.765625e-05
10111010111011010111,45.90966182840907,9.765625e-05
11001011100010100111,20.49387087179545,9.765625e-05
11000000000000011100,16.57917812525095,9.765625e-05
11100001111011101001,23.09101966108273,9.765625e-05
11011101111001110110,15.466289967897435,9.765625e-05
00110010101011011110,32.01046873971205,9.765625e-05
01001101010001010110,9.586709635715415,9.765625e-05
10110110110100001000,16.13828196698234,9.765625e-05
11010100000001111001,13.54029337455211,9.765625e-05
11011000011001110100,15.451998680573716,9.765625e-05
01101111011001101000,21.620936547704027,9.765625e-05
11001101100001111000,12.52682522831997,9.765625e-05
00000010001100000001,35.45342654610403,9.765625e-05
11010111010100011011,16.764838365425277,9.765625e-05
00010001111011101001,45.35652722296685,9.765625e-05
00010010001000111101,32.07143372158737,9.765625e-05
00111100001100011110,14.740341223889239,9.765625e-05
11101100001011001011,19.423265612968073,9.765625e-05
00000100000100010001,22.000314309177938,9.765625e-05
10011011111010011000,21.151418124136658,9.765625e-05
00001010100010111000,34.46782872286184,9.765625e-05
00001100111011110011,35.08182520148481,9.765625e-05
10000010011001011110,52.5123209282401,9.765625e-05
11001001000000000101,17.11380282664509,9.765625e-05
10010010001001001010,26.002395650221032,9.765625e-05
11001001000001110110,14.402281160320527,9.765625e-05
10000011011101011110,37.65997153135912,9.765625e-05
01100101111100101100,24.65473623617997,9.765625e-05
11110010100001000001,21.08833886860146,9.765625e-05
11110010100101001001,20.069163217936335,9.765625e-05
00001101011011101000,19.959847166969,0.0001953125
00111001001001001000,16.720209166334726,9.765625e-05
11110001000100110100,14.248075941515857,9.765625e-05
01010000111111011100,42.9195362050424,9.765625e-05
10001001010100100110,27.099974280518136,9.765625e-05
11101000001101100010,26.70774551498996,9.765625e-05
00101110011110010100,34.66918723535684,9.765625e-05
00000101100001101101,31.887687214707093,9.765625e-05
10111110101000101111,27.268738101962363,9.765625e-05
10101000101000101010,28.735019009437075,9.765625e-05
01110000101110110111,29.08351677941514,9.765625e-05
10110001110111010010,20.18719184446026,9.765625e-05
11011101000001100000,25.258736308890313,9.765625e-05
00111010111011110011,32.1721595258967,9.765625e-05
00011101011001000111,13.786875655608123,9.765625e-05
11000110000100110111,19.91377362580063,9.765625e-05
10100100110100011011,27.462458431251505,9.765625e-05
00100001100000000001,19.606717193584146,9.765625e-05
10110010111001101001,27.899056230779763,9.765625e-05
11000101001101101000,18.69303872593099,9.765625e-05
11011110001000011000,23.19948151601961,9.765625e-05
10100010110011111100,52.98541409151915,9.765625e-05
00111111100100000011,20.66763533907205,9.765625e-05
10111111011100001101,32.637221962530575,9.765625e-05
00111010011000001111,31.586237219321514,9.765625e-05
11000001010100101100,14.318263749994722,9.765625e-05
11001011110100011110,23.0925237420006,9.765625e-05
10100011001000010000,29.892180966399266,9.765625e-05
00010011001010100010,25.17240874209017,9.765625e-05
00101000011100011011,48.95235126131583,9.765625e-05
10010111110111000001,11.192324994681153,9.765625e-05
11110000110100010111,13.107446237646423,9.765625e-05
01001010010101110010,35.282244268761076,9.765625e-05
00000000110111011000,64.18993623334734,9.765625e-05
10101011001011111010,36.214426485996164,9.765625e-05
10100110010001111100,39.575455982208766,9.765625e-05
01000011011001010000,14.914991840833565,9.765625e-05
10111110011001010111,40.2696243387573,9.765625e-05
01000111010010110000,15.974878027530243,9.765625e-05
01110000100001000000,12.764119747219207,9.765625e-05
00111111111000101001,19.888053132614008,9.765625e-05
10111101010100100001,19.616169315390053,9.765625e-05
11001000011101101100,29.134731197431726,9.765625e-05
01010101000110001001,34.947332804730905,9.765625e-05
01000101110001111111,33.47031149949594,9.765625e-05
00100000001111111000,51.17833466313256,9.765625e-05
10100000111010010111,49.76115778531684,9.765625e-05
00001101011110010100,18.150830258049535,9.765625e-05
11110000011100010110,13.62492592977467,9.765625e-05
10011000100110101011,24.08551806843625,9.765625e-05
00100111000000100111,23.22106624165359,9.765625e-05
11100001000001101100,14.91499881684798,9.765625e-05
00101000100111111011,51.39274585795247,9.765625e-05
10101011110101101100,45.69040781154531,9.765625e-05
01010101010010100100,32.19386884843517,9.765625e-05
00011010100110000010,21.295609350110016,9.765625e-05
01011111010111110101,10.731488004194647,9.765625e-05
01100010000111011100,32.19425947092422,9.765625e-05
10001101101110001010,20.519862124741515,9.765625e-05
00100111100001001000,14.914651634560926,9.765625e-05
10111011011001001000,34.913688251657135,9.765625e-05
00110000110111010100,35.164335592050506,9.765625e-05
10100011011000000110,31.496983790235312,9.765625e-05
11111011010001100111,35.371400972524455,9.765625e-05
00001011111101000100,30.258240890884665,9.765625e-05
10100110111001011011,32.7571559200595,9.765625e-05
01101001001101101011,23.802983667841822,9.765625e-05
11110011100000010011,23.11318943401791,9.765625e-05
11101111001011110101,28.568256134827166,9.765625e-05
11000111110000100001,15.699314637249994,9.765625e-05
01011010010100100111,20.660622395226028,9.765625e-05
10010000001011100000,26.810824693053373,9.765625e-05
00011110001110001100,15.757596263212923,9.765625e-05
00000100001100000000,22.85103530011932,9.765625e-05
10011111001100001110,25.262231280007448,9.765625e-05
00110001111011000010,20.88448000833587,9.765625e-05
10110101000101110001,13.624921761749816,9.765625e-05
00010000000111111000,39.689781837764414,9.765625e-05
10011110101100101101,19.480692133815424,9.765625e-05
00010011001010111001,26.331679640204012,9.765625e-05
01010110010100110001,10.506435824914023,9.765625e-05
01111011100100101110,23.174348812632722,9.765625e-05
10110000101100101110,24.22787560234118,9.765625e-05
01000110101010011001,23.920180827315956,9.765625e-05
11111110101100001011,24.00065813414858,9.765625e-05
10111010000001001111,51.653971701511416,9.765625e-05
00101011000011100010,26.815532780457282,9.765625e-05
00010100111111011001,38.497789262223385,9.765625e-05
00010001001010000100,27.025676965447765,9.765625e-05
11111001011000001110,16.61901667078365,9.765625e-05
11010011011101011110,16.11210968149595,9.765625e-05
00010110111011011110,33.67198963199747,9.765625e-05
00101100001111000101,23.772576532893694,9.765625e-05
01100000000101110111,35.615161496071934,9.765625e-05
11110110010110010001,17.140793165273266,9.765625e-05
11011110100110111101,13.871761476194118,9.765625e-05
10100000000101010110,47.508608471234865,9.765625e-05
01110001011011101010,25.472591601647082,9.765625e-05
10010010110000111101,29.16013841012873,9.765625e-05
01000101011001011100,21.42207747389451,9.765625e-05
11000001101101110110,26.04859714635861,9.765625e-05
00101011110001101001,35.157867172056626,9.765625e-05
11000011100011001011,19.18726283610297,9.765625e-05
11011111000110101100,26.1707162988861,9.765625e-05
01110101001101000011,20.389090320548267,9.765625e-05
10110011010001110111,31.245556221671347,9.765625e-05
00011110011011010101,18.423194621325365,9.765625e-05
11101101101100100110,15.059928033101322,9.765625e-05
01101100100010000010,13.831139660373008,9.765625e-05
10011110000100100101,25.00153710066185,9.765625e-05
00101110010100011110,40.97746885862067,9.765625e-05
10100001010001000100,24.855634728340554,9.765625e-05
00001011100000110101,28.214455544107032,9.765625e-05
11100001111100101101,20.114380919568056,9.765625e-05
11000111110011101110,15.820180933130558,9.765625e-05
10111010111010010111,40.857455289928424,9.765625e-05
00101101010111010110,19.0215421556481,9.765625e-05
00110111000010010001,19.656903783754643,9.765625e-05
00000000100110111100,60.890848134017745,9.765625e-05
10111110100000101111,31.020723466052264,9.765625e-05
11101000011001011110,32.579168439213994,9.765625e-05
00011011111111110011,26.0395344833067,9.765625e-05
10110010010111110001,42.2400199657747,9.765625e-05
11001011011100010100,25.487626815737062,9.765625e-05
11111001111001111110,12.783821234784456,9.765625e-05
00110010001000011110,26.276446917052652,9.765625e-05
00101000110111101100,54.430081215249004,9.765625e-05
01000011011001101001,22.54267028915328,9.765625e-05
00011100110111010101,20.492168677063408,9.765625e-05
00011000101010110010,30.97899087524632,9.765625e-05
11111010000000000000,43.27989201007421,9.765625e-05
11110100001001001101,15.294720403292537,9.765625e-05
00101011101011000111,26.4678209248895,9.765625e-05
00001111010001101011,18.51764866070436,9.765625e-05
01111100011111100001,7.802983667841824,9.765625e-05
11010011000110111101,15.710521231446982,9.765625e-05
00011010110011111001,33.24374210881689,9.765625e-05
01111111000101100011,29.442508087251056,9.765625e-05
11011011100011111001,20.724913722167827,9.765625e-05
01011000100011100010,23.44146531041551,9.765625e-05
00110001101000111011,30.219074638669436,9.765625e-05
11100011101110000011,23.885004044298572,9.765625e-05
10111000010101100011,33.7711745752979,9.765625e-05
10111100000101100101,22.017757765439033,9.765625e-05
01000101100001101000,33.48329815811508,9.765625e-05
10011010110111111001,37.19612178094971,9.765625e-05
01100110111001110101,22.329826488934472,9.765625e-05
00001101101010110010,26.038877061942998,9.765625e-05
10010001011001001101,20.369001605228732,9.765625e-05
01001010011101110101,41.41759612910165,9.765625e-05
10111100110110101000,14.18122843054196,9.765625e-05
00000110001110000000,20.427640285019542,9.765625e-05
10000000000000110011,36.52869869322455,9.765625e-05
00000100101111001000,42.371186833112944,9.765625e-05
00000010001111110010,50.756587720313554,9.765625e-05
01111010110011010101,25.983142853447045,9.765625e-05
10000111100000001000,15.10131501963538,9.765625e-05
10100101111111010110,24.091967116356223,9.765625e-05
10000001011101011100,36.08426246929079,9.765625e-05
01101001101000100010,16.161208389486532,9.765625e-05
01101110011011000110,20.530480939978585,9.765625e-05
01001111011101000011,15.2304508162604,9.765625e-05
00110101001000110010,24.66764149353819,9.765625e-05
11100110100100010111,22.37561937716638,9.765625e-05
01110001001100010011,17.514838368124373,9.765625e-05
10101111101100111111,28.79147797935577,9.765625e-05
01111001000000000001,21.910386992567254,9.765625e-05
11100010111101101110,35.38712433123137,9.765625e-05
00100010001100011010,39.25201380198472,9.765625e-05
10111110101100111100,27.69931463724999,9.765625e-05
01000101011001011101,22.78076681396079,9.765625e-05
11011000110110001110,16.096172183377533,9.765625e-05
00101110010001100100,38.920689659229595,9.765625e-05
01110110011001110001,14.202844287855303,9.765625e-05
11000011001110111101,21.04449148179701,9.765625e-05
10101010001111001000,55.26717164892239,9.765625e-05
00011000101111100101,36.06247184271011,9.765625e-05
10011101000010001100,23.52784887194936,9.765625e-05
00110001001110001000,19.939325346301725,9.765625e-05
11100011000100001101,26.812836696799767,9.765625e-05
11011000100110100101,15.055139355144942,9.765625e-05
11000101010101011010,13.569448354798384,9.765625e-05
00011000101000100100,25.399157216696285,9.765625e-05
11101100010010110001,18.99877209893011,9.765625e-05
10011100100111110001,12.548400180789804,9.765625e-05
01000111000000001100,17.47356286965042,9.765625e-05
00000010100111010011,51.46324181030331,9.765625e-05
11010111111110100010,26.72967118131765,9.765625e-05
00000111010011011111,22.297934008688337,9.765625e-05
00110001100111101011,29.06975215053981,9.765625e-05
10011110001110101111,20.25051614816408,9.765625e-05
00110000000000110000,19.211038736947256,9.765625e-05
01001110110111111101,23.017826167072055,9.765625e-05
01111100110010100000,12.445602182943855,9.765625e-05
10111010110010111001,37.66284312954486,9.765625e-05
10010100001010111010,29.628683677628153,9.765625e-05
10101101101000100010,17.059928033101322,9.765625e-05
01110101000001000001,23.103207307287022,9.765625e-05
00011100100110100000,15.545959974141587,9.765625e-05
01010011011001101100,17.352621963019473,9.765625e-05
10001001011001101100,24.935833085207125,9.765625e-05
00001100100110000001,20.193777456030222,9.765625e-05
00111110110010011111,21.95178753964418,9.765625e-05
00100011101010101110,27.62275683666082,9.765625e-05
10110110100110001101,18.922061355362153,9.765625e-05
01001100001011110111,19.027275491728226,9.765625e-05
11011001101111101100,18.922460070090803,9.765625e-05
10110111010101110111,23.8603136705064,9.765625e-05
01011011101010101110,25.369999733567532,9.765625e-05
10110111010100001100,23.056191420431148,9.765625e-05
10000010000101111000,41.78553749071837,9.765625e-05
10100011001000111010,29.299444331199556,9.765625e-05
11100100011101111111,23.01782616707206,9.765625e-05
00110110111010001001,15.59269595327844,9.765625e-05
11110000101001000111,15.34281848006184,9.765625e-05
11111111010011110101,32.571343439599765,9.765625e-05
10101111111011111011,25.685643594360958,9.765625e-05
10111111111101000010,24.20284781942611,9.765625e-05
00011110110010111101,20.61894494471987,9.765625e-05
11001110111101111000,18.00659022049694,9.765625e-05
10110011010101001110,25.815976393390255,9.765625e-05
10100100001000101101,25.211038736947256,9.765625e-05
01000000101001011101,44.19686747082537,9.765625e-05
01011011100111000001,18.457665661557648,9.765625e-05
11000011000101011000,15.470392177175611,9.765625e-05
00110101101101100001,17.150743425903723,9.765625e-05
10010101001011000001,22.350203496280926,9.765625e-05
10111101010010000100,25.767085447832443,9.765625e-05
00010010011001011110,37.158772780925474,9.765625e-05
11001010100011001001,27.884227837561426,9.765625e-05
01101000000001000001,26.201293762445633,9.765625e-05
11000100100010110000,16.469658676219403,9.765625e-05
01001110100110101001,18.21445554410703,9.765625e-05
00101111000101111111,27.605499272818466,9.765625e-05
01101100110100110110,14.744410560058293,9.765625e-05
01011111000101000001,22.042050638694754,9.765625e-05
10111100101110001100,17.09246596796565,9.765625e-05
01110011101010001100,19.254114525941546,9.765625e-05
00100110100111001111,30.565869076054096,9.765625e-05
10001010010101110000,60.28912117664777,9.765625e-05
10010011100100100111,20.783821234784455,9.765625e-05
00000000110110110100,63.43966097072521,9.765625e-05
01011010000001000001,21.76692659535559,9.765625e-05
11101001111100100101,19.97014712360881,9.765625e-05
11011100000100101001,11.10127869124284,9.765625e-05
01111101111110001000,20.598892830423964,9.765625e-05
00000000000100111010,48.05111875426774,9.765625e-05
00010000101110001100,44.39592529490311,9.765625e-05
01110101011110110110,22.977634284786152,9.765625e-05
11110001010010000110,13.581564823856095,9.765625e-05
01100100111010100111,29.379563675528832,9.765625e-05
00100000001100001010,34.4906528149039,9.765625e-05
01010011110011111000,21.555807180728664,9.765625e-05
11101100110111101110,19.117181526111093,9.765625e-05
11110110110100011001,10.874566261601828,9.765625e-05
11110010000010101000,20.6469029214039,9.765625e-05
11100111111101101000,15.997786535962842,9.765625e-05
00000111101010001100,25.229738439647676,9.765625e-05
00100001110110001110,35.029721536486036,9.765625e-05
10000110110111001101,32.51094905744349,9.765625e-05
01111111000101110001,28.335597372541713,9.765625e-05
01001000000001000010,19.39227685352617,9.765625e-05
10011010001000111001,29.97487802753024,9.765625e-05
11100011111011110100,19.133128710266465,9.765625e-05
00001101011011110011,20.696096074757072,9.765625e-05
00101101001101010110,13.157096483331587,9.765625e-05
00110101001000100011,23.951117194939968,9.765625e-05
10001100111011010101,31.311958693437653,9.765625e-05
11001101111100110100,9.946648039066545,9.765625e-05
00001100111111110011,38.74694301354538,9.765625e-05
00111001101010010010,17.087371219705794,9.765625e-05
11011010100110100010,18.85669428724033,9.765625e-05
11011011001101111100,20.666593694243865,9.765625e-05
01100100001000010000,11.849396190294263,9.765625e-05
10111101000110101011,21.336471849731204,9.765625e-05
11001110000111111001,18.7457239332387,9.765625e-05
01101100100010010010,12.158152118016623,9.765625e-05
10010111010101100001,12.604740881776248,9.765625e-05
00111001110111100110,18.12884620286904,9.765625e-05
01010101110110010101,25.768833989089266,9.765625e-05
11110111110010010101,19.739981645542684,9.765625e-05
10101011010010000110,45.75102478917566,9.765625e-05
00101011010001100110,35.238843379166525,9.765625e-05
01100010110000000000,18.73311161570339,9.765625e-05
11000100001011101111,28.881398085780326,9.765625e-05
00000110011001011101,33.533333715417264,9.765625e-05
10101111101110101010,23.604798655811194,9.765625e-05
10011001011010101111,21.30273310710274,9.765625e-05
01000000100110101010,46.06227652604567,9.765625e-05
01110101010100110001,15.551293948199195,9.765625e-05
11000010111110110011,37.87199677283477,9.765625e-05
10110001101001101110,19.543219764119183,9.765625e-05
11000101111100101010,26.946710275393613,9.765625e-05
00110011100000010011,18.183614394726035,9.765625e-05
10001110100101101000,24.32926432364181,9.765625e-05
10110010001000001011,26.82210852048642,9.765625e-05
00010010000010111000,24.670683420335344,9.765625e-05
10110000001101011011,29.353530576178127,9.765625e-05
11101110001100010001,37.07220086794524,9.765625e-05
10110011101010011100,21.09671821389983,9.765625e-05
00101110111001010110,32.98271934700905,9.765625e-05
00010010000000011100,23.610835341332443,9.765625e-05
10001100111111011100,34.6729324891838,9.765625e-05
01000010000100100101,27.213849029527246,9.765625e-05
00101001010100010111,36.39194309598694,9.765625e-05
10011001010101110001,21.657255477001662,9.765625e-05
11110000110101010111,17.844848403278014,9.765625e-05
11110111000111011111,22.703775711723633,9.765625e-05
11000100010001010101,13.020354016574533,9.765625e-05
00001001110011100010,28.710447442654527,9.765625e-05
00011111000000010101,20.919784050360747,9.765625e-05
00001101011011100000,15.677316210818177,9.765625e-05
11110111110010010100,21.13512104767169,9.765625e-05
00000011100111011000,28.14061557717655,9.765625e-05
11101001000110000101,28.303257866646693,9.765625e-05
10101001010010000011,33.531139710581215,9.765625e-05
10001111011100011101,27.74320304891082,0.0001953125
11101010010011110011,49.833793049089415,9.765625e-05
00111011111000111100,23.332656240715572,9.765625e-05
11000100111111100011,31.411982727096152,9.765625e-05
01101101010100111110,16.327060545641604,9.765625e-05
10010000111011011001,39.25342930928357,9.765625e-05
00000001010010111100,39.542131234645396,9.765625e-05
01110101111110110010,28.93839330221735,9.765625e-05
01011101001110100010,30.399600574979317,9.765625e-05
11010001011110010001,17.82998368166713,9.765625e-05
10101111010001110001,43.163732070964166,9.765625e-05
11101101001000100100,21.75577777519355,9.765625e-05
01010101000110100101,32.77867035599584,9.765625e-05
11011110100010101001,19.018876556376064,9.765625e-05
11110101111111100110,18.354481563022432,9.765625e-05
00000000010101001110,56.63831934565323,9.765625e-05
01101110111101010110,22.51895027427932,9.765625e-05
11111101000011010001,29.25565282995578,9.765625e-05
00100011000101110100,31.283121543100304,9.765625e-05
10011000010100001010,23.435224051506857,9.765625e-05
00001001100010001010,26.736506242799695,9.765625e-05
00001010000111010000,41.7099696937524,9.765625e-05
01000001011001111111,38.624832768908306,9.765625e-05
01111111101010011000,30.80869470384563,9.765625e-05
01110111100001110101,21.89963533075487,9.765625e-05
11010101101000001110,39.145301065294504,9.765625e-05
11001110110101001000,20.14239938030957,9.765625e-05
11011101100110101010,28.127698109262703,9.765625e-05
10100110101010001101,27.88317379667375,9.765625e-05
00110000100010000011,21.233925935532497,9.765625e-05
01010111111011011100,24.559584387783257,9.765625e-05
00111011111010000010,15.014857843563483,9.765625e-05
10101000010101101010,51.47129434160085,9.765625e-05
00001110100111000100,23.62492592977467,9.765625e-05
11111100101010110010,13.885196738477322,9.765625e-05
00110110101000000101,16.729642552520772,9.765625e-05
11111100111101100011,6.40976832149787,9.765625e-05
00000010010100101100,44.60551936847363,9.765625e-05
10011001010110001001,18.718287820572215,9.765625e-05
00010010111110011000,33.941515906694164,9.765625e-05
10111010111011111011,38.21607363835199,9.765625e-05
11111111110100011110,28.308939757412418,0.0001953125
00001011010101001010,29.64087311393005,9.765625e-05
00000011110000000010,22.292808743566983,9.765625e-05
01111111001101100000,28.095112173527582,9.765625e-05
01111010101111000110,20.7084328160128,9.765625e-05
10110101001110110110,22.646541787088015,9.765625e-05
00101000011010111010,40.06609557950491,9.765625e-05
01111001001000001111,19.374698564248476,9.765625e-05
01110010000001001000,18.2658742142121,9.765625e-05
00100111001101110100,19.157096483331586,9.765625e-05
01011100110111100110,17.618932461533177,9.765625e-05
11011100101000111010,17.582964294761254,9.765625e-05
01101001100110100000,19.471294341600856,9.765625e-05
11100011111111001000,19.342818480061837,9.765625e-05
01110001001100000110,15.104700695115795,9.765625e-05
01110100011000011011,13.45177775024202,9.765625e-05
01010001000111001110,29.631930694253896,9.765625e-05
10001001010001110000,25.81861896941436,9.765625e-05
00100101011000100011,22.442431490469048,9.765625e-05
01001100101101110111,23.060850522001417,9.765625e-05
01000010000111011100,29.27459376578311,9.765625e-05
11001101111001111111,13.882373962710638,9.765625e-05
00000001011110110011,52.09998240523374,9.765625e-05
01101010110101010110,43.155520344254654,9.765625e-05
10001001101011100101,26.287681845779257,9.765625e-05
01010000001110110001,31.35873463091453,9.765625e-05
11001111001000000100,25.571729366034646,9.765625e-05
00011100011010100011,15.867965544359484,9.765625e-05
00001111101101101010,18.447156152797128,9.765625e-05
11011110011100000101,19.057066208079736,9.765625e-05
00110010101100101011,26.06628119929257,9.765625e-05
11001010011000000100,29.57197620430086,9.765625e-05
10111100000110010010,19.370958730466597,9.765625e-05
10111111010001010010,40.53036286739002,9.765625e-05
01111101001001101010,28.37200381973839,9.765625e-05
10010111011010000001,19.041684720787828,9.765625e-05
00010111000001111011,22.214426485996164,9.765625e-05
10110100011000101001,14.181228430541958,9.765625e-05
01110100111000100010,19.44181873429591,9.765625e-05
01001110011110110101,17.443410811842966,9.765625e-05
10111010001001010011,48.2696243387573,9.765625e-05
00110100001100001111,17.577802810010745,9.765625e-05
01011101001110000110,25.65638784003155,9.765625e-05
11000110001100010100,15.977393393846027,9.765625e-05
11101010110011111000,38.313882836349904,9.765625e-05
01110110001111111011,18.93546329354261,9.765625e-05
01101011100101011100,27.349009115614017,9.765625e-05
11010111111000001001,22.158407870070697,9.765625e-05
01000111100110001010,25.80470431472284,9.765625e-05
10100011001010000000,26.09341695480995,9.765625e-05
00001110011001110101,32.13226112196419,9.765625e-05
00110110001101110010,18.515785823397863,9.765625e-05
11001101111001110110,10.422391783072449,9.765625e-05
00110001100011100011,24.57658470374119,9.765625e-05
10100110110010101001,28.055071895073038,9.765625e-05
10101000011101000011,54.5063399431853,9.765625e-05
11111110010101100111,33.32388994029401,9.765625e-05
10000010001111000000,39.06862342900738,9.765625e-05
11000000100111101010,34.13347933699713,9.765625e-05
10101101101010101001,20.844154947789022,9.765625e-05
11111111111001110010,26.147434260078114,9.765625e-05
10100100111111010010,31.81073777378036,9.765625e-05
11000011100100000101,15.757596263212921,9.765625e-05
10011101011111100001,10.745835851361115,9.765625e-05
11101011011001000000,37.01792285950923,9.765625e-05
01100110010110111111,25.564533719153907,9.765625e-05
11110101001011000001,26.63059542448091,9.765625e-05
00111001110010000000,13.64369038252445,9.765625e-05
00011011111011000011,18.93720434118587,9.765625e-05
10110010110110111100,33.541716592286434,9.765625e-05
01100101000000000100,17.47356286965042,9.765625e-05
10101010011101011011,76.00566690469657,9.765625e-05
11111101111100100110,14.069352467671479,9.765625e-05
00101100000111100000,20.42834714362017,9.765625e-05
01111000011101010100,17.716440910896026,9.765625e-05
01000000101000010010,34.05202091869298,9.765625e-05
00010110010001110000,17.47410463418084,9.765625e-05
10101101001001011010,20.53593807457455,9.765625e-05
00111000001111100100,24.85528057003909,9.765625e-05
10010001011100011000,20.309472472359936,9.765625e-05
00011011001011101010,18.942161557656053,9.765625e-05
11101100001000011010,16.70800557086394,9.765625e-05
00111101011000000011,11.888053132614012,9.765625e-05
00010001001100110101,30.271176235042084,9.765625e-05
11110011000001000011,28.23354238702487,9.765625e-05
01111001110010100110,13.64462191016764,9.765625e-05
00101010100101010100,56.417093490113515,9.765625e-05
00100110111011011001,30.72534058592223,9.765625e-05
01011110111101101101,16.680961207751505,9.765625e-05
11011111100100100100,27.30143937862732,9.765625e-05
11100010010101110100,44.28634376801671,9.765625e-05
11000000101010111100,31.780163743824613,9.765625e-05
01100011010100011100,19.539032268234365,9.765625e-05
10010110011000100000,18.086870272891684,9.765625e-05
00110001001001000001,13.869959758989504,9.765625e-05
01111000100110001001,18.002395650221032,9.765625e-05
01101100111010010011,12.465206770931875,9.765625e-05
11000101101110111100,27.35495024070546,9.765625e-05
11110100100110010001,9.085215235436321,9.765625e-05
00001110000010010001,19.550343695775965,9.765625e-05
01001010101000001110,24.798031539321432,9.765625e-05
00111010101111100010,25.23998363738216,9.765625e-05
00110011101011001110,19.35472728506346,9.765625e-05
10011001100010111001,22.141081839104302,9.765625e-05
01010010011001101101,24.023256560935764,9.765625e-05
00111101001000000010,18.058111297351523,9.765625e-05
11110010100000001101,18.2658742142121,9.765625e-05
11011111000100101011,30.432856186488593,9.765625e-05
10101111011011101000,28.777368742420876,0.00029296875
10011001111011101011,23.53369872423906,9.765625e-05
11001100111101101100,16.058608418327562,9.765625e-05
01011011100100111111,22.869831178815723,9.765625e-05
10001011100010011010,26.165820300894463,9.765625e-05
01111100001000111010,16.21637615544848,9.765625e-05
10001111001101001111,23.602647133833838,9.765625e-05
11110111001110101000,31.10853223176173,9.765625e-05
00111101000000001011,21.749826964065146,9.765625e-05
11110010110101001100,19.65302415911073,9.765625e-05
00011111100111101001,14.612308720633255,9.765625e-05
11010010100100110001,15.899651171257975,9.765625e-05
00010110111111001001,23.094725876494614,9.765625e-05
10010111100110000000,17.507377849302614,9.765625e-05
00100100000100000001,17.52775123795106,9.765625e-05
10100100000111011100,30.212535667186657,9.765625e-05
11001010110111001110,35.32034781190018,9.765625e-05
10000111011101011110,23.596063078642864,9.765625e-05
11101110110111000101,35.9711247528087,9.765625e-05
11100101000101111110,15.02539306436794,9.765625e-05
10111100100001101011,15.423265612968075,9.765625e-05
01000010001101000000,24.654736236179968,9.765625e-05
01100111000100000010,21.392886899676768,9.765625e-05
01011010011101011100,23.716440910896022,9.765625e-05
10101001001000000011,28.110391537497417,9.765625e-05
11010101001111001101,24.574388810840528,9.765625e-05
10011111100110001001,19.02072346605226,9.765625e-05
10001111000011010100,23.018876556376064,9.765625e-05
00111010110011000001,30.234876922376795,9.765625e-05
11000000100001001110,24.304410313781755,9.765625e-05
01000111001010110001,23.99560764804865,9.765625e-05
11000011110111101100,16.06725779980413,9.765625e-05
10010101010011111011,23.4786714727204,9.765625e-05
10111011001011011000,34.7754454210569,9.765625e-05
10011011011000001001,23.76692659535559,9.765625e-05
01001001110011110010,23.017826167072055,9.765625e-05
11111010001100010001,38.84236310212524,9.765625e-05
00001011111001100010,26.213135205752025,9.765625e-05
11110000100110010011,14.92109370646648,9.765625e-05
10110000101101111110,32.75148651248047,9.765625e-05
10111101000101001010,22.193524463297862,9.765625e-05
00011101001100000011,15.346220268676431,9.765625e-05
00011000010000101001,22.364569981100235,9.765625e-05
01001110100110010000,13.025613994699635,9.765625e-05
11100011010000001001,24.812836696799767,9.765625e-05
10010110001010101100,23.04484564009848,9.765625e-05
00100100000100111000,24.26930965902472,9.765625e-05
10110100001100101110,18.49135967350453,9.765625e-05
01110101110110110011,23.88004421618252,9.765625e-05
00101101010010000110,17.183075340218153,9.765625e-05
00101010000000000111,48.20416536063138,9.765625e-05
01010000001001100000,25.936323192340726,9.765625e-05
10011010100100101010,25.677328694004874,9.765625e-05
01000111010011001000,13.512940660427644,0.0001953125
10011111110110111101,16.2028442878553,9.765625e-05
10001100000001001100,22.227644691705265,9.765625e-05
01101001001011011110,18.11210968149596,9.765625e-05
00011110010010001011,14.576897201141891,9.765625e-05
00011000011011001001,28.372564036417778,9.765625e-05
01001101110101010000,11.432422721382576,9.765625e-05
11001001110010100110,13.408269328529796,9.765625e-05
11111001100100010011,20.5359283885376,9.765625e-05
00100010101011010110,43.53681090825785,9.765625e-05
00110010111001110100,33.403081201423696,9.765625e-05
01001110011100100001,16.971132686576077,9.765625e-05
10000110111111101000,31.044774648455768,9.765625e-05
00101011011001001010,29.468069406661908,9.765625e-05
00001010101101100010,41.70395582474867,9.765625e-05
11100010110101110001,40.477882782796556,9.765625e-05
10100010001101000100,51.04670847740498,9.765625e-05
00011000001001001100,26.214651584352715,9.765625e-05
00001001000100001101,27.065164051861718,9.765625e-05
10101000000101101000,45.21103873694726,9.765625e-05
01111101100110110011,21.32860138501432,9.765625e-05
11001010111011011000,28.423616239698735,9.765625e-05
11001010010110011000,31.93076038121569,9.765625e-05
01001110000010010001,13.91282617052714,9.765625e-05
10111011011100001101,37.822108520486424,9.765625e-05
10011010101010011000,26.181228430541957,9.765625e-05
10000110011000111011,30.836626158186917,9.765625e-05
11001000011010000010,18.73501900943707,9.765625e-05
00101010011001010100,57.53341094865332,9.765625e-05
10001111110001001000,19.711838772652243,9.765625e-05
11110111001100001101,26.970299821619513,9.765625e-05
11001111101101001000,17.696504344670004,9.765625e-05
00001101011111001000,18.358689340066277,9.765625e-05
10011001100010000101,19.14384133366376,9.765625e-05
01100010011011111101,38.620663088718416,9.765625e-05
11100010001100000010,29.556594717008952,9.765625e-05
11001010000110011100,30.885905055080258,9.765625e-05
01110001100101001000,17.927139441570638,9.765625e-05
01110111001000111011,31.855453979271132,9.765625e-05
11101011011101101110,33.120675566506925,9.765625e-05
00001010110011010011,49.65898868925421,0.0001953125
11111010101100110001,28.899368004599214,9.765625e-05
11001111010111101100,14.110391537497412,9.765625e-05
11101000010000111010,26.69303872593099,9.765625e-05
11110011001100001100,20.079073286508155,9.765625e-05
10100011100000001100,22.915953248135885,9.765625e-05
10000110001100001010,23.938185295226155,9.765625e-05
10100110111111111000,34.2755252934263,9.765625e-05
11101101100101111110,13.871761476194122,9.765625e-05
11111110110110011111,21.194304114478612,9.765625e-05
01000001000100010100,17.164632161820904,9.765625e-05
10010101101011101001,31.99053131410974,9.765625e-05
10011010100110111011,29.80112083053532,9.765625e-05
00110111110011100011,17.14261280693619,9.765625e-05
01111010111111001000,20.050895973289794,9.765625e-05
00101110001101000011,29.222013696927085,9.765625e-05
10101110110110000011,40.68512473347525,9.765625e-05
01111001101011000000,17.864153554041863,9.765625e-05
00111100110001010111,15.576826209499183,9.765625e-05
00010001100101000010,25.541716592286438,9.765625e-05
10000000010001110110,49.08117245449565,9.765625e-05
01000101110101010001,19.877057989851824,9.765625e-05
10100100011100101010,26.46782872286184,9.765625e-05
11001101110010010011,14.968001119643555,9.765625e-05
11100010111110101100,29.536400619427624,9.765625e-05
00111000100000101110,23.075204687048615,9.765625e-05
10110011111000111000,19.151418124136658,9.765625e-05
10000001001000101101,27.06893501732296,9.765625e-05
11001010100011010101,33.28312154310031,9.765625e-05
01010100001001000000,23.216107871539855,9.765625e-05
10100010101001001100,39.41193722910784,9.765625e-05
01010001000111001100,25.217147578594584,9.765625e-05
11100110110001110000,19.23081466059882,9.765625e-05
00100101110001000010,15.57780281001074,9.765625e-05
10001011101100101011,29.651276135453053,9.765625e-05
01111111010101100111,22.000538418053836,9.765625e-05
11111110000111111010,27.773610270986147,9.765625e-05
01001010111000001011,28.358689340066277,9.765625e-05
11110111001001100001,32.254699133088934,9.765625e-05
01101110001110100111,21.627732054329805,9.765625e-05
01001000011000010111,26.992467765954288,9.765625e-05
11101110000101110101,42.78497115740086,9.765625e-05
11110000001001101010,17.04258408806333,9.765625e-05
00011101010010110001,15.594234904586529,9.765625e-05
10110000000100010101,26.932240638563904,9.765625e-05
10101000111101101001,51.13628962957712,9.765625e-05
00000101010101010000,18.025078678902617,9.765625e-05
01110011101000101011,25.775374429414185,9.765625e-05
01011000110010100010,18.091544344339297,9.765625e-05
10100011100000000101,27.95011541007514,9.765625e-05
10010101100011101001,25.79390099551364,9.765625e-05
10110101000010000111,23.82305950733072,9.765625e-05
00001000110111100110,55.073270858099406,9.765625e-05
00101110101010011010,22.27849809500917,9.765625e-05
00110001101010111010,34.95367619775799,9.765625e-05
01000011101111000100,21.465197808476166,9.765625e-05
11000001001100001000,17.161821869240917,9.765625e-05
11010000001010010010,21.358689340066277,9.765625e-05
01100110111011010111,22.06425055789333,9.765625e-05
00110110111010101101,22.982191866602747,9.765625e-05
01101101110100000010,13.898703715984485,9.765625e-05
00111111100000000111,25.240232940702825,9.765625e-05
10100011001110010010,33.0265171878132,9.765625e-05
01100000000000100001,21.211038736947256,9.765625e-05
00000101100011100011,36.72583620022811,9.765625e-05
11000110000110000101,16.983695947520616,9.765625e-05
10001100001011100010,18.816560826283244,9.765625e-05
00010111111011001001,21.97556532855308,9.765625e-05
01001011110101001100,20.183980949087,9.765625e-05
00001010100010100000,28.735019009437067,9.765625e-05
01011011000001100100,19.670365394126176,9.765625e-05
01100001011100011110,22.008363417668065,9.765625e-05
11011011011010000110,18.982436914771363,9.765625e-05
11111100111110011001,8.252382429914178,9.765625e-05
10001000000000110010,30.9849283487541,9.765625e-05
11011110000010001000,24.817921024601603,9.765625e-05
10100010000010001000,36.00495983895587,9.765625e-05
00100110100001001110,25.505299119905388,9.765625e-05
10000110101010010010,26.81668867203596,9.765625e-05
00000101000000000111,23.135470939981282,9.765625e-05
01001100100111010110,18.341428059149244,9.765625e-05
00011110001101010011,15.85352359476553,9.765625e-05
10011101101000101010,25.737640972206854,9.765625e-05
11011111000100001000,34.19771631271141,9.765625e-05
01110010100011001001,18.736546972979156,9.765625e-05
11100110110000000101,21.645056011727704,9.765625e-05
01000101000010100110,33.39606124373524,9.765625e-05
10000101110010110110,28.470321185532903,9.765625e-05
00011111010011100101,13.091999069583848,9.765625e-05
11001001000100110110,15.9912042600731,9.765625e-05
10000110001001001010,24.181228430541957,9.765625e-05
00011101001100000101,13.828451891877325,9.765625e-05
01001101100111110110,18.15803769701173,9.765625e-05
01100010001000010100,21.909682843989167,9.765625e-05
01000000010101000110,34.36837654053296,9.765625e-05
00010001100011100000,32.22786665072529,9.765625e-05
00010001100010110010,39.6772781031244,0.0001953125
00101001001000001011,23.15141812413666,9.765625e-05
10101010001010011000,49.932613532485234,9.765625e-05
11001010110111001111,40.04526217052205,9.765625e-05
10100100110001000011,23.10744623764642,9.765625e-05
01010010010000100011,17.64559777625813,9.765625e-05
11111001010010101101,19.624576037465076,9.765625e-05
11011110010000000011,23.73354154923861,9.765625e-05
00111101100011111111,20.30395339570417,9.765625e-05
00111100101011111010,18.86502928325158,9.765625e-05
11001101100110000010,17.79082961837134,9.765625e-05
00101110001010000100,26.4659756587195,9.765625e-05
00010001011001001010,28.770568795139173,9.765625e-05
11000100101010110010,27.01338020911062,9.765625e-05
01001111110011000000,12.661963134343267,9.765625e-05
00011100000110101111,19.596063078642867,9.765625e-05
10111011011111010001,39.9662671567781,9.765625e-05
01001001010001110110,16.52925367536274,9.765625e-05
11001111100110101001,18.586426469056654,9.765625e-05
00111100100000010001,11.6315712034442,9.765625e-05
10011100101010000101,17.825333455425366,9.765625e-05
00110000011110000111,29.165221828845446,9.765625e-05
00110001111011011001,28.074492740498197,9.765625e-05
01011111111010001001,23.995927230227153,9.765625e-05
10001101101010010000,17.67167522489596,9.765625e-05
11110001001000100110,17.972146644168507,9.765625e-05
01010010000010010110,18.718287820572215,9.765625e-05
10011101100111100001,12.4473968365972,9.765625e-05
11010010000111011100,18.798275667565107,9.765625e-05
11100000001001010100,22.231104068850932,9.765625e-05
10110101011001001111,16.5528938341053,9.765625e-05
11010100001010111001,23.012256172792554,9.765625e-05
10110010100100001101,27.53485634645112,9.765625e-05
01101001000011100101,20.470879699241898,9.765625e-05
10000110101111111000,28.29847461957521,9.765625e-05
01111110010000100001,23.733541549238602,9.765625e-05
11101111111001011110,21.888053132614008,9.765625e-05
00011010001001010001,28.32411180134701,9.765625e-05
10100100001001111000,22.75007995679751,9.765625e-05
11010110000101011011,14.493870871795455,9.765625e-05
01011111100010010101,23.844216253394784,9.765625e-05
11001111001000010001,25.456610777485523,9.765625e-05
11001101000000111000,15.992424254407268,9.765625e-05
01010100110111111001,31.340451458637684,9.765625e-05
00000001010111011100,42.76308808269524,9.765625e-05
01101000100010010011,22.68096120775151,9.765625e-05
01010000000100100101,21.06893501732296,9.765625e-05
11101001010100110011,28.189427674064767,9.765625e-05
00011011001111101000,16.783821234784458,9.765625e-05
01000000011111111110,58.280568716384614,9.765625e-05
10101000010000010110,51.48329815811508,9.765625e-05
10100000011111111100,60.596346245301625,9.765625e-05
00011101011011000001,12.888226269214975,9.765625e-05
00100001100010110000,27.71925120347601,9.765625e-05
10100111110110010010,24.106404690785258,9.765625e-05
01100101110000000101,15.117262203790759,9.765625e-05
11100001001110100100,18.49135967350453,9.765625e-05
11010001101010100000,29.969677292282224,9.765625e-05
00000111110111010101,22.134965846778503,9.765625e-05
01110110111111011001,12.420826483676027,9.765625e-05
00001010100011010000,36.42361623969873,9.765625e-05
01101110111111010111,22.990099922572213,9.765625e-05
01101110000010011000,23.420741000769148,9.765625e-05
00011010110101010111,42.289499599377564,9.765625e-05
11001111110111010100,13.821273081712015,9.765625e-05
10101101010001111001,26.121963962474123,9.765625e-05
01110101100111100001,26.878545310341654,9.765625e-05
00111000011100110000,22.7528902493775,9.765625e-05
10110110100001011000,19.954840072403222,9.765625e-05
10001100110111110011,30.39855018567531,9.765625e-05
11010110101110101000,19.914991840833565,9.765625e-05
01001001110111101100,26.850000925572814,9.765625e-05
10111101100000011111,23.020723466052257,9.765625e-05
10100110100000101010,24.69386718869098,9.765625e-05
01111110111110011111,12.197945579841134,9.765625e-05
10010100000000001100,17.223932234700037,9.765625e-05
01100011010010010000,15.702954127011036,9.765625e-05
00010001001011000100,26.839266660232873,9.765625e-05
00110010110000101101,27.030840327423075,9.765625e-05
01011110011001010100,13.898703715984485,9.765625e-05
10110011001111100101,24.960157198905588,9.765625e-05
01000101101110101000,48.01253933945131,9.765625e-05
00000110011000001100,26.227644691705265,9.765625e-05
00011111001101110100,14.961384267630848,9.765625e-05
01110011011101011101,14.99376782315026,9.765625e-05
01000110000010011010,17.807826195618407,9.765625e-05
11011001101001101000,19.808381052801366,9.765625e-05
11110111010001011100,22.703103293450937,9.765625e-05
10101010000000010011,64.77968880291203,9.765625e-05
00110100110101011001,16.148481786741375,9.765625e-05
00010110110110011011,22.348425847614052,9.765625e-05
11111110110101101100,25.507377849302614,9.765625e-05
00000011000010100110,23.495049961286107,9.765625e-05
00111011111101010111,26.37437835641229,9.765625e-05
01010001010010101000,28.53245101019313,9.765625e-05
10000100011100101101,33.00626342813231,9.765625e-05
10100011100011111100,28.1139662772091,9.765625e-05
00011110011110110001,13.366882341995737,0.0001953125
10101100111101100111,31.42606613238391,9.765625e-05
10101011100001011001,45.457820982463694,9.765625e-05
10101100000111100010,25.45594398598831,9.765625e-05
01001101111110011101,22.83471803003217,9.765625e-05
00110010101100000101,22.912672514763468,9.765625e-05
10001010100000011111,47.934161249905344,9.765625e-05
10000001001001101100,24.585042838654605,0.0001953125
01111110110001010101,19.79551346298311,9.765625e-05
10001000011101111100,55.346753718045015,9.765625e-05
11101110110111111000,27.567582807469343,9.765625e-05
01110000110100000010,10.229738439647676,9.765625e-05
11111011011010000110,27.85668886719526,9.765625e-05
01001001000100000101,17.268388111685752,9.765625e-05
10111110001001000101,40.15614631803555,9.765625e-05
01011100100100010001,10.749147705573074,9.765625e-05
01111010001001000000,25.329910698184946,9.765625e-05
01101110011101010000,24.6984062312314,9.765625e-05
01100011011101000110,19.003281887015973,9.765625e-05
01101110010100111100,28.60619063310277,9.765625e-05
01001100010100011100,15.009391550621222,9.765625e-05
00000000011111110101,74.50007465946437,9.765625e-05
10111100000100100011,16.58642646905666,9.765625e-05
00110101111011111111,32.14916835334314,9.765625e-05
01000000100011101000,41.16425655787703,9.765625e-05
10001100010100110100,26.824963075226332,9.765625e-05
11100010110101111000,34.44277940717716,9.765625e-05
11101101010101101110,18.110391537497414,9.765625e-05
00101011001001001011,30.00237627814712,9.765625e-05
00011011000011100011,18.317122153379984,9.765625e-05
10111101111111001011,12.818146847287718,9.765625e-05
11110001100100000110,11.950115410075139,9.765625e-05
11011010101110111101,21.04449148179701,9.765625e-05
10110011000011000000,24.337311467370277,9.765625e-05
01110001000101111100,19.228832830778828,9.765625e-05
11010000101110101000,25.871431886679744,0.0001953125
01101011111110011110,21.469196240129715,9.765625e-05
00110010001001000100,23.94309631176297,9.765625e-05
11111001101000101110,17.97214664416851,9.765625e-05
11100000011100000111,29.06862342900738,9.765625e-05
00111000101010110001,22.329826488934472,9.765625e-05
11111010110111101110,28.423097808875333,9.765625e-05
01000100000001010100,15.164632161820904,9.765625e-05
10010001010101101110,22.023256560935764,9.765625e-05
00110111110001000001,11.61506821519271,9.765625e-05
10110000110001000010,19.030840327423075,9.765625e-05
01101110101000010000,18.70800557086394,9.765625e-05
00011000111011110011,39.30774114322964,9.765625e-05
01011101101010001000,42.03743320927472,9.765625e-05
10110000101100101010,20.42451216253063,9.765625e-05
00010101000000100011,30.314901283266103,9.765625e-05
01101011110011110100,22.199976221240362,9.765625e-05
11110001111101101010,14.245669696172747,9.765625e-05
01111111010001110000,27.848947157316204,9.765625e-05
00110110000110101111,21.038635632472392,9.765625e-05
00010010010110011011,31.491763720741407,9.765625e-05
11101101110010010100,16.142058439615866,9.765625e-05
11110001011110100100,13.042584088063329,9.765625e-05
11001101001100011000,14.88173362262079,9.765625e-05
11101011100111111000,30.200994668156568,9.765625e-05
01111010100000101011,23.953875955078356,9.765625e-05
00011100111011011110,30.149426521152506,9.765625e-05
10011101110001100001,11.69752812409443,9.765625e-05
01011100111101011111,18.959766489289336,9.765625e-05
11100001111000100110,13.40354466620171,9.765625e-05
00110001001000011100,19.850071917215523,9.765625e-05
11010011011010111000,15.39572654463488,9.765625e-05
11110011100000001110,19.775449599921572,9.765625e-05
11010000110110110101,21.044774648455768,9.765625e-05
00011110000111111001,14.825917066360434,9.765625e-05
01111110011101110010,15.68079358916264,9.765625e-05
01111110000000100110,29.206137504414414,9.765625e-05
10011010100010101011,24.69134558078185,9.765625e-05
11000011001100111100,16.32926432364181,9.765625e-05
11100110101001111011,20.40976832149787,9.765625e-05
00000001111111001110,56.62713775030564,9.765625e-05
10101010111001000010,53.520819353179164,9.765625e-05
11101001001000000000,21.85425408059212,9.765625e-05
00101100010001111010,26.806215578795182,9.765625e-05
11100111001011011010,21.806664062446384,9.765625e-05
01011010111000101000,17.52775123795106,9.765625e-05
01110111100011011010,26.63750879655518,9.765625e-05
11010001100100000100,13.039536643254078,9.765625e-05
10000010100001000100,34.860712814549046,9.765625e-05
01011110001010010100,16.140201843902716,9.765625e-05
10111000010101000001,37.69719780015899,9.765625e-05
01010010000000000000,12.917260368883131,9.765625e-05
11001010010101110100,43.115372724128676,9.765625e-05
10111001111011100010,15.681494020666038,9.765625e-05
01111100111110110011,7.474675761929215,9.765625e-05
11010001000101111100,15.091807197363018,9.765625e-05
00001011111000100011,28.276205509671332,9.765625e-05
11101101011100011110,16.99123714402203,9.765625e-05
01010011000101000100,12.720209166334723,9.765625e-05
11010111110111001011,16.488910945302734,9.765625e-05
01101111100000111001,27.061507703749058,9.765625e-05
10111100011010000011,15.710521231446982,9.765625e-05
10100000010000100110,38.11475652351193,9.765625e-05
11111000000011000000,23.460660420281755,9.765625e-05
11011010000011100010,23.67888619542896,9.765625e-05
01001011000000111100,17.484816523157072,9.765625e-05
00011001000000000101,16.231001014807553,9.765625e-05
10100001001111010110,32.733268090252984,9.765625e-05
10111011110101000111,37.93913817013507,9.765625e-05
00100011000001000101,25.225611340283486,9.765625e-05
01001011101100101110,22.206965880047207,9.765625e-05
10001111111001001001,20.22978652764567,9.765625e-05
11110011100001000010,21.710519255845504,9.765625e-05
01110011110111100101,15.361745648954562,9.765625e-05
10100011111010011001,31.298008444774656,9.765625e-05
01110101011000001100,23.376969802320588,9.765625e-05
11001000101010001100,20.537775934667835,9.765625e-05
00001110001011011001,21.60078774097095,9.765625e-05
10110101011100101011,16.444284641738587,9.765625e-05
00101010111111111110,61.189836183593755,9.765625e-05
10101010111111110011,66.53800361884002,9.765625e-05
11111100110001000000,13.955193496283627,9.765625e-05
11010000010000101000,9.473809707916635,0.0001953125
10000111110001101010,17.885181534428266,9.765625e-05
11001001111010110101,18.411079621109785,9.765625e-05
10110100001100001010,14.072400636061978,9.765625e-05
11100110110011100000,19.606707507547185,9.765625e-05
01101110011001010001,24.62187776138417,9.765625e-05
11110001011000001100,10.915953248135885,0.0001953125
11011011100100101110,20.489220645553686,9.765625e-05
00111100110110100111,14.177023363520647,9.765625e-05
00100010000111101000,41.541716592286434,9.765625e-05
10010011100010101000,17.104700695115795,9.765625e-05
00011001011111100011,22.336153023609953,9.765625e-05
00110001010110010001,18.53854589981163,9.765625e-05
01101100001000011010,13.19746056065733,9.765625e-05
00010110101111001001,22.161573387468515,9.765625e-05
00111000110011100011,24.435206480370365,9.765625e-05
00010001100010111010,45.05791154003116,0.0001953125
01100101011100010100,12.132627763452357,9.765625e-05
00011110001111110100,17.65127613545306,9.765625e-05
01100010101100000111,28.585617487133963,9.765625e-05
11100110100010000000,19.833061006135516,9.765625e-05
11111001110000101110,13.954840072403222,9.765625e-05
00100010101101101010,43.4940315143699,9.765625e-05
10001100110101111000,26.1016009071565,9.765625e-05
00001111100011101100,16.128536258059647,9.765625e-05
00110101111110110100,24.5063399431853,9.765625e-05
01011101011100110000,16.2060139624816,9.765625e-05
00101111101010111010,20.324059545324157,9.765625e-05
11111000000010101001,20.90531785797465,9.765625e-05
01100010111010011010,26.166731242271542,9.765625e-05
11011111110101111011,15.91278389480851,9.765625e-05
01110111011000011111,19.250461905699936,9.765625e-05
10011000100011101011,26.206428713603945,9.765625e-05
00001100011110101111,35.55626087234252,0.0001953125
00110011000000111000,20.905317857974648,9.765625e-05
00001111001111011000,12.917512725161448,9.765625e-05
00000100100011101011,46.28112994011615,9.765625e-05
10001010101111110010,47.50077361132928,9.765625e-05
11001011011100111001,25.690484234072922,9.765625e-05
11101100111101100110,15.391020530799459,9.765625e-05
11001100011011111011,16.050157357805237,9.765625e-05
00110100011100111001,18.07429554660896,9.765625e-05
10100000011110111000,48.46219565451516,9.765625e-05
00100001001100101111,34.26203152268708,9.765625e-05
00110100111111000011,19.607942727566602,9.765625e-05
11001101001111001110,15.395726544634881,9.765625e-05
11111010000100110001,41.49491148793532,9.765625e-05
10010000100111001110,35.21387028966578,9.765625e-05
00001010011101010100,56.85417684735606,9.765625e-05
01111100111101110111,8.136937990561549,9.765625e-05
01011010100110101100,19.692663121987113,9.765625e-05
00011011011011001000,14.853363490268451,9.765625e-05
11010001011101101001,17.62128282090596,9.765625e-05
01000000011011010001,38.79860339065105,9.765625e-05
11111101101110100001,23.003526200763517,9.765625e-05
10110010111100111110,34.5608790253438,9.765625e-05
01101100111111000111,18.197984618256214,9.765625e-05
00111011100110000000,19.730593539365067,9.765625e-05
00100100001001000001,18.537117164065204,9.765625e-05
10000110010011101100,27.84911124433427,9.765625e-05
10100001110101100100,27.69912809753739,9.765625e-05
00001101100101000100,13.666328120357788,9.765625e-05
01111111100010010101,28.180036944991812,9.765625e-05
01110011110010100110,15.793418805955577,9.765625e-05
11111000100011000001,19.867866011047095,9.765625e-05
01010111001001001011,31.785180709521562,9.765625e-05
11011011000100100111,25.88678338513948,9.765625e-05
00101011011000011100,34.776765672284704,9.765625e-05
10000011011001001010,25.57780281001074,9.765625e-05
10111101001100011110,21.620936547704027,9.765625e-05
00000110000011011001,22.451765267055322,9.765625e-05
00101000111001110010,41.71462336443777,9.765625e-05
11100111110011100111,19.282934366933652,9.765625e-05
00010100011111011001,30.45203177166271,9.765625e-05
11001010010000110100,31.914387105555015,9.765625e-05
10011011110111101110,21.797753705170898,9.765625e-05
00000110111011011000,33.47774683396443,9.765625e-05
10110111000000100000,32.232832905938565,9.765625e-05
01101011110001100110,21.87636090441535,9.765625e-05
10110001001010111011,26.135929316809502,9.765625e-05
10000011110011011100,26.981305629807807,9.765625e-05
01011101000100011111,21.724101187038144,0.0001953125
00111111100101000010,18.931951317438994,9.765625e-05
10111110110001010111,37.931880325796286,9.765625e-05
11000010001001010101,29.35868934006628,9.765625e-05
01111100110100111111,11.04449148179701,9.765625e-05
01110010010101000010,17.91362350160777,9.765625e-05
11111111101000100011,39.34132527773693,9.765625e-05
11111011010011001100,32.40600933246398,9.765625e-05
10011000000110100011,21.406967714954835,9.765625e-05
00010011111100101011,29.84208964313962,9.765625e-05
11010111111110111001,19.142642050550926,9.765625e-05
11010010110110011101,16.623554058978065,9.765625e-05
10111101111110010011,13.742771744500494,9.765625e-05
10011110010101110001,25.558700137429618,9.765625e-05
00100011111101000111,34.14322619956337,9.765625e-05
00110000010001100001,22.928866537185066,9.765625e-05
11001110110000111110,17.812160235457434,9.765625e-05
01011001100111100011,25.59031029420144,9.765625e-05
00001001010000110011,28.484443640075554,9.765625e-05
01100110111101011001,20.718943070443856,9.765625e-05
00111101101111010000,11.514838368124371,9.765625e-05
01100001011001000110,14.49185064001442,9.765625e-05
10010011010111110101,24.661643660928156,9.765625e-05
11101001000001000010,24.415862868181264,9.765625e-05
10110101010011010100,17.73429975477695,9.765625e-05
00010011010111100000,16.495547169389347,9.765625e-05
00011010110010111001,28.5063399431853,9.765625e-05
00001110110011101110,30.385261493924865,9.765625e-05
10111111001000111000,37.294574953927324,9.765625e-05
11101100111111011110,18.920538724328296,9.765625e-05
11011110010111000100,19.507377849302614,9.765625e-05
00001100101101100010,25.042041512824454,9.765625e-05
11011101100010101000,32.55078851206132,9.765625e-05
11110001101100101110,17.23640411407944,0.0001953125
01111111100100000101,28.658311982943793,9.765625e-05
10000010010111011101,60.60947065369031,9.765625e-05
10110111000101110101,23.878603084376593,9.765625e-05
00000111101011011011,28.281632666231495,9.765625e-05
01110010111001011111,22.257687796811098,9.765625e-05
11010001001111110100,21.38532624397423,9.765625e-05
10011111101010001001,23.506472240433766,9.765625e-05
11010000001000101111,23.11724972060406,9.765625e-05
00111000001101010000,23.35868934006628,9.765625e-05
01010101011110010000,27.657263362101197,9.765625e-05
00100100011111000100,31.495008114881465,9.765625e-05
01111100110100010011,4.9175127251614486,9.765625e-05
10110011100100110110,23.71052123144698,9.765625e-05
01000010000110011100,24.585042838654605,9.765625e-05
01111100000110000111,12.087442211348504,9.765625e-05
10110111010101111101,21.38620279473221,9.765625e-05
01110000100111111110,31.67198963199747,9.765625e-05
10111001101001100000,16.443305036937225,9.765625e-05
00110100010111001101,20.195645625844946,9.765625e-05
11110111011001011101,19.342372891527397,9.765625e-05
10100101010010011001,23.170201225379103,9.765625e-05
00011101111101100000,15.634613141081166,9.765625e-05
00100100010011001001,28.320899996888624,9.765625e-05
10010001000010110000,21.092523742000594,0.0001953125
11111100000011010010,20.000658134148587,9.765625e-05
10100111111001001101,21.269512235131014,9.765625e-05
00100000000000110110,36.798031539321435,9.765625e-05
00111010101110000011,22.34691027972181,9.765625e-05
00011110101100101001,16.566638062218395,9.765625e-05
01001000101100100110,29.0357718430988,9.765625e-05
00001100011011101110,32.981755876978056,9.765625e-05
11011001010111110100,12.441383691174718,9.765625e-05
11001001011101001110,19.166725909763315,9.765625e-05
01111011000111000001,26.656213881472652,9.765625e-05
00000000011111111110,79.12220622428937,9.765625e-05
01101101011001010110,8.844154947789026,9.765625e-05
10110000000010010000,21.33863098417702,9.765625e-05
11000000001000110101,24.01566122034688,9.765625e-05
10111010110101111110,50.245733711801044,9.765625e-05
11111111101010000110,37.95522294662877,9.765625e-05
01110100111101011110,17.403081201423696,9.765625e-05
11110011011001100000,19.07300444061922,9.765625e-05
11101111110011111000,22.915659661019106,9.765625e-05
10000100111000101011,34.62998529120311,9.765625e-05
01011011001111000110,16.319088779150924,9.765625e-05
00001001110001100000,24.01148529856363,9.765625e-05
01100100011001000011,16.374636524221653,9.765625e-05
00111111110001001000,20.951066396919437,9.765625e-05
01111000100011111000,21.64087311393005,9.765625e-05
10011001001011111001,22.426306816183974,9.765625e-05
11011101111110100101,15.567582807469343,9.765625e-05
10110100111001111001,16.16107617936527,9.765625e-05
01010010011010001001,16.91267251476347,9.765625e-05
10000010111001111100,50.94288153589742,9.765625e-05
10110010001011100000,28.561498757531353,9.765625e-05
01000101110111101001,36.717378680132555,9.765625e-05
10100111101000101000,21.293833432076532,9.765625e-05
10001101101100101010,18.424601802666004,9.765625e-05
10111101011011000001,17.96821067176426,9.765625e-05
00011110000100000011,14.956759949323601,9.765625e-05
00101100110101010011,27.949180568841022,9.765625e-05
11110101011001110111,15.03785525771039,9.765625e-05
00101001110010101011,30.06628119929257,0.0001953125
01111110011111110011,12.866939484974818,9.765625e-05
00110111110001010011,13.330606227242418,9.765625e-05
01011001010000100101,13.353893489795244,9.765625e-05
11001110110011011100,17.825333455425362,9.765625e-05
11100110010110000000,24.16146573533797,9.765625e-05
00001000010100000100,39.69267904961742,9.765625e-05
10101001001100110010,28.803089235607498,9.765625e-05
11111010011001011101,39.7076469232387,9.765625e-05
01001100111011101110,29.619273402226884,9.765625e-05
01100001001000000101,16.046708477404977,9.765625e-05
11010111011111001101,13.79253536631039,9.765625e-05
11101101000110100110,21.167798686270856,9.765625e-05
10111000101010110001,23.044491481797007,9.765625e-05
01000100010100100111,26.390407774626325,9.765625e-05
11010001110101101101,15.313904096488434,9.765625e-05
00000100010010101010,38.17488152758025,9.765625e-05
11101110101110101010,21.848400217708793,9.765625e-05
00101001111100011110,32.913071229492125,9.765625e-05
11100010000000110110,31.292278738642004,9.765625e-05
10000110001011101000,22.914991840833565,9.765625e-05
10101010100011000011,52.85560567022969,9.765625e-05
10111110110100110011,29.14366049746714,9.765625e-05
10011000011101101001,28.42239710474086,9.765625e-05
00000110101101110010,34.809960843461965,9.765625e-05
11110010011110011101,22.735189436015496,9.765625e-05
00001100010110110000,22.777985590331486,9.765625e-05
11001110011111111100,19.83382210720028,9.765625e-05
11011011100110111000,18.956759949323597,9.765625e-05
11011111100110111011,22.99750888731618,9.765625e-05
10111001101010100011,18.315369346131277,9.765625e-05
11100110001100001011,23.816512825412453,9.765625e-05
01000011011111110001,28.15322611541063,9.765625e-05
10100000100110000111,41.678989063968466,9.765625e-05
11010010011010101100,15.075204687048618,9.765625e-05
11001110010110010100,22.606190633102777,0.0001953125
01010001101111100100,39.40161510324438,9.765625e-05
11100010110001001000,25.80616478077465,9.765625e-05
11011111011000010110,26.761148077643703,9.765625e-05
01101111101000000000,25.360680943050433,9.765625e-05
00000010100111001000,39.61317592754107,9.765625e-05
10111000111111000011,28.674790238540503,9.765625e-05
11011100011101101011,9.532054281905774,9.765625e-05
00101011110001100010,29.45176806420506,9.765625e-05
00101111001000001100,24.863678515162277,9.765625e-05
11010110110010110001,11.759156474659546,9.765625e-05
11001111110101000100,17.293833432076532,9.765625e-05
11000001000010101110,20.932240638563904,9.765625e-05
10011110000110110010,20.850757651472662,9.765625e-05
10101101110101001100,22.80053721960026,9.765625e-05
10101111011011001010,29.87669569064292,9.765625e-05
10100110101011100000,25.673484026878377,9.765625e-05
01111110101000110010,20.156164232107148,0.0001953125
10011100010101111011,16.037855170583192,9.765625e-05
11111101110110001110,18.776351029925745,9.765625e-05
11010011100110000110,17.575937262681702,9.765625e-05
10000101111001111101,28.066095579504903,9.765625e-05
10010111100100011100,15.917873125056264,9.765625e-05
10001100011000001010,21.25525122011036,9.765625e-05
11101101001100100011,20.822877642445764,9.765625e-05
10110000110101011101,34.63315434017173,9.765625e-05
10111001011101000100,23.735111261218314,9.765625e-05
11101111100111011100,25.248673504479758,9.765625e-05
01011010000101100100,22.09209214332301,9.765625e-05
01111100001100001110,13.711838772652248,9.765625e-05
10011011010010111010,23.02538337833098,9.765625e-05
11111110001100010001,32.76587273997178,9.765625e-05
00001110110011111001,29.017826167072055,9.765625e-05
10111011000000110011,42.92230149024503,9.765625e-05
10110110100000010000,21.362531297170232,9.765625e-05
01100001110001010110,16.06725779980413,9.765625e-05
10000101011001110001,20.41323114308714,9.765625e-05
10010000000100000001,17.065164051861718,9.765625e-05
11000101111011110100,21.045793095371966,9.765625e-05
01011001001010110000,22.6984062312314,9.765625e-05
10000100000010101001,23.213849029527246,9.765625e-05
10010110010011001001,15.269512235131016,9.765625e-05
01000101110100111101,30.228302738726647,9.765625e-05
11010101011101000011,18.309105917998977,9.765625e-05
01001101011011101111,21.70954183378568,9.765625e-05
10001011101000000101,29.233573420737216,9.765625e-05
11001100010101010011,16.61525113620731,9.765625e-05
01101010111011011001,35.35449124905938,9.765625e-05
11001110111110110100,17.35119521371434,9.765625e-05
11011000100011100010,16.75819029460601,9.765625e-05
10110011000011110010,27.304024387346875,9.765625e-05
11111101111100101111,14.200994668156568,9.765625e-05
10010010101010011000,24.60761311641604,9.765625e-05
01000000100011001100,37.357651226808905,9.765625e-05
00100011100001110010,25.377437130764687,9.765625e-05
11010011000110101100,14.615245705322408,9.765625e-05
01110001010100110100,12.181228430541957,9.765625e-05
00111010111001100011,28.99815425480718,9.765625e-05
01011100001010111011,22.872702689874266,9.765625e-05
10101001111000101000,23.39227685352617,9.765625e-05
00100110100000000001,19.897743777524294,9.765625e-05
01101011111101000011,26.1359293168095,9.765625e-05
01011011100111100011,21.28579619195524,9.765625e-05
11010001000100000101,12.91152975366536,9.765625e-05
10010111010011101100,16.114031027258463,9.765625e-05
10100011110001001001,29.604375698290397,9.765625e-05
11011001011111111101,16.405216795770748,9.765625e-05
00000001001010110001,39.358734630914526,9.765625e-05
00100110101011011011,28.03345367067226,9.765625e-05
00100110110110100110,32.749215274408364,9.765625e-05
00001010001110000001,35.269984651524915,9.765625e-05
11001011110101110100,23.86227302599567,9.765625e-05
10010100011001001010,20.959795634527403,9.765625e-05
10100011001010011010,28.806947229105145,9.765625e-05
00010010000110011001,24.447040604727235,9.765625e-05
11000101111010111100,26.01253933945131,9.765625e-05
10100110111010110101,35.45210276330542,9.765625e-05
00110001101110101010,31.68648591118276,9.765625e-05
00011010011011110010,29.43167703150693,9.765625e-05
00111001011011000000,12.853363490268453,9.765625e-05
01001111111100000001,16.614316164120517,9.765625e-05
00001000100110100010,37.196912761673616,9.765625e-05
11100001001000110001,18.614316164120513,9.765625e-05
10101011001111111110,42.101821484461595,9.765625e-05
01100110110100001001,17.972958150609866,9.765625e-05
11001110111111011011,21.360221140695906,9.765625e-05
11001111010111000100,18.17250814454988,9.765625e-05
10001101001111010100,15.899651171257977,9.765625e-05
00001000111111011110,66.6154446627307,9.765625e-05
10000100011000110001,26.11099869937107,9.765625e-05
10000110001000110010,26.15737518769823,9.765625e-05
00010001010001111010,31.384307797058028,9.765625e-05
11011110000010110011,21.110123574887712,9.765625e-05
11001111010011011001,17.4023558906741,9.765625e-05
10101001101010110000,23.899651171257972,9.765625e-05
10011111000000110000,30.073115515557177,9.765625e-05
01100100101100010101,16.737491805766965,9.765625e-05
01000010011100011011,35.80428872586039,9.765625e-05
00111011000000010001,31.77084599283566,9.765625e-05
10000110011110011011,33.572172462526424,9.765625e-05
10100000001111111000,46.68887967333917,9.765625e-05
10000010001101010111,57.01310150474397,9.765625e-05
00001110010011110100,28.297591179930013,9.765625e-05
00100010001011011000,38.125561605830526,9.765625e-05
00101101011000110111,18.07682267253019,9.765625e-05
11110100110001110101,7.673484026878381,9.765625e-05
01000111000110001100,16.144810958160907,9.765625e-05
01110100111011101110,30.600533741186442,9.765625e-05
10001001111011000111,32.34370118528597,9.765625e-05
10001010110001011110,56.022865938446714,9.765625e-05
10100111101000001010,21.76692659535559,9.765625e-05
00110010000110000100,22.569330096705947,9.765625e-05
00000001010101100000,30.712975292157005,9.765625e-05
01110101011111010001,14.46519364045131,9.765625e-05
11111010101100111101,28.844154947789026,9.765625e-05
01100100110011100011,25.24374210881689,9.765625e-05
00000010010000001010,33.91057876682106,9.765625e-05
00101100011101000111,28.506339943185303,9.765625e-05
11000111110011100101,13.310660611433496,9.765625e-05
00001011010111110000,30.755373026011604,9.765625e-05
11110000101101011011,18.11395305960134,9.765625e-05
01011100000100100001,11.350254000034194,9.765625e-05
11111011111010010010,23.389090320548263,9.765625e-05
01001101101100110010,22.224826416102168,9.765625e-05
00010100000100101001,20.910636540856007,9.765625e-05
11110010011001100000,20.96136906358179,9.765625e-05
11100110101000010000,17.440815284288707,9.765625e-05
10000001110011111100,36.04753340859416,9.765625e-05
01010001111111011010,42.60149367964663,9.765625e-05
10100000101000001010,28.00209374794241,9.765625e-05
00110011000000010000,18.125790715529018,9.765625e-05
11101110110101011110,34.15839538688401,9.765625e-05
11000000000101110011,30.852914283036,9.765625e-05
10010110001000001111,23.394772847768042,0.0001953125
00001111100100101110,19.896840878677985,9.765625e-05
10001010011011111100,52.38629586847138,9.765625e-05
00000101001101010100,21.223578076398567,9.765625e-05
01110101100010001001,36.815218187851904,9.765625e-05
01000111111010001010,29.324949950143957,9.765625e-05
10011110010001100001,23.962228658021143,9.765625e-05
11011001001110101100,17.184097231577958,9.765625e-05
00110010001100000011,21.066352190935277,9.765625e-05
10001110000000000100,33.27442687077549,9.765625e-05
10110000001000011010,21.51609813529469,9.765625e-05
00100111000111010111,20.046154659750158,9.765625e-05
10010000101011001000,30.74584626097932,9.765625e-05
11100111101000000001,24.466351262663373,9.765625e-05
10111110000000011111,42.05906228419582,9.765625e-05
10100010000101100000,48.08971344942061,9.765625e-05
00101001101100100111,26.090242730764334,9.765625e-05
10110100011110110111,22.132213328233465,9.765625e-05
11100011111011001111,21.011419726556348,9.765625e-05
01000010001110010100,26.223520302363617,9.765625e-05
00110101101111111111,31.149226127378093,9.765625e-05
00011111111101001001,12.887265596333721,9.765625e-05
11101111100110001000,31.280346648191554,9.765625e-05
00010010100110001110,30.35435530022725,9.765625e-05
01111101001010011000,29.670471245319305,9.765625e-05
01010000000111100100,27.27459376578311,9.765625e-05
00010100010110111001,27.51799304584167,9.765625e-05
11111100000100010000,19.75577777519355,9.765625e-05
11000001000100111100,15.255251220110361,9.765625e-05
11110000011000100001,10.075210928641965,9.765625e-05
01110010011100101000,15.803353753773596,9.765625e-05
00111010010101100100,42.461124010014984,9.765625e-05
01001001110010100010,20.89024089585671,9.765625e-05
00000001110011111010,52.16852493858158,9.765625e-05
11000010110011110000,25.157379649990343,9.765625e-05
00111100000101011010,14.554082795136784,9.765625e-05
00110110101111011011,18.412214584235564,9.765625e-05
10111111101010001100,31.257491424470132,9.765625e-05
01110001000000100110,19.546600107091376,9.765625e-05
00000000000000101000,34.48855906696149,9.765625e-05
10010100010100001010,14.833164060178895,9.765625e-05
01101011000111100100,26.112238447173606,9.765625e-05
10110111110010110011,21.73142054412274,9.765625e-05
11000011100111101010,19.57682620949918,9.765625e-05
00101100000101011110,28.203201890600383,9.765625e-05
10100011000110101000,28.517049122138985,9.765625e-05
00100001010100001110,28.700088770418645,9.765625e-05
11111001111010001110,14.069163217936334,9.765625e-05
01010101111000111001,42.86869810375457,9.765625e-05
10100011110000001010,24.7659666568954,9.765625e-05
10101000010011110110,54.38628618243442,9.765625e-05
11101110110000111011,27.665749303853573,9.765625e-05
11110101100001111110,21.995927230227153,9.765625e-05
11011101010100100000,16.218550581070552,9.765625e-05
00110101001000110001,21.124851488290165,9.765625e-05
11111000101001001100,18.010284763430576,9.765625e-05
11000000011000000100,18.181238116578914,9.765625e-05
00001000110111110111,66.58471273269905,9.765625e-05
11111100001001100011,16.124504306003118,9.765625e-05
11101111010011111110,26.746003742581053,9.765625e-05
10111110000100110001,38.10169614159136,9.765625e-05
11101000000111011010,34.295667858566034,9.765625e-05
01000100001000001000,24.29473904094538,9.765625e-05
10110101001000011000,22.030478126590836,9.765625e-05
01100010000010111110,27.553545628693517,9.765625e-05
10101111010100100101,45.06936495085818,9.765625e-05
10100111000010100010,28.02096061828152,9.765625e-05
10101010011011111000,58.8912043658877,9.765625e-05
11101110011111011001,34.06651376427449,9.765625e-05
10011110111010001110,22.45115530803193,9.765625e-05
01011100100010111001,23.012256172792554,9.765625e-05
10010010100010010110,28.76404531113289,9.765625e-05
01001101100011100110,21.435902499290478,9.765625e-05
01101001011101101000,21.229796213682622,9.765625e-05
10110001000000110000,18.248075941515857,0.0001953125
11010011000011010001,18.121900033973027,9.765625e-05
10110011000000011000,26.323381707006376,9.765625e-05
01001100111111000011,23.32604304028653,9.765625e-05
10111001000100001010,24.546612590278073,9.765625e-05
01001000011111110110,37.98180116782631,9.765625e-05
10100000010101001111,56.26664063694527,9.765625e-05
01100111010001110100,15.508331546169451,0.0001953125
11000010101011001000,22.229738439647676,9.765625e-05
11111000010001100010,18.591035583314852,9.765625e-05
00101001110011100000,24.311566220302346,9.765625e-05
10101100000110101000,25.44873030543277,9.765625e-05
01010000001010110000,29.785537490718372,9.765625e-05
00111110000100000011,22.35284065225995,0.0001953125
00101110001110101001,26.279372757702532,9.765625e-05
10101010100100000000,54.124592890418505,9.765625e-05
00001000000100100011,35.31199680113143,9.765625e-05
10110100111101100001,12.007386817156508,9.765625e-05
10011101101110001111,21.66284312954486,9.765625e-05
00010100111011111011,49.988218349645855,9.765625e-05
11011110010100000111,22.222996539031996,9.765625e-05
01101011010001011001,33.457820982463694,9.765625e-05
01011101000000001111,30.242504178774936,9.765625e-05
01111100100001000110,14.615245705322412,9.765625e-05
00101010101110011110,45.417162838250036,9.765625e-05
00001101001010010001,16.66479831700927,9.765625e-05
01111110100101011011,18.586336839761103,9.765625e-05
11110100101001111001,13.498891183968993,9.765625e-05
10100100010110110000,28.209134064075936,9.765625e-05
11000010100100010010,23.58510061268955,9.765625e-05
11111100101100100111,10.42805773536806,9.765625e-05
01101001000110101000,22.737530931309248,9.765625e-05
00010101100000001111,36.093416954809946,9.765625e-05
10011110101100001111,21.997786535962845,9.765625e-05
10100100011011111000,30.44930215676239,9.765625e-05
10001100111110111000,27.017563106908277,9.765625e-05
00101011000100100000,33.252806845437284,0.0001953125
00100000101001000001,34.82802122392105,9.765625e-05
00110011001100100011,18.78195495303435,9.765625e-05
10000010101001111100,43.49918403666471,9.765625e-05
00010110101010001101,26.91267251476347,9.765625e-05
00111101101100100010,14.62187776138417,9.765625e-05
11010011100001011110,16.82210852048642,9.765625e-05
11110111001001111111,26.458738438065197,9.765625e-05
00000110100010110100,28.55934370398319,9.765625e-05
01000010111111011100,42.783153414598914,0.0001953125
01000100110011110101,33.70989870210969,9.765625e-05
00011111001100000000,16.919793736397708,9.765625e-05
10010100000100111100,17.255251220110363,9.765625e-05
11111011001000000100,39.3444717274196,9.765625e-05
10010010000010001000,18.116302265330567,9.765625e-05
00101111100001010110,21.888053132614008,9.765625e-05
10010110110101010000,16.202241217719124,9.765625e-05
10011110011000010111,28.473821467522086,9.765625e-05
01110101100010010111,28.591854360037892,9.765625e-05
10101000000110100110,42.44967431626265,9.765625e-05
10011001010001100000,14.899405926789118,9.765625e-05
01011010111000001000,15.988710018100805,9.765625e-05
00101010110011010000,49.60107443920052,9.765625e-05
00111101101101100010,11.491054337622117,9.765625e-05
01001010110110010100,29.529945329914305,9.765625e-05
11010011001100000101,17.073351622906277,9.765625e-05
11100011100110101000,19.2106240945883,9.765625e-05
00011101011000001011,19.472245328445155,9.765625e-05
11110011010100101001,19.728736943651917,9.765625e-05
00100001101011000110,28.033512168288453,9.765625e-05
10111111111101111010,21.23044113022344,9.765625e-05
00000001110111111101,59.71065617322697,9.765625e-05
01110001110001010110,12.050895973289794,9.765625e-05
11011001111010111001,18.51895027427932,9.765625e-05
00100111000100011001,19.662589031836788,9.765625e-05
10110100001000000010,15.711838772652246,9.765625e-05
01010000100010110110,36.77291123199405,9.765625e-05
01100010001110010000,24.058193775968604,9.765625e-05
00100010101100011001,42.16581126215138,9.765625e-05
11011111010101011111,19.878603084376596,9.765625e-05
01110101010100010101,10.83286496588983,9.765625e-05
00110000001100000101,20.229738439647676,9.765625e-05
00111110110011010010,19.19142907184926,9.765625e-05
10100001111001100110,26.14061557717655,0.0001953125
00110011101000001011,18.097604450694767,9.765625e-05
01001101110110011100,18.17838525401303,9.765625e-05
11001011110101111111,27.892635811656675,9.765625e-05
10001001101010101100,23.76732875452785,9.765625e-05
10010101000010100101,23.780526951708985,9.765625e-05
01001101010111010100,9.3405383779107,9.765625e-05
10001011101000011011,31.157096483331586,9.765625e-05
10010111111011110000,20.155166185953178,9.765625e-05
01100001011001011000,18.340480603875754,9.765625e-05
01111100100100100001,11.69931463724999,9.765625e-05
11010001101110101101,29.601074439200517,9.765625e-05
00000000011011100111,65.57675242070673,9.765625e-05
10100001011101000010,28.130328103723436,9.765625e-05
01001101010000011011,17.264048015757247,9.765625e-05
01011110011010110010,13.200052643767979,9.765625e-05
10000010111110111100,53.94698375601541,9.765625e-05
11101001110010010011,21.736207148510633,9.765625e-05
00110111101010011000,22.664274368173768,9.765625e-05
10110011011111101111,26.290121219629732,9.765625e-05
00110111111110011011,16.683182077865382,9.765625e-05
11001010101110111101,31.119157114337742,9.765625e-05
01011010101001011111,26.845873091787563,9.765625e-05
00011100010100100101,12.880735576466826,9.765625e-05
11101011011111010101,42.37371498772251,9.765625e-05
11001101101111011001,15.799302342515952,9.765625e-05
01110010000110011000,16.510984455114723,9.765625e-05
11110110011100011111,16.64654876310243,9.765625e-05
11110001101100100110,15.05989065982861,9.765625e-05
00011011001000010111,22.450872141373168,9.765625e-05
01111011100010110010,23.878603084376586,9.765625e-05
00100111010100100010,21.299444331199552,9.765625e-05
01101010000100110110,37.27693806906642,9.765625e-05
01111011100110010010,21.416639074918407,9.765625e-05
11001001011011011011,22.421331784018868,9.765625e-05
01111110111011010101,14.069152797478313,9.765625e-05
10000001000001101100,20.51730564644216,9.765625e-05
01001110100010110010,16.025591091054913,9.765625e-05
01010111101110011000,31.97262271708844,9.765625e-05
11111110100111110011,22.57976109973197,9.765625e-05
10100110110001011100,34.380669776139115,9.765625e-05
00010000110101110011,47.397759928532665,9.765625e-05
11000111110001000010,14.66196313434327,9.765625e-05
00100111100000011000,17.493803117456288,9.765625e-05
11110100101010111110,22.652394006465155,9.765625e-05
10000110110101000011,30.881398085780326,9.765625e-05
10100100101000011011,22.46618337144343,9.765625e-05
10111100010100011001,22.112634364752523,9.765625e-05
10101111101111011110,25.6169756089264,9.765625e-05
11001110011111000001,22.55503649200362,9.765625e-05
01111000001100111100,17.770151530294534,9.765625e-05
01111011110100000000,20.546612590278066,9.765625e-05
00100010001000111100,40.06426812902983,9.765625e-05
00011000101100000101,26.16044999844431,9.765625e-05
01000111010000001110,17.046708477404977,9.765625e-05
01010001001100000101,22.400088820626852,9.765625e-05
11011001000001100100,15.626711337544869,9.765625e-05
00101110001001000111,31.266823732214267,9.765625e-05
01111010111110010110,18.330963095566435,9.765625e-05
10010111111111110001,17.258243906014282,9.765625e-05
11111110100001001000,34.07351047538313,9.765625e-05
00001100111001111100,36.05111875426774,9.765625e-05
11011101001100000000,24.67394030850192,9.765625e-05
11001011011101111111,29.101480456640683,9.765625e-05
11001011011101001101,27.78973746978989,0.0001953125
01001111000000110001,19.640659186644424,9.765625e-05
11101101100010000100,21.909436005722952,9.765625e-05
00100100000001010000,17.52775123795106,9.765625e-05
00001010100011000010,33.34136684067069,9.765625e-05
01100001001110111100,27.71925120347601,9.765625e-05
10011111010001100101,23.06814310587776,9.765625e-05
01010010100111011010,26.632819641071375,9.765625e-05
10000100001111111001,33.140163659921555,9.765625e-05
11111010001100101011,30.694290880632845,9.765625e-05
00100101011100011001,22.24204958932543,9.765625e-05
01001100000001101111,19.72026965039221,9.765625e-05
10001101011001001011,18.232596820225655,9.765625e-05
11100000001100100010,20.82563806772653,9.765625e-05
11111011100100101110,28.24119632360663,9.765625e-05
01010111100110101011,37.2027768277834,9.765625e-05
11100110011011011101,24.55867598176467,9.765625e-05
00100101010010010111,22.921093706466483,9.765625e-05
01100111100111101000,20.720757172458498,9.765625e-05
00000110000101110000,23.26623931057075,9.765625e-05
00000001011101100100,38.2968203057011,9.765625e-05
10011110000111111111,23.561533627921584,9.765625e-05
11000010000110011100,22.891467866205293,9.765625e-05
11001001111101010001,22.49534833199392,9.765625e-05
11010001100110001100,19.71836225665853,9.765625e-05
00011101010111111111,18.679008006728388,9.765625e-05
00111111110001100111,19.09198938354689,9.765625e-05
01001010001001110101,31.02343956907756,9.765625e-05
01000001111111011101,46.80786897274436,9.765625e-05
00011101100100100000,18.606190633102774,9.765625e-05
01010100110111000100,23.229738439647676,9.765625e-05
11100011000110001001,26.42703731285038,9.765625e-05
00111101110001000001,11.063843800633911,9.765625e-05
10100000011011110100,51.2460843385317,9.765625e-05
00111001011100001000,15.092465967965651,9.765625e-05
01111110010001010001,23.4168006374178,9.765625e-05
11111110101110101110,21.417933712478955,9.765625e-05
01000010011111100111,45.17694613028459,9.765625e-05
10011110000000010101,30.696504344670004,9.765625e-05
10101011100010010011,41.03600563801166,9.765625e-05
11101011111011010010,26.612308720633262,9.765625e-05
10101111010011001000,36.63536610123849,9.765625e-05
00101001100011010011,26.648259931086553,9.765625e-05
10010010100110100100,24.340480603875754,9.765625e-05
00010000110011100011,44.9143711995609,9.765625e-05
10001100001010001000,18.298198418091047,9.765625e-05
10010110011100001110,21.803353753773596,9.765625e-05
00100000110010100111,49.25342930928357,9.765625e-05
10100011000000011011,34.534008511617216,9.765625e-05
10000100011000010010,26.01566122034688,9.765625e-05
00111110011000001110,22.849166308346675,9.765625e-05
00000001111011110000,49.060160608879606,0.0001953125
10101001111001100010,23.343897411035528,9.765625e-05
11011000100101010011,19.276491473479833,9.765625e-05
11110001100110011100,15.210286598338204,9.765625e-05
00111101111011010010,12.135929316809497,9.765625e-05
01011101011101000011,14.447396836597203,9.765625e-05
01010000110001001101,27.709665940827527,9.765625e-05
11011111001001011011,29.062786500806503,9.765625e-05
00111001111100110011,18.13693799056155,9.765625e-05
10111100010000001001,21.663264747918234,9.765625e-05
01111111001000101010,37.994193158598314,9.765625e-05
00101001100010111111,32.31058961979079,9.765625e-05
01101001010011100010,16.69134558078185,9.765625e-05
10100011010001010110,40.32887632363844,9.765625e-05
10100101001111010011,21.41345860927945,9.765625e-05
01100011010001110100,19.151418124136658,9.765625e-05
00110000010010000011,20.188168444971822,9.765625e-05
01011111010010011101,17.02072346605226,9.765625e-05
00010111011011101100,22.735189436015496,9.765625e-05
01001100010101001111,20.80238683929899,9.765625e-05
00101111101110110100,19.685749885707885,9.765625e-05
10100000100000011000,28.92408846519058,9.765625e-05
11100001100100010110,14.075210928641965,9.765625e-05
10010001001001101001,21.80067131778614,9.765625e-05
10111101001101001111,17.96821067176427,9.765625e-05
01001100000000110100,11.382167740418861,9.765625e-05
11000000110110110101,35.47162279910786,9.765625e-05
01110100010111110011,14.40495673989677,9.765625e-05
11001111000100100111,24.509936106903204,9.765625e-05
10111001000000110000,26.567611218286345,0.0001953125
10100001110000000101,23.38528439756959,9.765625e-05
11111001100101001001,21.61732976722786,9.765625e-05
11000011101111011010,22.806632109218757,9.765625e-05
10001101100111110110,16.76009768833969,9.765625e-05
01101110000010010101,25.679240353730428,9.765625e-05
11110011010110010100,19.374698564248476,9.765625e-05
01100111101000010011,20.511654250901742,9.765625e-05
00101101101110101010,20.76594646327322,9.765625e-05
01001111110011010100,9.99778653596284,9.765625e-05
11001100010011110101,13.925337088321628,9.765625e-05
10100100110001011011,27.13504028286482,9.765625e-05
11001011110111000110,22.13690591732106,9.765625e-05
01010100011111000011,25.15222712769554,9.765625e-05
10011011100111111000,21.49004213229926,9.765625e-05
00100010000111001010,40.076826018597124,9.765625e-05
00011101011100011010,17.455953672025263,9.765625e-05
11110100110001000110,9.64369038252445,9.765625e-05
10100010011110111000,51.398219741727004,9.765625e-05
00011101001010110011,23.410838300855666,9.765625e-05
10011110010010110101,24.47382146752208,9.765625e-05
10110000010111010000,30.817374084994178,9.765625e-05
11100010111111101100,34.85556029225424,9.765625e-05
11001111110110101100,13.583899343135426,9.765625e-05
10010101010110100001,16.141081839104302,9.765625e-05
10110101000101101111,16.457665661557655,9.765625e-05
10101101010001100000,23.057066208079732,9.765625e-05
01011111000010010011,26.922301490245033,9.765625e-05
11111000100000011011,18.241141259594222,9.765625e-05
10000111000000000000,17.85425408059212,9.765625e-05
11100001010100000101,18.80053721960026,9.765625e-05
00011011111101111001,26.180064566736544,9.765625e-05
10010001010001100001,15.187821262684766,9.765625e-05
00110001111111111010,35.8685392729139,9.765625e-05
10100100010101010110,34.44277940717717,9.765625e-05
01011100101010100101,24.466673478577036,9.765625e-05
11000101011100111101,17.50015991359502,9.765625e-05
00001101110001100011,19.169571807154597,9.765625e-05
00111111101010010011,19.400328046424605,9.765625e-05
00001111100111010101,15.979548654534248,9.765625e-05
00001110010111000001,26.39194309598694,9.765625e-05
11111010111001011111,31.537588758501183,9.765625e-05
11000100111011101100,27.917189377240422,9.765625e-05
11011100111100011101,8.82563806772653,9.765625e-05
11110111011000001001,26.970299821619513,9.765625e-05
00000000001011010001,48.79860339065105,9.765625e-05
11110011110100011100,13.108471660577038,9.765625e-05
01011001101000101000,30.5491732474421,9.765625e-05
01011110001010110110,18.59518235986003,9.765625e-05
00000101000101000010,18.471294341600853,9.765625e-05
11110101000001101011,27.295725719728182,9.765625e-05
10110010110010001011,24.586005399600477,9.765625e-05
00100011010100000110,28.1849319359313,9.765625e-05
00110001011100010011,18.177023363520647,9.765625e-05
11010001000001000010,18.404508870653775,9.765625e-05
01100001101011001001,28.815024672124892,9.765625e-05
00000111000111001011,17.9668415109902,9.765625e-05
00010111111111011100,22.16157338746851,9.765625e-05
11111101111111101110,14.023389065324292,9.765625e-05
00011100011001010110,18.2097246401856,9.765625e-05
00000001100010001001,36.90235215736142,9.765625e-05
00011101100011000100,19.84820636988649,9.765625e-05
01110011110100010101,11.80107627410814,9.765625e-05
01101111101110010011,18.33035763670663,9.765625e-05
00101110000100000110,34.02138223665489,9.765625e-05
10010000100011101001,29.678989063968466,9.765625e-05
11110011111011011101,14.74058099860418,9.765625e-05
10111001110111110111,26.020333000994434,9.765625e-05
11101100100000011110,16.385660001513465,9.765625e-05
11011010010001100000,23.85251462674622,9.765625e-05
00001110011011110010,25.261196094752492,9.765625e-05
11010010111001001001,16.413719388734677,9.765625e-05
10010011001110000101,19.624511287415714,9.765625e-05
00010011010000111000,18.181228430541957,9.765625e-05
11000111100010011110,17.667431843040816,9.765625e-05
00011011010101000111,22.543057467198725,9.765625e-05
10100010110011011100,52.282964159465585,9.765625e-05
01001000011011001011,32.75148651248047,9.765625e-05
00110010110011010011,29.75961466598389,9.765625e-05
11000001111111101000,29.75470873739687,9.765625e-05
11001110010111101000,18.54095214515474,9.765625e-05
01100101001111010100,15.45177775024202,9.765625e-05
00000011011001000101,26.928866537185062,9.765625e-05
11011011110101111010,18.51764866070436,9.765625e-05
10001101111111111001,22.388168609794707,9.765625e-05
01011100100001010101,14.225431227668109,9.765625e-05
01001000101010010011,29.45024961203588,0.0001953125
00111100000111010111,15.113047450732495,9.765625e-05
00011110000010001001,14.905317857974651,9.765625e-05
10001001010111000000,27.71644091089602,9.765625e-05
00010110011101010101,21.048471177830695,9.765625e-05
11010010101100101000,16.188156870870245,9.765625e-05
11111111000100001001,47.920893889681906,9.765625e-05
01001110100110010101,16.03979868556935,9.765625e-05
00101011000000111100,35.202318450955175,9.765625e-05
00111111110111000001,14.193275981525453,9.765625e-05
01000000001010100001,35.22923498995109,9.765625e-05
00001100111011000111,33.8603080653671,9.765625e-05
11011100010101100110,9.737150865073257,9.765625e-05
00111100010001001111,18.005138482729123,9.765625e-05
11010000011110111101,25.044774648455768,0.0001953125
10001010011101000111,65.69787801640402,9.765625e-05
01010001111001000000,25.424821040823662,9.765625e-05
11010010100010100001,16.128536258059647,9.765625e-05
00001100101110101100,32.714334679766914,9.765625e-05
00110001111010101011,31.916224350830436,9.765625e-05
00100000010101100100,48.97043653186092,9.765625e-05
00110100111111010000,19.113962745638297,9.765625e-05
01100000011111010110,37.76115778531684,9.765625e-05
10000011011101100100,30.998591800810857,9.765625e-05
11011000100001100010,15.197201239204414,9.765625e-05
01011000101100100010,21.21765904424339,9.765625e-05
11101011011010000110,29.707116918313726,9.765625e-05
10000110000111011110,30.432940330248055,9.765625e-05
00011100110010001100,21.656592831893118,9.765625e-05
11111111011000011011,35.04934499692996,9.765625e-05
01011110111011011111,17.0690818058356,9.765625e-05
00000010010001110010,46.42456369497223,9.765625e-05
01111011010011000101,22.3581689336414,9.765625e-05
11001010110110101100,27.42207747389451,9.765625e-05
00010111001010110000,26.66764149353819,9.765625e-05
11111111110111000011,26.603822876847907,9.765625e-05
01010110011100111101,16.74128867916273,9.765625e-05
00100100101010111010,36.682993650088164,9.765625e-05
11011101110011010011,16.214426485996164,9.765625e-05
01001111110110000100,12.737530931309246,9.765625e-05
01001101111010000110,21.441818734295914,0.0001953125
01011111110011000001,17.87669569064291,9.765625e-05
10101100011000101011,25.455953672025263,9.765625e-05
11000000101110101010,36.681643089138916,9.765625e-05
01001011101100111010,23.93006175064971,9.765625e-05
01000010100110101101,34.60383590936144,9.765625e-05
10100101101000101100,20.185346578290257,9.765625e-05
10001111001101100011,21.829378222807332,9.765625e-05
11110110010101100001,19.664763740886304,9.765625e-05
11100001001100001101,18.95889971169551,9.765625e-05
01101001000101011000,23.47039217717561,9.765625e-05
00011100100101110110,20.411079621109785,9.765625e-05
10000110110111001111,36.270337166320196,9.765625e-05
10110000001000111010,22.914991840833565,9.765625e-05
01001000111111001101,44.53698839838755,9.765625e-05
00010011001001000010,18.84779443755007,9.765625e-05
00111000010001010011,28.020523708731893,0.0001953125
11001000101101111111,35.40729617246185,9.765625e-05
00001010010000010011,45.158398096906545,9.765625e-05
01011010101100110010,21.37567361963052,9.765625e-05
11110111110000001100,22.878724269313473,9.765625e-05
00001110110011010001,26.284062756780447,9.765625e-05
11001001010001100000,12.532330265410057,9.765625e-05
11110011011101010101,20.98820501202523,9.765625e-05
10000111111010001100,20.183980949087,9.765625e-05
01000110100011110001,21.53867113391848,9.765625e-05
01010000101001101001,39.79891851053743,9.765625e-05
01100000111001000000,22.54680436453188,9.765625e-05
11100000001100101000,20.696138426763085,9.765625e-05
10001000100111111111,54.611378047424,9.765625e-05
01110001001101101001,22.931173467195663,9.765625e-05
00011110011001101011,17.87820428252074,9.765625e-05
00001001111011010111,40.23995866016895,9.765625e-05
10111100101000100101,15.724046857446805,9.765625e-05
01111010000001001110,29.602654844269317,9.765625e-05
10100101001010101010,25.719241517439055,9.765625e-05
00110011010001110101,23.130150613593738,9.765625e-05
10101001011100010111,41.840371499141085,9.765625e-05
11001001100110000100,14.787406569618218,9.765625e-05
10111010111100110110,42.43868894666462,9.765625e-05
00001101111011001110,26.994841236111846,9.765625e-05
00111111111010010111,16.416558397238738,9.765625e-05
10001001111011100011,30.36386958207284,9.765625e-05
10010111011010100111,24.31536934613128,9.765625e-05
10111111011011001010,28.212516382239947,0.0001953125
01010010110010011111,24.388511220573154,9.765625e-05
01100001100111011110,27.065791826580035,9.765625e-05
00001010111100000100,45.164632161820904,9.765625e-05
10011001111001000001,17.187821262684764,9.765625e-05
11011010111111101100,20.855280570039092,9.765625e-05
00101101110111001011,20.29793400868834,9.765625e-05
11000000001000111100,22.24897530879136,9.765625e-05
11010101001001101000,31.795341060803217,9.765625e-05
10001000011001010001,47.157620246663214,9.765625e-05
11001110000010000100,22.596799082481553,9.765625e-05
10110011100110101110,20.19603818610745,9.765625e-05
11000111111011011111,17.852379913742475,9.765625e-05
01110111010001110001,18.99120808591117,9.765625e-05
01101111010001010100,24.058111297351523,9.765625e-05
01001100111011100101,23.80428872586039,9.765625e-05
11101100010101100011,22.18470301173668,9.765625e-05
10000010100011001110,38.86490031043386,9.765625e-05
10100011100000111010,26.165820300894463,9.765625e-05
01001000001011101100,28.415146236416483,9.765625e-05
01011101011000100001,21.972428145684887,9.765625e-05
11011010100000001011,22.90531785797465,9.765625e-05
11110101001101100010,22.665782187802513,9.765625e-05
01100001111001111000,25.80238683929899,9.765625e-05
10000000111011111001,60.280568716384614,9.765625e-05
01010101001000101010,53.16823446381312,9.765625e-05
00011110010011001001,14.355464405127336,9.765625e-05
11000010101110111100,28.355223721327263,9.765625e-05
00011000100000110011,26.411079621109785,9.765625e-05
01100000100110001010,28.846938412509555,9.765625e-05
11110011001000000000,26.07351047538313,9.765625e-05
10010001101110111000,32.11162215942967,9.765625e-05
11001000011101011100,33.38222373515258,9.765625e-05
01111001101111101100,20.735189436015496,9.765625e-05
01010101001000010001,33.27604838782788,9.765625e-05
01101111100110000110,20.600080969497526,9.765625e-05
01110111001110100100,26.70399848186176,9.765625e-05
10001110010000000000,32.36504592906495,9.765625e-05
11000010010100010000,25.339341287221252,9.765625e-05
01001001000001011100,16.57570906206833,9.765625e-05
00110100011101010000,12.247998708279798,0.00029296875
00000101001100010000,21.315131165213693,9.765625e-05
11010001011010100100,17.91690070340938,9.765625e-05
11001111110101001011,18.867020886235736,9.765625e-05
01100111111011010100,12.60815217092392,0.0001953125
11101110010001101010,34.874026559800086,9.765625e-05
11110111110001011101,15.835598846782027,9.765625e-05
00010010010010010100,25.183980949086997,9.765625e-05
00010010101000101101,33.27459376578311,9.765625e-05
00011100000111100011,13.093043337307371,9.765625e-05
11110111001010011110,31.74965915997241,9.765625e-05
11010101010001000001,15.300986628574584,9.765625e-05
01100001000111110100,22.374636524221657,9.765625e-05
00010010000110001001,20.49185064001442,9.765625e-05
10000011110000100110,24.766027140952886,9.765625e-05
11010111000101001101,17.03635979631313,9.765625e-05
00111111111101001001,14.100810013559805,9.765625e-05
00110010110001100011,27.391311827116187,9.765625e-05
01111001101110001110,19.111149743035767,9.765625e-05
00001110011001011001,27.870175563953033,9.765625e-05
00111011001100001011,22.46716379779306,9.765625e-05
11100011010001101101,24.913623501607766,9.765625e-05
11101110011111001101,35.9711247528087,9.765625e-05
11010001110000001111,16.811724147456076,9.765625e-05
00011000001111101001,30.455751204682358,9.765625e-05
10011001110111100011,20.068975220221418,9.765625e-05
10001010011101011001,63.79302809633933,9.765625e-05
00101000101011011000,38.850000925572814,9.765625e-05
00101000010101101000,48.098433735412684,9.765625e-05
00011101100010000111,23.971124752808695,9.765625e-05
00110010100001001010,21.704341016352824,9.765625e-05
00000011010111001110,31.27968342609317,9.765625e-05
01110001110011100010,21.472591601647082,9.765625e-05
10110111100100010111,21.361204069928014,9.765625e-05
10010110001101001011,18.643673720473085,9.765625e-05
11001011011101001110,24.536776223371497,9.765625e-05
00110110100000100111,20.887028444104462,9.765625e-05
01011010101100101101,23.05513935514494,9.765625e-05
11000011011000001010,15.757596263212921,9.765625e-05
10011110110000100010,20.840415848428208,9.765625e-05
01011010110011000100,17.699741588131587,9.765625e-05
10100011100010101101,26.95938099216844,0.0001953125
01101110100010000010,20.1766956404347,9.765625e-05
01000000111110111011,63.6154837119856,9.765625e-05
00101001011010011110,28.585617487133966,9.765625e-05
00101001001100001010,22.18122843054196,9.765625e-05
00000001010100011010,36.65754028716661,9.765625e-05
11001000111111010010,32.64406963805199,9.765625e-05
10111100001100000101,19.29383343207654,9.765625e-05
01010101001010000011,46.47981316730216,9.765625e-05
11111001011101111100,16.85939527334378,0.0001953125
00010001011101000001,22.53245560828029,9.765625e-05
00101101101111110110,16.86789110827317,9.765625e-05
01101100101010010001,12.891736150113914,9.765625e-05
10111111100101001001,29.648797919078092,9.765625e-05
10110001111010101000,19.287730657358495,9.765625e-05
00010011111001101110,29.993433771343767,9.765625e-05
01110000011001000110,14.189196577924978,9.765625e-05
01110000111110011111,28.657487111218824,9.765625e-05
01110010101110101111,25.150144953854703,9.765625e-05
00111010101110000000,21.228832830778828,9.765625e-05
00010111010100110000,14.614316164120511,9.765625e-05
11110101110010100100,21.411125722666483,9.765625e-05
11000011010011001111,18.234876922376795,9.765625e-05
01101010011111000110,36.62199592109994,9.765625e-05
10101110110101000111,52.015025647656216,0.0001953125
01100101011111010111,18.475452692247607,9.765625e-05
01101000001100000011,22.42834714362017,9.765625e-05
01000101110101010000,18.341803663093117,9.765625e-05
01001011100010000101,17.39477284776804,9.765625e-05
00101111101110010011,18.41157266118817,9.765625e-05
10111110101000010100,33.75862095172247,9.765625e-05
11100001111101110101,22.449221479082723,9.765625e-05
10010100110011111010,28.393734941650727,9.765625e-05
00000110110110111000,33.188044043662714,9.765625e-05
00101000011001110100,46.84159493791886,9.765625e-05
01000011001100100101,21.72026965039221,9.765625e-05
00001010100010110011,38.787977697366586,9.765625e-05
00000101101110101001,45.980866195739516,9.765625e-05
10110100010001100101,17.34789656627033,9.765625e-05
01110000001110000110,17.454803749408864,9.765625e-05
00111110000110000110,22.482873829719175,9.765625e-05
00001011000011100110,21.101493674248445,9.765625e-05
01110101111110101011,35.0690818058356,9.765625e-05
10001000010110000100,43.16182186924092,9.765625e-05
10010101010111101110,22.245669696172747,9.765625e-05
11100011110111000010,21.707479119145955,9.765625e-05
01111101110011010111,12.839236867700944,9.765625e-05
11111100001000011010,18.567611218286345,9.765625e-05
01001101111111001100,21.06862342900738,9.765625e-05
00100011000000010000,22.204168805074982,9.765625e-05
10111010001000010000,44.712863461161795,9.765625e-05
00110100101101011101,20.790684925063385,9.765625e-05
10000010100011101100,36.74398966526617,9.765625e-05
00101010110011111010,49.971290913395244,9.765625e-05
10100010011101000100,59.09246596796565,9.765625e-05
01110001001011000110,20.076572938737556,9.765625e-05
00011100110101100011,16.1027242961807,9.765625e-05
00000010001001000010,34.582874654625876,9.765625e-05
00001111110110000000,14.740341223889233,9.765625e-05
00110110100011010011,16.60611184348773,9.765625e-05
00110111001000011011,21.167384043911895,9.765625e-05
10010101010000110101,16.497288402536473,9.765625e-05
10011110000111000011,22.269624338757303,9.765625e-05
01110010011110000000,12.276446917052649,9.765625e-05
00110011000000110010,21.22106624165359,9.765625e-05
00001010100011111011,45.417548335370924,9.765625e-05
11010011001010101100,19.546600107091376,9.765625e-05
00100011110011111101,37.12034433348636,9.765625e-05
10110000101001111010,26.26203152268708,9.765625e-05
00111000111011010011,26.935386783887804,9.765625e-05
11010010001100001010,17.75759626321292,9.765625e-05
01111001111000101101,16.54459163491579,9.765625e-05
10100111000101110101,29.000638674947474,9.765625e-05
10110011001000011101,26.040724782327636,9.765625e-05
11010100110100001011,12.695479656160453,9.765625e-05
01010110010000000101,12.000950986844302,9.765625e-05
01110110101010011010,21.489732137781047,9.765625e-05
10010100011111111011,29.438561122548094,9.765625e-05
11001110001000100110,22.04861140884654,9.765625e-05
01010000111110011101,40.56178463421265,0.0001953125
10101000101101101001,43.248894631111696,9.765625e-05
11010011000000000111,20.88524357445509,9.765625e-05
11001110010000000100,25.274426870775493,9.765625e-05
10001111100011111000,15.871761476194116,9.765625e-05
01011110101100001101,17.69177344074857,9.765625e-05
00011101111010111111,31.526440879900264,9.765625e-05
00001111001000101001,18.43966554717618,9.765625e-05
11001000011010001110,22.400091530649394,9.765625e-05
10011010110010001111,31.121449699675573,9.765625e-05
00110010010101110001,35.860298379330146,9.765625e-05
00111110001100001011,17.88805313261401,9.765625e-05
00001001110011100111,35.03170086342355,9.765625e-05
00010000101010111100,52.75882688514517,9.765625e-05
10110110001100001001,19.461614117148592,9.765625e-05
10111011111001111011,29.71033052370952,9.765625e-05
00111100100110100010,11.273681180899846,9.765625e-05
11100100001100000010,14.14230527788208,9.765625e-05
11101100010111001111,26.108397224490723,9.765625e-05
11110010110000001100,14.298494813197388,9.765625e-05
00100100110100010111,31.74121842194108,9.765625e-05
10011110010100110011,24.000332310376734,9.765625e-05
10011111000000011110,31.193598164963106,9.765625e-05
01111111010000100101,30.421544758946993,9.765625e-05
00101111000100010011,28.060589611693512,9.765625e-05
11011100101000111000,15.490748696632629,9.765625e-05
11110110010100100101,20.172508144549884,9.765625e-05
01110010010101111000,22.01593125652507,9.765625e-05
01111000011100010001,13.18217588581545,9.765625e-05
01110101000000100100,30.25790606682908,9.765625e-05
10010000100100011001,24.110973074863992,9.765625e-05
11110111110001100111,20.594097274420186,9.765625e-05
01001100010111010000,12.707126517223475,9.765625e-05
00000111000110010100,14.815561838568152,9.765625e-05
01011111110111010101,10.857513063963369,9.765625e-05
00111101011101110101,10.563637061900947,9.765625e-05
11000100010101100111,20.341428059149244,9.765625e-05
11101001101100100101,19.480692133815424,9.765625e-05
10111101010100010110,23.018876556376064,9.765625e-05
10111111000010010101,42.83864449065386,9.765625e-05
10010100001000111001,19.60804025280151,9.765625e-05
10011000101001111000,26.07455560248294,9.765625e-05
11110101000000000000,31.279892010074207,9.765625e-05
01111101100010011010,30.945967175527656,9.765625e-05
00011011100011001110,19.882752912721443,9.765625e-05
11011010111001111100,21.9070768196895,9.765625e-05
11110010100111010000,20.84779443755007,9.765625e-05
10011110110111001101,21.890676885481398,9.765625e-05
11010111001000001011,33.971259760079704,9.765625e-05
10001001111010101001,28.44930215676239,9.765625e-05
00101111011001001011,22.533940317124248,9.765625e-05
01100001011000010011,18.80018306129879,9.765625e-05
00110000010101110101,36.47294149395668,9.765625e-05
10111000010010000011,27.46806940666191,9.765625e-05
00110011110110100000,15.446979386248682,9.765625e-05
01010110010000000001,11.268141273419534,9.765625e-05
10000011101111100000,26.08551806843625,9.765625e-05
10000001100100001000,20.696138426763085,9.765625e-05
10110100100010000100,17.162059755891242,9.765625e-05
00100111010111010100,20.558675981764665,9.765625e-05
10001001001000001100,21.0758696992446,9.765625e-05
11011110101101010100,18.745072127810666,9.765625e-05
10001011011111101100,32.543292731363366,9.765625e-05
10011001111010001001,20.098019093053722,9.765625e-05
10101100001100000010,22.897158708586915,9.765625e-05
01001000110111111011,46.697317734233614,9.765625e-05
11101000110000001111,28.09246596796565,9.765625e-05
01110011111011011100,14.065789116557493,9.765625e-05
10100000011100001100,43.38319064962718,9.765625e-05
01100010010101100100,35.405413745101555,9.765625e-05
10101110000110010100,49.64637636092254,9.765625e-05
11101111000100100000,42.24124962450965,9.765625e-05
10011100100100010010,13.069615233568,9.765625e-05
10111010111001111000,39.089301517084195,9.765625e-05
11011000010100110001,13.642105515163532,9.765625e-05
01111111110111000110,16.793486353154684,9.765625e-05
10001100010100110000,22.255176500596605,9.765625e-05
10000111110101000100,16.24705125300631,9.765625e-05
00111111000110110100,23.73634215578163,9.765625e-05
00000011111101101000,35.40252621928551,9.765625e-05
01000001000001101111,30.89670940297779,9.765625e-05
00111101010101100101,11.785921224320216,9.765625e-05
10000010001100011110,45.529945329914305,9.765625e-05
10100101001010001011,24.720757172458498,9.765625e-05
01110001010000000100,8.915953248135885,9.765625e-05
11100101111101000100,9.803353753773592,9.765625e-05
01001110001110110010,14.32696292248313,9.765625e-05
01111010101011001000,20.781913841050773,9.765625e-05
00101001100101010110,27.772576532893694,9.765625e-05
01111010111010010111,18.34691027972181,9.765625e-05
11010010110010100100,13.075204687048616,9.765625e-05
00101110111001111010,30.16490491886146,9.765625e-05
10110100011011110101,22.31058961979079,9.765625e-05
01110011000000110000,21.683053154756493,0.0001953125
01010000010000101011,25.758485944451465,9.765625e-05
01001101110011111101,20.628673991591196,9.765625e-05
00011011100000110010,22.428057735368057,9.765625e-05
00101001111111011010,35.377302123493685,9.765625e-05
01110100001000011011,18.166442743104557,9.765625e-05
10010110011100101000,15.770151530294534,9.765625e-05
00000000111011110010,69.76444841186628,9.765625e-05
00000110010111110011,36.48533081843162,9.765625e-05
11100000001000110100,19.25525122011036,9.765625e-05
00001111111110001000,17.229796213682622,9.765625e-05
01100001100110001111,28.332028416288427,9.765625e-05
11110000100001001000,11.49884383039207,9.765625e-05
00100010000101000011,43.99579222295615,9.765625e-05
11000110011111011110,22.920538724328296,9.765625e-05
11011010011010101100,16.215416216988288,9.765625e-05
10001001101110100100,24.32925184045511,9.765625e-05
01110000001101110010,20.329826488934472,9.765625e-05
00011101011010111101,22.518950274279316,9.765625e-05
01010010010111100010,22.11395305960134,9.765625e-05
10001001011101100111,34.571682355392824,9.765625e-05
10101011101011110111,38.464217039939754,9.765625e-05
00110111100110000010,17.422144112008493,9.765625e-05
11001110101100111110,18.15737518769823,9.765625e-05
11011101100110101000,26.11361376241382,9.765625e-05
01101110010001110001,28.67236615586628,9.765625e-05
10100111011011000011,25.949921257894072,9.765625e-05
00110001001000000111,16.60348601705185,0.0001953125
10110111010010011101,24.139772008334518,0.0001953125
10101111101001000110,29.02072346605226,9.765625e-05
01001010010101111100,38.01253933945131,9.765625e-05
00101101110011111100,22.374636524221653,9.765625e-05
11111111111111111011,17.74490389440394,9.765625e-05
01010000100010111101,38.5123209282401,9.765625e-05
01101001001100000101,18.737530931309248,9.765625e-05
11001101110100001100,12.161821869240917,9.765625e-05
11001100011011111111,18.045432695477153,9.765625e-05
01010001000010111001,34.6945740472916,9.765625e-05
00110001010001100010,15.587126900560058,9.765625e-05
10110001011001010010,18.11210968149595,9.765625e-05
00101110111011110110,32.08579706707015,9.765625e-05
00001111110011000101,16.11210968149595,9.765625e-05
00110010101110100100,26.032125278946666,9.765625e-05
00110001000000000000,12.422727292881255,9.765625e-05
11110011001011101100,21.006147978029432,9.765625e-05
10001101101101001111,19.07423432813041,9.765625e-05
01000001001110100101,34.199424683545786,9.765625e-05
01101110001010010010,17.924587746862315,9.765625e-05
10011010001000101101,30.092092143323008,9.765625e-05
10111111011100100011,29.35155424273404,9.765625e-05
10011110110011111001,18.53393678555344,9.765625e-05
01000101101110000000,36.41796901218317,9.765625e-05
10011001111000000010,16.87767220402727,9.765625e-05
11100111011100011001,21.16936307658215,9.765625e-05
01011111100001001010,31.21269387236964,9.765625e-05
11101100001101010110,18.679243063752967,9.765625e-05
11100101000100001010,20.214468761714798,9.765625e-05
00001101100110100001,19.833822107200277,9.765625e-05
01000001011100000101,24.55372311882321,9.765625e-05
01111100101110010010,9.666522702601158,9.765625e-05
00110111111111101011,18.521312414893735,9.765625e-05
11111001110010100111,14.319088779150924,9.765625e-05
10101100010001110011,32.87270268987427,9.765625e-05
10100110010011001001,34.20182730978124,9.765625e-05
10111111000000011010,44.28427228726497,9.765625e-05
01000111110110110001,20.326693904153437,9.765625e-05
10000100001000001100,23.0,9.765625e-05
01010111010110000110,19.263949424005983,9.765625e-05
10000100010001000000,19.049216867706342,9.765625e-05
00001100101111110001,30.031381156289825,9.765625e-05
11111000010000010110,20.82444377418682,9.765625e-05
11111100001001110011,14.108202963546269,0.0001953125
11110101011110001110,20.91362350160777,9.765625e-05
11000010110101011100,31.072735335162335,9.765625e-05
11000001011100111100,20.164625920227557,9.765625e-05
01110100111000101110,24.81963563702933,9.765625e-05
01100010000100100111,32.18402903708499,9.765625e-05
01000010101111011101,42.39929775277576,9.765625e-05
10000110110011011001,27.13504028286482,9.765625e-05
10011010101010000011,26.691345580781853,9.765625e-05
00111001011101110001,19.94048705015976,9.765625e-05
11000110001010011010,18.158152118016623,9.765625e-05
10000101100010000100,20.409531892849856,9.765625e-05
11101000000100111001,33.81973151875805,9.765625e-05
10000001111110001100,36.592561855092555,9.765625e-05
01011111000100111110,24.096971479263274,9.765625e-05
01110110010011000001,13.539510104263695,9.765625e-05
11011100101011110001,13.5512814650125,9.765625e-05
10011110111111011011,21.20083675724085,9.765625e-05
00001011110111001000,27.465197808476162,9.765625e-05
10000111100001110000,14.614316164120511,9.765625e-05
10000101010001111110,22.31574214208559,9.765625e-05
10001111001011111110,19.096884559990258,9.765625e-05
10111111000110010010,37.88436565282199,9.765625e-05
00000010110101100100,52.371186833112944,9.765625e-05
10010001111100100000,20.113790343458394,9.765625e-05
00001010101101001010,41.80238683929899,9.765625e-05
00110100011000000001,9.803353753773596,9.765625e-05
11000111011101001000,12.603964675039103,9.765625e-05
01010010000000100000,15.900005329559445,9.765625e-05
11110000011011011101,20.49829968793439,9.765625e-05
01111111100100111000,29.96526806029962,9.765625e-05
11111101100110101011,25.336471849731204,9.765625e-05
01000000001101010101,37.79424809067349,9.765625e-05
10010011101010111110,28.262015595056777,9.765625e-05
00111101001010100001,18.665782187802506,9.765625e-05
10111011101110100011,25.464288031582463,9.765625e-05
00000011010111101001,32.99943368831867,9.765625e-05
10111110000100001001,38.07446417224996,9.765625e-05
01000100100010000111,32.20589590068941,9.765625e-05
01000010101011001100,31.124616860579575,9.765625e-05
01110011000101100100,17.624576037465076,9.765625e-05
10011111000100001100,26.817921024601603,9.765625e-05
00000001001001101100,34.380922855998676,9.765625e-05
01111000100011100010,16.844970927362322,9.765625e-05
11010011111111010101,16.325820259308585,9.765625e-05
11110000110101011101,17.700001851145633,9.765625e-05
10011011111010110101,23.87820428252074,9.765625e-05
10010111010101100110,17.498486227646993,9.765625e-05
11111011110010001011,26.3708148587069,9.765625e-05
01101100100000000000,13.47662624208997,9.765625e-05
11010011011000110110,17.16086744879283,9.765625e-05
00101110100110001011,25.78687565560812,9.765625e-05
11110011001000101100,22.323381707006376,9.765625e-05
01100010001111001000,27.326871295906464,9.765625e-05
10110000101101000010,20.06725779980413,9.765625e-05
00010111110110011110,22.745424642605947,9.765625e-05
10101110010011010001,52.34533850501343,9.765625e-05
01111101000010000110,28.653574837429012,9.765625e-05
11000000110100010100,23.954236267845978,9.765625e-05
10111001110001100000,17.600649082116277,9.765625e-05
11100001101001100100,12.739381285429046,9.765625e-05
10011110100100100010,19.820350516524535,9.765625e-05
11111011100010000101,33.57324678416349,9.765625e-05
10110101011111000101,14.373505337225122,9.765625e-05
00110111111101000100,10.959380992168443,9.765625e-05
11101111100100100110,30.83670618857272,9.765625e-05
01010010000100000100,13.565077850771768,9.765625e-05
10101110000100110011,46.78780363004432,9.765625e-05
01100011111011011011,24.120234303428568,0.0001953125
10000111000000010001,18.794658357867533,9.765625e-05
00010101000010001000,32.31485943686147,9.765625e-05
10001100111011011000,26.43335497260701,9.765625e-05
11001101101010100100,18.191979368773087,9.765625e-05
01101101001101010110,9.871761476194123,9.765625e-05
00011001011111101110,26.72534058592223,9.765625e-05
11000010111011111101,36.28112994011615,9.765625e-05
10000001010001101100,24.210880618891473,9.765625e-05
11111111100101001001,35.66988793949132,9.765625e-05
00111100010011100111,15.966841510990204,9.765625e-05
11000001101110101101,31.265253747603488,9.765625e-05
10100111011111001000,22.84779443755007,9.765625e-05
11011101111010100001,22.03237032711528,9.765625e-05
01000101110110110010,35.41759612910165,9.765625e-05
01111010010011101010,22.729522836426018,9.765625e-05
10011101011101101100,12.864373749952493,9.765625e-05
10110000100010111010,24.677132468255316,9.765625e-05
10110100100101010001,9.7870302420931,9.765625e-05
01000100011011111100,35.69581435526081,9.765625e-05
01101111010011010110,18.723064102469095,9.765625e-05
01011001000111101110,22.55867598176467,9.765625e-05
00110010001110100101,27.07005840634716,9.765625e-05
01010011000000100100,18.40175979655234,9.765625e-05
01111111011001111001,22.439636489065315,9.765625e-05
10101100011001111010,27.833822107200277,9.765625e-05
11111111001101010111,34.17346120496268,9.765625e-05
00111111111011000011,13.163702827349415,9.765625e-05
01011101011111101001,20.686974353173994,9.765625e-05
01111011101110100100,18.82030345721487,9.765625e-05
10000000001001001010,36.32261904997228,9.765625e-05
11101011101010111010,23.604798655811194,9.765625e-05
10001000100101000000,35.18559341655647,9.765625e-05
00100100010001011000,25.149870319589347,9.765625e-05
11000100011001010100,14.096888728015111,9.765625e-05
00101011000101011100,41.54282914163013,9.765625e-05
11111101111000110111,14.543463343445673,9.765625e-05
11110001110100011100,8.341441276757008,9.765625e-05
10001101101001100010,15.08656838145288,9.765625e-05
00110000000010101101,28.428780336095116,9.765625e-05
11101110110111111100,29.85011376362017,9.765625e-05
10000101101001101001,24.089048437224626,9.765625e-05
00110100110011110011,23.046128948115882,9.765625e-05
00100100101101101001,31.513268383513587,9.765625e-05
10101110100111001011,36.479639121616074,9.765625e-05
11100110011001010101,26.747902821152895,9.765625e-05
01001101000010100010,22.29950554967811,9.765625e-05
01110110110100010111,10.783821234784456,9.765625e-05
10011101010101100001,9.90349772644909,9.765625e-05
11001111011101111001,16.54246354502213,9.765625e-05
11001011110000111101,20.632467126276094,9.765625e-05
01000001010010100100,22.23109782725758,9.765625e-05
10001000101010101010,32.708353694712116,9.765625e-05
10101001110011010001,36.26201559505678,9.765625e-05
00000001111100100110,47.65004438151344,9.765625e-05
01001110001110111100,15.550590534042183,9.765625e-05
01000010000011011000,22.43295625787836,9.765625e-05
10010100101100000111,22.423616239698738,9.765625e-05
10010100101000101100,26.689609435584515,9.765625e-05
11110100000101000011,11.95387595507836,9.765625e-05
01111000100011110110,19.02243807847999,9.765625e-05
11011111010101011011,21.05989897499046,9.765625e-05
00110010010000100001,23.08834782021735,9.765625e-05
10110101001101100001,13.467468410094224,9.765625e-05
01011000010010100100,12.91029280301256,9.765625e-05
10010110101010001101,21.821157533642122,9.765625e-05
10000010100101011101,49.974214680476635,9.765625e-05
01110010111010001000,13.400177540837287,9.765625e-05
10101101011001000110,21.445261242250147,9.765625e-05
01111110010011110101,20.269624338757296,9.765625e-05
00110110111111010010,18.06425055789333,9.765625e-05
10101110000110100001,42.41306777965033,9.765625e-05
11011010000101100001,27.962228658021143,9.765625e-05
01000101000010111000,32.91874240553257,9.765625e-05
00000111110010100110,26.624839010501656,9.765625e-05
10001110011111101110,34.1677214530348,9.765625e-05
01111111000000110010,37.87847429706275,9.765625e-05
00001101001000010111,17.59424459062349,9.765625e-05
01101001110110010111,22.55675463600216,9.765625e-05
10110010000110011101,36.20182730978124,9.765625e-05
10001111110111101110,19.845930865822506,0.0001953125
01101110010101010000,29.737640972206858,9.765625e-05
00110101001100010111,15.514838368124373,9.765625e-05
10111010001110000011,38.38909032054826,0.0001953125
00110101110101000101,9.493934701919876,9.765625e-05
11001110111111010100,20.806215578795182,9.765625e-05
00011100110110110001,16.409216783803288,9.765625e-05
00110010001010011111,28.890509081388657,9.765625e-05
11000000001101111000,28.54249435540257,9.765625e-05
01011001001010000100,19.24339730445709,9.765625e-05
00110100010000100000,12.787406569618218,9.765625e-05
10010010101110100101,30.022447764516944,0.0001953125
11111011100100000111,33.84229293203079,9.765625e-05
01000100111110011000,36.406582130706745,9.765625e-05
10010111010000111101,17.296634038619562,9.765625e-05
01100101000010100000,26.339590922637214,9.765625e-05
00110010100010100101,24.963087207580326,9.765625e-05
10110011111011101010,19.538310635646987,9.765625e-05
11111101010001000010,26.37105636446489,9.765625e-05
11010100100110110001,15.506435824914023,9.765625e-05
10111100010011011001,23.15139595491301,9.765625e-05
10100001010110110101,38.881398085780326,9.765625e-05
01111001001000010010,17.018876556376068,9.765625e-05
00001111010011000000,12.66196313434327,0.0001953125
00010001101010010010,41.05791154003116,9.765625e-05
00000001011111000000,36.047533408594155,9.765625e-05
01000011110111001100,20.122355308544428,9.765625e-05
01101010111001010101,39.17051654156573,9.765625e-05
10011010011010000001,28.536776223371497,9.765625e-05
00001000001110000001,34.85417684735606,9.765625e-05
00000000111110111110,81.62647532317698,9.765625e-05
01100100001010010010,17.693364598370685,9.765625e-05
00111110101100111101,21.157096483331586,9.765625e-05
00010111010110001011,16.32088686640806,9.765625e-05
01000011101110000100,20.736506242799695,9.765625e-05
11010100010100100001,6.784553707052339,9.765625e-05
01101111011001010111,18.982426494313337,9.765625e-05
10111001011111111110,25.852379913742475,9.765625e-05
10010011000111110001,21.080731464048366,9.765625e-05
00001110001110101000,19.0974952425949,9.765625e-05
11101111001101110110,28.666426075654996,9.765625e-05
11100001111111001100,20.122355308544428,9.765625e-05
10111010101010001000,29.29472040329254,9.765625e-05
00010010001001001111,32.082150943071824,9.765625e-05
10111100011101101111,19.5212971020813,9.765625e-05
01000011100010010000,16.325088401858565,9.765625e-05
11110001111000101110,13.729630069334071,9.765625e-05
01111100110111100101,10.845873091787563,9.765625e-05
01111100110100010101,6.916906210581663,9.765625e-05
10100111100010101110,23.599056280987973,9.765625e-05
10011100000001010011,16.103761467876947,9.765625e-05
01000111111011011100,19.51568620295827,9.765625e-05
00101111100110001011,21.09199906958385,9.765625e-05
00010101000100100000,22.755155332983453,9.765625e-05
00011111100000001001,22.11265037951003,9.765625e-05
01100010000100100101,31.135470939981282,0.0001953125
01110111111011001001,20.317973519784694,9.765625e-05
00101110111000101010,25.871385872250244,9.765625e-05
10000111000100100100,17.484816523157072,9.765625e-05
01111010110110010100,21.9607466213717,9.765625e-05
10111111011011010011,29.60573027058159,9.765625e-05
11001000111111011110,37.88641215636052,0.0001953125
11100101011011001101,17.427874727226264,9.765625e-05
10101111010111111100,37.95111719493997,9.765625e-05
10011011010100100001,25.96222865802114,9.765625e-05
11101101110011110100,12.844154947789022,9.765625e-05
10001001101101111010,30.12196116532438,9.765625e-05
11001111011001111010,16.108212649583223,9.765625e-05
10100010010000100000,43.59679908248155,9.765625e-05
11110000011000101001,11.516098135294689,9.765625e-05
00110110100001010001,14.513878429664182,9.765625e-05
11101001111001111110,16.80018306129879,9.765625e-05
01110110011001001001,13.734299754776954,9.765625e-05
01100101100001001111,21.58623721932151,9.765625e-05
11011111110111011101,13.100867787594748,9.765625e-05
01001101100011111101,22.297581493893055,9.765625e-05
00100010000101000110,44.23068942649198,9.765625e-05
11010111010011001000,18.507368897686725,9.765625e-05
10011101010101100010,11.827760237325759,9.765625e-05
00100000001000010100,32.71620375866676,9.765625e-05
01110010001010000000,14.784175393085924,9.765625e-05
11001101100001111001,13.308250812883392,9.765625e-05
10100001001101100110,26.73711275737948,9.765625e-05
00000001110011100010,42.59311777879187,9.765625e-05
00011011101010010011,22.24667148103758,9.765625e-05
11111110101000000111,29.92920848493091,9.765625e-05
00101100110110010011,25.572172462526424,9.765625e-05
00011010000001111011,31.45080114973046,9.765625e-05
11010010010100100000,12.55063934562142,9.765625e-05
01101111010111010100,20.509276291420406,9.765625e-05
00110010110011000110,27.245012519367474,9.765625e-05
00110101110011111001,24.375412730958793,9.765625e-05
10100100010101100100,30.65473623617997,9.765625e-05
11110101111000010100,14.824443774186822,9.765625e-05
11101110111100111011,25.44998862544059,9.765625e-05
00010111100110111001,23.500393621380674,9.765625e-05
00111111101000110010,23.3220945630594,9.765625e-05
11001000110101100010,25.957003990440075,9.765625e-05
01001001110001111100,22.223520302363617,9.765625e-05
01111001011101011000,15.249851859549342,9.765625e-05
01111011010111100011,21.367880584040282,9.765625e-05
01011001011000111101,19.01057968969478,9.765625e-05
11100011111111011101,25.720606237557188,9.765625e-05
00011111010111001011,11.282934366933656,9.765625e-05
01010111100010101101,36.191603851956415,9.765625e-05
01100010101010011001,26.16154747953399,9.765625e-05
00110000100100000011,18.06725779980413,9.765625e-05
00100101011100010011,20.276205509671332,9.765625e-05
11010101000001110100,20.29323941152326,9.765625e-05
11010101011011000011,26.497854099399948,9.765625e-05
10101010101010111001,46.51895027427932,9.765625e-05
00001010100001011111,49.65997153135912,9.765625e-05
10110000010110110100,31.06862342900738,9.765625e-05
10001110100111101000,22.428347143620165,9.765625e-05
01100111010001111100,16.24114125959422,9.765625e-05
01011011010111000100,12.363908500475063,9.765625e-05
01001101011001011111,15.787036483686446,9.765625e-05
00010000001111100000,36.62580936941987,9.765625e-05
11111011100001011110,31.685787035648694,9.765625e-05
10000001111100111110,43.47162279910786,9.765625e-05
01010001100101101000,32.79802882929889,9.765625e-05
11010010101010111100,20.37875467196995,9.765625e-05
00010111010011000000,12.822108520486417,9.765625e-05
10100001101010110110,29.048471177830695,9.765625e-05
10001110111011001000,25.62492592977467,9.765625e-05
11000001111011111000,27.999017157895093,9.765625e-05
01000111110100010111,17.406967714954835,9.765625e-05
01111110001010110011,18.627448887671047,9.765625e-05
00011111110011011101,15.19232499468115,9.765625e-05
11110000000110010001,15.468130625140462,9.765625e-05
01000011000100001100,13.565077850771768,9.765625e-05
11010010100010101011,19.82018093313056,9.765625e-05
10010000000100011101,26.685426537786856,9.765625e-05
01101110111011001011,19.772399042764,9.765625e-05
00100110000100011001,25.533076907686645,9.765625e-05
10010110101000111001,19.455953672025267,9.765625e-05
11011100111111010101,10.118128981384583,9.765625e-05
11001110010110010101,24.698406231231402,9.765625e-05
11100101111001101111,17.198055609898923,9.765625e-05
01011110010001010100,15.293833432076532,9.765625e-05
11110100001001100101,15.076161915486267,9.765625e-05
00100000001100000000,28.716203758666758,9.765625e-05
00110111010000001011,18.00429762390963,9.765625e-05
00110110111011110111,26.036621125843517,9.765625e-05
01110011010100011100,13.108471660577038,9.765625e-05
10011111100010111001,21.54065929245902,0.0001953125
00100111110011011010,19.104020614665803,9.765625e-05
01011010110010000000,12.958899711695507,9.765625e-05
10110001101100111010,20.618944944719875,9.765625e-05
11000010001101001010,27.624925929774673,9.765625e-05
01001110100000111011,19.561591107689267,9.765625e-05
10100100001101001110,26.959795634527403,9.765625e-05
11100000010010100011,25.11718152611109,9.765625e-05
00110001000011000000,14.965008553342836,9.765625e-05
11011100010111101011,9.802983667841822,9.765625e-05
10101101111000100110,17.523690864237707,9.765625e-05
01001111110011011001,13.585385852916803,9.765625e-05
00100110111111100011,35.34119300212466,9.765625e-05
11111000101011000010,15.801076274108143,9.765625e-05
01010101001001000011,36.56792383529025,9.765625e-05
01110001001010000100,19.239221382673847,9.765625e-05
10111001000011001110,25.257882046959182,9.765625e-05
01110010000010000100,16.05417670666221,9.765625e-05
01111111001110101010,29.389148094583206,9.765625e-05
01100010000100110100,29.244610322776843,9.765625e-05
01110010010111011110,23.13853069331318,9.765625e-05
11000100100000111000,14.110310565550492,9.765625e-05
00111111010001100000,24.558817230629018,0.0001953125
00110110111001110000,18.618944944719875,9.765625e-05
10101001001101111100,34.51986212474152,9.765625e-05
00011111100110000010,17.664763740886304,9.765625e-05
00111001110001000010,12.85336349026845,9.765625e-05
10010001001101001000,18.048802225347384,9.765625e-05
01111010010100101100,26.627807213997364,9.765625e-05
01110000010001100000,13.032205956626331,9.765625e-05
01000110110111100101,26.393734941650724,9.765625e-05
01000110011111011011,26.36386958207284,9.765625e-05
00110101011001010001,11.5094486936003,9.765625e-05
00101110001100001010,25.828451891877325,9.765625e-05
01101011110001000100,23.15423539273106,9.765625e-05
00001001101111000010,29.370853075573713,9.765625e-05
00100110000101111011,31.293444621364713,9.765625e-05
10101101101010111011,20.770387958942546,9.765625e-05
00100111000010010001,19.19685061247375,9.765625e-05
01100101011001010000,11.67732869400487,9.765625e-05
00010111011110110001,18.695161102670276,9.765625e-05
00011110110011010000,15.885181534428266,9.765625e-05
11011111100110000111,26.065575347744087,9.765625e-05
10110000111000110010,22.069570884280875,9.765625e-05
10001011100000101010,23.6315712034442,9.765625e-05
01101100111110010110,14.010508698052075,9.765625e-05
01001110110110010101,17.677316210818177,9.765625e-05
11111101100110000110,24.637221962530575,9.765625e-05
01010011000000000010,20.921670732873096,9.765625e-05
10101101010101110101,29.6142292448475,9.765625e-05
01001100100010011011,21.3811911399073,9.765625e-05
11111010101100111010,24.614306478083556,9.765625e-05
11001010001101100101,37.743673614658476,9.765625e-05
11010010001001000000,17.89493348494431,9.765625e-05
01100010111001010100,28.403493133760115,9.765625e-05
01101111111100010110,16.039795241125738,9.765625e-05
10001111010110010100,26.741359670805434,9.765625e-05
01001001111010101100,26.006906271104636,9.765625e-05
00001100000000010101,19.837239637941302,9.765625e-05
01011011110000100110,16.874566261601828,9.765625e-05
00000101101011100001,38.998105307432894,9.765625e-05
00110000110001010001,24.965277767972765,0.0001953125
01011001001111011110,23.198055609898923,9.765625e-05
11000001100011010101,19.34136684067069,9.765625e-05
11011000000100101100,13.94978686544093,9.765625e-05
10011011101010001001,21.48723881573369,9.765625e-05
01001101000000101011,24.791848065287546,9.765625e-05
01011100111100111001,16.545015239730454,9.765625e-05
01110110001011111001,19.986074935690276,9.765625e-05
01111110011110011011,12.223760262582443,9.765625e-05
11100001100000011000,13.088726868604834,9.765625e-05
00110010101110001101,26.01908063915252,9.765625e-05
10110110010001001011,24.33539012160777,9.765625e-05
00110010111111011111,41.875797117252695,9.765625e-05
00011110100000010010,18.745072127810666,9.765625e-05
01000010110100110100,31.960505937571632,9.765625e-05
01110001000010000101,18.225676090332847,9.765625e-05
11100010000000011100,29.32774669302089,9.765625e-05
00111110001001001001,21.728736943651924,9.765625e-05
00010010000110001000,18.654331279857967,9.765625e-05
11010000111011111111,36.66263713063115,9.765625e-05
01100000110001110100,29.542131234645396,9.765625e-05
11110110011100011001,14.381340306347198,9.765625e-05
01111111000100100110,32.75461564202152,9.765625e-05
01011111100111000000,21.506472240433766,9.765625e-05
10001111000101111000,20.82316080910452,9.765625e-05
01100110010001010011,19.93660843256798,9.765625e-05
10110111001000101001,27.01701725064038,9.765625e-05
00010100101110011001,35.70672082648041,9.765625e-05
10010001000000110000,17.44873030543277,9.765625e-05
11100011011100010100,24.73381847430402,9.765625e-05
00111011011001001010,20.74363008691962,9.765625e-05
00111011100010110011,23.416616171273684,9.765625e-05
01100100011100010100,14.237036242326488,9.765625e-05
11011000100011101010,18.753465632277926,9.765625e-05
01000101110111111000,34.27841552926488,9.765625e-05
01001111000011000010,16.7316112518602,9.765625e-05
10010010000100001111,27.821157533642122,9.765625e-05
11010100111110001001,18.74123714672113,9.765625e-05
10110001110000000100,11.211588211913162,9.765625e-05
11100001100011000101,16.47548881350009,9.765625e-05
01101010111011111111,38.74291645944464,9.765625e-05
01101001000110000101,21.394772847768042,9.765625e-05
10001111101100101000,18.227977725663244,9.765625e-05
11111111111111001001,22.214366001938686,9.765625e-05
11010011100011101101,16.863985749949123,9.765625e-05
11101110001010011000,29.396008780572338,9.765625e-05
01000111111100011001,20.403228615594017,9.765625e-05
11100111010011010000,21.248673504479754,9.765625e-05
00101010100111000011,46.966219068780106,9.765625e-05
10010111110001100000,15.076161915486264,9.765625e-05
01000111100110011000,19.309316133605385,9.765625e-05
01011011111001110111,19.67396802821367,9.765625e-05
11000100011111010101,22.757570562418458,9.765625e-05
10000111100010101011,22.535799622859937,9.765625e-05
01010010101110001010,27.78871278128034,9.765625e-05
10000110101111111011,34.73520829164822,9.765625e-05
11101100010001110011,20.189427674064767,9.765625e-05
11001101111111110000,11.443410811842966,9.765625e-05
01110000100111110010,25.24374210881689,9.765625e-05
00100101001101110110,20.755373026011608,9.765625e-05
01010011000011011001,18.72952283642602,9.765625e-05
10110001101010000101,18.540415713132546,9.765625e-05
01000100111011011100,38.371186833112944,0.0001953125
00001000110001011011,52.6402408985558,9.765625e-05
01001101011000110100,12.36465962123561,9.765625e-05
00100010101110000010,34.532455608280294,9.765625e-05
00001110111001011101,33.91120839218563,9.765625e-05
11110010001100001001,20.61524570532241,0.0001953125
11111001110000000011,16.997783825940303,9.765625e-05
10011011011000111100,24.575984321991363,9.765625e-05
01011001011011010010,17.021542155648092,9.765625e-05
10110100001000000111,17.394772847768042,9.765625e-05
00010110001000101101,23.825333455425366,9.765625e-05
10000001010000101010,24.23391436143092,9.765625e-05
00011110001110000100,14.603964675039105,9.765625e-05
00101110010011010000,34.158395386884,9.765625e-05
11100101010001000110,13.638127571399416,9.765625e-05
11000010111111110100,37.70989870210969,9.765625e-05
10101111101101111011,26.326732306114476,9.765625e-05
01010000011000000011,21.758485944451465,9.765625e-05
01111101111111101110,18.35448156302243,9.765625e-05
00100100010110011111,37.75611156520878,9.765625e-05
11010100101110000011,24.618944944719875,9.765625e-05
11101111110110101110,23.464658117514233,9.765625e-05
11001011100010000110,18.87018533711719,9.765625e-05
00010101001010001000,37.95519349628363,9.765625e-05
00000000110111110111,80.46738306883638,9.765625e-05
00111100001100001011,9.997786535962847,9.765625e-05
00011101000010110011,21.14366049746713,9.765625e-05
01001010001100011100,27.320178119742817,9.765625e-05
00111000110101001110,30.72441529987239,9.765625e-05
00100101010011001010,21.59269595327844,9.765625e-05
01100101101000000101,20.870201264747497,9.765625e-05
00101011001110111100,32.1410818391043,9.765625e-05
10011111011101000001,19.7631033738715,9.765625e-05
11000101111110111100,25.594527757282243,9.765625e-05
11111000101111100111,18.58991428949533,9.765625e-05
00110111011101001001,11.014857843563485,9.765625e-05
01111010011100011001,24.747902821152895,9.765625e-05
00111110111111101010,16.72381804201557,9.765625e-05
10111010010010000011,43.72211040560226,9.765625e-05
00111001000111100110,17.058421242160914,9.765625e-05
00001010011010101100,38.42769805905449,9.765625e-05
11101100011111010000,19.187861221024786,9.765625e-05
11000010010000011110,24.307622852661204,9.765625e-05
00111111000010001000,29.43502332563716,9.765625e-05
10010101010001010111,16.887265596333716,9.765625e-05
10011111101011101000,20.509276291420406,9.765625e-05
00010000111000100001,36.39912535059586,0.0001953125
10001001110100111001,33.070829927869944,9.765625e-05
10110111011001111010,22.269624338757296,9.765625e-05
10110101000001110001,17.06677588287714,9.765625e-05
10111010110010101001,33.46806940666191,9.765625e-05
00011100111010000011,18.881398085780326,9.765625e-05
01111011100110000110,19.9214932427434,9.765625e-05
00001010101101101111,53.06915271035111,9.765625e-05
01101111111111010111,14.685585820326015,9.765625e-05
00101010000110000011,45.14889380620499,9.765625e-05
11011101101110101000,28.491482197588837,9.765625e-05
00101111110001001010,21.48723881573369,9.765625e-05
01011111000010000111,27.771796979679955,9.765625e-05
10010010100100011000,21.389460319352832,9.765625e-05
10100011110101001000,30.087381640163812,9.765625e-05
00100111011001000110,17.91176690589462,9.765625e-05
01111111011010000110,23.648797919078085,9.765625e-05
00101010101110010100,44.95542440691953,9.765625e-05
10011001001001100110,18.311209068550895,9.765625e-05
00001011100010000000,17.757596263212918,9.765625e-05
00001101010001110011,16.86792921596694,9.765625e-05
01011110100110110010,16.069245147636224,9.765625e-05
10101011011001000110,46.38876875192847,9.765625e-05
00010101111111101001,40.8129284213,9.765625e-05
11100000001111100000,26.358689340066277,9.765625e-05
01110010110001000111,18.065789116557493,9.765625e-05
01000111111010011101,22.54329273136337,9.765625e-05
11100110001101010100,24.872109392902242,9.765625e-05
11010011110111111100,12.601564671289339,9.765625e-05
11111111100010100110,39.557340711991685,9.765625e-05
11111111111100111001,23.480457055154652,9.765625e-05
00001010010010101011,39.27368118089984,9.765625e-05
11010110001010001101,19.638127571399423,9.765625e-05
11011001000011100000,17.70397257392724,9.765625e-05
10101001111001001000,26.183980949087,9.765625e-05
11100011010100111100,24.733818474304016,9.765625e-05
11001110111101101100,19.95419993945343,9.765625e-05
10000011011001011001,30.624839010501656,9.765625e-05
00001010101110101000,36.50891308353603,9.765625e-05
00111110010101111010,25.22201369692708,9.765625e-05
11001101001110101011,20.189427674064767,9.765625e-05
00101111010000100000,27.809109346204572,9.765625e-05
01001010111111000110,34.43101898448555,9.765625e-05
11100001101110111100,21.719251203476013,9.765625e-05
00111001110110110111,22.11297645908978,9.765625e-05
01101110000000011011,26.600829380235528,0.0001953125
11111000000001110110,23.074927761983208,9.765625e-05
10111110111110111010,21.426364590218924,9.765625e-05
11110000001100111111,18.61894494471988,9.765625e-05
11111111100100100000,40.754631569651835,9.765625e-05
00111100010100100001,10.632467126276094,9.765625e-05
10101000011011000000,43.405413745101555,9.765625e-05
11101011001100001101,39.21174288552534,9.765625e-05
10010111001101011000,15.631561517407242,9.765625e-05
10001011100100100111,32.72369269914533,9.765625e-05
10100101101000101000,19.767341237714543,9.765625e-05
01111010101010000110,17.797600969332173,9.765625e-05
00111011001000011000,25.813802876853302,9.765625e-05
00101011100010100111,28.192382768716094,9.765625e-05
00110001000010010000,17.512940660427645,9.765625e-05
10000110111011110001,32.72870771128665,0.0001953125
10101010101011101101,51.22842089844241,9.765625e-05
10000111100101101010,16.73154994625445,9.765625e-05
11101110001010111111,27.809937085383325,9.765625e-05
01101111001100101010,24.931031462274056,9.765625e-05
00011011011101011100,23.2334349690226,9.765625e-05
10111011111111000110,28.319823139483432,9.765625e-05
00010111110110010001,14.676900834038154,9.765625e-05
10101111001100001011,35.380447180665044,9.765625e-05
00011010110111010000,31.65997153135912,9.765625e-05
11001111101100000100,20.04111902392436,9.765625e-05
10011011101010011010,24.15421873067969,9.765625e-05
10111011001001000011,37.910822258610686,9.765625e-05
01010101011000010100,25.08535814944305,9.765625e-05
10111010101001001000,35.15423539273107,9.765625e-05
01100100000101110110,18.45403306068382,9.765625e-05
11110001000100010100,13.821627240013484,9.765625e-05
10100001101000111110,26.80238683929899,9.765625e-05
01000011000000011010,17.233573420737216,9.765625e-05
00111011011101010001,28.632303060894216,9.765625e-05
10010100110001000111,20.235291564735753,9.765625e-05
10111011110011010111,36.34488316989338,9.765625e-05
00010001111111101001,46.575078734758705,9.765625e-05
10110100101011101111,24.98307186180434,9.765625e-05
10000001100010100001,26.423616239698735,9.765625e-05
00110101001110101001,25.756278722007654,9.765625e-05
01111101110000100101,18.938889443804243,9.765625e-05
10101010010010111100,62.81726225399897,9.765625e-05
11000000100011101101,31.495008114881465,9.765625e-05
01111110000101100100,26.466351262663366,9.765625e-05
11010011010101011011,16.477717775853563,9.765625e-05
01110011100010110011,23.462315887799416,9.765625e-05
00000001100101010100,33.19686747082536,9.765625e-05
11011111100110101001,24.69058466522096,9.765625e-05
10000111110011001000,14.002395650221032,9.765625e-05
11111111001101110111,31.12169608699162,9.765625e-05
10100111000011000100,25.618053287879857,9.765625e-05
00010000101100001011,41.00177591803348,9.765625e-05
10010010101011001010,28.49829968793439,9.765625e-05
01001110100100000010,16.988673689708264,9.765625e-05
10011010101000110000,27.432091466725822,9.765625e-05
00010001001001010001,24.770305294821586,9.765625e-05
00101111101100101010,20.103761467876943,9.765625e-05
11110110101001010001,17.268738101962363,9.765625e-05
01100011010000100001,20.66196313434327,9.765625e-05
10000000010001010101,48.971657467756216,9.765625e-05
01111110000010000111,25.028535433152946,9.765625e-05
10010111100001001000,17.157447931610513,9.765625e-05
10010010100101100001,25.23624526160259,9.765625e-05
00110100011001010001,12.339504003364194,9.765625e-05
11010001010110111101,17.117181526111093,9.765625e-05
01110011010101110100,15.622654691702563,9.765625e-05
00100011100011011100,24.75290879949349,9.765625e-05
01111110000100000001,26.1707162988861,9.765625e-05
01010001010110100000,22.666970963330115,9.765625e-05
11010111110110010001,13.856353346546626,9.765625e-05
01100001110011111000,27.4030812014237,9.765625e-05
10101100101101100010,19.348073332818775,9.765625e-05
10101100001000000110,25.534682475429086,0.0001953125
10110011000001001110,25.145341795473968,9.765625e-05
11010100110011101011,23.08545060836435,9.765625e-05
10001000010000010100,42.18123811657891,9.765625e-05
00000101110101100111,34.624832768908306,9.765625e-05
00101010001110010111,50.926551869750774,9.765625e-05
10110111101111110110,20.793466159532503,9.765625e-05
11011101100100110011,19.680831696856416,9.765625e-05
10111101110011010011,16.282992140968595,9.765625e-05
10001011000000110010,31.139885793295022,9.765625e-05
00100101000010011001,22.782561173346878,9.765625e-05
01010100101011100000,41.59084194263261,9.765625e-05
00010000110111110011,53.36506833790467,9.765625e-05
01110101111000011010,27.74089620602743,9.765625e-05
00110010010101110000,33.17051654156573,9.765625e-05
00001101001111100010,16.714333956185666,9.765625e-05
10011110100010111001,17.871761476194116,9.765625e-05
10110010000110000000,28.02663419388541,9.765625e-05
01101010110001110000,35.38258965305948,9.765625e-05
10000011010101011110,35.9033262549905,9.765625e-05
01010011000100110101,17.299444331199556,9.765625e-05
11100100101011111100,19.719251203476013,9.765625e-05
10000000111001110110,56.67573654017044,9.765625e-05
01110010011010001110,15.591077244215619,9.765625e-05
11011111011101010101,18.763161147906445,9.765625e-05
01110011000001110100,18.9977838259403,9.765625e-05
10101010110101110110,73.64976401200443,9.765625e-05
01000000010100110011,38.12326277889934,9.765625e-05
11101101111011010110,11.490042132299262,9.765625e-05
10100101010011111101,25.022438078479986,9.765625e-05
10010001111100110010,28.04859714635861,9.765625e-05
11001111001110111111,17.333335733379364,9.765625e-05
10111110110010100011,25.48066307570456,9.765625e-05
10100101001000101010,22.02759684236814,9.765625e-05
01100000111111111110,51.556966811018206,9.765625e-05
11001010010001110100,36.91874240553257,9.765625e-05
00110101110010100010,25.661818441035308,9.765625e-05
11011101101101111100,17.211051230973773,9.765625e-05
10001000001000011111,42.01253933945131,9.765625e-05
11101110000011000001,40.059062284195825,9.765625e-05
00010010000011001110,28.310107223092672,9.765625e-05
11100001101100100111,19.596063078642864,9.765625e-05
00001100010011110001,24.852914283036,9.765625e-05
11000111111001100000,15.230814660598824,9.765625e-05
11110010000100011100,23.842647003205066,9.765625e-05
10101010011001011111,73.90242064612166,9.765625e-05
01001111000110000000,16.567611218286345,9.765625e-05
01010000100010101001,36.75567565187148,9.765625e-05
00011101110010101111,27.217218777377354,9.765625e-05
11001101110111001000,12.649722165599778,9.765625e-05
01101010111000000111,30.408214351644588,9.765625e-05
01001101101110101111,31.92631118595071,9.765625e-05
10100000011011101011,49.04519117887935,9.765625e-05
00010011010010100100,16.13787003464592,9.765625e-05
11110010110100010111,22.108397224490723,9.765625e-05
01100111101111001101,18.15179906058876,9.765625e-05
10001001010011100010,23.343897411035528,9.765625e-05
11010010111011100101,22.037340907784642,9.765625e-05
11010000000110010010,17.229796213682622,9.765625e-05
11000010010111011001,34.12474032622501,9.765625e-05
10001001010001011100,30.554619041655105,9.765625e-05
00110101110010100011,24.400245295176447,9.765625e-05
00111110000000000101,29.455097609156724,9.765625e-05
10010111001100111101,18.614306478083556,9.765625e-05
01110111011010000011,23.39368974876949,9.765625e-05
10101100001000010010,23.350254000034194,9.765625e-05
10000101000000100010,19.862684958332085,9.765625e-05
11101100001100111001,17.28785142917323,9.765625e-05
10011010010001101001,33.80470431472284,9.765625e-05
11011111000011100011,30.665791237385413,9.765625e-05
11110101100000000101,23.02017545992848,9.765625e-05
01011011110011010011,17.34971088626484,9.765625e-05
01000000100010111110,46.06227652604567,9.765625e-05
10101010110110111111,67.16612938632755,9.765625e-05
10011101100010101001,21.93703284809109,9.765625e-05
10011101011010011001,18.055193684736274,9.765625e-05
10010001001010001010,27.594155684909182,9.765625e-05
10110100110111000011,14.187191844460262,9.765625e-05
00011101001011100011,20.59324311086574,9.765625e-05
00111000000110100011,19.84593086582251,9.765625e-05
11001011100110101101,19.997786535962838,0.0001953125
00101101100010000010,16.25452498943583,9.765625e-05
11010010011100001010,15.803353753773596,9.765625e-05
00011011111010001100,17.8935616141477,9.765625e-05
00001010110011111001,50.900496503209396,9.765625e-05
01001111110111010100,10.310728071505402,9.765625e-05
01011001010101101011,19.607487158727942,9.765625e-05
11011100100010000000,16.69589158849687,9.765625e-05
11000011001100000110,18.6039646750391,9.765625e-05
00101010000101000010,49.423677545304486,9.765625e-05
00101110110011010000,30.295667858566027,9.765625e-05
10001100011001110001,24.158258627343425,9.765625e-05
10100001111010101011,32.99943368831867,9.765625e-05
01110010000010010010,16.804136936525154,9.765625e-05
01111111001010010001,30.253464979585885,9.765625e-05
10110111101010100101,24.84222194038808,9.765625e-05
01001001100110100110,22.89024089585671,9.765625e-05
01011110011100010011,10.791487665392728,9.765625e-05
01100001010100011110,20.43295625787836,9.765625e-05
10110100001000011000,15.706185303543332,9.765625e-05
01111011101111100110,17.776211854629885,9.765625e-05
00111110000100101110,25.38354688149714,9.765625e-05
00001000001110100011,39.140163659921555,9.765625e-05
10011111000110100001,21.366008675514692,9.765625e-05
10011001000000010000,20.38099311322032,9.765625e-05
10001001010100110010,29.210710203152864,9.765625e-05
11011010100110011010,20.165820300894463,9.765625e-05
01010011000100011110,17.996832839096,0.0001953125
00000101101101111111,45.26713273052017,9.765625e-05
11000001011001100101,18.195466247650632,9.765625e-05
01011001000110001000,20.955193496283627,9.765625e-05
10100111101011001000,18.363908500475063,9.765625e-05
01000000011111110100,48.31326030701261,9.765625e-05
00111000011001001011,23.899056230779767,9.765625e-05
00101000001100111110,42.68925527728305,9.765625e-05
00101100110110101100,30.55372311882321,9.765625e-05
10100000100111010000,41.050402209630164,9.765625e-05
10100100101010010111,28.21617368810557,9.765625e-05
00011010100000000001,22.072400636061975,9.765625e-05
10010101010011110101,18.288015897585744,9.765625e-05
10001111001111011110,20.869831178815723,9.765625e-05
01100001100000011010,20.443256214518172,9.765625e-05
11101111110001011110,26.196334755877842,9.765625e-05
10100001000001000110,22.245750373852413,9.765625e-05
10010001100110101111,30.133064694638175,9.765625e-05
01001110011111111011,20.696096074757076,9.765625e-05
01101111001110000010,21.784193394284728,9.765625e-05
10111110111111000001,25.467092806150355,9.765625e-05
01100000100011000011,28.388511220573154,9.765625e-05
01001001101100100110,23.21765904424339,9.765625e-05
11001010101110111110,28.562195842967824,9.765625e-05
10111000000101110011,34.60730080451921,9.765625e-05
11001110100101110010,19.12261827078464,9.765625e-05
10011101101000101101,21.783648832604555,9.765625e-05
11000010110110111000,25.26837562849905,9.765625e-05
01010000011101010111,31.782176814087357,9.765625e-05
00100010101001001000,32.700088770418645,9.765625e-05
11100010010010010011,34.84342320994221,9.765625e-05
10000011011101000100,30.255430598304677,9.765625e-05
00010000001111000101,37.81626153565049,9.765625e-05
00011001001100101001,21.010579689694783,9.765625e-05
10100111100101011100,20.26778160794578,9.765625e-05
01110001100111001101,22.061982557124775,9.765625e-05
01011011000011111000,19.888053132614008,9.765625e-05
00111110100000101001,22.172508144549884,9.765625e-05
11001001111011110001,20.213466460408775,9.765625e-05
01110110001001000010,19.728736943651924,9.765625e-05
01001110001000000011,17.772678656215763,9.765625e-05
00000100001100010001,26.48887337613943,9.765625e-05
10010110000100000001,14.55820718447843,9.765625e-05
11101111110100011101,30.687765333897886,9.765625e-05
00101111001110001010,19.20495125340548,9.765625e-05
10010101000001000001,15.300986628574584,9.765625e-05
01001000111010001001,31.542131234645396,9.765625e-05
00011011111101101100,22.16154747953399,9.765625e-05
01010110000100110011,17.39354765672069,9.765625e-05
10010101110111100100,18.89670940297779,9.765625e-05
11101011000100010101,49.27953785177273,9.765625e-05
01010100100010101101,39.66416067075013,9.765625e-05
10011111100010101000,24.058111297351516,9.765625e-05
10100000110011110110,50.93772901360262,9.765625e-05
10011011101000111011,25.476615832471765,9.765625e-05
11010011001100001011,21.041684720787828,9.765625e-05
01000101010011011101,22.45959242736524,9.765625e-05
10001101111011111000,19.11915711433774,9.765625e-05
11000111011111111001,15.186530462211763,9.765625e-05
10000011011000000110,26.45308560541033,9.765625e-05
11110100000010000110,20.136357911197287,9.765625e-05
01001110111010101011,21.297504260657,9.765625e-05
00100010101110010010,39.24710811795613,9.765625e-05
00101000100110100010,32.600418378620425,0.0001953125
10101100101000000111,23.02759684236814,9.765625e-05
10001011110001001101,34.45947687929535,9.765625e-05
10000110000000011101,24.87993375606242,9.765625e-05
10001010101001100001,41.3811911399073,9.765625e-05
11000101000100110000,13.551530806161196,9.765625e-05
01000000000001100100,26.189364382017718,9.765625e-05
01110010000100110000,18.250886234095844,9.765625e-05
00100110010101010011,34.28500126043805,9.765625e-05
00000111101000101100,26.98403688821432,9.765625e-05
01001000101110111010,37.40102026114284,9.765625e-05
00101111000100110001,28.777113910291735,9.765625e-05
00010110000110011101,17.161705597589776,9.765625e-05
11001000010100111001,28.305720889812424,9.765625e-05
01011010001100000110,18.832874651926787,9.765625e-05
01011010100010100111,21.136951208169307,9.765625e-05
00111010101100000001,25.151418124136658,9.765625e-05
10001111010001011110,26.906271554841492,9.765625e-05
10011110000010101101,22.353746261128798,9.765625e-05
10000100010101100000,23.210383410788232,9.765625e-05
00101101111101010011,16.313502977253975,9.765625e-05
01000000100100010100,29.158356250501903,9.765625e-05
11010101000010010001,27.01513401257165,9.765625e-05
10110101111011100011,19.32490840884639,9.765625e-05
10110110000010001000,24.141089549539785,9.765625e-05
00110100110101000001,10.032125278946667,9.765625e-05
11111101001110001011,27.269695330400012,9.765625e-05
11000111001001001001,17.38354688149714,9.765625e-05
00000001100011011110,44.25028776204683,9.765625e-05
11000110010101110101,21.031348348628274,9.765625e-05
00000101100000100111,33.7099696937524,9.765625e-05
11010110011100011100,11.346519362965495,9.765625e-05
10110101101110100001,19.398527151177912,9.765625e-05
01111110011011001011,15.883144738562887,9.765625e-05
01010001110101000100,18.277654428200123,9.765625e-05
10000001111011111100,42.24416372719026,9.765625e-05
00110101001110010001,16.94786832766798,9.765625e-05
11011001111000101101,14.547713515811356,9.765625e-05
00111011101010010011,20.416558397238745,9.765625e-05
11110001100100010110,11.996832839096005,9.765625e-05
11010010001100001011,19.15141812413666,9.765625e-05
00110100010101110100,18.80238683929899,9.765625e-05
00010111000100011101,14.832864965889831,9.765625e-05
10110110101001111101,22.643673720473082,9.765625e-05
00000111000100100111,21.157096483331586,9.765625e-05
01100001001000100010,20.15648372715845,9.765625e-05
10010101000000101011,25.93703284809109,9.765625e-05
10011101010111100111,12.80473023349718,9.765625e-05
01011000010000100011,13.374668390322082,9.765625e-05
10101010011001111110,66.05519368473628,9.765625e-05
00101010110011010001,54.50255378451482,9.765625e-05
01001010100011000100,23.606717193584146,9.765625e-05
11110001010110010100,12.30882067777172,9.765625e-05
00110011001001100010,18.319088779150924,9.765625e-05
00101110100011101000,25.606707507547185,9.765625e-05
01001100001011101000,19.545959974141585,9.765625e-05
00110111110001011101,14.110143790146072,9.765625e-05
00000011100110011100,28.12653123032767,9.765625e-05
01001101101000111000,26.62903961523085,9.765625e-05
00110111101000000001,18.841341945186493,9.765625e-05
11000000111111111110,50.280568716384614,9.765625e-05
01100011011010001011,20.40105409159527,9.765625e-05
00111011011100011001,26.83940811623729,9.765625e-05
10100000111111100001,52.16852493858158,9.765625e-05
00110111011111001001,11.559400656060216,9.765625e-05
00000111110010110110,27.60758397117797,9.765625e-05
11001100100111110010,12.489168302403641,9.765625e-05
11001010001100100011,32.054881078572194,9.765625e-05
10101010110001101011,58.245733711801044,9.765625e-05
10010000010100111111,36.09053213901644,9.765625e-05
01000010110011010101,34.0863562172332,9.765625e-05
00001011010110010101,34.39194309598694,9.765625e-05
01111010001011000101,24.743630086919623,9.765625e-05
00110001100000011010,21.206515632876958,9.765625e-05
11110111011100001001,22.24119632360663,9.765625e-05
00110101110101010000,9.811774945476605,9.765625e-05
01011101101011000010,34.94267383401331,9.765625e-05
01110100010110110011,13.342920810523971,9.765625e-05
01001011110011011001,21.022438078479986,9.765625e-05
11111110011100010001,29.449147755781283,9.765625e-05
01011100101001000011,19.850113763620172,9.765625e-05
11100000111001111100,27.542131234645396,9.765625e-05
01000010101011011101,37.29047619988913,9.765625e-05
10011110100000101001,19.409248726191098,9.765625e-05
11000110001000011101,16.086870272891687,9.765625e-05
10100101111111011001,24.124292065496054,9.765625e-05
11100011011010001010,19.82420226842883,9.765625e-05
11000111011101010001,14.038879859092741,9.765625e-05
00110101110111000001,12.402007788462111,9.765625e-05
11011111110000100011,26.589291825649056,9.765625e-05
01001101100010111000,26.273735216223923,9.765625e-05
11001111010001000011,24.782099646342317,9.765625e-05
10101001111100000100,29.435224051506857,9.765625e-05
00001111100110010000,14.402281160320525,9.765625e-05
10111110001100100011,29.638819547249906,9.765625e-05
00001110110011010000,23.959847166969,9.765625e-05
11010110100110111011,16.659645794714468,9.765625e-05
11111101101100101000,25.27197625450907,9.765625e-05
11101101110011100100,14.241141259594219,9.765625e-05
00000100010111010000,32.012526856264614,9.765625e-05
00000101001010100111,38.47788278279656,9.765625e-05
01110100000100100110,16.445602182943855,9.765625e-05
10111111100111010010,27.750660944837236,9.765625e-05
10110101011110000001,15.04539093619971,9.765625e-05
10101010110011111000,57.155520344254654,9.765625e-05
00000000101011111100,68.02409656037896,9.765625e-05
00000111101111011100,23.82862773850083,9.765625e-05
00101100111111011011,32.44508460655438,9.765625e-05
10110010000100011010,31.8052591719058,9.765625e-05
00010000011011100000,36.743977182079476,9.765625e-05
00000011011011110100,32.57497305822964,9.765625e-05
11001100100111101100,14.611789038199284,9.765625e-05
11000000001001011110,28.098433735412684,9.765625e-05
10111001010101001101,30.095930677619542,9.765625e-05
11110110101100000000,17.537188155707916,9.765625e-05
00010101110110110001,30.3643517716309,9.765625e-05
11010101000101000000,18.93076317836544,9.765625e-05
00111010100000001101,31.466223231406783,9.765625e-05
01001100110111110111,25.41670738942424,9.765625e-05
00111001100010110010,19.19811338393387,9.765625e-05
00010010111001111000,37.40252621928551,9.765625e-05
00111011110010100010,18.014915617598426,9.765625e-05
11010000010001101000,12.51730564644216,9.765625e-05
00000000001011111000,54.53745186316556,9.765625e-05
01010101000001100011,36.10415476256052,9.765625e-05
00010111110101000001,10.509390919565359,9.765625e-05
01110010010100100100,17.117262203790755,9.765625e-05
11101110001101010110,36.41306777965033,9.765625e-05
00111000001000011011,21.88518153442827,9.765625e-05
01011011001011100000,19.140793165273266,9.765625e-05
00111010111001111001,35.356347110351464,9.765625e-05
00110100001110001001,16.542339034496532,9.765625e-05
01101110000101110111,29.14366049746713,9.765625e-05
00011000011110110001,29.40729617246184,9.765625e-05
10010100000100010001,10.341803663093119,9.765625e-05
10110111110111101100,16.097604450694767,9.765625e-05
01100110011101000101,22.01593125652507,9.765625e-05
11100101011111111001,18.942222041713542,9.765625e-05
11101111010010100010,34.24622839538562,9.765625e-05
00111011101010011000,21.135056297622324,9.765625e-05
01011101101100101001,33.471718767963786,9.765625e-05
01000000111100111110,54.817529405900224,9.765625e-05
01111001011001110010,12.342991802166678,9.765625e-05
11011001111110110011,18.073023296251947,9.765625e-05
01101100001000001111,16.737530931309248,9.765625e-05
11111111101101011101,26.63250281821459,9.765625e-05
11010111100101011101,13.288144663263406,9.765625e-05
10000000000000011111,41.07555186933567,9.765625e-05
01000000111100110110,49.33087846709348,9.765625e-05
00000100110011111101,52.242300889883765,9.765625e-05
10011000101011110110,32.29435023023356,9.765625e-05
10100110000011101000,28.51704912213899,9.765625e-05
01001110001111110010,15.341147613352845,9.765625e-05
10110011001110110111,28.34976866029979,9.765625e-05
11001011001100111100,20.830037716991207,9.765625e-05
00000111000100001101,15.80526812352169,9.765625e-05
11000011100000111110,15.471294341600853,9.765625e-05
00110000010111000010,25.27968342609317,9.765625e-05
00000111011001001000,15.803353753773594,9.765625e-05
11110101110101111000,11.677319007967917,9.765625e-05
10011010011011101010,28.795068646697764,9.765625e-05
11100101001011100000,20.906271554841492,9.765625e-05
10001101111000100010,17.162136178418855,9.765625e-05
00000011110001001100,24.151269692117832,9.765625e-05
00011001010011001100,18.915389439337037,9.765625e-05
00000011000011000110,20.963087207580326,9.765625e-05
01101100010111110001,18.714333956185666,9.765625e-05
10111011011111001111,34.30936162034423,9.765625e-05
10110100000100011001,12.857658404565198,9.765625e-05
10011111100111101011,16.083603062234108,9.765625e-05
00010000101111101000,50.533275941382314,9.765625e-05
10011001110011100001,16.96990561785082,9.765625e-05
11101001011011011100,21.884227837561426,9.765625e-05
10111100111001101010,13.645597776258134,9.765625e-05
01110111011000101101,23.349966344051666,9.765625e-05
10100000001100101010,34.798031539321435,9.765625e-05
10001110010011011010,31.850113763620165,9.765625e-05
01000001101011000100,31.669723481875156,9.765625e-05
00100000111111011111,72.33697867838038,9.765625e-05
01111011010001111111,24.664586250756606,9.765625e-05
11111100101001110011,10.791477979355772,9.765625e-05
01100110111111011111,26.71672868648176,9.765625e-05
01001000110111110001,39.77576681542229,9.765625e-05
01011100101000111011,25.903473669160817,9.765625e-05
01000110110010001100,19.120261560602017,9.765625e-05
00100011111110001100,28.29038907347605,9.765625e-05
00010010011010101000,26.22787560234118,9.765625e-05
00111101100110100010,16.708658394140482,9.765625e-05
11001010010101000101,47.31850090222399,9.765625e-05
01011110001010100111,19.604606794430186,9.765625e-05
10111010001101101000,40.64938122490607,9.765625e-05
01111110110110010011,12.22376026258244,9.765625e-05
10001000010011100010,37.66096333591973,9.765625e-05
01111110100100001011,20.446212229094446,9.765625e-05
01100100100111111101,29.11868740796638,9.765625e-05
10100110001000011010,28.727101278270467,9.765625e-05
01001011111010000011,19.68756837372726,9.765625e-05
01011101101011001010,39.721247279592106,9.765625e-05
01111100111011111011,14.223718623317858,9.765625e-05
01011000011000000100,11.128208447846506,9.765625e-05
00010100010101110010,24.404492121475204,9.765625e-05
01101011011010001000,20.093416954809953,9.765625e-05
10001011100000001111,29.996832839096,9.765625e-05
10101101111011011000,19.64559777625813,9.765625e-05
01001111000000111110,18.931041148311014,9.765625e-05
00101110111000011100,31.977420036201615,9.765625e-05
10001100011100111001,25.85134336770391,9.765625e-05
01110100111001010001,10.054168996226732,9.765625e-05
11001101000110110110,13.007209218263423,9.765625e-05
11110110011111011001,14.942161557656052,9.765625e-05
00111000011101111111,38.60244113492013,9.765625e-05
10011100000000101101,16.385660001513465,9.765625e-05
10011101000110101010,19.331818091918624,9.765625e-05
10100111000000001011,28.333671977609228,9.765625e-05
00101100000101001011,23.839417802274248,9.765625e-05
11010001100110110001,22.29758149389306,9.765625e-05
10000111000100100000,16.64598930783231,9.765625e-05
10001000000100100001,34.4696586762194,9.765625e-05
11001101010001110100,8.043828972483508,9.765625e-05
00010110001000101111,27.839417802274244,9.765625e-05
10101101101010100010,18.12196396247412,9.765625e-05
10110000011001011100,30.476799378690938,9.765625e-05
01100010110100010111,34.67251784682484,9.765625e-05
01011010100110010000,16.74034122388923,9.765625e-05
00111110110011011111,23.643432214715094,9.765625e-05
10010101101010100111,37.165885992504954,9.765625e-05
10010101001010111001,29.966488996194915,9.765625e-05
00101011000101100001,38.64840462439451,9.765625e-05
01010010011000010001,14.914991840833565,9.765625e-05
01100000001100100000,22.09688872801511,9.765625e-05
11101101001100110011,18.707140056130157,9.765625e-05
11000010000000110100,20.41361371220561,9.765625e-05
01001001001000001100,16.825992226028,9.765625e-05
00000100011111010000,37.23203904093773,9.765625e-05
11110010010011000011,24.64535980207095,9.765625e-05
10111011010001100100,41.44763722613001,9.765625e-05
10001000011101010000,49.429889353868,9.765625e-05
11010100110001001001,11.09180719736302,9.765625e-05
10100010000111010011,57.85091381556316,9.765625e-05
01101100001100110110,12.157375187698229,9.765625e-05
00010110011110101001,20.506339943185303,9.765625e-05
11111011111010011101,22.91271789273892,9.765625e-05
10000011101000010011,29.04449148179701,9.765625e-05
00000101000101101000,22.910636540856007,9.765625e-05
01000111010001000101,11.18307534021815,9.765625e-05
00011011111101101101,24.15293558009352,9.765625e-05
00110101111001000000,14.1849319359313,9.765625e-05
01000111110001110100,14.428347143620165,9.765625e-05
00010110110011100100,24.623554058978065,9.765625e-05
01100101000111010110,15.63575869932902,9.765625e-05
01011101011101011011,16.469369562234554,9.765625e-05
10100101001111110001,21.186530462211763,9.765625e-05
01101101100010111011,23.976370778904972,9.765625e-05
00001101110101010000,16.115697737192075,9.765625e-05
10000101111001101000,23.529945329914305,9.765625e-05
11011111101110001010,29.175308751092913,9.765625e-05
11101101010101100101,20.549321804416156,9.765625e-05
00010110000111011111,22.297934008688344,9.765625e-05
10001101000100100010,15.14956675216835,9.765625e-05
11101111110011101100,23.285039444419205,9.765625e-05
01011111100000101001,33.560182859832274,9.765625e-05
10010101010100011000,13.938243069261102,9.765625e-05
00010010011110110001,33.32604304028653,9.765625e-05
01111100011100111011,8.076822672530191,9.765625e-05
01000010000110101100,26.065164051861718,9.765625e-05
01001111000000010000,19.14395240860172,9.765625e-05
11001101111010101110,18.844483405296035,9.765625e-05
11101100000010111110,18.7014083851924,9.765625e-05
10100111000000101101,27.813802876853302,9.765625e-05
10001100001101010001,22.858852698104904,9.765625e-05
10010010101010101001,25.10744623764642,9.765625e-05
00111011101110011011,21.243693384364853,9.765625e-05
00001111100010101011,20.64654178708801,9.765625e-05
11001010001000011101,31.72439403973386,9.765625e-05
10000111100010001000,16.144810958160907,9.765625e-05
11100101111111010011,16.94867108963351,9.765625e-05
00110000001011000100,24.12612627400567,9.765625e-05
11110100011011111101,15.13312871026647,9.765625e-05
00110001010111000110,18.20306158823952,9.765625e-05
01101010000000010000,33.99851005661484,9.765625e-05
11101100011110010001,19.086568381452878,9.765625e-05
01000010100110010000,24.01148529856363,9.765625e-05
01110011011000010100,11.638127571399416,9.765625e-05
00101110010000110011,35.22018896731436,9.765625e-05
00101010001000011000,40.88590505508026,9.765625e-05
00111001100000100001,17.076161915486264,9.765625e-05
10001111100101111000,17.66479831700927,9.765625e-05
11100000011111101100,34.384323724688336,9.765625e-05
11111110000100110010,34.452894876036694,9.765625e-05
10011110001001000000,25.300420931711116,9.765625e-05
00010010100110101011,32.99943368831867,9.765625e-05
01000001100110000010,32.20589590068941,9.765625e-05
01110000000110101001,21.57780281001074,9.765625e-05
01101000010010101011,27.117181526111093,9.765625e-05
10110100010000100001,12.737530931309246,9.765625e-05
11101101101000000001,21.80910934620458,9.765625e-05
00001010101101000000,38.65754652875996,9.765625e-05
00101110010100111110,40.40487125698988,9.765625e-05
00100111010101110100,23.106608088849473,0.0001953125
01100001111100110111,29.32604304028653,9.765625e-05
01101110100101010111,25.491054337622117,0.0001953125
10100110111100101010,29.22632090890665,9.765625e-05
00000101001010100001,33.158398096906545,9.765625e-05
10101000111101101011,50.706676477193284,9.765625e-05
01000010001110000100,24.065164051861718,9.765625e-05
00010011010101000101,16.19026219291423,0.0001953125
11010111011001100011,23.6427902916677,9.765625e-05
11111110100110010011,24.9595152758582,9.765625e-05
10011110011111100011,19.751202622240466,9.765625e-05
11000011101100001101,17.803353753773596,9.765625e-05
11110111111101101101,14.457665661557655,9.765625e-05
00001000111001011011,55.438931208479865,9.765625e-05
01100010100000111100,25.001197825110516,9.765625e-05
10001110111111001100,33.06862342900738,9.765625e-05
10111101011010010111,20.269624338757296,9.765625e-05
10011001101010011010,25.2831215431003,9.765625e-05
00111111111011000001,13.883144738562883,9.765625e-05
00001010101110011100,44.01940031970769,9.765625e-05
01101100001000010010,10.043828972483512,9.765625e-05
10000001000001100100,18.78916282131053,0.0001953125
01110100010001110100,12.181228430541958,9.765625e-05
01011010101010000110,19.627714053131008,9.765625e-05
11011100010011101010,12.554082795136782,9.765625e-05
01010011100000111000,24.646015950187895,9.765625e-05
10110011001001011001,25.32128287111417,9.765625e-05
11111010110111111001,31.908927468076563,9.765625e-05
00011101111010100001,23.205100332718168,9.765625e-05
00110110101011101011,23.240754326107204,9.765625e-05
11111011110111000111,27.126331658101524,9.765625e-05
11110001101001010000,13.693620350424762,9.765625e-05
01111101001010000000,30.120227904403997,9.765625e-05
01111110100010000001,22.508328836146916,9.765625e-05
00110101010001110011,15.591276474254972,9.765625e-05
11111100000000010000,23.571729366034646,9.765625e-05
00100010001101110010,46.40448243543825,9.765625e-05
11101111101110010110,23.968241803443625,9.765625e-05
00110000011101110000,30.090532139016442,9.765625e-05
11000011011111111000,20.329826488934472,9.765625e-05
11011110110010101100,15.157450641633048,9.765625e-05
01010101111111011001,36.82801705589619,9.765625e-05
11110010000101100100,27.02348567063426,9.765625e-05
11100110110010111100,18.41127845850521,9.765625e-05
11000011100100001100,11.565077850771768,9.765625e-05
11011100000000100001,14.218550581070552,9.765625e-05
10110100010101110010,16.442431490469048,9.765625e-05
10010110011100011011,19.60078774097095,9.765625e-05
10110001111100100011,16.556754636002157,9.765625e-05
11001111101110100011,21.04140698501397,9.765625e-05
01010100000000001001,22.68741814077101,9.765625e-05
00110100100010010001,15.569945562901625,9.765625e-05
11111110100011101000,28.193524463297862,9.765625e-05
01111011100110110010,21.81648647732412,9.765625e-05
10110100111001101011,16.733268090252988,9.765625e-05
01101111000000100000,32.921714347739155,9.765625e-05
00001111010101001100,18.201293762445633,9.765625e-05
00110101010100100100,14.42458315417334,9.765625e-05
10001111010001100010,23.550962693542445,9.765625e-05
00111011100000011010,24.9977838259403,9.765625e-05
01101111111101111110,16.515785823397863,9.765625e-05
10001000110111001010,47.00177591803349,9.765625e-05
10101110111100110110,42.148986156362895,9.765625e-05
10101000111011100011,43.44791362391441,9.765625e-05
11100001010100000110,16.046708477404977,9.765625e-05
11110010001000001000,19.774909810992618,9.765625e-05
11111011000000000101,46.34350834451581,9.765625e-05
00000100111011011001,49.073270858099406,0.0001953125
00110011010100110000,19.395726544634876,9.765625e-05
10111100001001100010,16.47759243298333,9.765625e-05
10010011111011000010,21.27877157563097,9.765625e-05
00101011001001010010,29.511132152712484,9.765625e-05
00100000111001110010,48.99523370924715,9.765625e-05
00011111110101100011,13.62354989095321,9.765625e-05
00110100001000011110,21.163915617183328,9.765625e-05
10101010000010010001,62.021122915201985,9.765625e-05
00010001011101111000,33.955353415276825,9.765625e-05
01011101100111100101,22.685124733475256,9.765625e-05
10110001101010101100,22.087381640163816,9.765625e-05
00101111100000101000,24.804378442283145,9.765625e-05
01110110010101011000,12.267781607945778,9.765625e-05
11110100011101011011,9.314418359286979,9.765625e-05
11100000001100001101,25.43240751733352,9.765625e-05
10000100001101111001,28.450612732793054,0.0001953125
00000010001000101110,40.11097307486399,9.765625e-05
00110001100000010010,17.08834782021735,9.765625e-05
11110111100110110111,23.400328046424605,9.765625e-05
11001100000000110100,10.188347714402749,9.765625e-05
00101101100111011100,19.161705597589776,9.765625e-05
11111010011100111001,32.6676414935382,9.765625e-05
00011100111000100000,16.815312203152196,9.765625e-05
01100001010011100100,18.49185064001442,9.765625e-05
10001000101000101001,32.058608418327566,9.765625e-05
01011100001000110000,15.52302211333086,9.765625e-05
11101001000100100011,26.58642646905666,9.765625e-05
11010000100110110101,21.157379649990343,9.765625e-05
11011100101110100011,14.826938957720241,9.765625e-05
00010111010111110111,18.77051330181278,9.765625e-05
00101010011100010001,57.97344128172905,9.765625e-05
00011011110000000100,16.9902194315269,9.765625e-05
10100110010100101010,33.6243319092214,9.765625e-05
10011101111111100101,13.564533719153907,9.765625e-05
10011111001000111001,24.783987373734817,9.765625e-05
00010010100011110011,36.444068956787916,9.765625e-05
01011101010101010100,9.827491218996066,9.765625e-05
10110101100000101011,21.995927230227153,9.765625e-05
00101101100001000001,14.31669937052324,9.765625e-05
01001001011001111100,20.07455560248294,9.765625e-05
00010110111101001010,24.619783093516823,9.765625e-05
01011110000111000110,15.95387595507836,9.765625e-05
10111000111001011011,30.50997869852528,9.765625e-05
11001101110111111110,12.75537302601161,9.765625e-05
10000010100111111000,42.68887967333917,9.765625e-05
11001111001111011010,16.793340816662273,9.765625e-05
01010000000000110011,24.806215578795182,9.765625e-05
01011111010000100001,23.596168733535734,9.765625e-05
00101100101100100110,20.115697737192075,9.765625e-05
00000101010001101000,24.064268129029823,9.765625e-05
11000000111111101100,42.00870435836177,9.765625e-05
01001000000111101100,30.279671851991594,9.765625e-05
11001001111010011110,18.80238683929899,9.765625e-05
00111010100011000010,25.308643187642026,9.765625e-05
10110001101000111000,19.135470939981282,0.0001953125
10011000111101101110,33.91544368180118,9.765625e-05
01111101010000011010,22.46635126266338,9.765625e-05
00111100100101010111,13.687568373727263,9.765625e-05
01111110100100010110,19.78897031263565,9.765625e-05
10000101011011101010,28.881398085780326,9.765625e-05
01010101010011110000,28.049566857982953,9.765625e-05
10001110010101000101,44.35868934006628,9.765625e-05
00111110110111111100,25.19805560989892,9.765625e-05
10110101011000000101,16.09341695480995,9.765625e-05
00000101001010001000,32.03728404283482,9.765625e-05
00100011111110011110,34.856282169400046,9.765625e-05
11001101000101100000,12.156433974018086,0.0001953125
11110000011101111011,20.752424281717005,9.765625e-05
11000001101111101000,29.265253747603484,9.765625e-05
10000101111011111100,31.999017157895093,9.765625e-05
11001001111001100011,18.536714928605562,9.765625e-05
01111010000100101100,27.979989732108727,9.765625e-05
10100110010110001100,36.49351890591736,9.765625e-05
00100101010101100001,18.71737868013256,9.765625e-05
01011000001000110001,16.463742441213967,9.765625e-05
00000000101111101010,69.36927340492598,9.765625e-05
00100101010010000101,20.002395650221032,9.765625e-05
01011011001000000100,19.56012228864759,9.765625e-05
00010111111010111001,29.533936785553436,9.765625e-05
01000000111110110010,53.27811530296846,9.765625e-05
11110000101100011100,12.636527499989445,9.765625e-05
10011100011001111001,14.92743083626404,9.765625e-05
10111000001011011001,31.820180933130562,9.765625e-05
01011000101011100000,24.472236289702064,9.765625e-05
01000010101111101010,42.82326117476155,9.765625e-05
01001100110110010001,16.04953117688428,9.765625e-05
11010101001101001111,24.35020349628093,9.765625e-05
01100101001001100011,23.222013696927082,9.765625e-05
10111011001001010000,41.10853223176173,9.765625e-05
10001110110010101111,29.82998368166713,9.765625e-05
10100101101111001000,18.54233903449653,9.765625e-05
11010011100110100000,17.037021276938297,9.765625e-05
00001110111101100010,29.058948635440018,9.765625e-05
11011011010000110010,23.061507703749058,9.765625e-05
10111101001101101001,16.625830902189474,9.765625e-05
10011001010100000000,16.20531780776644,9.765625e-05
10110010001001011000,31.104700695115795,9.765625e-05
01010010010111001100,18.54694814875472,9.765625e-05
11011111010110000001,23.7984587628341,9.765625e-05
11011110101010110000,18.82316080910452,9.765625e-05
11010100100010111011,26.248611464452935,9.765625e-05
11110001001100110100,14.250886234095848,9.765625e-05
01100110010101100101,25.2831215431003,9.765625e-05
00111100110011100111,16.29793400868834,9.765625e-05
00000111101010011000,24.759014284234066,9.765625e-05
11001000110111011100,33.91718937724042,9.765625e-05
00010110010001110011,20.846878321096,9.765625e-05
10101111111001101011,26.517638974667403,9.765625e-05
10101011100000111010,36.36629184217345,9.765625e-05
10100100110111000001,27.7323756118647,9.765625e-05
11001000010111010100,32.85136655477607,9.765625e-05
00110110010001100111,22.32088686640806,9.765625e-05
11010010011101110000,20.101850542572457,9.765625e-05
01000101100010111001,40.911865497645884,9.765625e-05
00010110100111000001,15.070058406347163,9.765625e-05
10001111001001011001,22.39293145610395,9.765625e-05
10111011011101111001,38.682791455376325,9.765625e-05
00011101010010000001,14.071495027193127,9.765625e-05
10001010000100101000,39.9699162129729,9.765625e-05
00011000000000010000,18.298198418091047,9.765625e-05
11101001001100100101,23.241114617238637,9.765625e-05
10011110111110011001,17.600787740970947,9.765625e-05
00101001000001101111,28.608152170923923,9.765625e-05
10110011000100101000,22.546612590278066,9.765625e-05
11100010110111001100,33.665511966120434,9.765625e-05
10101000001010000001,37.13547093998128,9.765625e-05
11001000110011111010,26.86826119420494,9.765625e-05
00011010101110001111,30.00321089537326,9.765625e-05
01100010000101110100,33.934161249905344,9.765625e-05
01010101000000100101,33.79534106080321,9.765625e-05
11011000011011010110,18.73711275737948,9.765625e-05
01001010101100111100,30.302916838825784,0.0001953125
00000000001111000000,44.98582873387811,9.765625e-05
00100111101011011001,18.691793977305853,9.765625e-05
11100101111001111110,14.618944944719871,9.765625e-05
01100101010001100000,15.69177344074857,9.765625e-05
00010111110010101000,25.282167846233463,9.765625e-05
01011111001100000100,23.959028477373167,9.765625e-05
11111100111100011001,7.523690864237709,9.765625e-05
11100011011111111100,25.198055609898923,9.765625e-05
01011010101110011100,20.670683420335347,9.765625e-05
10001001000001001100,22.426686588152705,9.765625e-05
11111000001100011001,20.871148720020987,9.765625e-05
11101011000010111110,31.48574813792746,9.765625e-05
00110110101100100010,17.273681180899846,9.765625e-05
11110100111101010111,8.177023363520647,9.765625e-05
00010100100110101110,42.15354466890081,9.765625e-05
10111110101100101111,25.025383378330986,9.765625e-05
11011101001110000101,21.095395340186343,9.765625e-05
01000000000100010010,26.058608418327562,9.765625e-05
01100011101111010110,20.353369013678737,9.765625e-05
11010111100110111101,19.183745870426232,9.765625e-05
01111111000100100000,36.75463156965182,9.765625e-05
01101111110101010001,21.604606794430183,9.765625e-05
11111101100001011010,26.08757097702616,9.765625e-05
10110001001100001100,16.116302265330567,9.765625e-05
00010001111111110000,42.86441028548509,9.765625e-05
10111110010011011001,37.171516350829094,9.765625e-05
01101100100011111001,19.406967714954835,9.765625e-05
10101001111111000001,34.50997869852528,9.765625e-05
10000001110111000100,31.3670109113297,9.765625e-05
11100100110111010110,18.57021280193008,9.765625e-05
00000010100010011100,38.60882062756351,9.765625e-05
11001010010001111000,32.32926432364181,9.765625e-05
01010111010111000110,16.447930373092987,9.765625e-05
00001001011111000100,29.099878398789414,9.765625e-05
11110000011100011110,14.959795634527401,9.765625e-05
00100000001010100001,36.2460843385317,9.765625e-05
11111111100111011010,29.577866923606052,9.765625e-05
10011110010110000101,24.66196313434327,9.765625e-05
10100100010111011001,34.201869069058674,9.765625e-05
00100011100101001000,21.8935616141477,9.765625e-05
00110110001100110001,15.763881136987631,9.765625e-05
01110001000100100101,16.51704912213899,9.765625e-05
10100101111010110000,22.101850542572457,9.765625e-05
00111010000000110101,38.712451528825376,9.765625e-05
00000100000111010001,28.565658664557095,9.765625e-05
11110110100110101001,16.58348470077647,9.765625e-05
00111101110000111011,17.759146788622587,9.765625e-05
10100100010011100000,25.62492592977467,9.765625e-05
01101110110101000111,27.66284312954486,9.765625e-05
10010001000001100101,16.9463878848159,9.765625e-05
01110111101110100011,30.304011169739113,9.765625e-05
01010001001010010000,30.089713449420607,9.765625e-05
00111111100010010101,23.113189434017904,9.765625e-05
01110101011111100110,22.35448156302243,9.765625e-05
00100101010000011100,19.930364376509583,9.765625e-05
11010101000001101011,29.726286327385502,9.765625e-05
11101110000010010010,35.34176815624885,9.765625e-05
00000011000111000001,22.91169591425191,9.765625e-05
11000100010101101101,18.28748652911482,9.765625e-05
10011110011100010001,23.50643582491402,9.765625e-05
10011010101100101101,29.9070768196895,9.765625e-05
00111111011110101000,17.221066241653595,9.765625e-05
11010000011100010110,18.055486537431996,9.765625e-05
11111110110100010001,26.97783748655013,9.765625e-05
01110001001010110110,25.170500613935424,9.765625e-05
01100011011111110011,28.791526088989947,9.765625e-05
01010010101110001101,26.00418749588482,0.0001953125
00101011100010110101,32.444284641738584,9.765625e-05
11110101110000011101,13.967391895041231,9.765625e-05
01111010101110110110,19.84340925791338,9.765625e-05
11001111101000111100,17.386340217758494,9.765625e-05
00110000000010010000,19.03220595662633,9.765625e-05
10011101000001100110,18.625561600432345,9.765625e-05
01011111100110101100,25.945506295816948,9.765625e-05
11011000101000100100,13.557519708791535,9.765625e-05
10011001111001100000,15.319319395519576,9.765625e-05
00001110110001110010,27.72594176799379,9.765625e-05
01110111111011011101,16.319823139483425,9.765625e-05
01110110011011111101,17.604365277832375,9.765625e-05
11001011011001011000,22.027596842368144,9.765625e-05
00100001010111001011,36.95125652766706,9.765625e-05
01110101100000010010,28.761986226440655,9.765625e-05
10011000111111000011,31.627179596710285,9.765625e-05
10110000000111000000,22.735205363645804,9.765625e-05
01111011100010000110,22.119084234220757,9.765625e-05
10101010111011111001,58.72583620022811,9.765625e-05
00111010111100111111,37.86502928325157,9.765625e-05
00011111010000101011,18.915659661019106,9.765625e-05
00110111111100001011,14.320886866408058,9.765625e-05
00111001110111000011,16.580297160746422,9.765625e-05
00110011111010000110,15.872294103604782,9.765625e-05
10001011110010101010,24.008411505666054,9.765625e-05
00011001011010111100,25.29471687172173,9.765625e-05
10110100000000111001,15.6315712034442,9.765625e-05
01100111110001010110,12.470879699241895,9.765625e-05
11010011100110001100,13.46622323140678,9.765625e-05
00100001001101000010,22.130328103723436,9.765625e-05
01100010111001010110,30.02931498636668,9.765625e-05
00101101100111110010,15.45366297475205,9.765625e-05
00010001111110111111,55.87747618541778,9.765625e-05
10001000110010111011,44.64406963805199,9.765625e-05
10100000011001111111,56.28112994011615,9.765625e-05
00000000000110000010,39.0431781086166,9.765625e-05
10001011000001110110,34.04041768333583,9.765625e-05
01111100101110011010,13.737018654951994,9.765625e-05
10010010011000100000,21.93599120326291,9.765625e-05
10001101011001110101,17.56176424429023,9.765625e-05
10000010100111010011,49.92802932994924,9.765625e-05
10101111010111101010,32.63339874104648,9.765625e-05
01110001010001101001,17.869959758989502,9.765625e-05
10010010111010101000,24.22787560234118,9.765625e-05
10001011101100101100,26.132627763452355,9.765625e-05
01111100110011010001,8.691345580781853,9.765625e-05
11101010111111100111,45.507173923957396,9.765625e-05
11111100101100011111,11.02539306436794,9.765625e-05
11010011100111100100,14.847794437550071,9.765625e-05
00011001110111000010,20.38294216785477,9.765625e-05
00011111101000001111,24.083729754343267,9.765625e-05
01000001001100111100,31.118868429666882,9.765625e-05
10000000000100101110,39.006269669725654,9.765625e-05
10100100111101101100,31.542131234645396,9.765625e-05
11110001011000011000,12.469444721902118,9.765625e-05
11001011011011100110,18.176772062962314,9.765625e-05
11000101001100000110,19.72439403973386,9.765625e-05
11010011101010001101,19.801083250122556,9.765625e-05
00001000110011010000,43.738761553241496,9.765625e-05
10001110101111110110,31.261196094752492,9.765625e-05
11111110001100101101,29.733541549238602,9.765625e-05
10000110011001011101,33.48757622485659,9.765625e-05
11100000011000010001,22.566025306045262,9.765625e-05
10001111101101010000,19.66479831700927,9.765625e-05
00010010001011110000,30.08551806843625,9.765625e-05
10000111011011010000,18.310728071505398,9.765625e-05
11001110010111101010,19.455943985988306,9.765625e-05
01110010000111000100,18.965008553342837,9.765625e-05
01010000001110101001,35.26525374760348,9.765625e-05
01101010101001101011,31.845930865822506,9.765625e-05
00110001101010111000,32.130328103723436,9.765625e-05
11011100000000010011,14.487343649078301,9.765625e-05
10000110000010111000,20.39128058667344,9.765625e-05
00011101101010110000,28.386412150962332,9.765625e-05
01000000100000111110,39.78016374382461,9.765625e-05
11110000100100101001,11.803353753773596,0.0001953125
10110110001000001101,24.85860042895379,0.0001953125
00110011000011011010,19.58509979073163,9.765625e-05
11011101000100110001,18.83849357194439,9.765625e-05
01010101101101101101,42.05110291376464,9.765625e-05
01001110110111101101,22.506339943185296,9.765625e-05
10000111010010010100,18.983695947520616,9.765625e-05
11101101110001101010,15.508331546169451,9.765625e-05
01100111010001100111,19.136000308452207,9.765625e-05
01110101100100111011,29.771361115010496,9.765625e-05
00000000001010000000,35.492914366939054,9.765625e-05
10000100011111100001,33.68982712861266,9.765625e-05
10001001101100000000,20.967995601631454,9.765625e-05
00011011101111101000,20.06915624192192,9.765625e-05
01111010000000110011,27.540659292459026,9.765625e-05
00111100011100010011,8.447156152797133,9.765625e-05
10100011000001111000,31.037021276938294,9.765625e-05
00100110101101011010,26.287681845779257,9.765625e-05
11011111111110111001,15.68079358916264,9.765625e-05
10010111000111011101,14.014915617598433,9.765625e-05
11100101111101111010,15.53867113391848,9.765625e-05
11100010001010110001,30.27937275770253,9.765625e-05
00001100110101001111,36.13347933699713,9.765625e-05
10011110010111011011,23.598847757555596,9.765625e-05
10110010100001001001,25.71883729553812,9.765625e-05
11011110011101101100,16.575984321991363,9.765625e-05
10001110100000100100,26.665405555170306,9.765625e-05
11101101001001011111,18.53592838853759,9.765625e-05
11010000000001110000,13.938185295226155,9.765625e-05
01011101100010101000,41.39242601996607,0.0001953125
01110000001011100001,22.245669696172747,9.765625e-05
00000010000011001010,34.45947687929535,9.765625e-05
11011001001100101100,15.855108167859186,9.765625e-05
10001110010011011001,33.43590249929048,9.765625e-05
00010101100001000001,23.300986628574584,9.765625e-05
00110011111000010010,16.11210968149595,9.765625e-05
11000101000001110100,10.897158708586911,9.765625e-05
00011010110011010000,28.130328103723436,9.765625e-05
00101110101000011000,24.63463531030482,9.765625e-05
10111000000101100111,34.48769616387358,9.765625e-05
11111101111001110111,11.644639911366436,9.765625e-05
11001110001001001010,21.696504344670004,9.765625e-05
11000011100110101100,14.247051253006308,9.765625e-05
11100100111110011101,20.221868709351863,9.765625e-05
01001010110000111100,27.653191228782397,9.765625e-05
01101010110011000100,32.59035536706981,9.765625e-05
00011100110011010010,18.506339943185303,9.765625e-05
11000110001000001101,17.343709070385508,9.765625e-05
00111000101111010010,24.197984618256214,9.765625e-05
11101110001100001111,35.09539534018634,9.765625e-05
11111101101001111111,19.058945278123616,9.765625e-05
00010000101110111001,52.55153621001444,9.765625e-05
11110010101100110010,18.945398975781696,9.765625e-05
01001111110010101110,18.24798902224284,9.765625e-05
10000100001100110100,26.018783101242445,9.765625e-05
00111011111001001011,19.826533168600502,9.765625e-05
01111000111010000110,10.766849362119531,9.765625e-05
11001011000110001001,25.149626278472873,9.765625e-05
11110100001000110001,13.328981156983051,9.765625e-05
00001101001111110101,18.50544674121577,9.765625e-05
01110110101101011001,13.101493674248449,9.765625e-05
01101101111010000011,16.53579962285994,9.765625e-05
11011000010111011100,20.7365062427997,9.765625e-05
11000111110111110000,11.651276135453056,9.765625e-05
01111111100110100100,27.77084599283566,9.765625e-05
00101110001011100010,23.06861926098253,9.765625e-05
10110111010001100000,24.508328836146916,9.765625e-05
10100000001011001101,43.520295317216465,9.765625e-05
10011010110010000011,28.13690591732106,9.765625e-05
10001000001101011100,47.38222373515258,9.765625e-05
11110111000100001001,31.505634826057886,9.765625e-05
10010001110110100011,25.84208964313962,9.765625e-05
11101100010000010010,19.412370607086665,9.765625e-05
01001100010101100101,17.012438995430472,9.765625e-05
01011010010101110011,25.101480456640687,9.765625e-05
10111001010101110111,30.40391518219579,9.765625e-05
10101110100111101000,33.472245328445155,9.765625e-05
11011101010001111011,15.809937085383321,9.765625e-05
01001110110100101010,19.097495242594896,9.765625e-05
01111111001010110111,26.731607083835357,9.765625e-05
11100110101000010001,18.645635883951908,9.765625e-05
00110001111110101111,34.053496822512464,9.765625e-05
10000110000101011011,28.111320267990862,9.765625e-05
10111011001110000010,32.14299005438626,9.765625e-05
00111111010100011000,24.795645673104374,9.765625e-05
01101001110100000001,20.49135967350453,9.765625e-05
10000111011101111000,19.18971084072352,9.765625e-05
00101100011000110010,19.35119521371434,9.765625e-05
11101000100101110110,30.297591179930016,9.765625e-05
10011111101100011001,20.107596448966486,9.765625e-05
00111100101010100111,15.951935884535807,9.765625e-05
01110111110000000110,21.394763896152156,9.765625e-05
01000000001000010000,22.85103530011932,9.765625e-05
01111110001111010011,14.977643334369063,9.765625e-05
01010010100011001000,20.853373176305407,9.765625e-05
00001110100010101101,24.914991840833565,9.765625e-05
00111010010101010110,46.97483720981393,9.765625e-05
01000000001010110100,34.714334679766914,9.765625e-05
01001111101111011110,15.45080114973046,9.765625e-05
00000011010101100101,32.77145774195665,9.765625e-05
01011101110010110001,23.502719923465186,9.765625e-05
01010010010010001000,11.809877237779881,9.765625e-05
10010110111011000001,18.601564671289342,9.765625e-05
01011101000100000011,23.433139353147354,9.765625e-05
11010011111110001000,13.82115753364212,9.765625e-05
00110000100110100010,25.16191432816222,0.0001953125
11101101111111001111,15.604365277832375,9.765625e-05
00011001011111000001,18.050166211044452,9.765625e-05
10110010111110001010,25.09874721179288,9.765625e-05
11011110111101101110,16.252382429914178,9.765625e-05
01111101001110100010,24.511183685154087,9.765625e-05
10100000100101110110,45.999017157895096,9.765625e-05
10101101101011100000,15.821273081712011,9.765625e-05
10000010001101011000,42.80560282262205,9.765625e-05
01000101010101100100,17.73406531257023,9.765625e-05
11111000001101000101,23.904199067037617,9.765625e-05
01110000000001110000,16.181228430541957,9.765625e-05
11110111001000111101,29.354761263601397,9.765625e-05
00011001001110111001,26.16490491886146,9.765625e-05
10111101101000110010,19.98909114005678,9.765625e-05
11110010100100000101,19.95011541007514,9.765625e-05
01101000011101011000,32.80560282262205,9.765625e-05
11110010011011010000,21.976693805527077,9.765625e-05
01011110111010011111,16.423194621325365,9.765625e-05
10111101011001000010,18.446212229094446,9.765625e-05
01001110001100110100,15.642143622857306,9.765625e-05
10111100000000001000,24.223685396433822,9.765625e-05
11001110000001000000,25.43624874001641,9.765625e-05
10010000110100000111,29.142825596770102,9.765625e-05
10000111001100011100,18.086870272891684,9.765625e-05
10001001111111000010,30.574973058229638,9.765625e-05
00010101010110110111,29.086455837672787,9.765625e-05
00000100010001001000,26.139835925995797,9.765625e-05
01110011101100001111,18.097604450694767,9.765625e-05
01111110001000100000,26.254721215185384,9.765625e-05
10100110000000100000,30.28947813209897,9.765625e-05
01111010011000100010,18.328965229352747,9.765625e-05
00111101111101011110,13.133128710266469,9.765625e-05
01110101110011111010,30.808485260488297,9.765625e-05
01111100101100000101,9.691773440748571,9.765625e-05
01001000001100001011,28.01253933945131,9.765625e-05
10101001010001100000,31.483450893953815,9.765625e-05
00111010110011110101,39.741637749514396,9.765625e-05
10011000100100100011,20.52925367536274,9.765625e-05
11011100010000100001,8.70800557086394,9.765625e-05
11000010001000010110,24.51269653218397,9.765625e-05
11010010111110111101,22.393734941650724,9.765625e-05
11011011000011101010,23.248663818442797,9.765625e-05
11101010001000011100,41.72665288174647,9.765625e-05
11010000110101010111,22.983486504163295,9.765625e-05
10101011011111010110,52.40818873797734,9.765625e-05
00100000101011010011,46.91251460384775,9.765625e-05
11000000111110111001,41.42866935953383,9.765625e-05
00110000010001110000,25.160138410128734,9.765625e-05
01000101001101101101,30.089048437224626,9.765625e-05
10011011100010001010,22.040724782327636,9.765625e-05
10100100011101111001,32.97899087524632,9.765625e-05
11011100111110100111,11.867965544359485,9.765625e-05
10010010100011101001,24.251238748891126,9.765625e-05
01011000011001100110,18.124346835241198,0.0001953125
11000000010110010000,23.430856268342602,9.765625e-05
11101100001001000110,18.716569676573677,9.765625e-05
11011001101100110001,17.491339283582107,9.765625e-05
01000110000010110010,19.733610810247924,9.765625e-05
01000111110110010110,17.976596171528776,9.765625e-05
11001110110111111000,16.523684622644357,9.765625e-05
10000101001101101010,22.806215578795182,9.765625e-05
00001110110110000110,27.556523725366244,9.765625e-05
10100110100010101010,25.15560562002148,9.765625e-05
10000001110010010001,30.293756198840473,9.765625e-05
10101010001001110010,56.064649250985795,9.765625e-05
11111110000000010011,40.55989969317352,9.765625e-05
10111110011101000110,38.27060093926886,9.765625e-05
10010001011111000110,26.213854362035473,9.765625e-05
01100000101110101011,41.87369179520871,9.765625e-05
10011010001011101001,27.63575869932902,9.765625e-05
01010011010001111110,18.358274697707323,9.765625e-05
11010110100001001001,14.849166308346678,9.765625e-05
11000101010011010100,10.649722165599774,9.765625e-05
00001100110101000000,22.938526235919863,9.765625e-05
10111000110010110010,23.82998368166713,9.765625e-05
01101011100110000001,26.333607227559874,9.765625e-05
10010011101000011000,19.313898763980205,9.765625e-05
11111110001110010011,26.982454915970166,9.765625e-05
10011111001100101101,21.131381213889803,9.765625e-05
10001101101011111101,20.16490491886146,9.765625e-05
01101110101100011001,20.783920560956787,9.765625e-05
11111100111001100010,9.160867448792828,9.765625e-05
00100000100110101010,44.09538464709724,9.765625e-05
01101000101100100100,22.144560588323884,9.765625e-05
11111011011111001011,27.76391319897865,9.765625e-05
10101000000000110010,38.32270524566405,9.765625e-05
11011100111101011000,8.825638067726526,9.765625e-05
01000101110111110010,33.93282769394258,9.765625e-05
01110010011101011011,22.491754034704453,9.765625e-05
10001110010100110011,37.01102547457292,9.765625e-05
00000111001001001010,19.151418124136658,9.765625e-05
01101010110101001101,46.08361067470257,9.765625e-05
00000001111101101110,55.956901867118006,9.765625e-05
10101111111111011001,29.915560258559395,9.765625e-05
00100001011100011110,34.850000925572814,9.765625e-05
01011111100010010001,26.363198382934712,9.765625e-05
01011010110111010001,22.018660871425396,9.765625e-05
00010101011011001011,33.92603063093782,9.765625e-05
10000110000010010010,23.81675966367867,9.765625e-05
10010101100010110001,25.966488996194915,9.765625e-05
00010100111010101001,42.10689125550824,9.765625e-05
10111101001000001001,26.066892888949354,9.765625e-05
00001101101110100110,25.535293376013605,9.765625e-05
10000001001110100100,28.611782796605933,9.765625e-05
00001110000100010100,25.727515920629425,9.765625e-05
01100000001010111100,30.645238099944564,9.765625e-05
00101001111010111010,30.44922147908272,9.765625e-05
11101000001100010101,34.102262474908876,9.765625e-05
11001010001110111100,27.60804025280151,9.765625e-05
11011011111010001000,16.61524570532241,9.765625e-05
01100110111110101101,26.07788276950734,9.765625e-05
11110001001100001100,14.422727292881255,9.765625e-05
00110000100110100011,26.999433688318668,9.765625e-05
01000111000110000110,18.25452498943583,9.765625e-05
10001000010001101000,36.88575588864037,9.765625e-05
11010100110100010010,9.954199939453435,9.765625e-05
10100110110010011100,31.504708543795722,9.765625e-05
11000011011101101100,17.166725909763315,9.765625e-05
11000001010000001010,14.409531892849856,9.765625e-05
11110000101010101010,19.669642804195494,9.765625e-05
10001110000101110100,35.80996614349419,9.765625e-05
01011100100001010001,13.54029337455211,9.765625e-05
01001101100110110010,21.897408267715488,9.765625e-05
10111110001010110010,30.011304549494206,9.765625e-05
01011111111000100011,26.141804636175046,9.765625e-05
01100110000000100000,20.38099311322032,9.765625e-05
00001110100111010011,25.360221140695906,9.765625e-05
11100000010111110010,33.691680279882206,9.765625e-05
01011100001101000011,12.279372757702534,9.765625e-05
01111110010011010001,19.555024095944127,9.765625e-05
10000101110001110001,18.56219584296782,9.765625e-05
11011110111101100110,17.040405200149134,9.765625e-05
11100000111110011110,32.277583436557414,9.765625e-05
10001100100001101110,22.37220528002915,9.765625e-05
10011001100011101011,21.662669083858773,9.765625e-05
00011100011100010011,12.1696392672265,9.765625e-05
10010011100110111101,21.13312871026647,9.765625e-05
00010111000000000001,18.112650379510026,9.765625e-05
10110000010001110011,29.356347110351464,0.0001953125
10011110100110100100,19.631571203444196,9.765625e-05
10111001110111000011,21.04508468039236,9.765625e-05
11000011010011001101,14.919186312732801,9.765625e-05
00000111111011010100,22.86409151401504,9.765625e-05
10111000010101110001,40.25540145306661,0.0001953125
01111000011101001010,15.577802810010743,9.765625e-05
01000111001010010010,23.42694518602437,9.765625e-05
00111000001001110010,21.406967714954835,9.765625e-05
00011110110111111010,20.132213328233462,9.765625e-05
00001100010100111001,27.39824807625663,9.765625e-05
10100011010000101100,30.758556936094173,9.765625e-05
10110101101111111111,22.216073638351993,9.765625e-05
01101101111001010001,11.280326454569373,9.765625e-05
10111100101010100110,17.139212760204458,9.765625e-05
00001000001000011010,34.16462592022756,0.0001953125
01100100100100010100,12.846579656120925,9.765625e-05
00000010001011101010,42.71635399162301,9.765625e-05
11111101111000000110,19.76803914469928,9.765625e-05
00011011100011100000,17.273340974627203,9.765625e-05
11110011010100010001,23.126728484765557,9.765625e-05
10001010111110111011,53.78048179171342,9.765625e-05
01011100101110100000,21.45724904400688,9.765625e-05
11011100010100111001,5.90839987890687,9.765625e-05
00110000000010111111,34.13677715164341,9.765625e-05
10001010000100000110,49.64728747696367,9.765625e-05
00001110111001011110,33.15737964999034,9.765625e-05
11110000110100010101,11.580058120452541,9.765625e-05
11101010010000100111,49.060891503132325,9.765625e-05
11111011100001100110,31.12354165752039,9.765625e-05
00101110001100100110,29.036393638015028,9.765625e-05
01110110111000100001,15.395726544634883,9.765625e-05
11111000111011010011,17.0690818058356,9.765625e-05
01101110010101100101,32.84415494778902,9.765625e-05
00000111001010010111,23.45080114973046,9.765625e-05
00001111101110100110,19.16585237413495,9.765625e-05
00001000001111000000,35.49918403666471,9.765625e-05
01110111010011000000,20.312579247173467,9.765625e-05
11010100010001111101,11.158583716694208,9.765625e-05
01101001011000001111,18.486287828889395,9.765625e-05
00000011010101100100,28.258240890884665,9.765625e-05
00001100100010111111,33.450249612035876,9.765625e-05
10110110110100011101,21.553116615083244,9.765625e-05
01000001001011100100,29.35682723718085,9.765625e-05
01000110100010010010,19.693364598370685,9.765625e-05
01001000110011001000,28.54680436453188,9.765625e-05
00110111101110001001,17.218646571562658,9.765625e-05
01000100100011011110,35.349755872006014,9.765625e-05
00011110001110100001,11.763881136987633,9.765625e-05
01100100000011011000,18.029015597810353,9.765625e-05
11010000001110110000,19.548770266721576,9.765625e-05
00111001100101001000,17.43199287497456,9.765625e-05
10111100001110001001,16.241141259594222,9.765625e-05
11110100110111110111,12.112976459089781,9.765625e-05
00001100001110101000,22.746614338058496,9.765625e-05
01010110001010101000,28.287239690848605,9.765625e-05
00001001110101100110,33.19521587781361,9.765625e-05
10001011101000001000,23.343709070385508,9.765625e-05
01101011110111010110,25.07882407031468,9.765625e-05
01010101110000111111,38.89120436588771,9.765625e-05
10001010111001111100,52.841594937918856,9.765625e-05
11000101111111110101,23.02755521394338,9.765625e-05
00100001001011001000,25.030840327423075,9.765625e-05
10011100101010110001,15.551291151049455,9.765625e-05
01101001101111110101,24.132213328233462,9.765625e-05
11000011001000110100,15.06680494098801,9.765625e-05
01101110111101011000,21.920670934449557,9.765625e-05
11101111010010000010,37.43814102766805,9.765625e-05
11000001010001111010,18.315742142085593,9.765625e-05
01001011000011001101,17.867866011047095,9.765625e-05
00111010111001111011,34.71503645041774,9.765625e-05
10111010001010010000,40.53628254683907,9.765625e-05
10110000011110110110,33.60477367859798,9.765625e-05
11011010110010010000,17.69177344074857,9.765625e-05
10000111110001000000,13.75759626321292,9.765625e-05
10110001001010010000,19.996832839096,9.765625e-05
00001101000100101011,19.59424459062349,9.765625e-05
01110000100100000111,14.912672514763472,9.765625e-05
10110101010101000001,11.017119395598634,9.765625e-05
00110001101110001011,27.461807779467023,9.765625e-05
11110000000010000000,13.46848478344193,9.765625e-05
10100101011100010101,22.206965880047207,9.765625e-05
11010001111010101100,25.222307284043865,9.765625e-05
11010110101001101001,19.472245328445155,9.765625e-05
11100001010111000001,22.73422876313424,9.765625e-05
11100000101011111110,30.983486504163295,9.765625e-05
00110111110000100000,18.30325786664669,9.765625e-05
01001011011000100000,15.008459299396787,9.765625e-05
00110110101110101111,23.815275249101973,9.765625e-05
11010000101001101100,23.782633830131964,9.765625e-05
10110011011011010101,27.955426294984157,9.765625e-05
11100011010000110101,26.906271554841492,9.765625e-05
10101100010000110111,34.548487100062815,9.765625e-05
11101100101011000011,15.490042132299264,9.765625e-05
11011111000111101000,24.465445653794525,9.765625e-05
10001111001101000101,24.549321804416156,9.765625e-05
01110000111111010111,28.5410952165927,9.765625e-05
11111110011111011101,25.886116593642267,9.765625e-05
10000011110101001110,30.00418749588482,9.765625e-05
10000101111100101010,29.788347783298363,9.765625e-05
00000101011111010001,29.49694487183309,9.765625e-05
01111100001110011011,11.194929266711245,9.765625e-05
01001101110011011100,16.69547965616045,0.0001953125
00000010110111011111,68.19970620669835,9.765625e-05
01101100100000010010,11.197460560657326,9.765625e-05
00011111110010001001,16.376554425540554,9.765625e-05
01111011111110010111,15.349710886264845,9.765625e-05
00111111000110100000,23.7984587628341,9.765625e-05
10111111110100111111,26.98242649431334,9.765625e-05
00011001111111011010,32.08537961672164,9.765625e-05
00010111001010111010,33.090239286320724,9.765625e-05
01011110101000001010,24.399844692383176,9.765625e-05
10101011001100101111,43.183745870426236,9.765625e-05
01010000011100101101,29.95633001578839,9.765625e-05
01001101001111100100,15.187861221024791,9.765625e-05
10100000101110001001,38.96816873823242,9.765625e-05
00100111110001000010,15.624511287415713,9.765625e-05
01110011111101011110,14.722475316457032,9.765625e-05
01101110110110000001,22.05609034198924,9.765625e-05
10110011110001001111,20.907323570418868,9.765625e-05
10101010010101100111,80.32101834210826,9.765625e-05
10000010110011110010,47.801403997194086,9.765625e-05
00100001100001100001,24.585617487133963,9.765625e-05
01111110001010001001,22.508328836146916,9.765625e-05
11110011011101000100,18.005203232778484,9.765625e-05
10111110001011010011,32.104693082647344,9.765625e-05
00011011000101100101,20.490750584697246,9.765625e-05
11000000000101100000,20.411693100864166,9.765625e-05
10001010000010111011,41.83381242116332,9.765625e-05
00111111011010100111,18.37462964617426,9.765625e-05
01110011101100010000,15.445261242250147,9.765625e-05
11011101101110111001,23.600880178256062,9.765625e-05
10101101000000100111,25.25060306743709,9.765625e-05
10101100111001110110,28.189710840723524,9.765625e-05
01110011001100000100,14.858600428953785,9.765625e-05
11010111000010000011,33.39673883708493,9.765625e-05
01000101010000010000,15.665405555170306,9.765625e-05
11101101000110000101,25.262231280007448,9.765625e-05
00001001110111000110,33.29047619988912,9.765625e-05
11000101011001111100,14.58043372439641,9.765625e-05
01111001111011110110,14.18167432418348,9.765625e-05
11101110001000000111,37.43032906056737,9.765625e-05
00011110011010101111,19.314418359286982,9.765625e-05
00101100100101000011,19.596063078642864,9.765625e-05
01000010101010111000,32.44673870244861,9.765625e-05
00110011000100100001,18.087442211348502,0.0001953125
00111101111001100010,11.936608432567978,9.765625e-05
01101001111100110100,18.150830258049538,9.765625e-05
01000010001111010000,28.449302156762386,9.765625e-05
11101001000110100111,25.025383378330986,9.765625e-05
01010101100111101001,43.260538134858315,9.765625e-05
01101000010101010110,34.7757987578101,0.0001953125
11001001110111010000,18.625873385048163,9.765625e-05
00011110001000111001,17.354667074046702,9.765625e-05
01111110111110011001,11.390605888440502,9.765625e-05
01001010011011111110,31.896753959404975,9.765625e-05
01100011101110000110,18.22578374246339,9.765625e-05
11000000110000101001,22.537775934667835,9.765625e-05
10011011101010110000,22.428057735368057,9.765625e-05
11001011110100101110,19.677328694004874,9.765625e-05
11100111101110001110,20.543469399535145,9.765625e-05
10000101111111011001,30.32319017772065,9.765625e-05
10011001101101100011,19.463240879582,9.765625e-05
10010110101010001000,20.138223458526326,9.765625e-05
01100011000100101011,25.423265612968073,9.765625e-05
01010100000011001111,31.005138482729123,9.765625e-05
01101111110101101110,19.710521231446975,9.765625e-05
01000111101110011001,25.1422201379103,9.765625e-05
11100011111000110001,21.157096483331586,9.765625e-05
10010000000111101001,28.120829967488028,9.765625e-05
01100000011111000101,37.046167779390906,9.765625e-05
00111001001100001011,16.576897201141893,9.765625e-05
01101100111011100000,14.625873385048163,9.765625e-05
11100001011001011111,20.91169591425191,9.765625e-05
10011111010000110010,26.509936106903197,9.765625e-05
11111010001001001100,37.464431385743,9.765625e-05
00110001110111100011,24.978166177775748,9.765625e-05
00110111010101100100,15.135056297622324,9.765625e-05
00101101111010100110,18.314759299980686,9.765625e-05
00001111101111010100,15.04449148179701,9.765625e-05
01010001111111111001,45.189836183593755,9.765625e-05
11000111001101111100,12.614316164120513,9.765625e-05
10111110100100001001,29.768039144699287,9.765625e-05
10101001111010100010,22.631484284171183,9.765625e-05
11000111011001001100,12.000950986844298,0.0001953125
10110000111111100011,32.04977738949282,9.765625e-05
00010010010110011100,29.919600955091756,9.765625e-05
00111100111000111111,18.329826488934472,9.765625e-05
11101010010001110110,52.28040368780544,9.765625e-05
00001001000100100000,19.421090893078738,9.765625e-05
11100000110010001001,22.173249393769602,9.765625e-05
01000000111011101100,53.21000780684436,9.765625e-05
10100001100000010000,18.547822811448082,9.765625e-05
01100001000000101001,23.313898763980205,9.765625e-05
00011011000010000100,16.61901667078365,9.765625e-05
10000111100010001001,16.961369063581788,9.765625e-05
00011000111110110110,39.86638587371174,9.765625e-05
01010011010100000111,13.624511287415714,9.765625e-05
01101111010011100000,22.28791375262749,9.765625e-05
11101000001000111110,23.540303060589064,9.765625e-05
01001011011011011111,21.0690818058356,9.765625e-05
00111011101011001011,19.1052416376883,9.765625e-05
01100000111010001010,30.46061964039346,9.765625e-05
11000100101110101100,27.382223735152575,9.765625e-05
00101100011101001011,26.88139808578033,9.765625e-05
00010101011001101011,33.50567222096678,9.765625e-05
10001110101000101000,21.59766212136451,9.765625e-05
00001100001010111100,26.746614338058496,9.765625e-05
10101100001101000010,24.54095214515474,9.765625e-05
10010110110111101011,20.0022342948617,9.765625e-05
00011110110101100000,15.970147123608811,9.765625e-05
01000111010000110110,17.058013663353226,9.765625e-05
01000010100111101100,34.82802122392105,9.765625e-05
01101111000101010110,23.380447180665044,0.0001953125
00001111100010111100,18.63246712627609,9.765625e-05
00110011000100001000,15.351826384208419,9.765625e-05
01101110001110010011,19.267693023530395,9.765625e-05
00000110110001111001,32.75757056241846,9.765625e-05
00001000010001111000,44.05202091869298,9.765625e-05
11010111000010111001,26.363198382934712,9.765625e-05
01111100101110110011,10.791400746119713,9.765625e-05
00001100100001010100,22.09688872801511,9.765625e-05
11101100101010111111,16.016842383406022,9.765625e-05
10111110011000011110,36.53628254683907,9.765625e-05
00101101011001000011,13.490042132299266,9.765625e-05
00000110011001010011,31.017826167072055,9.765625e-05
10101010010110010101,80.50027794835556,9.765625e-05
01111000001000000110,11.937932215366594,9.765625e-05
11000100000101111100,14.235179646613338,9.765625e-05
01111001011000001110,13.108471660577042,0.0001953125
11000001010011011110,20.067257799804125,9.765625e-05
11001011110111101110,19.7828605619032,9.765625e-05
01101011111010101110,18.04184463978103,9.765625e-05
11101110110110101100,27.556594717008956,9.765625e-05
11101010001000100110,37.705301140316884,9.765625e-05
11010010111011110011,26.133989246266946,9.765625e-05
01101110000100100101,29.811919638784563,9.765625e-05
10001111110111101100,18.487241525756225,9.765625e-05
11010011001011101101,19.108294170447344,9.765625e-05
00010100100100010001,18.341803663093117,9.765625e-05
01010001001001000000,24.287548569141638,9.765625e-05
10010011100010111100,19.884227837561426,9.765625e-05
11011110011110111001,10.791487665392728,9.765625e-05
10100100010011000001,26.929979086528753,0.0001953125
11100001010101101110,19.57780281001074,9.765625e-05
01000100011011010100,25.49918403666471,9.765625e-05
01010001001100101100,30.993772911100052,9.765625e-05
00000000111010101001,64.02409656037896,9.765625e-05
10001101001101001001,15.473445863578212,9.765625e-05
01101101110011110100,12.73154994625445,9.765625e-05
01000001001100101100,30.13612346899057,9.765625e-05
10100011111011100100,29.188226219006765,9.765625e-05
01000000000000110100,24.24897530879136,9.765625e-05
00001100010100100110,24.952648690462517,9.765625e-05
11110010101000011010,17.2106240945883,9.765625e-05
00110011011001001011,16.874147254874323,9.765625e-05
11010111110100010100,12.716569676573677,9.765625e-05
11110000101010100011,18.262015595056777,9.765625e-05
10110000010101110101,37.02924399472397,9.765625e-05
11001011110101111001,26.45586675275225,9.765625e-05
00101010110101110010,58.31296745431689,9.765625e-05
00101111111101110011,22.67883759098978,9.765625e-05
10111100010001110011,20.276208306821076,9.765625e-05
01101111101100001010,22.482545285084967,9.765625e-05
01100001101000110010,23.62868367762815,9.765625e-05
01010000100111101101,41.12268656320118,9.765625e-05
01111010011100011111,25.66284312954486,9.765625e-05
01101101000111110110,13.2304508162604,9.765625e-05
11000110111111001001,20.022447764516944,9.765625e-05
10111111000000011011,42.75556662886582,9.765625e-05
10010100000100110000,12.267459304904921,9.765625e-05
10110100011110100111,20.177023363520647,9.765625e-05
01100111000000110101,21.250603067437083,9.765625e-05
10000010101011100010,40.406274281102036,9.765625e-05
11011001101110110110,19.3785105545661,9.765625e-05
11001101101010111000,19.80996614349419,9.765625e-05
00000010110101010111,63.941523089848644,9.765625e-05
00001111011000011100,18.32645403106182,9.765625e-05
01101101011010010111,12.517648660704364,9.765625e-05
10000010101011000100,38.74398966526617,9.765625e-05
11100111000101011010,22.457518149463766,9.765625e-05
11000111101111011011,19.8216985745913,9.765625e-05
11010011001100101001,18.6306078205404,9.765625e-05
01011001011001110010,17.001502448251497,9.765625e-05
01101010001101001101,41.28216784623346,9.765625e-05
10000010100101011000,40.00690627110463,0.0001953125
01010101110000111001,36.00508089419805,9.765625e-05
10010111100011110000,19.511132152712484,9.765625e-05
10001100110110101100,26.49482873668715,9.765625e-05
01001110111111011000,18.166771200611564,9.765625e-05
01111000011100010011,12.442431490469048,9.765625e-05
01011010010010010001,15.39572654463488,9.765625e-05
11100001101100100110,16.202241217719124,9.765625e-05
01111100101001000011,11.775448131079438,9.765625e-05
11100110110011000100,20.765966656895397,9.765625e-05
00000010011101011110,60.596346245301625,9.765625e-05
00011100000100111001,13.704279896250945,9.765625e-05
11000101001100100000,19.490748696632625,9.765625e-05
00110100001001010010,14.48724152575623,9.765625e-05
10111111011011111100,28.202847819426104,9.765625e-05
11001111000101110100,18.875512040893128,9.765625e-05
11111100101010111110,15.829983681667132,9.765625e-05
10001111110001101110,20.360262769120666,9.765625e-05
10001010110001101110,48.7763270975927,9.765625e-05
10000001000001101000,19.001197825110516,9.765625e-05
00000110100101000100,24.276861559411607,9.765625e-05
00111000101010010000,18.670683420335347,9.765625e-05
11001101111011111100,12.806215578795182,9.765625e-05
11000100110111100011,25.32604304028653,9.765625e-05
11111000100101101001,19.69822248866854,9.765625e-05
01000111010000011110,15.233573420737214,9.765625e-05
01011100001111111000,17.833822107200277,9.765625e-05
10001010101101110001,52.218200808773815,9.765625e-05
10100111111000000001,22.241141259594222,9.765625e-05
00010101001010000000,33.128948190396066,9.765625e-05
01011101011000010101,15.564135913510377,9.765625e-05
10011001000001110101,21.084678068993057,9.765625e-05
01100101011010000000,19.720218117950616,9.765625e-05
10101110001101010000,46.208951241438015,9.765625e-05
00000110111101111100,43.47162279910786,9.765625e-05
00110010110100100001,24.130328103723436,9.765625e-05
01011011011011100100,12.688155956386938,9.765625e-05
01001100111111000110,23.354905891418337,9.765625e-05
10111011101110101010,23.10086778759475,9.765625e-05
10001001110011001111,32.38851122057315,9.765625e-05
01000001110010010100,24.924679041300244,9.765625e-05
00100010000001100100,39.765079685679396,0.0001953125
11011111100110101000,26.529421566582677,0.0001953125
11101110011011000001,34.240235650725374,9.765625e-05
10001100000000110001,18.085841122090017,9.765625e-05
01000001111011110001,42.97515244971318,9.765625e-05
10011011110100000100,24.14481095816091,9.765625e-05
01000001100000000001,24.08625407227494,9.765625e-05
11011011100011101101,19.220899171981912,9.765625e-05
10001111001100001100,22.879946239249122,9.765625e-05
11110100100111010101,10.207453402113494,9.765625e-05
11100000111001100010,22.293756198840473,9.765625e-05
00000110010001111111,37.615161496071934,9.765625e-05
01000011011111000111,26.072730247212537,9.765625e-05
11001100000001100001,12.04382897248351,9.765625e-05
11101111111111100011,22.243866706469692,9.765625e-05
11001001100100111100,15.52710839497873,9.765625e-05
10000011011101011111,42.34975336912353,9.765625e-05
01001110011101100110,20.17904330103442,9.765625e-05
10100111000001100000,25.683053154756493,9.765625e-05
01110010010101001100,19.653024159110725,9.765625e-05
00011001010101100100,16.832558415815218,9.765625e-05
11010111111100010111,17.75914678862259,9.765625e-05
01000010001110011111,36.45575120468236,9.765625e-05
01101100100111110110,16.25641989998281,9.765625e-05
10111001001000111010,22.53593807457455,9.765625e-05
00110010110001101001,27.233925935532493,9.765625e-05
01000110010001110010,18.87957959776095,9.765625e-05
10110011101000011010,21.135056297622327,9.765625e-05
01100010100100000000,20.82373067399285,9.765625e-05
00100001100010010000,23.28489372242292,9.765625e-05
01110001111011011101,23.276763103455387,9.765625e-05
01011010101000101111,24.75819029460601,9.765625e-05
00001010110000000011,39.914991840833565,9.765625e-05
01000101011001111100,26.376313741740486,0.0001953125
00000110110011010101,33.30778277165441,9.765625e-05
11101011111110111100,26.141081839104306,9.765625e-05
10111011000011100011,36.17041909266165,9.765625e-05
11111001001000010010,23.13148155791064,9.765625e-05
11011011011110101001,16.450872141373168,9.765625e-05
10001011000101110000,35.44618205516805,9.765625e-05
10100101100110001001,19.57371652836287,9.765625e-05
11001110110111001111,23.198055609898923,9.765625e-05
11001101111010001110,18.332997181409276,9.765625e-05
10101001000000011010,31.892180966399266,9.765625e-05
00101110011001011011,34.17432935343162,9.765625e-05
01011000110000110011,18.411079621109785,9.765625e-05
10011111000110000010,25.7984587628341,0.0001953125
01101110101011011110,18.627558732224966,9.765625e-05
01010001110010110100,29.508608471234865,9.765625e-05
01100111111001011110,14.60815217092392,9.765625e-05
11110011111001010001,16.1008100135598,9.765625e-05
11110100111101101101,10.585617487133966,9.765625e-05
10101010100010101100,45.55659471700895,9.765625e-05
01110010011000010110,15.228832830778828,9.765625e-05
01100010111011011110,33.501289358708696,9.765625e-05
01010010110001110100,22.008363417668065,9.765625e-05
01110011100111100110,18.798978172637,9.765625e-05
01101101101001010100,11.140201843902714,9.765625e-05
10101101111011100100,17.64559777625813,9.765625e-05
11100110101101101011,21.802983667841822,9.765625e-05
01001001001100001111,23.581978731793985,9.765625e-05
10110000000100100000,17.389466560946182,9.765625e-05
10010110001000101101,20.983695947520616,9.765625e-05
00010100110011001001,29.863043714720718,9.765625e-05
10100010110101111100,60.350245979139615,9.765625e-05
10011111001110011010,22.299161164540795,9.765625e-05
00101100001100110001,19.90529738092503,9.765625e-05
11110101111000100110,21.366315687379302,9.765625e-05
10001000010010100110,37.034482712710535,9.765625e-05
01001100010111010001,14.897775850764782,9.765625e-05
11110010001100001010,20.09341695480995,9.765625e-05
00001111100110000110,16.229786527645665,9.765625e-05
01111000100011100101,19.587126900560058,9.765625e-05
10101110101101000101,42.79366655330691,9.765625e-05
10001000000101110001,45.013380209110615,0.0001953125
10100011011111011100,40.62258443448092,9.765625e-05
01010011110101000001,13.690571262109325,9.765625e-05
00101011101101010101,37.52920588163201,9.765625e-05
00000010000100100000,31.653191228782397,9.765625e-05
11100111111101000101,16.88702844410446,9.765625e-05
01000000011001001000,31.27340218226594,9.765625e-05
11111100110110101110,11.249851859549342,9.765625e-05
01010110110011001101,18.169063785949405,9.765625e-05
00011000100111011010,34.75148651248047,9.765625e-05
10110000001100100110,22.766027140952886,9.765625e-05
00101001101011100011,24.66927271826372,9.765625e-05
10000101101010110000,28.28912117664776,9.765625e-05
00101011000110101000,30.071495027193123,9.765625e-05
00000111011101001100,18.292808743566983,9.765625e-05
10100001111001100101,28.32961683843709,9.765625e-05
11000111001010111100,17.790829618371344,9.765625e-05
10100100111001100010,24.069570884280875,9.765625e-05
10100000110100001110,42.426686588152705,9.765625e-05
00110111001000101011,24.998727836770186,9.765625e-05
10111101110110010000,17.268747787999317,9.765625e-05
11111000111100111011,14.755373026011608,9.765625e-05
01011100001011001000,20.776765672284704,9.765625e-05
11001101111110111001,16.513964538228745,9.765625e-05
11110111000000011001,34.02461695559782,9.765625e-05
01011001000111000001,17.48747596796295,9.765625e-05
10011000111001110011,30.93458394563489,9.765625e-05
00011110000100000000,14.879946239249122,9.765625e-05
00110110110001110000,17.885181534428266,9.765625e-05
00111110110011101111,22.4678209248895,9.765625e-05
11101001001110100010,19.83662895533666,9.765625e-05
01011110100010100001,19.33181809191862,9.765625e-05
00101110111111001010,28.310833748034465,9.765625e-05
11101101001000000010,24.80910934620458,0.0001953125
11000101110001010000,9.449684002299605,9.765625e-05
01111111110010000101,23.685787035648694,9.765625e-05
10111001011000001110,20.914651634560926,9.765625e-05
10111001111111010011,23.103468636817414,9.765625e-05
00110101100101111100,20.40821435164459,9.765625e-05
10011000101110010011,28.040708033149066,9.765625e-05
01101111110001001000,22.12579071552902,9.765625e-05
11110100110000000010,9.046708477404977,9.765625e-05
00110001010111010111,24.425640884063053,9.765625e-05
10101111110011101000,27.041684720787828,9.765625e-05
10111011001010010011,36.4587384380652,9.765625e-05
01100011000101100100,19.996832839096,9.765625e-05
11100010111111101101,39.58047465087611,9.765625e-05
00111100111011010010,12.31058961979079,9.765625e-05
00111011011101011011,27.501479637132164,9.765625e-05
11000111000100101001,17.32617086440306,9.765625e-05
00011001010000001110,18.43391693075961,9.765625e-05
01011101010000100001,20.746334702970543,9.765625e-05
11111001011001100010,15.19685061247375,9.765625e-05
11111111110000000101,37.41029110544035,0.0001953125
00111010011111110011,37.237144199564106,9.765625e-05
10011100111011010110,22.08551806843625,9.765625e-05
10010101110011010001,17.555206184160973,9.765625e-05
11111110101001100011,26.411750238445066,9.765625e-05
00001000110111010010,53.060160608879606,9.765625e-05
11110010101101111111,25.0690818058356,9.765625e-05
00011011000001110010,21.659716786357176,9.765625e-05
01101010110110110111,39.90551962337249,9.765625e-05
10000010101011111101,50.28112994011615,9.765625e-05
00001111101101101101,19.21252524672863,9.765625e-05
01011101001000000011,30.540111286335254,9.765625e-05
01011000010001001010,17.03220595662633,9.765625e-05
10110001111100101100,16.475903455859044,9.765625e-05
11111101110100010110,15.62093654770403,9.765625e-05
00000000100111111010,66.59537308923368,9.765625e-05
00000110101110001001,29.238169317387644,9.765625e-05
10110111110011000100,19.076643930380264,9.765625e-05
00111010000110001001,29.864153554041867,9.765625e-05
11110001111001010001,10.509390919565357,9.765625e-05
01001100110110111110,25.31508057433322,9.765625e-05
01011011100010000101,19.374698564248476,9.765625e-05
01001110000101100110,19.264048015757247,9.765625e-05
11000101011001010100,10.512696532183966,9.765625e-05
11111001010010000111,20.004297623909636,9.765625e-05
01101110100111100001,22.869831178815716,9.765625e-05
10011100111111001010,18.26203152268708,9.765625e-05
01101100101110110100,14.835925541179645,9.765625e-05
01011011110010100010,17.443376235719995,9.765625e-05
00011110110010000110,18.45115530803193,9.765625e-05
11111101000100000110,30.232832905938565,9.765625e-05
11000011100101111100,14.914991840833565,9.765625e-05
11001101101010101011,25.355641171675785,9.765625e-05
11101011110111111101,35.90892746807656,9.765625e-05
00100001100110010110,30.32961683843709,9.765625e-05
00110111000101100000,16.55222973099444,9.765625e-05
00001011010100110110,33.50643582491402,9.765625e-05
11000001100111101110,26.99484123611185,9.765625e-05
10011011000111000101,27.422144112008493,9.765625e-05
00101100111101100011,25.330767702614615,9.765625e-05
10000100111110111000,38.32296968754276,9.765625e-05
00110110001110110011,18.000457653246972,9.765625e-05
11111001111010011101,15.911766905894618,9.765625e-05
11000010011111010100,35.26525374760349,9.765625e-05
00010101010111001101,22.141752183808514,9.765625e-05
00010011000110000010,16.355464405127332,9.765625e-05
10110111010100000001,23.480773840183417,9.765625e-05
00011010001010010000,21.02759684236814,9.765625e-05
11101100000001110111,20.899368004599218,9.765625e-05
11001110111101100110,22.179043301034415,9.765625e-05
00011000010101010010,29.248894631111693,9.765625e-05
00010010010111011101,38.29410871363576,9.765625e-05
01011000111000101000,20.58640222626451,9.765625e-05
00100010000110001001,38.19425947092422,9.765625e-05
00110000100001000000,16.45769471966852,9.765625e-05
01110001001010000110,21.308740734513123,9.765625e-05
01100010000100100000,25.176873130564395,9.765625e-05
10111111100011101011,26.6038228768479,9.765625e-05
00101010011000110011,49.569490201203024,9.765625e-05
00110001001101000001,13.690571262109327,9.765625e-05
01011010101000011100,20.78740656961822,9.765625e-05
00001001011111000001,30.940539306182608,9.765625e-05
11111001001111110110,17.675995225169306,9.765625e-05
00110011001100001110,16.781913841050777,9.765625e-05
11111000110110011101,20.929979086528753,9.765625e-05
01111010110010010110,19.109601291194586,9.765625e-05
11001000010000000010,18.322994653916155,9.765625e-05
10111110001001001001,34.637221962530575,9.765625e-05
11000010111101000100,30.924679041300244,9.765625e-05
10111101010000100000,24.208905950589767,9.765625e-05
11001001111110110100,18.107876818475503,9.765625e-05
10000100001110000110,30.28748652911482,9.765625e-05
11001010000011011100,30.7767656722847,9.765625e-05
11111000110010100110,12.546499028649471,9.765625e-05
10010111000101101001,13.464658117514235,9.765625e-05
01001010110010000100,21.666328120357786,9.765625e-05
10000101111110011001,30.53020113063623,9.765625e-05
11100001110111101100,20.00418749588482,9.765625e-05
00011110011001010010,17.759156474659548,9.765625e-05
01010000101010001000,37.100290331125834,9.765625e-05
01110110110011100110,18.993767823150257,9.765625e-05
00001010110011100010,40.722999265292536,9.765625e-05
11010100111000101101,19.77330005354569,9.765625e-05
01111101001011010111,17.391890927091296,9.765625e-05
00110101001010111001,29.673200860219616,9.765625e-05
01001010010001011110,32.579168439213994,9.765625e-05
11110101010000101110,22.921670732873103,9.765625e-05
10101001011001100110,28.778790207885635,9.765625e-05
01110100101000110001,19.01225617279255,9.765625e-05
11001101000000010000,16.720567079538903,9.765625e-05
01110101110111010011,16.786447061220336,9.765625e-05
00001111011111000101,16.423194621325365,9.765625e-05
10000101011010111011,32.647492686805116,9.765625e-05
10011111011111100000,15.65971678635718,9.765625e-05
01110100010111010010,10.921093706466479,9.765625e-05
10010111011001001011,18.45766566155765,9.765625e-05
00100011100011000000,18.18823319502118,9.765625e-05
10101110101000110100,36.526825228319964,9.765625e-05
01101001001100001101,21.757596263212925,0.0001953125
01010011000000001101,17.182180151807323,9.765625e-05
01000100010001110111,26.404492121475204,9.765625e-05
10011111001101101000,19.131381213889803,9.765625e-05
01110111101111001011,24.33230126045619,9.765625e-05
11111111111100011011,24.411750238445066,9.765625e-05
11111100101010111011,14.276208306821076,9.765625e-05
10011001101100000011,19.145748727397443,9.765625e-05
00100011110100101101,33.46519780847616,9.765625e-05
00000001101010101001,50.10689125550824,9.765625e-05
11101011101010001010,25.018086310073244,9.765625e-05
11010011000111000010,18.912717892738918,9.765625e-05
00001010000001010010,39.38258965305949,9.765625e-05
11110110001101001100,20.858600428953785,9.765625e-05
00010101011100000000,19.574813139236433,9.765625e-05
01111111001110000101,25.39673883708494,9.765625e-05
01111100110110110011,7.453662974752048,0.0001953125
00001010110011000110,44.39460775369784,9.765625e-05
10000011000100111111,32.44243149046905,9.765625e-05
11000100100100100000,12.724952466315653,9.765625e-05
00111110000100001001,23.76803914469928,9.765625e-05
11111011100010101001,31.240232940702832,9.765625e-05
10101110000111111011,42.6161827509777,9.765625e-05
10001101111101100110,18.065478361039656,9.765625e-05
01010111100111010110,23.273272780134235,9.765625e-05
10001001101011000111,28.206428713603945,9.765625e-05
01110010000100010100,17.645056011727707,9.765625e-05
00111101000000011011,20.937645604264222,9.765625e-05
11010011011111111100,14.84587309178756,9.765625e-05
01000000001100111010,40.633107172098676,9.765625e-05
01110111000010111001,30.836291546213772,9.765625e-05
00110011110001110111,23.11186119972355,9.765625e-05
00010000000000101110,33.61363939231909,9.765625e-05
10011111100010111011,22.8993486325253,9.765625e-05
01010111001010111001,34.984356791691745,9.765625e-05
10101101100010101111,22.154218730679695,9.765625e-05
10101110111011111000,34.51895027427932,9.765625e-05
01001011101010011001,21.514848054161327,9.765625e-05
01110110010011011000,13.768429767188332,9.765625e-05
00001111000111011111,17.405027731539484,9.765625e-05
10010010011000111000,25.213849029527246,9.765625e-05
00110101101010001011,32.3913828187589,9.765625e-05
10100011010101001111,43.4058150823159,9.765625e-05
00010010101010011100,33.321253420769025,9.765625e-05
01011100110101010010,10.741288679162725,9.765625e-05
10001110000100011100,34.09976377064446,9.765625e-05
10000101010011011010,22.737112757379478,9.765625e-05
11010101010000011000,19.13584654392516,9.765625e-05
00111110111011000010,15.192324994681154,9.765625e-05
01110110010011000000,14.35738575088984,9.765625e-05
01011111000111011101,15.72401779933594,9.765625e-05
00110100001111010101,18.113953059601343,9.765625e-05
00111001001000011010,18.661963134343274,9.765625e-05
11011011100010010011,25.336471849731197,9.765625e-05
01100000000000100000,17.60551936847363,9.765625e-05
11001111100000010110,22.0160396214405,9.765625e-05
11101111100100101001,32.7611480776437,9.765625e-05
00001100010001010100,24.540586227247825,9.765625e-05
00110100111100011011,19.118687407966377,9.765625e-05
01101011101110011000,21.953785297094477,9.765625e-05
10000101110001010010,18.78423587714341,9.765625e-05
10000101010100101001,18.825638067726526,9.765625e-05
11010100011100110100,11.174023712442127,9.765625e-05
01101010111010101010,24.65865399015385,9.765625e-05
10010100000110100001,14.428347143620169,9.765625e-05
10100010101111110000,47.691680279882206,9.765625e-05
11001000101010110100,20.192226207039305,9.765625e-05
01001000111000100011,29.084988710805142,9.765625e-05
01000010010000011110,25.399137833782554,9.765625e-05
10101111110101011001,37.3499921756988,9.765625e-05
11001111110111101100,11.997786535962836,9.765625e-05
11111000111001100001,14.091057768776503,9.765625e-05
00101000101101111000,44.62998529120311,9.765625e-05
10100000111101111100,56.580399061146245,9.765625e-05
00010010000010000111,24.963087207580326,9.765625e-05
00111110100100000111,21.041684720787828,0.0001953125
01101101010100110110,13.3546670740467,9.765625e-05
01101101110011010110,10.958478093322135,0.0001953125
11000001110100000010,16.65473623617997,9.765625e-05
10110101101111011000,17.56993587686467,9.765625e-05
01010010000101000100,16.608573789297296,9.765625e-05
01111101011100010110,10.956759949323601,9.765625e-05
10110000110001110110,29.4030812014237,9.765625e-05
01110101110100010010,16.166442743104554,9.765625e-05
11100110100001110101,21.82127308171201,9.765625e-05
10001100011101011100,32.316394671094876,9.765625e-05
10011000101011001000,24.475903455859044,9.765625e-05
00010100110000010001,19.73501900943707,9.765625e-05
01001110111101110011,22.50329794010077,9.765625e-05
10101011111101100011,43.88004421618252,9.765625e-05
10000001100110010011,34.579697720557725,9.765625e-05
11000001101110111110,33.755656192670365,9.765625e-05
11110000001000100100,12.680486903292984,9.765625e-05
11001111010000010101,23.724110873075105,9.765625e-05
11111111101110010101,28.584557477284015,9.765625e-05
11101110100000010000,33.25778532204601,9.765625e-05
11111110101100000001,27.13148155791064,9.765625e-05
11111101111001101001,17.46561879039549,9.765625e-05
00100111000010000010,19.36043943729244,9.765625e-05
10001010000100010100,54.22866313862147,9.765625e-05
01100010010111010110,37.3318597528194,9.765625e-05
11000110110010001110,17.18607469702941,9.765625e-05
00010100101100000101,26.462208137701865,0.0001953125
00111100100001001010,14.72964255252077,9.765625e-05
10000000111111011110,69.5752562248884,9.765625e-05
11010010001101010001,21.273681180899846,9.765625e-05
11010010010010001000,10.116302265330567,9.765625e-05
00110111000110110100,19.535870614502645,9.765625e-05
10001000101111011011,51.58849618134698,9.765625e-05
11110010001101110010,25.759146788622594,9.765625e-05
01010100110101010100,17.309472472359936,9.765625e-05
01100010010000101000,23.819063785699708,9.765625e-05
00100110110101011001,32.201869069058674,9.765625e-05
00010100000010111000,29.81590902085521,9.765625e-05
10111010000111000000,47.639078558243725,9.765625e-05
10011011101010100001,21.25333341675848,9.765625e-05
11101101011111111101,16.825917066360432,9.765625e-05
10000101100001011000,15.540303060589064,9.765625e-05
11010101001110001000,32.380746274954106,9.765625e-05
10100000011101001110,51.27549593020835,9.765625e-05
11000100001000111000,15.780107749090899,9.765625e-05
11100010100000011100,23.623381656798166,9.765625e-05
10100011011100010110,40.313882836349904,9.765625e-05
00110000011001100001,24.32961683843709,9.765625e-05
01010000100110110101,33.999017157895096,9.765625e-05
11100101010111111101,17.314418359286982,9.765625e-05
11111111010111011110,29.411067312177487,9.765625e-05
10101101000101011110,25.462567814015436,9.765625e-05
10101010010010000010,56.72001665765985,9.765625e-05
11100000001001110110,24.784235877143413,9.765625e-05
10011100101111001010,17.772576532893694,9.765625e-05
10100000111011011111,58.29500463646765,9.765625e-05
10100000000100001000,32.004413808433576,9.765625e-05
00100100111100010000,24.906827184273546,9.765625e-05
11110000000000110000,12.323643738481831,9.765625e-05
11111001111000110111,12.342991802166678,9.765625e-05
00111110100110101111,19.85745528992842,9.765625e-05
10110001000000111100,20.0009509868443,9.765625e-05
01101101111100101011,19.470038018874146,9.765625e-05
01101010110011010110,34.374870966428375,0.00029296875
10010010011000101000,21.19564029333672,9.765625e-05
01010001111011111111,49.33928560839098,9.765625e-05
00111110110001010001,22.839408116237287,9.765625e-05
01110100101101110010,18.755373026011604,9.765625e-05
00011001100100101011,25.38532624397423,9.765625e-05
11011110100110011001,14.477592432983325,9.765625e-05
01111110111001110111,15.742771744500494,9.765625e-05
00011111010000100101,17.576935308835665,9.765625e-05
11001000111111001111,39.240941502273856,9.765625e-05
00010111111001011000,20.408214351644585,9.765625e-05
11011101111010101111,24.482610976695454,9.765625e-05
11011000101100111101,18.31886402298116,9.765625e-05
11101100011101110111,21.366882341995737,9.765625e-05
11100001100110000000,15.58850845739362,9.765625e-05
01111010100011001101,25.815976393390255,9.765625e-05
00000100100010110010,39.40659555545457,9.765625e-05
00100000100101110111,54.78789150167482,9.765625e-05
01011100111110000100,15.029794378774996,9.765625e-05
11100010110101111110,38.690732824608716,9.765625e-05
11110101100110110011,23.217859220786245,9.765625e-05
11000110011111010000,17.677316210818177,0.0001953125
11000111111011011000,13.451777750242018,9.765625e-05
00111110101000110011,18.124491088395352,9.765625e-05
01011100000100000111,12.250886234095846,9.765625e-05
01000100100000010101,20.904983071747093,9.765625e-05
00100111100000011001,18.486926209569603,9.765625e-05
11110011010100100100,19.329910698184946,9.765625e-05
01110101001000001011,34.39764444595378,9.765625e-05
00110010000011101001,26.234876922376795,9.765625e-05
00111111010010000001,23.240232940702832,9.765625e-05
10100011011001101001,33.157867172056626,9.765625e-05
11101010101000100010,29.945774579725565,9.765625e-05
01001001100100000100,16.272506259434046,9.765625e-05
00100110100011010101,27.298008444774656,9.765625e-05
10011101011000001011,18.6306078205404,9.765625e-05
00011011001100100000,16.645635883951904,9.765625e-05
10101100010011001011,32.10839722449072,9.765625e-05
10000000100001001101,39.184227787353215,9.765625e-05
10011110101000101101,21.7240468574468,9.765625e-05
10000111010001100100,17.233573420737216,9.765625e-05
01010010011000011011,20.374636524221657,9.765625e-05
01111110111010000011,13.368000300135037,9.765625e-05
10000101010101000100,15.065164051861718,9.765625e-05
00110001100100000001,13.032196270589376,9.765625e-05
10010001101001101110,29.970067914771278,9.765625e-05
10000110110111111100,34.68887967333917,9.765625e-05
01111110010010001001,20.88524357445509,9.765625e-05
10000010101011010010,42.84902432506126,9.765625e-05
10111010011111011011,49.07503093562979,9.765625e-05
00111001101110001101,20.050895973289798,9.765625e-05
10000110110011110111,37.417548335370924,9.765625e-05
00100010011010000000,33.04880222534739,9.765625e-05
00111111100111100010,16.747779660614533,9.765625e-05
00101111011011000000,19.041684720787828,9.765625e-05
01001110001010110010,14.498809488440822,0.0001953125
11000010000010011000,17.095587848861218,9.765625e-05
10110110001100001101,22.61524570532241,9.765625e-05
10000111110001011101,17.495049961286107,9.765625e-05
10011010000011010000,34.66196313434327,9.765625e-05
01011111001110100011,25.14556518117827,9.765625e-05
00000010101000111001,45.232045282531075,9.765625e-05
00001000100011000010,34.4702696530913,9.765625e-05
00110000101110000011,25.671989631997466,9.765625e-05
11110001010000101011,15.48723881573369,9.765625e-05
00111000101000010110,20.537117164065204,9.765625e-05
00011100111111100110,26.375565254715102,9.765625e-05
00110011000010110010,21.368000300135034,9.765625e-05
11000000001000111000,20.520832483659728,9.765625e-05
01000010000010011000,18.78916282131053,9.765625e-05
01001000010101110100,32.505116210140265,9.765625e-05
10101000011001000001,48.7621984014567,9.765625e-05
01110100010001100101,12.654321593821015,9.765625e-05
01100001001101010110,18.374636524221657,0.0001953125
11101010001100001001,45.642303493182666,9.765625e-05
01011001000010110010,22.62187776138417,9.765625e-05
10111111011100001001,31.77084599283566,9.765625e-05
00011110101110100001,14.447156152797133,9.765625e-05
10000000000000100011,32.19377745603022,9.765625e-05
00111010110011010001,34.84579939012231,9.765625e-05
01111110001000011010,22.947332804730905,9.765625e-05
10001101000100110101,16.963555161682116,9.765625e-05
01011100001101101011,18.236419318128497,9.765625e-05
01001010011101111000,34.52869869322455,9.765625e-05
01000000101010110100,42.9539121963437,9.765625e-05
11110001011101011011,15.569232756974912,9.765625e-05
11001101001010100010,20.485468328585107,9.765625e-05
10101100110011101000,25.62492592977467,9.765625e-05
11100011100100001101,21.108471660577038,9.765625e-05
10110110110011111100,24.1139662772091,9.765625e-05
11001010100011000100,27.117262203790755,9.765625e-05
01010011011000101011,23.931883770239892,9.765625e-05
00010111111111101010,29.77523244612877,9.765625e-05
10010010100010001101,22.853373176305407,9.765625e-05
10101100010101011011,39.10102031135105,9.765625e-05
11100000011101010100,31.871431886679744,9.765625e-05
00010100110101101001,28.887616223064384,9.765625e-05
11111100110110110100,9.586709635715415,9.765625e-05
10111000000101100010,28.166442743104557,9.765625e-05
11110011000101010010,25.909069451361987,9.765625e-05
10101011100111111111,44.745788057630385,9.765625e-05
01101111010001100000,25.733541549238595,9.765625e-05
00011000010011110001,29.078830224780834,9.765625e-05
11110100100101001000,9.851986286963621,9.765625e-05
01001101011111000100,11.581978731793985,9.765625e-05
00000101010001001000,19.666328120357786,0.0001953125
00110011010101000110,17.92851664487547,9.765625e-05
10100101011011111100,24.374636524221653,9.765625e-05
11110101111000111110,20.79366655330692,9.765625e-05
10100001010101100010,28.97669651554962,9.765625e-05
10011000111011010011,32.95462365303148,9.765625e-05
11110101010110010001,15.678886195428959,9.765625e-05
01000011111111011100,27.29047619988912,0.0001953125
10011100111011101001,16.920538724328296,9.765625e-05
10111100000110010110,22.630607820540405,9.765625e-05
10010111111010001101,19.91362350160777,9.765625e-05
10111101110001101100,17.70014383443105,9.765625e-05
11011101111011100101,16.560892253791383,9.765625e-05
01111100110110111011,11.342920810523971,9.765625e-05
11111100010101110101,15.593216457670334,9.765625e-05
00100010011011000000,38.367961898174,9.765625e-05
10011111011111101000,14.45087214137317,9.765625e-05
11111110111100011101,21.46256781401543,9.765625e-05
00011110011011001001,14.112109681495955,9.765625e-05
01100111110010000100,15.413784138784038,9.765625e-05
10100011010101100101,44.2036246626173,0.00029296875
11101001010011100010,20.360253083083713,9.765625e-05
11000110011101011000,16.283494349894436,9.765625e-05
01111010110110010110,20.931173467195663,9.765625e-05
11001101000000001010,21.43624874001641,9.765625e-05
10100111111000111000,21.480692133815424,9.765625e-05
00111110001110000011,14.724913722167834,9.765625e-05
11101110110111001110,30.50850197274788,9.765625e-05
00111001001100100001,14.906171210820656,9.765625e-05
11101000111111011101,41.50160279767052,9.765625e-05
01001001111110011110,30.090532139016446,9.765625e-05
11110100001101110001,9.839439247916648,9.765625e-05
10111101001010100001,23.380447180665044,9.765625e-05
00011100001100010011,11.486364251417001,9.765625e-05
01010010000110011001,17.161705597589773,9.765625e-05
10010011001011011100,20.959380992168445,9.765625e-05
11100000001000010010,17.938185295226155,9.765625e-05
01000111010001110100,11.586709635715415,9.765625e-05
01001101001111101100,19.47039217717561,9.765625e-05
00000110001010010001,22.52925367536274,9.765625e-05
00001010111001111001,52.73558461917334,9.765625e-05
01010001000111110000,26.982719347009052,9.765625e-05
11101000000110000101,34.776765672284704,9.765625e-05
11100001001100001111,20.48628782888939,9.765625e-05
01011111000101000011,22.858608744115635,9.765625e-05
00110111100111100101,15.418357218916947,9.765625e-05
00101100110101100100,28.65754652875996,9.765625e-05
10100010101010011110,41.313904096488436,9.765625e-05
00101000110001010110,46.5123209282401,9.765625e-05
10010101001001001010,25.823474149689677,9.765625e-05
11111110100011000000,32.5018060865617,9.765625e-05
10101101101011000011,17.202776827783403,9.765625e-05
11110100010110111101,11.645597776258132,9.765625e-05
00100101101001101111,29.085450608364347,9.765625e-05
00111000001001110000,21.97014712360881,9.765625e-05
10111000001100010011,28.55503649200362,9.765625e-05
10100101011000000010,18.737530931309244,9.765625e-05
10011001101010000011,21.931883770239892,9.765625e-05
01111111111111001001,16.351638473620707,9.765625e-05
01001010010101010011,39.92631118595071,9.765625e-05
11000010000001001010,22.046708477404977,9.765625e-05
00011111000010010010,20.78209964634231,9.765625e-05
11111111001100010001,41.32408616604356,9.765625e-05
00001111110111110000,16.760097688339684,9.765625e-05
01110011010111110000,16.06915279747831,9.765625e-05
10101101101100110011,17.471630096421194,9.765625e-05
01111010100001001001,27.08833886860146,9.765625e-05
11001111101111101000,15.269701484866161,9.765625e-05
10010000101100101111,36.62580936941987,0.0001953125
10010010001011000000,24.002395650221032,9.765625e-05
01100001110010101000,25.27549593020835,9.765625e-05
10111111001110000001,33.13242285871799,9.765625e-05
11100010010001111000,33.575455982208766,9.765625e-05
11101101011001000111,17.535870614502645,9.765625e-05
11001001110101111001,22.49534833199392,9.765625e-05
01100001100010001111,26.575383139919808,9.765625e-05
00101111001000101010,23.167798686270856,9.765625e-05
10111100101000001101,18.000950986844302,9.765625e-05
10110111011101001101,18.50246321365814,9.765625e-05
10010000101010110101,36.68887967333917,9.765625e-05
01010100100100101101,29.972753147908474,9.765625e-05
00111111101011010010,17.48340590821264,9.765625e-05
11000111110011001110,14.005138482729118,9.765625e-05
01000001101111110110,46.38437619869106,9.765625e-05
11001111001101000000,22.01603962144049,9.765625e-05
11010001110110100000,16.666970963330115,9.765625e-05
11001111110011111110,12.2028442878553,9.765625e-05
10101011000000110010,45.95212148268729,9.765625e-05
00101100110001011110,29.758485944451465,9.765625e-05
00000101010001100000,19.73406531257023,9.765625e-05
00010100000110111010,31.989245541037885,9.765625e-05
00011001101011001010,28.62258443448092,9.765625e-05
01001100111100110101,20.735032150757455,9.765625e-05
11011101011100011101,13.14235336588007,9.765625e-05
10011010001110100010,25.977730166514878,9.765625e-05
01100100010110010011,18.18638900620735,9.765625e-05
11111010110100001000,29.573606362510034,9.765625e-05
00010110110011000000,16.91267251476347,9.765625e-05
11010000100110010011,21.289638051092176,9.765625e-05
00110011010000100110,17.963209731664634,9.765625e-05
00010100001100110101,25.938230586074408,9.765625e-05
11110101000101010100,15.937032848091093,9.765625e-05
00000110010100110001,28.200404004919704,9.765625e-05
00101101011111100100,16.80018306129879,9.765625e-05
01000011100010101110,25.66964280419549,9.765625e-05
00001000100011110110,46.20126806165117,9.765625e-05
01011000100001111011,27.45210276330542,9.765625e-05
10111101000101100011,18.467185243435466,9.765625e-05
10011001011110001011,20.84587309178756,9.765625e-05
00001001000101110100,27.012438995430472,9.765625e-05
00100110101111111001,32.36386958207284,9.765625e-05
10111101011001111111,17.731430230159695,9.765625e-05
11011011110100010110,20.11039153749742,9.765625e-05
11100111011000101011,24.66949464480774,9.765625e-05
00100010100100000000,31.221670682664886,9.765625e-05
10010001101010111100,33.508608471234865,9.765625e-05
11110111010011010101,22.101825750453465,9.765625e-05
10101010011001000100,67.43398718798126,9.765625e-05
00010101001000010010,31.495194654594062,9.765625e-05
10111101011111000001,15.368000300135034,9.765625e-05
10010101111010101100,32.729081328789235,9.765625e-05
10100110011011010100,38.75943693129577,9.765625e-05
01111110101011101011,20.124629648873352,9.765625e-05
11001010100100100101,31.714622422876644,9.765625e-05
11001010111001011100,32.65473623617997,9.765625e-05
10111101010001100000,21.392886899676768,9.765625e-05
10010000101001101011,34.80979031850687,9.765625e-05
01100111111100111001,20.19499048518979,9.765625e-05
01001001000000001111,20.42458315417334,9.765625e-05
00000110110111011010,36.06247184271011,9.765625e-05
11001010100111011101,37.1247528094117,9.765625e-05
11110011101111001011,19.70730162901626,9.765625e-05
00100100000101000000,17.389460319352832,9.765625e-05
01010100001000010001,20.65290806212364,9.765625e-05
10111111101101100011,23.248610827998885,9.765625e-05
00001000101010011000,39.65127061744096,9.765625e-05
11110101110001010001,11.288144663263406,9.765625e-05
01101010000100111100,38.75515533298345,9.765625e-05
10100011110100001100,29.80616478077465,9.765625e-05
01101101111101100001,13.925327402284674,9.765625e-05
01001010110101011011,40.96733777258995,9.765625e-05
00010011010000101010,19.04258408806333,9.765625e-05
11111110001011010110,31.41018034096149,9.765625e-05
11110111101000101100,31.228095760423777,9.765625e-05
00000011101010011101,33.403081201423696,9.765625e-05
01100101010100111100,18.132627763452355,9.765625e-05
01011110111100110011,13.552845120902733,9.765625e-05
10100111100100011001,21.662589031836788,9.765625e-05
00001010100111000100,41.89486873489494,9.765625e-05
01101101011101001110,13.151418124136661,9.765625e-05
01010110000010111011,24.165466142592997,9.765625e-05
10000011011100010100,32.00972904687132,9.765625e-05
10110011010101001010,23.985064199209553,9.765625e-05
11010110010101010101,12.247989022242844,9.765625e-05
00001111111111011101,22.19803615069781,9.765625e-05
00111010001000001010,24.849166308346675,9.765625e-05
10001011011101100000,33.743673614658476,9.765625e-05
10001001100000000011,22.74034122388923,9.765625e-05
10100101110001000010,14.486287828889388,9.765625e-05
11011110111100110011,13.471630096421194,9.765625e-05
00010000011001111000,40.50885530950108,9.765625e-05
00101101100010100001,18.844154947789026,9.765625e-05
10001100100010111000,18.821841194330766,9.765625e-05
10000010100000001000,25.383190649627178,9.765625e-05
01111101001011111011,24.63996333703635,9.765625e-05
01001110100111000101,17.885181534428266,9.765625e-05
00111101100010011011,21.304656515593923,9.765625e-05
01000001100110111110,43.13628962957712,9.765625e-05
00001011000000100100,21.048596204797484,9.765625e-05
11010100110111011000,13.413844622841522,9.765625e-05
11100101011101111101,15.009358960939549,9.765625e-05
11100110011101101001,25.106608088849477,9.765625e-05
00100111000111011100,18.081371302730894,9.765625e-05
00100011010101110100,37.17051654156573,9.765625e-05
11100010110111111101,42.63982625619684,9.765625e-05
00111010001101000100,34.71706064308357,9.765625e-05
11011100101011011101,16.18402903708499,9.765625e-05
01111111001000000010,37.74617852268821,9.765625e-05
10100010100111111101,56.63982625619684,9.765625e-05
11000011001000111010,19.058013663353226,9.765625e-05
10110010011101010110,44.51004969016799,9.765625e-05
00100100001000011011,24.46618337144343,9.765625e-05
00000001111111111010,65.18204806169892,9.765625e-05
00111000001100001001,20.24705125300631,0.0001953125
01000010110010010001,26.38623185284308,9.765625e-05
10100101011001101000,18.181228430541957,9.765625e-05
00111101010001011011,15.100867787594746,9.765625e-05
10000011110100110101,34.4703211855329,9.765625e-05
00110101001101011011,16.46519364045131,9.765625e-05
01110000100000100001,15.86828065340605,9.765625e-05
00001110010111111010,29.519891487959462,9.765625e-05
01111010111111100010,19.23998363738216,9.765625e-05
01100011100101010000,17.46813062514046,9.765625e-05
00111100111111000111,14.07273024721254,9.765625e-05
11010110011001101101,15.213434387168292,9.765625e-05
11001110001000001100,21.718124370008205,9.765625e-05
01001110100011000101,17.151418124136658,9.765625e-05
11001000110101101111,35.18863461977237,9.765625e-05
00101110011001010101,39.90248810619355,9.765625e-05
11101101010111001100,20.61524570532241,9.765625e-05
01000100100000111010,33.31129618412415,9.765625e-05
00100101001000100111,23.106608088849477,9.765625e-05
11110101110000000101,15.157447931610513,9.765625e-05
00000110001111101000,28.203137140551018,9.765625e-05
11111101001010110011,27.462296406962132,9.765625e-05
01001110001000000001,16.64598930783231,9.765625e-05
10110010000011001000,28.431646427108575,9.765625e-05
11110101011100101110,19.037021276938297,9.765625e-05
00010011011101101000,20.192344366755062,9.765625e-05
11101101101110110000,15.924073582440439,9.765625e-05
11100010110011101101,33.14241095441115,9.765625e-05
00100101001000010001,16.886173338988883,9.765625e-05
01101111011001100000,21.250603067437083,9.765625e-05
11111101011000100110,22.004490318088386,9.765625e-05
10011100000110010111,17.157096483331586,9.765625e-05
10011001010101101101,20.574971207583392,9.765625e-05
01110101101110100000,36.19160656197896,9.765625e-05
01011100010111110000,8.879579597760952,9.765625e-05
01000001100100000111,29.068623429007385,9.765625e-05
01001000100010010001,24.193777456030222,9.765625e-05
11101010110000101010,33.20165968035255,9.765625e-05
10011101010000011001,17.449674316262648,9.765625e-05
10001011001100100100,29.416699264708633,9.765625e-05
10101010000000001000,55.65238669835545,9.765625e-05
11010100011100010001,7.432422721382576,9.765625e-05
01100110110101010011,20.34105870763854,9.765625e-05
11101011010011000101,41.823059507330726,9.765625e-05
00011001110011110001,24.644794312347535,9.765625e-05
01001110011101000010,17.455953672025263,9.765625e-05
01000110011110011011,24.071927408959624,9.765625e-05
01011001100010110111,26.174329353431617,9.765625e-05
01000110001000011000,15.849396190294263,9.765625e-05
01010000000011001000,25.411937229107842,9.765625e-05
10111100110100010010,15.230814660598826,9.765625e-05
00000011111110001011,39.803693050961115,9.765625e-05
00010111010100011111,16.69134558078185,9.765625e-05
10100110100100000111,31.917799423391017,9.765625e-05
00001010000101110110,50.34807333281877,9.765625e-05
00101000011001100011,40.38587769454161,9.765625e-05
10110111100101011001,15.995862491017611,9.765625e-05
01011100111110010011,14.647492686805116,9.765625e-05
10001110101000110000,23.642143622857304,9.765625e-05
11100011011001000111,25.652050355748905,9.765625e-05
11101110101101010100,30.741359670805434,9.765625e-05
10101100110001011000,29.11951127263921,9.765625e-05
10001001111111111100,38.468400574191456,9.765625e-05
10010011000000010000,19.222383782858856,9.765625e-05
00001101110110011110,26.699179629978985,9.765625e-05
01100011110100001101,19.8935616141477,9.765625e-05
01111101011000010100,15.758620951722477,9.765625e-05
00001001111111001011,43.01853210574774,9.765625e-05
01100111001010011011,22.800598661001057,9.765625e-05
00011110100010101000,18.44560218294385,9.765625e-05
11011011011000000110,21.697111593670854,9.765625e-05
00011111010100000001,13.852936539386853,9.765625e-05
10010110100111111100,20.374636524221657,9.765625e-05
10001111000000100010,25.693378001482323,9.765625e-05
11010010000001001010,18.5521754014031,9.765625e-05
00111101011000110001,13.354657388009743,9.765625e-05
10101010000010110010,52.68646027587932,9.765625e-05
11010011110111011100,10.963087207580326,9.765625e-05
00000100011001011001,35.708353694712116,9.765625e-05
10000011110110010010,30.920538724328292,9.765625e-05
11110011101000111110,19.79551346298311,9.765625e-05
00000010001001101101,45.099878398789414,9.765625e-05
11100110011000001001,22.204168805074982,9.765625e-05
10111110100010101101,29.28503944441921,9.765625e-05
11110101001110001010,30.293418789717578,9.765625e-05
00110101000010010001,19.545268406717213,9.765625e-05
01111111010101100110,23.03011157222987,9.765625e-05
00110011100100000001,13.73429975477695,9.765625e-05
00000101001011110100,31.04579309537197,9.765625e-05
00000001010011010001,34.71635399162301,9.765625e-05
00000110001100001001,22.372205280029146,9.765625e-05
01011000010001111000,18.427640285019542,9.765625e-05
10001100111001011001,26.798972753001575,9.765625e-05
11110111001101001000,26.97029982161952,9.765625e-05
10111010100011001010,34.88597169319425,9.765625e-05
11111101001100011111,22.204835890839455,9.765625e-05
11111000101101011100,20.24705125300631,9.765625e-05
10000000000101101010,39.49918403666471,9.765625e-05
11011111101111100000,23.272566841458556,9.765625e-05
00001010101110111100,45.974590284420515,9.765625e-05
01100110010101101100,23.868280653406046,9.765625e-05
11100101000100000110,17.537188155707916,9.765625e-05
11110110101111011001,13.952461514295866,9.765625e-05
11111001010010000011,21.377505412384863,9.765625e-05
00001111101111011101,18.46900364432764,9.765625e-05
00110000111111101111,48.32804176587651,9.765625e-05
11111010001001001000,36.369145439160405,9.765625e-05
10111001001010100010,19.71434372934982,9.765625e-05
11001010000110111100,28.693038725930986,9.765625e-05
00011101001100000111,15.610536247043381,9.765625e-05
01001011011101111100,22.101850542572457,9.765625e-05
00010000100100101000,33.114143767338795,9.765625e-05
00010110110011001011,22.85974778813906,9.765625e-05
10101001001011101100,26.848764062047216,9.765625e-05
11100110011000101101,23.69177344074857,9.765625e-05
01001000011101110101,38.632688998168916,9.765625e-05
00010010100010100100,26.962599685514043,9.765625e-05
00010000101100100011,41.44180625110921,9.765625e-05
10101110010100110001,53.795664321597044,9.765625e-05
11000000011100011100,27.954236267845978,9.765625e-05
10101000101101110011,46.73343237361474,9.765625e-05
01010100101101111011,39.538100224149986,9.765625e-05
00011001110010100100,20.212535667186653,0.0001953125
01101101000100100100,18.04111902392436,9.765625e-05
11101000101100100111,25.39102053079946,9.765625e-05
00100101111100000010,19.71925120347601,9.765625e-05
10001100110110100000,20.302916838825784,9.765625e-05
11101001010100011010,26.872109392902246,9.765625e-05
11111010110110011011,28.479639121616074,9.765625e-05
00011010100011000101,27.59269595327844,9.765625e-05
11101101110111011111,16.45264181781331,9.765625e-05
11011110010000000000,24.41055658135941,9.765625e-05
01111011010000110101,25.648475616037217,9.765625e-05
11101111011001010100,32.52942156658268,9.765625e-05
01110110110100010101,9.468130625140462,9.765625e-05
11101001011000110110,17.264048015757247,9.765625e-05
01001000001010011100,24.139835925995797,9.765625e-05
01110110101011001011,21.474350650489143,9.765625e-05
00010000100000111010,40.29506405400878,9.765625e-05
00000110111011111001,40.79261616400291,9.765625e-05
00001100101100101010,28.1016009071565,9.765625e-05
01101001101110100000,19.18217588581545,9.765625e-05
01000110010110011001,16.42700089733064,9.765625e-05
10010110101010111001,21.646551473124973,9.765625e-05
01110000110100010110,14.05131061564875,9.765625e-05
00110010000100100011,24.199976221240366,9.765625e-05
10011110011110010001,20.559761154331703,9.765625e-05
11111000101010101111,16.84497092736232,9.765625e-05
10000001101101110110,37.935992144824034,9.765625e-05
11110100011100011011,8.25238242991418,9.765625e-05
01000000100110110101,44.073682790435825,9.765625e-05
11000000000100100110,22.14456058832388,9.765625e-05
00110001000010111000,25.08834782021735,9.765625e-05
11011110110111111100,12.731549946254447,9.765625e-05
11011110110101000101,18.25452498943583,9.765625e-05
11110000000110010100,15.33863098417702,0.0001953125
01000011000110101001,22.48724152575623,9.765625e-05
00001001001010101011,30.284062756780447,0.0001953125
10010010000001010001,28.13724685801477,9.765625e-05
10000110011011010010,31.45210276330542,9.765625e-05
11001100000000110110,11.39316831406595,9.765625e-05
11000101010001101100,11.909682843989165,9.765625e-05
01010010101111011100,29.158772780925478,9.765625e-05
11001101100011100110,14.752627483480977,9.765625e-05
00001110100010010100,21.938185295226155,9.765625e-05
00111100101100101101,15.581978731793988,9.765625e-05
00010000001100000011,28.91307122949212,9.765625e-05
10000000001101111010,49.00785372637813,9.765625e-05
11110011100101001110,17.076643930380268,9.765625e-05
10000010010101010000,50.99942284863816,9.765625e-05
11011111001101001101,24.01911099858279,9.765625e-05
11100010100000000000,22.039536643254078,9.765625e-05
10011110100000001101,23.955193496283627,9.765625e-05
10101110111100010011,42.23743152345135,9.765625e-05
00101001011111000100,28.66931779113209,9.765625e-05
01011100101000111000,24.684568722648738,9.765625e-05
01001001101101100010,24.611480905167127,9.765625e-05
11111101101101001010,21.506472240433766,9.765625e-05
11000101111011101100,25.508608471234865,0.0001953125
10111011000101100111,41.61283435039333,9.765625e-05
01000010000111101000,28.114380919568056,9.765625e-05
10100110000101000001,35.3663156873793,9.765625e-05
01000100010101110000,20.25996339925175,9.765625e-05
01111010001010010011,20.724913722167834,9.765625e-05
00100011010111011011,38.44581625686434,9.765625e-05
01010111101010001000,41.63812757139942,9.765625e-05
01000010001000011010,24.427640285019542,9.765625e-05
01011110110010110101,13.157096483331582,9.765625e-05
11101011001000011111,36.35284065225995,0.0001953125
11011001110010110111,15.026266817976177,9.765625e-05
10110010000000110100,34.82444377418682,9.765625e-05
11101111100101111100,26.046483084781165,9.765625e-05
00111100010001110111,17.450801149730463,9.765625e-05
11101101101101111110,12.184703011736682,0.0001953125
00010010010111101001,31.671989631997466,9.765625e-05
10010010100000010110,27.803353753773596,9.765625e-05
10100111010100110100,30.741359670805434,9.765625e-05
10110011000100001001,24.238315773805,9.765625e-05
00111001110110100110,16.538545899811634,9.765625e-05
01111010110101001010,23.91362350160777,9.765625e-05
11100011000000100101,26.415862868181264,9.765625e-05
10110111011111011001,17.776211854629885,9.765625e-05
00111111100010110010,23.929091478858695,9.765625e-05
01010011000101010100,13.18307534021815,9.765625e-05
11100001011011110000,18.618944944719875,9.765625e-05
10111010001011101001,37.38773437738196,9.765625e-05
01000101011011010000,22.94259836923866,9.765625e-05
10000000101011001010,45.317476213714436,9.765625e-05
00110010010000001000,19.563770730024522,9.765625e-05
01010010000000000010,16.31108222980687,9.765625e-05
11101010010000101110,42.35912624961591,9.765625e-05
00110111010100101111,18.00237627814712,9.765625e-05
11110010011111101100,23.12144969967558,9.765625e-05
10000100100101011100,26.474757163190127,9.765625e-05
01001111010001111110,13.87176147619412,9.765625e-05
00000100001101010001,28.780815549252647,9.765625e-05
01001111011110111101,14.07682267253019,9.765625e-05
00110010110101011000,29.91266003157677,9.765625e-05
01111101111110110011,15.078646678561661,9.765625e-05
01100101110011110101,20.335385855615893,9.765625e-05
00000001010011000100,28.393663742867957,9.765625e-05
00010000010001010101,33.60682558013575,9.765625e-05
10001101101010001000,19.767341237714543,9.765625e-05
00111000000010100111,22.207453402113497,9.765625e-05
00110110100111000010,14.40105409159527,9.765625e-05
10010010111010110001,30.217221487399897,9.765625e-05
11000110011101001001,18.202241217719124,9.765625e-05
10110110000101000000,24.921670732873096,9.765625e-05
00100011010010000011,25.707479119145958,9.765625e-05
10110110111001000001,18.355464405127336,9.765625e-05
10010001001010101000,25.887443820884485,9.765625e-05
11100011110001101110,17.42787472722626,9.765625e-05
01101000001100010110,22.580433724396418,9.765625e-05
00100011101010000100,19.569265346656586,9.765625e-05
00000001001011001000,33.229738439647676,9.765625e-05
10100010100110111100,46.00303849319336,9.765625e-05
10101010110001110011,65.70960584941398,9.765625e-05
00011011100110001111,20.585202844775008,9.765625e-05
01011111101110100001,26.293585870229066,9.765625e-05
01101011100000001010,24.047659464249275,0.0001953125
10001110011101011000,35.45724904400688,9.765625e-05
00011001100011100110,24.05470598800594,9.765625e-05
10011011001101110100,27.725455192430992,9.765625e-05
00011000001110101111,32.71044744265453,9.765625e-05
00101111100110000101,22.333607227559874,9.765625e-05
00111010100100001101,33.04163039119649,9.765625e-05
00011000001000001010,21.389460319352832,9.765625e-05
11000110000101001111,20.128536258059647,9.765625e-05
10011110111001111011,21.453662974752046,9.765625e-05
11011101001001010011,22.433087097124513,9.765625e-05
11110000011000110000,9.770151530294534,9.765625e-05
11011110000000001011,27.193598164963106,9.765625e-05
10111110011101000011,34.2696243387573,9.765625e-05
11010111011100001011,20.77736874242088,9.765625e-05
01101111111001000110,15.953875955078356,9.765625e-05
00110001011101011111,26.241659934976052,9.765625e-05
10010110110010011101,18.73615906051264,9.765625e-05
10101010111000110111,60.63531926526072,9.765625e-05
10011000101100111110,30.150824016456188,9.765625e-05
00011001001011100000,18.639929113939978,9.765625e-05
00000111101101010000,17.39102053079946,9.765625e-05
00010011100100001100,16.764119747219205,9.765625e-05
11000010101111101000,28.246084338531702,9.765625e-05
11000001100100101110,21.029794378774994,9.765625e-05
01001100110001100100,16.237036242326486,9.765625e-05
00100101010111010011,22.190105201923448,0.0001953125
00001001110111110111,45.48239800176732,9.765625e-05
10111010000100110100,52.809109346204586,9.765625e-05
00111110101110001001,14.470879699241898,9.765625e-05
10100000111001111001,48.6402408985558,9.765625e-05
01011101011010110101,19.303266829102398,9.765625e-05
10101110001000000010,39.96118624094387,9.765625e-05
01001011101101100101,23.000490242928645,9.765625e-05
00000010101111100000,46.79860339065105,9.765625e-05
01100010111110010100,30.140310964875386,9.765625e-05
10111111011001100001,31.760970587514002,9.765625e-05
10110110110110101011,17.772399042764,9.765625e-05
10100010111110001010,43.71184410516047,9.765625e-05
00111110000100100111,24.694290880632842,9.765625e-05
10010010111000101101,28.12653123032767,9.765625e-05
01100100100011110101,23.289638051092176,9.765625e-05
10000010110000001000,30.383190649627178,9.765625e-05
10000011010101010000,31.441818734295914,9.765625e-05
10111110100001000000,35.455097609156724,9.765625e-05
01010001110001010110,23.541716592286438,9.765625e-05
00110111010101110101,15.744908062428792,9.765625e-05
01100011000000001010,18.67445167577405,9.765625e-05
11101110100100000110,33.62344222798285,9.765625e-05
10001000011111100110,50.575958621196904,9.765625e-05
10111101011111010011,15.372702058818401,9.765625e-05
01110111010000100110,25.480773840183417,9.765625e-05
10000100001000110000,20.824963075226332,9.765625e-05
00101100101101010011,20.601728954651094,9.765625e-05
00010010011000000001,20.607613116416037,9.765625e-05
11001111001110000001,22.699031470591237,9.765625e-05
01000000000000011000,22.453095291447283,9.765625e-05
00000010101110100111,55.354818972145324,9.765625e-05
10100110011100000000,32.885905055080265,9.765625e-05
10000000111010001001,45.81207403976567,9.765625e-05
01101101100111000011,15.98607493569028,9.765625e-05
11101100110111110111,20.48912050867291,9.765625e-05
01001101110010111100,21.17090183154656,9.765625e-05
10001100000101110001,21.91400798088015,9.765625e-05
10111101010101110010,17.94511580912294,9.765625e-05
00100001011101000110,29.158772780925478,9.765625e-05
11101000100010011110,24.139421283636842,9.765625e-05
10000111001001000011,20.556889643273163,9.765625e-05
10101001110101110011,39.31158860750588,9.765625e-05
01011101001010100111,31.929241292592458,9.765625e-05
00011011000000010010,21.620936547704027,9.765625e-05
01111100111001010001,6.386286182434421,9.765625e-05
11011111111010100101,21.116060945076455,9.765625e-05
10010001101011101010,35.12934599603959,9.765625e-05
00000101010011110001,27.25174677009632,9.765625e-05
11111111100110100010,36.012298106324394,9.765625e-05
11001011011000011111,24.844154947789026,9.765625e-05
00001111000111111001,15.299135463746335,9.765625e-05
00000010010111000000,41.84719063299283,9.765625e-05
10010110010111011001,16.86598371453949,9.765625e-05
00111110110101011010,21.931883770239892,9.765625e-05
11011110011100010011,17.506152658255267,9.765625e-05
11010010001001001011,21.624511287415714,9.765625e-05
11100000001100000101,24.231104068850932,9.765625e-05
11110001011000000100,9.714649799653301,9.765625e-05
01100010000011100010,26.50939091956536,9.765625e-05
01010011110011011000,17.121449699675573,9.765625e-05
11000111001100001001,18.346236196306737,9.765625e-05
11011001111111001011,19.65979404122942,9.765625e-05
01000011111110011110,29.613095249861406,9.765625e-05
01101000110111100000,29.802386839298993,9.765625e-05
00010110000011001000,16.245750373852417,9.765625e-05
00001000010011011111,56.03682151961793,9.765625e-05
00000011000001100000,18.07521092864196,9.765625e-05
11000101011011101100,20.666970963330115,9.765625e-05
11001110010101011001,26.382628702314395,9.765625e-05
01000000100110111010,47.98104901837743,9.765625e-05
00010101010110110101,24.628673991591192,9.765625e-05
11000000111101010011,40.23953588815203,9.765625e-05
00100111111101100110,22.177023363520647,9.765625e-05
10001001101111110110,32.48912395311652,9.765625e-05
11011110110011111000,12.844154947789022,9.765625e-05
11111000001001100111,19.93618307548374,9.765625e-05
10111011001011110010,32.689498034651606,9.765625e-05
00100100000011011011,28.04206557011273,9.765625e-05
00010101100101110011,29.08681551398636,9.765625e-05
00011110010010010111,18.444284641738587,9.765625e-05
01111011100010010011,24.08361627984187,9.765625e-05
00110110010010000000,14.720209166334723,9.765625e-05
00010010110001110101,37.6130952498614,9.765625e-05
00111001001111100011,15.866766162869983,9.765625e-05
00001101111001100010,20.611480905167127,9.765625e-05
01100111010001011110,14.960399439084645,9.765625e-05
10001010100101111110,53.139228687834766,9.765625e-05
00111110000110000011,18.7230641024691,9.765625e-05
00001100010011010111,29.615161496071934,9.765625e-05
10101100101010000011,20.232596820225655,9.765625e-05
00010101011101000110,22.896709402977788,9.765625e-05
10000111000101110101,18.726834246382076,9.765625e-05
10000101010011010100,18.5371171640652,9.765625e-05
10011110100110101000,15.583899343135426,9.765625e-05
11001101111001111110,12.523684622644359,9.765625e-05
01011100010010111011,15.470038018874144,9.765625e-05
01111100111110111111,13.17797081879414,9.765625e-05
11001001101010011101,20.471294341600853,9.765625e-05
11101111010110001001,36.509341041469774,9.765625e-05
11000111110111001011,15.966841510990202,9.765625e-05
00100011110101111100,36.994841236111846,9.765625e-05
01010010111010010100,20.78226373336037,9.765625e-05
00110010110000001011,21.27974817614253,9.765625e-05
01111001100110001010,20.913623501607773,9.765625e-05
11100010001101001111,38.466148795320464,9.765625e-05
00010010100011001001,26.306336257631425,9.765625e-05
10100010011010101000,40.00118813907356,0.0001953125
00100111000111101010,19.885004044298572,9.765625e-05
10010110100110111000,15.970147123608811,9.765625e-05
00000010101100100000,38.872697171862164,9.765625e-05
00101100001110010001,19.57602337124627,9.765625e-05
00011100110111110100,22.58100557572603,9.765625e-05
01000001010011001100,23.105512201557154,9.765625e-05
10110101110010110011,19.4507914636935,9.765625e-05
10001101101010010111,21.470038018874142,9.765625e-05
10100101011101101001,20.71737868013256,9.765625e-05
00001110011100010011,28.48545584539841,9.765625e-05
11000001001110101111,30.88139808578033,9.765625e-05
10101111000101100010,37.209566794760896,9.765625e-05
00110110011001010001,15.93092309735864,9.765625e-05
11110111100110001111,24.514674830023502,9.765625e-05
01100100011011010111,22.091967116356223,9.765625e-05
01010110011001010101,13.67348402687838,9.765625e-05
10100010001010001000,34.538321965190136,9.765625e-05
00110011110001110011,21.32862086585162,9.765625e-05
00001010110010010001,42.199424683545786,9.765625e-05
10010001000110010100,19.803353753773596,9.765625e-05
01011010100100000100,18.54501251886809,9.765625e-05
10001110111011110001,30.050157357805237,9.765625e-05
10001001111110001011,34.39373494165073,9.765625e-05
10111011101000011000,31.813802876853302,9.765625e-05
01011010100100011101,22.49135967350453,9.765625e-05
11000101000011010100,12.76232716713435,9.765625e-05
11000110101000111100,16.572865885539407,9.765625e-05
01011101110111110000,17.833812421163323,9.765625e-05
10011010010110110011,36.25146360343756,9.765625e-05
10001100101010001000,19.74189591732376,9.765625e-05
11010110101010001000,22.09246596796565,9.765625e-05
11001010111011111110,31.896753959404975,9.765625e-05
10101101111000100111,18.91751272516145,9.765625e-05
01010111001111100001,26.344280285261082,9.765625e-05
11000010000010011100,18.82373067399285,9.765625e-05
01100100100010100001,22.87761369557126,9.765625e-05
10100000011100000101,47.11849906731636,9.765625e-05
01011110110101011000,12.916906210581661,9.765625e-05
01001001110000111010,23.548770266721572,9.765625e-05
01110100001010111011,27.098618631619097,9.765625e-05
01100001001100000100,14.409531892849856,9.765625e-05
01101100011000011010,12.391280586673442,9.765625e-05
00101100001110111011,24.11217362083687,9.765625e-05
10110011101110010100,21.624511287415714,9.765625e-05
01000000100110011000,37.33603464591431,9.765625e-05
01000110100011000100,18.183980949087,9.765625e-05
00101101111011111011,22.846791401822983,9.765625e-05
11111101111111001011,14.839236867700947,9.765625e-05
10110110101010011000,19.600649082116277,9.765625e-05
10100111010110110111,32.32791492717593,9.765625e-05
10101110101000111101,36.67924306375296,9.765625e-05
10111100001010001100,22.55443695343825,9.765625e-05
00001111110001011101,20.293746512803516,9.765625e-05
11010001011100101001,17.159544389575462,9.765625e-05
11001110011111101111,22.871674556921107,9.765625e-05
01011000000100100100,14.198762174232286,9.765625e-05
10000100010101100100,27.855390600096882,9.765625e-05
01001000010111100111,37.06915271035111,9.765625e-05
01000000010101110101,42.749380281351364,9.765625e-05
11001101000010000010,20.696504344670004,9.765625e-05
00000010011110110110,57.88298838402615,9.765625e-05
00100100100001100000,20.654736236179968,9.765625e-05
11000010011000011000,20.340243451646494,9.765625e-05
00110010011101001011,29.655627805483135,9.765625e-05
10010010001001101011,28.921093706466483,9.765625e-05
11111110000111101010,29.41018034096148,9.765625e-05
11000000100011001011,31.158772780925478,9.765625e-05
10101001010011011110,38.466148795320464,9.765625e-05
00110000010101010000,25.467453118917966,9.765625e-05
10111010111010101010,27.312812133410855,9.765625e-05
11000100100000111001,15.315131165213693,9.765625e-05
11110100011100011001,6.7249943127202965,9.765625e-05
11001101000101110101,10.296558584684744,9.765625e-05
10100111110010100110,24.46363342900468,9.765625e-05
00011101001010111010,29.355641171675778,9.765625e-05
10011001100111101000,18.05507189507304,9.765625e-05
01101101001011100010,17.000638674947474,9.765625e-05
00000010001011111001,47.50255649453736,9.765625e-05
11110011110000101111,15.539510104263693,9.765625e-05
01000000100000111010,38.05202091869298,9.765625e-05
11001010100110101001,26.428347143620165,9.765625e-05
11010010001000011011,19.997786535962845,0.0001953125
00010100011110010011,28.10934114819341,9.765625e-05
00001011110110010100,30.423616239698735,9.765625e-05
00100100000010111000,26.81766527254752,9.765625e-05
00010101000100110000,22.322705245664043,9.765625e-05
10100101110000111000,18.13262776345236,9.765625e-05
10001100011000110100,23.60826118313321,9.765625e-05
10010000110000110100,26.431758432767843,9.765625e-05
10101111110011010110,32.61045910093452,9.765625e-05
00101010010001010011,60.52178720921489,9.765625e-05
10101001110101000111,38.693079652410695,9.765625e-05
10110101111010000010,20.799161904360044,9.765625e-05
00111100101100100011,8.447156152797133,9.765625e-05
11010010011001001011,19.76178375909774,9.765625e-05
00010101111010000000,35.66416067075012,9.765625e-05
10000101010110010100,20.372205280029146,9.765625e-05
01111000011100011001,16.202241217719127,9.765625e-05
10000011011100010010,32.80621557879518,9.765625e-05
01111101100110101100,27.701197875318726,9.765625e-05
01001000001010010100,20.096888728015113,9.765625e-05
01110101100111000001,22.444187829288566,9.765625e-05
01100110111111011011,24.300631474060793,9.765625e-05
10001000111101110010,50.863607447232184,9.765625e-05
10011001010101100000,15.807826195618407,9.765625e-05
01100001101100110100,22.01253933945131,9.765625e-05
00110111010011101111,19.1052416376883,9.765625e-05
11001110011110010001,20.534996784607024,9.765625e-05
00011001101111100111,29.19881653629963,9.765625e-05
00101000001100101101,42.65754652875996,9.765625e-05
01111011011010001110,16.414719197998032,9.765625e-05
11000010011001011001,29.48757622485659,9.765625e-05
01000101111001111111,40.644059952015034,9.765625e-05
11010000011001010101,18.162232158071145,9.765625e-05
11001000110111110111,38.61610270975208,9.765625e-05
11011011110001111001,18.604740881776245,9.765625e-05
01010010001100000100,15.988710018100805,9.765625e-05
01100000001000010100,18.31826374999472,9.765625e-05
01010111011000111101,23.207929350078206,9.765625e-05
11101111000101110100,36.20957648079785,9.765625e-05
01001111111011011101,13.845930865822508,9.765625e-05
11000001100001111001,20.269325880922285,9.765625e-05
10110110000100101001,21.149626278472873,9.765625e-05
01100110101101111100,22.2097246401856,9.765625e-05
11100000100100101100,20.227644691705265,9.765625e-05
10011111011100101001,17.80021772454895,9.765625e-05
10000101111110100101,30.933188093837394,9.765625e-05
11001110110100010100,21.72751592062943,9.765625e-05
00101010000100000111,53.423677545304486,9.765625e-05
01101100000000100111,16.611505871540523,9.765625e-05
01111111001100001110,29.102009482176513,9.765625e-05
11010110111011110001,15.801120830535325,9.765625e-05
00110000010011110100,33.15877278092548,9.765625e-05
10010010010111111001,34.34975336912353,9.765625e-05
01000110001010010000,15.686915550450713,9.765625e-05
10111111111011001001,22.793486353154684,9.765625e-05
11001110010110011010,19.507640626038953,9.765625e-05
01111111111110000011,17.483405908212642,0.0001953125
10101101010001011110,27.037021276938297,9.765625e-05
00110100101010110000,24.407257123206943,9.765625e-05
00000110111111010001,36.9280905484278,9.765625e-05
01001010111010001010,24.00111714743085,9.765625e-05
01100010100101010100,29.581018793333797,9.765625e-05
01111111110010100110,24.6277656726998,9.765625e-05
00011111110001101001,16.046588761310225,9.765625e-05
10100111011100011111,29.936608432567976,9.765625e-05
00111101001000000101,16.93607915122425,9.765625e-05
01000111110001011110,16.42417122183692,0.0001953125
10111001001001010000,24.719312509081764,9.765625e-05
01000110101000111000,24.469658676219403,9.765625e-05
01110000010000110010,12.914991840833567,9.765625e-05
11111001000001000010,26.3957885846617,9.765625e-05
00000111001001001011,20.199976221240366,9.765625e-05
11111011000100001000,42.37993550293382,9.765625e-05
00110100110010101011,25.18253464220408,9.765625e-05
00000110111110111101,45.82338714328946,9.765625e-05
00100110000010001101,25.95187166176745,9.765625e-05
00011111000000000000,23.35415819346521,9.765625e-05
00000111110110110111,30.468030488259682,9.765625e-05
01011110000100000101,16.804378442283145,9.765625e-05
01010101011101010101,17.770363068856533,9.765625e-05
10010000100000011100,24.31826374999472,9.765625e-05
11101111010100010110,38.30053376975846,9.765625e-05
11110010110000011110,16.7659666568954,9.765625e-05
01000111011001001000,15.313898763980205,9.765625e-05
11100110011100011001,23.039850952432015,9.765625e-05
01011010001000011110,20.6039646750391,9.765625e-05
01001011001011000101,16.470879699241898,9.765625e-05
10011011011001101001,22.490750584697246,9.765625e-05
11101101111101111000,12.506435824914023,9.765625e-05
01111010110000101110,20.900544384067324,9.765625e-05
00100100000010010000,19.242258112757813,9.765625e-05
11000111011001110000,13.354667074046702,9.765625e-05
00011010001001100011,26.31590113035749,9.765625e-05
01101111000101110010,23.777110465848132,9.765625e-05
10000110110111101010,30.849024325061254,9.765625e-05
10101110000000111010,41.08407871593157,9.765625e-05
11111101110110101101,17.041684720787828,9.765625e-05
00101100100000011011,21.374668390322082,9.765625e-05
11111011010000010110,38.214614483711074,9.765625e-05
10100101011011101110,24.91169591425191,9.765625e-05
11001101000010111001,17.139885793295022,9.765625e-05
00001011010101111110,37.5339464715904,9.765625e-05
11001011101001111000,18.327060545641604,9.765625e-05
00000111010011000000,12.486287828889388,9.765625e-05
01100110101110001000,18.583583107023863,9.765625e-05
10111010000001101010,42.69519377947916,9.765625e-05
11000010001100011010,25.58510061268955,9.765625e-05
01000111101010001001,29.740896206027426,9.765625e-05
01101100100001110010,12.640002081184164,9.765625e-05
11110010110100010110,19.9607466213717,9.765625e-05
11010111110100000111,17.041684720787828,9.765625e-05
10110011100110101011,20.46411470947762,9.765625e-05
00111010000100001001,33.41112572266648,9.765625e-05
00000101011011001000,29.894868734894946,9.765625e-05
10001001110010110110,28.07429554660896,9.765625e-05
11100010111010111000,24.694756869929524,9.765625e-05
00100010101000011100,36.9152456551142,9.765625e-05
01010000000110111000,28.65754652875996,9.765625e-05
01100001011000101110,21.58005812045254,9.765625e-05
00011111110111111101,14.968126462513787,9.765625e-05
00110000111000100011,25.307782771654406,9.765625e-05
11100100111101110101,18.714623364437774,9.765625e-05
00110111111011100000,17.91264690109621,9.765625e-05
11000010010011000110,27.68001375247801,9.765625e-05
00111101000110110010,15.945115809122935,9.765625e-05
00000111000111001000,12.848764062047216,9.765625e-05
00110001011101010111,22.30473023889536,9.765625e-05
10110111100000010001,24.15811846181859,0.0001953125
11001101000010000100,17.252194089264158,9.765625e-05
01000010000101001010,26.9597956345274,9.765625e-05
01110010111001000000,13.337265354973763,9.765625e-05
00111100110110110011,12.136937990561549,9.765625e-05
00010100000100010011,17.39102053079946,9.765625e-05
10000111001000011100,18.504881855060745,9.765625e-05
00101011110011001010,27.64440881522665,9.765625e-05
00011111001101001011,14.724913722167832,9.765625e-05
01110100010000101100,16.963017859443806,9.765625e-05
11011110010100010001,19.61623053386861,9.765625e-05
10000001110101100100,29.251964979565663,9.765625e-05
01110101001010000101,29.639078558243718,9.765625e-05
01100110010000100000,18.778933121892358,9.765625e-05
00001111100111000011,14.848731472365543,9.765625e-05
01001001100110110100,21.548770266721576,9.765625e-05
11110000110011010001,14.427803735583556,9.765625e-05
10101010111000110110,55.832273655359096,9.765625e-05
11101000000011110010,27.45594398598831,9.765625e-05
01100001110001000000,12.941586898336874,9.765625e-05
11100010000111100010,34.35205311597966,9.765625e-05
10010010011101001011,33.18253464220408,9.765625e-05
11010000111011111000,27.754708737396875,9.765625e-05
00000010100011011100,43.61317592754107,9.765625e-05
00110110100001010011,15.829569039308176,9.765625e-05
11010010011010001000,12.293769416448239,9.765625e-05
10111110010011100010,33.43868279219848,9.765625e-05
00111010100011000001,28.09760445069477,9.765625e-05
01001000100001001101,30.00209374794241,9.765625e-05
10001011100110000001,29.395726544634876,9.765625e-05
01011001110001010110,16.055071895073038,9.765625e-05
10100010001000010110,45.954534725680986,9.765625e-05
10010010010100011010,28.666970963330115,9.765625e-05
11110110000111111111,20.662723413450113,9.765625e-05
11011100111011111111,15.77631835311687,9.765625e-05
00010100111011110000,39.17276561041419,9.765625e-05
00010011000010010101,17.91176690589462,9.765625e-05
00000000100100000111,48.98582873387811,9.765625e-05
00011100101100000101,15.734065312570234,9.765625e-05
10011000000100100001,19.686915550450713,9.765625e-05
10100110010111111000,37.65065442766403,9.765625e-05
11001110100111101000,15.586709635715414,9.765625e-05
01101111001100000000,26.078156228492958,9.765625e-05
00100100100101010100,24.415146236416483,9.765625e-05
11111100111110001111,10.112109681495955,9.765625e-05
11010010010010000001,12.729642552520769,9.765625e-05
00110001100010010000,19.206515632876958,9.765625e-05
10010111110011101100,16.60348601705185,9.765625e-05
00110000100011100110,31.058302162520214,9.765625e-05
11101001001100001010,22.248075941515857,9.765625e-05
00001110111101100011,31.516730481521613,9.765625e-05
00000001010000101110,34.87891530914622,9.765625e-05
11101111010011110100,30.69058466522096,9.765625e-05
01111010110010000110,17.647688814178,0.0001953125
11000011110000101010,14.491359673504528,9.765625e-05
01011110111000100111,18.030105243509325,9.765625e-05
01101001100011101101,24.1139662772091,9.765625e-05
11010100101011100011,30.85760436924112,9.765625e-05
11101110001001000001,38.52942156658268,9.765625e-05
10010010110100011001,26.688879673339173,9.765625e-05
11101111011001010011,32.94331427742219,9.765625e-05
11000110011101111101,21.872985856533024,9.765625e-05
01100000010000100010,20.30947247235994,9.765625e-05
01001111110010010001,14.234237709351945,9.765625e-05
10011001010001100001,16.447096528115935,0.0001953125
11011111111111001011,17.370800906678074,9.765625e-05
11000010000101110010,29.833822107200277,9.765625e-05
11001000000111100010,23.39102053079946,9.765625e-05
00010101010001000011,18.931173467195663,9.765625e-05
11111110111011000000,23.285039444419212,9.765625e-05
10011101010001010100,16.295927180018936,9.765625e-05
00011011111011100010,19.281684933094155,9.765625e-05
11011110100110101100,16.558207184478427,9.765625e-05
01101011111111000110,20.283839975802504,9.765625e-05
01010000110010101000,32.31980251579894,9.765625e-05
11100010000100001010,29.8896085604696,9.765625e-05
11000101111011111100,24.111622159429665,9.765625e-05
10110100011100011001,13.408269328529796,9.765625e-05
11011101001010100001,28.859640321512394,9.765625e-05
10101010000111110000,64.89222281280391,9.765625e-05
10100111000001010000,26.795645673104374,9.765625e-05
11000100111111001001,26.339513689401148,9.765625e-05
00110001110101110111,26.436433657859006,9.765625e-05
10110100010111110001,17.708581160904426,9.765625e-05
10010111110110101110,19.820180933130562,9.765625e-05
11100101011100110011,16.864845442765144,9.765625e-05
10010011100000001110,18.443341365329772,9.765625e-05
10001010011000001001,45.21103873694726,9.765625e-05
11000000111000010010,25.006263428132307,9.765625e-05
01111000001001100010,14.07491527879651,9.765625e-05
00101111001111010000,18.807779321812617,9.765625e-05
10000110001101001000,22.188156870870245,9.765625e-05
01000001011010010100,24.09843373541268,9.765625e-05
10100010101011101000,36.809802801693564,9.765625e-05
00100001010011000010,24.18816844497182,9.765625e-05
00110100010001111011,20.177023363520647,9.765625e-05
11111000101100100010,11.52369086423771,9.765625e-05
00001110110111000101,31.65997153135912,9.765625e-05
00000100100011100000,34.29506405400878,9.765625e-05
01110100011000001001,13.117262203790759,9.765625e-05
10011011100000110000,24.751659627445246,9.765625e-05
00011001000011100111,20.608990330560687,9.765625e-05
00111011111111001100,20.065789116557493,9.765625e-05
10001100101001101011,22.411079621109785,9.765625e-05
00100101011101000110,18.130328103723436,9.765625e-05
10011100101110101111,20.28406275678045,9.765625e-05
01011101100110110000,27.263152092925353,9.765625e-05
11110110001100100001,21.069364950858173,9.765625e-05
00100011100001001001,22.364798181713606,9.765625e-05
01101111111011110100,14.202844287855301,9.765625e-05
00110000110000010001,20.22787560234118,9.765625e-05
01000000011001010100,31.981473433900547,9.765625e-05
00011100000101100010,12.039798685569354,9.765625e-05
00011000100111100000,26.386231852843082,9.765625e-05
01101101001110000110,14.78608902841296,9.765625e-05
00010111011011101001,21.078824070314685,9.765625e-05
00100001010011010110,30.740693738684516,9.765625e-05
11000010110010000110,22.62701967771708,9.765625e-05
01010011101101000011,25.078824070314685,9.765625e-05
11110100000010000011,18.64560130782894,9.765625e-05
10111000111011011100,34.00418749588482,9.765625e-05
01101100011101000110,14.471294341600855,9.765625e-05
00010011011001101100,20.694014417357426,9.765625e-05
01001011011111011110,21.264832129230115,9.765625e-05
00101010000111000100,52.09341695480995,9.765625e-05
01011000000110100100,15.527751237951058,9.765625e-05
10000111010101000001,18.247989022242844,9.765625e-05
10000011001100011010,27.72026965039221,9.765625e-05
01101101001000011010,19.00153710066185,0.00029296875
00100111001111011100,18.012673437637194,9.765625e-05
00010010100110000001,22.06725779980413,9.765625e-05
11001011110110011110,21.007457808799217,9.765625e-05
00100111000000110101,22.53593807457455,9.765625e-05
01101100111101100111,18.22194614972798,9.765625e-05
01000001010111010010,28.574973058229638,9.765625e-05
00110100011100011010,16.146654336266295,9.765625e-05
01001101001000011001,20.065872689763573,9.765625e-05
10101010000100100000,59.24845154545974,9.765625e-05
00101101001100000110,13.58389934313543,9.765625e-05
10011110101010011011,20.51764866070436,9.765625e-05
10111111010100010110,40.81762817190588,9.765625e-05
10101001000000101011,30.110391537497417,9.765625e-05
01111111010010000110,27.646948299379346,9.765625e-05
11110000011001101001,14.791594065503038,9.765625e-05
11001100111111101111,22.90522116553748,9.765625e-05
10000000010000010110,41.49201844410716,9.765625e-05
00001000111111001000,52.42952623311082,9.765625e-05
01001000111011110101,39.823387143289466,9.765625e-05
01011101110101111101,17.440160252396943,9.765625e-05
01111101100010010011,25.32388994029401,9.765625e-05
11101111010011010100,34.059062284195825,9.765625e-05
01010110110110010100,13.166725909763315,9.765625e-05
01111001100101000110,14.114031027258463,9.765625e-05
10110111110000010100,22.125790715529014,9.765625e-05
00000100011011001100,40.592561855092555,9.765625e-05
10000100111001101100,34.22763845011192,9.765625e-05
11111101100100101011,24.69058466522096,9.765625e-05
01001110101001000000,16.32645403106182,9.765625e-05
11000001101110101111,36.166733092917795,9.765625e-05
00010110000111110011,20.51569890412485,9.765625e-05
01010101101010000010,56.51617631009188,9.765625e-05
10010011110001001000,12.660845077827299,9.765625e-05
01010111111110101111,34.24001996577471,9.765625e-05
00000110100101110011,32.31261049886569,9.765625e-05
01001100011011100110,18.51990117399642,9.765625e-05
00111100101000101110,18.755727184313074,9.765625e-05
10101011100011111010,34.61230872063325,9.765625e-05
10001111110011010000,19.821273081712008,9.765625e-05
10111001001000011001,26.270941879962564,9.765625e-05
10000101100010000000,19.991526552274145,9.765625e-05
00100100011101010000,25.96676936570394,9.765625e-05
01011001000000000101,17.491668551797563,9.765625e-05
01000000100101000110,35.766316549204994,9.765625e-05
00010010100110101000,26.78226373336037,9.765625e-05
10010010111010110100,32.29375619884048,9.765625e-05
11110100101000111001,14.213565862868489,9.765625e-05
11000110100010101011,20.324111801347005,9.765625e-05
10011010101010001110,27.83369687309343,9.765625e-05
10101100101011111010,22.25641989998281,9.765625e-05
01010000111010100001,35.77387190487531,9.765625e-05
11001000011110101100,25.14456058832388,9.765625e-05
11100000000010000111,24.276446917052652,9.765625e-05
01101101100110110001,18.358083881206475,9.765625e-05
00101110111100110001,32.485455845398405,9.765625e-05
00001011000001000110,22.96136906358179,9.765625e-05
00001100100011110011,26.733432373614736,9.765625e-05
01100101011000001101,19.11726220379076,9.765625e-05
00111101111101100110,10.073880904250002,9.765625e-05
00110111101101010100,13.045390936199711,9.765625e-05
11110011010101001100,18.51478206293156,9.765625e-05
10011110101010110000,19.66479831700927,9.765625e-05
10110011000000110000,27.683053154756493,9.765625e-05
01110101111001011010,24.29526840941631,9.765625e-05
10110000000001100011,22.608152170923923,0.0001953125
01001101110010110111,20.15803769701173,9.765625e-05
01001110110010001011,17.70103278124853,9.765625e-05
00100101111110101010,35.03205428730396,9.765625e-05
10101011100001000001,44.17243444288464,9.765625e-05
11101011101110010010,28.207819320020416,9.765625e-05
01000111000001000000,14.778686283626143,9.765625e-05
01111001001100010110,13.508331546169458,9.765625e-05
10000000111111111100,68.22072687897506,9.765625e-05
00000101010111001000,24.98829808576439,9.765625e-05
10110110100010000111,23.461378852983948,9.765625e-05
01000100001101011000,23.46408962350102,9.765625e-05
10110010001100000011,29.531139710581215,9.765625e-05
11111110000100010110,38.718545351927524,9.765625e-05
01111110111011100110,15.97100150514314,9.765625e-05
00001010010001000000,40.03728404283482,9.765625e-05
11100001101101111110,20.506339943185303,9.765625e-05
11110010100100001000,15.714649799653301,9.765625e-05
00001011101001110001,28.57594893515995,9.765625e-05
01010011101101000100,18.587538832896474,9.765625e-05
11001010110011111110,31.273681180899843,9.765625e-05
11001101101001101111,17.567582807469343,9.765625e-05
00001100110011010001,26.757570562418458,9.765625e-05
01011011010011000110,13.481164462672469,9.765625e-05
01001100000101111111,20.1696392672265,9.765625e-05
00001001110011110010,32.90522116553748,9.765625e-05
00111000111001101011,26.343701185285973,9.765625e-05
11100011101110100101,22.643673720473082,0.0001953125
01110001000100110001,18.05519368473628,9.765625e-05
10000010001100011100,42.13612346899057,9.765625e-05
11010011100000101100,15.842647003205066,9.765625e-05
10000110011110010000,28.209134064075936,9.765625e-05
11111000000101010000,26.39984469238318,9.765625e-05
11101000010111010101,47.31857283542782,9.765625e-05
10001001100110111100,28.01253933945131,9.765625e-05
10101100110111100100,31.914991840833565,9.765625e-05
00111001000100001110,18.552175401403105,9.765625e-05
11001000010101100101,32.665825530037495,9.765625e-05
01011001001010011100,22.7767656722847,9.765625e-05
00000111010001101010,19.885181534428266,9.765625e-05
01111110101010011000,19.53015937135879,9.765625e-05
01111101110000000110,18.921670732873096,9.765625e-05
11011110100011110011,18.124481402358395,9.765625e-05
11010001011110100000,18.20320189060038,9.765625e-05
11000010100001001100,19.414198781142993,9.765625e-05
00011100100000010001,13.540303060589066,9.765625e-05
10110101101110110110,22.977634284786156,9.765625e-05
01010110000100011100,13.706185303543332,9.765625e-05
11110010001101011001,25.151395954913006,9.765625e-05
10101100011001110001,30.373759249882426,9.765625e-05
00111110010000100111,26.029160585385572,9.765625e-05
10100001101011101000,25.465197808476166,9.765625e-05
01000111111010011000,22.759014284234066,9.765625e-05
11010000101011100000,25.35682723718085,9.765625e-05
10001110111011010011,32.48912050867291,9.765625e-05
01010110101000100111,31.43590249929048,9.765625e-05
01000101001100001100,26.718124370008205,9.765625e-05
01011111001000001010,34.966596316230174,9.765625e-05
00100111110000011100,18.99302972410689,9.765625e-05
01011100110110101001,17.26998465152492,9.765625e-05
00011111010001100011,15.540485246772938,9.765625e-05
11010011100010000111,20.33539012160777,9.765625e-05
10011011111101100001,22.87046863957099,9.765625e-05
11100110101000110000,18.04382897248351,9.765625e-05
00100111110101101011,22.648259931086553,9.765625e-05
11110010100100010100,19.645056011727707,9.765625e-05
00011011001000001100,18.694584467749625,9.765625e-05
01111101011101000001,11.46465811751424,9.765625e-05
01011000101100010110,20.989657473374297,9.765625e-05
00000111100101101100,19.624925929774673,9.765625e-05
00010101110010111001,38.38628618243442,9.765625e-05
11100000011010101101,28.338566234127658,9.765625e-05
11000111010001011010,13.268747787999317,9.765625e-05
11011010001110101010,18.856694287240337,9.765625e-05
01110111011101011001,13.196211508212293,9.765625e-05
11011101001101000011,20.228909340433646,9.765625e-05
10000011010111010101,38.59310809275492,9.765625e-05
10110110100010101010,21.599056280987973,9.765625e-05
01111010110000000001,21.63812757139942,9.765625e-05
11001000110111101101,35.05034370117415,9.765625e-05
00110011000100101010,18.82025192477327,9.765625e-05
00001100110001101100,30.431758432767843,9.765625e-05
00111001001100011011,19.356475876029123,9.765625e-05
01010111111111000001,20.857455289928428,9.765625e-05
01100110011101010110,21.38532624397423,9.765625e-05
11110010100100000100,18.422727292881255,9.765625e-05
11010100000001100100,15.40201287641191,9.765625e-05
11001101111100111100,11.914374622368312,9.765625e-05
01001011100110000100,15.75759626321292,9.765625e-05
10100011110111100101,38.60801371920931,9.765625e-05
01111110110011011101,17.606286623594887,9.765625e-05
11101100110011010111,19.021542155648095,9.765625e-05
01110101011011110111,22.74578805763038,9.765625e-05
11110111011111110101,17.416616171273688,9.765625e-05
01001010100111100100,29.008421191703007,9.765625e-05
00100011001001010011,27.113047450732488,9.765625e-05
11110010000100110100,25.202318450955183,9.765625e-05
01101110000101010101,31.661112502359632,9.765625e-05
10010101001101111001,18.621456143010803,9.765625e-05
11010001100110000001,19.739377840985437,9.765625e-05
11010001010001101001,13.732934125573694,9.765625e-05
01010000101100011011,37.67163087560884,9.765625e-05
00101011100111000010,26.94712065135104,9.765625e-05
10000010010010001110,39.741481274964805,9.765625e-05
01100101101101101110,27.170516541565732,9.765625e-05
10110011111110001010,17.735923796347997,9.765625e-05
01100000111001010100,27.766316549204994,9.765625e-05
00011010101110000101,26.311566220302346,9.765625e-05
10110011100110111000,20.470879699241898,9.765625e-05
00010111011001100100,18.682882553514013,9.765625e-05
00001111111010100110,20.185917706038627,9.765625e-05
01011001011011000010,16.558675981764665,9.765625e-05
11101100010100000011,22.741359670805437,9.765625e-05
01011010100110101110,21.495049961286107,9.765625e-05
11100101011110011101,17.768490251245822,9.765625e-05
00001111010101100101,19.666522702601156,9.765625e-05
10011000000100001011,23.22698592110263,9.765625e-05
00111101000101110111,12.73148800419465,9.765625e-05
00010110000110001010,17.34789656627033,9.765625e-05
11011111000000011111,32.86530627380801,9.765625e-05
01000011110111010100,20.19896121876777,9.765625e-05
01000110000000101000,17.90025840941901,9.765625e-05
11010000101011011100,27.229738439647676,9.765625e-05
01100110111101000101,21.10744623764642,9.765625e-05
01000010011101011101,40.818668722554726,9.765625e-05
00111101100010000111,18.310657901410956,9.765625e-05
11010010011011010100,19.57780281001074,9.765625e-05
00110001001000010000,15.313898763980205,9.765625e-05
01100011001101010010,19.736207148510633,9.765625e-05
11001100011100110100,11.459296483252528,9.765625e-05
10011010111000101110,29.357413350998396,9.765625e-05
11101111011011111001,25.876466766448292,9.765625e-05
10110110001100001100,23.22142384439867,9.765625e-05
11100010110110011111,37.20762727313552,9.765625e-05
10000010001110111100,44.263708740205914,9.765625e-05
01000111101010010101,22.71896803681725,9.765625e-05
00101011000001010110,35.99592723022715,9.765625e-05
00000001011111100100,43.71732435054122,9.765625e-05
01111010101110010010,17.446378389680998,9.765625e-05
01000010101101011100,35.121309359896344,9.765625e-05
10011101100110101001,17.207929350078203,0.0001953125
10100011010101111001,44.589453409784625,9.765625e-05
01010111001101100100,23.91881787030722,9.765625e-05
01101100110100100110,14.825638067726528,9.765625e-05
01100000100000110011,26.341428059149244,9.765625e-05
01001010110011010001,30.881398085780326,9.765625e-05
10011001001000010011,22.03979524112574,9.765625e-05
01010110010000011111,15.332656240715572,9.765625e-05
10100100010000000010,21.909682843989167,9.765625e-05
01010101000100001101,28.021382236654894,9.765625e-05
11011000011100100010,11.19250146696234,9.765625e-05
00111110110000011111,24.2210022260253,9.765625e-05
00000001110110100010,44.6402408985558,9.765625e-05
01011011110010101110,17.644621910167636,9.765625e-05
10001000110011111100,48.94288153589742,9.765625e-05
00111011011101000011,23.245556221671347,9.765625e-05
10000110011001011000,26.566025306045262,9.765625e-05
11110100001001011111,15.045390936199713,9.765625e-05
10011010001010111011,28.984279558455682,9.765625e-05
10111111111000100100,29.203885638416224,9.765625e-05
01011101100010100101,32.02112291520198,9.765625e-05
00101010000100100001,49.49519465459406,9.765625e-05
00011100110010100001,15.959847166968999,9.765625e-05
10100101010100101010,20.740341223889235,9.765625e-05
00000111111111101110,34.83920835891692,9.765625e-05
01010001010011010000,19.2745903213395,9.765625e-05
01100000000001010100,21.43240751733352,9.765625e-05
10000110111000011110,32.22352030236362,9.765625e-05
11011110011100110011,15.390415071939659,9.765625e-05
10111110011100101000,29.25280684543729,9.765625e-05
10111001110101000100,22.153116601794025,9.765625e-05
11001110111101110000,18.928179247002042,9.765625e-05
11101001000001101011,25.53587061450265,9.765625e-05
11100110000001100100,26.778686283626143,9.765625e-05
11110111111000001101,20.507368897686725,9.765625e-05
00011100000100000101,11.268388111685752,9.765625e-05
01000010011000111110,32.50891308353603,9.765625e-05
00001001111010111100,38.6729324891838,9.765625e-05
01000100010101010001,18.292256482291155,9.765625e-05
10110000101101101011,26.26848057060705,9.765625e-05
00101101010101000001,18.247989022242844,9.765625e-05
10101001111011111010,30.308726782484293,9.765625e-05
01000000010001000100,24.678825613404452,9.765625e-05
01111110100110010111,16.33164060178893,9.765625e-05
10000100010101110100,30.986191854635283,9.765625e-05
00000100000101010011,28.341473349997493,9.765625e-05
11111010000011101000,34.66387479406883,9.765625e-05
10101001100111000011,31.002305286504413,9.765625e-05
00110000000100100011,20.374636524221657,9.765625e-05
00100011000001110100,27.151418124136658,9.765625e-05
00101110011010000101,31.515192526425842,9.765625e-05
01001110000000110010,16.280280145872617,0.0001953125
11100001010001011100,15.581018793333795,9.765625e-05
01100001111011000100,19.520295317216462,9.765625e-05
00010111010000000111,17.48723881573369,9.765625e-05
10111101100000000001,24.066892888949354,9.765625e-05
11010001101010101110,35.8281516655809,9.765625e-05
11010011001110101100,17.349009115614017,9.765625e-05
00010000111110010001,44.242300889883765,9.765625e-05
10001011101010101101,25.645597776258132,9.765625e-05
10111010010010000001,45.639078558243725,9.765625e-05
01101011010101100101,34.71890057674534,9.765625e-05
01101110100100010001,23.692405579835434,9.765625e-05
10001011101100001101,31.226985921102635,9.765625e-05
01000100000110010000,17.723307114897246,9.765625e-05
01001010111010101011,30.182088966542437,9.765625e-05
01110010001101011001,20.84497092736232,9.765625e-05
01100010000000000101,25.267181334959343,9.765625e-05
00100111111001101000,19.64087311393005,9.765625e-05
00010100000000011010,24.596396836182095,9.765625e-05
11011111010001001111,25.056084187523098,9.765625e-05
11101110110101101010,29.207929350078206,9.765625e-05
00000011100011001000,21.030840327423075,9.765625e-05
11001110101011100000,16.503625532334034,9.765625e-05
11100100010000100000,12.854500918858335,9.765625e-05
00001101100110111100,24.752890249377497,9.765625e-05
00011101110110101110,25.12475280941171,9.765625e-05
11011010101010100110,20.392912731323904,9.765625e-05
10001011001001001101,31.904199067037617,9.765625e-05
10100010000000001000,37.237127634731436,9.765625e-05
11101111010101010110,37.130569707448444,9.765625e-05
11011000010001110101,17.693364598370685,9.765625e-05
01001110011011000101,16.487241525756232,9.765625e-05
11001010100001101000,24.55063934562142,9.765625e-05
11110111110000000001,24.970299821619513,9.765625e-05
00000000011101010110,63.37908937107031,9.765625e-05
01110111010001011011,18.443275978826364,9.765625e-05
10101000111101100011,49.31346113084933,9.765625e-05
01001111010101100110,14.234237709351946,9.765625e-05
11011101010111110111,10.623607664988159,9.765625e-05
10100111110001001000,19.108471660577038,9.765625e-05
11010110000001011001,14.185047484001196,9.765625e-05
01000110011100111111,28.121961165324382,9.765625e-05
01001100001001000000,11.524298102398742,9.765625e-05
10000011110000101010,22.5371171640652,9.765625e-05
01101100011100101111,18.74128867916273,9.765625e-05
10000100001100000111,28.01253933945131,9.765625e-05
10000100011101010000,27.82974373228813,9.765625e-05
11010010011000100010,16.7249943127203,9.765625e-05
11111100010110011001,14.381340306347198,9.765625e-05
11010101111011100111,31.850913815563157,9.765625e-05
10101001000010000111,32.37655442554056,9.765625e-05
01001111011111000100,9.997786535962842,9.765625e-05
11101000110110010111,35.62490376055102,9.765625e-05
00101001110011000110,24.65666218002964,9.765625e-05
01011001100011010111,23.078824070314685,9.765625e-05
10010011110001111101,20.649415909792424,9.765625e-05
10110100101101100010,13.596063078642866,9.765625e-05
10010101011111111010,27.086455837672787,9.765625e-05
10010010110001111001,29.53978900493058,9.765625e-05
10100011010110001100,34.27836202122181,9.765625e-05
10000101110001110010,21.11915711433774,9.765625e-05
00000011000011000100,17.337265354973763,9.765625e-05
00100111111001000000,14.486287828889388,9.765625e-05
00100000110011001100,47.74631058513363,9.765625e-05
01001101110111011000,17.615205845359057,9.765625e-05
00011011100011010001,19.85745528992842,9.765625e-05
11001011001010110101,21.080606121178132,9.765625e-05
01110111010000010100,19.636335725735634,9.765625e-05
10101101111101100011,17.45366297475205,9.765625e-05
11100101001100100010,20.216376155448476,9.765625e-05
10101011111101100101,47.77117457529789,9.765625e-05
00110011101111010010,19.11186119972355,9.765625e-05
01110000010011000101,16.443673479362815,9.765625e-05
11101000010011001010,30.184931935931303,9.765625e-05
01011100100100101111,21.47039217717561,9.765625e-05
11001101111000100100,12.177794677903371,9.765625e-05
00110100110001011101,20.01672683533613,9.765625e-05
11100001001100111110,19.474104634180843,9.765625e-05
00001111010110010010,16.598901792879673,9.765625e-05
11111010101110011010,24.046588761310232,9.765625e-05
11001110100000111010,17.071435500888605,9.765625e-05
01011011011110101101,14.783821234784458,9.765625e-05
10111100110011101100,20.002395650221032,9.765625e-05
10000000100010001110,39.184227787353215,9.765625e-05
00111000100110101111,28.003210895373265,9.765625e-05
01001100011001000000,10.967995601631454,9.765625e-05
01110110000100001101,16.61901667078365,9.765625e-05
00110010101110011110,30.05759185947598,9.765625e-05
00111101000101001010,15.285039444419212,9.765625e-05
00101100011111101001,29.615161496071934,9.765625e-05
01101011010000100011,28.694290880632842,9.765625e-05
10001010101111110000,45.965519284570576,9.765625e-05
10000110101100101001,24.150830258049538,9.765625e-05
00001000010110010011,47.686114671607434,9.765625e-05
00111011010111100110,23.92194090484633,9.765625e-05
10110000001110000001,20.97574281868278,9.765625e-05
00000010101011111100,53.57717683622984,9.765625e-05
11110111100101001000,23.46352577687415,9.765625e-05
00010100011011000101,27.678989063968466,9.765625e-05
00010101001001000001,22.789545695536077,9.765625e-05
11001110110111100010,18.681076755821394,9.765625e-05
11111110111111111011,15.685643594360958,9.765625e-05
00100100101111101000,35.05034370117415,9.765625e-05
00110000101010111000,33.64959339992212,9.765625e-05
11111011011100010010,32.69058466522096,9.765625e-05
10010111000101011010,17.268738101962363,9.765625e-05
01000011000110000010,17.69822248866854,9.765625e-05
10010001110011110001,25.10856338507727,9.765625e-05
10001110111110110101,35.08092833709179,9.765625e-05
11100010100110111100,28.207158475849283,9.765625e-05
01011111111000000100,22.510593832625673,9.765625e-05
01010101001000010011,37.63539649849679,9.765625e-05
00111001011100000111,14.608152170923924,9.765625e-05
11110001100000000110,14.147706401552497,9.765625e-05
11011100000010110011,13.506152658255266,9.765625e-05
11100100110111111011,22.36386958207284,9.765625e-05
10001110101000110110,28.4923026664859,9.765625e-05
10010101011100001110,21.868280653406053,9.765625e-05
00000100001100001011,33.63747495526294,9.765625e-05
10101100111100100011,23.72594176799379,9.765625e-05
10111100010011000001,21.263949424005986,9.765625e-05
00100100111101000001,27.57909120597794,9.765625e-05
11000010100001001010,21.138223458526326,9.765625e-05
10101011111110110101,46.75536333997465,9.765625e-05
11001000000110010110,24.580433724396414,9.765625e-05
10111100010110100100,20.76232716713435,9.765625e-05
00001011101011110100,26.090242730764334,9.765625e-05
10111111100000111010,33.84894715731621,9.765625e-05
01000010010011110100,29.80238683929899,9.765625e-05
10111010010101100111,57.248108961259845,9.765625e-05
11010110000000110001,16.4873436490783,9.765625e-05
11000111011101011000,11.52369086423771,9.765625e-05
10101011010101010000,61.85020786604766,9.765625e-05
10001011001001000000,28.391935912832466,9.765625e-05
10000100010001010001,23.70835369471212,9.765625e-05
11000010001101001101,30.736506242799695,9.765625e-05
10101101100100101110,19.58389934313543,9.765625e-05
10000110101110100001,26.164914604898417,9.765625e-05
10101001111101000101,36.768647449376665,9.765625e-05
01011101000101100101,17.116558153179696,9.765625e-05
00100100110111101110,43.0997399470748,9.765625e-05
11110011010001011100,19.28592986007882,9.765625e-05
00110000100010100010,24.317460286084128,9.765625e-05
11001111111000011100,15.484816523157072,9.765625e-05
00111000100111100010,22.11395305960134,9.765625e-05
00111001110111000110,16.553387510637734,9.765625e-05
01010000111010001000,33.74810781301447,9.765625e-05
11101110000001010010,40.30053376975847,9.765625e-05
00101000111101100111,53.5586077001445,9.765625e-05
11100110010101001001,27.25748165130597,9.765625e-05
10010011111110101010,23.353530576178127,9.765625e-05
01100011000000111101,22.241141259594222,9.765625e-05
01000101110011011100,27.7487205691876,9.765625e-05
11011111110010100110,24.02076875690051,9.765625e-05
00111011110111010111,27.121522786522963,9.765625e-05
11010110011010101001,15.395726544634883,9.765625e-05
01001001011010111100,20.989657473374297,9.765625e-05
10000000110010101001,42.98582873387811,9.765625e-05
11001001111000011000,15.255251220110361,9.765625e-05
11100111010011111100,18.33360722755987,9.765625e-05
11000101010110010000,13.05421678995746,9.765625e-05
00100101100010100100,24.69074875223902,9.765625e-05
00110010000100100001,23.151418124136658,9.765625e-05
10101101010001110001,25.885196738477322,9.765625e-05
11100010010011001001,34.55957888061097,9.765625e-05
11110100011101011101,9.495049961286107,9.765625e-05
00110110101000111000,20.388158705777872,9.765625e-05
10110111010101011101,21.895781624885288,9.765625e-05
01100100011101000100,16.276861559411607,9.765625e-05
01001010001010011001,23.72026965039221,9.765625e-05
01001010110101110100,37.59452775728225,9.765625e-05
11110101111000101111,21.9711247528087,9.765625e-05
11110001101100111100,15.135470939981285,9.765625e-05
01000001111101101100,39.752210033132464,9.765625e-05
11000110010100000000,14.498605943741744,9.765625e-05
11000111011001011011,16.250516148164074,9.765625e-05
11000010011110111010,31.315070888296262,9.765625e-05
00000000000101101001,48.572821536252285,9.765625e-05
01000110111011011100,25.099878398789414,0.0001953125
00100100000101011010,24.52829373690255,9.765625e-05
11011011000000010001,31.47608655112804,9.765625e-05
11100100000010010000,14.354863114292389,9.765625e-05
01100111100001010010,16.213151220509527,9.765625e-05
11011100001000011111,15.699314637249993,9.765625e-05
10100010010000110111,58.8912043658877,9.765625e-05
01111100110100010010,5.480692133815423,9.765625e-05
10000010110001111100,47.542131234645396,9.765625e-05
00010001111011001011,44.35887405076882,9.765625e-05
01100000000000110000,18.967995601631454,9.765625e-05
01001010101111111010,34.51701020373677,9.765625e-05
00001100000101100010,18.47035929322668,9.765625e-05
01111101101111000011,18.325043416117403,9.765625e-05
01001001010101100000,16.880735576466826,9.765625e-05
11010000111110111100,27.738761553241496,9.765625e-05
10010100000001110100,17.938185295226155,9.765625e-05
10100100001000101100,23.60551936847363,9.765625e-05
11111110110110011011,19.80108876813466,9.765625e-05
10100000001010010000,33.068935017322964,9.765625e-05
11010000011101101100,20.27861781110392,9.765625e-05
10001011011001111101,38.599675191627256,9.765625e-05
00110000000011000111,26.20306158823952,9.765625e-05
11001110011001011001,21.74320304891082,9.765625e-05
01011101110001100010,23.875864430733184,9.765625e-05
01100000010101010111,37.50160279767052,9.765625e-05
11011000010000111001,12.876068688173689,9.765625e-05
10100001000011100110,25.494651246557453,9.765625e-05
00110101011110010010,17.52129710208129,9.765625e-05
10000111110111011001,18.430717093046738,9.765625e-05
01110011000110001100,16.3858889365479,9.765625e-05
01000011101011001111,29.655627805483135,9.765625e-05
00010111001010111001,27.315449289389875,9.765625e-05
10110000000111011010,29.474521899025486,9.765625e-05
10111101101100101111,16.200994668156575,9.765625e-05
00110001001111011001,24.77891555075587,9.765625e-05
01100001110001010111,20.00321089537326,9.765625e-05
10001110101101111001,28.197239554038244,9.765625e-05
01011000111110000010,19.533333715417264,9.765625e-05
01111110000000010001,27.800382818619156,9.765625e-05
00110110010011000001,15.074722584617756,9.765625e-05
11001110100101011010,19.550343695775965,9.765625e-05
00010111011111010101,14.72381804201557,9.765625e-05
11000110011101011001,18.474143683435745,9.765625e-05
11000101111001110110,20.16120214789318,9.765625e-05
11110101110101001001,11.068568462962002,9.765625e-05
00100011000010111000,25.213434387168288,9.765625e-05
00101100100011000001,19.220051239181,9.765625e-05
11111000000000001110,22.24340354605044,9.765625e-05
11110101101010111000,33.31451152015335,9.765625e-05
00010101001110000011,31.285922149643337,9.765625e-05
00010000101010011101,48.430081215249004,9.765625e-05
00100000110101011011,58.19516528693313,9.765625e-05
01111101011001111111,15.03785525771039,9.765625e-05
10110110010001000001,25.88236229023239,9.765625e-05
01110010101011001100,19.845384453496095,9.765625e-05
00000110111011010001,33.262972736367225,9.765625e-05
10011100000011000001,14.163010008314478,9.765625e-05
01111111110111100111,16.16376060138436,9.765625e-05
01110000011001011101,20.1026212312975,9.765625e-05
10011110000101100000,23.00153710066185,9.765625e-05
10010011010000101011,18.470879699241898,9.765625e-05
10110100101101100011,13.088318674979288,9.765625e-05
00110011011001010100,18.00513848272912,9.765625e-05
11010011100110001000,15.154235392731064,9.765625e-05
01001100100110110110,19.523925219317228,9.765625e-05
10100110100010000011,26.80694722910514,9.765625e-05
00001110100111000010,21.074234328130405,9.765625e-05
00100010000100100000,35.57481313923643,9.765625e-05
10110011111100111101,23.57682620949918,9.765625e-05
00101010011100000000,47.48329815811508,9.765625e-05
10001010100111000100,47.405413745101555,9.765625e-05
10110100010011010101,20.734228763134244,9.765625e-05
10011100001000111010,16.78708427741718,9.765625e-05
11110010011010010100,20.139174445370625,9.765625e-05
10111011100101101111,32.02700470987949,9.765625e-05
01101111110001000111,20.467163797793056,9.765625e-05
11001110001111000100,21.140201843902716,9.765625e-05
11110000000011001000,16.56150917798938,9.765625e-05
11111001101100100010,16.06935246767148,9.765625e-05
00010100100010110010,36.914018684765615,9.765625e-05
00011110110110111100,20.31574214208559,9.765625e-05
11001110010000010000,23.089998395380604,9.765625e-05
00010101011000000111,26.759436931295763,9.765625e-05
00000111110011100010,24.018660871425396,9.765625e-05
01111001111100100000,11.963624374023592,9.765625e-05
11011101000100110110,19.47385957521586,9.765625e-05
11110100011000101011,13.395726544634883,0.0001953125
00011000011011110011,33.226526118748104,9.765625e-05
01010001110011100010,35.12934599603959,9.765625e-05
10011101100010010011,21.42805429092445,9.765625e-05
00111101010101110111,12.10833799245346,9.765625e-05
10111110100000111011,28.65134368265216,9.765625e-05
10110101011101000011,11.857455289928424,9.765625e-05
01110010101011100000,20.73422876313424,9.765625e-05
00011011111001010001,21.425288369267772,9.765625e-05
01010010000010011100,16.608573789297296,9.765625e-05
10011101101010000010,25.65638784003154,9.765625e-05
01100111011001010100,12.24114125959422,9.765625e-05
10110011011101000101,26.735923796348,9.765625e-05
10111000001100101000,22.55063934562142,9.765625e-05
10000111011101001010,19.88518153442827,9.765625e-05
10101100011101010100,38.341839991485664,0.0001953125
00110100011001011100,20.096172183377533,9.765625e-05
01001000100111110110,35.55626087234252,9.765625e-05
10111000010111000001,36.33437438471411,9.765625e-05
11110011010101110100,21.133199701909177,9.765625e-05
01101111010100110110,23.023564890311604,9.765625e-05
00000011010001110100,27.71925120347601,9.765625e-05
01101100111101110110,16.409216783803288,9.765625e-05
10010100100000010011,17.49890087000595,9.765625e-05
00000111100000001000,17.749132501524016,9.765625e-05
00101100001101110011,21.63406014538427,9.765625e-05
11011111001000000011,38.55989969317352,9.765625e-05
10010000010101111100,35.13469308973795,9.765625e-05
11010110011001011010,15.997786535962842,9.765625e-05
10011110001111000101,23.071083094856714,9.765625e-05
10001010110101111100,60.85417684735606,9.765625e-05
01111111010101110101,21.929091478858695,9.765625e-05
00101001000101100011,27.45080114973046,9.765625e-05
10111011011001100111,35.58574367858412,9.765625e-05
10101001001010011000,28.983695947520612,9.765625e-05
00010100011010010111,32.39373494165073,9.765625e-05
11001110110100011101,22.237736859333765,9.765625e-05
00001101100110100010,21.031348348628274,0.0001953125
01110011101110100100,19.040653790684928,9.765625e-05
00000000000011101100,48.1717399803435,9.765625e-05
00101111110011010010,19.61697560892639,9.765625e-05
11010111110110101111,19.467092806150347,9.765625e-05
10011011101000010001,26.457806823294803,9.765625e-05
10000110011101001000,27.029794378774994,9.765625e-05
11011101111000110001,17.160246785883974,9.765625e-05
11110010110100011000,15.539032268234365,9.765625e-05
10001111100010010000,20.751659627445246,9.765625e-05
11010011011111000100,12.85336349026845,9.765625e-05
00001101101010100111,27.459725579047635,9.765625e-05
10010110001001010001,18.94258868320171,9.765625e-05
01010101111101101011,43.16612938632757,9.765625e-05
11000011110111101001,20.06628119929257,9.765625e-05
01001101101100111110,25.404530229168977,9.765625e-05
01001101100110000010,21.67822461683677,9.765625e-05
10101111111111010000,29.491054337622117,9.765625e-05
10010001111011001001,27.144504702353554,9.765625e-05
11001001110100001100,15.227644691705265,9.765625e-05
11110010010001001010,22.22567609033285,9.765625e-05
01101010111011000111,33.37535495692386,9.765625e-05
10011000000100000001,21.3599030928071,9.765625e-05
01100010111011001101,33.11059562027387,9.765625e-05
10001010001100001010,41.02324154239058,9.765625e-05
10101100101011100110,22.631484284171183,9.765625e-05
01101100011001011110,15.581978731793988,9.765625e-05
01111100110101110110,9.044491481797007,9.765625e-05
10110100110001111011,16.177023363520647,9.765625e-05
11001010110101110101,44.25642958601976,9.765625e-05
00010000000110000111,32.55671278959752,9.765625e-05
11101101010101010010,19.93860274557467,9.765625e-05
00111110000100110000,24.55227054871075,9.765625e-05
01000101110001100000,25.04049034012092,9.765625e-05
01001010010000100011,26.70774551498996,9.765625e-05
11110111010000001011,29.72975268054558,9.765625e-05
11011100111111011101,12.16107617936527,9.765625e-05
00111100101010010010,12.324111801347007,9.765625e-05
01011010100110110101,21.044491481797007,9.765625e-05
01011000000000010100,13.87456625076201,9.765625e-05
01001100110111110110,23.092491799612787,0.0001953125
01000000111111010111,60.56268149860568,9.765625e-05
10101011000110001010,41.88177451127247,9.765625e-05
00111011010100100100,27.07397406511636,9.765625e-05
10110111011001001000,20.951066396919437,0.0001953125
00010100101111101001,41.59914685184466,9.765625e-05
01101111000100001010,29.255614427994736,9.765625e-05
11110011000111000100,22.337311467370277,9.765625e-05
11000101011011110100,16.80621557879518,9.765625e-05
00110010111110000011,24.598515582973903,9.765625e-05
00000011010111000001,27.84484840327801,9.765625e-05
01000110111010001110,28.606825580135748,9.765625e-05
11011011101000101000,23.25094474255186,9.765625e-05
11110101001101111110,19.511132152712488,9.765625e-05
01001100001001010011,13.486364251417001,9.765625e-05
01111111010110010001,22.720031861708904,9.765625e-05
11111101101100100110,20.97783748655013,9.765625e-05
01001101101101111100,20.652895578936942,9.765625e-05
11101111011111011110,25.036005638011662,9.765625e-05
00100110101111001010,26.014644661495296,9.765625e-05
00010110111100110001,22.409216783803288,9.765625e-05
01010100011101000011,19.915871836035155,9.765625e-05
11110100000000001101,16.24340354605044,9.765625e-05
10011001011010101101,19.422215016524003,9.765625e-05
10110110010110010101,27.81934351875468,9.765625e-05
11011100111110011001,9.391020530799459,9.765625e-05
11110100001001011010,15.445261242250147,9.765625e-05
01101100001000000010,11.716816514839897,9.765625e-05
11000000001000000000,15.090619058289457,9.765625e-05
01010111001100010011,25.526214545715327,9.765625e-05
01000000100110100101,41.738761553241496,9.765625e-05
11001100101101111010,14.56569677225087,9.765625e-05
01111011100110001100,21.57785860844421,9.765625e-05
00100011101010010010,23.208528703139702,9.765625e-05
10010011110010100100,16.13787003464592,9.765625e-05
11100010101001011011,30.06915624192192,9.765625e-05
01111111001001010000,30.865306273808002,9.765625e-05
01110010101110111011,24.974585196470713,9.765625e-05
01000101110001011101,23.473445863578206,9.765625e-05
11011101010100100100,14.349300303167354,9.765625e-05
01011110010111010100,11.39572654463488,9.765625e-05
10010111111110000011,20.1359293168095,9.765625e-05
00110111000010010000,21.18560944215379,9.765625e-05
10111010011010010010,40.37314313639289,9.765625e-05
00011011011011101001,17.56036403896401,9.765625e-05
11010010001101000011,22.958478093322135,9.765625e-05
11011010111000110000,17.432091466725822,9.765625e-05
00010101100100111101,32.33617339189618,9.765625e-05
01110110010001001100,16.2658742142121,9.765625e-05
10100000101000101110,34.28748652911482,9.765625e-05
10100010001111011100,54.22786665072529,9.765625e-05
01001011000000110010,18.981523301199772,9.765625e-05
01010011010001001010,15.448900732011191,9.765625e-05
10000100101011101001,33.999017157895096,9.765625e-05
11010111100111110110,21.313518992011478,9.765625e-05
00110111110010001111,18.280531358894095,9.765625e-05
00100010000101011100,49.222307284043865,9.765625e-05
11110000000100011001,14.25087375090915,9.765625e-05
11101101011001011111,16.867020886235732,9.765625e-05
11010110011000101100,15.900005329559445,9.765625e-05
11110110011101101100,17.996832839096,9.765625e-05
10111100011001100111,18.84460334431303,9.765625e-05
01010111110010000101,21.776351029925745,9.765625e-05
10101000001000000111,40.80808465769503,9.765625e-05
11001100111101000001,14.38283024973236,9.765625e-05
01111001010000001110,15.351826384208422,9.765625e-05
11100101111001101110,16.01593125652507,9.765625e-05
11110011110100110110,15.710521231446977,9.765625e-05
10010111100010011000,21.07397406511636,9.765625e-05
11010000001100101001,17.73406531257023,9.765625e-05
11110101001001100001,24.884648819480752,9.765625e-05
00100000101110101010,48.355981192444546,9.765625e-05
10100011110100011000,31.91690070340938,0.0001953125
01011010110110011111,22.733268090252984,9.765625e-05
00000011110110111100,37.40252621928551,9.765625e-05
11000100011111000101,22.246084338531702,9.765625e-05
00011101011011101011,21.59031029420144,9.765625e-05
01000101110001111101,28.66726588959432,9.765625e-05
01100110010000110100,19.44873030543277,9.765625e-05
00011000011001101101,32.76571090484132,9.765625e-05
01001010111100111100,34.098796856169855,9.765625e-05
11000110100010111010,17.622868646019846,9.765625e-05
11000100011000011110,18.411693100864166,9.765625e-05
11010010101111101000,21.10744623764642,9.765625e-05
01000011011010101100,19.58005812045254,9.765625e-05
01111111110100111110,20.669494644807735,9.765625e-05
01101111101011010001,17.946962718799128,9.765625e-05
11000111110110010101,12.252382429914176,9.765625e-05
11000000101110101100,33.689544685535154,9.765625e-05
10100111101100001011,21.498486227646993,9.765625e-05
10100000110100011000,41.162763817342125,9.765625e-05
00000100000111010101,32.981755876978056,9.765625e-05
10101010101000001110,45.55659471700895,9.765625e-05
11011110000001110011,23.42492794773677,9.765625e-05
00001011111001111100,32.699179629978985,9.765625e-05
01111000001111011100,20.97574281868278,9.765625e-05
10101111001100001100,36.79785569269793,9.765625e-05
01100010001100010101,30.20320189060038,9.765625e-05
01010110000010101000,24.15553627188496,9.765625e-05
01010011010110010110,14.112109681495951,9.765625e-05
11111110011001000000,33.92640787838788,9.765625e-05
11011110101110100101,16.42805773536806,9.765625e-05
01011101101010101011,45.78717940853299,9.765625e-05
01111101010011000010,18.7754454210569,9.765625e-05
01010111001100001000,28.33498878439343,9.765625e-05
10111100100000010010,17.409248726191098,9.765625e-05
11100101010001111111,15.35647587602912,9.765625e-05
01000011010111010010,20.556754636002157,9.765625e-05
01100000000101110100,29.453426546104033,9.765625e-05
11101101110000111110,14.745072127810667,9.765625e-05
01100001101101110110,25.615161496071934,9.765625e-05
10101010000110010111,70.3437322791373,9.765625e-05
01111011110111110010,18.349768660299784,9.765625e-05
10100001110001100110,24.429734032961953,9.765625e-05
01010101010010001101,30.453082895387787,9.765625e-05
01101101101001110110,12.559761154331703,9.765625e-05
10100110011010000000,30.002148811954815,9.765625e-05
10000111100010101001,18.599846527290804,9.765625e-05
10001010011001111101,59.63706302292652,9.765625e-05
01011100110111111101,18.959766489289336,9.765625e-05
01001011110111010000,19.596063078642864,9.765625e-05
00110001000000110000,17.69177344074857,9.765625e-05
01101010001110001000,28.002148811954818,9.765625e-05
00101011000000100110,30.50177246819169,9.765625e-05
11110011010010000100,19.331752100688853,9.765625e-05
01010110100011000111,23.98314285344705,9.765625e-05
00010001001011100100,31.970067914771278,9.765625e-05
11111100100001001001,18.201348826458037,9.765625e-05
01001010110010101001,26.358689340066277,9.765625e-05
01010110000110000100,15.046708477404977,9.765625e-05
11110110010000000100,24.081334838543306,9.765625e-05
01110111100111011000,19.806326566196287,9.765625e-05
00010011111011010101,26.598515582973903,9.765625e-05
01001010101111000100,28.582874654625876,9.765625e-05
11010001010100101101,12.139421283636842,9.765625e-05
00111110110001110011,21.561533627921577,9.765625e-05
11101110101101111011,25.660715774072266,9.765625e-05
00111111100110001000,21.13512104767169,9.765625e-05
00010110110001010110,24.130328103723436,9.765625e-05
01001111011111010100,9.157096483331586,9.765625e-05
01110011110010110110,16.079719993146576,9.765625e-05
01101011100110000000,23.073351622906277,9.765625e-05
10111111010101001011,33.9187310381614,9.765625e-05
11101101001010010110,19.616169315390056,9.765625e-05
01000111010011001110,16.005138482729116,9.765625e-05
11001100000101101100,13.17211558428738,9.765625e-05
00000001110111000100,39.412768401890375,0.00029296875
00011000110011110001,33.31840774135762,9.765625e-05
10001011001011100010,24.66066424163067,9.765625e-05
01111101011001110111,11.644639911366436,9.765625e-05
10001000110101110110,54.99527181694093,9.765625e-05
00000101100111110001,32.56660267538698,9.765625e-05
01010100011100111101,24.68925527728305,9.765625e-05
00011011011100011100,21.22698592110263,9.765625e-05
00111000011111000101,30.03632870246179,9.765625e-05
00101110001000000011,26.366291842173453,9.765625e-05
11001111000101100001,22.875502354856174,9.765625e-05
10001101100010100010,17.74320304891082,9.765625e-05
10001011010101000000,38.8290459124306,9.765625e-05
01010011010111011100,12.963087207580326,9.765625e-05
01110110111110111011,17.581369850126762,9.765625e-05
01011000010110111100,20.055486537431996,9.765625e-05
10000101011101010111,26.13914176856175,9.765625e-05
01011100011000110001,9.491348969619064,9.765625e-05
10101111001000010001,40.76587273997178,9.765625e-05
00100001110010101000,31.321253420769025,9.765625e-05
10110010101111011100,33.832273469855224,9.765625e-05
00111000101110110011,24.153226115410632,9.765625e-05
11111011111001011111,24.92890222912356,9.765625e-05
01100111001110011110,18.490750584697246,9.765625e-05
00100000000011010010,37.033981874659816,9.765625e-05
10001100101111110010,24.393863631041,9.765625e-05
01101010001001010000,32.60306875220721,9.765625e-05
11001100101111011011,18.407908928634978,9.765625e-05
00111111011001100000,20.075878748827506,9.765625e-05
01010100000100101001,23.02324154239058,9.765625e-05
00100000001000111100,40.537775934667835,9.765625e-05
11000100000000111101,13.995602130036552,0.0001953125
11001011100100001000,21.297951579824833,9.765625e-05
10011110101101101101,20.441383691174718,9.765625e-05
11100000011011001111,33.27968342609317,9.765625e-05
10100000000110001011,40.125561605830526,9.765625e-05
10111110101000011010,27.78897031263565,9.765625e-05
10101111000010001000,38.77778140917837,9.765625e-05
00011100001110100000,13.263429017990765,9.765625e-05
11010001111010100011,29.30315846418698,9.765625e-05
01110010111110011111,22.205242462595002,0.0001953125
00000101111011101100,45.441760960260964,9.765625e-05
10110000011001101111,31.065791826580035,9.765625e-05
01101101001001001110,16.30325786664669,9.765625e-05
01101011100110000100,22.09341695480995,9.765625e-05
11000010101110100100,26.020354016574533,9.765625e-05
00111010001110010110,30.352053115979658,9.765625e-05
11111101100110001110,25.6848360488044,9.765625e-05
10010010001000001011,24.48628782888939,9.765625e-05
10110001011001000001,15.00723223067153,9.765625e-05
00111111100110110010,19.44615299705718,9.765625e-05
10000100000010110001,22.470359293226675,0.0001953125
00010011010110000100,13.337265354973763,9.765625e-05
00010111111101011001,17.51129207170569,9.765625e-05
01101101101110100011,20.297221093998242,9.765625e-05
11111010000000011011,40.05906228419582,9.765625e-05
01000011101110001110,27.788712781280342,9.765625e-05
00000110001010010110,28.36359338058868,9.765625e-05
00101001000001010100,26.201293762445633,9.765625e-05
10000110111011100010,32.18208896654244,9.765625e-05
00100101001001010100,14.649722165599776,9.765625e-05
11101110000010000011,38.043011311576,9.765625e-05
01101110011001000011,23.511132152712484,9.765625e-05
01111110001001000011,22.66763533907205,9.765625e-05
10101110110110101101,42.313882836349904,9.765625e-05
01110010100110000011,16.40105409159527,9.765625e-05
11011001101000010000,18.95927531563938,9.765625e-05
10110100010110011110,21.283924097925777,9.765625e-05
10001101000101110111,17.230411690718118,9.765625e-05
10110000110101010100,30.42726468107567,9.765625e-05
00011011101000111000,23.23081466059882,9.765625e-05
00001011010001010001,32.16107617936527,9.765625e-05
01000111000100101110,22.02759684236814,9.765625e-05
01000111011101011111,18.46900364432764,9.765625e-05
10110000001100101101,24.60761311641604,9.765625e-05
00101101111001110110,16.334551151262552,9.765625e-05
00100000000100100000,31.094078435435122,9.765625e-05
01101001111010100101,18.930932783395594,9.765625e-05
10100001000001000010,20.72964255252077,9.765625e-05
10100011110100001111,35.09294100684524,9.765625e-05
00101111000001010010,25.380447180665044,9.765625e-05
11001011110011100101,19.635758699329017,9.765625e-05
01000111100010111000,25.980447080248624,9.765625e-05
01010011111000000110,19.72963006933407,9.765625e-05
10011001110111100001,18.18845712964268,9.765625e-05
10110100100010010101,16.848764062047216,9.765625e-05
10010010110010011101,28.981305629807807,9.765625e-05
01001010100000011111,29.581978731793985,9.765625e-05
11001101101100110111,14.658842956461553,9.765625e-05
11000001010001100000,11.273054999978886,9.765625e-05
00000101000011011100,25.100903087298963,9.765625e-05
01111110011111110111,14.574959204167829,9.765625e-05
01111101010000011111,19.020723466052264,9.765625e-05
00001110100011001000,19.516098135294687,9.765625e-05
01110011101000110000,20.90627155484149,9.765625e-05
11001111010100011110,20.501782154228646,9.765625e-05
01100001011001001010,18.91267251476347,9.765625e-05
00111101000001011110,19.285039444419205,9.765625e-05
10001000110011010010,43.999017157895096,9.765625e-05
01011001001011000101,18.80509136781306,9.765625e-05
10110111000010101000,29.547563577122368,9.765625e-05
11101000010111100111,40.49374834771115,9.765625e-05
00000010001010101010,38.44295180935707,9.765625e-05
11100000011111110100,35.999017157895096,9.765625e-05
10101010110001010000,65.32557850899217,9.765625e-05
00000111011100001000,17.39227685352617,9.765625e-05
00010001011110101101,37.875619382564565,9.765625e-05
00010110111100111001,24.872985856533024,9.765625e-05
00011101111011001110,26.62258443448092,9.765625e-05
01001110011111111010,18.505446741215767,9.765625e-05
01101100011011011001,16.93565744572368,9.765625e-05
00101101001101010001,14.038879859092741,9.765625e-05
10001100101011101000,20.9896574733743,9.765625e-05
11001010101100010100,30.481350904418058,9.765625e-05
01100011010101110100,23.2831215431003,9.765625e-05
00101111110001100010,21.02538337833098,9.765625e-05
10001101011001001110,18.075210928641965,9.765625e-05
10110001100011100010,18.539439112620983,9.765625e-05
10010001001000111000,23.244610322776843,9.765625e-05
11000010101101101100,28.279671851991598,9.765625e-05
01010001010001101111,27.43181882928847,9.765625e-05
01010111111010001111,33.38108286211909,9.765625e-05
10101100010111010110,40.08969128019696,9.765625e-05
11010011001001001010,21.374698564248476,9.765625e-05
01000010010110010100,26.864815034667036,9.765625e-05
11011101000110101010,26.84236310212524,9.765625e-05
11100001110010000111,17.096653463850473,9.765625e-05
10110011110110011111,24.585028799088917,9.765625e-05
00001000100101000100,40.40977873111607,9.765625e-05
10110011000010000100,25.331752100688853,9.765625e-05
10011011011100100110,24.475297996999245,9.765625e-05
01101010111100111010,32.983978390598125,9.765625e-05
10001010111001110001,53.41759612910165,9.765625e-05
11110010000100110111,27.511132152712488,9.765625e-05
01011101001000011011,30.79375899059204,9.765625e-05
10000000010000000111,40.924679041300244,9.765625e-05
00100010110111010100,55.808836621640026,9.765625e-05
10111111010000001110,40.67652145355538,9.765625e-05
10010000101111001010,37.046167779390906,9.765625e-05
11011111001110100001,26.927035838610067,9.765625e-05
10111111000100100010,39.38428840334794,9.765625e-05
00100011110101000000,25.287730657358495,9.765625e-05
11001101011100111111,13.80589328659414,9.765625e-05
10100011110111010000,35.84401098890213,9.765625e-05
01110101101000000100,29.92578888062139,9.765625e-05
11011000111101011000,18.287486529114823,9.765625e-05
00111000001100001011,19.64087311393005,9.765625e-05
00010000010100101100,33.16738468036595,9.765625e-05
11101000111110011110,30.490636887273602,9.765625e-05
01011111010000100101,21.43966283715364,9.765625e-05
00000000111110110110,75.82502001152118,9.765625e-05
10010100010001010111,20.60663651590448,9.765625e-05
10111010000110010101,53.833852281126674,9.765625e-05
00011110010010000011,13.710521231446979,9.765625e-05
00100111110010100011,22.682733681341382,9.765625e-05
00001000100101010101,50.681643089138916,9.765625e-05
00000001101100001001,40.309472472359936,9.765625e-05
10001101010100110101,19.646830177491616,9.765625e-05
11000110101010011110,20.63820931559544,9.765625e-05
10100010011001011110,56.84814161983712,9.765625e-05
11101010001110111100,39.36001593085445,9.765625e-05
11110110100100011001,14.191291245792328,0.0001953125
11001000110011010100,26.098433735412684,9.765625e-05
10100100100010111000,22.81766527254752,9.765625e-05
01101001011011011110,18.601564671289346,9.765625e-05
00100000101011100111,51.867653036118966,9.765625e-05
11100000001000111011,24.45403306068382,9.765625e-05
00001000011111111010,57.57164683276636,9.765625e-05
11111000010101011011,27.17050061393543,9.765625e-05
00110110000010111101,22.470879699241898,9.765625e-05
11111001010000110111,19.165537134235706,9.765625e-05
11011110101100111001,14.563511719030709,0.0001953125
00011010011010010000,22.471294341600853,9.765625e-05
01101100111111111010,20.54455895810691,9.765625e-05
10101111110111111100,31.48632967529403,9.765625e-05
11111100101100100011,9.876486138522205,9.765625e-05
10010011000110100000,16.241141259594222,9.765625e-05
10010111110010111011,21.4507914636935,9.765625e-05
01010110000010001111,22.913623501607773,9.765625e-05
11010100010101110011,10.548400180789798,9.765625e-05
00000110111011011001,35.801962423775876,9.765625e-05
00101111100011100110,19.100867787594744,9.765625e-05
01010000010100010101,18.196867470825364,9.765625e-05
11001101101101111101,12.68419863671697,9.765625e-05
11000101111110111000,26.51611678378735,9.765625e-05
10010001001101110100,22.545792170048845,9.765625e-05
11011001001010101100,19.381688223055317,9.765625e-05
01110001100010111100,27.82115753364212,9.765625e-05
00011010110010000000,19.606717193584146,9.765625e-05
11101001010101110010,26.18470301173668,9.765625e-05
00001010000100100110,39.65852864728362,9.765625e-05
01001100000110101100,17.698948719343075,9.765625e-05
00001101001101110011,16.877372299029762,9.765625e-05
01000010000100010100,22.34024345164649,9.765625e-05
00000010011101101001,53.97792713748187,9.765625e-05
10110101100100000001,12.584850329979727,9.765625e-05
00010000000001011000,28.155783110151173,9.765625e-05
00000111001101000000,13.02759684236814,9.765625e-05
01010100100110111011,38.630186115039834,9.765625e-05
10101101100010001000,22.451235985711595,9.765625e-05
10101101111000110111,20.07682267253019,9.765625e-05
11101000111100100110,24.341803663093117,9.765625e-05
11011101011010100010,23.847075281266626,9.765625e-05
00101000000110100011,36.6286739915912,9.765625e-05
10100101111110110001,24.407908928634978,9.765625e-05
00110010111111111111,46.10698831251669,9.765625e-05
11000001000100001001,16.910636540856007,9.765625e-05
10010110110001011001,15.495049961286107,9.765625e-05
11001101111001110111,11.781081123138728,9.765625e-05
11101011101100101100,26.716569676573677,9.765625e-05
01011110101110111011,18.791400746119713,9.765625e-05
01100111101010111011,28.21481981850776,9.765625e-05
11100111000111011100,19.45464384125548,9.765625e-05
11010010011011010000,17.64087311393005,9.765625e-05
10100010100111001001,45.43061476258461,9.765625e-05
01001111000000010001,19.693378001482323,9.765625e-05
10001111111111010101,24.554949572730607,9.765625e-05
00011100110111111110,29.50255649453736,9.765625e-05
01011100001100100001,12.576347442748542,9.765625e-05
00001000100010110100,38.872697171862164,9.765625e-05
01110110010001110101,16.15421873067969,0.0001953125
11100100011101010001,16.474143683435745,9.765625e-05
11101101110001110110,11.87176147619412,9.765625e-05
00110011001000110100,20.241141259594222,9.765625e-05
11101000100010010000,22.181540018857536,9.765625e-05
11000011010000111100,11.767341237714543,9.765625e-05
00110000101110101010,34.09506681718832,9.765625e-05
10100101110011010100,18.73615906051264,9.765625e-05
01111100000000011010,17.300420931711116,9.765625e-05
11000000101111010011,40.79261616400291,9.765625e-05
11000110100010011011,17.012646795281608,9.765625e-05
11100110100011101010,20.624748439644975,9.765625e-05
10011100111111110001,16.234479247585945,9.765625e-05
00011101110010001001,21.739377840985437,9.765625e-05
10001001010001110101,32.55602113504595,9.765625e-05
00000100011011000000,31.542131234645396,9.765625e-05
01000011010011001110,16.612761285182113,9.765625e-05
11110100010001011101,10.58381939987683,9.765625e-05
00000111001010000000,17.78328842186992,9.765625e-05
11010000111000011101,19.065164051861718,9.765625e-05
00000100110100100010,36.782071871979355,9.765625e-05
00110011111111000111,20.052271533088437,9.765625e-05
11110011101010011000,19.874453510681676,9.765625e-05
01011100111101111100,19.512684048997272,9.765625e-05
10000111010100100100,18.928514022389784,9.765625e-05
11001110101100111111,19.80589328659414,9.765625e-05
11001001111111011000,22.069570884280875,9.765625e-05
00101001011101001110,30.669317791132094,9.765625e-05
10110100000110100011,15.490042132299266,9.765625e-05
11111110001001000010,36.99605599590481,9.765625e-05
10001001100111100110,26.027172426845027,9.765625e-05
01001101010000110001,13.474100171888725,9.765625e-05
11011101101110100010,28.399600574979317,9.765625e-05
00000111010001010001,14.585726793610508,9.765625e-05
00001000101110110110,50.327707774618666,9.765625e-05
11101000010101110110,39.853893680697304,9.765625e-05
11110100010111000011,11.116766883752137,9.765625e-05
10101100100011111010,23.21252524672863,9.765625e-05
11000011011001101110,17.161705597589773,9.765625e-05
11110001011001001001,13.025505716911415,9.765625e-05
01000110111011111101,32.10461648586532,9.765625e-05
01110110010000100100,17.82162724001348,9.765625e-05
10111100100000011001,18.18505717003815,9.765625e-05
00101010100011001111,46.735923796348004,9.765625e-05
01001110100010010010,14.689716156993747,9.765625e-05
00010011101110001001,24.094796868137323,9.765625e-05
01001011010101000101,23.78973746978989,9.765625e-05
10010010011100001010,25.84911124433427,9.765625e-05
10100011101000111010,26.232596820225655,9.765625e-05
01000001100011100110,35.32413564655285,9.765625e-05
11001111100100001110,20.80437844228315,9.765625e-05
10000001111001111110,41.17833466313256,9.765625e-05
00001010110011010010,44.75750934393991,9.765625e-05
00100111110001001001,16.896362220690733,9.765625e-05
10110001101111011000,21.188226219006765,9.765625e-05
00010010101001001000,26.700088770418645,9.765625e-05
11011101100101100010,20.394852801866463,9.765625e-05
10101011111101010110,49.28592214964334,9.765625e-05
10100101100111010010,17.52787836012253,9.765625e-05
00000001111101111110,60.94755560734504,9.765625e-05
11000010100010101101,22.292808743566983,9.765625e-05
10100011101111110101,37.51091646776182,9.765625e-05
10010101010101100011,14.426306816183974,9.765625e-05
10110110110001011101,23.53387974593956,9.765625e-05
11101111001000000100,40.19771631271141,9.765625e-05
01011101001011101111,31.984608837510958,9.765625e-05
10101100001101001111,31.283121543100304,9.765625e-05
11110100001110011100,14.74968124206886,9.765625e-05
00011010011001010000,28.87761369557126,9.765625e-05
00101100001110101001,22.45403306068382,9.765625e-05
01100011010111010010,21.662669083858773,9.765625e-05
11011001101001100001,18.500950072360993,9.765625e-05
01001100111111101001,28.64406963805199,9.765625e-05
11111010000000110000,39.92171434773916,9.765625e-05
10110010011000000001,28.729642552520772,9.765625e-05
01111111111010001111,21.237183852387396,9.765625e-05
11000000111010101100,31.780163743824613,9.765625e-05
10101011100010000000,35.95614448312793,9.765625e-05
11110011110110110000,15.423265612968073,9.765625e-05
01100100001001001110,20.183980949087,9.765625e-05
11000010100110010110,26.694756869929524,9.765625e-05
11000011001110101100,16.49135967350453,9.765625e-05
00100100010001011001,27.4740859094008,9.765625e-05
10010111011001100011,20.223760262582438,9.765625e-05
10100110010001100000,34.646015950187895,9.765625e-05
10100111010111110001,29.470006163613533,9.765625e-05
01001111111001110100,12.886167097395532,9.765625e-05
11001100010111000110,16.471294341600853,9.765625e-05
00101110110101000011,34.77166468243149,9.765625e-05
11110100010111111010,13.271419628864695,9.765625e-05
00011111100110010001,14.5214836417939,9.765625e-05
11000101010001111100,10.512696532183966,9.765625e-05
10100001111011000101,30.325440916653847,9.765625e-05
00111000011001001110,25.99537655190887,9.765625e-05
01010111011011011110,23.537588758501183,9.765625e-05
11001100100000111101,12.267459304904921,9.765625e-05
01111011001001010100,24.508328836146916,9.765625e-05
10010101010110001000,17.117262203790755,9.765625e-05
11110010001010011100,20.720209166334726,9.765625e-05
10111100100110101001,13.997786535962845,9.765625e-05
10000111011100111110,24.87957959776095,9.765625e-05
11001110001000011010,20.156433974018086,9.765625e-05
10011100101110001101,17.624925929774673,9.765625e-05
01110000001001010111,18.601564671289342,9.765625e-05
01000111101010110000,28.731517062305514,9.765625e-05
01100110011110101101,24.54267028915328,9.765625e-05
00011100001100100101,13.617374029387788,9.765625e-05
10100011100010101001,25.624511287415714,9.765625e-05
10000100010001110101,29.668165256869823,9.765625e-05
00000110101010111100,36.44673870244861,9.765625e-05
01010110111000011101,18.69547965616045,9.765625e-05
10000010001011010001,42.881398085780326,9.765625e-05
00100010110100010000,43.130143218356835,9.765625e-05
00011111111111001011,14.282863375290944,9.765625e-05
11000100111001101111,28.688879673339176,9.765625e-05
01001110111011011100,18.071433721587372,9.765625e-05
10010010100000001111,25.337265354973766,9.765625e-05
00100111101011101000,21.157867172056626,9.765625e-05
00000001011101000100,33.58216779602525,0.0001953125
01111011100010110110,22.009352806473395,9.765625e-05
01011100111011100001,18.740312813072237,9.765625e-05
11001010110011101001,28.976696515549616,9.765625e-05
00010010101110011101,37.29047619988912,9.765625e-05
10101001101101100011,27.34292081052397,9.765625e-05
10001010000101001000,47.583286586962295,9.765625e-05
00101110100010101100,28.001188139073555,9.765625e-05
11000101111111011101,22.722999265292536,9.765625e-05
10010000011110100101,33.47774683396443,9.765625e-05
00011000001110100010,22.51990117399642,9.765625e-05
00101100100111100111,26.308726782484293,9.765625e-05
11110100100010010001,12.591035583314849,9.765625e-05
11011111011111101001,15.752520250572932,9.765625e-05
00010111001100000011,19.511132152712484,9.765625e-05
00100010111000010001,41.53429438829852,9.765625e-05
11110111011000001100,26.385498314058843,9.765625e-05
00110111011001110001,15.703881475789547,9.765625e-05
11010010011001101011,20.92109370646648,9.765625e-05
11011001100011100010,19.824068181082765,9.765625e-05
11001010101010011011,27.21252524672863,9.765625e-05
11010001000110100101,17.917799423391013,9.765625e-05
10111100001100000000,16.879946239249122,9.765625e-05
10110011110100011100,21.597926650370425,9.765625e-05
01010000101110001101,39.27549593020835,9.765625e-05
01110111100010010011,27.612834350393328,9.765625e-05
01000111010010000010,18.25452498943583,9.765625e-05
00001110010101000101,33.80238683929899,9.765625e-05
10100001011110001100,30.700088770418645,9.765625e-05
11000011010101001110,17.821157533642122,9.765625e-05
10010101111010101110,37.630560674103535,9.765625e-05
00011101011111000001,10.288015897585748,9.765625e-05
11001110010111101100,20.583899343135425,9.765625e-05
11001111011101000100,19.057066208079732,0.0001953125
10000010110010101100,37.75784310147914,9.765625e-05
01011101101010000001,35.243457875641774,9.765625e-05
01001100100000111000,17.7801077490909,9.765625e-05
11100000000000010110,19.909682843989167,9.765625e-05
01100011110010011111,20.67847407758867,9.765625e-05
00010111100101101011,22.499703719098683,9.765625e-05
01110000100110011010,21.920951516041,9.765625e-05
00000100011001000000,26.537775934667835,9.765625e-05
00010101000100000000,18.596799082481553,9.765625e-05
00010110011011010001,18.177023363520647,9.765625e-05
11101000001000101011,24.055203370773235,9.765625e-05
11010010101011111000,21.77257653289369,9.765625e-05
00111000010001010000,26.69074875223902,9.765625e-05
00101011101011010110,26.34691027972181,9.765625e-05
00001011000110010110,26.141081839104302,9.765625e-05
00000010001100101001,40.85417684735606,9.765625e-05
00110101010000000011,14.376554425540558,9.765625e-05
11111111100010101011,38.698386946284685,9.765625e-05
11001000000000100100,16.110310565550492,9.765625e-05
10110011001000001011,23.82305950733072,9.765625e-05
10101110001010110010,34.50388142018316,9.765625e-05
00111010100011100101,32.15179906058876,9.765625e-05
01000111110111100010,22.86502928325158,9.765625e-05
00111011001000001100,24.260311403087073,9.765625e-05
00110001111000110010,22.881398085780326,9.765625e-05
11010100111010100001,21.7099696937524,9.765625e-05
10000010011100010100,50.91193815443097,9.765625e-05
00110001011000010000,13.803353753773594,9.765625e-05
10100000110111000110,50.5509918604167,9.765625e-05
11100111000000100010,31.47608655112804,9.765625e-05
11111100000100010011,17.25532772976517,9.765625e-05
00001110010011111110,30.628673991591196,9.765625e-05
11101101100011110100,14.956759949323597,9.765625e-05
11100100001100011101,15.8472802731282,9.765625e-05
01011001110110010000,16.471294341600853,9.765625e-05
11011111110111111101,11.703881475789549,9.765625e-05
11110010001000010011,23.88805313261401,9.765625e-05
10000000101010111001,48.073682790435825,9.765625e-05
00100101001000100010,21.738478386582734,9.765625e-05
10110100110110110011,16.02619582633347,9.765625e-05
11110110011111011111,17.75417437894317,9.765625e-05
01000111000000110000,18.590460200414423,9.765625e-05
10000001011010111101,39.04477464845577,9.765625e-05
00111001111000101111,19.298008444774656,9.765625e-05
11110010001000001001,20.858600428953785,9.765625e-05
11010111101011110001,26.548458041951953,9.765625e-05
00011000111110100100,32.41795028740312,9.765625e-05
00111110101010001100,20.784175393085924,9.765625e-05
11010001110000101110,18.380669776139115,9.765625e-05
00010110101110000001,18.97669651554962,9.765625e-05
00100101010011000000,16.002395650221032,9.765625e-05
10011001101011101010,23.24667565990225,9.765625e-05
00111001100010100001,18.2210022260253,9.765625e-05
01110000101010001000,22.54920970078987,9.765625e-05
11101011101000101111,27.268738101962363,9.765625e-05
11010000011101110110,24.656226190404954,9.765625e-05
01110111011001001001,19.034098244277978,9.765625e-05
10001100011111011110,34.933188093837394,9.765625e-05
01100101110111010010,17.665150831804553,9.765625e-05
00101000001101010110,44.11162215942967,9.765625e-05
10000001101011001100,30.74584626097932,9.765625e-05
01111100001000011111,14.11039153749742,9.765625e-05
11110011000001001100,23.242087473687306,9.765625e-05
01101011000000110010,27.441576472480666,9.765625e-05
11010010101010101001,20.01593125652507,9.765625e-05
01111110101110010011,12.94027487514371,9.765625e-05
10011101011001010110,16.90617121082065,9.765625e-05
00110000010100110111,32.39373494165073,9.765625e-05
00101101100001101000,17.69177344074857,9.765625e-05
01001101000111110110,13.474762681202227,9.765625e-05
01000101011001000010,23.934161249905344,9.765625e-05
10001010001101011011,55.92631118595071,9.765625e-05
00001110110011010100,28.423616239698735,9.765625e-05
11010100100111101011,24.21907463866944,9.765625e-05
00101000111001010011,44.900496503209396,9.765625e-05
11000101111010101100,27.82567439611907,0.0001953125
11100100001000110111,16.640002081184168,9.765625e-05
10000001000011000100,20.654331279857967,9.765625e-05
11110110001100010001,19.38607745186198,9.765625e-05
01100111110101010100,11.468130625140462,9.765625e-05
01100110000010010110,18.20891128309799,9.765625e-05
10010000011111110111,48.57577582019517,9.765625e-05
00010111101111011011,26.06992547264465,9.765625e-05
10010110001100010001,16.503625532334034,9.765625e-05
11101110100000111011,28.02823177860475,9.765625e-05
01100010101010101010,27.239566187033642,9.765625e-05
11001101101111111110,16.15803769701173,9.765625e-05
01011001101110101110,32.4311653537757,9.765625e-05
01000110011111101111,32.63981928018243,9.765625e-05
00011110010011010011,16.24667148103758,9.765625e-05
00100111010100111110,25.14574872739744,9.765625e-05
11110101110000010001,14.501772468191696,9.765625e-05
10110100001010000111,20.355464405127336,9.765625e-05
01000100101010001100,38.36491716338729,9.765625e-05
00000001101010100110,47.4580943759583,9.765625e-05
00000011101000101001,30.423616239698735,9.765625e-05
11101100111100011101,18.28349434989444,9.765625e-05
00111111011001011011,18.747779660614533,9.765625e-05
00011011110011001100,17.59832351445283,9.765625e-05
11101101110111100011,15.561533627921584,9.765625e-05
11010101010000001111,22.0019019736886,9.765625e-05
11010000111011101101,29.706531576745267,9.765625e-05
01000110011110010001,18.065478361039656,9.765625e-05
11010010110110110101,18.5063399431853,9.765625e-05
10011100111001000111,18.330635285353296,9.765625e-05
10100101000010101010,24.25452498943583,9.765625e-05
11000110110010010111,18.680961207751505,9.765625e-05
10001101011000010000,16.471579287560843,9.765625e-05
10001101010001010011,18.726834246382072,9.765625e-05
11000101010001000101,10.001188139073559,9.765625e-05
00110010010101110101,40.95367619775799,9.765625e-05
11011011110000101100,15.855757252424866,9.765625e-05
00010011111110101101,30.2703371663202,9.765625e-05
00110010110100000011,22.60342126700249,9.765625e-05
11111100001100100011,13.193211122712704,9.765625e-05
01011001110010000001,17.9607466213717,9.765625e-05
10010111111000010110,23.395726544634876,9.765625e-05
11101011100011000010,30.120050414274296,9.765625e-05
00001111001000010100,16.64598930783231,9.765625e-05
10101010000101000000,68.03743320927472,9.765625e-05
00100101100111010001,18.99731955045384,9.765625e-05
00011010110110100101,29.828627738500828,9.765625e-05
11001100110011101010,14.625873385048163,9.765625e-05
01110000100001110001,19.11718152611109,0.0001953125
10100011000011000100,30.225676090332847,9.765625e-05
11111101011100010001,18.66389894973377,9.765625e-05
11110010100101101110,21.427874727226264,9.765625e-05
01001010011011110110,30.36997235679088,9.765625e-05
11001101011101101111,13.532054281905774,9.765625e-05
00111111010101000110,21.97956540371282,9.765625e-05
00100010001000000110,33.09180719736302,9.765625e-05
10011011000110101000,20.353746261128794,9.765625e-05
00000100110011000000,32.36837654053296,9.765625e-05
10011111111111100001,13.623549890953212,9.765625e-05
11100000111010101100,24.645238099944564,9.765625e-05
01110101011010110101,23.398527151177916,9.765625e-05
00101001101011100111,26.318946795865507,9.765625e-05
10100101111010100010,23.604773678597983,9.765625e-05
01001011110010100010,16.585726793610508,9.765625e-05
11101100111101111110,17.119157114337742,9.765625e-05
11010000101110111101,29.999017157895093,9.765625e-05
00101111010001100000,26.22299653903199,0.0001953125
10111011111010111101,28.671212788806272,9.765625e-05
10101111000101110001,41.636950468350065,9.765625e-05
01101100011001010110,12.428347143620169,0.0001953125
01001001100011111111,30.373653682116746,9.765625e-05
10101001000010110010,28.614306478083556,9.765625e-05
10000100010011010101,31.533333715417264,9.765625e-05
00010011100010010001,20.13690591732106,9.765625e-05
01111100010101100001,9.390959312320906,9.765625e-05
10010101001000101101,25.932613532485234,9.765625e-05
00111001101000110011,18.159890848281265,9.765625e-05
00001101001000100101,17.127919039594396,9.765625e-05
11110001010010100110,14.600727256913459,9.765625e-05
00001010101011000000,32.582874654625876,9.765625e-05
10010011010000111001,18.229786527645665,9.765625e-05
10010111001000110000,24.55227054871075,9.765625e-05
00100110111010001111,32.057591859475984,9.765625e-05
11100110111001111100,19.581978731793985,9.765625e-05
11011101100100101001,22.630983424484278,9.765625e-05
10101110110111101011,39.608525271985314,9.765625e-05
10011000001100101000,19.043216216310377,9.765625e-05
10001110101000111001,24.369072695248114,9.765625e-05
00111111011101001001,17.009295032438455,9.765625e-05
11101110011101010010,36.3701143400763,9.765625e-05
01111111010100011110,24.308939757412418,9.765625e-05
10001100001000110010,17.780428299862184,9.765625e-05
00110100100010110011,22.38395363875656,9.765625e-05
00000111000100011010,17.737150865073254,9.765625e-05
01111000001100100001,13.480692133815424,9.765625e-05
01100010101010001010,23.008374991769642,9.765625e-05
11001011011000011100,20.323643738481834,9.765625e-05
11111100001100010001,14.376653017291822,9.765625e-05
11001111000101011101,20.765179306118988,9.765625e-05
00111011110111010010,22.88307374692017,9.765625e-05
11000011010101011011,23.951935884535807,9.765625e-05
10010011110111111011,26.036621125843514,9.765625e-05
00101000010100001100,46.735373167738544,9.765625e-05
01000000101110100100,44.863293138054246,9.765625e-05
01101001001000011011,21.02539306436794,9.765625e-05
11011110101011100010,21.604606794430186,9.765625e-05
10010000111110101100,38.36837029893961,9.765625e-05
00100011001001000111,25.18726283610297,9.765625e-05
10011100101110000101,15.581978731793987,9.765625e-05
10011110000100000101,27.850135932843827,9.765625e-05
01110011100011001000,18.486734249811917,9.765625e-05
01101001101100100111,19.60078774097095,9.765625e-05
10110100011100101001,12.914991840833567,9.765625e-05
10111010000001010110,56.39764444595378,9.765625e-05
00010001010011000101,22.642403787494676,9.765625e-05
00111010101010111111,30.72381804201557,9.765625e-05
10001111000001101100,21.300420931711116,9.765625e-05
11101011110001011010,32.083729754343274,9.765625e-05
11001001110001110111,18.46520677093187,9.765625e-05
11110011100100010110,18.997783825940303,9.765625e-05
01001101101100000001,20.322705245664046,9.765625e-05
01011011011011000111,14.364678465618859,9.765625e-05
10110000001000001000,16.766381299254355,9.765625e-05
01100010000100110000,27.095645622896164,9.765625e-05
10001001111111110011,40.15416108749743,9.765625e-05
00111110101010011001,17.498486227646993,9.765625e-05
10101100001001011101,32.15648372715845,9.765625e-05
11001110000010111010,17.07142581485165,9.765625e-05
11110101001101110110,17.93667868978962,9.765625e-05
00001011101010001100,21.448354701488896,9.765625e-05
10111011011000000011,36.31730941667384,9.765625e-05
01101110101100001010,19.567784354887316,9.765625e-05
11011000101011001010,20.929979086528753,9.765625e-05
00000100111011000010,44.02087433546256,9.765625e-05
10101111010011001100,37.97023580599122,9.765625e-05
11111000011101110101,24.59967519162726,9.765625e-05
10110001100000000110,14.443341365329768,9.765625e-05
00110010010001010011,30.84579939012231,9.765625e-05
11110010011100010101,24.924416275403726,9.765625e-05
10111100101100001001,12.603964675039105,9.765625e-05
01101110000000000010,27.22550221931082,9.765625e-05
11010000101110101001,27.265253747603484,9.765625e-05
01000011000010110010,20.434853965575083,9.765625e-05
10000101110011001101,23.215226232832077,9.765625e-05
11111101101100100010,23.449147755781283,9.765625e-05
01001010111101011100,38.29506405400878,9.765625e-05
11011110001001010011,23.614023311424802,9.765625e-05
00011100011110000000,10.611789038199284,9.765625e-05
01001000011011110111,36.37651895158194,9.765625e-05
00111011010000000110,25.759160740651417,9.765625e-05
11011000000100010111,18.632467126276094,9.765625e-05
11111100001110010001,13.744782719558557,9.765625e-05
10110111001010011101,25.739981645542677,9.765625e-05
10010011001010000100,19.108471660577038,9.765625e-05
11111011001001001000,37.43502332563716,9.765625e-05
01111111101110001011,25.731433761730514,9.765625e-05
10110010001101000010,31.468069406661908,9.765625e-05
00011111100110000001,14.77736874242088,0.0001953125
01100000011101000101,33.27171872315376,9.765625e-05
00110111101110001110,20.735923796348004,9.765625e-05
00110001000010000100,15.959449186661413,9.765625e-05
00111011010010010101,28.310657901410956,9.765625e-05
11111100111101010101,9.273681180899846,9.765625e-05
10011110000110101101,20.110391537497417,9.765625e-05
00110011001000000111,17.539510104263695,9.765625e-05
01110101110001010101,12.33384437978913,9.765625e-05
00100001101011111100,39.10923808331021,9.765625e-05
00010000101010011001,44.674389635747225,9.765625e-05
00011100000001000001,10.693867188690982,9.765625e-05
10000010011001011101,54.15354466890081,9.765625e-05
11110010010101100011,27.273272780134235,9.765625e-05
01111011100111101110,20.820068193050222,9.765625e-05
01101111010010110110,20.227948667552376,9.765625e-05
01110111100000010101,23.001618807029843,9.765625e-05
00110001001100001001,17.032196270589374,9.765625e-05
00010011001000010000,17.69177344074857,9.765625e-05
00110011100110111000,20.608152170923923,9.765625e-05
10111010100100101011,35.26682373221427,9.765625e-05
00101111101111000010,14.703823701754606,9.765625e-05
00100100111001100111,35.8603080653671,9.765625e-05
10001111110001001100,21.046708477404977,9.765625e-05
11101100111110101011,16.25641989998281,9.765625e-05
11010001100000001101,17.8896085604696,9.765625e-05
11100100010101101000,16.188156870870245,9.765625e-05
01011001111010000111,21.84401098890213,9.765625e-05
01000010001001101101,32.008363417668065,9.765625e-05
00111000110001000001,22.505234369856026,9.765625e-05
01111010100110010110,21.48747596796295,9.765625e-05
11111000001111101110,20.207453402113494,9.765625e-05
10100111000000011011,28.457518149463763,9.765625e-05
10011001111111000111,24.028729008344175,9.765625e-05
11000001001110101100,23.029794378774994,9.765625e-05
10011100111000100100,15.424855616946633,9.765625e-05
11001100110001111100,12.368745902883482,9.765625e-05
01011010100100010110,21.02759684236814,9.765625e-05
00100001101100000101,26.338566234127658,9.765625e-05
10111110011100111101,34.6676414935382,9.765625e-05
00111111011011100000,17.361204069928014,9.765625e-05
11010011000000010000,18.73292879306547,9.765625e-05
11100001110111111000,22.022447764516944,9.765625e-05
10001101010011111100,17.47410463418084,9.765625e-05
10110110001101011101,25.15139595491301,9.765625e-05
00111100100111100011,11.179823970063683,9.765625e-05
00101011110101000111,41.07280123885525,9.765625e-05
00100001101100101100,31.72055905864432,9.765625e-05
10111000001100100011,22.723692699145335,9.765625e-05
10010110001010111000,20.632467126276094,9.765625e-05
00101011100011100011,27.818204621322657,9.765625e-05
01010000011001110101,29.274824676419023,9.765625e-05
00111011101010110000,20.86702088623573,9.765625e-05
00000001110111111000,52.242300889883765,9.765625e-05
00010011111010100100,25.13408658599798,9.765625e-05
01110010000100011100,18.138281966982337,9.765625e-05
10000100000101001010,22.23391436143092,9.765625e-05
10111000010101110010,36.248611464452935,9.765625e-05
01001100111111100111,28.570338977598055,9.765625e-05
11101111001100010000,37.296398665691534,9.765625e-05
10001010000001000000,44.54782905304143,9.765625e-05
01101100010001010001,16.161208389486532,9.765625e-05
11110011111000100110,15.3135294124695,9.765625e-05
11001010000000010010,31.00976371012149,9.765625e-05
00000011110111011100,36.2045240298928,9.765625e-05
00001101110101100110,20.166771200611564,9.765625e-05
11001111000011111110,15.984356791691736,9.765625e-05
10001001111101100011,32.93458394563489,9.765625e-05
11110011110011111110,15.511728795751443,9.765625e-05
10001110011001011001,34.42647806472033,9.765625e-05
00110010010101100110,33.94864870242998,9.765625e-05
10000111101111101100,19.772576532893694,9.765625e-05
01110111101101011100,17.628346268505254,9.765625e-05
11101111001011010100,30.465445653794525,9.765625e-05
11101101001110100101,19.9843664777287,9.765625e-05
01111000011111011011,20.979352428784694,9.765625e-05
11011010101110110101,21.651276135453056,9.765625e-05
01011000101100000101,19.06893501732296,9.765625e-05
10110000000100100001,19.22698592110263,9.765625e-05
11101001110010000100,17.202254435326886,9.765625e-05
01011100001101001011,16.14108183910431,9.765625e-05
11110110011101110101,18.646541787088015,9.765625e-05
10001001101010101000,22.566025306045262,9.765625e-05
10101111000101001001,41.43315351231624,9.765625e-05
01100100111010001010,26.153298690010878,9.765625e-05
11111101011100110011,15.604303227009183,9.765625e-05
10011011111010011111,25.604365277832375,9.765625e-05
11010011011001011111,17.038635632472392,9.765625e-05
10000000010001111101,52.06227652604567,9.765625e-05
10001100000101110000,19.723358647338845,9.765625e-05
01000011111100111101,30.86826119420494,9.765625e-05
01011110111010011010,16.324111801347005,9.765625e-05
11011000000001110100,16.532330265410057,9.765625e-05
11000011011001000100,13.58850845739362,9.765625e-05
00101110011001010011,33.910013375064665,9.765625e-05
10011010110001010111,44.14150805556484,9.765625e-05
00101000110101110110,55.26620120287698,9.765625e-05
11111110000000011011,37.80133380546346,9.765625e-05
10110101011011110011,19.393663313553965,9.765625e-05
01100010101101110100,33.15737964999034,9.765625e-05
01101111011110000111,18.724913722167834,9.765625e-05
01000011010000000100,9.565077850771768,9.765625e-05
00101100000000100000,18.015673703533572,9.765625e-05
00100011011011100100,27.188226219006765,9.765625e-05
10011101001111000010,16.200994668156568,9.765625e-05
01110100011001000100,10.960756307408657,9.765625e-05
10010001000000000111,19.14384133366376,9.765625e-05
00100100001100000001,18.372205280029146,9.765625e-05
00010110101000011100,25.435224051506857,9.765625e-05
10110010110011101000,26.1690637859494,9.765625e-05
00100100110011001001,30.6165349606659,9.765625e-05
10010100101010011001,25.768843675126224,9.765625e-05
11011110011110010001,13.876486138522203,0.0001953125
11100110111001000101,21.884227837561426,9.765625e-05
11101110100111001100,30.40450887065378,9.765625e-05
10100110100111111001,30.34105870763854,9.765625e-05
01110001011101010110,12.60156467128934,9.765625e-05
00001001011001000011,26.21617368810557,9.765625e-05
00010001100010111000,40.02286593844671,9.765625e-05
10101100111100110010,23.975228665100722,9.765625e-05
01100111111000100010,21.829983681667134,9.765625e-05
11101110010101010110,44.77968880291204,9.765625e-05
01100111101011110011,22.98127855813823,9.765625e-05
00000010100011010101,46.0863562172332,9.765625e-05
10110011000100100000,24.415862868181264,9.765625e-05
10111011110111000001,33.81815382330214,9.765625e-05
10001001111001010101,33.29674586961478,9.765625e-05
10000000100001010000,32.847907177630404,9.765625e-05
10010101010001100100,14.90079819834796,9.765625e-05
10000101010100010011,20.816560826283244,9.765625e-05
10101101010110110111,27.474752995165268,9.765625e-05
00011111101110100101,17.491054337622117,9.765625e-05
11010111001010101000,34.8539913146956,9.765625e-05
11000101010001011100,8.910636540856004,9.765625e-05
00001110100111100010,22.410109262191572,9.765625e-05
01111101011101011011,12.038808954577233,9.765625e-05
01110100011100111001,13.391020530799459,9.765625e-05
10101111000001011010,39.08666881260091,9.765625e-05
00010111110101100101,15.469196240129715,9.765625e-05
00100010001001010100,41.311978152638765,9.765625e-05
10010001100000100001,18.06988600416726,9.765625e-05
11111001100000011101,22.201348826458037,9.765625e-05
11001100000101110110,12.971132686576079,9.765625e-05
10111100111100011001,14.206965880047209,9.765625e-05
01100010111111111110,43.9291108725688,9.765625e-05
10001100111011001010,26.246084338531702,0.0001953125
10111100010001001011,21.263949424005986,9.765625e-05
10011100001010011011,17.759156474659548,9.765625e-05
01010101111000101101,43.524373567173384,9.765625e-05
00100110010001100000,27.135470939981282,9.765625e-05
00011111011101000100,12.371796879263538,9.765625e-05
11101101001011000001,22.28791375262749,9.765625e-05
01110101001100000010,26.17250814454988,9.765625e-05
11000010110110011101,31.05040220963016,9.765625e-05
00000000100100010100,44.95423626784598,9.765625e-05
01100001100000110010,20.519862124741515,9.765625e-05
00110000101100000101,22.27549593020835,9.765625e-05
10100011011111000100,37.00513848272912,9.765625e-05
10101000010011010110,56.40258752489127,9.765625e-05
11000011000010000100,12.55443695343825,9.765625e-05
10100011001100010010,33.61053624704338,9.765625e-05
01100010011001010000,26.666970963330115,9.765625e-05
11111101001100011000,27.015143698608597,9.765625e-05
00111100100111100001,11.377437130764692,9.765625e-05
11010101010000100101,18.13673351514116,9.765625e-05
00001111000101001000,14.558207184478428,9.765625e-05
01100110111010101101,24.677132468255312,9.765625e-05
10001001100011110010,24.334551151262556,9.765625e-05
11001100111101000111,18.341428059149244,9.765625e-05
00111100111100111011,14.045432695477153,9.765625e-05
10111011100000111010,32.28791375262749,9.765625e-05
00101010110011111111,60.2534036956163,9.765625e-05
10001111110110111100,20.566638062218388,9.765625e-05
10000111101011101110,24.262015595056777,9.765625e-05
10000000001100111110,48.33837437274664,9.765625e-05
00111010100110000010,23.109601291194586,9.765625e-05
00110101001100011011,18.94786832766798,9.765625e-05
01001011110111000011,23.0690818058356,9.765625e-05
10111011011111001001,33.81815382330214,9.765625e-05
10111111100001101110,31.000649182532698,9.765625e-05
11010000101110111110,33.19654339932309,9.765625e-05
11011011110111000011,19.597738739782706,9.765625e-05
10111001000001100011,23.806664062446387,9.765625e-05
10111011111111010111,34.54240243530697,9.765625e-05
11010000001101000000,15.001197825110518,9.765625e-05
01111110110111000011,13.949921257894072,9.765625e-05
10101001001000000010,24.716569676573677,9.765625e-05
11110111011000001101,24.813793925237412,9.765625e-05
10001110001100000010,28.52682522831997,9.765625e-05
10000010000000100001,32.372211521622496,0.0001953125
10101010011000010011,64.89222281280391,9.765625e-05
10011100101111000000,13.581978731793985,9.765625e-05
11011001001001101100,16.82053136356098,9.765625e-05
00011011000000100010,19.698065290537695,9.765625e-05
01101001110101010110,19.77257653289369,9.765625e-05
10000011001110001011,28.84587309178756,9.765625e-05
01100010001000010110,23.091807197363018,9.765625e-05
00101111000101000010,24.35284065225995,9.765625e-05
11110111010010110001,26.584557477284015,9.765625e-05
11000100100011111010,23.98924554103788,9.765625e-05
11110001111000100110,11.553116615083244,9.765625e-05
11010111011000111011,23.85360082800159,9.765625e-05
01001010111110111100,33.974590284420515,9.765625e-05
11101110011110110100,31.12797336918574,9.765625e-05
10101110100010001011,33.62391726686245,9.765625e-05
10000111101111111110,25.177970818794137,9.765625e-05
01111011010110100111,19.95375623898361,9.765625e-05
00010110001111101001,21.264832129230115,9.765625e-05
10001011001001010000,31.79082961837134,9.765625e-05
00001001110110010110,35.04477464845577,9.765625e-05
10001001111011000100,26.12653123032767,9.765625e-05
01101101100000111010,21.735300510953458,9.765625e-05
10110111010101111010,21.24674247268029,9.765625e-05
11010111110100101000,17.202318450955183,9.765625e-05
11111101110000010111,18.287913752627496,9.765625e-05
00001001011101011011,39.868174274931924,9.765625e-05
01011000000000011011,19.02759684236814,9.765625e-05
01101110111110000010,16.644222461017918,9.765625e-05
00111011111010100010,15.971001505143139,9.765625e-05
11000001011011100000,19.29471687172173,9.765625e-05
10000001101001111001,34.0660955795049,9.765625e-05
00111101100011100010,17.886116593642264,9.765625e-05
10000000101111010000,48.11662998841651,9.765625e-05
11110000011101011101,20.31746028608413,9.765625e-05
01111010110000001110,20.67726196835404,9.765625e-05
10101110001110000111,42.3301959384122,9.765625e-05
01111110001110100111,17.54935396478384,9.765625e-05
10001011110011101100,26.542339034496525,9.765625e-05
10001100100010101111,24.625873385048163,9.765625e-05
11010100111011000000,19.311978152638765,9.765625e-05
01001101011010100110,18.42838619287507,9.765625e-05
00001001010111010101,37.379563675528836,9.765625e-05
10100011100011001111,28.769986348687475,9.765625e-05
00000111100011101010,26.020523708731893,9.765625e-05
11000111001101011011,17.325794536877943,9.765625e-05
10001111011111011010,22.159890848281268,9.765625e-05
00101011011111100110,33.55670862157266,9.765625e-05
01001111001100001100,16.879946239249122,0.0001953125
10110101010001011011,16.014915617598426,9.765625e-05
10101001011001000110,30.654944036031104,9.765625e-05
11001101001100000011,18.06933206690924,9.765625e-05
01001101000010010010,17.735300510953458,9.765625e-05
01101110000000000011,28.253757832281593,9.765625e-05
00011101011110100010,17.378510554566095,9.765625e-05
10011101111001110110,17.001502448251493,9.765625e-05
10011111010101001011,20.87854531034165,9.765625e-05
11010010000110001101,15.64369038252445,9.765625e-05
11100100100001110010,12.214455544107032,9.765625e-05
00011100001010010001,13.455953672025263,9.765625e-05
01111111101010000110,29.93413292621554,9.765625e-05
00111010101011000001,25.18726283610297,9.765625e-05
11010000001010111011,27.72776649760651,9.765625e-05
01000000101101000000,34.93571594333987,9.765625e-05
01110001101010001100,27.050964167782766,9.765625e-05
01110001101000110010,25.902488106193548,9.765625e-05
11010000110010110101,18.913071229492125,9.765625e-05
01000101001010110010,38.81745674911514,9.765625e-05
10111011100000011011,35.90906945136199,9.765625e-05
01111010111110001110,17.493934701919876,9.765625e-05
00100111011011100010,20.234363052222182,9.765625e-05
01001111101110001110,19.719241517439055,9.765625e-05
01010011000001100000,18.96362166400105,9.765625e-05
01010010110000101100,18.81494908239502,9.765625e-05
00011011111010110001,21.093043337307368,9.765625e-05
00011000101110100100,29.77013280551449,9.765625e-05
00111011011010000111,19.58049067647344,9.765625e-05
01100101111001111000,22.94259836923866,9.765625e-05
01111110101011101010,21.386202794732213,9.765625e-05
00011111100010001101,20.684836048804392,9.765625e-05
00000011111011011100,35.64822777071886,0.0001953125
11011100101100101101,13.095645622896164,9.765625e-05
11101001101011000010,16.88702844410446,9.765625e-05
11001011100100101101,21.898703715984485,9.765625e-05
01010001000100111010,31.38258965305949,9.765625e-05
01101011100010000010,21.018086310073237,9.765625e-05
00010100111110100011,40.38437619869106,9.765625e-05
00110111000111001000,14.81232795201332,9.765625e-05
00010001011100001010,28.40349313376011,9.765625e-05
00100001011101000111,33.67198963199747,9.765625e-05
10110001011101111111,26.54903865939358,9.765625e-05
11010011110111100100,11.587126900560058,9.765625e-05
01000101010100111110,26.752890249377497,9.765625e-05
10011101111100010101,14.143243047118615,9.765625e-05
00100110100011001010,22.97452097370236,0.0001953125
11100111010000110000,24.262204637651863,9.765625e-05
00011011100011000100,16.92206135536215,9.765625e-05
11111010001000111000,31.80910934620458,9.765625e-05
00011111100010011101,20.112238447173603,9.765625e-05
00111011010110010110,26.366150680436302,9.765625e-05
11011110110010001101,15.63812757139942,9.765625e-05
00001001011111100110,33.38586521135491,9.765625e-05
10010010101011101000,26.623554058978065,9.765625e-05
10001111110111000100,21.151418124136658,9.765625e-05
00000110100011010100,26.008363417668065,9.765625e-05
01001110000010000000,14.380993113220324,9.765625e-05
11010111001011101001,28.029489130019783,9.765625e-05
10001110010101011100,42.7140878415007,9.765625e-05
11101001000100101101,27.293833432076536,9.765625e-05
10001100000101001000,20.006269669725654,9.765625e-05
01000101011011111110,37.01310150474397,9.765625e-05
10111101011011100011,15.556763685585064,9.765625e-05
01011010111111110110,26.55864954654914,9.765625e-05
00100010111011011110,52.94498685794141,9.765625e-05
11001100101011110011,15.634060145384272,9.765625e-05
00100101010001111100,22.5371171640652,9.765625e-05
01111100001100011111,11.025393064367941,9.765625e-05
10111100000100100110,20.34623619630674,9.765625e-05
10100010111000010100,46.70556286133324,9.765625e-05
11001000110111110110,33.71462336443777,9.765625e-05
11001011011011111101,21.45080114973046,9.765625e-05
10111010011001011101,55.24285940359276,9.765625e-05
00011001011010101000,21.117249720604057,9.765625e-05
10111110111001101101,28.720757172458498,9.765625e-05
11111100010100110001,12.823160809104522,9.765625e-05
01110111001000111000,32.33560154056657,9.765625e-05
00011001111001100011,23.86111687262574,9.765625e-05
10001011001010101001,25.02539306436794,9.765625e-05
01100110100010011010,17.99075310381773,9.765625e-05
01001111110010000100,13.711838772652243,9.765625e-05
10110010001100001001,27.104700695115795,0.0001953125
00100101000101001101,17.83369687309343,9.765625e-05
10010011011100010001,21.273681180899846,9.765625e-05
10011100000111010010,15.157096483331586,9.765625e-05
11101110111101010010,29.303266829102395,9.765625e-05
11101001000010010010,23.788970312635655,9.765625e-05
11110111110101001110,16.4498517188555,9.765625e-05
11100000010111010001,36.12474032622501,9.765625e-05
10110000010110000011,24.60342126700249,9.765625e-05
11100110100101010000,19.5036262667551,9.765625e-05
00011001011010000001,16.055071895073038,9.765625e-05
11011100111111101010,14.284062756780447,9.765625e-05
10100100011011011010,30.57021280193008,9.765625e-05
00110000101100010101,26.470269653091304,9.765625e-05
00000000100111010110,60.73361871698365,9.765625e-05
11110101111001111111,16.49970371909868,9.765625e-05
00100011010000100010,24.362456861083913,9.765625e-05
00011001000000010000,16.778933121892358,9.765625e-05
00001111000001100010,15.74478271955856,9.765625e-05
00000011010011010100,25.465197808476162,9.765625e-05
01011011101000011000,23.202318450955183,9.765625e-05
01011001111000100110,20.56853444160751,9.765625e-05
11000101110001000000,11.08625407227494,0.0001953125
00001101011011100010,17.867965544359482,9.765625e-05
11010111011001011100,15.647862859864087,9.765625e-05
00101110110110010011,31.91772844258812,9.765625e-05
11110101011101111011,14.77257236486884,9.765625e-05
00011100100000100111,19.920670934449557,9.765625e-05
01000110000011110010,20.016842383406022,9.765625e-05
00101111001111101000,18.556889643273166,9.765625e-05
01101101011100000010,12.74507212781067,9.765625e-05
01110100001011010011,17.521287416044338,9.765625e-05
10101101111011101010,17.68756837372726,9.765625e-05
01111011101110100110,18.277426532693827,9.765625e-05
01010100101110001000,38.083041533395495,9.765625e-05
01111011100111000001,22.79348635315468,9.765625e-05
00000000100111110111,71.18204806169892,9.765625e-05
01000001110100101001,35.195971547993466,9.765625e-05
11100100101001100011,16.442431490469048,9.765625e-05
10101111101111001111,25.94992125789408,9.765625e-05
10010011100001010010,20.57689720114189,9.765625e-05
00110111111011101001,18.953569699271007,9.765625e-05
10010101011111001101,19.73632875267,9.765625e-05
11000100000000101101,15.252440927530373,9.765625e-05
00011100011001010111,18.145677735754735,9.765625e-05
01011100011011100001,13.10279528782341,9.765625e-05
10111010100000000011,38.84134194518649,0.0001953125
00100010101101000000,36.403493133760115,9.765625e-05
11101100111111111110,18.4959974165596,9.765625e-05
00000101010001110001,22.562195842967817,9.765625e-05
11101100110001111110,16.42834714362017,9.765625e-05
11110000011100011100,13.43240751733352,9.765625e-05
00110001101000111010,29.170516541565725,9.765625e-05
01101111000001110000,26.811636472125798,9.765625e-05
10110100011000101011,15.88518153442827,9.765625e-05
00110110001111011000,16.012673437637194,9.765625e-05
00110010000100111100,29.86828065340605,9.765625e-05
01101111101010001100,22.139174445370625,9.765625e-05
00111101001100000110,13.149626278472876,9.765625e-05
11110011110110001111,14.632713877005452,9.765625e-05
00110010011110010101,32.13306469463817,9.765625e-05
00100000000011000011,36.74069373868451,9.765625e-05
10101011101001000010,34.11223844717361,9.765625e-05
01011011000101010110,19.53587061450265,9.765625e-05
11000000011101001101,35.044074031448496,9.765625e-05
01000101010101000100,13.575709062068329,9.765625e-05
00101001011001101110,26.85528057003909,9.765625e-05
01100110110110010101,19.37926157694997,9.765625e-05
11101111111111011010,20.223760262582445,9.765625e-05
00100010111000001010,35.18607469702941,9.765625e-05
11010000110100010111,18.246084338531702,9.765625e-05
01101110101010010010,15.90349772644909,9.765625e-05
10110111100001011000,20.73442227886126,9.765625e-05
01011110101111011110,18.423194621325365,9.765625e-05
10110010100000001100,24.298494813197387,9.765625e-05
00100011000101000000,23.104700695115795,9.765625e-05
00110010010100100000,23.35965625454088,9.765625e-05
11110110010100011001,16.578931297824553,9.765625e-05
01001101101110010000,20.036961750633772,9.765625e-05
10011111110010111000,18.95675994932359,9.765625e-05
11001000101110110111,30.676394587191822,9.765625e-05
10011101101010011110,26.793666553306913,9.765625e-05
11011011000100000000,29.001975675353854,9.765625e-05
11000000000000110010,18.50703682148171,9.765625e-05
00110101010101001000,11.766920353762238,9.765625e-05
00011101001000000111,19.918817870307212,9.765625e-05
00101111010010100010,23.06677588287714,9.765625e-05
11011110110100111001,11.664798317009273,9.765625e-05
01101001101010011111,22.4936905736762,9.765625e-05
00110110101110101011,20.661643660928156,9.765625e-05
01100010010000100000,23.08625407227494,9.765625e-05
11000001001100001011,24.471294341600853,9.765625e-05
10110001101100001111,18.050895973289798,9.765625e-05
11100111010011000000,22.88524357445509,9.765625e-05
01001110010001101111,21.514848054161327,9.765625e-05
00000101101111101000,42.95325966733442,9.765625e-05
00101001000000100100,21.706185303543332,9.765625e-05
01011001000110100100,17.184097231577958,9.765625e-05
00001110010001110010,27.04266675218429,9.765625e-05
11101010100010011111,38.4655547747672,9.765625e-05
10100110001100001000,27.402012876411902,9.765625e-05
00001011011111101110,31.49744832152968,9.765625e-05
10100100011100111101,34.3446440424723,9.765625e-05
01110101001001000110,25.124821091031876,9.765625e-05
01010111000111011100,17.62834626850525,9.765625e-05
11111100000011010011,18.915649974982152,9.765625e-05
10001111111010110110,22.04169015167273,9.765625e-05
11111001000001110110,22.075878748827506,9.765625e-05
11100011100010011100,16.508174162534736,9.765625e-05
11001000101010111000,20.746614338058496,9.765625e-05
11000010001100101001,25.17090183154656,9.765625e-05
11001100001100011011,14.12948893707798,9.765625e-05
10100000000010001000,29.828397562285986,9.765625e-05
00001111110100100010,18.50643582491402,9.765625e-05
00001010101100100001,39.31199680113143,9.765625e-05
10111010011011010001,48.86503281482239,9.765625e-05
00001011111010100010,24.2316751965993,9.765625e-05
01011011000000010010,23.13148155791064,9.765625e-05
01000100111011101000,43.13670156191353,9.765625e-05
10001010011010110011,48.37380109628707,9.765625e-05
11111001011011000110,15.48116446267247,9.765625e-05
11000100011011111001,22.872985856533024,9.765625e-05
00101001100110111111,36.02147116400538,9.765625e-05
10101001011011001110,31.12144969967558,9.765625e-05
00010111110011001001,17.00221816009134,9.765625e-05
11110111110101011101,12.81456660040375,9.765625e-05
01100110111001011100,18.43295625787836,9.765625e-05
10011001010000000101,18.572393469145503,9.765625e-05
00000001110010101010,46.19930215946148,9.765625e-05
00001011100100100101,27.97014712360881,9.765625e-05
00001010101001110100,43.95700399044007,9.765625e-05
10101001010000100010,28.391993686867412,0.0001953125
11111011010110011100,32.63536610123849,9.765625e-05
00100110110111000001,28.583343451912118,9.765625e-05
00000000001110101100,54.689544685535154,9.765625e-05
01011001111001100010,21.574093808288932,9.765625e-05
11011100101011101000,19.111686909479033,9.765625e-05
10100110011011011000,32.92246007009081,9.765625e-05
00000011000111011000,24.447040604727235,9.765625e-05
00000010001000011010,36.22352030236362,9.765625e-05
11110110010100111011,16.807779321812617,9.765625e-05
01100010001100110100,28.580433724396414,9.765625e-05
00000001100111100010,42.656188082711175,9.765625e-05
01111000110111100111,20.435206480370365,9.765625e-05
01111011100100011100,24.12579071552902,9.765625e-05
01001001110111100011,28.70947084214297,9.765625e-05
00100101110101010011,20.006124252836447,9.765625e-05
11101110010100010101,46.64612599108551,9.765625e-05
01110101101001110011,29.83379304908941,9.765625e-05
00110011010111001100,17.36333918450393,9.765625e-05
00110010101110000011,22.109060593180516,9.765625e-05
01111010110111100101,26.45815933809008,9.765625e-05
11010110001110000110,21.204094368988667,9.765625e-05
01010011010000001011,16.82210852048642,9.765625e-05
11010010010010100100,13.187809688583192,9.765625e-05
00010001101001100110,38.72299449254132,9.765625e-05
01111001111101011111,16.325820259308585,9.765625e-05
11001000100110101011,26.02662368630019,9.765625e-05
01000000110101111100,48.57604376116869,9.765625e-05
01110010000110101101,20.959380992168445,9.765625e-05
11001110100111101100,17.027596842368137,9.765625e-05
10000110011001011100,31.029794378774994,9.765625e-05
00001100100110101001,26.992467765954288,9.765625e-05
10000110111111110001,36.393825523347225,9.765625e-05
01101011010001011110,27.83942133384505,9.765625e-05
11111111111001000011,29.502646308927133,9.765625e-05
11000010110111011110,35.875619382564565,9.765625e-05
10010001001100100000,17.828455336320932,9.765625e-05
11110000101011111100,21.465197808476166,9.765625e-05
11000101010010001000,17.74913250152402,9.765625e-05
11011100101100010001,9.021004880441444,9.765625e-05
10001111010001110101,27.537687350252448,9.765625e-05
10001111110011111001,18.82591706636043,9.765625e-05
11100010001010011000,24.90079819834796,9.765625e-05
00100010100001000001,35.287730657358495,9.765625e-05
00110010111110011000,26.864894068840513,0.0001953125
10011110111000110101,23.136044570612132,9.765625e-05
01000111011011101010,25.529205881632006,9.765625e-05
01001010110000101110,26.825638067726526,9.765625e-05
11000111110110100100,13.471294341600855,9.765625e-05
01010000101011110000,40.43900220012257,9.765625e-05
10100111011010101001,25.423265612968073,0.0001953125
00010011000101100100,16.442286590021027,9.765625e-05
11010100100110010001,12.931930829549557,9.765625e-05
10000011000001100100,20.74968124206886,9.765625e-05
01110100001100010100,10.55063934562142,9.765625e-05
01001100011000000010,11.837239637941302,9.765625e-05
11101010001110011100,41.93261353248524,9.765625e-05
00100100100111010110,30.707485273612107,9.765625e-05
01000000100110010110,39.2024302819504,9.765625e-05
11111111100001111011,33.729763705729965,9.765625e-05
10010000100010101001,26.403493133760115,9.765625e-05
00101100001110010111,23.1695718071546,9.765625e-05
11111101110111000011,15.304024387346885,9.765625e-05
01001010011111110110,36.56660267538698,9.765625e-05
10110000001101001011,24.982191866602747,9.765625e-05
00100010010010100101,45.32034781190018,9.765625e-05
10001010101101011100,52.85136655477607,9.765625e-05
10101011101000100110,32.32896522935275,9.765625e-05
10001011111111100100,32.43541239215688,9.765625e-05
10001100000000110000,16.437323023194107,9.765625e-05
10001100000101110100,24.005889603489667,9.765625e-05
01110111001010010011,28.250415891270443,9.765625e-05
00010100010001101001,23.02495968638912,9.765625e-05
01000100110101100101,30.15110373867134,9.765625e-05
11111101100110010110,21.648475616037224,9.765625e-05
00010101101110001101,39.83089282210679,9.765625e-05
10010000110000000010,20.080224999222157,9.765625e-05
10000100010001011101,29.79424809067349,9.765625e-05
00010011010100000100,12.608573789297292,9.765625e-05
11010011001100011110,18.661963134343274,9.765625e-05
01011111111011000011,20.412845940233513,9.765625e-05
11010010100011101001,18.1139662772091,9.765625e-05
01001101100110100111,23.243036170141206,0.0001953125
01100110100111000011,19.56036403896401,9.765625e-05
01101101000000110010,18.875512040893128,9.765625e-05
01111101100110000110,22.172434442884636,9.765625e-05
11011111001100000000,33.58870123869957,9.765625e-05
10001001000001100100,20.0484380867417,9.765625e-05
11110111011000000011,29.396738837084932,9.765625e-05
10010010010100000100,26.814955323988368,9.765625e-05
01011111000010100100,29.102070700655055,9.765625e-05
11000001010101010111,23.048471177830695,9.765625e-05
00110100111010001001,21.38954559511966,9.765625e-05
11111011100101111010,29.336471849731204,9.765625e-05
01110111001100001001,25.001618807029843,9.765625e-05
11001101111110100010,16.61525113620731,9.765625e-05
11101110100110111111,26.76692587177434,9.765625e-05
01000010010110001001,27.27459376578311,9.765625e-05
00010000100100011011,38.33951368940115,9.765625e-05
11110001000010101100,20.147706401552497,9.765625e-05
01010000110110111101,39.13347933699713,9.765625e-05
01111101011001111101,15.467468410094224,9.765625e-05
11010001001110110000,22.918820580329758,9.765625e-05
11101100011101100110,18.70774551498996,9.765625e-05
10000100000101011010,24.32925184045511,9.765625e-05
01111010110010100110,18.047536216583715,9.765625e-05
10000001101011101101,37.875619382564565,9.765625e-05
10011001000000111100,20.385660001513457,9.765625e-05
11011010101100100000,19.008459299396783,9.765625e-05
01001110100000110010,16.963555161682116,9.765625e-05
10011110011100111011,20.683607326186234,9.765625e-05
10011111101011100000,21.116060945076455,9.765625e-05
11001001111100110010,18.144874897501822,9.765625e-05
00001100011111000000,22.854176847356058,9.765625e-05
01101111101000010011,22.110065800852766,9.765625e-05
11100001101001101000,15.86828065340605,9.765625e-05
11110010110111001010,18.586005399600477,9.765625e-05
10111110100110101101,27.041684720787828,9.765625e-05
11011111001100101000,29.77274964785847,9.765625e-05
11000011011101000100,17.163915617183328,0.0001953125
10110101110111101000,15.003281887015971,9.765625e-05
11010001110001011100,12.13942128363684,9.765625e-05
01001111111011011110,14.423194621325361,0.0001953125
11110000000100010110,14.424583154173337,9.765625e-05
00011001101010000111,25.84401098890213,9.765625e-05
11001101101110111010,19.897408267715488,9.765625e-05
11100100110101001000,12.772001884414333,9.765625e-05
11010001010000011001,12.623371236340143,9.765625e-05
00110111010111000101,12.001248535594193,9.765625e-05
00010110001100000001,13.027596842368142,9.765625e-05
01110101001111000110,23.845870381765025,9.765625e-05
11000110011010001110,19.536400619427624,9.765625e-05
00100101011000000100,16.409531892849856,9.765625e-05
00101111110100010110,25.610536247043378,9.765625e-05
01110001110000101110,20.087381640163812,9.765625e-05
11110111001000011111,30.180036944991812,9.765625e-05
00101000011000000111,38.74123714672113,9.765625e-05
00111010010101010101,51.503455948940065,9.765625e-05
01010111000110001001,24.695193779479155,9.765625e-05
10110100100110101101,17.577802810010745,9.765625e-05
01101010100011000100,29.942537885181174,9.765625e-05
00011110001101011001,15.565661461706839,9.765625e-05
10100110010100110111,44.94078435435122,9.765625e-05
00100010010001001010,40.85748163801675,9.765625e-05
01100101100100000001,18.195357126677962,9.765625e-05
01101010100010010110,26.972575657778776,9.765625e-05
11011001010111000001,14.624748439644975,9.765625e-05
01000101111010100100,38.99942284863816,9.765625e-05
01101111010100001111,26.196334755877846,9.765625e-05
10001111000101001000,22.512449693917752,9.765625e-05
11111110011100110010,25.121725145102488,9.765625e-05
11010111110111001001,12.729522836426025,9.765625e-05
11111110110000000100,32.371406991195556,9.765625e-05
01000001101010101100,43.26655536117845,9.765625e-05
11011010001110010100,23.140201843902716,9.765625e-05
10010011110111101000,16.251238748891126,9.765625e-05
11100010111011010011,34.768615594116056,9.765625e-05
11101100011101111001,20.61525113620731,9.765625e-05
10101001101101110010,27.362157679667654,9.765625e-05
10000111110111100111,24.11297645908978,9.765625e-05
00001001000111001000,24.292808743566983,9.765625e-05
10011101111101100010,13.001502448251498,9.765625e-05
00111101001010101011,22.042622490024367,9.765625e-05
10000010110111110100,56.840654665799846,9.765625e-05
10000101110001100011,21.45210276330542,9.765625e-05
00001000001100000001,33.21038341078823,9.765625e-05
00111011100010010001,24.04634192304401,9.765625e-05
00000011100111010101,32.44504555729948,9.765625e-05
11000001010001110101,16.363593380588675,9.765625e-05
00010000111001101111,55.61961249227434,9.765625e-05
10100000001001001100,36.06201626303163,9.765625e-05
00101111100100011111,25.253333416758476,9.765625e-05
10111110001110000011,28.746003742581063,9.765625e-05
11101110001000011111,33.835746250112535,9.765625e-05
01110001110010001100,17.952430088349246,9.765625e-05
01001100101001101010,24.900946543239588,9.765625e-05
10111100101111011001,15.314418359286982,9.765625e-05
10001110010010100001,28.170618664887797,9.765625e-05
01000010110111110100,39.88641215636052,9.765625e-05
10001110111000001110,30.422077473894515,9.765625e-05
00011010001101101101,32.228330240458526,9.765625e-05
00100001001010101000,28.736506242799695,9.765625e-05
01011111010010001101,19.593321067683043,9.765625e-05
11000101110011110011,21.98049610980774,9.765625e-05
11011101000100100000,23.729095591277165,9.765625e-05
10110100100110110011,15.342920810523971,9.765625e-05
00011010010100010111,36.61894494471987,9.765625e-05
11011001010011101011,16.377334076721308,9.765625e-05
00010101011000000010,27.575455982208762,9.765625e-05
10101110011101000110,51.7614215582655,9.765625e-05
00010111010101101000,13.606707507547188,9.765625e-05
11010000111110001101,24.321253420769025,9.765625e-05
11000011010011010110,17.066352190935277,9.765625e-05
10101000111001011010,45.26525374760349,9.765625e-05
01000011000000011100,12.545012518868093,9.765625e-05
11110111110110111001,16.99457680507295,9.765625e-05
10110100111001001111,18.188168444971822,9.765625e-05
10001110100101111011,29.741940484590764,9.765625e-05
00101000010101101010,47.35868934006628,9.765625e-05
10111111011101001011,28.212509406225536,9.765625e-05
10010000110011101101,36.24923372115915,9.765625e-05
11101000111001100010,21.61520584535906,9.765625e-05
11010000011111001100,22.393663742867957,9.765625e-05
10110111001000000000,30.363582628035374,9.765625e-05
11000101111110111110,30.49600710259655,9.765625e-05
00101001100010000000,19.09246596796565,9.765625e-05
00001100100111100010,24.714623364437774,9.765625e-05
11110110110101011101,13.644621910167638,9.765625e-05
00011100000100000100,11.874566250762012,9.765625e-05
10001110111111101001,30.04070803314907,9.765625e-05
11001111000110101100,18.25280684543729,9.765625e-05
11010011000000011100,15.462921972316899,9.765625e-05
10101100100000000001,23.30076187240482,9.765625e-05
00110100011001011010,18.31156622030235,9.765625e-05
10010101100111101001,21.795750615212373,9.765625e-05
01110110000001100010,22.86236097395701,9.765625e-05
11010010110101001100,15.503452210229195,9.765625e-05
10010011001010111001,22.444284641738587,9.765625e-05
00110001100011110110,26.983071861804333,9.765625e-05
01101110000010100100,25.201659680352545,9.765625e-05
11110100110100010001,2.7249943127202965,9.765625e-05
01000000110001011001,38.99836807332942,9.765625e-05
00010010001001001011,28.251238748891126,9.765625e-05
10011101110011110001,13.426364590218917,9.765625e-05
10100010001010010000,40.06988600416726,9.765625e-05
11100100010111110110,21.45210276330542,9.765625e-05
01000110110111101010,28.940539306182608,9.765625e-05
10010000000011001001,24.217082828545227,9.765625e-05
10100001111010111001,34.57497305822964,9.765625e-05
00001111010011001110,15.91176690589462,9.765625e-05
10101010101110100001,48.297581493893055,9.765625e-05
01001010000100110110,28.81688489778552,9.765625e-05
00000011110101010010,33.37085307557371,9.765625e-05
01010111100100101100,29.685250691163354,9.765625e-05
00111111100111010100,18.04634192304401,9.765625e-05
00110001100010111010,30.693079652410688,9.765625e-05
01110010010000010101,17.104700695115795,9.765625e-05
00110010111011110111,39.64232955854841,9.765625e-05
01011101000110010001,19.82226144182902,9.765625e-05
11110000011100010100,12.231104068850932,9.765625e-05
11011101001110000111,22.665782187802506,9.765625e-05
01101011100001111110,23.710521231446975,9.765625e-05
00011011010111101001,18.46597401521331,9.765625e-05
00010100110110111001,34.96169054507438,9.765625e-05
01000100010101001001,22.110973074863992,9.765625e-05
00111001000110000001,16.820251924773274,9.765625e-05
00011001101011000100,22.194259470924226,9.765625e-05
01011110000111101101,15.423265612968073,9.765625e-05
11001111100110011100,15.484469340870014,9.765625e-05
11110011011101101100,16.363908500475063,9.765625e-05
11111110111001100010,22.764838365425277,9.765625e-05
11000110010111000110,21.0504050067799,9.765625e-05
01011011110001101111,19.318930661095138,9.765625e-05
11111101000000110010,32.92424147366039,9.765625e-05
11010101000010001101,29.667992941817126,9.765625e-05
00001010111011011010,47.69066183296601,0.00029296875
11111111000100110110,41.43477679783004,9.765625e-05
11000100111010111110,30.95350026400729,9.765625e-05
00111101100111000010,12.002376278147125,9.765625e-05
00011101101000100000,26.269458825464614,9.765625e-05
00011000110111010001,34.82326117476155,9.765625e-05
00001100100010111010,28.121260548317107,9.765625e-05
10000101101000101000,25.67236063785418,9.765625e-05
10111111000100111110,36.80318966675554,9.765625e-05
01101000010101001110,34.138223458526326,9.765625e-05
11111111110101011001,27.80906156331367,9.765625e-05
00111010000101010011,40.3737149877225,9.765625e-05
00100100010001111111,37.37085307557371,9.765625e-05
00011010000110011000,23.825333455425366,9.765625e-05
11011001000100100101,15.533281252254355,9.765625e-05
01011100000100110001,9.474100171888725,9.765625e-05
10000011100000010010,22.740341223889235,9.765625e-05
11011001101010100010,23.63821815309592,9.765625e-05
11011011110010101000,15.461614117148585,9.765625e-05
11110010001110011100,21.14384133366376,9.765625e-05
10010111110000111000,17.14020184390271,9.765625e-05
00111000110011000010,20.65666218002964,9.765625e-05
11110001101110111110,22.020523708731897,9.765625e-05
01110100100100010101,9.480692133815424,9.765625e-05
10000000000001011000,33.3364662445919,9.765625e-05
00100111000100000010,18.234524407581514,9.765625e-05
00110000100110100111,30.936363384399364,9.765625e-05
10001110100110011000,23.860728753019163,9.765625e-05
11000011101101000000,16.181228430541957,9.765625e-05
01011100110111110000,13.119157114337739,9.765625e-05
01010100101000100101,35.12458040723181,9.765625e-05
01110111101010011001,28.804476212076494,9.765625e-05
00111000100110100011,20.177023363520647,9.765625e-05
10001011110111000100,34.1798628013387,9.765625e-05
10110011001000101000,22.12579071552902,9.765625e-05
01101011011011111111,25.282921149325894,9.765625e-05
00101111100011100010,18.368058074169976,9.765625e-05
10100001010101001110,31.826720344767153,9.765625e-05
11111011010010101111,28.862248233876677,9.765625e-05
00110110111010101011,21.815275249101973,9.765625e-05
11010000000101100000,13.273054999978887,9.765625e-05
00001100010110110100,27.347772164961214,9.765625e-05
11001000111111011100,35.738761553241496,9.765625e-05
10100010111101100000,49.35868934006628,9.765625e-05
11011000110001101100,14.486508759221087,9.765625e-05
10010100001100011100,19.164632161820904,9.765625e-05
10100000111110011001,51.496903759849516,9.765625e-05
00011110000010101110,20.516139981699332,9.765625e-05
11010100101011001001,25.785135331546115,9.765625e-05
00111111010100010111,23.711529992326223,9.765625e-05
01100011100010111101,22.608152170923923,9.765625e-05
00010101100100001011,31.520819353179164,9.765625e-05
10010000111111110000,40.70797809076824,9.765625e-05
10000110111111100001,33.32604304028653,9.765625e-05
10001100101010110111,26.436817070615035,9.765625e-05
01110010001100101101,20.48628782888939,9.765625e-05
10010001010100001010,17.138223458526326,9.765625e-05
11111100000100110110,16.4873436490783,9.765625e-05
00001110000111010011,24.427068651669803,9.765625e-05
01110100011010010101,12.424171221836923,9.765625e-05
00111001100010111110,23.82018093313056,9.765625e-05
10010100010001111100,20.155783110151173,9.765625e-05
01111100111111100011,9.200836757240847,9.765625e-05
01011111001011001010,28.70494946870606,9.765625e-05
11010001111100100000,17.022275362337044,9.765625e-05
00010011000000111100,20.424583154173337,9.765625e-05
00111010010000000011,31.932856926307846,9.765625e-05
00000010110011010000,43.691638433477564,9.765625e-05
11110100110100000000,4.545012518868093,9.765625e-05
01011101000101111110,21.34622026867643,9.765625e-05
11111100101011111110,15.198113383933872,9.765625e-05
01101011110111100011,27.282921149325887,9.765625e-05
11110000111001101001,14.23529156473575,9.765625e-05
11001101111111001110,15.772576532893689,9.765625e-05
11100011110111101100,20.050895973289794,9.765625e-05
11011110110000101001,15.409248726191098,9.765625e-05
11011001111111101111,19.53369872423906,9.765625e-05
00111111100110000001,19.11318943401791,9.765625e-05
01001111001011111110,14.938522067895006,9.765625e-05
01001101111100000011,19.83382210720028,9.765625e-05
11101110001101010100,38.25190468101205,9.765625e-05
01000001100111111100,39.2460843385317,9.765625e-05
10011110111000000010,21.631571203444203,9.765625e-05
10010111000000100001,22.253757832281593,9.765625e-05
10001000110110100010,38.91157775453615,9.765625e-05
00001100001111111000,26.485745253650517,9.765625e-05
00010001101011011111,48.99645559164594,9.765625e-05
01000100110101001000,25.698948719343072,9.765625e-05
00010101100111100000,31.155520344254654,9.765625e-05
01000110111111111000,30.185869618040634,9.765625e-05
00111110110011010000,20.2210022260253,9.765625e-05
00100101100000100101,21.135470939981282,9.765625e-05
11011100010100110001,4.963555161682116,9.765625e-05
11110101101100111110,22.844154947789026,9.765625e-05
11110101101101010100,13.429304372057814,9.765625e-05
01001111010111010100,9.821273081712015,9.765625e-05
11101000011000100110,22.749147705573073,9.765625e-05
00111100010111010010,13.021542155648097,9.765625e-05
00111110010101100110,27.12067556650692,9.765625e-05
11101100101010010010,12.689716156993748,9.765625e-05
10110011111110011101,23.27877157563097,9.765625e-05
01010001011011110000,29.624903760551014,9.765625e-05
01101001010110110110,19.78703648368645,9.765625e-05
01110101111010110111,29.97570398740776,9.765625e-05
10001000111010000011,39.51326838351359,9.765625e-05
00101100010001110010,23.833822107200277,9.765625e-05
10001101101011111100,18.806215578795182,9.765625e-05
10111110001010011000,32.09725193589949,9.765625e-05
00011101111111001011,22.366008697150882,9.765625e-05
00100110111001011011,30.894428391741528,9.765625e-05
00010011101110001011,28.60801371920931,9.765625e-05
00010110000110001001,12.848764062047218,9.765625e-05
01001101111100010101,15.500159913595018,9.765625e-05
11111100111100110111,6.0768226725301915,9.765625e-05
11101111110111001011,26.240051919002333,9.765625e-05
00000100011001111011,45.332069316189575,9.765625e-05
00001101001011100110,18.111320267990862,9.765625e-05
00110111000101110011,16.59791206188755,9.765625e-05
01000001000110110000,26.7528902493775,9.765625e-05
11110110011100001101,16.61524570532241,9.765625e-05
00000011010101110101,37.93867646887611,9.765625e-05
01010111010100111100,17.140201843902716,9.765625e-05
11111001111101100110,10.61945809129324,9.765625e-05
00010011000100001011,17.91176690589462,9.765625e-05
11011110100110101001,14.956759949323597,0.0001953125
11101011110001000010,32.84134194518649,9.765625e-05
01100000011001010100,25.72055905864432,9.765625e-05
00011101011011000000,13.917799423391013,9.765625e-05
01010110111001011101,19.34136684067069,9.765625e-05
01101100000000110010,13.071435500888606,9.765625e-05
10001111000110100000,20.487343649078298,9.765625e-05
01100001100101010110,18.31156622030235,9.765625e-05
00111001001101001000,16.230689426491978,9.765625e-05
00000101111110100000,40.02792529987515,9.765625e-05
11000101001001111100,16.693038725930986,9.765625e-05
11001111111101101100,13.480692133815419,9.765625e-05
11111111011001110001,32.78396800166091,9.765625e-05
00010010001100000000,18.833164060178895,9.765625e-05
11110010100110110011,21.016765237297165,9.765625e-05
01101010101110111110,30.817010240655755,9.765625e-05
11111100001110111011,12.43929546124441,9.765625e-05
10001100100111001111,28.26203152268708,9.765625e-05
11010111010001001101,15.194658272780078,9.765625e-05
10001110111111110101,38.73343237361474,9.765625e-05
00010000100110101000,39.16425655787703,9.765625e-05
10111110111001110111,30.94689172715642,9.765625e-05
11100101111011111100,16.976696515549616,9.765625e-05
00010010100010011101,30.185425612463735,9.765625e-05
11011110110111011010,13.73620714851063,9.765625e-05
10101011101000000111,38.11223844717361,9.765625e-05
11110011000100001100,22.276664277985518,9.765625e-05
10010011011110001001,17.44697938624868,9.765625e-05
11100101101100000010,17.546521197873123,9.765625e-05
11000001010101101110,20.008363417668065,9.765625e-05
00110010001001100100,26.54610999995777,9.765625e-05
11000010110000011100,19.871749716588674,9.765625e-05
00100010110001111110,53.47301248559939,9.765625e-05
00011011000010010010,19.22106624165359,9.765625e-05
11101100111110000011,15.212525246728633,9.765625e-05
11100001011001000100,12.608573789297294,9.765625e-05
10100010100100011110,46.49255823303611,9.765625e-05
01110100001110100100,20.33299718140928,9.765625e-05
00010111111111001001,19.375354956923854,9.765625e-05
00001110110110010100,28.778920638705664,9.765625e-05
00101001000001101001,27.69822248866854,9.765625e-05
10011110001111010101,24.64654178708802,9.765625e-05
00100101001010011000,23.78566711577232,9.765625e-05
01010001101010111000,49.12798127592146,9.765625e-05
10000100110110101001,31.877052471839725,9.765625e-05
10011100110100011111,18.625873385048163,9.765625e-05
10100101111001100100,16.916848436546715,9.765625e-05
01001010000110000000,21.1768731305644,9.765625e-05
01001100100111101101,25.157379649990343,9.765625e-05
00101110011101100010,31.793681757355976,9.765625e-05
10000010000001001110,38.49788939910417,9.765625e-05
00101110110110011011,32.678086910383044,9.765625e-05
10110000010101110011,33.19612178094972,9.765625e-05
10111000111001011010,28.130328103723436,9.765625e-05
01101110100000010110,22.03257187453325,9.765625e-05
10010110110011010111,24.537517766858475,9.765625e-05
01011001011101101111,20.926952178276785,9.765625e-05
10101010011011011100,66.7108691481551,0.0001953125
00111001111101111011,24.0558579949872,9.765625e-05
10101001111101110110,35.42606613238391,9.765625e-05
01011100010100011001,8.341803663093119,9.765625e-05
01100000111111011011,47.85224835091508,9.765625e-05
00010101011100000001,18.62337123634014,9.765625e-05
01100001000000010010,15.233573420737216,9.765625e-05
01101000100110011111,32.57021280193008,9.765625e-05
00111100011000000011,7.997786535962845,9.765625e-05
00110000110101000011,25.60891932807816,9.765625e-05
11110001000111010111,18.330548453207477,9.765625e-05
01110010000001011100,20.44334136532977,9.765625e-05
10110011001011001111,24.22622671894231,9.765625e-05
11001110001001010100,22.64598930783231,9.765625e-05
11111000011001100011,16.84460334431303,9.765625e-05
00010010101110101100,36.1152706008066,9.765625e-05
00111110111110110011,15.262968568342368,9.765625e-05
10000101011011101110,30.216267790533056,9.765625e-05
00010000001110000101,33.495008114881465,9.765625e-05
11101001011101010010,24.55503649200362,9.765625e-05
10001110001010101000,21.14236305191703,9.765625e-05
11000101111001101000,21.04049034012092,9.765625e-05
01110111101101000010,22.467163797793063,9.765625e-05
11011111010000000011,32.5780506553291,9.765625e-05
11001010011100111110,34.612764915129596,9.765625e-05
01101101000100110000,17.512049226919522,9.765625e-05
11010011110110001101,10.475488813500089,9.765625e-05
00111111101000111101,23.623737154247056,9.765625e-05
00000001100010000101,33.229738439647676,9.765625e-05
01001111110111011110,13.271419628864695,9.765625e-05
10100000000110010001,42.47223628970207,9.765625e-05
01000111100010110111,26.607300804519213,9.765625e-05
10010111100111101011,18.30395339570417,9.765625e-05
01000001110110011110,38.191393379910764,9.765625e-05
01010001010110001101,22.727627838751836,9.765625e-05
00100111111111111011,28.243596691927678,9.765625e-05
11101101101110111110,15.777264866829233,9.765625e-05
11000101110011010100,12.69547965616045,9.765625e-05
00010000101110101000,46.75882688514517,9.765625e-05
00101101000001100010,14.53593807457455,9.765625e-05
11101011111011000001,30.002376278147125,9.765625e-05
11100101010011011110,15.699731902094632,9.765625e-05
11101001000100100111,25.740058057230478,9.765625e-05
01110111100110000110,24.461378852983955,9.765625e-05
00110101001000010001,17.346226510269776,9.765625e-05
10001010101111100100,45.66096333591973,9.765625e-05
00000100100110101001,41.08117245449565,9.765625e-05
00101010010000011101,61.03550635633992,9.765625e-05
10101101100110101010,19.390959312320906,9.765625e-05
00010011111101001100,22.29038907347605,9.765625e-05
11111101101101100010,19.272566841458556,9.765625e-05
01110101100010100001,36.95016973966648,9.765625e-05
01010100001101000010,23.934161249905344,9.765625e-05
01111000001110010000,12.740341223889237,9.765625e-05
10101101100010101010,20.786089028412956,9.765625e-05
10010011000000100011,21.361213755964968,9.765625e-05
11010111111110101001,21.39852715117791,9.765625e-05
11011110000011101011,20.915649974982152,9.765625e-05
01000010011010100111,34.406274281102036,9.765625e-05
00111000000010110000,21.02759684236814,9.765625e-05
10010101010101100000,11.363664372231387,9.765625e-05
01101111101011111001,20.013739238130317,9.765625e-05
00010001010101101100,26.505545958171602,0.0001953125
01101111011101110010,18.28757824281869,9.765625e-05
01011100101110100101,20.825378746273614,9.765625e-05
00110111010001100100,17.624576037465076,9.765625e-05
10111001000101001001,27.550482256253964,9.765625e-05
01011100010101010001,6.096518642083337,9.765625e-05
01001111100010010000,17.00153710066185,9.765625e-05
10110001011111010010,22.53751776685847,9.765625e-05
01111001011001010111,11.885004044298574,0.0001953125
01110100110111111011,22.010665172601666,9.765625e-05
10111111100111001011,24.76212135331486,9.765625e-05
01011011001000001011,24.19633475587785,9.765625e-05
11110000111111011111,25.25761680516839,9.765625e-05
00111001011001011010,18.112109681495955,9.765625e-05
10001110001111000111,33.64654178708801,9.765625e-05
10110101001000101101,22.37977665045696,9.765625e-05
01000111010100011110,14.81556183856815,9.765625e-05
11110111001001001000,32.676521453555395,9.765625e-05
10000000010110110110,53.77047030176459,9.765625e-05
01011100110001100011,15.102795287823408,9.765625e-05
11000111011101011011,16.452767051920155,9.765625e-05
10111101100001000000,21.910386992567254,9.765625e-05
11010011101010101100,21.433995105556797,9.765625e-05
11001111010001110100,17.84790551248803,9.765625e-05
00110010100000001011,20.18823319502118,9.765625e-05
01111001000000010010,19.683053154756493,9.765625e-05
00110001011000100011,18.069156241921917,9.765625e-05
01000001101100001101,35.57570906206833,9.765625e-05
10001111100000000000,23.43624874001641,9.765625e-05
10110111011100111001,19.761061158370687,9.765625e-05
11110111110001000001,21.34052327182866,9.765625e-05
11000000011001000100,22.769444671693908,9.765625e-05
10000100100000010100,20.362476233157825,9.765625e-05
11101001010000110100,22.086876514485034,9.765625e-05
10001101000001000100,15.113802826645092,9.765625e-05
01000110111011110101,29.32604304028653,9.765625e-05
11100100000001111100,15.346519362965495,9.765625e-05
11101001011001111000,20.63246712627609,9.765625e-05
01111110111110010111,11.016765237297166,9.765625e-05
00110000100010000010,19.706537818338614,9.765625e-05
00010001001010010000,28.579168439213994,9.765625e-05
01010101000100100001,30.426863441828353,9.765625e-05
11111110100110011011,23.11781375232516,9.765625e-05
00001111110010111000,18.21445554410703,9.765625e-05
00011100101110100000,18.90094654323959,9.765625e-05
01000100010101011001,22.38287554058061,9.765625e-05
10111110010101011010,39.65733882687584,9.765625e-05
01101110111111001111,23.659794041229425,9.765625e-05
01001110100110111001,17.27432924761701,9.765625e-05
10101110101101011110,39.850113763620165,9.765625e-05
00000010110001000010,40.38432372468833,9.765625e-05
01100001111111100110,30.776138054997617,9.765625e-05
11011011100111101101,18.064392541178748,9.765625e-05
01010011010100110100,12.740341223889233,9.765625e-05
10111111000111001001,33.362493287443485,9.765625e-05
01111111001101100101,24.465335623736735,9.765625e-05
00011001010111111011,28.055857994987196,9.765625e-05
11111000010011101010,18.561498757531353,9.765625e-05
00001011101101101000,26.2097246401856,9.765625e-05
11011010100010001001,19.638127571399416,0.0001953125
11111000101100101001,14.740341223889235,9.765625e-05
01000100011101001100,27.049216867706342,9.765625e-05
11011111101111101010,24.33460277083136,9.765625e-05
00110101001000100000,23.642303493182663,9.765625e-05
11011110100010001000,21.909436005722952,9.765625e-05
01110000010100110100,14.65473623617997,9.765625e-05
01010001100111101100,37.4749338313619,9.765625e-05
11100011001001000001,25.728736943651924,9.765625e-05
10100011100000011000,24.697394760329612,9.765625e-05
11111100101010011001,15.074927761983204,9.765625e-05
11110010010100110101,26.793666553306917,0.0001953125
00101110001010000011,23.467468410094224,9.765625e-05
01100111010001110000,16.535938074574545,9.765625e-05
10010000011001110011,35.035876785206796,9.765625e-05
00101100100100110010,18.776683976756527,9.765625e-05
00100010101011111000,42.91952027741209,9.765625e-05
01100010011001010100,29.311978152638765,9.765625e-05
00011111101011001001,18.366150680436302,9.765625e-05
11000011011001011011,21.68756837372726,9.765625e-05
00001110010000110011,26.760135796033463,9.765625e-05
01101101100011111100,18.5998465272908,9.765625e-05
01011100000000110010,15.945446769512426,9.765625e-05
00111110001100100111,20.5214836417939,9.765625e-05
11111011110110101111,22.351638473620703,9.765625e-05
10011010111010100010,24.90806612136764,9.765625e-05
10000000111111011101,70.19551871081353,9.765625e-05
11001101010000111011,14.563511719030712,9.765625e-05
10111011000111101101,36.75610820789238,9.765625e-05
10100111101011011000,18.727338430499728,9.765625e-05
10000100101100100101,29.20948124636299,9.765625e-05
11011111111010100110,24.22301966065659,9.765625e-05
10100111111011100001,22.1359293168095,9.765625e-05
11011010100011001010,21.73429975477695,9.765625e-05
10000011101111011000,28.022447764516944,9.765625e-05
01011110110110111101,13.044491481797008,9.765625e-05
11010110110111100001,11.377437130764688,9.765625e-05
00000111010011011101,18.53854589981163,9.765625e-05
01001000001100001110,26.006269669725654,9.765625e-05
01001100110011010100,16.055486537431996,9.765625e-05
10101101110111000110,21.06635219093528,9.765625e-05
00001110111010001001,24.071433721587372,9.765625e-05
00000111111011111100,30.393734941650724,9.765625e-05
10010011111101010111,28.54903865939358,9.765625e-05
10000001101001101100,28.38092285599868,9.765625e-05
10010110010101101001,15.162939016671768,9.765625e-05
10001101111000101100,18.191278751765815,9.765625e-05
00111100001000111010,15.058013663353227,9.765625e-05
01001001011001111111,26.102724296180696,9.765625e-05
10000101101000000101,21.574813139236436,9.765625e-05
00110110101011110010,22.457581452307174,9.765625e-05
11100000011011100100,26.98829808576439,9.765625e-05
10101110001111010111,47.032279963398665,9.765625e-05
00000110100110000110,28.16223215807114,9.765625e-05
01001110101100001101,19.770151530294534,9.765625e-05
00001101011000010011,17.486364251416997,9.765625e-05
00010011100010011001,22.255073729980666,9.765625e-05
10011110011000101100,23.048596204797484,9.765625e-05
11010110010101101001,10.229786527645667,9.765625e-05
00011111011101010001,11.560884543355904,9.765625e-05
00110011111111111100,26.14322619956337,9.765625e-05
00010000111111111101,66.39860431892296,9.765625e-05
10010101010011000001,15.109601291194586,9.765625e-05
11010100001001111001,17.608030566764555,9.765625e-05
10010011101000001011,21.976693805527077,9.765625e-05
01100000001000010110,20.155783110151173,9.765625e-05
11111100000110101100,19.22238378285886,9.765625e-05
00111101000110010110,15.535870614502649,9.765625e-05
00011101111011101000,26.535245375142818,9.765625e-05
00111011011110010011,22.414695559932248,9.765625e-05
10100110111010011001,29.37926157694997,9.765625e-05
01000100100101110000,24.418325891347,9.765625e-05
11110100010000100000,11.297951579824833,9.765625e-05
01111100111110110001,7.362157679667653,9.765625e-05
10110110101100110100,21.58670963571542,0.0001953125
01000010011011010101,34.149426521152506,9.765625e-05
11001001011011111110,18.090242730764334,9.765625e-05
11000000011000110000,20.167747801123124,9.765625e-05
11011100111111111011,13.112193287178037,9.765625e-05
10110001001001101000,17.143841333663758,9.765625e-05
00001010011100001110,46.42207747389451,9.765625e-05
00011100100100100111,17.67731621081818,9.765625e-05
11010000000001111110,20.916848436546715,9.765625e-05
11011111111000011110,23.01887655637607,9.765625e-05
11010010001100101101,18.075210928641965,9.765625e-05
10101111111101001011,29.577834970378426,9.765625e-05
00011100110111110001,18.517010203736767,9.765625e-05
00101001011001111000,29.361499632646268,9.765625e-05
01000101101011100010,46.671702808812675,9.765625e-05
00001000101111000000,40.34082154456946,9.765625e-05
11010001000101111101,16.372365286149552,9.765625e-05
11011100001000000011,16.501782154228646,9.765625e-05
11000000010111010010,32.68887967333917,9.765625e-05
00110011110000000011,14.097604450694767,9.765625e-05
01110100110110010101,10.855280570039088,9.765625e-05
01111100011100010110,5.586709635715419,9.765625e-05
01101100110010101010,17.693796197048272,9.765625e-05
00010011001111100101,22.845699046101473,9.765625e-05
00110000000110001010,22.244631582915375,9.765625e-05
10100011010100111101,44.03323782829035,9.765625e-05
00000011010011001010,24.18816844497182,9.765625e-05
10010001001000011010,25.135470939981282,9.765625e-05
10010010100110010000,22.916848436546715,9.765625e-05
00111001010110010001,19.93092309735864,9.765625e-05
01101010100101010110,38.313882836349904,9.765625e-05
10111011011010011111,34.83738724800221,9.765625e-05
01010111000111101001,24.389090320548267,9.765625e-05
01101000011111101100,34.62863214518656,9.765625e-05
00100010100010010000,31.436010678702022,9.765625e-05
10110010011111110111,47.14922612737809,9.765625e-05
11000011001100011011,22.91751272516145,9.765625e-05
11110011100100000100,18.079073286508155,9.765625e-05
01011011100011111001,22.61230872063325,9.765625e-05
00101100100110111111,30.1027242961807,9.765625e-05
10010101111001001011,24.374870966428375,9.765625e-05
00011100101110000011,17.72776649760651,9.765625e-05
00001110110101110000,29.644107745745764,9.765625e-05
01100000010100110101,33.22923498995109,9.765625e-05
01000101011111100100,28.199424683545786,9.765625e-05
00111111111000101011,19.246742472680285,9.765625e-05
01101100100010111111,19.906100219177947,9.765625e-05
11010110011100111011,14.07682267253019,9.765625e-05
01001111110110010101,12.917512725161446,9.765625e-05
01011010100100111011,23.470038018874142,9.765625e-05
11001111010001000000,23.360680943050433,9.765625e-05
00110011001000000110,16.53395073758227,9.765625e-05
11100011110101001011,24.539439112620983,9.765625e-05
11000101011000000000,15.80874342829766,9.765625e-05
00101010101011100010,35.51129207170569,9.765625e-05
11100001010000001010,14.914998816847982,9.765625e-05
11111111101110000010,34.41018034096149,9.765625e-05
00010100101100000100,27.068386276778124,9.765625e-05
11100101100000000111,17.507377849302618,9.765625e-05
00000111010001100000,14.740341223889233,9.765625e-05
01001100111111100110,26.42268837447903,0.0001953125
01111101011000000110,17.768039144699287,9.765625e-05
10110000011101001110,30.72441529987239,9.765625e-05
11001111110111101000,12.844154947789022,9.765625e-05
01100011000000110100,18.248075941515857,9.765625e-05
01110010110101011101,22.762667198742935,9.765625e-05
01111101101001010011,18.837576497737356,9.765625e-05
00000000011001001001,50.044074031448496,9.765625e-05
00000110100111011001,28.41251804289317,9.765625e-05
11100110010010001001,23.169592000776774,9.765625e-05
01111011000110000001,27.240232940702832,9.765625e-05
00011101101010011100,30.089713449420604,9.765625e-05
00000000100111100000,51.18245905247421,9.765625e-05
11111010011000001100,32.401766038145695,9.765625e-05
11010110111110110011,17.474675761929213,9.765625e-05
01100001000110011110,23.181619053031014,9.765625e-05
01101101100010100000,22.58389934313543,9.765625e-05
11110101011100001110,17.63812757139942,9.765625e-05
10010010101110101100,28.22787560234118,9.765625e-05
01100010101111011111,39.31406401548164,9.765625e-05
11100110100010101001,20.371796879263538,9.765625e-05
00011001011010000000,14.739381285429044,9.765625e-05
10010111101110100010,26.72967118131765,9.765625e-05
11001010110011011111,37.08545060836435,9.765625e-05
01000000101010011100,42.455536221676745,0.0001953125
00000000101111111100,74.22072687897506,9.765625e-05
11111001111100001111,13.624511287415716,9.765625e-05
00111011000010010010,25.387240700849524,9.765625e-05
01100100101000111010,25.706013967879784,9.765625e-05
01101100111100110110,14.03447022952384,9.765625e-05
00010011101110000001,21.555807180728664,9.765625e-05
00100111101111011111,22.41221458423556,9.765625e-05
10000001100011101100,27.91960095509176,9.765625e-05
01011101101010100000,40.28364351633434,9.765625e-05
00000111100011000011,20.206425269160334,9.765625e-05
01000001110011111111,45.97277461518706,9.765625e-05
00100000001100000010,30.55372311882321,9.765625e-05
11000001001011011100,19.84911124433427,9.765625e-05
01111001100011110011,20.414695559932245,9.765625e-05
01001001110011110011,26.82021300637105,9.765625e-05
10110011010001110001,28.85745528992842,9.765625e-05
01000011100000000101,16.046708477404977,9.765625e-05
10100110010100111000,35.36097380658596,9.765625e-05
11001101111101111101,12.413231143087144,9.765625e-05
01000111110011010100,12.424171221836922,9.765625e-05
00100001110101000010,26.556712789597515,9.765625e-05
00011100100101110010,16.83662615818692,9.765625e-05
00111000001100000010,14.64972216559978,9.765625e-05
11000111111011011100,12.424171221836922,9.765625e-05
01101110101011110000,17.685749885707885,9.765625e-05
01010101101100110001,39.61377367600884,9.765625e-05
11110110111110010011,12.804730233497178,9.765625e-05
01010100000100110001,16.81688489778552,9.765625e-05
10011000110111110011,34.79912298595782,9.765625e-05
11110000000100001001,13.09156380354041,9.765625e-05
10110011110101000011,21.955426294984157,9.765625e-05
00011010101101101110,34.145340239504634,9.765625e-05
10111011011111000010,32.51000096571596,9.765625e-05
01001100110011100110,20.935998386417385,9.765625e-05
11000111010011010100,10.24114125959422,9.765625e-05
11011110011001011010,18.956759949323597,9.765625e-05
01001110011100101100,17.995602130036552,9.765625e-05
11000110110111110000,16.411079621109785,9.765625e-05
10110001110100110000,14.914991840833565,9.765625e-05
00011001101010001110,29.617025067799496,9.765625e-05
01010010111011001100,25.21764125512702,9.765625e-05
01110011001110100001,20.533940317124248,9.765625e-05
01111111111010001110,22.808888241208827,9.765625e-05
11100110110011101010,20.068445938877687,9.765625e-05
11000100101100100111,24.90375683581958,9.765625e-05
00101001111111101011,37.377221445814016,9.765625e-05
11010001110010101110,23.6170250677995,0.0001953125
00010100000100100011,20.806215578795182,9.765625e-05
10010101001000000111,25.780526951708985,9.765625e-05
00000110110011100000,28.246084338531702,9.765625e-05
00000001010111010110,42.63888151094589,9.765625e-05
11111110110110111011,17.644639911366433,9.765625e-05
01010011000110000000,15.638127571399423,9.765625e-05
01101111110110000011,20.331640601788934,9.765625e-05
01001100100010110110,19.27494991052587,9.765625e-05
10000000100010111001,41.877052471839725,9.765625e-05
10101011011010010010,42.3301959384122,9.765625e-05
10011101000101010001,13.75783893345428,9.765625e-05
01101110100010110000,19.75656366796764,9.765625e-05
11001110110111111001,18.714333956185662,9.765625e-05
01101010111011111110,34.151568357092906,9.765625e-05
00111011110010101011,20.33054845320747,9.765625e-05
11011011001011010001,24.837518723702402,9.765625e-05
11100000110101110110,31.999017157895093,9.765625e-05
10010101010000110011,19.59423490458653,9.765625e-05
11110000000010001001,15.647461347985695,9.765625e-05
00011010010010110110,28.948209268361683,9.765625e-05
00110101011101000001,8.509390919565359,9.765625e-05
01011000101110010111,25.615161496071934,9.765625e-05
11010010101010111110,24.62483901050166,9.765625e-05
10011000001010000101,23.59131874997361,9.765625e-05
00001100010111100101,30.22882305761467,9.765625e-05
01111010100100010010,22.6306078205404,9.765625e-05
00000001111111100100,51.956901867118006,9.765625e-05
10110111111101110001,15.659967363334262,9.765625e-05
10101001111011110110,30.958458634121023,9.765625e-05
00100101011001111100,24.358689340066277,9.765625e-05
10100011010101100100,39.69040781154531,9.765625e-05
10110000001011011001,28.427803735583556,9.765625e-05
01110111010001100101,19.545539177316485,9.765625e-05
01110000100011101010,28.33993719583914,9.765625e-05
11111011010001010110,38.44435292335875,9.765625e-05
10111001100000101100,20.694584467749625,9.765625e-05
01111110111110000110,12.463633429004684,9.765625e-05
10001001011100011100,32.54058622724782,9.765625e-05
01110110010100011001,10.874566261601828,9.765625e-05
01110010101011001001,20.065789116557497,9.765625e-05
00111111010111001101,19.26191607258421,9.765625e-05
00011101000000010010,19.811919638784563,9.765625e-05
00110011100100001000,13.647461347985693,9.765625e-05
01001111101011000110,16.839408116237287,9.765625e-05
01010111100110001000,30.227605653290183,9.765625e-05
01001100011101100101,18.238532438144816,9.765625e-05
00100010101110001100,39.01698689121011,9.765625e-05
00111101110011110011,13.393663313553965,9.765625e-05
10000100010100110100,27.56568780979516,9.765625e-05
01101001110101100011,22.73613615686792,9.765625e-05
01011100101100100110,21.171901553682716,9.765625e-05
10010110100110011011,17.52787836012253,9.765625e-05
10100101000111000001,18.51387842966418,9.765625e-05
01101111000000110001,30.622541108437773,9.765625e-05
01101010101000011110,27.091807197363018,9.765625e-05
11110010100010100011,20.1008100135598,9.765625e-05
00110011001000110000,19.50833154616945,9.765625e-05
00111000001100000011,16.487241525756232,9.765625e-05
00011001110001100001,18.83473658014816,9.765625e-05
10001000101110001011,41.044774648455764,9.765625e-05
11111010111001111100,28.536776223371497,9.765625e-05
11001110101001110001,18.168375761345313,9.765625e-05
11011110101110000101,17.508331546169455,9.765625e-05
10010110111111101111,28.514564909138755,9.765625e-05
00001110111101101011,33.330767702614615,9.765625e-05
01001100001100001000,14.657215274103208,9.765625e-05
01100000100110001101,32.46888435754688,9.765625e-05
01101000011101011100,35.871431886679744,9.765625e-05
00110110010101100100,21.08834782021735,9.765625e-05
11111111011001001111,32.390048283406976,9.765625e-05
11000110110010011100,12.78916282131053,9.765625e-05
00001101011011100100,17.012185915570907,9.765625e-05
00100000010001010000,39.072735335162335,9.765625e-05
10100110110100010011,34.94730159676416,9.765625e-05
00010100011001101011,33.16011624090508,9.765625e-05
11011100111110011101,10.784235877143413,9.765625e-05
11111100111100111011,6.0768226725301915,0.0001953125
01111011010000011111,24.77544542105689,9.765625e-05
00010100110111000001,24.32027682025747,9.765625e-05
11110010100001001000,18.2658742142121,0.00029296875
10011110001010101000,19.585813712883525,9.765625e-05
10010101100010100000,28.483941001087416,0.0001953125
11101100101010111110,14.67845552747268,9.765625e-05
11011110101101001101,18.16301000831448,9.765625e-05
00100101001101000101,15.295609350110016,9.765625e-05
01010110101011000011,28.400245295176454,9.765625e-05
00101011111110100001,31.977634284786152,9.765625e-05
00111111110000001110,22.951066396919437,9.765625e-05
10110010011100011110,37.40444412060441,9.765625e-05
11110010110001111011,21.00230528650441,9.765625e-05
01000001010001110110,24.449302156762386,9.765625e-05
00101001110110111110,36.84902432506126,9.765625e-05
10110101010011010111,18.330548453207474,9.765625e-05
01101000111011010010,24.849024325061258,9.765625e-05
01000110010101011011,21.202835249112212,9.765625e-05
11000111101111010100,13.514848054161327,9.765625e-05
10101011001000000000,42.289231293832756,9.765625e-05
00101011110000100100,30.565690606944898,9.765625e-05
00011111010111101001,10.703823701754605,9.765625e-05
00110010111011011101,35.62381247134586,9.765625e-05
11011011100110101111,19.692296567626148,9.765625e-05
01001101111111100101,20.807089332403425,9.765625e-05
00001011010111001100,28.91267251476347,9.765625e-05
10010000111100000101,29.582167796025253,9.765625e-05
00111011110101111110,28.20642526916033,9.765625e-05
10000100011000001100,26.0,9.765625e-05
00110110111111001101,20.088599990991796,9.765625e-05
11000101111010101101,28.7757987578101,9.765625e-05
01001101100010101000,29.122334048405897,9.765625e-05
10110000011001100000,21.28489372242292,9.765625e-05
11111111000111011111,33.18120915643507,9.765625e-05
01110011100001000100,14.73807145465926,9.765625e-05
11010100111110111001,21.031348348628274,9.765625e-05
10100100001100101011,24.45403306068382,9.765625e-05
00001101000000111111,21.59424459062349,9.765625e-05
01111110010110010101,18.509276291420406,9.765625e-05
01001001000010100111,19.844142464602328,9.765625e-05
11000011110110001100,12.654331279857967,9.765625e-05
10100010100000011010,36.69667821569203,0.0001953125
11110011100101000110,18.44985171885549,9.765625e-05
01111011001111011010,21.016768768867976,9.765625e-05
11011101110010101101,19.78052695170899,9.765625e-05
00101000100011101011,40.555736189085955,9.765625e-05
00111110100001001010,21.73059353936507,9.765625e-05
10101010011010010011,60.94764189016401,9.765625e-05
10001110111010111001,26.83662615818692,9.765625e-05
01101100111011110100,16.02662368630019,9.765625e-05
11001000111001010001,27.668165256869823,9.765625e-05
11110000011000100010,10.118209659064249,9.765625e-05
00110110010001001001,16.069163217936335,9.765625e-05
10011010011001011000,36.27274341166331,9.765625e-05
11100010001000010100,28.818167862867817,9.765625e-05
00000110010011000000,20.9597956345274,9.765625e-05
01001101011110010100,11.911252741472747,9.765625e-05
11010100011100101101,13.734065312570232,9.765625e-05
00110011000000100100,18.61901667078365,9.765625e-05
01110001111000100110,18.838451622220706,9.765625e-05
01111011111110011111,16.530891228808812,9.765625e-05
11100000100001001100,18.796740346204494,9.765625e-05
10011100000010111001,14.614316164120513,9.765625e-05
00101111101011100101,18.78195495303435,9.765625e-05
00110001111111000110,23.623812471345857,9.765625e-05
10110010011001000111,38.2222950129396,9.765625e-05
10101100000000110000,26.296928670616513,9.765625e-05
00011000111011010011,36.23995866016895,9.765625e-05
11110010010100111101,24.924416275403722,9.765625e-05
11111110000100101001,34.64202656811726,9.765625e-05
01100100100010101111,30.768647449376665,9.765625e-05
11101011110101111010,33.222013696927085,9.765625e-05
00111110011101001010,19.53113971058122,9.765625e-05
10000001100010010010,27.71925120347601,9.765625e-05
11010110001001001101,18.093416954809953,9.765625e-05
00111111011000000011,20.66763533907205,9.765625e-05
00011110001110101111,17.979548654534256,9.765625e-05
11110010100100011110,19.14384133366376,9.765625e-05
11001001101101101000,17.58510061268955,9.765625e-05
00101101001001001110,15.394772847768042,9.765625e-05
01100001100010010010,20.64634182262759,9.765625e-05
00111101110101101011,12.59121870022003,9.765625e-05
10101001100011010011,31.11304745073249,9.765625e-05
10110111000100001011,25.000649182532698,9.765625e-05
11000110001101001110,20.181228430541957,9.765625e-05
11000111110011111110,14.423194621325361,9.765625e-05
01101100100111110011,16.322900769468546,9.765625e-05
01111111111111110100,13.915578983339437,9.765625e-05
10001111010110111100,22.679243063752963,0.0001953125
10010111010101000111,16.549180642679005,9.765625e-05
10011011001110111000,21.871761476194123,9.765625e-05
00000110101101010001,28.341473349997493,9.765625e-05
01111001111010001110,15.604375698290397,9.765625e-05
10111100000110010011,18.807779321812617,9.765625e-05
10100101101001100110,17.839417802274244,9.765625e-05
01111101100110100110,23.747893135115945,9.765625e-05
01110011001101000100,14.357385750889843,9.765625e-05
11110011111000010000,14.905317857974651,9.765625e-05
10000010011001001110,46.90235215736142,9.765625e-05
00001110010110110110,29.878018662733076,9.765625e-05
01000100100110001111,37.349755872006014,9.765625e-05
11001011101000100101,20.645635883951904,9.765625e-05
11000011000000100110,16.18505717003815,9.765625e-05
01001001001101101100,20.91997031744228,9.765625e-05
01101100100010110000,13.931223970948935,9.765625e-05
01110000010100111110,20.11438091956806,9.765625e-05
00010110000010001000,16.56281629873662,9.765625e-05
01110101000110001101,26.0547957044287,9.765625e-05
00000000111010001100,58.05759621300471,9.765625e-05
10101101111011001001,19.97854342522581,9.765625e-05
10011010001111101001,29.521297102081295,9.765625e-05
10000000001010010100,38.537775934667835,9.765625e-05
10111001111100100010,14.252382429914178,9.765625e-05
01001101110011111110,21.72776649760651,9.765625e-05
00110100011110010001,14.027172426845029,9.765625e-05
11011110000001000010,29.37483628154203,9.765625e-05
00111010111011000011,26.60509339657153,9.765625e-05
10100111000010001000,25.723084208964075,9.765625e-05
11100011110011100101,21.187262836102967,9.765625e-05
01111100011010101011,13.198113383933876,9.765625e-05
10110010011101011010,37.99579222295615,9.765625e-05
00110101100110000110,21.050895973289798,9.765625e-05
10100100101110111000,26.59628400897456,9.765625e-05
10011100110001000011,13.701032781248529,9.765625e-05
10010110000100111000,15.06680494098801,9.765625e-05
10110010100101011001,31.975714407865777,9.765625e-05
01001111011101001100,12.737530931309244,9.765625e-05
01100111010000101101,20.90531785797465,9.765625e-05
11001001010101100001,19.622868646019846,9.765625e-05
10111000110010110111,30.335385855615897,9.765625e-05
10011111011101010111,22.823002985316,9.765625e-05
00010010011100010000,25.453426546104033,9.765625e-05
10101001000000110110,30.769868363635773,9.765625e-05
11011010101101111100,23.97014712360881,9.765625e-05
10010000101100101000,26.181880959551243,9.765625e-05
01101010110010101000,27.001188139073555,9.765625e-05
00110110011101110010,19.801120830535325,9.765625e-05
11100000100101010101,28.688879673339176,9.765625e-05
10111101010101101101,19.181050940412266,9.765625e-05
01011000111000011011,23.157379649990343,9.765625e-05
10011101101010111011,25.82693551327663,9.765625e-05
10001010010111101001,54.506339943185296,9.765625e-05
01111101100000010001,24.969376522010975,9.765625e-05
00100010101011000111,43.13750527038256,9.765625e-05
01000010100110101001,32.56088871138076,9.765625e-05
10110010001100001101,31.041630391196488,9.765625e-05
01110000110101000111,18.325440916653847,9.765625e-05
00110111010010101001,19.51477788406688,9.765625e-05
10110110001110100011,21.703881475789554,9.765625e-05
00101100001101010010,18.52368462264436,9.765625e-05
11000001111111101100,29.691638433477564,9.765625e-05
11001110010101010001,28.566683353066647,9.765625e-05
11000111001011010101,15.02538337833098,9.765625e-05
00001000101010110000,37.89748092450058,9.765625e-05
11011011001100001101,23.629654123673564,9.765625e-05
11011100101110011000,13.714622422876646,9.765625e-05
11000010010101111001,34.55345057976253,9.765625e-05
00111100100111100110,15.022438078479992,9.765625e-05
11111111111101100011,23.24861082799889,9.765625e-05
01100000010010010100,22.915245655114198,9.765625e-05
00001011000101100100,25.667499303112717,9.765625e-05
10011110100110101101,17.99778653596284,0.0001953125
10101010100100011101,65.96967729228223,9.765625e-05
10110001000101000001,16.1982997381426,9.765625e-05
10110011111111001001,19.321550969518917,9.765625e-05
10011010011011001010,30.255073729980666,9.765625e-05
10000101011101001000,18.309472472359936,9.765625e-05
11110001100101011001,14.047536216583719,9.765625e-05
00001010100010000000,27.575709062068327,9.765625e-05
11100110000000111010,23.087727157308493,9.765625e-05
11110101001111110111,20.016813325295157,9.765625e-05
01101111010001110000,24.096971479263267,9.765625e-05
11001101100010010001,16.580772999947747,9.765625e-05
00101001011110101111,34.66647835331404,9.765625e-05
10110010101000010001,26.128536258059647,9.765625e-05
11010010101010011101,19.57780281001074,9.765625e-05
00110110010100101010,17.60670750754719,9.765625e-05
01011100111010100000,19.87525438458259,9.765625e-05
00010000100110001011,40.25028776204683,9.765625e-05
00110100101011001001,22.815024672124892,9.765625e-05
11111101110001110001,16.227948667552383,9.765625e-05
10000010001101011100,47.871431886679744,9.765625e-05
11010011110100011010,13.332656240715574,9.765625e-05
10100101110010001000,19.285854395304177,9.765625e-05
01111110011011010000,15.888053132614012,9.765625e-05
11111110110100110010,23.02356489031161,9.765625e-05
10100010111011100101,53.25308836858986,9.765625e-05
01110110111110011000,11.921969962957203,9.765625e-05
11000000111110111100,39.64378095338113,9.765625e-05
00000010010011010000,40.600123452356215,9.765625e-05
01011011110111000100,12.85336349026845,9.765625e-05
01011111010101000011,16.83751872370241,9.765625e-05
00011010100110010111,31.26483212923011,9.765625e-05
10101111001111100001,30.899348632525307,9.765625e-05
10000100011101011100,34.62371562147746,9.765625e-05
00111111110111000110,14.930758824836705,9.765625e-05
01100011001100000000,16.98088565494063,9.765625e-05
00000110011001011111,37.37085307557371,0.0001953125
01000010000000010100,18.272506259434046,9.765625e-05
01000011100110101011,31.356347110351464,9.765625e-05
10011000110111100000,25.23816931738764,9.765625e-05
00110010010000110010,26.18402903708499,9.765625e-05
01001100001100011100,14.906190582894567,9.765625e-05
10110101001101101011,16.61230872063326,9.765625e-05
00101011110001001011,33.98314285344705,9.765625e-05
10101111100000101010,30.919784050360754,9.765625e-05
11001010001100001001,31.72439403973386,9.765625e-05
11010110010111011011,12.452641817813301,9.765625e-05
10001111011001000000,23.057066208079732,9.765625e-05
11001110100101011000,18.600219334084937,9.765625e-05
10000101001100110010,22.928179247002042,9.765625e-05
11111100010111000101,17.263949424005986,9.765625e-05
10110101010011101010,20.447930373092984,9.765625e-05
00100001011100010000,26.611782796605933,9.765625e-05
01100110110111000111,23.022212500352303,9.765625e-05
00110110001110100101,18.643673720473082,9.765625e-05
10110011111010001001,17.326456653547503,9.765625e-05
00101001101010010011,24.73613615686792,9.765625e-05
00001010100011010010,37.91587183603515,9.765625e-05
00110010001101000011,25.07280123885525,9.765625e-05
10110111011011001000,20.44985171885549,9.765625e-05
01110000101000011000,17.840647482645366,9.765625e-05
11011100111110110101,8.83662615818692,9.765625e-05
10110100010111010001,16.86598371453949,9.765625e-05
01111101100011101110,29.060774186601016,9.765625e-05
11100001101101100010,17.596063078642864,9.765625e-05
00011001001010111010,27.79460776698706,9.765625e-05
00001000010101110101,58.691930562592034,9.765625e-05
01000101010011011100,21.10090308729896,9.765625e-05
00000110101110101100,36.17488152758025,9.765625e-05
01011011011010001101,14.114031027258465,9.765625e-05
11001010100110111110,27.93912306446269,9.765625e-05
00110110011001011101,20.734228763134244,9.765625e-05
01010111010000011111,20.112238447173613,9.765625e-05
01110001101011001010,30.259609142573606,9.765625e-05
00110110000000011010,18.86131661910629,9.765625e-05
11011100111111011111,14.308726782484293,9.765625e-05
11001100001100010011,12.869839847004169,9.765625e-05
11111010110110111111,28.49970371909868,9.765625e-05
11110000001100101000,12.787406569618218,0.0001953125
10110101011101101011,14.591218700220033,9.765625e-05
01101111001101001010,22.000658134148587,9.765625e-05
01000011000110000111,20.112109681495955,9.765625e-05
11000000101011001100,30.35016780434243,9.765625e-05
00000010111101111101,70.72426621561732,9.765625e-05
11110110011001111111,19.202776827783403,9.765625e-05
00010000101110101001,48.596346245301625,9.765625e-05
10111101101100001111,17.04168472078783,9.765625e-05
00001010100111001010,40.02931498636668,9.765625e-05
10001101101011001010,19.283121543100304,9.765625e-05
11000010100110101111,30.050334015137192,9.765625e-05
11110010101110111000,17.70103278124853,9.765625e-05
10110001001000011000,18.469444721902118,9.765625e-05
11110001011110000000,12.729642552520772,9.765625e-05
11101010011101010111,60.85953122217591,9.765625e-05
00010010101111101000,36.0863562172332,9.765625e-05
01111111010100010111,23.380437494628083,9.765625e-05
11001101011001110000,8.899588934930913,9.765625e-05
11000101101011100000,27.22051470395901,9.765625e-05
11000100001001011100,15.164632161820904,9.765625e-05
00101101000011100011,15.915578983339442,9.765625e-05
01111010100000101010,22.870185337117185,9.765625e-05
11001100011101010001,14.858852698104904,9.765625e-05
00111010111111011101,41.91622435083043,9.765625e-05
01010010011111101100,26.317129031427378,9.765625e-05
10110000010000001001,19.51794848941449,9.765625e-05
01001100111100111000,21.24487654395679,9.765625e-05
00011001000011010001,18.88726559633372,9.765625e-05
11100000100010100101,22.292808743566983,9.765625e-05
11011101101010011011,30.984356791691745,9.765625e-05
10110000100010000011,19.09665346385047,9.765625e-05
00111110110101010010,21.48632967529403,9.765625e-05
01100000101110001111,38.5098365080998,9.765625e-05
11001011100010111110,16.942588683201706,9.765625e-05
01110011111010100110,17.568266576921374,9.765625e-05
00011101001010111000,27.031425581864326,9.765625e-05
10001000010001110101,51.59340896634521,9.765625e-05
11110100100000111000,13.70900183771667,9.765625e-05
01010000101000101000,36.48548945292859,9.765625e-05
00111001111101100110,16.042065570112726,9.765625e-05
10100000001111110100,49.999017157895096,9.765625e-05
10001010011001011100,56.65473623617997,9.765625e-05
01011001111010100000,22.77866131725275,9.765625e-05
11000010011111001100,31.229738439647676,9.765625e-05
11110110101100110110,18.103761467876947,9.765625e-05
01110000101110010100,19.69912809753739,9.765625e-05
00110101011001001110,18.540415713132546,9.765625e-05
10101010001000111001,55.03142558186433,9.765625e-05
00110001100001010011,18.283839975802504,9.765625e-05
01100110111111101111,30.436433657859006,9.765625e-05
10110100000101001011,13.801076274108144,9.765625e-05
00101110110001011010,32.29566785856603,9.765625e-05
01111101100000010010,26.33560154056657,9.765625e-05
10110100110111111010,20.091967116356223,9.765625e-05
11101010110011010110,43.79390099551364,9.765625e-05
01001111110111010000,10.917512725161448,9.765625e-05
00001101101011100000,20.825378746273614,9.765625e-05
11001011110111111101,24.865029283251577,9.765625e-05
11111110101000111001,24.699031470591237,9.765625e-05
10100001111011111101,39.48888867811206,9.765625e-05
01001100011111111011,25.000610177003274,9.765625e-05
11111010100100011111,34.083729754343274,9.765625e-05
10010110111111101001,20.197984618256214,9.765625e-05
11100100110101001111,18.623554058978065,9.765625e-05
11110000001000011101,14.958899711695508,9.765625e-05
10010001000000100001,16.274005986823184,9.765625e-05
11110111001100001001,29.30804383458053,9.765625e-05
00101001110011000000,22.91267251476347,9.765625e-05
00000010001000001000,28.227644691705265,9.765625e-05
10111111010000100011,38.253464979585885,9.765625e-05
01010010100100101000,20.231104068850932,9.765625e-05
10100010101111011000,45.90137004967758,9.765625e-05
00001101111011010011,23.709528616177913,9.765625e-05
11001001000101101000,16.14230527788208,9.765625e-05
01101100111101010111,17.01782616707206,9.765625e-05
01101111110111100100,17.710521231446975,9.765625e-05
00101000010111100011,49.752424281717005,9.765625e-05
11101110100100011101,33.810051294305794,9.765625e-05
11111011101000101110,26.686801950994088,9.765625e-05
01000111010011010111,14.317167433388413,9.765625e-05
11010001001101100111,21.743922216034086,9.765625e-05
11000001111011110110,29.456792762383337,9.765625e-05
11110110100001100011,21.60078782809815,9.765625e-05
10010001111110111101,35.69066183296601,9.765625e-05
10001011110101111000,35.62868367762815,9.765625e-05
00100101001000100000,19.72439403973386,9.765625e-05
10011110011000000011,23.740058057230478,9.765625e-05
01110011000100011000,18.067445073937797,9.765625e-05
01101011000001000111,29.97956540371282,9.765625e-05
00000100111001111100,50.59802346282046,9.765625e-05
10011000100011100010,22.451765267055322,9.765625e-05
01101110000110110011,22.869810788893297,9.765625e-05
11110001100100000100,10.422727292881255,9.765625e-05
01111101100111000111,16.837387248002212,9.765625e-05
10001001010011000101,29.485169037952353,9.765625e-05
10011110110001000111,26.7207571724585,9.765625e-05
00110000101110110110,36.82326117476155,9.765625e-05
11001101101011100001,17.303266829102395,9.765625e-05
10010110010011010001,17.93092309735864,9.765625e-05
11001000110111111101,38.597293700575115,9.765625e-05
11100101011100110111,16.076822672530188,9.765625e-05
11000010110011111001,29.370853075573713,9.765625e-05
01110001010111101110,21.34926752798181,9.765625e-05
11000011101100000101,18.18122843054196,9.765625e-05
01000100100010111010,39.59340896634521,9.765625e-05
11000100101011011001,23.660963335919735,9.765625e-05
00100001010011010001,30.86963839750977,9.765625e-05
01100111000100110101,19.744782719558557,9.765625e-05
01000110101100110010,26.158258627343425,9.765625e-05
01000101110001010101,18.78076681396079,0.0001953125
01100110100000000011,18.371796879263538,9.765625e-05
11111010001100101111,32.029160585385576,9.765625e-05
00100010100100000101,40.22602598264244,9.765625e-05
01110100010000001110,15.162059755891244,9.765625e-05
11010110100110011001,11.08521523543632,9.765625e-05
01000000000000110011,30.528698693224552,9.765625e-05
01110100100110100111,22.020523708731893,9.765625e-05
11110111110100011101,14.982436914771363,9.765625e-05
10110011010101100100,26.613785973691662,9.765625e-05
10110011101011001110,20.171697322820762,9.765625e-05
11001100111111010110,18.404492121475204,9.765625e-05
01000011111001110100,22.449302156762386,9.765625e-05
01100110111011111010,24.384126775357522,9.765625e-05
10110010100001001000,23.959449186661413,9.765625e-05
00110100001100001101,15.606717193584148,9.765625e-05
01111101000110101010,29.17530875109292,9.765625e-05
01010000000110001010,27.27549593020835,9.765625e-05
11100000101100101101,26.098433735412684,9.765625e-05
01000000010110110001,38.58703185162908,9.765625e-05
00010011110011100011,25.268296838884005,9.765625e-05
10011111111001101011,18.223760262582438,9.765625e-05
11100010101010111100,24.62701967771708,9.765625e-05
00010000010000100000,22.189364382017715,9.765625e-05
01001001110011111111,31.306806171142846,9.765625e-05
10111110100100101111,28.777368742420883,9.765625e-05
11110100110100111001,5.569448354798385,9.765625e-05
01001001110110110111,28.728707711286653,9.765625e-05
01100111111001110100,14.731549946254448,9.765625e-05
00111100111101101000,14.071433721587375,9.765625e-05
01100000011001010010,24.91307122949212,9.765625e-05
11110010001001001000,21.772648258957467,9.765625e-05
11001101010001111110,10.327060545641606,9.765625e-05
00100000011001011100,48.96761999768758,9.765625e-05
01101000111100110111,32.648794300380075,9.765625e-05
00101100001100000011,16.566638062218395,9.765625e-05
10111010011110111000,40.04956685798295,9.765625e-05
11001000010101110100,31.311296184124153,9.765625e-05
01110111111011110000,21.202776827783396,9.765625e-05
00001101011111010001,18.01030017461969,9.765625e-05
01101100110101110010,14.836626158186917,9.765625e-05
00111010010101001001,40.95278725094052,9.765625e-05
00001011011001001100,25.28208342984293,9.765625e-05
10001100111110010011,29.056125859673333,9.765625e-05
10011001110011110011,22.285734886349488,9.765625e-05
10010101011111101001,21.1296534054905,9.765625e-05
01001000100001010100,24.139835925995797,9.765625e-05
00010010010101100100,30.978468694872234,9.765625e-05
11000001101010101101,29.508608471234865,9.765625e-05
10110100001001011001,15.16395746358797,9.765625e-05
01110000111011001010,24.887306228546166,9.765625e-05
10111011111111111010,27.28292114932589,9.765625e-05
00000100100110011100,39.33603464591431,9.765625e-05
10110101011101001001,11.664936877487271,9.765625e-05
10101111110011101100,28.376554425540554,9.765625e-05
11000000011111110010,39.332069316189575,9.765625e-05
00010101101011101000,48.30543947542324,9.765625e-05
01100110010001011110,20.54459163491579,9.765625e-05
01100101100010100001,29.20190651861877,9.765625e-05
00010100111110000101,33.00177591803349,9.765625e-05
10110111101010010000,24.696089702311042,9.765625e-05
00110110010100110001,17.111332751177557,9.765625e-05
10010100110100001101,16.155783110151173,9.765625e-05
10111010101001000000,37.02348567063426,9.765625e-05
01011110001000011000,18.643179015252322,9.765625e-05
10101110011100000000,46.26570034319007,9.765625e-05
11111110011001001000,31.455097609156724,9.765625e-05
00011001100011000001,19.69153193499058,9.765625e-05
11000000100010101010,27.08426246929079,9.765625e-05
00111000011010101011,22.113953059601343,9.765625e-05
10001111111010001110,21.24985185954934,9.765625e-05
11011101100010101001,30.401820367737024,9.765625e-05
11011101101110101001,26.65264529622712,9.765625e-05
01001100101011011100,22.65754652875996,9.765625e-05
00110010010101100001,30.693079652410688,9.765625e-05
00001101011100010101,18.387554912060445,9.765625e-05
01111110100100010010,19.131381213889803,9.765625e-05
01101100000101010001,16.34717116839353,9.765625e-05
11101001001001110010,19.08060612117813,9.765625e-05
11000001011100001100,16.227644691705265,9.765625e-05
11110001000001101100,16.18684704010046,9.765625e-05
00110001101010100101,26.62258443448092,9.765625e-05
01110111100110100010,30.368000300135037,9.765625e-05
01100101001000001010,26.276520618717903,9.765625e-05
00011100010001010011,13.276491473479833,9.765625e-05
00110110001100100101,17.997786535962845,9.765625e-05
11100110111101111100,21.959847166969,9.765625e-05
10101101101110111100,20.21445554410703,9.765625e-05
11110101101110001110,27.959380992168448,9.765625e-05
11101101100100100010,18.931041148311014,9.765625e-05
01100010100100000010,22.139421283636842,9.765625e-05
00000011000101000101,24.253500300926277,9.765625e-05
11110010010110110100,23.51519252642584,9.765625e-05
00111100101110110110,15.297504260657004,9.765625e-05
10111100101110001111,16.11210968149596,9.765625e-05
10101100101010011000,21.72615029142617,9.765625e-05
11111011010111000110,32.99767108585997,9.765625e-05
01101100100000000010,12.870448103013711,9.765625e-05
10110101010101001011,13.014857843563485,9.765625e-05
00011001100001100010,20.639929113939978,9.765625e-05
10101110110101100101,50.73154994625446,9.765625e-05
11010110100110111101,13.514848054161327,9.765625e-05
11111100010000100011,15.25060306743709,9.765625e-05
11010100010100111001,7.432422721382576,9.765625e-05
00011011100110000100,16.30882067777172,9.765625e-05
00001111010110100100,16.055203370773235,9.765625e-05
11010010110010101100,12.830896266550397,9.765625e-05
10001110000010000000,26.28947813209897,9.765625e-05
10100010110011000001,47.582395996638624,9.765625e-05
01001101000100110100,12.480977079775414,9.765625e-05
11001100101010011100,14.615813083520091,9.765625e-05
11010000100100101100,15.871749716588672,9.765625e-05
01101111000100010101,28.29456247074063,9.765625e-05
00110011111100111000,20.374636524221657,9.765625e-05
11111100001010010101,17.620936547704027,9.765625e-05
00001100111001000111,30.938757146555773,9.765625e-05
00001011010011000010,22.13690591732106,9.765625e-05
01000111000100100101,17.69931463724999,9.765625e-05
01011000000100011101,19.30947247235994,9.765625e-05
01101001010001011111,23.820180933130562,9.765625e-05
10100100011011111010,32.38525525233152,9.765625e-05
00000011101011100010,32.77248337202733,9.765625e-05
10100110010011000001,35.99585697300551,9.765625e-05
00111110110011000111,21.068031296518733,9.765625e-05
00011100010001001011,15.141919987901254,9.765625e-05
00111100101111010000,10.80018306129879,9.765625e-05
11111010001110111001,29.93667868978962,9.765625e-05
01001100010011111100,18.01253933945131,9.765625e-05
10111111111110000011,22.43764841765197,9.765625e-05
11000000010101111001,33.48224776881108,9.765625e-05
01100001100010101101,28.91267251476347,9.765625e-05
10100101111100001010,19.166725909763315,9.765625e-05
00101110110111100000,30.982719347009052,9.765625e-05
00000010100010001001,34.16947842830836,9.765625e-05
11010011100100001001,14.849166308346675,9.765625e-05
11110010011111111111,29.216015864317047,9.765625e-05
10101010110110100010,52.79145308926976,9.765625e-05
10000100011001010110,32.85417684735606,9.765625e-05
11110101100100100001,20.87402655980008,9.765625e-05
11111011000001000000,46.34350834451581,9.765625e-05
01000101111100000000,27.209493729549685,9.765625e-05
00111010000000111110,35.429304372057814,9.765625e-05
01101110010111000111,28.497854099399945,9.765625e-05
10010110011110111111,26.132213328233462,9.765625e-05
01110110111100000000,10.072400636061975,9.765625e-05
00010001111011011110,47.71960371827129,9.765625e-05
10110000010110011100,31.32131192922504,9.765625e-05
00001111110110101100,18.914991840833565,9.765625e-05
11100101011101011010,14.25238242991418,9.765625e-05
10111110011011000111,34.51000096571596,9.765625e-05
11101110011101001111,38.1276306491908,9.765625e-05
00111011110111100111,23.290178993664675,9.765625e-05
11000010011101010101,39.75284590009038,9.765625e-05
00011000010001110100,29.90918025366887,9.765625e-05
01101010101000001101,30.046708477404977,9.765625e-05
10001001100010000000,18.787406569618216,9.765625e-05
11110101010101101001,14.484723449417913,9.765625e-05
10011100000000100101,15.440815284288709,9.765625e-05
10100000100011101000,34.27549593020835,9.765625e-05
01110101101110100100,33.720296292747804,9.765625e-05
00000001000010000010,26.736506242799695,9.765625e-05
11001110010001100101,25.490992090455237,9.765625e-05
11100010011010011000,26.696678215692035,9.765625e-05
01000111001010100111,28.729671181317652,9.765625e-05
10100011000001111100,32.792712856440076,9.765625e-05
11111000111000100010,8.724994312720296,9.765625e-05
01111111110110010110,17.416639074918407,9.765625e-05
10100011010011000100,33.919251062782166,9.765625e-05
11010010100110101001,15.640873113930047,9.765625e-05
10010110100101000011,16.643673720473085,9.765625e-05
11001000000000110110,18.917191156541655,9.765625e-05
01111011100000110000,27.131481557910632,9.765625e-05
11001001001000011100,14.854500918858335,9.765625e-05
00110000001100000010,16.292808743566983,9.765625e-05
10010110011011111000,20.61894494471988,9.765625e-05
10100100101101010001,22.51990117399642,9.765625e-05
00110011101110001001,17.018175030283672,9.765625e-05
10110011100010111010,22.549180642678998,9.765625e-05
11100000001010111100,24.155783110151177,9.765625e-05
10110111110011000010,19.553844820949596,9.765625e-05
00101110000100001111,35.780526951708985,9.765625e-05
11010010001110000011,20.643673720473082,9.765625e-05
11001100000100110100,10.437323023194107,9.765625e-05
01111100010110010111,7.736207148510635,9.765625e-05
11100011101010000111,21.28199035610377,9.765625e-05
10011001010101100111,20.83494709002184,9.765625e-05
11011101010101001001,14.302836248273323,9.765625e-05
01001000100110100110,28.70835369471212,9.765625e-05
00100000101110000010,38.09538464709724,9.765625e-05
00000011011011101100,30.317129031427378,9.765625e-05
01111110100010110000,21.616169315390053,9.765625e-05
11111111111101110001,22.627448887671044,9.765625e-05
10100010010000110101,58.28634376801671,9.765625e-05
11110100011101100001,8.232596820225655,9.765625e-05
11011110100110111011,14.439295461244406,9.765625e-05
10010010111111110010,40.21713456812688,9.765625e-05
01001111010101011000,13.477933373677034,9.765625e-05
00000101110111011100,35.34699711186762,9.765625e-05
00110110101110001001,14.439064365104624,9.765625e-05
10011010101011001111,33.084951549614864,9.765625e-05
11011001010111000100,12.439476297441036,9.765625e-05
01000111101110100100,27.023813393720204,9.765625e-05
01101011001001000011,26.20284781942611,9.765625e-05
11010011110011101100,11.411516345155537,9.765625e-05
01000001001011000010,29.903326254990496,9.765625e-05
00111000100111010111,31.470670255884578,9.765625e-05
00101101001001010010,11.871761476194122,9.765625e-05
11101111110000110111,28.568265820864127,9.765625e-05
01111000101100010110,12.914991840833569,9.765625e-05
00000100000110000001,24.41796277058982,9.765625e-05
00110110000001101000,19.63812757139942,9.765625e-05
10011101101100100000,16.63846404980101,9.765625e-05
11010110100111010000,12.360262769120668,9.765625e-05
11111000010001100011,20.35042369219156,9.765625e-05
11010100101000101101,24.68178507242434,9.765625e-05
01100010000110010111,32.02645317218491,9.765625e-05
00110001011100001011,18.53849436737003,9.765625e-05
00101010010001000000,51.95519349628363,9.765625e-05
00111010010101010001,46.41007813051222,9.765625e-05
00011101010001101001,15.244432832647147,9.765625e-05
10110011011111001010,21.82838976431365,9.765625e-05
10100110111101001110,35.54171659228644,9.765625e-05
00110101100010000011,24.25411034707687,9.765625e-05
11110000100000010010,10.072400636061975,9.765625e-05
10111110001110010110,33.48855843050745,9.765625e-05
10001001000011100011,23.87820428252074,9.765625e-05
01001101110011011110,18.976696515549616,0.0001953125
11011011000000010010,31.244086559445222,9.765625e-05
10001101111110011111,26.221946149727977,9.765625e-05
11101001000000010011,28.04648308478116,9.765625e-05
01100010101000010000,19.273054999978886,9.765625e-05
11000110010001011011,17.844142464602328,9.765625e-05
01011010100100100011,20.917512725161448,9.765625e-05
10110000000001011000,23.581018793333797,9.765625e-05
11100011000100100101,28.172508144549884,9.765625e-05
01100010101100000000,21.001197825110516,9.765625e-05
00010110011010101011,26.018660871425396,9.765625e-05
00100000101011110000,44.932169646921196,9.765625e-05
10000000010001110101,50.33413370091404,9.765625e-05
00110001010111000100,16.443673479362815,9.765625e-05
11100001001000000111,17.39477284776804,9.765625e-05
11000000000100100000,16.453095291447283,9.765625e-05
00100101011100011100,22.175568719839696,9.765625e-05
10101001101000100010,19.523690864237707,9.765625e-05
11110111111000111111,20.269624338757303,9.765625e-05
11001100001000111010,12.08584112209002,9.765625e-05
10100100111010011011,30.42495431746128,9.765625e-05
11011110110110111011,11.122570477053907,9.765625e-05
11001100100001101001,12.78455370705234,9.765625e-05
10111101100110101011,18.269624338757303,9.765625e-05
10001110100010100110,25.67480708609574,9.765625e-05
11110101101110000111,24.00237627814712,9.765625e-05
11100111011101101101,20.154218730679695,9.765625e-05
00001100101010110010,27.1890430313778,9.765625e-05
00111101101101010000,10.055193684736283,9.765625e-05
10011100101010011011,19.646551473124973,9.765625e-05
10001100011100111011,27.499861466599825,9.765625e-05
00110000001101110010,28.217221487399897,9.765625e-05
00001111111011011110,20.310589619790786,9.765625e-05
01010001011011000100,22.839266660232873,9.765625e-05
00001110001000100111,24.735345801801707,9.765625e-05
10110110110101011001,19.665634697344807,9.765625e-05
11101111001100010111,34.92703583861007,9.765625e-05
11001110001000011001,20.5446964682604,9.765625e-05
11101111100110101100,27.1841000287277,9.765625e-05
11000011010000001100,10.118563817365718,9.765625e-05
10001011111001000100,30.443256214518172,9.765625e-05
10111100000010100110,22.185047484001196,9.765625e-05
10000110001101001001,24.202241217719124,9.765625e-05
01000000101100110000,38.40642315327467,9.765625e-05
00110000000101110010,26.506339943185303,9.765625e-05
10110111011000000011,24.931951317438994,9.765625e-05
01000010010000000100,18.272506259434046,9.765625e-05
10001110110010110001,27.55129115104945,9.765625e-05
10010000001010111000,29.453426546104033,9.765625e-05
11110000001000100010,13.470392177175611,9.765625e-05
10111000001000001101,28.56281629873662,9.765625e-05
11111001110101101011,15.885004044298572,9.765625e-05
00110111011011100000,16.97949441207011,9.765625e-05
10101101000000100000,25.19948151601961,9.765625e-05
11000011101001001100,12.960756307408655,9.765625e-05
00111001101000010110,16.128536258059647,9.765625e-05
00011100001100101011,16.52368462264436,0.00029296875
01110010010001101101,21.836050676909817,9.765625e-05
10100000000100010100,40.689609435584515,9.765625e-05
11101100100010111000,15.197460560657326,9.765625e-05
10101001110101000000,32.69074875223902,9.765625e-05
00101011000000111010,32.36629184217345,9.765625e-05
10011001111000100100,15.87006252960544,9.765625e-05
00111101011101011011,10.813598951508082,9.765625e-05
00001100000010110000,16.96013211292899,9.765625e-05
10110001101010110010,23.52920588163201,9.765625e-05
01010011111111001001,22.556535299467818,9.765625e-05
01001111001101010100,11.772678656215763,9.765625e-05
00100001101000100100,24.23109782725758,9.765625e-05
01111110100100111100,21.409248726191095,9.765625e-05
11100111100010101001,24.69608970231105,9.765625e-05
11010001110000001100,11.623381656798166,9.765625e-05
01111000111100110011,14.045432695477153,9.765625e-05
01101111101110010101,17.659716786357176,9.765625e-05
10100100001011111000,26.2097246401856,9.765625e-05
10001001101100100111,28.065478361039656,9.765625e-05
10110100100000011001,12.215416216988288,9.765625e-05
10101001101000101000,21.346519362965495,9.765625e-05
10010111100000011011,22.029160585385572,9.765625e-05
11011011010100000101,24.32322909612288,9.765625e-05
11111001101100101011,18.200994668156568,9.765625e-05
10101011001111111001,45.334531779188644,9.765625e-05
01011100001111100001,14.2364193181285,9.765625e-05
01111110111010001110,16.1982997381426,9.765625e-05
01110100000001100000,17.33306817305199,9.765625e-05
00010010000111001000,22.428780336095112,0.0001953125
10010000101010010011,34.39373494165073,9.765625e-05
10010011010001011011,22.07971999314658,9.765625e-05
10010001011000010010,21.58197873179398,9.765625e-05
10011110111010101100,20.11820965906425,9.765625e-05
11110100010110010001,8.07491527879651,9.765625e-05
01000101101001111100,36.28479876061914,9.765625e-05
11000100010101100101,16.55934370398319,9.765625e-05
11010110110011101001,13.06635219093528,9.765625e-05
01000101100010100000,37.963971556310646,9.765625e-05
01000100010101001101,24.28748652911482,9.765625e-05
11110101110001101001,16.52863132027985,9.765625e-05
10101010011000001000,54.63603382345701,9.765625e-05
10111111100010111000,32.113263135683155,9.765625e-05
10101010101001101011,48.00429335791776,9.765625e-05
01110110001001000110,20.040724782327644,9.765625e-05
00000101101010111001,47.18971084072352,9.765625e-05
01010001110001000110,22.839266660232873,9.765625e-05
11100101001100001010,20.391935912832466,9.765625e-05
11010101001100000100,23.726652881746467,9.765625e-05
01100000001000100011,24.625873385048163,9.765625e-05
01010000000101100011,26.920538724328296,9.765625e-05
00101011010001000001,39.7076469232387,9.765625e-05
10000011100001000101,22.367961898174002,9.765625e-05
01011011101101010110,19.73620714851063,9.765625e-05
01100011110110101111,26.109060593180516,9.765625e-05
00011011110111000101,19.58408405383797,0.0001953125
00011000101100100010,25.263416534804065,9.765625e-05
10111111110011000011,27.182943228063905,9.765625e-05
00100001100011101111,37.79290027716516,9.765625e-05
00000110101011111000,34.22882305761467,9.765625e-05
10100010011110011100,56.28843825038018,9.765625e-05
00111000110110100011,22.666478353314034,9.765625e-05
10110011001101000111,26.291320688246437,9.765625e-05
01100000010111000100,30.74584626097932,9.765625e-05
11001111100011101101,15.888053132614006,9.765625e-05
01111110001000010011,21.366008675514692,9.765625e-05
00001100101010000010,22.998368073329416,9.765625e-05
10011100100011001001,15.228832830778828,9.765625e-05
01100111101010001111,24.605174074251195,9.765625e-05
00011100101100100011,17.457849316993315,9.765625e-05
11000101101111111101,26.3643517716309,9.765625e-05
11001000101111011111,37.50255649453736,9.765625e-05
10011111101000101111,25.11606094507645,9.765625e-05
11100001011101010001,22.314759299980686,9.765625e-05
01001111100011011110,15.071083094856707,9.765625e-05
01011011110111100101,15.560364038964009,9.765625e-05
01100010100000011101,25.83466723201164,9.765625e-05
01101101101000100011,20.672366155866285,9.765625e-05
10100100010011010001,29.44146531041551,9.765625e-05
01010011000011010110,18.44793037309298,9.765625e-05
11100011100111111110,21.772399042763997,9.765625e-05
00010111011110101110,26.262015595056777,9.765625e-05
01001110101010001000,17.3599030928071,9.765625e-05
00010100011111010011,30.217134568126884,9.765625e-05
00011001010011100001,16.96990561785082,9.765625e-05
01011101000000110001,25.603060845471497,9.765625e-05
11011101111010110101,17.303266829102398,9.765625e-05
11000010011111100110,36.722999265292536,9.765625e-05
00010011111100010000,20.358689340066277,9.765625e-05
01110010100001101001,20.959380992168445,9.765625e-05
01000101100110111101,37.595140513455384,0.0001953125
11111001010101001011,22.19047537498242,9.765625e-05
10000110101111110001,30.312610498865688,9.765625e-05
01100110010111100101,25.198055609898923,9.765625e-05
10010010101110111010,32.44922147908272,9.765625e-05
10101110110100110010,41.75200682057212,9.765625e-05
00010010000110011011,28.206428713603945,9.765625e-05
10000011010001001110,25.939325346301725,9.765625e-05
00000011000011000000,15.821157533642118,9.765625e-05
11110001101101111110,17.198055609898923,9.765625e-05
01111101000000110010,28.20957648079785,9.765625e-05
11000011001100001101,17.75759626321292,9.765625e-05
00111000010010101101,27.695970622670345,9.765625e-05
01010001000000100000,25.504317921306665,9.765625e-05
11010001111010001111,27.582395996638628,9.765625e-05
01110000100110110011,23.669288645894024,9.765625e-05
01111100100100111110,14.632467126276092,9.765625e-05
11000101101011101000,30.28634376801671,9.765625e-05
10011100110010101101,16.916848436546715,9.765625e-05
00000100110011111001,47.64496556088388,9.765625e-05
10001101101111011100,18.784235877143413,9.765625e-05
10001011011010111111,34.87167455692111,9.765625e-05
01010000000111110001,28.959766489289336,9.765625e-05
01010010011010000000,13.448354701488896,0.0001953125
01001101111110111001,26.753542054805532,9.765625e-05
11001110111110011000,15.617374029387785,9.765625e-05
10001100000100110111,24.928179247002042,9.765625e-05
00011000111110100110,35.052297120177144,9.765625e-05
01001001100110100111,26.28406275678045,9.765625e-05
10000010001100101100,38.164632161820904,9.765625e-05
10010100010010100011,19.596063078642864,9.765625e-05
10101011010000100011,48.8526533727281,9.765625e-05
11100101001101011110,14.36026276912067,9.765625e-05
00100111001011101000,19.622654691702564,9.765625e-05
01000011011011001101,20.18816844497182,9.765625e-05
10100101111011111001,24.958458634121023,9.765625e-05
11000100011001100111,22.166771200611564,9.765625e-05
00010011001000010010,21.395726544634876,9.765625e-05
11011100000110001011,14.110391537497417,9.765625e-05
00001100010001110011,25.17244331821314,9.765625e-05
10000110100010110000,21.125043996965047,9.765625e-05
10010111111000010100,19.691773440748566,9.765625e-05
01100000000000001011,23.03220595662633,9.765625e-05
11010011110010001110,13.718837295538119,9.765625e-05
11111111101101101100,28.308939757412425,9.765625e-05
01101001110011111100,22.130328103723436,9.765625e-05
11111100011010010101,13.508331546169451,9.765625e-05
01101101110101010010,10.917512725161448,9.765625e-05
