bitstring,energy,prob
00011101010001110000,12.950383693983753,9.765625e-05
11100100111110101011,23.078830224780834,9.765625e-05
00100111101010101000,23.789737469789888,9.765625e-05
10100001101000101010,22.37875467196995,9.765625e-05
11110011010011011100,18.053762064303253,9.765625e-05
11101001100011100000,18.241141259594222,9.765625e-05
10011001010110001010,18.486287828889388,9.765625e-05
10110001101000100010,17.05989065982861,9.765625e-05
00000010000111010001,44.30220747734268,9.765625e-05
00000001100101000100,29.00209374794241,9.765625e-05
00001011100000010110,25.02759684236814,9.765625e-05
00111101101111000011,10.303953395704172,9.765625e-05
10000110110101011000,27.122315323625852,9.765625e-05
00010001011001011011,33.75357057438592,9.765625e-05
01100101100001010111,15.451768064205062,9.765625e-05
11000100010111011000,16.13261528026566,9.765625e-05
00111100100111111001,16.469003644327643,9.765625e-05
10110010000101100101,38.92014625119299,9.765625e-05
00011101111111011101,22.151568357092906,9.765625e-05
10010000100100001010,22.501046873971205,9.765625e-05
01110110100100001010,16.995778798208327,9.765625e-05
00001111000001011010,16.53593807457455,9.765625e-05
11110111011000100100,27.88064414623385,9.765625e-05
00110001010100010011,17.02243807847999,9.765625e-05
11110011000101111000,22.86236097395701,9.765625e-05
01001111001110011010,16.257019231408123,9.765625e-05
10000001100100010111,32.06957088428087,9.765625e-05
11010110011000011001,11.6315712034442,9.765625e-05
01010100110111001100,28.23722186211415,9.765625e-05
01111101000101010001,17.824439606161967,9.765625e-05
01011110010100110001,11.007209218263425,9.765625e-05
00100100010100010110,28.113790343458394,9.765625e-05
10001101111101000010,16.45403306068382,9.765625e-05
00011110111011010001,16.421331784018868,9.765625e-05
10100010101111111011,53.65228491796849,9.765625e-05
01100101001011111110,27.468952111886036,9.765625e-05
11010111000011010110,24.931951317438994,9.765625e-05
01011101000000011111,26.874026559800086,9.765625e-05
00111000000101100000,22.325088401858565,9.765625e-05
10000111101111100011,23.913638912796888,9.765625e-05
00100101011111001100,24.185425612463735,9.765625e-05
00001101100000010010,17.67167522489596,9.765625e-05
01110101101010100000,42.628781311626454,9.765625e-05
11111101110111110111,11.062570815855832,9.765625e-05
10011111010101000010,23.648475616037224,9.765625e-05
00001101010010101101,21.581978731793985,9.765625e-05
00010111011011111111,26.724698037217156,9.765625e-05
10101011101100110011,40.97085325862818,9.765625e-05
01101011100100010101,29.46256781401543,9.765625e-05
00100010111110111010,52.63659778968709,9.765625e-05
01100110111110111001,24.071927408959624,9.765625e-05
11111001101010000110,18.305092293136187,9.765625e-05
00010100110111110100,35.88641215636052,9.765625e-05
11111110011101111101,26.75914678862259,9.765625e-05
10000111100100100100,16.32645403106182,9.765625e-05
11000100100000111100,15.055155282775246,9.765625e-05
10011110111111111000,18.755373026011608,9.765625e-05
10000011111011000000,24.067257799804125,9.765625e-05
00010101000111111000,28.942588683201706,9.765625e-05
01110100111000100011,18.39194309598694,9.765625e-05
00001011001010101110,21.7870302420931,9.765625e-05
00001111100001100010,16.428057735368057,9.765625e-05
10011000101010011000,24.654736236179968,9.765625e-05
01001101011111110101,14.505446741215769,9.765625e-05
11101010000110000000,45.72760386859077,9.765625e-05
01000110100101010001,16.43868614951488,9.765625e-05
01000111011110000000,16.388158705777872,9.765625e-05
01100000010101010100,31.072735335162335,9.765625e-05
01111111000001000000,39.273018633758326,9.765625e-05
10111101111000000000,17.889370673819272,9.765625e-05
00011000010010000011,20.311566220302346,9.765625e-05
10001100101011101111,28.773517746573837,9.765625e-05
01010011010110000101,10.959380992168445,9.765625e-05
00010001000111111000,32.5608790253438,9.765625e-05
10010011010111101110,21.08495154961486,9.765625e-05
10101000010010100010,38.44967431626265,9.765625e-05
01010100111010010010,34.29465212167237,9.765625e-05
00000101011100110000,27.667301200138354,9.765625e-05
10101011010111011000,54.36534606288216,9.765625e-05
11110010111101101111,23.391311827116187,9.765625e-05
10110000111010100011,24.44504555729948,9.765625e-05
10000011001111010011,35.20083675724084,9.765625e-05
01111010100100101000,23.26814127341953,9.765625e-05
11010110111011100100,18.753465632277926,9.765625e-05
01110110111001011000,12.848764062047215,9.765625e-05
10111001011010110010,20.250516148164074,9.765625e-05
11011110011100010001,16.82316080910452,9.765625e-05
01101011000110001000,26.960811371421066,9.765625e-05
10100101010101000010,18.128536258059647,9.765625e-05
01010110110001101111,24.24566969617275,9.765625e-05
11001011110100001000,20.741649079057545,9.765625e-05
00001001100010101000,27.029794378774994,9.765625e-05
00100001011100100111,34.57497305822964,9.765625e-05
00000010110010000100,37.69477279755983,9.765625e-05
00101110111000011101,34.20320189060038,9.765625e-05
10000010100000000100,30.272506259434046,9.765625e-05
11011100001100101100,12.951701235189025,9.765625e-05
11110011010010001000,19.04449648220995,9.765625e-05
00001100110011100000,24.43335497260701,9.765625e-05
01101100111111111110,22.827089914257737,9.765625e-05
10111100010001010010,22.906271554841492,9.765625e-05
01110101000001000010,26.547563577122375,9.765625e-05
11000010011110101110,31.11185931165893,9.765625e-05
01110001010001100000,13.143841333663762,9.765625e-05
10110011101010000110,20.99568916891277,9.765625e-05
00000110001101111010,32.12196116532438,9.765625e-05
11000010110001001000,19.656592831893118,9.765625e-05
10110100000110001000,14.990219431526903,9.765625e-05
00001001011101000001,29.296745869614778,9.765625e-05
11010011110100110000,11.586709635715417,9.765625e-05
00100111011110011000,19.741744051701144,9.765625e-05
00110111100110001011,17.570661285581284,9.765625e-05
00100001001011101111,37.12034433348636,9.765625e-05
00110010001010001010,20.208535679154117,9.765625e-05
01111110110101101011,17.202776827783396,9.765625e-05
10011100010110110011,13.366882341995737,9.765625e-05
11001101010111011101,12.585726793610512,9.765625e-05
11110001011001000001,11.824202268428827,9.765625e-05
11100000011111111010,36.62483276890831,9.765625e-05
00001111111101110110,22.231395474384147,9.765625e-05
11010111000110010010,25.880202127098244,9.765625e-05
11011101101000100001,28.437215665330825,9.765625e-05
01111111001111010111,18.207790261909548,9.765625e-05
10111111101001011111,27.768811906992813,9.765625e-05
00101101001001100010,12.42805773536806,9.765625e-05
11010100110101111000,11.223578076398564,9.765625e-05
11101100010000101011,19.69931463724999,9.765625e-05
11001011101011010100,17.99778653596284,9.765625e-05
10010101111110001011,29.178886200827144,9.765625e-05
11011111011100110011,20.994385988572105,9.765625e-05
00110010111110110000,28.849024325061254,9.765625e-05
10111000111100011011,28.881398085780326,9.765625e-05
11101000010111101010,33.62772653631771,9.765625e-05
11111001111100110011,13.12257047705391,9.765625e-05
11111001100010000000,23.165025456504473,9.765625e-05
11111101111111011111,11.818204621322664,9.765625e-05
11100000101110101000,24.645238099944564,9.765625e-05
01111001110101111001,19.26417335862748,9.765625e-05
11010101111111010111,23.366066471185828,9.765625e-05
11101011110000000101,36.54661259027807,9.765625e-05
01110011101101110101,18.591218700220033,9.765625e-05
01111011101010000100,20.238315773805,9.765625e-05
00111011101101000100,20.363908500475063,9.765625e-05
10101100101000000100,22.161821869240917,9.765625e-05
01110001011010101100,22.087381640163812,9.765625e-05
10100100001111111110,34.38525525233152,9.765625e-05
01001001011011001100,18.475903455859044,9.765625e-05
01011111111110100111,19.470006163613533,9.765625e-05
10110010000110011010,30.80509136781306,9.765625e-05
01110110000100111011,17.659716786357176,9.765625e-05
01011011110111110001,17.39367299959092,9.765625e-05
01100010110111110101,43.127424650277085,9.765625e-05
01101010101111101011,34.85552146097921,9.765625e-05
11011010001100111000,20.83003771699121,9.765625e-05
11010110011110110001,12.076822672530191,9.765625e-05
00100011110010001010,22.596646296933997,9.765625e-05
11101000000010011100,29.130155701543536,9.765625e-05
11001111100011000000,19.683053154756493,9.765625e-05
11011001110111001001,15.690571262109325,9.765625e-05
10111101111101110111,12.00045765324697,9.765625e-05
01110010000000101010,19.7365613068121,9.765625e-05
01000100110110100111,38.597293700575115,9.765625e-05
11001010011111110110,39.43963016034477,9.765625e-05
01010010101100101010,29.48757622485659,9.765625e-05
01111100100111101000,17.15141812413666,9.765625e-05
11101001011001100100,18.092092143323008,9.765625e-05
10110011101111111010,23.32862086585162,9.765625e-05
10110011000111110100,28.00237627814712,9.765625e-05
10110000010101111000,30.26614967043538,9.765625e-05
11000001000011111100,17.624925929774673,9.765625e-05
00111001011111100011,16.44773613378472,9.765625e-05
10011011010111101100,22.551669366639192,9.765625e-05
10000101000100101101,18.51269653218397,9.765625e-05
11001001101000100000,14.177794677903371,9.765625e-05
10011111010010000011,24.66763533907205,9.765625e-05
11101010111100110011,42.68489925372424,9.765625e-05
10000010010100001001,42.4249178532737,9.765625e-05
11011110011111000001,15.602647133833838,9.765625e-05
01110011100101001000,15.739927315951341,9.765625e-05
11000001110011001110,21.520295317216465,9.765625e-05
01110100001001100011,19.486329675294034,9.765625e-05
01010010001101001101,22.413719388734677,9.765625e-05
11011001001011111000,19.610536247043378,9.765625e-05
00100010011111010110,57.99410876384397,9.765625e-05
11010110000001101000,17.88937067381928,9.765625e-05
01011100001110011001,14.70774551498996,9.765625e-05
10110101001100011010,19.074927761983204,9.765625e-05
10000010110111000010,47.47301248559939,9.765625e-05
11010010010000100000,11.706185303543332,9.765625e-05
10110100110101111101,18.670596501062334,9.765625e-05
00101110000100101011,31.346220268676426,9.765625e-05
11000110111000111101,18.150830258049538,9.765625e-05
11101001010100110000,25.62591773433529,9.765625e-05
01111111000111101010,28.233599426638754,9.765625e-05
11110111111001110011,19.68572082759702,9.765625e-05
10101001101101110111,33.784755472450186,9.765625e-05
00011100101111111010,28.126647719958694,9.765625e-05
10111111001101100011,29.519578321628714,9.765625e-05
11000001101010100111,31.21069249622133,9.765625e-05
11011111100111111110,18.982426494313337,9.765625e-05
00001010011100111100,51.65509935693714,9.765625e-05
01111111000000011000,40.10585414930301,9.765625e-05
11110001001100100010,17.462567814015433,9.765625e-05
01110101100101010110,17.20375342829496,9.765625e-05
00011000101110000000,23.07555186933567,9.765625e-05
10101111100010010000,33.43966283715365,9.765625e-05
10011100111001111011,18.213466460408778,9.765625e-05
10010110110100110100,19.17090183154656,9.765625e-05
11001110011100111000,17.707070522489758,9.765625e-05
01100001111110011000,27.958397121375214,9.765625e-05
00100100101010101000,32.73675308106591,9.765625e-05
01000100010001011001,20.115697737192075,9.765625e-05
00101010101000001000,33.81906378569971,9.765625e-05
11011011111000010111,20.450872141373168,9.765625e-05
11100011111111001001,23.27877157563097,9.765625e-05
10011100011010111000,15.309192750144785,9.765625e-05
01001100011110011000,16.090881835025797,9.765625e-05
00001001001010011010,27.361499632646265,9.765625e-05
11100111000100001101,25.771810110160523,9.765625e-05
01001001110110101010,27.911208392185625,9.765625e-05
11001111110101100011,18.43929546124441,9.765625e-05
01010110101101100000,23.470392177175608,9.765625e-05
00100011010111010000,31.844010988902127,9.765625e-05
00000010111010111010,54.728280574901184,9.765625e-05
00000011001101101110,32.02244776451694,9.765625e-05
11001011000011101000,18.353746261128794,9.765625e-05
00001110000100010001,23.71843867918614,9.765625e-05
00001011101001101000,23.055139355144938,9.765625e-05
01010110111111111001,24.488102061756706,9.765625e-05
11001111110110110111,16.016610749188857,9.765625e-05
01100110100000110111,20.972947730151844,9.765625e-05
00011100111101010001,16.291228349338,9.765625e-05
01110011111011101110,19.58591848032746,9.765625e-05
01101011111011000010,17.19232499468115,9.765625e-05
11011110000100110100,21.748822692509677,9.765625e-05
00011011101110001000,17.884227837561426,9.765625e-05
11000000011101011100,33.689544685535154,9.765625e-05
01001011000010010101,17.508331546169455,9.765625e-05
11001011101011011110,18.643673720473082,9.765625e-05
00101100000111010101,28.52741748041183,9.765625e-05
00110110011110001000,13.883173796673752,9.765625e-05
11101111101011010110,22.83751872370241,9.765625e-05
01101000110001000111,28.66931779113209,9.765625e-05
01101101000001001000,21.332172250220097,9.765625e-05
01111001110000101100,16.138281966982337,9.765625e-05
10011001011011100001,17.28943465302796,9.765625e-05
00011011111100000100,17.59131874997361,9.765625e-05
11110010111011100100,19.191997184468008,9.765625e-05
01000011011000001100,13.610835341332443,9.765625e-05
10111110101111111010,22.016823011332114,9.765625e-05
01010010110000011001,16.340480603875754,9.765625e-05
00010111110001111100,21.050405006779897,9.765625e-05
11110100010111001101,12.36479818171361,9.765625e-05
10011000010001000001,25.618086209656816,9.765625e-05
10100001001000001101,24.293769416448235,9.765625e-05
00001000011000101100,39.70207060023864,9.765625e-05
01100000101011101010,38.09506681718832,9.765625e-05
00000110010000010101,26.56602530604526,9.765625e-05
10100100010111110101,38.96733777258995,9.765625e-05
01110010100011101000,20.9191863127328,9.765625e-05
10101011101001011001,40.83940811623729,9.765625e-05
11011010111111111101,25.669288645894024,9.765625e-05
11111001001010111001,23.62373715424706,9.765625e-05
11110100010001010000,9.157450641633051,9.765625e-05
00000110010111011001,30.800158094925393,9.765625e-05
01000000100101101110,45.962946867801094,9.765625e-05
00001001110001000000,22.092712806231866,9.765625e-05
00011001111100010101,24.15947339793275,9.765625e-05
00100101000000101001,22.76232716713435,9.765625e-05
00111100001100111011,12.076822672530191,9.765625e-05
00111011101010001000,19.08833886860146,9.765625e-05
10010010110000101110,26.325082160265215,9.765625e-05
00000100101011010101,42.9569658827463,9.765625e-05
00000011111101110000,37.68982712861266,9.765625e-05
00111100001110011011,11.878204282520745,9.765625e-05
00011111101100101001,19.346220268676433,9.765625e-05
11100000101011111101,32.75148651248047,9.765625e-05
11110000011010111111,20.066281199292572,9.765625e-05
11100100000001101000,15.343709070385506,9.765625e-05
01101000001001110111,27.538671133918484,9.765625e-05
01101111111010101010,20.376778360162056,9.765625e-05
11111010101010111111,24.85751306396337,9.765625e-05
01010111110101110111,19.302158018469573,9.765625e-05
00000111101101100111,27.77631835311687,9.765625e-05
00101111101111000010,14.703823701754606,9.765625e-05
11100111010010100011,26.837518723702402,9.765625e-05
00011100010000101110,19.52775123795106,9.765625e-05
10111011010011000000,38.91463923850144,9.765625e-05
01111001111110110001,15.801120830535325,9.765625e-05
01000000100111011101,48.632332119005085,9.765625e-05
01111111010100000110,26.658311982943793,9.765625e-05
11000100110110010011,20.554933350833043,9.765625e-05
10000011001100100100,24.13262776345236,9.765625e-05
11011010000101100111,30.16132832850353,9.765625e-05
01101111111010111000,18.733370213575057,9.765625e-05
10100111001001100001,24.669494644807735,9.765625e-05
01110010011001001010,16.47548881350009,9.765625e-05
01001000101010101011,35.997148078995245,9.765625e-05
01011111001010010010,28.54065929245904,9.765625e-05
11011101000001101001,24.2866128734736,9.765625e-05
01011110100110100011,16.938522067895004,9.765625e-05
11000101100011010110,19.089301517084188,9.765625e-05
01010100001100001011,28.02759684236814,9.765625e-05
00110011101101000111,17.361745648954564,9.765625e-05
10000111001110110111,25.745643255559038,9.765625e-05
01110101110111100110,22.845799390122316,9.765625e-05
00101101011101010001,17.165852374134953,9.765625e-05
11000011111010101110,19.826142458984243,9.765625e-05
11111100101010111000,15.79082961837134,9.765625e-05
01110110000111010010,15.09199906958385,9.765625e-05
11110100010010100010,15.204094368988667,9.765625e-05
00101101110010110010,18.016842383406022,9.765625e-05
01000111000100000101,14.716569676573677,9.765625e-05
00111001010011110111,21.82466335527959,9.765625e-05
00001110001000010011,21.91377362580063,9.765625e-05
10001001111010011100,30.09843373541268,9.765625e-05
01001100010001100000,11.421090893078738,9.765625e-05
00001011110000101100,25.19564029333672,9.765625e-05
11111010101111001010,25.79253536631039,9.765625e-05
00000100100010101000,38.629290915789184,9.765625e-05
11101110100000001000,32.64070071175015,9.765625e-05
01000100000100010110,18.86478839231145,9.765625e-05
00011000011100000010,20.41796277058982,9.765625e-05
00000100001010111100,42.05202091869298,9.765625e-05
11011111110000000100,27.064086040812967,9.765625e-05
00001000000000000000,23.692679049617418,9.765625e-05
11011110000001000010,29.37483628154203,9.765625e-05
11000110100101110010,17.199108632938092,9.765625e-05
01101010010001000111,43.0243719074292,9.765625e-05
00011011101000010110,22.55408279513678,9.765625e-05
11111011111001110100,24.213151220509527,9.765625e-05
00011010101001010000,27.229796213682622,9.765625e-05
00111100110010101001,15.640873113930049,9.765625e-05
11110011000110000101,23.710519255845504,9.765625e-05
00011010110001101111,35.49133836365717,9.765625e-05
01111100110000001010,13.046708477404977,9.765625e-05
01110111010111111001,16.511902117856284,9.765625e-05
10010100001001100111,24.150409374097233,9.765625e-05
11110100110110100111,11.576826209499183,9.765625e-05
11100100111011110000,16.341428059149244,9.765625e-05
00101110111111111100,37.691680279882206,9.765625e-05
10111000101010110010,21.009358960939547,9.765625e-05
10001111111010011101,22.3107280715054,9.765625e-05
00100100100010010101,26.264822148925898,9.765625e-05
11111111010111011111,28.55805914469388,9.765625e-05
01011101011010001001,25.979980046071773,9.765625e-05
11101110011111000110,34.37314313639289,9.765625e-05
00110010100000001010,18.660845077827297,9.765625e-05
01101011010001110100,28.712451528825376,9.765625e-05
00011000000011011011,30.06628119929257,9.765625e-05
01101100010010011110,16.411278458505212,9.765625e-05
01000101110101010111,23.896753959404975,9.765625e-05
10011010111111011011,39.842008965459954,9.765625e-05
01010111111001010001,19.95417088134257,9.765625e-05
00111111101001111101,20.724913722167827,9.765625e-05
11010001010110110110,17.596063078642864,9.765625e-05
00110101101101110110,21.440501193090647,9.765625e-05
01101001111010111101,24.5063399431853,9.765625e-05
11011000111100111011,18.121961165324382,9.765625e-05
11101100000011010001,22.06935246767148,9.765625e-05
00001110100101110011,27.63406014538427,9.765625e-05
11111001011011000101,17.670165723933007,9.765625e-05
00001101110011100001,19.45210276330542,9.765625e-05
00111101011110011000,14.36026276912067,9.765625e-05
01010111111000000110,29.54282914163013,9.765625e-05
01000100001101011110,29.637474955262935,9.765625e-05
00000011000000010001,20.91690621058166,9.765625e-05
10011011010001110110,30.16132832850353,9.765625e-05
00100110010101001001,30.838451622220706,9.765625e-05
01010000001111010110,34.149426521152506,9.765625e-05
10111011101111110110,28.999500511936525,9.765625e-05
01010000101101011101,38.001117147430854,9.765625e-05
01110110110101110001,11.979548654534247,9.765625e-05
11001000101100111011,28.203214297499695,9.765625e-05
11010100110110101011,20.506339943185303,9.765625e-05
01110001011010100110,19.975714407865777,9.765625e-05
11100011110011100000,17.911766905894616,9.765625e-05
10011101100001011110,20.071495027193123,9.765625e-05
00000110001111010000,24.166771200611564,9.765625e-05
00000001111011100110,52.19516528693313,9.765625e-05
11110011001011000011,25.34124170453086,9.765625e-05
01111000100111011010,20.49554716938935,9.765625e-05
11011010001010100100,20.1743833887557,9.765625e-05
10001110000000101010,25.85702804477956,9.765625e-05
00110110110110110110,22.266925877172525,9.765625e-05
00011001001000000000,15.402012876411904,9.765625e-05
01100100110100011000,16.057274655224735,9.765625e-05
11100010011111111100,40.690732824608716,9.765625e-05
11000111111000010110,16.632467126276094,9.765625e-05
11101101010111111110,16.869831178815726,9.765625e-05
11011010101110010011,22.515785823397863,9.765625e-05
00101100100110100001,20.45403306068382,9.765625e-05
10000001111010100010,35.61927340222688,9.765625e-05
01011110001101101100,17.7240468574468,9.765625e-05
01000010111110000011,37.78217681408736,9.765625e-05
00100000010000001110,38.11936563777012,9.765625e-05
11001000101010101011,25.313873063185746,9.765625e-05
00001011101110010000,24.45403306068382,9.765625e-05
10100110111001100011,31.977634284786156,9.765625e-05
00000001000011111110,42.149426521152506,9.765625e-05
10001000010000110101,45.31129618412415,9.765625e-05
11101110100010000011,30.62398128249074,9.765625e-05
10011111010001101101,21.123672213295645,9.765625e-05
00011101000111011110,18.19997622124037,9.765625e-05
10001001101001010101,28.36359338058868,9.765625e-05
00100111000000010000,18.704942198424384,9.765625e-05
11010001001001000000,17.8896085604696,9.765625e-05
10111001110000101100,18.9902194315269,9.765625e-05
01101111010010000000,25.492381651991536,9.765625e-05
00110011010001000100,15.72728139088585,9.765625e-05
01000101010111110101,23.251746770096325,9.765625e-05
10111011000001111110,40.317309416673844,9.765625e-05
10101110000110101110,40.414545326976,9.765625e-05
01111111100110000110,26.517990422946333,9.765625e-05
01010101010101001100,20.002148811954818,9.765625e-05
01110101110101010110,12.136905917321059,9.765625e-05
00010010111000100110,34.7239633826174,9.765625e-05
00100000111110101111,64.80403399165482,9.765625e-05
11010011111010101110,19.975714407865777,9.765625e-05
01001110111000100100,17.46408962350102,9.765625e-05
00001011101010001000,20.24705125300631,9.765625e-05
00111001010000000101,17.413784138784038,9.765625e-05
01010011101001101100,26.852867016586274,9.765625e-05
00010111111000001110,27.594155684909182,9.765625e-05
01101101101100101100,19.72439403973386,9.765625e-05
00001000011011000010,38.33951368940115,9.765625e-05
11100111111111101111,19.32862086585162,9.765625e-05
10101100101111001010,22.54267028915328,9.765625e-05
00000001010011111100,42.04753340859416,9.765625e-05
11100110100000100000,20.38099311322032,9.765625e-05
11101000100110101110,25.06796465840475,9.765625e-05
10010111110111110100,15.377437130764688,9.765625e-05
10100000111111110101,64.07322650881228,9.765625e-05
10001001111111011100,38.13347933699713,9.765625e-05
01110110110000101000,17.046708477404977,9.765625e-05
10000100001111010101,32.75757056241846,9.765625e-05
01001100010000001001,14.164632161820904,9.765625e-05
01001011101100110111,24.946060467246685,9.765625e-05
11000000000010001110,22.490652814903903,9.765625e-05
11011010011111010000,24.73154994625445,9.765625e-05
01110011111001111111,19.46404371783491,9.765625e-05
10011001010111100001,17.94887961306589,9.765625e-05
11000111011100111010,17.561591107689267,9.765625e-05
10000011101001111000,24.315742142085593,9.765625e-05
00001101101001110111,22.81653865705959,9.765625e-05
00011011100111100011,19.86676616286998,9.765625e-05
10000010100010001111,38.45947687929535,9.765625e-05
00110100010000110100,17.211038736947256,9.765625e-05
10100001011101111101,41.379563675528836,9.765625e-05
10010011001000011110,23.39477284776804,9.765625e-05
11000011111010000000,14.247051253006308,9.765625e-05
01101110000110010001,24.73911405724041,9.765625e-05
10010100101010010110,31.246084338531706,9.765625e-05
00010101110101001010,27.320347811900177,9.765625e-05
10011010111111111110,41.44791362391442,9.765625e-05
10010000010010101101,28.169478428308356,9.765625e-05
00100100000010101111,32.677132468255316,9.765625e-05
11010111110110000010,21.133199701909177,9.765625e-05
00000010110010010100,42.88859282357594,9.765625e-05
00101000000000000000,28.136129710583916,9.765625e-05
01100101010101100000,15.02759684236814,9.765625e-05
11010101001111110001,24.072448000478722,9.765625e-05
01111011100001001111,24.710351451752764,9.765625e-05
00111000000101100111,27.773031171011045,9.765625e-05
01011111010000001100,23.482091381388685,9.765625e-05
11011010100010110111,22.250516148164074,9.765625e-05
00000001010010010001,32.29375619884048,9.765625e-05
10010110010001000111,23.27232876930435,9.765625e-05
10000110100100110000,21.20629712914036,9.765625e-05
10111101111001110011,12.623607664988153,9.765625e-05
00010001111110010010,40.28112994011615,9.765625e-05
01001101010100110011,14.593916056829096,9.765625e-05
00011100110011110110,24.773517746573837,9.765625e-05
10111101101111110010,13.853513908728571,9.765625e-05
10011101001101111110,16.598901792879673,9.765625e-05
11101100000000001100,24.087555685849907,9.765625e-05
01100101101000100000,27.122334048405897,9.765625e-05
01101000001000000100,17.65038093620241,9.765625e-05
01001101110101000011,15.787036483686446,9.765625e-05
11110110000000101101,25.455097609156724,9.765625e-05
00111011100000100000,23.57421911868316,9.765625e-05
01000001001100001111,33.06862342900738,9.765625e-05
11100001100101100101,17.141919987901254,9.765625e-05
10100011001110101100,29.228832830778828,9.765625e-05
01000010001111110110,38.9807792764665,9.765625e-05
00100101100010000010,22.04147153871964,9.765625e-05
01100000111011111100,42.53698839838755,9.765625e-05
01000111111000010111,21.646551473124973,9.765625e-05
01000000101000001110,39.42517093313326,9.765625e-05
11010011010010101110,14.60072725691346,9.765625e-05
10000001111110111011,51.29937772556158,9.765625e-05
10000001110101001000,26.64523809994456,9.765625e-05
00011111101010111010,26.780159575799754,9.765625e-05
01101100101010010000,11.686915550450715,9.765625e-05
01100101111101101100,23.06862342900738,9.765625e-05
11100011000011100101,25.51477788406688,9.765625e-05
01110110010111000101,13.074722584617756,9.765625e-05
10111111101101000010,26.66763533907205,9.765625e-05
10010100111110100010,27.99714807899525,9.765625e-05
10010000101111001000,32.321253420769025,9.765625e-05
11100000011010000101,25.183980949087,9.765625e-05
11001010010101100001,41.51009050788431,9.765625e-05
01010111101111010100,23.756278722007654,9.765625e-05
00110000100011001101,30.436654381050644,9.765625e-05
00001011111001110100,31.018708665156126,9.765625e-05
00001101100001010101,15.871385872250247,9.765625e-05
10010111101111111011,22.90605170186597,9.765625e-05
00001001111100000000,26.20757311820824,9.765625e-05
11110110011011001100,19.271433580893525,9.765625e-05
00101111001001101001,22.669494644807738,9.765625e-05
10010000101010011000,30.924679041300244,9.765625e-05
00010011110010011000,19.695970622670345,9.765625e-05
11111110101110101101,21.22106624165359,9.765625e-05
00001001010001000100,21.812940610219435,9.765625e-05
01010000000010011010,28.255430598304677,9.765625e-05
00111000110101100110,28.5488555424884,9.765625e-05
01111110101010010001,17.165537134235706,9.765625e-05
11110001110001111010,13.066352190935277,9.765625e-05
00110011100101000001,14.196038186107451,9.765625e-05
01110111011010100000,26.70399848186176,9.765625e-05
10000110111000110111,36.40921678380329,9.765625e-05
11111001000100100100,22.520893789265486,9.765625e-05
10000011010001001010,23.821157533642122,9.765625e-05
00101010101011010010,39.1296534054905,9.765625e-05
11111111111110101010,23.878603084376593,9.765625e-05
11001011011100000110,24.391993686867412,9.765625e-05
10101000010001110111,60.13600646291836,9.765625e-05
10100000101100001000,30.519567198477308,9.765625e-05
10010100001001000010,19.825333455425366,9.765625e-05
11100010011000001001,29.08875351096042,9.765625e-05
11100011011000001010,20.09341695480995,9.765625e-05
01010011011101010110,16.84587309178756,9.765625e-05
10000001101010000010,30.26614967043538,9.765625e-05
00110011111010101011,22.288368412381026,9.765625e-05
11000110110101001001,15.40354466620171,9.765625e-05
00011001000010011110,23.884227837561426,9.765625e-05
00100100111010010111,35.99096368503642,9.765625e-05
00111011010001100000,25.924941905163777,9.765625e-05
00001110101010000010,19.804538361276347,9.765625e-05
01001110110101111001,21.45688864411206,9.765625e-05
00010111111100001000,19.35965625454088,9.765625e-05
10011011100011101101,21.00598912555258,9.765625e-05
00100011000110010100,26.544591634915786,9.765625e-05
11110110000001110001,24.046473398744205,9.765625e-05
11001011110111001111,25.072801238855245,9.765625e-05
10101110101000110110,35.30825081288339,9.765625e-05
11000010001000001010,20.57570906206833,9.765625e-05
01101000111100101000,26.49482873668715,9.765625e-05
01001001011110110100,20.107876818475503,9.765625e-05
10100101100110000000,16.74968124206886,9.765625e-05
00011101010110011111,17.845930865822506,9.765625e-05
01101111110111111001,19.87824612892538,9.765625e-05
01101110010100001101,31.352231340530423,9.765625e-05
10001001001000110110,23.570376143730705,9.765625e-05
11111100111111110111,8.515698904124847,9.765625e-05
11111101001011011101,24.142990054386253,9.765625e-05
11101101011111001101,18.88702844410446,9.765625e-05
00010110110000011100,20.63652749998944,9.765625e-05
11111011101101100000,28.075878748827506,9.765625e-05
00101000001100000001,34.00972904687132,9.765625e-05
00100110001101011110,30.432940330248055,9.765625e-05
00100110000100011101,29.634369747258557,9.765625e-05
00110010011001010100,30.91267251476347,9.765625e-05
00110110100100000011,12.470879699241898,9.765625e-05
00100011010010011001,29.366706309868356,9.765625e-05
00001000001010101011,38.75757056241846,9.765625e-05
10100011101010101000,22.71828782057221,9.765625e-05
00000001000010010111,34.864091514015044,9.765625e-05
00110000101101110110,35.8603080653671,9.765625e-05
00110100001110110011,19.784755472450186,9.765625e-05
01000000011011001010,41.317476213714436,9.765625e-05
00110010100101010101,31.66738125216034,9.765625e-05
11111011010101000100,39.822173270535785,9.765625e-05
00001011110101010100,35.2460843385317,9.765625e-05
11110011011111000100,17.18918418186548,9.765625e-05
00000000110101110110,69.15489781491736,9.765625e-05
00001000111010000110,42.99836807332942,9.765625e-05
00110011111010000110,15.872294103604782,9.765625e-05
01001000010010100100,20.23517964661334,9.765625e-05
00111100110010101100,19.448354701488896,9.765625e-05
01110111011110001101,16.74363008691962,9.765625e-05
00101000000100001101,44.22828753467759,9.765625e-05
00001100001110100101,24.107876818475503,9.765625e-05
00101000100111101100,46.384323724688336,9.765625e-05
10011100100111100101,14.680961207751508,9.765625e-05
10011011011111000110,25.46666120747276,9.765625e-05
01001111100001010110,14.956759949323597,9.765625e-05
10101110110011010001,44.482610976695454,9.765625e-05
10110001011101010110,21.647322161850013,9.765625e-05
10111000011010010101,33.64087311393004,9.765625e-05
10011001100100010110,20.740341223889235,9.765625e-05
01110010010010011101,17.41151634515554,9.765625e-05
01000000101111100001,51.06016060887961,9.765625e-05
01110100110100010001,5.372811794608934,9.765625e-05
11111111101111111100,23.336471849731197,9.765625e-05
01110101100111000001,22.444187829288566,9.765625e-05
11110001100010011011,21.218646571562658,9.765625e-05
11011110111111100010,14.452767051920153,9.765625e-05
11101010100111000011,44.497854099399945,9.765625e-05
00010111100101111000,19.498891183968993,9.765625e-05
01110010111111110110,26.59012302006777,9.765625e-05
00110011010100000011,16.44793037309298,9.765625e-05
10001010000111011011,54.857604369241116,9.765625e-05
01101101110000110001,15.823160809104522,9.765625e-05
11000111101111011100,13.45177775024202,9.765625e-05
11000111011111010111,17.471804250870672,9.765625e-05
00110011101111000100,15.46372912522953,9.765625e-05
00100110011000010100,27.97742003620161,9.765625e-05
01010111010110100001,19.511132152712484,9.765625e-05
10100011100100000101,31.104700695115795,9.765625e-05
11101100111010001100,15.91057876682106,9.765625e-05
11000010001111110010,32.78797769736659,9.765625e-05
11101011011100110111,39.23709608992993,9.765625e-05
11100111110101110011,19.011870159230472,9.765625e-05
10100111001011100010,24.36805807416998,9.765625e-05
11100100111111101110,24.98348650416329,9.765625e-05
10101001001101011001,38.26900180942001,9.765625e-05
01000101000011110101,24.297581493893055,9.765625e-05
11100100101010110010,18.064703307946065,9.765625e-05
00100001110111101110,42.70043430919951,9.765625e-05
01101101110001000001,14.316699370523239,9.765625e-05
11001000000100111011,26.006590220496943,9.765625e-05
11010110001101001110,19.39477284776804,9.765625e-05
10100011001001011111,35.91264690109621,9.765625e-05
11110011010111010101,22.059645709627013,9.765625e-05
01100110111011000100,18.413719388734677,9.765625e-05
11111010100000000011,33.74982696406514,9.765625e-05
00101010010101000100,64.0009509868443,9.765625e-05
11100100101000010000,9.849396190294263,9.765625e-05
11101011000111111010,35.058945278123616,9.765625e-05
00111001001111010110,17.60436527783238,9.765625e-05
11000001000000000111,16.42458315417334,9.765625e-05
11111001011111111000,17.490042132299262,9.765625e-05
10111111001111000100,31.8422929320308,9.765625e-05
10101101100001000010,18.172508144549887,9.765625e-05
10000110001011000010,25.673484026878377,9.765625e-05
00101001011010001010,22.764045311132893,9.765625e-05
01011001011000110001,16.176477136698104,9.765625e-05
01100111110011001010,17.455255677503672,9.765625e-05
01100001110100100000,18.65473623617997,9.765625e-05
11011111111000101000,25.541016895204102,9.765625e-05
00110001010010110101,22.60156467128934,9.765625e-05
00111110100100011101,23.77455565269115,9.765625e-05
10001110100011010111,32.155166185953185,9.765625e-05
01000101100111001100,30.412897167568033,9.765625e-05
00101001000001010100,26.201293762445633,9.765625e-05
00001011011001111101,34.83925270820404,9.765625e-05
00111000110001001010,23.030840327423075,9.765625e-05
01100110111100010011,18.536714928605562,9.765625e-05
01100110010010100000,18.69386718869098,9.765625e-05
00010111110010010111,22.206425269160334,9.765625e-05
01100110010001000111,21.976693805527077,9.765625e-05
01100110000001110001,20.428057735368057,9.765625e-05
01101010101011101110,28.689662121669667,9.765625e-05
10111011011001011110,38.11683787539485,9.765625e-05
10110000010111110000,31.65997153135912,9.765625e-05
11011100110000110101,7.237648998499623,9.765625e-05
01100101010000001100,16.901861925272595,9.765625e-05
00110101110010110101,22.68943121103375,9.765625e-05
11100110110010111010,18.27849809500917,9.765625e-05
10001011000001010001,38.38628618243442,9.765625e-05
00101000010100011100,52.48548945292859,9.765625e-05
11111000000011011111,26.447930373092987,9.765625e-05
00111010100101010001,37.170500613935424,9.765625e-05
10000100010010011100,28.189364382017718,9.765625e-05
01000110001011010100,17.229796213682622,9.765625e-05
00111011001011000111,20.88674789993139,9.765625e-05
11000100010001001000,11.094078435435122,9.765625e-05
10000110100111111000,24.166771200611564,9.765625e-05
01001101000000011101,17.164348995162143,9.765625e-05
11010100100101100101,13.159544389575464,9.765625e-05
00000011101011100100,29.7323756118647,9.765625e-05
01101011100010001100,21.273695132928673,9.765625e-05
11010000001011101011,29.354491249059382,9.765625e-05
10010100001110000001,16.471294341600856,9.765625e-05
01110001000110011010,22.551669366639196,9.765625e-05
10100100011010100011,28.118128981384583,9.765625e-05
10101001011010001011,31.06635219093528,9.765625e-05
10101011000010110000,43.433139353147354,9.765625e-05
10111111001111010110,30.458738438065197,9.765625e-05
01011001010000010100,11.511742835317127,9.765625e-05
11101111101110101100,23.852936539386853,9.765625e-05
00101111110011110101,24.246671481037573,9.765625e-05
11111100101010000100,17.663264747918234,9.765625e-05
01010001101010001001,44.13917444537063,9.765625e-05
01011010000111101010,20.69134558078185,9.765625e-05
10001100100101101110,24.193777456030226,9.765625e-05
10101111100011011001,30.473796588275892,9.765625e-05
10011000010101110100,34.665825530037495,9.765625e-05
11101110110101000001,37.65638784003154,9.765625e-05
10011101001001110011,16.8698107888933,9.765625e-05
00001110101110100110,26.09464956318349,9.765625e-05
00001000011000001101,42.40977873111607,9.765625e-05
01001000001010101001,26.989657473374297,9.765625e-05
01010011111101110000,21.45210276330542,9.765625e-05
01010001101110011100,39.45117123566223,9.765625e-05
11111111000110101110,37.95996009214355,9.765625e-05
01111000001100001111,16.48628782888939,9.765625e-05
01101110010000010110,26.29323941152326,9.765625e-05
11000000110010000100,20.364021240555395,9.765625e-05
01000111000101000000,12.716569676573677,0.0001953125
00100111010100111100,23.96362437402359,9.765625e-05
11011011111101110111,20.39048264077494,9.765625e-05
10010000100101110011,32.82708991425773,9.765625e-05
11110001100010110111,19.467092806150347,9.765625e-05
11101100010110001101,25.045806312979735,9.765625e-05
11000000010011100000,22.279671851991594,9.765625e-05
01010011110000100010,21.05989065982861,9.765625e-05
00000001100001000010,28.40349313376011,9.765625e-05
11001011100010000010,20.270941879962564,9.765625e-05
00111011101101000101,21.91159910180188,9.765625e-05
01111010011011000000,19.892662246872206,9.765625e-05
10100111110001011101,23.644621910167636,9.765625e-05
10100111101111111111,24.664495799912785,9.765625e-05
10111101110001111111,16.7038237017546,0.0001953125
01110011111010100010,19.07504062166674,9.765625e-05
11001001110011100101,16.330635285353292,9.765625e-05
11111001101000100010,18.687765333897886,9.765625e-05
00011101010011010001,11.887323370368662,9.765625e-05
00001001110011010101,34.983486504163295,9.765625e-05
00111000100011101000,24.49185064001442,9.765625e-05
01011101011011011101,18.352053115979658,9.765625e-05
00001001011011101100,30.504399665502685,9.765625e-05
11111110001100011001,30.29456247074063,9.765625e-05
11110000010111000011,18.120415325129073,9.765625e-05
11111010011110110111,31.885177366403415,9.765625e-05
01000101110001001001,25.827491218996066,9.765625e-05
01111011101011101101,21.866786356492156,9.765625e-05
10011110100111111111,21.89262612561972,9.765625e-05
10110111101010101101,24.310657901410956,9.765625e-05
00111110011010101100,21.51800281900583,9.765625e-05
00011000000101110100,29.370190566260213,9.765625e-05
00010001100001010000,24.00118813907356,9.765625e-05
00001101110101101101,24.15947339793275,9.765625e-05
11011011001001000110,26.169308834118013,9.765625e-05
11100110000010011101,23.909942910702966,9.765625e-05
10110000110110000111,27.27968342609317,9.765625e-05
11101001111011000100,16.002395650221032,9.765625e-05
10001100101110111110,28.71774524533334,9.765625e-05
01111010111101100000,21.451777750242016,9.765625e-05
00100010010100100000,41.97275314790847,9.765625e-05
11010010011011111101,22.381085572141625,9.765625e-05
11011001111111010111,18.2810102240214,9.765625e-05
01100101111001100100,18.66697096333011,9.765625e-05
01110011101011000000,17.985064199209553,9.765625e-05
01110101010011001100,21.92302202824341,9.765625e-05
01000100011111111110,42.97516213575013,9.765625e-05
11010100111000010000,12.811553720877649,9.765625e-05
00111000011110111100,31.802386839298993,9.765625e-05
11011111110010000010,27.77084599283566,9.765625e-05
10110100000110100101,17.15141812413666,9.765625e-05
11110111110111101101,14.930758824836712,9.765625e-05
01110001100010010101,19.58623721932151,9.765625e-05
01010110010111110010,16.846878321095996,9.765625e-05
10001101100110000001,16.055203370773235,9.765625e-05
11100001001101011000,18.11820965906425,9.765625e-05
11110110100001000001,20.505512301973575,9.765625e-05
01100100001111110110,24.587512397680946,9.765625e-05
00111100010000011111,18.128536258059647,9.765625e-05
01010001010000000001,15.91152975366536,9.765625e-05
01001000000110000000,18.696138426763085,9.765625e-05
01010010100011010100,20.91267251476347,9.765625e-05
11110110010101010011,20.178096874449253,9.765625e-05
11011001010001101111,14.488894723405162,9.765625e-05
11010100011010101010,25.441818734295914,9.765625e-05
01011011010010010100,12.905317857974651,9.765625e-05
00100001010100100110,28.58287465462588,9.765625e-05
00110100101011101101,31.09287625679588,9.765625e-05
10101000111111010100,58.10689125550824,9.765625e-05
01111110000110011001,20.457518149463766,9.765625e-05
01100110101011100000,21.162939016671764,9.765625e-05
11100011010011111010,23.191429071849257,9.765625e-05
10110101000010011000,24.47568503924964,9.765625e-05
10100110101001000001,26.128536258059647,9.765625e-05
01111011111010100000,16.82030345721487,9.765625e-05
11111001111111101100,13.587126900560056,9.765625e-05
10111011001011111111,33.36788058404029,9.765625e-05
10010010010000001000,18.766381299254355,9.765625e-05
00000100111001100000,38.44624847035979,9.765625e-05
01000010010101001011,34.994841236111846,9.765625e-05
00001011111100011111,39.615161496071934,9.765625e-05
01000011110010000100,13.385284397569588,9.765625e-05
01000011011010100100,17.40354466620171,9.765625e-05
01111001001010100000,20.080980680241836,9.765625e-05
00001000100101100100,42.32855122344784,9.765625e-05
11101011111111100101,31.521287416044338,9.765625e-05
01111011100111100010,21.193333755560396,9.765625e-05
11011010000111101000,21.445261242250147,9.765625e-05
01101110100101100011,24.18469332569972,9.765625e-05
01000000101001011101,44.19686747082537,9.765625e-05
01011111011011101011,20.704826221040506,9.765625e-05
10010100110000100111,21.29471687172173,9.765625e-05
01010000001111111000,37.999017157895096,9.765625e-05
10110100000011101010,20.355464405127336,9.765625e-05
01011111010110010000,15.250603067437083,9.765625e-05
10110010010001110101,44.2036246626173,9.765625e-05
10100001110011110011,34.444068956787916,9.765625e-05
10111000010111101111,38.59543180977211,9.765625e-05
01111111101011010001,23.52929216445098,9.765625e-05
10010101100000100010,28.020171928357684,9.765625e-05
00101000111010101101,46.516027143651975,9.765625e-05
11101011101011101001,27.13600030845221,9.765625e-05
11101011100100011101,38.08098068024184,9.765625e-05
10001010100011110111,50.75906955538653,9.765625e-05
00011101000000000001,17.623442227982853,9.765625e-05
11010001111110010001,21.273681180899843,9.765625e-05
11100010011110100010,31.770363068856533,9.765625e-05
10100111001011110110,25.70388147578955,9.765625e-05
01001010101000000000,20.164632161820904,9.765625e-05
11100101001011010100,15.445261242250147,9.765625e-05
00011101101010011111,31.285922149643334,9.765625e-05
11011111110101101110,17.36121375596497,9.765625e-05
00101100111011011000,26.386231852843082,9.765625e-05
11100100001111001101,20.73615906051264,9.765625e-05
00011101000111000001,10.908355616746947,9.765625e-05
00011010110111101100,34.123309005411265,9.765625e-05
00110101110110001100,20.238731275540246,9.765625e-05
11101100000010001000,22.33427568419946,9.765625e-05
01001010010101110110,38.34807333281877,9.765625e-05
10011110100100000001,20.14020184390272,9.765625e-05
11011101011110001000,19.202318450955183,9.765625e-05
10100011000011011111,36.799938845518255,9.765625e-05
10011110110011101110,22.207453402113494,9.765625e-05
10011011101000001000,22.201358512494995,9.765625e-05
00100111010001101111,23.537588758501183,9.765625e-05
01111111100001101001,32.80627072993479,9.765625e-05
00101011000101111010,37.22201369692708,9.765625e-05
01110100001010000011,20.66841218226324,9.765625e-05
10100111100001000110,21.73059353936507,9.765625e-05
10110110001111010110,27.19142907184926,9.765625e-05
10011010000000000011,33.55786624378473,9.765625e-05
11110101000101010100,15.937032848091093,9.765625e-05
01011001010101101110,17.422215016524003,9.765625e-05
01011001000111001110,20.60348601705185,9.765625e-05
10110001100111101100,19.279748176142533,9.765625e-05
10001010101110111000,39.938230586074404,9.765625e-05
01100101110100100110,19.358689340066277,9.765625e-05
01111101000101000001,20.460055979270464,9.765625e-05
10101011111011000010,34.30492999621573,9.765625e-05
01111100010111000101,10.355464405127336,9.765625e-05
11000001101010110011,32.84131271282123,9.765625e-05
11110010000101101100,25.154235392731064,9.765625e-05
01001001101100001001,26.910636540856007,9.765625e-05
00010001010100000011,20.585617487133963,9.765625e-05
01010011100111001001,21.00221816009134,9.765625e-05
10010000001110101000,27.07555186933567,9.765625e-05
11001100111110111010,16.750018662031575,9.765625e-05
11111001001010110001,22.651343682652158,9.765625e-05
11111110011101011001,28.039873415922933,9.765625e-05
11100001100010001110,16.75236005894865,9.765625e-05
01110000101100010000,13.438034344086844,9.765625e-05
00100011101101101000,26.130328103723436,9.765625e-05
10100101111011100110,23.353530576178127,9.765625e-05
10010000100000010001,20.30947247235994,9.765625e-05
01010010010110011011,20.206428713603945,9.765625e-05
01100000101011111001,41.064428048023025,9.765625e-05
01111101001111101000,24.24023565072538,9.765625e-05
00101111000100100101,29.069364950858173,9.765625e-05
01001110010100110111,20.760135796033467,9.765625e-05
10110110010101011010,25.81934351875468,9.765625e-05
00110011000101000001,16.50246321365814,9.765625e-05
10111000000011000101,34.74453569578847,9.765625e-05
10011111111010011110,22.154218730679688,9.765625e-05
11011101100100101101,20.29323941152326,9.765625e-05
00100011101101111111,38.444068956787916,9.765625e-05
11110011111010100100,14.600727256913459,9.765625e-05
01011001001001011000,21.556594717008952,9.765625e-05
11000000111010010000,25.651270617440954,9.765625e-05
10101101101001010110,16.844154947789022,9.765625e-05
10110101011001000110,16.114031027258463,9.765625e-05
01011010101011111101,26.55675463600216,9.765625e-05
10100001111100001100,26.304410313781755,9.765625e-05
11111101010101010010,20.046473398744205,9.765625e-05
01101011110101100100,26.536776223371493,9.765625e-05
11110011111001100110,15.127119107254611,9.765625e-05
01100111000001011100,16.067445073937794,9.765625e-05
01111110011101101000,18.110391537497414,9.765625e-05
11111111011111101001,25.50449592862587,9.765625e-05
00100100000001010001,19.408269328529798,9.765625e-05
01001011010100110100,19.67167522489596,9.765625e-05
01111111100011110110,25.21256718026047,9.765625e-05
11110110010111100001,18.533940317124248,9.765625e-05
00100101011001001011,21.07005840634716,9.765625e-05
10111011011001001000,34.913688251657135,9.765625e-05
01001100011010100011,17.45688864411206,9.765625e-05
11100111010100000001,26.795645673104374,9.765625e-05
01000100111100010001,26.886813384811468,9.765625e-05
11000011001000001100,12.917260368883131,9.765625e-05
00010010101110101010,37.00168899876047,9.765625e-05
10101100101001100000,18.51050244022072,9.765625e-05
11001101000010010100,14.643179015252322,9.765625e-05
11011011101101110111,22.411572661188167,9.765625e-05
10001011010000111010,32.1706186648878,9.765625e-05
10100010001100001111,49.40444412060441,9.765625e-05
10011010111010010000,28.471294341600853,9.765625e-05
00100110011010100100,29.06796465840475,9.765625e-05
10111000111101011100,37.225961232593086,9.765625e-05
00001011101111100111,32.075643604675726,9.765625e-05
01000111000000001011,23.557866243784726,9.765625e-05
10111000000001100011,28.35042369219156,9.765625e-05
01011001101011000010,27.10467852589214,9.765625e-05
11111011101011111100,24.046341923044007,9.765625e-05
10101011011101100110,48.31035080241915,9.765625e-05
01110001110100101011,21.555807180728664,9.765625e-05
00110101000010011010,26.664274368173768,9.765625e-05
10111110100011100010,27.72401779933594,9.765625e-05
00011011010010100000,14.182795618002997,9.765625e-05
00110000010010011100,28.3974347083292,9.765625e-05
11111010100110010010,29.46561879039549,9.765625e-05
01001100011010000011,15.18498617839544,9.765625e-05
10011111000000101100,28.827318816816174,9.765625e-05
10010110100101111101,18.717378680132562,9.765625e-05
01101101100110100111,18.64654178708802,9.765625e-05
01101010010101110101,53.23831150781312,9.765625e-05
01101010001010110010,24.82557612566673,9.765625e-05
00111111010110110100,21.623737154247056,9.765625e-05
01011000111111000000,20.850000925572814,9.765625e-05
01010001101011000001,37.395896971213304,9.765625e-05
11101000010000001011,30.776765672284704,9.765625e-05
10100010010110100010,49.189335323906846,9.765625e-05
10100101010100011111,24.75819029460601,9.765625e-05
10100010101111011000,45.90137004967758,9.765625e-05
01001111101101101101,18.279372757702532,9.765625e-05
00100001011111001000,32.67488060225712,9.765625e-05
00011000011000111101,32.564010592276325,9.765625e-05
10001111010011010010,23.93667868978962,9.765625e-05
11010000100101110111,24.385255252331522,9.765625e-05
01001101001111110110,15.741940484590764,9.765625e-05
01011101100100011010,28.928230855731023,9.765625e-05
10001011111011110111,37.811327626308774,9.765625e-05
00111101110101011111,13.569232756974912,9.765625e-05
11100011000111111010,25.616975608926392,9.765625e-05
00001111110110100110,19.009358960939544,9.765625e-05
00111001110100101001,19.14191998790125,9.765625e-05
11010000110010111000,18.098433735412684,9.765625e-05
00111001000111100111,18.60611184348773,9.765625e-05
01111110010001100100,25.380399092667048,9.765625e-05
11000011010111010000,17.839417802274244,9.765625e-05
00110111000101100101,15.968210671764265,9.765625e-05
10100100000100011011,24.733425924881328,9.765625e-05
10011000001101001010,25.166725909763315,9.765625e-05
01011101000001001000,28.636984810301314,9.765625e-05
00001001010000100001,22.880735576466826,9.765625e-05
11111001100011011010,21.514777884066884,9.765625e-05
00010111101101111100,24.982719347009056,9.765625e-05
00100110001010011010,23.640916554132048,9.765625e-05
10010111010101110001,13.560884543355904,9.765625e-05
11110001010000010000,11.82162724001348,9.765625e-05
00100001010000000100,19.414198781142993,9.765625e-05
10111001011000110010,20.234237709351945,9.765625e-05
11100011101001100001,21.423265612968073,9.765625e-05
01000100111111100010,44.081173396056776,9.765625e-05
11110010011100101010,18.362456861083917,9.765625e-05
10000001100001110111,32.38525525233152,9.765625e-05
01110111100101101011,24.860326888114173,9.765625e-05
00001011011111111111,41.17788389952113,9.765625e-05
11101011001001001110,32.66387479406883,9.765625e-05
01111101011010000001,19.506472240433766,9.765625e-05
10110001000011001101,20.412309213944056,9.765625e-05
00100000001010111001,44.93875714655577,9.765625e-05
10011010100011010101,37.157867172056626,9.765625e-05
00011001000000001000,18.039536643254078,9.765625e-05
01011001001111110100,19.102795287823408,9.765625e-05
10110101000101110110,16.556889643273166,9.765625e-05
11111000100111000000,18.72964255252077,9.765625e-05
01010011011110010001,15.845930865822508,9.765625e-05
00101100001101010110,22.806215578795182,9.765625e-05
11001011111101011110,24.61894494471988,9.765625e-05
00100101111011010101,25.20546804072269,9.765625e-05
10010001010101010101,21.239566187033642,9.765625e-05
00001101010001011000,15.73501900943707,9.765625e-05
00110010010101000011,29.51835533380111,9.765625e-05
01110101101111111101,30.94902804508472,9.765625e-05
10000010000111101011,45.15222712769554,9.765625e-05
10111111100101101001,26.899635330754876,9.765625e-05
10011110000001010001,28.05519368473628,9.765625e-05
00011100101111011110,28.393734941650727,9.765625e-05
01111111101111100011,21.561816158126298,9.765625e-05
10100100110111011100,34.74774814754072,9.765625e-05
10100000111111111101,66.43097807964203,9.765625e-05
01001011110101110000,21.925337088321626,9.765625e-05
11000010110111101110,34.32027682025747,9.765625e-05
10111011010011101011,33.14927129821348,9.765625e-05
00110000101110110011,34.794398323629736,9.765625e-05
10100101110010100011,22.423194621325365,9.765625e-05
01111110101011100010,19.96543869401811,9.765625e-05
10011101110101101100,12.41127845850521,9.765625e-05
01001110011001101101,19.97014712360881,9.765625e-05
11100010100111100010,30.33096309556643,9.765625e-05
10010100001010111001,24.297591179930016,9.765625e-05
11011111101011110000,25.610310854419566,9.765625e-05
00000000101010001101,56.63831934565323,9.765625e-05
01010101100011101111,51.247912610555055,9.765625e-05
10011101111100010001,13.03728331925357,9.765625e-05
10010111001111111110,22.24667148103758,9.765625e-05
00000011000101110000,25.184986178395437,9.765625e-05
01111001001100100110,14.381340306347198,9.765625e-05
01011110110111110011,12.807679184931835,9.765625e-05
11101010111100101010,33.938233383224144,9.765625e-05
11100111111110100010,20.981648644070006,9.765625e-05
01010001011011110110,33.440430935869,9.765625e-05
11010101000101000001,17.32392626868655,9.765625e-05
10110011010100000001,25.882362290232386,9.765625e-05
11010110101010110011,24.297221093998242,9.765625e-05
01010001100011100101,34.48836638362256,9.765625e-05
00100101100011101110,29.42588936583546,9.765625e-05
00010010001100100011,28.090242730764334,9.765625e-05
00010001011001111010,37.16011624090508,9.765625e-05
01000110110010000100,17.00209374794241,9.765625e-05
10111001111001010101,23.20571841055971,9.765625e-05
10110000110011011100,31.21764125512702,9.765625e-05
11001111010001111011,18.839156081257887,9.765625e-05
00101001010100001110,30.09246596796565,9.765625e-05
10100010011000110010,47.40391058410863,9.765625e-05
01011000011101110000,18.23853243814482,9.765625e-05
00101100100001000000,16.78740656961822,9.765625e-05
00010000111101100101,48.85765124304691,9.765625e-05
11110011010011110000,20.467163797793056,9.765625e-05
10000011011110001011,32.733268090252984,9.765625e-05
10000101000011010110,20.48724152575623,9.765625e-05
00000010010010010100,39.79707784245459,9.765625e-05
10110010111110100111,33.75226271921761,9.765625e-05
10001001000101110010,26.84692611482673,9.765625e-05
10010101011110100101,21.385326243974234,9.765625e-05
01000100100001010100,20.164632161820904,9.765625e-05
01010010000111100011,24.648259931086553,9.765625e-05
01100100010110110000,18.106829019181173,9.765625e-05
01101000011001100110,24.020629276497573,9.765625e-05
11101001110011001100,19.159798203856095,9.765625e-05
01100001011000010100,12.833164060178893,9.765625e-05
01011011100011111101,21.191429071849257,9.765625e-05
10101100111001101010,22.784235877143413,9.765625e-05
01000011101110111110,33.93867646887611,9.765625e-05
10100101001101000000,14.603964675039103,9.765625e-05
11001000011010111101,26.992467765954288,9.765625e-05
10101001000111100100,32.5367762233715,9.765625e-05
10001001110001011011,33.04847117783069,9.765625e-05
11000000101010100011,33.997148078995245,9.765625e-05
01110001000100011001,18.21540653095133,9.765625e-05
01110001111001000110,13.900971334948924,9.765625e-05
11000001000111010111,24.177023363520647,9.765625e-05
11100001101011011100,17.695970622670345,9.765625e-05
10011110000101111110,26.473821467522082,9.765625e-05
00101000011010010011,39.69168027988221,9.765625e-05
00110010111010000010,20.074904672834613,9.765625e-05
00000001100111011110,48.38199118101048,9.765625e-05
01100010100100111010,28.545792170048845,9.765625e-05
00000010111000011000,42.22763845011192,9.765625e-05
01100001011110100011,28.752424281717005,9.765625e-05
00011111101101000100,15.076161915486267,9.765625e-05
11110100111111010100,10.311566220302346,9.765625e-05
00010111111110100110,29.68096839090598,9.765625e-05
11011111101110101111,24.334602770831356,9.765625e-05
01001110110111100111,22.60070706329128,9.765625e-05
11100011000110111110,24.046588761310225,9.765625e-05
10100001000101001100,25.51794848941449,9.765625e-05
00001011000100111100,28.32926432364181,9.765625e-05
01111011100100110111,23.5844864856413,9.765625e-05
01110100011001010010,10.487241525756229,9.765625e-05
11110111010001111110,22.931951317438994,9.765625e-05
10100011111011111111,39.19492584390382,9.765625e-05
01011111000111100101,17.750670630874197,9.765625e-05
00111111111010001000,18.776351029925742,9.765625e-05
11111000010000001110,19.49328101926704,9.765625e-05
00010111011110010100,16.48724152575623,9.765625e-05
11101010110000111000,36.755155332983456,9.765625e-05
01111001001011110000,18.200994668156568,9.765625e-05
01011001100101010100,17.091807197363018,9.765625e-05
10001000100111110001,45.5361892988455,9.765625e-05
11011001011000101110,13.996852222009732,9.765625e-05
10110111101010110111,25.860313670506397,9.765625e-05
10110100111011011000,18.429734032961953,9.765625e-05
01111001010011010001,16.1008100135598,9.765625e-05
01101101100001101010,20.90627155484149,9.765625e-05
10011001100101011000,20.06796465840475,9.765625e-05
11011001110000010010,14.250886234095844,9.765625e-05
11110011101110100100,18.10750130165883,9.765625e-05
01100100101011000100,21.27549593020835,9.765625e-05
11011110010110101010,14.611496185503569,9.765625e-05
01000010001111101101,38.75148651248047,9.765625e-05
01010111011000001001,24.158407870070697,9.765625e-05
11011101011110101001,17.34622026867643,9.765625e-05
10110100100110001101,15.699741588131593,9.765625e-05
00110010101111111111,41.17383582349059,9.765625e-05
00111010000110001100,31.829997633695964,9.765625e-05
11100101100001010110,11.445261242250144,9.765625e-05
01001011110110100000,17.340538377910697,9.765625e-05
11100110001010000000,23.206268794610743,9.765625e-05
11111011110010000100,27.30701988049205,9.765625e-05
00111011011000111010,23.025383378330982,9.765625e-05
11001001111101000000,16.427640285019542,9.765625e-05
11000001110111111100,25.689781837764414,9.765625e-05
01111100010000011010,12.142058439615866,9.765625e-05
11111001001011101011,22.24005191900233,9.765625e-05
01110011011110100101,15.116766883752135,9.765625e-05
01101000111111010100,33.754708737396875,9.765625e-05
01101110000110010101,26.238346905484356,9.765625e-05
00010000011001110001,38.13748121309428,9.765625e-05
00111000000101101110,28.54233903449653,9.765625e-05
00110001010110011010,22.32645936357005,9.765625e-05
11000001010101000011,20.606636515904476,9.765625e-05
00000001001001011101,37.001117147430854,9.765625e-05
10000011010101101100,28.255430598304677,9.765625e-05
00101000001111000000,35.06862342900739,9.765625e-05
10110011100001011100,21.581564823856095,9.765625e-05
11001100111100000100,12.453095291447283,9.765625e-05
10110100010111010000,16.753465632277926,9.765625e-05
00010111101011111000,31.285922149643337,9.765625e-05
01000000011101010000,35.11227468843895,9.765625e-05
11000010110010110010,24.27021556216083,9.765625e-05
10001010111001100011,49.173900464776565,9.765625e-05
10111010101100010101,44.79366655330692,9.765625e-05
10101000011011111101,58.39373494165073,9.765625e-05
11110101101010110001,28.984356791691752,9.765625e-05
00010110111011001101,27.27968342609317,9.765625e-05
00001100110010101010,29.396308082001454,9.765625e-05
00101111101001110000,18.899368004599214,9.765625e-05
10111011110101111110,35.273272780134235,9.765625e-05
11010010110101100101,19.48797933053234,9.765625e-05
01011100101010101011,31.988427793003172,9.765625e-05
10101010110001001000,57.665121343631384,9.765625e-05
00011100110111011110,26.75148651248047,9.765625e-05
00000011010011101110,30.121378708032868,9.765625e-05
00110111101110000100,16.913623501607773,9.765625e-05
00110100110001011100,20.080773739766997,9.765625e-05
10111101100011111111,19.370800906678067,9.765625e-05
00101101111001000000,12.181228430541958,9.765625e-05
10101010101100100000,46.652908062123636,9.765625e-05
01110010011100010100,15.86828065340605,9.765625e-05
01101101010111110111,14.184606406426713,9.765625e-05
11001111100110101110,17.498891183968993,9.765625e-05
10010001101111000001,24.955840937343112,9.765625e-05
11010001001101101011,25.266094704389992,9.765625e-05
11010001000011111000,21.51519252642584,9.765625e-05
11000001101011101011,35.59221216992302,9.765625e-05
11100010111111111110,39.950200892982025,9.765625e-05
01010111100011001101,27.396516703400856,9.765625e-05
11110101010010100100,22.921670732873096,9.765625e-05
11011101111011011011,20.10182148446159,9.765625e-05
10010011101101110011,26.68373266905647,9.765625e-05
01110011000101000000,16.951066396919437,9.765625e-05
00101111010100111011,29.41270113816216,9.765625e-05
01101010101111000111,34.8363652695152,9.765625e-05
01101011110000000100,22.110739454205536,9.765625e-05
10111011111110101011,23.818204621322664,9.765625e-05
00101011110001111000,35.2831215431003,9.765625e-05
11000010001110000011,29.074234328130405,9.765625e-05
11110001001000110000,17.761431244302457,9.765625e-05
01010011010000100110,16.26778160794578,9.765625e-05
10110101000010100001,23.506472240433766,9.765625e-05
01100000011110010101,34.62580936941987,9.765625e-05
11011001110100100000,10.63463531030482,9.765625e-05
10110110111011111000,20.84587309178756,9.765625e-05
11101111010101100011,36.56825613482718,9.765625e-05
01100000111111101100,45.36323370427511,9.765625e-05
00010110010111110101,22.752424281717005,9.765625e-05
11101100101001111111,15.470038018874146,9.765625e-05
11011001101110101011,24.174329353431617,9.765625e-05
01000110100110010100,16.81766527254752,9.765625e-05
01111000110110101000,16.292808743566983,9.765625e-05
11011110010110111000,12.439665547176176,9.765625e-05
11100010011111100010,36.774718368834094,9.765625e-05
01011101111001001110,26.646896679810553,9.765625e-05
10101101000101110100,24.21637615544848,9.765625e-05
10111010011011001000,39.894518842585356,9.765625e-05
11111010110110111010,24.30910591799897,9.765625e-05
01000001000011010000,20.69547965616045,9.765625e-05
00110000000110110010,26.007386817156505,9.765625e-05
10011101100011011111,20.368000300135034,9.765625e-05
10010010011000001101,26.302148761746608,9.765625e-05
01111111110001110101,20.837518723702402,9.765625e-05
11100001010010001100,15.211588211913163,9.765625e-05
00001010001001010011,42.755373026011604,9.765625e-05
11011111011100111101,17.115079871432954,9.765625e-05
11100000010110100110,28.06796465840475,9.765625e-05
01111011000001110011,29.42141806683783,9.765625e-05
10100010111101100011,55.752424281717005,9.765625e-05
00011011100111110010,21.47180425087067,9.765625e-05
00100101101010010010,25.272231135306058,9.765625e-05
11001101010011001001,14.316699370523239,9.765625e-05
01100110110101111101,25.618932461533177,9.765625e-05
00010101011001011000,25.134812169378645,9.765625e-05
10010100100110001100,20.860712814549046,9.765625e-05
00010010100101001000,24.033101879458226,9.765625e-05
00010101111101010101,25.54515306578738,9.765625e-05
10110011011010110111,27.818204621322664,9.765625e-05
00000010111100011010,52.95165064430855,9.765625e-05
11110110100110100010,19.999870597868295,9.765625e-05
10101111001100100001,36.32869799032429,9.765625e-05
10001001000100000001,25.60421151330532,9.765625e-05
00100001010100000100,23.656592831893118,9.765625e-05
11111001010011111110,18.183614394726035,9.765625e-05
11101110100101010101,37.66111250235963,9.765625e-05
10000011101101100100,26.146654336266295,9.765625e-05
10001001110100010001,32.40103274432954,9.765625e-05
10111011001101111110,35.65498243799214,9.765625e-05
00110000101001110111,35.377302123493685,9.765625e-05
01100110101111110111,26.060582657315283,9.765625e-05
10011101100100110001,13.761346104330679,9.765625e-05
00110011111101101011,22.04501368874965,9.765625e-05
11110110101010000100,22.136357911197287,9.765625e-05
11010111000000101101,26.798806679542224,9.765625e-05
10000101011000011110,25.213849029527246,9.765625e-05
00101001001101001110,25.57780281001074,9.765625e-05
11100000001101000010,23.62492592977467,9.765625e-05
11101011111010100110,21.846290542136078,9.765625e-05
11101110100010011101,29.703972573927246,9.765625e-05
00111010000010110100,33.429304372057814,9.765625e-05
11111011010111101111,29.14927129821348,9.765625e-05
01111001101011010010,17.467092806150347,9.765625e-05
10000110100000001101,21.988710018100807,9.765625e-05
10110100110000001000,10.94761941583327,9.765625e-05
00010111100111001001,16.423097808875333,9.765625e-05
11010011111100000000,12.424583154173337,9.765625e-05
10011110101000010111,25.871761476194123,9.765625e-05
01101101000001010110,13.620936547704027,9.765625e-05
10101100100000000111,25.69177344074857,9.765625e-05
10011001011110110001,20.57594893515995,9.765625e-05
00000011001000101110,27.40354466620171,9.765625e-05
01011011010110000000,12.905317857974651,9.765625e-05
11001001101001010010,16.566638062218395,9.765625e-05
11000010101101100010,30.074295546608962,9.765625e-05
01001111100010000110,19.158336878427992,9.765625e-05
00101001110101001011,33.844848403278014,9.765625e-05
11110010111001100000,16.848764062047216,9.765625e-05
11111011100001001010,33.57324678416348,9.765625e-05
11011000000011001100,18.010284763430576,9.765625e-05
01100001110010111101,29.4030812014237,9.765625e-05
00110010100001010001,24.73422876313424,9.765625e-05
10001100100010101000,17.698948719343075,9.765625e-05
00111001010101011001,24.770877146151204,9.765625e-05
00011101110011110000,18.518950274279312,9.765625e-05
01011010100011100010,21.136951208169307,9.765625e-05
01111011101111110011,20.51969389133479,9.765625e-05
11101010100000100001,39.2528068454373,9.765625e-05
11110010110101010000,21.23640411407944,9.765625e-05
00000000100000001001,39.74189591732376,9.765625e-05
11101010111011011111,42.96621906878012,9.765625e-05
11111101010010111100,23.6830531547565,9.765625e-05
10001101000100100100,14.783573367829913,9.765625e-05
11001001000101011001,22.40383959246592,9.765625e-05
10111110010010001110,36.65944579242601,9.765625e-05
10000000011010010110,49.0833665464589,9.765625e-05
11011101000101111101,14.471550229449981,9.765625e-05
10100100000010001110,26.277654428200123,9.765625e-05
11100111100010101001,24.69608970231105,9.765625e-05
00010101110010111000,39.47129434160085,9.765625e-05
00110001010001010001,15.643846857074045,9.765625e-05
01011011000011000101,17.88507577036235,9.765625e-05
10011011000001011110,30.64560130782894,9.765625e-05
11000011000011111100,13.15141812413666,9.765625e-05
01101000001100011010,23.585100612689555,9.765625e-05
01101101111101010110,9.044491481797012,9.765625e-05
01010010110001000010,18.49185064001442,9.765625e-05
01000000110011101010,48.24505965002216,9.765625e-05
11001000011111000011,32.81928147872786,9.765625e-05
10010010110000001001,19.38528439756959,9.765625e-05
01010011000011100110,22.1168191506148,9.765625e-05
10000000110110111010,54.481294071944234,9.765625e-05
01000001100011010000,26.74123714672113,9.765625e-05
10101101100101100000,16.745072127810666,9.765625e-05
00100001110001110001,32.492168677063404,9.765625e-05
00110010000001100100,27.2102865983382,9.765625e-05
11101100011010110001,15.913773625800632,9.765625e-05
11101001100110100110,17.962654015105382,9.765625e-05
10011100010001000010,15.233573420737216,9.765625e-05
10010000001010000110,28.962599685514043,9.765625e-05
10011010000111111100,37.08930151708419,9.765625e-05
00111001111011010111,20.04501368874965,9.765625e-05
00001101101010001000,25.21103873694726,9.765625e-05
11001110010010100001,19.328981156983048,9.765625e-05
11000011001001111011,22.515785823397863,9.765625e-05
10110111011100111110,22.556889643273163,9.765625e-05
11001101101001110110,12.534996784607022,9.765625e-05
11101111010110101110,29.48574813792746,9.765625e-05
00000101101100111011,44.99311957138232,9.765625e-05
01110000111001011101,22.75043871318614,9.765625e-05
00100001000000011110,25.03220595662633,9.765625e-05
11101011000101010011,48.79939029047729,9.765625e-05
00111010010011011001,38.7332591386371,9.765625e-05
01000011000110000001,17.332656240715572,9.765625e-05
11101011010000001100,39.035577347982624,9.765625e-05
10011001010101110100,21.69336459837068,9.765625e-05
11110011000001100010,27.000649182532698,9.765625e-05
11100000111011011011,33.629036192423435,9.765625e-05
00101100101100110100,22.153952138945105,9.765625e-05
00001001010101000001,28.62694868607437,9.765625e-05
11001101101111110011,16.042341957100767,9.765625e-05
01110000111100011000,16.685095283130106,9.765625e-05
10111110111001110010,27.255247052085505,9.765625e-05
00001010010011000000,37.405413745101555,9.765625e-05
11011011010101110111,24.235909838920985,9.765625e-05
10011101010111101000,12.165820300894465,9.765625e-05
11111010101101100101,32.350423692191555,9.765625e-05
11110000011001000011,13.761783759097739,9.765625e-05
11111001011111001110,16.278842567273685,9.765625e-05
00000111000100010000,13.008459299396787,9.765625e-05
00011110110011110110,22.469003644327636,9.765625e-05
00011000101101001101,34.81190623567293,9.765625e-05
01111010101111110110,23.303053941301467,9.765625e-05
00100111010011111001,22.4526418178133,9.765625e-05
00110100001111101100,25.465197808476166,9.765625e-05
01111111101111110100,18.982426494313337,9.765625e-05
01110011101010000000,19.532036367834174,9.765625e-05
01111010000001011011,30.842221940388082,9.765625e-05
11010100000111101011,20.331679640204015,9.765625e-05
00100011011010101110,28.291664338962683,9.765625e-05
10001111011010100111,23.325794536877943,9.765625e-05
00111111010001010001,24.917837825352052,9.765625e-05
11110111111001000101,18.27834889074125,9.765625e-05
01010100110000000100,19.73537316773854,9.765625e-05
10100111001110100111,27.70388147578955,9.765625e-05
11001100010110010000,11.203486836560371,9.765625e-05
00000001010001010110,32.60383590936144,9.765625e-05
10011011000100111100,27.057066208079736,9.765625e-05
10001001101010010000,23.17090183154656,9.765625e-05
11011101011101110111,10.246660777152115,9.765625e-05
01011111011101001100,15.07335162290628,9.765625e-05
01111001101010111000,24.793666553306917,9.765625e-05
01010110100010101001,27.151418124136658,9.765625e-05
10001101110011011110,20.374636524221653,9.765625e-05
00101100110101010110,30.199424683545786,9.765625e-05
11010010101101101110,24.44704060472724,9.765625e-05
11001111011100100110,19.210433278087457,9.765625e-05
00011110000100001110,19.268141273419534,9.765625e-05
11110100001111100010,17.198113383933872,9.765625e-05
11110001101110101100,19.594155684909182,9.765625e-05
11001100110110110000,10.186225555643336,9.765625e-05
11011000001001001011,19.21343438716829,9.765625e-05
00001000100001011000,38.847907177630404,9.765625e-05
01110000011100111110,22.246084338531702,9.765625e-05
10010110100001100111,22.783821234784458,9.765625e-05
11111100011011001110,15.734299754776954,9.765625e-05
11111011110100010100,31.21174288552534,9.765625e-05
10110110100010101001,19.135056297622327,9.765625e-05
10100110001011011101,34.558675981764665,9.765625e-05
00111010010111010100,44.81833131343183,9.765625e-05
00111000001100101110,22.766027140952886,9.765625e-05
01111100011110010011,4.4097683214978725,9.765625e-05
10011110110010111100,21.027596842368137,9.765625e-05
11111000100100101011,15.997786535962842,9.765625e-05
10101001010111011001,46.90144124846035,9.765625e-05
10010011001110100000,18.554082795136782,9.765625e-05
01110110111110001001,12.439064365104622,0.0001953125
10010100110111110011,25.438561122548094,9.765625e-05
01100111100111001000,17.22242722306086,9.765625e-05
10000100110110101110,38.572821536252285,9.765625e-05
11101011010011101110,30.750612856839247,9.765625e-05
10110111010101110001,21.834688971921302,9.765625e-05
01100001111111100000,28.149426521152506,9.765625e-05
00010010111101110010,42.79261616400291,9.765625e-05
11010001111101100100,16.480866004837456,9.765625e-05
01110011101110010010,18.578579016747884,9.765625e-05
10100010101001101111,46.16157338746851,9.765625e-05
00110101111001101110,26.62258443448092,9.765625e-05
10011110000010111011,20.89935831856226,9.765625e-05
11101111110101110111,27.52242141103044,9.765625e-05
01111101111101110001,10.607660480832783,9.765625e-05
11011011010000101000,20.520893789265486,9.765625e-05
10111001101100011111,22.643673720473082,9.765625e-05
11110011110000010100,14.858600428953785,9.765625e-05
11111011101011111010,24.747779660614537,9.765625e-05
11000101101001000101,17.954534725680993,9.765625e-05
00100100011001011110,32.850000925572814,9.765625e-05
01111110101011000010,19.009295032438455,9.765625e-05
11000100011011100110,24.935998386417385,9.765625e-05
11000001110100100100,14.386000942207167,9.765625e-05
11111111111111101111,18.163760601384368,9.765625e-05
01010000111001010001,28.887616223064384,9.765625e-05
10101111101010000000,29.184100028727705,9.765625e-05
10010110101100001111,21.64087311393005,9.765625e-05
10101111000110010001,41.76681124362939,9.765625e-05
00111001100111011110,22.722475316457036,9.765625e-05
00100000110111001001,54.39132495759675,9.765625e-05
01111110011011001000,17.73059353936507,9.765625e-05
01001111010101011100,12.871148720020988,9.765625e-05
10111001110111000100,21.83605067690982,9.765625e-05
10011010100010111101,30.487241525756225,9.765625e-05
10001001010001110101,32.55602113504595,9.765625e-05
00111111101111101001,15.37080090667807,9.765625e-05
00011111101011111001,19.925308030210758,9.765625e-05
10000101110111110100,24.86826119420494,9.765625e-05
01010001000001001100,22.095578897245325,9.765625e-05
10010010110100101110,28.98829808576439,9.765625e-05
10111000001110000010,22.362456861083917,9.765625e-05
00101010010000000001,51.128948190396066,9.765625e-05
00001111101111011000,15.406967714954835,9.765625e-05
00011000100110011100,32.32261904997228,9.765625e-05
01110011111000000100,10.443341365329768,9.765625e-05
11011111000001110111,28.29917990016066,9.765625e-05
00110001100101010000,15.098972789920566,9.765625e-05
11000010101100000100,22.60551936847363,9.765625e-05
01000000110000100010,32.62371562147746,9.765625e-05
00010001101100010000,29.308576549528045,9.765625e-05
11110010111001000010,17.427874727226264,9.765625e-05
00011001011000100110,17.82871187146392,9.765625e-05
01101110000101010101,31.661112502359632,9.765625e-05
11100111111010001100,17.413784138784038,9.765625e-05
10110010000000101001,27.63812757139942,9.765625e-05
01101100011110110001,14.73533331861501,9.765625e-05
01101000111111110111,40.723896129685556,9.765625e-05
01001101101011111111,28.84130302678427,9.765625e-05
01100011110100100100,17.803353753773592,9.765625e-05
11000101100000110101,16.322705245664046,9.765625e-05
00001110110111000110,30.560879025343805,9.765625e-05
01100011111111101010,26.30473023889536,9.765625e-05
11100011110011010010,19.951787539644172,9.765625e-05
11010111001010000111,32.70494946870606,9.765625e-05
11110011110001111100,13.867866011047091,9.765625e-05
10011010000100110101,39.62269550941888,9.765625e-05
00011000010000010100,23.966081231883358,9.765625e-05
01010001110100110001,25.735003081806767,9.765625e-05
10000110001101101100,27.213849029527246,9.765625e-05
11000111000001010000,14.300478705746059,9.765625e-05
01110000111101110000,21.044774648455768,9.765625e-05
11110110100111110000,16.450872141373168,9.765625e-05
10010010111001110110,39.11868740796638,9.765625e-05
00110011010110010110,19.707479119145958,9.765625e-05
01011100101111001001,21.627726536317706,9.765625e-05
01001111101011011100,14.599846527290802,9.765625e-05
01010111000110100011,30.380366502985375,9.765625e-05
01100101010000110101,16.055203370773235,9.765625e-05
10010011101000010111,25.310660611433498,9.765625e-05
01010110011010100000,20.15648372715845,9.765625e-05
00011001100010111011,31.440501193090647,9.765625e-05
11100111001010100011,29.92909147885871,9.765625e-05
01011101001111010110,19.222013696927082,9.765625e-05
10001011101000000000,24.504881855060745,9.765625e-05
00000010010101010001,52.256790927475706,9.765625e-05
00111011101011101011,20.30096905743809,9.765625e-05
10101010111011101001,53.178886200827144,9.765625e-05
01011111110111101100,16.2210022260253,9.765625e-05
00011100101110001011,22.506339943185303,9.765625e-05
10000101010001101111,22.54267028915328,9.765625e-05
10001010000111000010,46.6945740472916,9.765625e-05
00111011000001011001,31.62770789866486,9.765625e-05
00110001111010111000,30.619783093516823,9.765625e-05
11010010110100011001,13.40354466620171,9.765625e-05
00010111111001101110,29.84401098890213,9.765625e-05
00010000000011101110,42.20829499535405,9.765625e-05
10111101111001100010,13.25333341675848,9.765625e-05
10110101100010011101,21.325692206415805,9.765625e-05
11000100100110001001,18.583808685151546,9.765625e-05
10001110001011000011,27.75914678862259,9.765625e-05
11101101101010001111,21.13319970190918,9.765625e-05
00101111110001010101,26.839408116237287,9.765625e-05
01100110000110111100,20.86437374995249,9.765625e-05
00001110100111100001,22.755373026011604,9.765625e-05
11010010000000010001,16.558207184478427,9.765625e-05
01110001100100101110,23.594155684909182,9.765625e-05
10111110101010111010,23.604798655811194,9.765625e-05
10011111000101111000,20.931031462274056,9.765625e-05
10011110010101010101,32.71737868013256,9.765625e-05
10101010101010001101,48.1849319359313,9.765625e-05
00100101110011001110,25.666898121041157,9.765625e-05
11010110101011101100,23.23640411407944,9.765625e-05
00000111101000011100,22.596396836182095,9.765625e-05
01101100100011100110,16.29374651280352,9.765625e-05
00110101100111000001,14.423097808875335,9.765625e-05
00101111100100011100,24.94451971500117,9.765625e-05
01101000010100001110,28.81906378569971,9.765625e-05
11000101000011111110,20.731549946254447,9.765625e-05
10101011010110101110,44.59732845095248,9.765625e-05
01111010001100011100,25.33306817305199,9.765625e-05
10110011001000001011,23.82305950733072,9.765625e-05
00001010000000100100,33.756024613459765,9.765625e-05
11111100011110011110,12.165820300894467,9.765625e-05
11101010110101111101,55.18782311333102,9.765625e-05
11111001001000101110,20.686811637031045,9.765625e-05
00100110010111001001,30.652041317005818,9.765625e-05
01101000101110010010,22.010508698052075,9.765625e-05
11110011101011101011,22.719941312488405,9.765625e-05
10010100001111000011,21.26483212923012,9.765625e-05
01011111100111000001,19.899635330754876,9.765625e-05
10100011110001011101,36.46703223496566,9.765625e-05
11110111111110111001,17.48217519915319,9.765625e-05
01000011000001100001,18.165820300894467,9.765625e-05
11000010011110000010,27.556523725366247,9.765625e-05
10111110000101100001,37.827857136903,9.765625e-05
01111101011110111001,17.255247052085505,9.765625e-05
00000011000111000010,22.60156467128934,9.765625e-05
01111101010011100000,20.19633475587785,9.765625e-05
00100000000011101100,42.68091936134687,9.765625e-05
11001011111010111010,17.568471754286826,9.765625e-05
11000001110101001000,16.155783110151173,9.765625e-05
01100101111101111001,24.36997235679088,9.765625e-05
11100111101101101111,19.202776827783403,9.765625e-05
00001111010110110010,17.138896709596764,9.765625e-05
11001101100011110101,11.594234904586532,9.765625e-05
11000101111111010101,19.896753959404975,9.765625e-05
00000111101001001000,19.35965625454088,9.765625e-05
10100110110010000000,26.628941023479587,9.765625e-05
00111000101101010011,24.752424281717005,9.765625e-05
10101000000101101010,44.02759684236814,9.765625e-05
10000011111001111110,34.57497305822964,9.765625e-05
00100110100100110000,23.617374029387783,9.765625e-05
01110111001100000010,27.10853223176173,9.765625e-05
10000100010110111010,32.830292472832966,9.765625e-05
01001101111011111101,24.404482435438247,9.765625e-05
10100100000001110010,22.566638062218395,9.765625e-05
01001000010010001000,20.227644691705265,9.765625e-05
11111100000100010010,18.262204637651863,9.765625e-05
01011101000000000001,28.088229747628787,9.765625e-05
00000001110011011010,46.38199118101048,9.765625e-05
10111100100101100011,12.517648660704364,9.765625e-05
11110111110101101011,17.30402438734688,9.765625e-05
10011010111100101010,27.615205845359057,9.765625e-05
11100001100001100100,11.33863098417702,9.765625e-05
00110000000011101001,28.188168444971822,9.765625e-05
11110001000101010001,16.01717716963358,9.765625e-05
10000000110000011100,40.977118133922986,9.765625e-05
01011001010101101100,15.640130661357947,9.765625e-05
11011101111101111111,13.383411150644887,9.765625e-05
11000111000011100101,15.888053132614012,9.765625e-05
10101100001110001000,24.181540018857536,9.765625e-05
01010011000000010101,15.647862859864087,9.765625e-05
01001100010110110101,16.24616773707373,9.765625e-05
01110101000001011111,22.750612856839247,9.765625e-05
00100111010101100000,19.395726544634876,9.765625e-05
10111001010100000111,26.782873779510965,9.765625e-05
01111000101110101010,18.624839010501656,9.765625e-05
10101010111011010001,62.05699968956896,9.765625e-05
11101100100001110100,15.487626815737059,9.765625e-05
10010011100000010110,21.39477284776804,9.765625e-05
00101001001110111111,34.13221332823347,9.765625e-05
00101101111111000100,16.130328103723436,9.765625e-05
11101010011011000011,44.87854531034165,9.765625e-05
01010101000011101000,43.12989917724037,9.765625e-05
01100000111110011111,45.08433526187092,9.765625e-05
01011000101001000000,18.891467866205293,9.765625e-05
11110101100111011101,16.02898653969949,9.765625e-05
10010001110111110000,24.849024325061254,9.765625e-05
01000111011011101010,25.529205881632006,9.765625e-05
10111000001111111001,32.86502928325158,9.765625e-05
00110100000111001001,15.191997184468015,9.765625e-05
01101101110101111110,15.04449148179701,9.765625e-05
01011000110010001100,19.03913439695462,9.765625e-05
10000111010010001100,16.91499881684798,9.765625e-05
00000110010001111110,35.15737964999034,9.765625e-05
11111011111111011111,23.142612806936196,9.765625e-05
11011101110000100110,19.810051294305794,9.765625e-05
11100110001011101011,24.703823701754608,9.765625e-05
11110101001010000111,30.17338542972893,9.765625e-05
01000111101100100001,26.548487100062815,9.765625e-05
11000011011010001110,15.919591269054802,9.765625e-05
10010110101110111101,22.931886480262435,9.765625e-05
01100011011010001110,16.208535679154117,9.765625e-05
01100100110111010100,20.504399665502685,9.765625e-05
11100110111001011000,16.877672204027274,9.765625e-05
11110100111110011100,11.284893722422922,0.0001953125
11010010110101010001,18.62483901050166,9.765625e-05
11101011011010001100,29.157447931610516,9.765625e-05
01001001110110110001,26.409216783803288,9.765625e-05
00001101101010100111,27.459725579047635,9.765625e-05
10101110100000110101,42.79184806528755,9.765625e-05
01001110001010000111,16.942588683201706,9.765625e-05
11111111000001011101,43.97631296704199,9.765625e-05
10001000101010001010,32.19686747082536,9.765625e-05
10111111000111000011,34.02285290593316,9.765625e-05
11001111111111111110,13.138858601902996,9.765625e-05
10011100100100110001,10.157375187698229,9.765625e-05
10010011101101000001,18.068445938877687,9.765625e-05
00110000101000110000,23.453426546104033,9.765625e-05
00001100101111101100,34.6729324891838,9.765625e-05
10001110101111111110,30.787977697366593,9.765625e-05
00010110110110101110,29.16191432816222,9.765625e-05
01101010110001111001,40.39194309598694,9.765625e-05
01010001101001101010,46.66228264023439,9.765625e-05
01100000111111100000,37.57717683622984,9.765625e-05
11010000110101111110,25.402526219285512,9.765625e-05
01110011100010010111,18.291320688246437,9.765625e-05
00101011110010101000,27.22883283077882,9.765625e-05
11011111110000000110,27.880644146233855,9.765625e-05
10001011111011111111,37.338109228922875,9.765625e-05
11000000110101100000,25.651270617440957,9.765625e-05
00011001011001010101,20.406372774476623,9.765625e-05
11011000101000010011,16.566638062218395,9.765625e-05
00010011010000101110,20.13787003464592,9.765625e-05
10010011111101110110,28.096691778684306,9.765625e-05
11001111010011011011,18.14078274481524,9.765625e-05
00100011111011101111,36.56291335574508,9.765625e-05
00110010110101111110,39.58047465087612,9.765625e-05
10000100010011101010,30.246084338531706,9.765625e-05
11011110001100110100,19.512049226919522,9.765625e-05
01000110000001010110,16.740341223889235,9.765625e-05
00001101000110010111,17.651276135453056,9.765625e-05
01010101111110000011,41.173317148108765,9.765625e-05
11011010000110101001,20.110391537497414,9.765625e-05
01010110011011000000,15.884227837561426,9.765625e-05
11111010010011111010,32.38909032054826,9.765625e-05
00100001010101101001,35.16191432816222,9.765625e-05
11110000100010011010,15.178808760451025,9.765625e-05
00000100101011000111,46.03682151961793,9.765625e-05
00110000100111001000,26.421761237782945,9.765625e-05
10110100100101110110,16.61894494471988,9.765625e-05
01100011110010100110,17.643846857074045,9.765625e-05
10110111011111110101,20.7934661595325,9.765625e-05
01001110000011010100,14.250886234095846,9.765625e-05
10000101000001011011,18.90245177780101,9.765625e-05
00010100010110111111,36.10461648586532,9.765625e-05
01011111110101010100,13.296634038619565,9.765625e-05
10011110110001110001,21.777264866829235,9.765625e-05
11001100010111110011,15.634060145384272,9.765625e-05
10101110001110100110,37.778928953867506,9.765625e-05
00111101010100010100,14.558207184478427,9.765625e-05
00110100010100100000,11.211038736947257,9.765625e-05
00101001011110100010,24.453056460172263,9.765625e-05
00111001101001101111,20.604265668232603,9.765625e-05
01101010000001000101,41.63812757139942,9.765625e-05
00001110100010100111,25.009358960939547,9.765625e-05
00111110110101011101,27.482488452611143,9.765625e-05
11110110101001100000,21.149626278472873,9.765625e-05
11000111101101101111,20.155166185953185,9.765625e-05
11100101101010011011,24.298600800185554,9.765625e-05
11111101011101110111,11.940332649178657,9.765625e-05
11100011101001100100,17.155189089597904,9.765625e-05
00011000111010100010,28.404479638288507,9.765625e-05
10010001001101000001,17.553545628693517,9.765625e-05
00101000011000101110,38.42769805905449,9.765625e-05
00000110010001000110,27.84911124433427,9.765625e-05
11011000101000001100,15.606473799761536,9.765625e-05
00001110011101101000,26.752890249377497,9.765625e-05
11001000100000000000,14.69267904961742,9.765625e-05
01101000001101011111,34.88139808578033,9.765625e-05
01111011011101111001,23.193336465582938,9.765625e-05
00011100011010011111,22.5063399431853,9.765625e-05
11010101100101101000,24.41932224532693,9.765625e-05
11110100100010010001,12.591035583314849,9.765625e-05
10001111001100001101,24.140201843902716,9.765625e-05
01011100011101101001,13.077356209025973,9.765625e-05
01011011110110101101,16.358274697707323,9.765625e-05
01000111110011101010,26.020523708731893,9.765625e-05
11010101110000101000,26.124592890418505,9.765625e-05
00000111010100001011,19.645597776258132,9.765625e-05
01101000110001001001,29.937809691282283,9.765625e-05
01011000100111010101,24.050334015137192,9.765625e-05
00110000101101110111,38.239958660168945,9.765625e-05
10110100110100011000,10.910292803012561,9.765625e-05
01011010101000101100,21.66041532979596,9.765625e-05
10000010111111100011,58.104529566592305,9.765625e-05
00110100011010100110,23.826142458984243,9.765625e-05
00101011100101000100,32.72964255252077,9.765625e-05
10110000001101111100,31.160138410128734,9.765625e-05
00100011001011101100,24.963087207580326,9.765625e-05
10101010110111000101,73.30778630322521,9.765625e-05
11111111111110111111,18.73147831815769,9.765625e-05
01001010110110101110,31.111859311658925,9.765625e-05
11101011001111000010,33.899635330754876,9.765625e-05
10001110110001000101,36.27274341166331,9.765625e-05
00010111100110100000,22.793666553306917,9.765625e-05
11010110110000100100,13.900005329559445,9.765625e-05
00010011101100000101,20.098019093053725,9.765625e-05
01010101100000001000,44.23719789195308,9.765625e-05
00110110111011111000,22.38108557214162,9.765625e-05
00010000100000000110,30.25864658162773,9.765625e-05
10001100011110101101,28.992467765954288,0.0001953125
01010100100101111001,27.561306161729277,9.765625e-05
10110011110010100011,20.330548453207477,9.765625e-05
10110010001111110000,34.331679640204015,9.765625e-05
10100001001111101110,32.003210895373265,9.765625e-05
10100110101101110110,34.16490491886146,9.765625e-05
00111100001111111110,18.42133178401887,9.765625e-05
10110100000110011001,15.170201225379104,9.765625e-05
01001000111001010001,31.4640452742139,9.765625e-05
00111010101111010101,35.93545777553051,9.765625e-05
01010100100001001001,27.15865470833692,9.765625e-05
01110110000101000110,17.730593539365067,9.765625e-05
00101110011111110100,38.07338993774011,9.765625e-05
10100111000110001101,26.42703731285038,0.0001953125
10100010000001100110,47.880485293757005,9.765625e-05
00010011100101011101,22.291664338962683,9.765625e-05
11010011010001010100,12.1849319359313,9.765625e-05
01010111110001111110,25.66284312954486,9.765625e-05
11000100000010000110,18.065164051861718,9.765625e-05
10010010111101110001,36.91860489537909,9.765625e-05
11000110100010010000,12.532330265410057,9.765625e-05
10110100111000110100,16.611789038199284,9.765625e-05
01001110000111010101,17.11133275117756,9.765625e-05
11000011010000001010,14.000950986844302,9.765625e-05
00000011000010110110,26.717378680132555,9.765625e-05
11000001011111110000,24.404492121475204,9.765625e-05
00010111010011000010,16.447930373092984,9.765625e-05
11010011010100001110,12.552175401403101,9.765625e-05
11000001011010111101,25.157379649990343,9.765625e-05
11100111000110111101,22.570058400948973,9.765625e-05
10000011011110101000,26.358689340066277,9.765625e-05
10011010100001010101,39.78973746978989,9.765625e-05
00101001110101101100,33.69912809753739,9.765625e-05
00001001011101110110,36.08457677846872,9.765625e-05
01100100100001111001,21.615205845359057,9.765625e-05
00100000100011100110,43.6130952498614,9.765625e-05
00000101000011010010,24.004303043954714,9.765625e-05
00001001110111111000,40.1535962013424,9.765625e-05
11001111111111111000,12.076822672530191,9.765625e-05
01000000000110111101,41.877052471839725,9.765625e-05
00011101110111111001,20.085797067070153,9.765625e-05
10111111011000001001,35.10200948217651,9.765625e-05
11000100111111000011,28.10461648586532,9.765625e-05
00011110011000101110,20.724994312720295,9.765625e-05
10010001110111110100,26.91952027741209,9.765625e-05
01011011111110110001,17.80584549286341,9.765625e-05
00001001100000000111,24.916848436546715,9.765625e-05
11100111010010000111,25.545539177316485,9.765625e-05
00000111100111110010,23.784755472450183,9.765625e-05
11011111100010011001,28.606553106566096,9.765625e-05
11101001111111011100,23.10744623764642,9.765625e-05
10010011100010100000,17.349009115614017,9.765625e-05
11111001000001111010,24.000658134148587,9.765625e-05
11001100001011011101,15.3405383779107,9.765625e-05
01101110011110010110,20.31222779889454,9.765625e-05
01011010001010011101,19.15141812413666,9.765625e-05
10011111001100110011,22.99438598857211,9.765625e-05
11111001001101110000,19.800217724548958,9.765625e-05
00110100110001111001,20.38526149392487,9.765625e-05
00001010100001000110,39.10090308729897,9.765625e-05
10101010000011101010,50.59732845095248,9.765625e-05
01010101110101000110,25.404444120604417,9.765625e-05
01100000100101101010,32.60383590936144,9.765625e-05
00110111011101001010,13.049990364420946,9.765625e-05
01010010100000100000,18.741642837464195,9.765625e-05
01100000011100001000,24.519567198477308,9.765625e-05
01001011010101011010,23.106608088849477,9.765625e-05
00000010111011000100,47.881262136948195,9.765625e-05
10011111010000100011,25.44122929019362,9.765625e-05
00110010110110011011,29.67469062894073,9.765625e-05
10111100011111110110,20.871674556921107,9.765625e-05
00010100001011010000,25.914991840833565,9.765625e-05
11100001001100000011,19.99778653596284,9.765625e-05
11110011111101110110,16.317167433388413,9.765625e-05
00111111000011101110,24.10182575045346,9.765625e-05
00010100011100001100,25.227644691705265,9.765625e-05
01111100001101101100,14.983695947520616,9.765625e-05
11110000010101010001,17.178324977095606,9.765625e-05
11000101000001011100,11.02324154239058,9.765625e-05
10101101000010011011,26.57005840094898,9.765625e-05
01000010111011111111,50.858306776346,9.765625e-05
10110001010110110011,23.17982397006368,9.765625e-05
10101010011011111111,67.87661148139244,9.765625e-05
11110100010101100101,9.69822248866854,9.765625e-05
11010000100010001010,21.8289818968023,9.765625e-05
01111001111110010001,13.84593086582251,9.765625e-05
10001000001010101001,32.19377745603022,9.765625e-05
11011011111010000100,15.954840072403222,9.765625e-05
11110101011110101011,23.202776827783403,9.765625e-05
11101010101000000001,37.20231845095518,9.765625e-05
01011000111100000010,16.611782796605933,9.765625e-05
00000110101101110011,37.000610177003274,9.765625e-05
10001011100010110011,29.409826095532814,9.765625e-05
11010001011011010101,17.5121434381104,9.765625e-05
01111100100100010011,8.234237709351948,9.765625e-05
00111111111011111110,17.659842129227407,9.765625e-05
10111110010111110101,40.71145900068352,9.765625e-05
00000101000000111010,30.51331273280071,9.765625e-05
10011100110101001100,17.00209374794241,9.765625e-05
00011100010110000100,12.833164060178893,9.765625e-05
10111101000011011111,24.21436600193868,9.765625e-05
11001000011111001101,35.64959339992212,9.765625e-05
01001010111101011000,35.22923498995109,9.765625e-05
10001000000110000111,41.914991840833565,9.765625e-05
10000010000001010011,44.39194309598694,9.765625e-05
10010100011011011001,22.38526149392487,9.765625e-05
01001101000111000000,13.140201843902716,9.765625e-05
11111011111010101100,19.66757476788736,9.765625e-05
11101010001001110010,41.223011743081045,0.0001953125
10000001011100000000,24.139835925995797,9.765625e-05
01011101111100011101,19.938233383224144,9.765625e-05
11110001010000100011,14.333607227559874,9.765625e-05
11010011110001001001,11.025505716911415,9.765625e-05
01100000000011001100,26.155040657579075,9.765625e-05
11101110111001000101,32.66196313434327,9.765625e-05
11010101101000010010,35.60779965612865,9.765625e-05
01011111000000111001,29.11048397478254,9.765625e-05
01110111100010001101,28.324729557933082,9.765625e-05
00111010111100011001,33.1247528094117,9.765625e-05
00110000001110100000,22.42451216253063,9.765625e-05
00100110000001100100,27.313898763980205,9.765625e-05
00010100010011111001,29.604773678597983,9.765625e-05
11110000101011101111,24.211924064657076,9.765625e-05
00010011000010100110,21.644621910167636,9.765625e-05
01110000011111100011,24.514564909138755,9.765625e-05
00001011111011001010,26.00321089537326,9.765625e-05
00001001101000101010,29.92101187514326,9.765625e-05
00010011110001001000,15.308662559715936,9.765625e-05
10011111110101111101,16.981648644070006,9.765625e-05
00011101100110011001,21.21917676199151,9.765625e-05
10100100011111101100,35.558078418800775,9.765625e-05
11000100001100000100,13.783298107906877,9.765625e-05
01101010101001011001,33.83941780227425,9.765625e-05
11100101101000011100,15.51236527752722,9.765625e-05
00010011011000110000,19.72026965039221,9.765625e-05
10110000010110110100,31.06862342900738,9.765625e-05
01010100001011000000,28.220463171517416,9.765625e-05
10101111110101000100,37.70119787531873,9.765625e-05
01100110000011111110,22.627558732224966,9.765625e-05
01100000000010000010,19.18607469702941,9.765625e-05
01111100001111110111,10.184606406426713,9.765625e-05
10000000010001110011,48.735584619173345,9.765625e-05
01111000111100110101,16.341428059149244,9.765625e-05
11001101100001111101,11.812150549420476,9.765625e-05
01001011100111011100,19.220051239180997,9.765625e-05
00001100110110101011,33.68982712861266,9.765625e-05
00001110110000101000,23.25525122011036,9.765625e-05
11001100101000011011,14.832841767977854,9.765625e-05
11011000010010101010,12.118209659064249,9.765625e-05
10001101001101011101,18.09651864208334,9.765625e-05
00010100000011101111,36.13306469463818,9.765625e-05
10100110010001011100,40.08503481236184,9.765625e-05
00111000101101010010,22.506339943185303,9.765625e-05
00110100011000001011,15.577802810010741,9.765625e-05
11000110011001001100,16.409531892849856,9.765625e-05
00111011000001110100,30.696089702311042,9.765625e-05
00111001011111101101,22.317847464129578,9.765625e-05
11110011011100010001,20.508315618539154,9.765625e-05
01000101110000111110,34.01253933945131,9.765625e-05
01100101111011101100,28.8631378171482,9.765625e-05
11010101111110001100,27.046708477404973,9.765625e-05
10100110111111110110,41.28236961163131,9.765625e-05
01010000000101001000,21.001197825110516,9.765625e-05
11000100101101000101,18.798031539321432,9.765625e-05
01000001000111111001,35.896753959404975,9.765625e-05
01001100011011001111,22.26203152268708,9.765625e-05
01011001011011101001,22.026453172184908,9.765625e-05
10101101111111110101,22.867891108273163,9.765625e-05
11011000111001000000,12.78916282131053,9.765625e-05
00010110011100110000,18.289121176647765,9.765625e-05
00010101000010110011,34.42427084227651,9.765625e-05
11010000000111100010,20.930932783395598,9.765625e-05
11010010000101001100,17.162059755891246,9.765625e-05
01111001111001111100,16.05507189507304,9.765625e-05
11110110101110101011,18.795338682875954,9.765625e-05
11100110100001110111,22.86983117881572,9.765625e-05
10100000001100000111,41.06862342900738,9.765625e-05
01101101011011101000,17.39572654463488,9.765625e-05
01110111010110000010,20.23911414976579,9.765625e-05
11001010001000110001,29.33361516132725,9.765625e-05
10111100110111011011,18.181674324183483,9.765625e-05
11110001110111010010,13.25403935543416,9.765625e-05
01001010000100100001,27.67167522489596,9.765625e-05
10111010010011000010,45.840278218261865,9.765625e-05
01110010100111100011,22.797056826874492,9.765625e-05
11110111110001011110,18.00429762390963,9.765625e-05
00011011111011110010,22.540431124321657,9.765625e-05
00101000111000110100,41.031059663957414,9.765625e-05
10101000101010101010,30.11185931165893,9.765625e-05
11110000101111100000,17.107446237646425,9.765625e-05
10110110110000001100,20.915953248135885,9.765625e-05
00000010100111111101,59.14564307250457,9.765625e-05
11100010111101011001,38.12474032622501,9.765625e-05
11010010111000001101,14.65433127985797,9.765625e-05
00100111000011000010,16.72856913955918,9.765625e-05
01010101101100001110,46.57264568962878,9.765625e-05
11110000100010001010,14.75236005894865,9.765625e-05
10100101110000011000,16.670715286435772,9.765625e-05
10110010000101011101,42.17139727118838,9.765625e-05
01010010010000001000,10.766381299254355,9.765625e-05
11100010011111111110,41.97129091339525,9.765625e-05
01101111010010110100,21.5246543342687,9.765625e-05
01101111001111111010,17.94033264917866,9.765625e-05
10010111111000011011,21.514838368124366,9.765625e-05
10111001011000111111,23.98608462172723,9.765625e-05
10110001011100101000,15.516098135294687,9.765625e-05
01000010001001011101,30.42451216253063,9.765625e-05
00001011100010100110,21.787030242093095,9.765625e-05
00001010011011000010,38.09992648678741,9.765625e-05
10110110101011111000,20.958478093322135,9.765625e-05
00110111111010110100,21.087371219705787,9.765625e-05
11000101100110110101,19.50643582491402,9.765625e-05
11110010011000001011,18.82210852048642,9.765625e-05
11111000010010000110,18.23170787340818,9.765625e-05
10000111010001101000,14.737530931309244,9.765625e-05
01100000100111001010,32.80553622192644,9.765625e-05
10001010110001111101,58.29465212167237,9.765625e-05
10100111011110101000,24.165820300894467,9.765625e-05
10000000111110111100,61.43966097072521,9.765625e-05
01010011001010100100,23.25748165130597,9.765625e-05
01100101010011110000,17.514848054161323,9.765625e-05
11010011001010000001,21.349966344051666,9.765625e-05
01011000001101010000,16.671948705517764,9.765625e-05
00001100100001110101,26.029745567195757,9.765625e-05
11010011001100001000,16.909436005722952,9.765625e-05
11000011000001101011,19.423265612968073,9.765625e-05
10110001111000101100,15.877614429992324,9.765625e-05
11000110101110010011,20.965973922687926,9.765625e-05
01101011101001001100,20.5521754014031,9.765625e-05
01111011001111010100,20.467163797793063,9.765625e-05
00000100110011010100,39.16706685045702,9.765625e-05
01101100000001010000,14.041112782331009,9.765625e-05
11110111100101100000,25.01701725064038,9.765625e-05
00111111101111011000,15.498476541610037,9.765625e-05
11101010100001110000,40.65355714668932,9.765625e-05
10000010101011101101,45.29047619988912,9.765625e-05
10101010011000111111,64.80812650409968,9.765625e-05
10001011000111000100,32.598892830423964,9.765625e-05
00101110011011000010,26.35205311597966,9.765625e-05
01111101010000000000,23.772163534040928,9.765625e-05
11111010011011111011,29.906071161067082,9.765625e-05
00111110101100001000,16.98088565494063,9.765625e-05
01000100011110001000,28.681635905984443,9.765625e-05
01101111111001000000,18.17250814454988,9.765625e-05
00000101101110110111,47.41670738942424,9.765625e-05
10110000010111011100,36.87247159373448,9.765625e-05
11010011010001010110,15.135056297622327,9.765625e-05
11000111011101100001,15.685749885707885,9.765625e-05
11011100011110000110,10.916906210581661,9.765625e-05
00010010010011100011,30.435206480370365,9.765625e-05
10101011100011000010,35.211565395395645,9.765625e-05
01010110011111010101,14.177023363520647,9.765625e-05
00011011100100000010,18.241141259594222,9.765625e-05
11001111101000011000,20.587649907834432,9.765625e-05
11110100100010111011,18.235962094943833,9.765625e-05
00000011111000001101,30.27549593020835,9.765625e-05
10111101011100100101,16.66659369424387,9.765625e-05
01101110010101110100,31.03142558186433,9.765625e-05
10111110111011101100,26.561498757531353,9.765625e-05
00111011110101110000,26.535799622859933,9.765625e-05
01001001000011111100,19.581978731793985,9.765625e-05
11110110111110101011,14.68273368134138,9.765625e-05
11111111000010001011,47.67180584081021,9.765625e-05
00000001101111111000,54.55153621001444,9.765625e-05
11100111110111010101,16.942161557656053,9.765625e-05
01011111110011000111,17.527249763446292,9.765625e-05
01011000100110010001,18.784235877143413,9.765625e-05
01011110001001111110,20.42805773536806,9.765625e-05
00101111010100111010,27.665749303853566,9.765625e-05
01111101100000101001,33.001070066485,9.765625e-05
10010010111000010000,24.65473623617997,9.765625e-05
11110011010011111111,20.34488316989338,9.765625e-05
11111110101110111000,19.800217724548954,9.765625e-05
00111011110100101011,22.67121278880627,9.765625e-05
10011010100001110111,38.7301417470653,9.765625e-05
01010101100110000010,43.15141812413666,9.765625e-05
11111101010001000001,26.391358848597825,9.765625e-05
10011100111000010110,18.75007995679751,9.765625e-05
00110011011000101001,17.624511287415714,9.765625e-05
00100110101001111111,34.02147116400538,9.765625e-05
00101010100101001100,51.358696316080696,9.765625e-05
11111100100111000111,14.002376278147125,9.765625e-05
00100010000010010001,36.9224600700908,9.765625e-05
00000101000001000110,19.86828065340605,9.765625e-05
00011010111000100110,28.226651145714893,9.765625e-05
01011000001010101010,23.44372686245066,9.765625e-05
01010111011010000010,29.637150970887866,9.765625e-05
01100110001011011100,18.442286590021027,9.765625e-05
00011010100111111001,32.752424281717005,9.765625e-05
10101101111001011100,20.491359673504526,9.765625e-05
10101111100011010100,32.19633475587785,9.765625e-05
00011100110011011001,20.38526149392487,9.765625e-05
10000011000111001010,24.1139662772091,9.765625e-05
01100111101001010100,13.445261242250144,9.765625e-05
00001011010101000010,29.08930151708419,9.765625e-05
10100010011010110000,46.089048437224626,9.765625e-05
00010100110110100010,33.19654339932309,9.765625e-05
11111011111110001101,21.96033197901275,9.765625e-05
01100001001000001100,16.766381299254355,9.765625e-05
10011011100010111100,22.24114125959422,9.765625e-05
00100111011110000111,21.772399042763997,9.765625e-05
00101000001100101010,33.22357807639857,9.765625e-05
01010011100110101001,26.020594700374602,9.765625e-05
00001100110000111100,30.316712501003803,9.765625e-05
00011011110111101000,18.495547169389344,9.765625e-05
11110111111001101101,18.034994167109865,9.765625e-05
01100101100001110100,16.583899343135425,9.765625e-05
10001100101110010010,22.06201898389399,9.765625e-05
10001101110111000000,14.914991840833565,9.765625e-05
01100100110000110001,16.513306491207363,9.765625e-05
11110100000010101110,22.623956305277527,9.765625e-05
10100001000111011010,31.298008444774656,9.765625e-05
11000011101111101001,23.264832129230115,9.765625e-05
01011011110110111101,17.377437130764687,9.765625e-05
10101010000110000000,58.12554387726281,9.765625e-05
11100001110110110000,18.209724640185602,9.765625e-05
01011001010001000100,11.039031342911239,9.765625e-05
11101111011011000100,29.74982696406515,9.765625e-05
01010100110110110000,25.59452775728225,9.765625e-05
01001111001110000111,16.315449289389882,9.765625e-05
00101000111101100110,48.389995842289906,9.765625e-05
01011011110001000111,17.00598912555258,9.765625e-05
10000100101010010011,32.54835209279181,9.765625e-05
01001100111011101101,28.688879673339176,9.765625e-05
01000010011100001010,28.55372311882321,9.765625e-05
11011111101010101101,28.37200381973838,9.765625e-05
11110000100010011111,17.59269595327844,9.765625e-05
11010100010011110111,17.088318674979288,9.765625e-05
11001000010010110000,18.063339322248996,9.765625e-05
11011000100111111001,20.118128981384583,9.765625e-05
10100001110111000011,33.12034433348636,9.765625e-05
00010001010111111010,38.08537961672164,9.765625e-05
00011010101101010001,31.60758397117797,9.765625e-05
00000110110010010110,32.22996935028359,9.765625e-05
01000000000001111010,34.85417684735606,9.765625e-05
10011101000101100101,12.503708098078322,9.765625e-05
01011100001001101100,21.0489281938753,9.765625e-05
10101001011010111001,34.44243149046905,9.765625e-05
10101010011110010100,69.6808794635555,9.765625e-05
11110110111101110010,14.515785823397861,9.765625e-05
01111111110011111110,19.747721886579583,9.765625e-05
10100101010000000101,20.31108222980687,9.765625e-05
00111100110000001011,12.486287828889392,9.765625e-05
10111111000010111000,38.57805065532909,9.765625e-05
11000111011010010010,18.733370213575057,9.765625e-05
01111101110100001011,18.11223844717361,9.765625e-05
00111101000111101111,15.949921257894076,9.765625e-05
00001111000110111001,16.551903907222588,9.765625e-05
00010001100110001101,33.37544532064047,9.765625e-05
11110001111111011101,16.380917768048885,9.765625e-05
10111011010111111111,40.56349245572018,9.765625e-05
11110110111010111000,14.859395273343777,9.765625e-05
11110111010000001001,29.167890813096875,9.765625e-05
10111100010011110100,24.599846527290804,9.765625e-05
11010000010111101110,24.31712903142738,9.765625e-05
10101011000010111111,44.63339874104648,9.765625e-05
11000011111011010101,20.06628119929257,9.765625e-05
10111011101000010001,34.7316112518602,9.765625e-05
10100111111110000100,22.65432159382101,9.765625e-05
10010111111010101001,21.66284312954486,9.765625e-05
11011111001111000001,24.858608744115635,9.765625e-05
00101010010110011001,59.17563170142765,9.765625e-05
11100000010111100000,29.06862342900738,9.765625e-05
11011110100001001101,22.04765946424928,9.765625e-05
00001110001101101100,25.954199939453435,9.765625e-05
10101000001110100110,39.67480708609575,9.765625e-05
11010101001111001001,26.59732845095249,9.765625e-05
10110011000101101111,26.291320688246437,9.765625e-05
10100110100111011001,29.638608775584974,9.765625e-05
01010001110110110101,30.75750934393991,9.765625e-05
00010111111001100101,22.026453172184908,9.765625e-05
00010001100000010110,29.311978152638762,9.765625e-05
10010110001001010011,22.202844287855307,9.765625e-05
01110010010100111011,21.021542155648092,9.765625e-05
11000110011101001011,21.596063078642864,9.765625e-05
01100010111101101100,36.384323724688336,9.765625e-05
00101001011101100011,30.27607329955007,9.765625e-05
00111111001111010011,14.76593614078222,9.765625e-05
01011101111111111101,23.9055196233725,9.765625e-05
01001111001011011110,13.602647133833836,9.765625e-05
01011110000100100001,16.200088030599392,9.765625e-05
11100101110101000110,10.486287828889388,9.765625e-05
11001010111111000000,31.914991840833565,9.765625e-05
00010011000101110100,19.70103278124853,9.765625e-05
00110100101010000010,21.742955290719664,9.765625e-05
01010001001100000110,25.88744382088448,9.765625e-05
10000001100001011001,26.202478369948384,9.765625e-05
01001011001111010011,22.184606406426713,9.765625e-05
00110100000000100111,18.128536258059647,9.765625e-05
10010000101011110111,45.46324181030331,9.765625e-05
00010111001111100001,18.323190264847852,9.765625e-05
01010011110001110101,17.469196240129712,9.765625e-05
00111000100110101000,22.292808743566983,9.765625e-05
11101011101001110111,30.013739238130317,9.765625e-05
10100100000000000000,18.428052217355958,0.0001953125
01010110011011100100,20.753465632277923,9.765625e-05
01111100100010111001,18.229513047023865,9.765625e-05
00010110110000111110,28.80238683929899,9.765625e-05
01110101101001010000,24.54190937359239,9.765625e-05
00010001111001101000,37.02777071339017,9.765625e-05
11010110111111110011,18.536711691302013,9.765625e-05
00000110001111101110,36.49216867706341,9.765625e-05
10001101000101001000,14.422077473894513,9.765625e-05
01101110001011101010,20.443625871135957,9.765625e-05
01101011111001001100,20.245750373852413,9.765625e-05
01111010100100001010,22.09341695480995,9.765625e-05
01000101011100110001,25.33303800996541,9.765625e-05
01111111100011010100,25.842292932030794,9.765625e-05
10010101100010000100,25.619363853070706,9.765625e-05
10010111011010001000,19.63812757139942,9.765625e-05
00100011101111111000,32.091967116356216,9.765625e-05
11000000100101001000,22.139835925995797,9.765625e-05
11110001111011010100,12.050895973289794,9.765625e-05
00010100110100101000,27.49201844410716,9.765625e-05
00101100000000110111,23.59424459062349,9.765625e-05
11101011000010101010,32.46005597927046,9.765625e-05
00110111111011000000,14.097604450694767,9.765625e-05
00110100110010101100,26.476799378690938,9.765625e-05
00111011110000110111,25.98607493569027,9.765625e-05
01010101100100101110,45.325578508992166,9.765625e-05
10000011110000111100,24.654736236179968,9.765625e-05
00110111111010101101,21.983142853447042,9.765625e-05
11011110111100000110,17.631571203444203,9.765625e-05
01110011001011011011,21.12818127780026,9.765625e-05
01111000101101100000,15.055139355144943,9.765625e-05
00010110010101110111,25.177970818794137,9.765625e-05
11010010011101110000,20.101850542572457,9.765625e-05
11101010111111101001,42.21907463866944,9.765625e-05
00010011000110100000,16.128536258059647,9.765625e-05
00010001011111010110,36.15587556907247,9.765625e-05
01001001100000100010,20.23773685933376,9.765625e-05
01111100110110100001,8.73154994625445,9.765625e-05
10100000010100100000,38.04832094487445,9.765625e-05
00000110110000000101,26.276861559411607,9.765625e-05
10011000101111010100,32.56088871138076,0.0001953125
01010111100010001100,33.77264825895747,0.0001953125
11011010011001011100,25.720218117950616,9.765625e-05
00011111100111011000,14.360253083083713,9.765625e-05
10011101100101100001,11.11840777287843,9.765625e-05
01110100011111111001,18.958458634121023,9.765625e-05
10010100100001011010,20.69547965616045,9.765625e-05
10010010000000110000,22.928514022389784,9.765625e-05
10110011010011111100,26.097604450694767,9.765625e-05
11111011010000000110,37.92831329652008,9.765625e-05
01000011101100111001,30.189710840723524,9.765625e-05
00110000010100010000,20.23109782725758,9.765625e-05
10011010101010111010,27.00935896093955,9.765625e-05
01111001101111001001,20.88405034743173,9.765625e-05
11101010011011000101,49.0243719074292,9.765625e-05
11010000100111001100,21.105512201557158,9.765625e-05
01111001010100110101,15.390959312320906,9.765625e-05
00000101000001100000,19.244610322776843,9.765625e-05
10111000101111111111,35.04612894811588,9.765625e-05
00101110001000100010,24.638453629342987,9.765625e-05
01100010100001110100,27.62492592977467,9.765625e-05
11100000011001101000,22.87892155073957,9.765625e-05
00000111100111001000,16.54233903449653,9.765625e-05
00110110100101011000,14.563416571723057,9.765625e-05
11100111110011001000,16.43260636556876,9.765625e-05
00100001110001111001,36.71635399162301,9.765625e-05
00110011111110100100,18.427803735583552,9.765625e-05
10100011001000010010,30.6306078205404,9.765625e-05
10110000001011000000,21.337265354973766,9.765625e-05
11010101100001010010,26.31772405903279,9.765625e-05
11100010100000100011,26.740331537852278,9.765625e-05
11010100000000100000,16.45284845318107,9.765625e-05
00100110101101101011,30.021471164005384,9.765625e-05
01110001111011100111,25.357955958713273,9.765625e-05
00010110010000111000,17.770151530294534,9.765625e-05
11100101110001010010,10.360262769120666,9.765625e-05
10000011101101111001,32.13914176856175,9.765625e-05
11110101110110111010,20.23596209494383,9.765625e-05
00000111011001101010,23.596063078642864,9.765625e-05
11001000011011000111,29.82862773850083,9.765625e-05
01111011001111101011,22.16376060138436,9.765625e-05
01011100000101010001,8.367486135713163,9.765625e-05
10010101000100010000,15.164348995162143,9.765625e-05
01101010010111001110,40.77844477786816,9.765625e-05
01101000101100100100,22.144560588323884,9.765625e-05
10110100100101001110,15.337265354973766,9.765625e-05
10100000001110110000,39.51268404899727,9.765625e-05
11111100111010001000,13.046708477404977,9.765625e-05
01101111111101111100,17.157096483331586,9.765625e-05
11001101110101010110,9.899651171257979,9.765625e-05
01101011001110001111,24.457665661557655,9.765625e-05
10001100110101001110,30.098433735412684,9.765625e-05
01000100010101001001,22.110973074863992,9.765625e-05
00001011111111000010,28.666478353314034,9.765625e-05
11110001101001100110,16.025313855530403,9.765625e-05
10100000001000000011,31.62492592977467,9.765625e-05
10111101110110100111,14.781954953034354,9.765625e-05
10111100000010011011,21.361213755964968,9.765625e-05
11110010100100010000,18.204168805074982,9.765625e-05
10001100010101010100,31.91845466242284,9.765625e-05
01101011110010101010,20.46363342900468,9.765625e-05
00000111010011001010,17.76178375909774,9.765625e-05
10001101101111000001,15.787036483686446,9.765625e-05
00001000000110011111,48.68887967333917,9.765625e-05
11010110110011011011,13.9668415109902,9.765625e-05
10011110000110000100,24.778686283626143,9.765625e-05
00000010111010101000,45.08426246929079,9.765625e-05
01111000001100001110,14.95889971169551,9.765625e-05
00011011000011111101,21.885004044298572,9.765625e-05
11011100011110111101,8.879579597760955,9.765625e-05
00101011110101111111,46.908856476433854,9.765625e-05
10011001111101101110,22.11859403995996,9.765625e-05
11000000000010101010,23.196867470825364,9.765625e-05
10000100111001000110,33.121309359896344,9.765625e-05
01101100101010100000,15.315093057519917,9.765625e-05
01000000110110111111,58.595373089233675,9.765625e-05
01010011000011111011,26.303953395704166,9.765625e-05
10111100011001000011,17.07108309485671,9.765625e-05
01000010110110101101,38.047533408594155,9.765625e-05
00100011110001101111,32.85974778813906,9.765625e-05
11101010100100100000,38.737906535253124,9.765625e-05
00101001010000100001,26.388158705777872,9.765625e-05
00101000000110011000,39.93632319234072,9.765625e-05
11010101001011010101,24.373143136392883,9.765625e-05
00110111101011010010,19.245556221671347,9.765625e-05
01001010000000011110,25.1768731305644,9.765625e-05
10000000000101111010,44.62998529120311,9.765625e-05
01010011101001000001,22.50850197274788,9.765625e-05
10010000010001101011,28.32961683843709,9.765625e-05
00001111001001011011,17.096884559990258,9.765625e-05
01011001010001100101,13.399483176263175,9.765625e-05
01000011101111101100,28.99484123611185,9.765625e-05
11101010000111111110,47.171833446316946,9.765625e-05
10100001100111011110,32.21385436203547,9.765625e-05
00101001100000001010,21.09246596796565,9.765625e-05
10000011100001100000,18.075210928641965,9.765625e-05
11100101011111111011,20.878175137282675,9.765625e-05
11010011010000001110,13.351826384208419,9.765625e-05
01001101001010011101,20.213565862868485,9.765625e-05
01011001100000000000,21.436580729094224,9.765625e-05
11111111101111101010,27.21256718026048,9.765625e-05
00111010010001101010,33.321921240954566,9.765625e-05
10110111101110011111,20.275019345789595,9.765625e-05
00000100100001101010,38.29506405400878,9.765625e-05
00011010111001111000,32.699179629978985,9.765625e-05
11111011010100110111,35.85545397927113,9.765625e-05
01011010111000110010,18.816560826283244,9.765625e-05
11001001001011111110,17.60078774097095,9.765625e-05
10011001001100110111,22.032821433661827,9.765625e-05
01011010001111101010,21.314418359286982,9.765625e-05
01001111001001010100,12.857677129345241,9.765625e-05
01010111000000100010,37.27953785177273,9.765625e-05
00110011100001011100,17.877199787633366,9.765625e-05
11110110010101011100,19.546600107091372,9.765625e-05
10111101011100000011,16.669494644807735,9.765625e-05
10111110000010101110,35.05929943642508,9.765625e-05
11010101001001011001,24.528104025377417,9.765625e-05
11111111011110111101,24.6513339966152,9.765625e-05
01101101100101111010,16.968001119643557,9.765625e-05
01111111100010010010,31.641849077987565,9.765625e-05
10100100010001000000,22.784590035444882,9.765625e-05
11000010101110000000,22.155783110151173,9.765625e-05
11000101010011011001,14.705815217611557,9.765625e-05
00001101100011101000,21.934161249905348,9.765625e-05
01101110001011010110,19.467468410094224,9.765625e-05
11010111111101100010,21.49105433762212,9.765625e-05
10010110111011011101,24.003210895373265,9.765625e-05
11000110000101010000,14.600219334084937,9.765625e-05
10110001011110110011,24.223718623317858,9.765625e-05
01111011110010000100,17.444292352174067,9.765625e-05
10010111011001010111,20.7038237017546,9.765625e-05
01100001010111011101,28.56698433542033,9.765625e-05
10000000000101010111,51.19654339932309,9.765625e-05
10011001001111110101,22.72474583094789,9.765625e-05
01011001000111101101,21.648584737009894,9.765625e-05
00000011000000101000,18.787406569618216,9.765625e-05
00011100011101111100,22.206259021446584,9.765625e-05
11110010000110101101,22.82210852048642,9.765625e-05
00110011111000100100,16.13787003464592,9.765625e-05
00111101111001110000,12.279372757702527,9.765625e-05
10000110010010001000,20.82373067399285,9.765625e-05
01010100011010000001,22.579168439213998,9.765625e-05
11001100011110001010,14.671948705517764,9.765625e-05
11110111000110001000,32.112303931644036,9.765625e-05
01010100100110000001,24.8538421482557,9.765625e-05
00001001011100001101,32.645238099944564,9.765625e-05
00000101101010101000,46.24930656344811,9.765625e-05
01101011111111100010,21.303053941301467,9.765625e-05
10100001001011001100,24.853373176305407,9.765625e-05
10010100101011010000,23.914991840833565,9.765625e-05
00101011100000100110,26.832864965889826,9.765625e-05
00001001011000000011,24.2097246401856,9.765625e-05
01010101110101111111,32.97134868743019,9.765625e-05
00001011101000100111,27.121620224630675,9.765625e-05
01001011001100000110,17.6315712034442,9.765625e-05
01001110110101000111,22.618944944719875,9.765625e-05
11000101111010000011,28.61894494471988,9.765625e-05
00010111100111010101,15.28389774983745,9.765625e-05
11001001000001101101,16.615398441161137,9.765625e-05
00010001111011010011,42.23231367520308,9.765625e-05
11101111101010100101,28.04647339874421,9.765625e-05
10010111100111111110,20.135929316809502,9.765625e-05
11101001010110100010,22.05519368473628,9.765625e-05
11010100101100011000,16.665405555170306,9.765625e-05
00000000101001100101,55.49064033171721,9.765625e-05
00110101000101100011,14.612308720633257,9.765625e-05
01010010100001110000,21.581978731793985,9.765625e-05
10001101001110001000,16.928514022389784,9.765625e-05
11101110111110010111,28.404443397023172,9.765625e-05
01100100000000111100,18.79424090751902,9.765625e-05
00010101010010111100,32.579168439213994,9.765625e-05
01001110010100000000,16.08060060316603,9.765625e-05
01010101100101110111,32.52866963511369,9.765625e-05
00100000101000111000,39.65127061744096,9.765625e-05
01111111000010100001,37.59721037836391,9.765625e-05
01110011101011111001,24.374449348055002,9.765625e-05
01100110011110100000,19.430440891562576,9.765625e-05
11000101101010011110,30.525431177459897,9.765625e-05
00000101010010101011,36.5063399431853,9.765625e-05
10000011111000100100,24.1755687198397,9.765625e-05
11101011111011000110,24.729522836426028,9.765625e-05
11100011000101001010,25.374698564248476,9.765625e-05
10011011110011001010,20.278842567273678,9.765625e-05
10101100101010101010,19.804538361276347,9.765625e-05
00100011100101011000,25.84875157886052,9.765625e-05
01111000100111111001,24.177023363520647,9.765625e-05
00011100000001000100,14.425790665320811,9.765625e-05
11111111010111100100,32.18003694499181,9.765625e-05
00010100000111111011,32.48810206175671,9.765625e-05
10111001001111000010,20.183614394726035,9.765625e-05
11110101111111001000,17.586237219321518,9.765625e-05
11001001101101010010,18.879579597760955,9.765625e-05
11011001000110101001,18.6306078205404,9.765625e-05
00010010110000111000,28.09843373541268,9.765625e-05
10111111110111011000,25.579756316140937,9.765625e-05
00111001100010010110,18.355464405127332,9.765625e-05
10011100111111011010,20.217221487399897,9.765625e-05
11111100010111111110,14.444284641738587,9.765625e-05
11101111000001001001,42.854046378708006,9.765625e-05
10100110011010101101,35.0504050067799,9.765625e-05
00010011100111101110,28.211924064657072,9.765625e-05
00011011011100110111,24.130943580758927,9.765625e-05
00101010010000000010,44.93076317836544,9.765625e-05
01010100101010111001,44.695531188602054,9.765625e-05
11011111111011000110,21.579756316140937,9.765625e-05
00001101101001110011,21.710578929194543,9.765625e-05
11001101011010001001,17.140201843902716,9.765625e-05
00001110110000010111,30.806215578795182,9.765625e-05
11000100000000000010,13.90025840941901,9.765625e-05
00110011111110110010,22.3449764507726,9.765625e-05
11100100001101000010,14.740341223889235,9.765625e-05
11101001010101110011,30.297221093998242,9.765625e-05
10111001111100011001,22.29374651280352,9.765625e-05
10110000101011011111,34.39496026849312,9.765625e-05
11111101001111111011,19.469076709538843,9.765625e-05
11011110100010001000,21.909436005722952,9.765625e-05
00100101011100010000,16.691734315206286,9.765625e-05
00000001100101101010,41.754708737396875,9.765625e-05
00100001110001111111,41.488888678112055,9.765625e-05
10010111100110011111,19.635749013292063,9.765625e-05
10110011110100101011,19.53758875850118,9.765625e-05
11000011111111110100,22.217221487399897,9.765625e-05
11010110011111101100,15.220051239180997,9.765625e-05
11000011100111000000,14.486287828889388,9.765625e-05
01111101011011110111,12.70667584073924,9.765625e-05
10101100010110101010,28.29316841988055,9.765625e-05
10101011010011011011,51.71920695215591,9.765625e-05
11001001001011101100,14.877672204027272,9.765625e-05
01111110111011111100,16.643673720473082,9.765625e-05
00010101010111111001,26.730804256378804,9.765625e-05
11110001011010101110,17.53387974593956,0.0001953125
10011101010001110000,13.75656366796764,9.765625e-05
00100111110001100010,18.64367372047308,0.0001953125
11111011111010001100,21.444292352174074,9.765625e-05
11000001111110110010,31.536189298845503,9.765625e-05
11011001011100111001,14.5963383385659,9.765625e-05
00100011110110100111,34.81527524910197,9.765625e-05
00100000101110100001,44.932169646921196,9.765625e-05
11001011101111111010,21.138858601902992,9.765625e-05
01001000000000100100,17.304130591566604,9.765625e-05
01110000000011101111,27.34926752798181,9.765625e-05
00000111101110000000,20.87761369557126,9.765625e-05
10111111111011001011,21.76391319897865,9.765625e-05
11101000010110011011,37.65065442766404,9.765625e-05
01111000000011111000,21.15141812413666,9.765625e-05
11101011010010100101,37.17908595814751,9.765625e-05
01001100010000110100,11.178047757762936,9.765625e-05
01011001011010100000,17.141143792003923,9.765625e-05
00100000101010011111,51.308526818023864,9.765625e-05
11101001010101010100,30.2872396908486,9.765625e-05
00011010110001101011,31.058366178148507,9.765625e-05
11000100011111111001,25.14016365992156,9.765625e-05
10110100000101010000,13.470392177175613,9.765625e-05
01000110000000110000,14.786383660409902,9.765625e-05
00101010011001000110,50.52830277564564,9.765625e-05
01010000111111001101,42.688264332098726,9.765625e-05
01101110100000000100,24.727548804578362,9.765625e-05
10111110100111000001,28.842221940388093,9.765625e-05
01011010000011010001,20.15421873067969,9.765625e-05
01110110101101101011,20.135929316809502,9.765625e-05
00100011111100001010,26.23529156473575,9.765625e-05
11111000111000100010,8.724994312720296,9.765625e-05
00010100011001110110,33.80428872586039,9.765625e-05
00001100110110101101,35.69581435526081,9.765625e-05
00001001001010000110,21.40354466620171,9.765625e-05
00101000010010000000,32.81906378569971,9.765625e-05
00101011011001001110,31.586237219321514,9.765625e-05
01101111101001011000,19.983412780861855,9.765625e-05
00111000001101111100,31.719251203476013,9.765625e-05
01100110111101111111,28.70947084214297,9.765625e-05
10100100111010110100,30.355223721327267,9.765625e-05
00110011011010011010,18.40105409159527,9.765625e-05
11011011010011111101,17.997609045833144,9.765625e-05
01111111101110101110,26.294687813610864,9.765625e-05
10111100010001111011,20.64654178708802,9.765625e-05
00010110100001010101,19.295609350110016,9.765625e-05
00110101000110110010,22.165466142592994,9.765625e-05
01110010001100111011,21.802983667841822,9.765625e-05
00000000000010001110,43.184227787353215,9.765625e-05
10010100111110110011,29.41670738942424,9.765625e-05
11000110000100001000,13.301969383552292,9.765625e-05
11000100001111010101,20.07429554660896,9.765625e-05
00011001111101010100,24.229969350283586,9.765625e-05
01100111111101000110,14.112109681495951,9.765625e-05
10111010100100101001,36.661963134343274,9.765625e-05
01001000011111000010,29.513268383513587,9.765625e-05
11000111101100100100,17.86268495833209,9.765625e-05
00010011111111110010,33.863021752637124,9.765625e-05
01101010111011011100,33.541716592286434,9.765625e-05
11001011110010001000,16.0009509868443,9.765625e-05
11010010011101000101,21.485169037952353,9.765625e-05
01110011111000100100,13.842235070868647,9.765625e-05
00100010000110101110,42.46292657040406,9.765625e-05
01001011001110001100,15.757596263212921,9.765625e-05
01010110010110011101,11.161705597589776,9.765625e-05
11100111111110111011,20.39048264077494,9.765625e-05
11111011010000000100,40.077281440844374,9.765625e-05
10100111000110100011,27.752520250572925,9.765625e-05
01011100111110000101,14.423616239698736,9.765625e-05
11011001110011001000,14.765966656895397,9.765625e-05
11001001111010010100,14.611789038199282,9.765625e-05
11010110111110001001,12.424171221836923,9.765625e-05
11000011110000010110,14.18122843054196,9.765625e-05
01001101101000000100,20.248728470525144,9.765625e-05
11011010001000100111,24.781723024549933,9.765625e-05
00110100100111111000,23.828627738500835,9.765625e-05
01010001011010001110,32.5768366299572,9.765625e-05
00110100000111101101,22.53849436737004,9.765625e-05
01101111000010100110,25.995326233659462,9.765625e-05
01001111111000011100,14.928514022389782,9.765625e-05
00001001000000000011,20.74034122388923,9.765625e-05
11001011011101001011,28.535799622859937,9.765625e-05
00001000101101011100,52.178103752496654,9.765625e-05
00001000010010101011,41.51326838351359,9.765625e-05
01100101100100101111,27.08930151708419,9.765625e-05
10000000010010101110,43.889546520442785,9.765625e-05
11000010001100110101,30.289121176647765,9.765625e-05
10101111101101010100,31.331818091918624,9.765625e-05
11001110001010000000,19.829421516374467,9.765625e-05
01011100100001000100,17.130155701543536,9.765625e-05
10101010011111110000,67.98187495661875,9.765625e-05
10110001111011111100,24.740693738684516,9.765625e-05
01011010100110001001,18.486287828889388,9.765625e-05
10011011010110011000,25.037021276938297,9.765625e-05
11111110110100110000,24.552270548710766,9.765625e-05
00100100110100011001,29.05138153100408,9.765625e-05
00101011010111001011,39.39355474149849,9.765625e-05
01011000101100011101,24.798031539321432,9.765625e-05
10110000000101000010,21.821157533642122,9.765625e-05
10001100011100110110,28.16806835189441,9.765625e-05
01000011001101011000,18.962663701142336,9.765625e-05
01111110101010101001,21.664763740886304,9.765625e-05
10011001110111001100,20.244631582915375,9.765625e-05
01001011100110110001,22.076822672530188,9.765625e-05
01111100111111000100,8.975742818682777,9.765625e-05
01010010011100111000,20.01253933945131,9.765625e-05
01011011001011001111,19.866786356492156,9.765625e-05
10011101011111110000,12.244856437461813,9.765625e-05
00100011101101101010,28.06628119929257,9.765625e-05
10010111010001011111,18.100810013559798,9.765625e-05
10110110111010000100,21.43199287497456,9.765625e-05
01000111111100000010,22.51986212474152,9.765625e-05
11011011001010010010,26.046473398744205,9.765625e-05
01011100000000101000,20.452848453181065,9.765625e-05
00011000001000000101,20.78916282131053,9.765625e-05
00111010000110001001,29.864153554041867,9.765625e-05
11100111100100001101,20.067445073937797,9.765625e-05
10010111010110011000,14.182795618002999,9.765625e-05
00001110010001000100,27.991526552274145,9.765625e-05
00001100001101110110,26.384452414078606,9.765625e-05
01000000010001000011,30.603835909361447,9.765625e-05
00111110111010111011,17.393672999590923,9.765625e-05
00000100001111001100,38.36837654053296,9.765625e-05
10110111010101111111,22.12462964887335,9.765625e-05
00011100001010101000,20.520267815484587,9.765625e-05
01111000000100010000,15.30076187240482,9.765625e-05
00011001000010011010,23.151418124136658,9.765625e-05
00001110101010110001,22.48916830240364,9.765625e-05
00110010011100011101,32.81737408499418,9.765625e-05
10101001000011011001,37.15139595491301,9.765625e-05
10101011000011111101,47.931880325796286,9.765625e-05
01011000000111100110,20.451765267055322,9.765625e-05
10100000111010010101,47.691638433477564,9.765625e-05
10011001110110110110,22.090242730764338,9.765625e-05
01000010001001110111,36.221946149727984,9.765625e-05
01011111001110100111,22.80782116821726,9.765625e-05
00001110010000000100,25.718124370008205,9.765625e-05
01110001000001010000,14.849166308346675,9.765625e-05
00110011100100010101,17.80107627410814,9.765625e-05
00011111010100110001,14.34021264126605,9.765625e-05
10011000101011111101,34.45575120468236,9.765625e-05
11011101101010100010,34.836775324626814,9.765625e-05
11101111100110110100,26.86706523552285,9.765625e-05
00000010111010101001,49.57717683622984,9.765625e-05
10111111101101101001,22.837518723702406,9.765625e-05
00101000110011001001,45.4707606196012,9.765625e-05
00011100010101101110,20.146654336266295,9.765625e-05
01110111011110010110,15.997609045833148,9.765625e-05
01110010010110001000,13.573996984999086,9.765625e-05
00110000101010011100,32.041481224756595,9.765625e-05
00101100001100001011,19.720269650392215,9.765625e-05
11100101010111110001,16.452767051920155,9.765625e-05
10100101100100000001,14.832874651926787,9.765625e-05
01111011110101001101,21.864881672781017,9.765625e-05
00100001010110010001,33.13504028286482,9.765625e-05
01101101111101111001,16.883327659577482,9.765625e-05
10100110000111011001,34.29721632124702,9.765625e-05
01100110100110110001,19.5012573946847,9.765625e-05
01011110111110101101,15.596063078642866,9.765625e-05
10110000101111111101,37.48888867811206,9.765625e-05
00110110000011101101,22.09760445069477,9.765625e-05
01111000111101101000,18.008363417668065,9.765625e-05
01010001100011011001,35.6294793435664,9.765625e-05
10110011101000000010,20.040724782327636,9.765625e-05
11011011101111001001,20.457665661557648,9.765625e-05
01000101011000100100,25.33934128722125,9.765625e-05
01100000011001000010,22.338566234127658,9.765625e-05
00110010001111101111,34.58400337615831,9.765625e-05
11100010010111101100,38.23068942649198,9.765625e-05
10101010001001101010,49.391984000830455,9.765625e-05
01101000010100110100,30.277230921762133,9.765625e-05
00010000101000111010,47.468812506527875,9.765625e-05
00100011000111000010,23.707479119145955,9.765625e-05
10000000111000000101,42.80771873978811,9.765625e-05
00000011100100111001,32.07429554660896,9.765625e-05
11100100010001101100,16.409531892849856,9.765625e-05
00011010111010000011,24.11395305960134,9.765625e-05
10010011111111100110,26.149858990046205,9.765625e-05
10000001111110000000,31.542131234645396,9.765625e-05
11101000011001100100,28.34423116857476,9.765625e-05
01001101001011110101,15.551281465012497,9.765625e-05
11111100101000110110,13.059928033101322,9.765625e-05
00011100100011111001,22.628673991591196,9.765625e-05
11010111010100000010,21.683053154756493,9.765625e-05
01010011011010100100,17.55311661508324,9.765625e-05
00110011101011101110,23.585918480327464,9.765625e-05
10000000101010110010,45.54998496102352,9.765625e-05
10110110010111100100,27.468069406661908,9.765625e-05
00011101001000011010,24.653557146689312,9.765625e-05
10110000000101111110,32.130328103723436,9.765625e-05
00001101100000000010,17.72439403973386,9.765625e-05
01000100100110011101,31.790732718794114,9.765625e-05
01001000010000010011,23.548770266721576,9.765625e-05
10011100000101010000,14.029758050382455,9.765625e-05
10100011100100011001,31.557841277411327,9.765625e-05
01010001000101110100,21.159544389575462,9.765625e-05
11100111111111111111,18.66449579991279,9.765625e-05
11111100111101101010,8.310728071505402,9.765625e-05
11100001101010110011,23.892635811656675,9.765625e-05
01111110000100110000,24.312693032133964,9.765625e-05
10000001011110010100,34.897124045336746,9.765625e-05
10011000101010000000,19.389460319352832,9.765625e-05
00000110101010110101,35.450249612035876,9.765625e-05
11000110101110111011,23.407808584614145,9.765625e-05
01111111110010111000,25.648475616037217,9.765625e-05
01111000100111110110,20.177023363520647,9.765625e-05
11000011101100111011,25.362157679667654,9.765625e-05
10111001110000010111,23.622654691702564,9.765625e-05
10111010001001011110,47.93285692630785,9.765625e-05
10110101111000000011,15.531139710581215,9.765625e-05
10100010100001100000,37.35965625454088,9.765625e-05
00001001000101110000,24.83592554117964,9.765625e-05
10110000111011110000,28.75148651248047,9.765625e-05
00000011000100011010,25.05513935514494,9.765625e-05
01011000011011011111,26.26848057060705,9.765625e-05
01111110111000010010,14.457806823294803,9.765625e-05
00001110011100000000,22.481350904418058,9.765625e-05
00000101010000000011,22.471294341600853,9.765625e-05
11011001001010001010,23.655434143164705,9.765625e-05
00110001101001101011,27.726577536575025,9.765625e-05
11111101111110010000,15.74005805723047,9.765625e-05
11110111101011011100,23.208417606565554,9.765625e-05
01001100001111101000,19.548770266721576,9.765625e-05
11011101110101010100,9.827491218996066,9.765625e-05
11000011110010100110,15.495049961286107,9.765625e-05
11001111101011101110,17.13138839704428,9.765625e-05
10101011001010010010,39.48855843050745,9.765625e-05
01001111111100110111,17.55284512090273,9.765625e-05
00101001100101011011,33.04345086565716,9.765625e-05
01000001110000001100,23.075869699244596,9.765625e-05
01011011111100000001,16.165820300894467,9.765625e-05
00000101000010001010,30.811733099071965,9.765625e-05
10110101111001000011,12.947120651351039,9.765625e-05
11001100110100100011,12.608650211824905,9.765625e-05
11101100011101011011,21.378510554566095,9.765625e-05
11011001111001010001,14.644222461017918,9.765625e-05
00010111000101000001,10.48472344941791,9.765625e-05
10011100111100001101,16.155783110151177,9.765625e-05
00110011110101011100,19.900010662067668,9.765625e-05
01111110100110011011,16.300843714567858,9.765625e-05
00110110000101011111,20.650181276849068,9.765625e-05
10010000010100010111,32.689781837764414,9.765625e-05
00001011000011111100,24.48724152575623,9.765625e-05
01110101101001011100,26.609588791769887,9.765625e-05
10110110100111100001,18.069152797478313,9.765625e-05
10101101010100011100,30.232116274173784,9.765625e-05
11111011101010001101,27.71051925584551,9.765625e-05
01000010011110000101,31.558078418800772,9.765625e-05
00110101000000010010,19.55786624378472,9.765625e-05
00011000010001101011,28.467907757035317,9.765625e-05
11111010101100110110,27.551293948199195,9.765625e-05
10111011001001010100,42.15614631803555,9.765625e-05
10110000000100101110,23.606717193584146,9.765625e-05
01011001000000100101,18.614561026785253,9.765625e-05
11111011111010101101,20.673134134568784,9.765625e-05
11110000111010011000,12.725780929075645,9.765625e-05
00111001000010111000,22.66196313434327,9.765625e-05
00010000100110000111,39.046167779390906,9.765625e-05
10011000111111011000,34.13347933699713,9.765625e-05
00110000110011101000,31.213870289665778,9.765625e-05
10101111110111011101,35.931861601016244,9.765625e-05
10010111110011110000,16.444284641738584,9.765625e-05
10001100101000101010,19.794286198367267,9.765625e-05
00011101101000010101,21.360015930854445,9.765625e-05
10011101101001011011,19.911223683361882,9.765625e-05
01110000111010101100,25.80980624613717,9.765625e-05
00110101110100101100,20.09246596796565,9.765625e-05
01111000001100010111,14.731549946254454,9.765625e-05
01100101100111001001,23.869341806103186,9.765625e-05
01000100010101101011,30.86826119420494,9.765625e-05
00100010110101001001,49.8000550300422,9.765625e-05
11011001011010100100,11.996852222009732,9.765625e-05
01001101110101011101,16.40383959246592,9.765625e-05
01011000110100100111,20.103700896692256,9.765625e-05
00001001111101101011,42.67339431045562,9.765625e-05
10111010110010010001,41.971124752808706,9.765625e-05
01111011101000110011,23.876466766448292,9.765625e-05
00111101111111111110,17.510916467761817,9.765625e-05
01011010001010110011,19.29913546374634,9.765625e-05
00111011101010110001,21.91557898333944,9.765625e-05
11011101100000101111,27.78154539862519,9.765625e-05
00010101011010100100,33.66325226473154,9.765625e-05
11100100111010111100,18.917095274812933,9.765625e-05
01000000011101011101,47.59102403084946,9.765625e-05
00111111100100110100,23.06936495085817,9.765625e-05
00010101111000111100,40.83637035746499,9.765625e-05
11010011010111101100,10.85336349026845,9.765625e-05
01100001001010101110,27.66964280419549,9.765625e-05
11010010001000001000,14.917260368883131,9.765625e-05
11010101001101010011,21.694579565303705,9.765625e-05
01111001100100011010,19.445261242250147,9.765625e-05
10101101100110010001,21.94889021902779,9.765625e-05
01011110110001010101,14.229786527645668,9.765625e-05
01010011100001001000,19.82999763369596,0.0001953125
10111001101000101010,17.77455565269115,9.765625e-05
01100011110100011101,21.84875157886052,9.765625e-05
11100100010001000101,16.80053721960026,9.765625e-05
10001000010010000001,36.65473623617997,9.765625e-05
11010010100110110111,22.421331784018868,9.765625e-05
11001110101101010010,19.913773625800633,9.765625e-05
01011010100100110010,20.50643582491402,9.765625e-05
11110010001011100011,25.330606227242427,9.765625e-05
00100110111111100111,40.119766447703455,9.765625e-05
00011111000000001000,23.772163534040928,9.765625e-05
10010000101000000011,25.758485944451465,9.765625e-05
10010100000101010110,18.91499184083357,9.765625e-05
10010000010011011101,35.63783371165157,9.765625e-05
00010110010001010100,18.24705125300631,9.765625e-05
11000011111011110111,26.133989246266946,9.765625e-05
00111111111111101110,14.707456215501235,9.765625e-05
11110011011010101110,17.8145088263688,9.765625e-05
00110111100001100011,19.368951286979335,9.765625e-05
11111110101100010101,26.04648308478116,9.765625e-05
10110001110010100000,14.798275667565107,9.765625e-05
01110001110010001010,21.795855997474174,9.765625e-05
10011101101000010001,19.481058051722336,9.765625e-05
11011011111101100101,17.651917127779136,9.765625e-05
01010001100001110001,30.257072516119294,9.765625e-05
10100110000010000010,30.151964154658955,9.765625e-05
11101000101000110010,17.704279896250945,9.765625e-05
10100100110000010100,23.541546900129077,9.765625e-05
00010011010000011011,19.97854342522581,9.765625e-05
01101110110101010000,24.829155953328204,9.765625e-05
10011110011011101101,21.63575869932902,9.765625e-05
11000000110111100001,34.932169646921196,9.765625e-05
11011101101000110011,26.787803630044323,9.765625e-05
11001010000010101000,21.534682475429086,9.765625e-05
10110111110000001000,20.260311403087066,9.765625e-05
00111110111011000101,19.187262836102974,9.765625e-05
10101100101111101010,22.118128981384583,9.765625e-05
01001111100001010100,13.69650434467,9.765625e-05
11011111101111111000,19.85360082800159,9.765625e-05
01011110111000010100,14.326454031061822,9.765625e-05
10111111111111010111,22.961490238427174,9.765625e-05
01001111101001000110,17.46256781401543,9.765625e-05
11011001001001011000,19.15865470833692,9.765625e-05
00001011111111111010,37.438561122548094,9.765625e-05
01100000011001000101,27.321253420769025,9.765625e-05
01000111010100010111,14.917512725161446,9.765625e-05
00001111001011000001,12.556889643273163,9.765625e-05
11000010000101011000,25.11951127263921,9.765625e-05
01011101000011111110,27.951117194939968,9.765625e-05
11011111011010011000,23.73354154923861,9.765625e-05
00000110111011000000,28.603835909361447,9.765625e-05
10100100001110011101,30.52829373690255,9.765625e-05
11010011101010101011,28.2172090913404,9.765625e-05
01101010000001100010,33.34622651026977,9.765625e-05
10100000001010011110,40.674633763990904,9.765625e-05
10010010110000010010,25.624925929774673,9.765625e-05
01000001110001101011,38.22594530496278,9.765625e-05
10001100110000000101,23.74189591732376,9.765625e-05
10110101100100110111,15.759146788622594,9.765625e-05
10101111100001010001,36.31084090955276,9.765625e-05
11110100001011100001,17.775448131079436,9.765625e-05
10100100011010011111,34.57021280193008,9.765625e-05
00101001111100110111,35.330767702614615,9.765625e-05
01001010000000000110,23.02324154239058,9.765625e-05
01111001001010000010,18.41392632920952,9.765625e-05
01001111110010011001,15.569107414104677,9.765625e-05
00011110111010000111,19.02243807847999,9.765625e-05
11101111100110110110,25.57035956880653,9.765625e-05
10000011110110011000,26.810824693053373,9.765625e-05
00100100100000101100,27.27340218226594,9.765625e-05
00110100010100001101,14.830896266550397,0.0001953125
11010010101111010000,20.374636524221657,9.765625e-05
00111000111001001000,22.347906252307283,9.765625e-05
00011000110101011101,41.86742212548305,9.765625e-05
11001101101010010110,17.501711162585938,9.765625e-05
11111110110110110000,21.106642752099642,9.765625e-05
11111110100100110011,25.77711046584814,9.765625e-05
10100011001111111101,39.44413994843063,9.765625e-05
00001101001001001000,15.176873130564399,9.765625e-05
01000010101000111010,33.66816525686983,9.765625e-05
10010001000111111111,30.45752367827223,9.765625e-05
00011111110111010101,12.23436305222218,9.765625e-05
11100011101000101111,20.887028444104462,9.765625e-05
00000000000101110010,49.00785372637813,9.765625e-05
10010100000000010011,16.055203370773235,0.0001953125
11110011101101101001,18.457665661557648,9.765625e-05
11011110111000101000,16.041112782331005,9.765625e-05
11010001100000000010,21.395178538511107,9.765625e-05
11101000000010001000,26.03953664325408,0.0001953125
01001000100100001011,30.055486537431996,9.765625e-05
10110010011001101001,31.40960124098638,9.765625e-05
01011000111110111111,33.58849618134698,9.765625e-05
00111111010001000010,23.842292932030794,9.765625e-05
10001101100001101000,13.448730305432768,9.765625e-05
01100000011001001110,28.680919361346863,9.765625e-05
01111101001111010111,12.972918672040983,9.765625e-05
11101000010000011111,35.575455982208766,9.765625e-05
01000010101100100011,36.71462336443777,9.765625e-05
01011000010000011100,15.227644691705265,9.765625e-05
00111001101100010100,16.18122843054196,9.765625e-05
11110010100000001000,16.268135766247248,9.765625e-05
11001101011010010010,14.400424564607377,9.765625e-05
10110001111101001010,16.188168444971822,9.765625e-05
10110010011010100111,33.40206556249706,9.765625e-05
10010110110111011100,20.623554058978065,9.765625e-05
10101100011001111011,30.15803769701173,9.765625e-05
01010001101000010111,35.155520344254654,9.765625e-05
01001001111110001000,26.098433735412684,9.765625e-05
00100000000010100001,34.114380919568056,9.765625e-05
11010110011011010100,15.15141812413666,9.765625e-05
10111101100010101000,25.21174288552534,9.765625e-05
00101010111111100001,53.752424281717005,9.765625e-05
10011111010110111110,19.871751790157163,9.765625e-05
10010100111011001010,29.954652798269557,9.765625e-05
01101111110011100001,20.269624338757293,9.765625e-05
01100111001100010001,17.867675194546248,9.765625e-05
01111100001010100001,15.331818091918628,9.765625e-05
10010111111000011100,19.313898763980205,9.765625e-05
10100010100101011101,56.12378662935817,9.765625e-05
11100110011101110001,26.82693895772024,9.765625e-05
00111100101100001111,13.64087311393005,9.765625e-05
10110101100110000100,17.154235392731067,9.765625e-05
10110011011000100000,21.267794091132476,9.765625e-05
00111111011111010111,14.96149023842717,9.765625e-05
10100010100101000000,42.53245101019313,9.765625e-05
11111101101001111110,20.665782187802506,9.765625e-05
00110010100100010000,20.739381285429044,9.765625e-05
11101111000101011010,36.295513457584924,9.765625e-05
00001111010110111101,20.447156152797128,9.765625e-05
01001111001010110000,16.76763170168664,9.765625e-05
01110001101000111000,28.089713449420607,9.765625e-05
11110010111010010000,14.654321593821013,9.765625e-05
11011001111001110011,16.282060537038028,9.765625e-05
10011110011111011010,22.155166185953185,9.765625e-05
01100010101100010001,27.012185915570907,9.765625e-05
01010111110001101100,23.84820636988649,9.765625e-05
10110001110111000010,16.37214939405882,9.765625e-05
01001011101011101000,19.839417802274244,9.765625e-05
10110001000001011100,19.564656966819463,9.765625e-05
10110011010000011101,27.77352825415906,9.765625e-05
10011100011110011110,20.315742142085593,9.765625e-05
01100111100110100101,21.07108309485671,9.765625e-05
00101001111110100101,32.57497305822964,9.765625e-05
01001011110110000010,17.673484026878377,9.765625e-05
10011111001111000001,18.837518723702406,9.765625e-05
10110101101011001110,24.122336670891585,9.765625e-05
01110111010001110001,18.99120808591117,9.765625e-05
10100100101111011000,26.221868709351863,9.765625e-05
01100110110110111111,26.145503690068644,9.765625e-05
10010011000100111001,18.942588683201706,9.765625e-05
00001010100010100011,34.453056460172256,9.765625e-05
00100111001011000000,15.135056297622327,9.765625e-05
11100000100001000100,17.414198781142993,9.765625e-05
11001000110011000000,20.87892155073957,9.765625e-05
01111111011000101000,30.1707162988861,9.765625e-05
01100100100110010001,17.085118335859093,9.765625e-05
00011101101101100100,18.54495475567297,9.765625e-05
01100010111001010000,25.758485944451465,9.765625e-05
11100101010001000000,13.82162724001348,9.765625e-05
10010111110011100000,16.2210022260253,9.765625e-05
01000000001110010010,36.09365401991201,9.765625e-05
11100111010001011010,21.248673504479754,9.765625e-05
01010011111000000000,17.08875351096042,9.765625e-05
11100101000011010110,16.58348470077647,9.765625e-05
00000100010001010110,32.897124045336746,9.765625e-05
01000011010001101100,15.032205956626331,9.765625e-05
01000000100001111111,47.88641215636052,9.765625e-05
10001101111010000110,20.202241217719124,9.765625e-05
11000111111101110101,14.548400180789805,9.765625e-05
10101101110011001010,19.624511287415714,9.765625e-05
10101101000111010000,24.06935246767148,9.765625e-05
01100011000100100101,22.66196313434327,9.765625e-05
11111110111110100011,16.88517736640341,9.765625e-05
10000011000001101010,21.332656240715572,9.765625e-05
00101100001001000100,19.389466560946182,9.765625e-05
11101011110011010101,35.775374429414185,9.765625e-05
00110111100111110111,17.54246020934191,9.765625e-05
00101101001000101000,18.88275653182911,9.765625e-05
10011111111111101110,16.452641817813305,9.765625e-05
10100010011011011110,56.578926933456,9.765625e-05
11111010010110010000,37.64325448002697,0.0001953125
01100010001011110000,27.074234328130405,9.765625e-05
10011101010100110010,14.276256100551805,9.765625e-05
11111010000011010010,39.295725719728175,9.765625e-05
11100000001000000001,18.78740656961822,9.765625e-05
00101011101001110100,29.514848054161323,9.765625e-05
00101111100110100001,21.584496171678254,9.765625e-05
11111010110111010000,33.971124752808706,9.765625e-05
10011000010000010101,29.84935808260049,9.765625e-05
00011001111010111010,32.96733777258995,9.765625e-05
10101110010001100000,48.809109346204586,9.765625e-05
01110001111010001100,21.34659913156004,9.765625e-05
01110011010100101000,15.638127571399416,9.765625e-05
11001001010011010000,15.471294341600853,9.765625e-05
00011111101111101001,16.323190264847852,9.765625e-05
11011000000010100001,13.724046857446805,9.765625e-05
11010000010111011010,22.198961218767774,9.765625e-05
10100011110111100011,37.21601586431704,9.765625e-05
11100001111010011100,16.725780929075643,9.765625e-05
00110111110101001101,11.291324132690045,9.765625e-05
00110110101011100110,24.768615594116056,9.765625e-05
00110101001000000100,19.57360636251003,9.765625e-05
01010100101011000010,40.69920627233458,9.765625e-05
00000000111111001001,70.3365746311435,9.765625e-05
10110100100111101001,15.070058406347165,9.765625e-05
01011110100000110011,19.506152658255264,9.765625e-05
10110010011010011011,31.839182538109604,9.765625e-05
11011110100011000010,22.86236097395701,9.765625e-05
10110110011100010000,22.872109392902246,9.765625e-05
10011110001011011001,20.867020886235736,9.765625e-05
00011000100111100010,28.71044744265453,9.765625e-05
11100010101010001010,21.82534502952694,9.765625e-05
10000001000000110100,20.967995601631454,9.765625e-05
00101011011111001100,35.00513848272912,9.765625e-05
11010100010000011110,13.38946656094618,9.765625e-05
10001101010110110110,19.486364251416997,9.765625e-05
11001000110101110100,30.505116210140265,9.765625e-05
01001100001000110000,11.663416465908453,9.765625e-05
00000010010101101011,54.28112994011615,9.765625e-05
01100111110001001110,15.096718213899829,9.765625e-05
01100000101010101110,36.355981192444546,9.765625e-05
10001011111001001001,31.233434969022603,9.765625e-05
10000100110110010011,33.5903908847539,9.765625e-05
01110000011111000011,20.143226199563372,9.765625e-05
01111001001011000100,15.5806689010242,9.765625e-05
11111001011011111010,16.78195495303435,9.765625e-05
10101110101110101001,30.279372757702532,9.765625e-05
10111000101101010011,28.86502928325158,9.765625e-05
00101011100001010000,31.037021276938294,9.765625e-05
11010100101011101010,35.31857283542782,9.765625e-05
01100101110100110001,18.179043301034415,9.765625e-05
01101010101011111010,28.664923659879506,9.765625e-05
01101010000000111111,37.2079293500782,9.765625e-05
10001001111110111001,37.09249179961279,9.765625e-05
00010101100000010010,32.140201843902716,9.765625e-05
01000011111011000100,18.981305629807807,9.765625e-05
00111011111110001100,18.475488813500085,9.765625e-05
01011000111000011011,23.157379649990343,9.765625e-05
00011110101000010101,19.58670963571542,9.765625e-05
11001011010001100011,26.511654250901742,9.765625e-05
00011011010010101010,16.51387842966418,9.765625e-05
10011000001100001110,25.19564029333672,9.765625e-05
11100100111110100011,20.58751239768095,9.765625e-05
01010101111010110010,50.72219120329479,9.765625e-05
10000110011110001010,28.694756869929527,9.765625e-05
10101110101010110101,35.59423490458653,9.765625e-05
10001110101001110011,28.154905112230693,9.765625e-05
01100110011100001000,17.095587848861218,9.765625e-05
11111100111000111010,9.058013663353227,9.765625e-05
10001001011010000001,25.229796213682622,9.765625e-05
00011111011010010111,15.915578983339438,9.765625e-05
00010011010001001101,15.752192254855911,9.765625e-05
00101110010010010000,31.783648832604555,9.765625e-05
01011000111001001101,24.505545958171602,9.765625e-05
01101100000000000000,15.430868751529296,9.765625e-05
11101100110110101111,19.07423432813041,9.765625e-05
11011100110000000100,10.428052217355962,9.765625e-05
01000110010101010100,16.566025306045262,9.765625e-05
01111100011110111100,11.474104634180843,9.765625e-05
10001001110010111111,34.2172214873999,9.765625e-05
01000100111000101110,41.863293138054246,9.765625e-05
10101000010100110000,51.878388748664854,9.765625e-05
01101111101011111100,17.602647133833834,9.765625e-05
01110100011111011100,16.429734032961953,9.765625e-05
10101010111001100111,61.130898289910675,9.765625e-05
00000101001011000110,29.903326254990496,9.765625e-05
11111101010001001011,25.028535433152946,9.765625e-05
11001111110111010001,15.963312062126764,9.765625e-05
01101000000111101011,33.264832129230115,9.765625e-05
00001011100111010000,25.596063078642864,9.765625e-05
11011000000000001001,15.819063785699711,9.765625e-05
11001011001110001010,21.29663403861957,9.765625e-05
10111001000000010010,27.683053154756493,9.765625e-05
10001111001101001001,21.498891183968997,9.765625e-05
11011101011010000110,22.080980680241836,9.765625e-05
00011111010010000001,14.55222973099444,9.765625e-05
11101001001010000010,20.270941879962567,9.765625e-05
00001100101010111000,29.439287146082567,9.765625e-05
01100110110100110101,21.677316210818177,9.765625e-05
11000100101100001001,18.904983071747093,9.765625e-05
11011110001100111001,16.32393420245392,9.765625e-05
10111111101010000011,30.23359942663876,9.765625e-05
00001000011000110111,47.68985899471309,0.0001953125
11100000111010101100,24.645238099944564,9.765625e-05
01010000101110101000,42.713069394584494,9.765625e-05
10010111100010110000,22.956759949323597,9.765625e-05
11100110111100111010,19.109629625724207,9.765625e-05
01000110110111111000,24.65622619040495,9.765625e-05
11100010001000010111,33.472245328445155,9.765625e-05
11000000000011001101,26.033101879458226,9.765625e-05
10011010001011111111,36.74642018587743,9.765625e-05
01010110111010110011,27.31158860750588,9.765625e-05
10000110001100011000,22.223552168464046,9.765625e-05
00001111001000101001,18.43966554717618,9.765625e-05
00001110001100000101,24.32926432364181,9.765625e-05
01110100001111000110,17.890676885481398,9.765625e-05
11111011000001110000,42.225868137217745,9.765625e-05
01010111110010101101,28.32887632363844,9.765625e-05
11110001110000111110,11.884227837561426,9.765625e-05
00100000010011010111,54.15773216478563,9.765625e-05
00010110010000100010,18.91690621058166,9.765625e-05
01010001111011100010,42.61322569152125,9.765625e-05
01110001111001101010,24.62258443448092,9.765625e-05
00110101001011101010,30.708526918440285,9.765625e-05
00111100010100111011,14.447156152797131,9.765625e-05
11110101110100010100,9.917873125056264,9.765625e-05
11010110101100110110,20.348073332818775,9.765625e-05
00010001011011100001,31.449060651004395,9.765625e-05
10100011010111011001,43.86686444416214,9.765625e-05
01110101100001101100,31.333059221436102,9.765625e-05
01111011011011000110,15.649188541567138,9.765625e-05
01001001110111101011,33.306806171142846,9.765625e-05
01110101100100010001,19.247750204871206,9.765625e-05
01100100110110011111,26.857926502969946,9.765625e-05
00101110010101010001,44.0095053302297,9.765625e-05
00001010101110010011,43.8509839856576,9.765625e-05
01000001011011000111,32.270337166320196,9.765625e-05
01001101101011111101,26.07338993774011,9.765625e-05
11110111000101000001,29.669887939491318,9.765625e-05
10010100011010001101,23.183980949087,9.765625e-05
00101011011001101001,34.60629557521077,9.765625e-05
10011011010111011000,26.72866595200921,9.765625e-05
10010101010010100000,20.733818474304012,9.765625e-05
10011001110100110011,20.57594893515995,9.765625e-05
00000110001101110010,30.126685827652466,9.765625e-05
01010011010111111111,22.261773354877718,9.765625e-05
00010000111100101011,49.41791217970935,9.765625e-05
00011110110001000100,19.58850845739362,9.765625e-05
01000010101101000101,34.60383590936144,9.765625e-05
01100111000010110001,22.976441770547677,9.765625e-05
00101101110100010101,20.206965880047207,9.765625e-05
01010001001100011000,27.534682475429086,9.765625e-05
01010111000011000000,26.547563577122375,9.765625e-05
01010010110110010000,16.008363417668065,9.765625e-05
10001011000001110000,31.735300510953454,9.765625e-05
11111110110100110001,23.989091140056786,9.765625e-05
11001001001011000000,14.983695947520614,9.765625e-05
00010100010100110000,18.302916838825784,9.765625e-05
11000111001101101010,19.26970148486616,9.765625e-05
00001110010001111100,31.17090183154656,9.765625e-05
00111110010110011100,25.805259171905803,9.765625e-05
11001001011101011110,21.361499632646265,9.765625e-05
00100001001101110010,30.040708033149066,9.765625e-05
10000111101011011000,17.45177775024202,9.765625e-05
01001101011000011010,17.671675224895964,9.765625e-05
10100111011111010100,27.931883770239892,9.765625e-05
11110100011111000001,9.978543425225812,9.765625e-05
01110011101110111101,22.206425269160334,9.765625e-05
10110111111101110010,17.561533627921584,9.765625e-05
11001001111110111000,20.528698693224555,9.765625e-05
10101110001100001101,45.642303493182666,9.765625e-05
11111111101011110100,29.380437494628083,9.765625e-05
00010011111001000101,20.418218472935074,9.765625e-05
01001001001111000001,21.074234328130405,9.765625e-05
10001011001001001110,28.96136906358179,9.765625e-05
11000010100000000001,18.78740656961822,9.765625e-05
11011111110011111111,16.083603062234104,9.765625e-05
00011000011101101010,31.19521587781361,9.765625e-05
00000001100000001101,32.60325781643848,9.765625e-05
10111100100111010100,20.128536258059647,9.765625e-05
00011001110101110010,24.102724296180696,9.765625e-05
00011000110101110110,39.14568118019834,9.765625e-05
10110000010000010000,20.78459003544488,9.765625e-05
11011010000000000101,29.007538486478886,9.765625e-05
10010111111010001110,25.111149743035764,9.765625e-05
01111111110010000110,24.227918270294083,9.765625e-05
00000000011010100110,55.08430776013904,9.765625e-05
01010001110101101100,28.164153503833653,9.765625e-05
10000101011110110101,28.409216783803288,9.765625e-05
10111010100110111100,39.515192526425835,9.765625e-05
01000011001101111110,26.329826488934472,9.765625e-05
01110111111101101011,20.303953395704173,9.765625e-05
11010110101110110001,16.67888266385815,9.765625e-05
00001011010011010101,32.02052370873189,9.765625e-05
00011111001010101111,22.178096874449253,9.765625e-05
10111010001001010101,54.17895719246985,9.765625e-05
00111111001111110100,17.584486485641307,9.765625e-05
11101010001111101101,45.75627872200765,9.765625e-05
10011100011010000100,16.547822811448082,9.765625e-05
11001100100101110001,11.026612982414726,9.765625e-05
00110110011101000101,17.890676885481398,9.765625e-05
01111101011011010011,12.972918672040983,9.765625e-05
00110010100101001100,25.948659122888,9.765625e-05
10110011011010001001,20.587124190537516,9.765625e-05
01100110011011100001,21.377437130764687,9.765625e-05
00100111001111100000,17.490042132299262,9.765625e-05
01010000111111001001,40.436530263168976,9.765625e-05
10100011001010001000,24.720209166334723,9.765625e-05
00010111001000111000,26.653557146689312,9.765625e-05
10000001100100111101,32.50891308353603,9.765625e-05
10101000010010001101,51.358696316080696,9.765625e-05
00110000101100100100,24.87891530914622,9.765625e-05
11101011101010101100,22.87018533711719,9.765625e-05
00101111011101110111,27.07864667856166,9.765625e-05
10100001111010110000,28.203137140551018,9.765625e-05
11110011000111001101,21.64727490624011,9.765625e-05
11100110111010011111,20.96990561785082,9.765625e-05
00000100111001110101,47.70272062636545,9.765625e-05
11001111101001001011,21.623737154247063,9.765625e-05
01100010111011100111,37.12911270747642,9.765625e-05
01010110101101101001,24.982719347009056,9.765625e-05
01011010111100010000,17.17090183154656,9.765625e-05
10110011000000100000,25.636335725735634,9.765625e-05
11101111110101101111,26.269624338757303,9.765625e-05
10010011010000001010,16.5521754014031,0.0001953125
00000010011010011110,48.958112175415216,9.765625e-05
11000011011110011000,17.05513935514494,9.765625e-05
00010110001110011011,21.413416762874807,9.765625e-05
00010110010000000001,11.75759626321292,9.765625e-05
00100000010000000001,32.87610501656623,9.765625e-05
00010001001010001110,36.5768366299572,9.765625e-05
11101000100000101110,20.910636540856007,0.0001953125
11101010001011110010,37.694579565303705,9.765625e-05
00110100101110101000,26.20589590068941,9.765625e-05
10110110010010000110,27.842475754668715,9.765625e-05
01101001101010001100,18.73746691568095,9.765625e-05
10011100011111000001,13.165749309251758,9.765625e-05
00101000010011101110,46.39460775369784,9.765625e-05
00111001011011100011,15.22918462199286,9.765625e-05
00000011100110001110,28.5509918604167,9.765625e-05
00001101011111111100,24.404492121475204,9.765625e-05
01100000001110101010,33.02488869474641,9.765625e-05
00011111100111000001,11.878545310341648,9.765625e-05
01101100001100010111,12.886167097395537,9.765625e-05
01101101111001000010,11.39572654463488,9.765625e-05
01111111010000101010,32.83769350380956,9.765625e-05
00000110111101100100,37.877052471839725,9.765625e-05
01110100010101000101,7.919591269054802,9.765625e-05
10011101111101111110,17.169571807154597,9.765625e-05
00001011110010000100,21.606717193584146,9.765625e-05
00101111011011100000,19.025383378330982,9.765625e-05
01001111111001111001,16.819367674419624,9.765625e-05
01011000111100000011,18.449302156762386,9.765625e-05
10001001101011001100,24.475903455859044,0.0001953125
11001101111100010010,12.971132686576077,9.765625e-05
11100100000111101110,21.141919987901254,9.765625e-05
00011000010101010100,32.73675308106591,9.765625e-05
10100001010010001110,27.308662559715938,9.765625e-05
01111111001110101100,27.77084599283566,9.765625e-05
11010110010110111100,10.740341223889235,9.765625e-05
10101110101011000011,32.612308720633266,9.765625e-05
11010101010101001100,12.400088820626856,9.765625e-05
10111001000001101001,25.36043943729244,9.765625e-05
11101011010010011000,36.224289200991066,9.765625e-05
00000011001011011111,34.07273024721254,9.765625e-05
00010011000000000000,13.221423844398668,9.765625e-05
00000011011010101100,28.22787560234118,9.765625e-05
11110001011000000010,12.615245705322408,9.765625e-05
11100001101010010000,16.325088401858565,9.765625e-05
01111000111110010101,16.26203152268708,9.765625e-05
10101001011000010000,31.72439403973386,9.765625e-05
00111011010101100000,26.833362173993066,9.765625e-05
01111000000001001100,20.563770730024526,9.765625e-05
11110010100101011101,23.53387974593956,9.765625e-05
01000111101001100000,24.98093718738222,9.765625e-05
11111000101001000110,16.250475036180497,9.765625e-05
00110111011111011011,14.063234918966689,9.765625e-05
10011110111000100110,23.51301708295525,9.765625e-05
10110111110100100011,18.269624338757296,9.765625e-05
00100000010000000100,33.0758696992446,9.765625e-05
10111011011110111010,30.214426485996164,9.765625e-05
00000110110011100001,30.393734941650727,9.765625e-05
01100101111111010011,22.483883569987572,9.765625e-05
10010100100010010010,22.87761369557126,9.765625e-05
01100001100001111101,25.34136684067069,9.765625e-05
01101111101000011001,23.79431741717383,9.765625e-05
11110100111011111101,15.62258370005986,9.765625e-05
00000000001110001011,53.8919812090789,9.765625e-05
10110100000111010001,15.136951208169314,9.765625e-05
00000100000111111000,35.5945215156889,9.765625e-05
11011100110100111011,7.486364251417001,9.765625e-05
10001000110101100100,47.1804886879924,9.765625e-05
01010101010011101101,31.952199471980595,9.765625e-05
10000110001101100011,29.362157679667654,9.765625e-05
11101111101110100101,25.984356791691738,9.765625e-05
00001111110011100011,17.47180425087067,9.765625e-05
10100100000111110001,27.867965544359485,9.765625e-05
00110010001110110001,27.088318674979284,9.765625e-05
01110111100000110000,30.33560154056657,9.765625e-05
11011100010011101000,10.983695947520614,9.765625e-05
11011101101100100110,23.63634813263495,9.765625e-05
10001000010001101010,38.22414274457371,9.765625e-05
00001100110101101101,36.24261871979269,9.765625e-05
01011110100111101110,19.930923097358637,9.765625e-05
00110110110010101110,23.427087190945976,9.765625e-05
10101000101001101010,33.008421191703015,9.765625e-05
11011001000100110100,14.70800557086394,9.765625e-05
11110110010000000101,23.16502545650448,9.765625e-05
01101010101001001000,28.046708477404977,9.765625e-05
00101100111011101001,28.393734941650727,9.765625e-05
00110111000001100000,20.86051135425828,9.765625e-05
01110110111111100010,17.61121304048099,9.765625e-05
11011001001111001001,19.48747596796295,9.765625e-05
01111011100010011000,25.13512104767169,9.765625e-05
11010101101001010100,24.41932224532693,9.765625e-05
11011010000010110001,22.586426469056654,9.765625e-05
11010010111101011000,18.42451216253063,9.765625e-05
00101111000011010101,25.555024095944127,9.765625e-05
01110110110111111111,18.155755852977727,9.765625e-05
00110111011011100101,16.71027972568899,9.765625e-05
01000100110001011010,28.463720261150495,9.765625e-05
01100110101000001110,20.18607469702941,9.765625e-05
01000101101001000010,34.28634376801671,9.765625e-05
01101100001010011010,14.158152118016623,9.765625e-05
00100111100110100101,20.958478093322135,9.765625e-05
11111011001100000000,38.83489289726653,9.765625e-05
11101000111101001110,31.894868734894946,9.765625e-05
01011000010011000010,14.736159060512641,9.765625e-05
11000001110111100010,25.370853075573713,9.765625e-05
00011101111110111111,29.172395524482408,9.765625e-05
11000001000001000101,13.048802225347384,9.765625e-05
01100010010101000100,33.358696316080696,9.765625e-05
11111110110000100011,26.204835890839462,9.765625e-05
11101101010101010101,22.494211812489162,9.765625e-05
10011010010101000001,41.88125245091124,9.765625e-05
00110110010011001000,16.25693106011488,9.765625e-05
11000100010110000001,14.372205280029148,9.765625e-05
11010111010111010001,12.282163678208612,9.765625e-05
11011101101001111001,22.53749557599864,9.765625e-05
00010010111101100000,33.47774683396443,9.765625e-05
00101111101011000001,17.13600030845221,9.765625e-05
01000100000011111111,34.81928147872786,9.765625e-05
01000101010100000000,16.322994653916155,0.0001953125
10100100111100101110,30.685426537786856,9.765625e-05
01010111000111011101,16.33164060178893,9.765625e-05
10001000001010101010,30.02507867890262,9.765625e-05
10001101000000100000,15.3398758685972,9.765625e-05
01111011111110110000,16.202844287855303,9.765625e-05
00001101001011011101,19.82998368166713,9.765625e-05
11110100001111000101,13.911766905894623,9.765625e-05
11010101101011010110,34.01502564765622,9.765625e-05
01001000001010101011,29.313873063185746,9.765625e-05
00110000111000000000,16.304410313781755,9.765625e-05
11110110110111010100,14.847794437550068,9.765625e-05
01101000111100110011,29.76420335290129,9.765625e-05
00010010100001011000,26.096172183377533,9.765625e-05
00111101010101001010,12.820251924773272,9.765625e-05
10111000001101110001,32.10835736452737,9.765625e-05
01100010010100110100,33.04049034012092,9.765625e-05
10000001001011010101,32.05033401513719,9.765625e-05
01001111011110000000,12.74507212781067,9.765625e-05
00001001100001111010,30.693610577260607,9.765625e-05
10111110111010101110,24.664994651522218,9.765625e-05
00011010000010111000,23.02759684236814,9.765625e-05
11011111000111100001,24.488275263848692,9.765625e-05
00111001100001110101,20.627558732224966,9.765625e-05
11000110110100001001,13.52775123795106,9.765625e-05
11011100000011011101,14.316699370523242,9.765625e-05
11101011101011000010,26.121900033973034,9.765625e-05
00101111100111001101,21.606286623594883,9.765625e-05
00010010000011011101,30.49829968793439,9.765625e-05
11100101101001110110,14.55503649200362,9.765625e-05
10001000010001110101,51.59340896634521,9.765625e-05
10001011000000101001,29.057066208079736,9.765625e-05
00100100110100011000,26.649034689912884,9.765625e-05
00001011110001011100,30.736506242799695,9.765625e-05
11111011110100000100,30.369145439160405,9.765625e-05
10011000000100000001,21.3599030928071,9.765625e-05
00000001000000001010,26.45528938341053,9.765625e-05
10010000101111100011,39.46324181030331,9.765625e-05
10110011110001011100,21.71883729553812,9.765625e-05
10110101011010110110,23.19811338393387,9.765625e-05
00110101000101010011,11.373678659329961,9.765625e-05
11100110001010011001,21.364894063442332,9.765625e-05
00010100100011111010,42.39373494165073,9.765625e-05
11100100101010011010,17.94509866730043,9.765625e-05
01111100010001000001,11.137317849657478,9.765625e-05
00000110100010100010,28.135630858974487,9.765625e-05
10110111000111001010,22.264797356806902,9.765625e-05
10001010111111110010,55.74035112790607,0.0001953125
01111010101010110111,20.81359895150808,9.765625e-05
00000000101100000001,45.734406253263934,9.765625e-05
10100100010100011010,27.366536617711,9.765625e-05
11001011010010111100,17.140201843902712,9.765625e-05
11001010111011000000,26.69547965616045,9.765625e-05
10101000001001100001,40.22002459682541,9.765625e-05
01001100110101111010,22.485745253650514,9.765625e-05
00101000010010011010,40.003038493193365,9.765625e-05
11011100111100010001,5.704279896250945,9.765625e-05
11011111110110011001,16.764838365425273,9.765625e-05
11110111011111001010,21.108290726003744,9.765625e-05
01000100000001001101,21.666328120357786,9.765625e-05
00000110000111000100,22.9597956345274,9.765625e-05
10111100100110001011,14.470879699241902,9.765625e-05
10111110010110000011,34.02948913001978,9.765625e-05
10110001000010100001,19.48723881573369,9.765625e-05
11110111010010010010,29.1065725820052,9.765625e-05
10100101000010100011,23.602647133833838,9.765625e-05
00011110110010111100,20.914991840833565,9.765625e-05
01111011101000000000,24.43221574307971,9.765625e-05
00001011101010011011,28.73613615686792,9.765625e-05
11100001011110111111,28.02147116400539,9.765625e-05
01111001101010001000,23.348055418747176,9.765625e-05
01011001110000001000,19.039536643254078,9.765625e-05
00111001100111111000,23.13312871026647,9.765625e-05
10000110000000100001,21.48762681573706,9.765625e-05
10000110111000101110,32.02035401657454,9.765625e-05
00010010110110010000,26.850000925572814,9.765625e-05
00110100001111010100,18.31156622030235,9.765625e-05
11010000101000100101,19.936323192340726,9.765625e-05
11110011000111001001,22.88691643844519,9.765625e-05
10100100011110001010,28.34443094753131,9.765625e-05
10110000111001110100,29.099878398789414,9.765625e-05
11100101001110001110,21.904199067037617,9.765625e-05
00100010101001111001,45.37085307557371,9.765625e-05
11011110011111110011,14.15392506727553,9.765625e-05
01110011111010000100,11.718837295538119,0.0001953125
11100010001011010010,30.888226269214975,9.765625e-05
01011111110101011101,13.46369120303963,9.765625e-05
01010100000001001000,22.818167862867817,9.765625e-05
00010000010110101011,40.63888151094589,9.765625e-05
01111100101000001100,18.31520037755517,9.765625e-05
10100110110100010000,31.672961645261683,9.765625e-05
00100110010100001000,25.69111884901061,9.765625e-05
01100101001001010101,13.677319007967917,9.765625e-05
00111100111111111100,22.393734941650727,9.765625e-05
00011000111000011101,35.0431781086166,9.765625e-05
11111011011010000100,29.46352577687415,9.765625e-05
11111111000001000101,49.82077398513451,9.765625e-05
01001100011111101110,24.757570562418458,9.765625e-05
10110000010010001100,23.844007250191265,9.765625e-05
00000010000000100100,31.25525122011036,9.765625e-05
01010011101111100001,28.18764562320132,9.765625e-05
01010100110000000101,18.81906378569971,9.765625e-05
10110111000000111000,29.374836281542017,9.765625e-05
10011001101000111101,23.010579689694783,9.765625e-05
00010011010000011101,17.919591269054802,9.765625e-05
11001101110001011011,13.280326454569371,9.765625e-05
01100100000111001000,19.288664687884165,9.765625e-05
01001111101110101100,19.73847838658274,9.765625e-05
10100111010011110110,28.61230872063325,9.765625e-05
01111010110000001001,21.95011541007514,9.765625e-05
00010011001111110001,24.679008006728385,9.765625e-05
11001010000000000000,29.274426870775493,9.765625e-05
00011011010011010101,21.13015061359374,9.765625e-05
00000011000001100100,19.591318749973606,9.765625e-05
00111111001010000010,23.938870071730328,9.765625e-05
00001001110011000101,30.372564036417778,9.765625e-05
01110001011010111000,23.640873113930045,9.765625e-05
00010111001010101111,32.21720909134039,9.765625e-05
01100011010000000101,17.95011541007514,9.765625e-05
00111000101100000011,16.374636524221657,9.765625e-05
01111011111000001000,18.85860042895379,0.0001953125
01011010001111010110,21.84593086582251,9.765625e-05
01010101111010000100,40.282573536976535,9.765625e-05
11110100101001000010,14.79271285644008,9.765625e-05
00110101100101100011,16.499703719098683,9.765625e-05
00000001110000000001,29.065164051861718,9.765625e-05
11110100110001011100,8.34144127675701,9.765625e-05
10011000001100000000,18.79424090751902,9.765625e-05
10110000000100011001,23.536208758046612,9.765625e-05
00011001110011100010,21.98600812291224,9.765625e-05
01100010101110110000,28.01050869805207,9.765625e-05
00111110011110000001,15.77544813107944,9.765625e-05
10101011110101001000,45.90058071245987,9.765625e-05
11100100010011011000,15.972958150609866,9.765625e-05
00110101111101010111,15.213273031808956,9.765625e-05
11111001001000000101,23.517113872188347,9.765625e-05
10101001101100110001,29.93006175064971,9.765625e-05
00111011110101010111,29.70554184575314,9.765625e-05
01110111001001000000,27.456048596001025,9.765625e-05
00110110001001010011,16.78195495303435,9.765625e-05
01100010001111011001,33.98600812291224,9.765625e-05
00101101011110110010,16.867929215966942,9.765625e-05
01101110111000000111,20.740331537852278,9.765625e-05
01110001011111011010,21.391311827116184,9.765625e-05
00100000000110101111,49.56452746672074,9.765625e-05
10010100100100000100,14.181887201144592,9.765625e-05
11010100100000110011,18.548487100062815,9.765625e-05
11110100000100000100,12.871502878322456,9.765625e-05
00110011111100010110,18.60156467128934,9.765625e-05
01000100101101110111,39.401720878150115,9.765625e-05
11001010000111000100,34.87020126474749,9.765625e-05
00000011001001011111,32.06628119929257,9.765625e-05
11100000101111100100,28.470269653091304,9.765625e-05
01001111001010111000,18.16084704803059,9.765625e-05
01100100011100100000,16.368745902883482,9.765625e-05
10010101001011110101,24.686974353173984,9.765625e-05
00001010110101111011,60.80992273576819,9.765625e-05
01111100111011011001,11.782860561903203,9.765625e-05
11000100100110101101,22.65754652875996,9.765625e-05
00110110011011010111,21.46404371783491,9.765625e-05
01010011100010110000,24.793666553306917,9.765625e-05
01101010100010000101,30.139174445370625,9.765625e-05
00001111100010000101,16.66196313434327,9.765625e-05
01101111000110001010,25.94064225105295,9.765625e-05
11100110001000101010,23.429551210324036,9.765625e-05
11011111111101100011,18.4326626816014,9.765625e-05
11110001111011111101,18.017545612059166,9.765625e-05
11101110000001110111,39.52250833030346,9.765625e-05
00011100111001111110,29.80428872586039,9.765625e-05
01111001000011100011,20.24005191900233,9.765625e-05
01011101000110000001,22.87402655980008,9.765625e-05
00011000101110000110,29.33669715522781,9.765625e-05
11101000001000001011,25.69177344074857,9.765625e-05
11000111000011011000,12.897460610865533,9.765625e-05
10100010001111101100,49.32034781190018,9.765625e-05
01101111000001110101,26.096961793226306,9.765625e-05
00100010010111111010,56.326219708458304,9.765625e-05
01101011001011000011,23.304024387346878,9.765625e-05
00101100111100010101,28.344644042472304,9.765625e-05
00111010001001100101,34.18133588637225,9.765625e-05
11001111011110000010,19.77266897017881,9.765625e-05
01001010011110010111,34.40448243543825,9.765625e-05
11010110111111011110,18.38108557214162,9.765625e-05
11101000101111011000,29.29471687172173,9.765625e-05
10100111010001100010,26.777368742420876,9.765625e-05
00001110110111111011,34.48533081843162,9.765625e-05
11000000001010011010,26.917095274812933,9.765625e-05
11000011010011000100,12.245750373852413,9.765625e-05
10110010010100111101,40.81181127386915,9.765625e-05
01111010111110111101,23.264832129230115,9.765625e-05
11110011110010110100,14.820251924773267,9.765625e-05
11000110001010101001,18.632467126276094,9.765625e-05
01011110100110010001,12.234237709351946,9.765625e-05
01000101000101110100,17.60804025280151,9.765625e-05
00101110010001110010,35.50271992346518,9.765625e-05
01101111011011010001,18.140782744815244,9.765625e-05
00111110010111110000,23.22201369692708,9.765625e-05
00001001100001101110,28.810824693053373,9.765625e-05
00011000100100010100,26.139835925995797,9.765625e-05
10001111110111101101,20.423194621325358,9.765625e-05
01111011111001011000,18.82025192477327,9.765625e-05
01010111001101010101,16.510473382109858,9.765625e-05
00111110111000101100,21.80526812352169,0.0001953125
11010110000100111001,11.820350516524533,9.765625e-05
10110010100000011000,24.138281966982337,9.765625e-05
00000010011001101010,46.33951368940115,9.765625e-05
01110011100110110111,20.39546837682552,9.765625e-05
10010000111110100000,30.8971178037434,9.765625e-05
11011011101100110001,22.276246414514848,9.765625e-05
01011100010100000011,7.586709635715417,9.765625e-05
10100101001100011001,19.513017082955255,9.765625e-05
00010100111100001001,28.30947247235994,9.765625e-05
11100100100100111011,15.030020827118793,9.765625e-05
10010110110101011111,23.353530576178127,9.765625e-05
00000101000001100010,23.47039217717561,9.765625e-05
11001001000011110001,17.685749885707885,9.765625e-05
10110111111011001011,17.70730162901626,9.765625e-05
01001001001110100110,20.474143683435745,9.765625e-05
11010010000000001110,17.33491852717179,9.765625e-05
01001110000010010001,13.91282617052714,9.765625e-05
01010110100110111011,25.59279828374057,9.765625e-05
01111100100110000101,11.996832839096003,9.765625e-05
10010111110011101001,14.947120651351039,9.765625e-05
01001101110110110000,17.210710203152864,9.765625e-05
10000110000111000011,27.021542155648095,9.765625e-05
11111011010010000100,35.169747408810025,9.765625e-05
10100000011110110011,53.48850151090643,9.765625e-05
11110111000000110101,32.865306273808,9.765625e-05
11111001110011001000,17.27143358089352,9.765625e-05
10100110000001110001,34.62187776138417,9.765625e-05
00010001001001011101,30.462926570404058,9.765625e-05
00011010010010111110,30.05416899622673,9.765625e-05
01101110010111010101,30.482610976695454,9.765625e-05
10000111100111001110,17.76178375909774,9.765625e-05
10010101101111010110,28.21907463866944,9.765625e-05
01111111010011010101,22.077093530256654,9.765625e-05
10010110110100010100,18.188156870870245,9.765625e-05
01000100111010110010,40.890475250936234,9.765625e-05
00100100001110111011,34.93458394563489,9.765625e-05
11000111010111110011,16.657824803812616,9.765625e-05
00001100000011010111,24.329826488934472,9.765625e-05
00101001000111000101,29.890676885481398,9.765625e-05
11101110101100100010,25.51237079553932,9.765625e-05
10000010111010001101,44.321253420769025,9.765625e-05
00011100110101000000,12.155783110151175,9.765625e-05
00101001010000000110,23.11726220379076,9.765625e-05
00010001111001110000,34.933432222081066,9.765625e-05
11101010100000111101,40.60306875220721,9.765625e-05
11111011001010010111,33.78990192740605,9.765625e-05
10100000111010001001,39.61317592754107,9.765625e-05
11101111110110000110,27.4628084978155,9.765625e-05
11000011000110010110,18.165820300894467,9.765625e-05
11111011111110101000,19.95387595507836,9.765625e-05
01011010101010101100,21.536208758046612,9.765625e-05
00100011110110010010,29.209483134427607,9.765625e-05
01000010000000000000,15.18188720114459,9.765625e-05
01110010110100000100,12.764119747219205,9.765625e-05
01010111011001110111,22.327914927175932,9.765625e-05
11100011110001011000,17.842235070868647,9.765625e-05
01011111111111011100,14.199976221240366,9.765625e-05
11110000000100010100,13.34089253621217,9.765625e-05
10100010111110000000,42.93530130098092,9.765625e-05
00100101110111001110,26.821483406081814,9.765625e-05
01100101001100111011,26.2454788796719,9.765625e-05
00010001110010110110,39.50160279767052,9.765625e-05
10000110010000101100,25.161821869240917,9.765625e-05
11100010100000010100,25.130155701543533,9.765625e-05
10101001011110100110,30.948209268361683,9.765625e-05
10110110101011110011,22.439420804114643,9.765625e-05
01010000111001110101,36.468644702435135,9.765625e-05
01100100001000101110,24.19686747082536,9.765625e-05
00111011100010111001,25.136000308452203,9.765625e-05
01011100111011101011,26.39281684959518,9.765625e-05
00100100000010101110,31.071613099781686,9.765625e-05
11110001001100100011,18.200994668156568,9.765625e-05
11010001001101001011,22.931173467195663,9.765625e-05
01101011100010101101,24.820251924773267,9.765625e-05
11111001111100111001,14.945398975781696,9.765625e-05
00011111110100111100,17.586709635715415,9.765625e-05
10000101111100011011,29.703955824748668,9.765625e-05
01001000011010111001,30.76827620980134,9.765625e-05
00100010101001110101,48.39373494165073,9.765625e-05
11010111100010011101,22.695193779479162,9.765625e-05
11010001001111100001,23.266094704389992,9.765625e-05
10001000000100100101,39.11466586552805,9.765625e-05
00010001110000011000,27.26838811168575,9.765625e-05
10000001110111111100,41.577176836229846,9.765625e-05
11000000000000001000,13.488559066961495,9.765625e-05
10101011011110010010,46.70806437358722,9.765625e-05
11011011100111010011,23.416616171273688,9.765625e-05
01010010110001101101,24.06620375891645,9.765625e-05
01110000101110101100,28.42726468107567,9.765625e-05
01001101010100100010,14.787084277417176,9.765625e-05
01100110111101000111,22.733268090252984,9.765625e-05
00011001101011011110,32.13306469463817,9.765625e-05
10100111111110011000,21.74174405170114,9.765625e-05
00101001100001101000,23.516098135294687,9.765625e-05
00101001001100111011,30.76009768833969,9.765625e-05
01000100111100010101,28.98810622438338,9.765625e-05
01101010100010000100,26.400088820626852,9.765625e-05
11000110101011010110,21.165749309251755,9.765625e-05
01001101100010000010,24.471294341600856,9.765625e-05
00101011000111000101,37.845870381765025,9.765625e-05
11100011001111001101,25.07472258461776,9.765625e-05
01111110110001101101,21.135056297622327,9.765625e-05
11011010110111010100,25.64087311393005,9.765625e-05
11100111110111000011,19.42308188124503,9.765625e-05
00110011100001010100,16.781913841050773,9.765625e-05
11010100010001010011,10.38628618243442,9.765625e-05
10111111101000001000,34.36358262803537,9.765625e-05
01011011111011001110,17.34746944072467,9.765625e-05
11110100101111110110,16.86502928325158,9.765625e-05
11011010111110000101,20.42417122183692,9.765625e-05
11010011000011101100,15.5806689010242,9.765625e-05
01101000100100011010,24.91997031744228,9.765625e-05
11010000111101000000,16.490652814903903,9.765625e-05
01101010011011010010,31.150743425903727,9.765625e-05
01011001011101000100,11.640130661357947,9.765625e-05
11110101110010100010,25.637150970887866,9.765625e-05
00011000011100010001,25.668165256869823,9.765625e-05
11010111010001011111,16.121900033973027,9.765625e-05
10100100000011101010,25.141919987901254,9.765625e-05
10010101111110000100,23.311978152638765,9.765625e-05
10000000101110000110,47.08426246929079,9.765625e-05
01011111110010100111,22.178096874449253,9.765625e-05
01111111110000001100,28.385498314058843,9.765625e-05
00111100011110101001,12.618944944719878,9.765625e-05
01010011111101101110,26.583343451912118,9.765625e-05
00000000110000010100,45.88649907563353,9.765625e-05
11110100111011111111,18.002234294861704,9.765625e-05
10011011101000001100,22.69458446774963,9.765625e-05
10111000100110101100,25.606717193584146,9.765625e-05
01110110100000010101,15.26779409113248,9.765625e-05
00001111100110010000,14.402281160320525,0.0001953125
11111001010010111111,19.13600030845221,9.765625e-05
10001001110001100100,22.935833085207125,9.765625e-05
00001011111100000000,25.213849029527246,9.765625e-05
11011001101000000001,20.13673351514116,9.765625e-05
11001001011101101001,20.81668867203596,9.765625e-05
01010001000111101011,36.966219068780106,9.765625e-05
00111000110011010001,27.844848403278014,9.765625e-05
01001110010111101101,20.618944944719875,9.765625e-05
01010001000111101000,31.404444120604413,9.765625e-05
10110000001100101000,18.833164060178895,9.765625e-05
11101101111000110010,13.007209218263426,9.765625e-05
01110111001011000010,29.09991138070537,9.765625e-05
00001001010011010101,31.53978900493058,9.765625e-05
00011101110011110011,19.990157696607152,9.765625e-05
11011100011000111111,10.886167097395536,9.765625e-05
00110101011111011101,18.77891555075587,9.765625e-05
00101001110010000110,22.56740875094344,9.765625e-05
01000000011010011000,34.47751592332852,9.765625e-05
11000010101011001110,28.1026212312975,9.765625e-05
10010011111101110111,30.264644865936262,9.765625e-05
00000101101011000000,32.02286593844671,9.765625e-05
00011101100011110001,20.289092118536892,9.765625e-05
11110011010111110111,22.563492455720183,9.765625e-05
01101011101100001101,25.394772847768042,9.765625e-05
00101110001011000011,24.61230872063326,9.765625e-05
01010001001011100000,34.42270512365761,9.765625e-05
01100100001111111011,29.145311094266567,9.765625e-05
00000010000111000000,34.403493133760115,9.765625e-05
10000011011100011011,36.28406275678045,9.765625e-05
10100011101111111110,34.45752367827223,9.765625e-05
11010110101011011010,22.606295575210773,9.765625e-05
01100101110011001100,20.238731275540243,9.765625e-05
01110111111011101000,25.845870381765017,9.765625e-05
10110000000000000000,16.118563817365718,9.765625e-05
11100000101000000100,14.71620375866676,9.765625e-05
10010000000010101011,27.107446237646425,9.765625e-05
11100001110000010100,9.988710018100805,9.765625e-05
00101011110010101100,29.03219627058937,9.765625e-05
01001101001101100011,17.44998862544059,9.765625e-05
01100100011000011000,14.846579656120925,9.765625e-05
00111000110101001011,28.51740434695681,9.765625e-05
11000011100101110010,19.470038018874142,9.765625e-05
01101100011101010000,13.263429017990763,0.0001953125
00111100111010010000,11.229796213682622,9.765625e-05
11001000110101011000,29.62371562147746,9.765625e-05
10000100010110010100,29.4308562683426,9.765625e-05
11101001110100011001,26.76045184664116,9.765625e-05
01101001001011111001,24.09023928632073,9.765625e-05
11111111010010010010,40.36730413462351,9.765625e-05
00111000111011000000,20.185425612463735,9.765625e-05
11110100001000101010,20.39984469238318,9.765625e-05
00100110010000010001,27.141143792003923,9.765625e-05
10100010011010100010,42.28180400189504,9.765625e-05
01111001110101011010,15.978543425225809,9.765625e-05
10011110011110000111,23.514838368124373,9.765625e-05
00100001000000000011,20.486287828889388,9.765625e-05
10011000011110010100,30.65754652875996,9.765625e-05
11111100111101101111,9.271419628864697,9.765625e-05
10011110010010111001,19.269701484866154,9.765625e-05
00111011010111101011,24.34673278959211,9.765625e-05
00101101001100000001,14.611505871540526,9.765625e-05
01011010001111111101,24.736136156867925,9.765625e-05
11111101010111111000,18.535928388537595,9.765625e-05
01101011110000011001,27.77455565269115,9.765625e-05
00000011110111001101,35.727087140737765,9.765625e-05
11110100111011101101,16.603421267002492,9.765625e-05
10000100000011111011,30.221946149727984,9.765625e-05
00011010011010111100,29.00842119170301,9.765625e-05
10011111110101101110,17.498486227646993,9.765625e-05
11000000011111101011,43.38995149300278,9.765625e-05
11011100010011111011,10.515785823397863,9.765625e-05
11011111111101011000,16.61149618550357,9.765625e-05
00001110110101010101,36.55345057976253,9.765625e-05
00100000101011011011,51.76630866410546,9.765625e-05
01010000100101010011,29.604773678597983,9.765625e-05
01001000100100010001,26.192226207039305,9.765625e-05
01011110100000110111,19.876486138522203,9.765625e-05
10010110101000100111,25.84414246460233,9.765625e-05
10101011011111010110,52.40818873797734,9.765625e-05
10010110111001101001,18.542670289153282,9.765625e-05
10101011100111111000,39.48632967529403,9.765625e-05
11101110000100111101,38.5714337161892,9.765625e-05
00010010110111110010,40.527214278647854,9.765625e-05
10001010101101111000,46.52869869322455,9.765625e-05
11111110101110000011,22.83751872370241,9.765625e-05
10111101000011110010,22.6513339966152,9.765625e-05
00001111100110010101,16.917512725161444,9.765625e-05
10111001101101011101,24.442543408591458,9.765625e-05
01001111011011001101,12.57689720114189,9.765625e-05
10110011101010111101,23.537588758501183,9.765625e-05
01100111100101110111,17.742771744500498,9.765625e-05
11000101101101101011,28.07338993774011,9.765625e-05
10100100100000000101,19.988710018100804,9.765625e-05
11011010111100100011,20.19499048518979,9.765625e-05
11110001011001111101,14.068445938877687,9.765625e-05
00110000000101011001,27.208684024045745,9.765625e-05
11011101000011101101,22.44088730461975,9.765625e-05
00010101010110111001,28.167721453034797,9.765625e-05
10101011010000001010,45.86462950200657,9.765625e-05
00010100011011010100,29.558078418800772,9.765625e-05
10110110101110111110,23.425288369267776,9.765625e-05
00100001111111111000,46.34976305516049,9.765625e-05
11101001000110101110,22.316699370523242,9.765625e-05
01000100010011110100,24.85417684735606,9.765625e-05
11000101111011010000,18.94259836923866,9.765625e-05
10010010100000000000,17.565077850771768,9.765625e-05
10110100000101110001,13.565661461706839,9.765625e-05
11010001011000000110,15.539032268234363,9.765625e-05
01101011101010100010,19.374019600023665,9.765625e-05
00010010001010010000,22.670683420335344,9.765625e-05
11000110110010110110,18.474335544816753,9.765625e-05
10001010110010101000,35.42207747389451,9.765625e-05
00001101100010011001,22.931930829549557,9.765625e-05
11110011000001110101,25.478755681970874,9.765625e-05
10010011010101111111,26.661643660928156,9.765625e-05
00001010101011110101,48.10934114819341,9.765625e-05
01001100010001011010,14.75007995679751,9.765625e-05
00110000111010000110,27.622435268041027,9.765625e-05
11010110000010101001,18.172508144549884,9.765625e-05
11110101000011011010,27.546161619526572,9.765625e-05
10111101010101111000,19.498891183968993,9.765625e-05
11001011010010010011,25.93667868978962,9.765625e-05
10110110001011111011,24.062513041820885,9.765625e-05
11100101011111111110,18.73613615686793,9.765625e-05
01111001011001010100,11.210624094588301,9.765625e-05
01101010110000101100,31.176873130564395,9.765625e-05
00000001110111011001,51.18854770049936,9.765625e-05
00111101001101100001,10.207819320020414,9.765625e-05
10011001000100100000,15.440815284288707,9.765625e-05
10000000110010011110,49.98010780469729,9.765625e-05
01011011011000011100,14.980885654940622,9.765625e-05
11111000011111111000,20.61894494471988,9.765625e-05
10010010111000100011,28.02717242684503,9.765625e-05
00001101110100100001,18.74441056005829,9.765625e-05
11101100001111000000,18.250886234095844,9.765625e-05
11011111010000110000,28.073115515557184,9.765625e-05
01111101111011100011,18.43385872741068,9.765625e-05
10111010000000000010,45.778741347638544,9.765625e-05
00000110111001011100,35.121309359896344,0.0001953125
10001100000001100100,19.849396190294264,9.765625e-05
11101100001010111000,16.04382897248351,9.765625e-05
11010110000010101010,23.158336878427992,9.765625e-05
10111110100101100100,33.55786624378473,9.765625e-05
00101111001001110001,22.839156081257887,9.765625e-05
00011110100111101000,15.885181534428266,9.765625e-05
10001000010100111111,54.76827620980134,9.765625e-05
11110011110011101010,16.001248535594193,9.765625e-05
01001000011000101000,22.00939155062122,9.765625e-05
11011100000100100100,11.757881209172915,9.765625e-05
00010100100000001010,30.45528938341053,9.765625e-05
10101000011000001000,39.136129710583916,9.765625e-05
01110011111011010100,12.234876922376793,9.765625e-05
10101111010101010101,50.67739094117176,9.765625e-05
10000011101000010001,25.3405383779107,0.0001953125
00001110001101111010,25.443410811842966,9.765625e-05
10010110011011111001,20.421331784018868,9.765625e-05
11110101111010000010,25.7076469232387,9.765625e-05
00101100011100011011,26.611480905167134,9.765625e-05
10110111001011011101,22.84115821346345,9.765625e-05
01111101110101011001,13.846290542136078,9.765625e-05
11101101010110010101,22.06935246767148,9.765625e-05
11101100000100100000,20.047953361825158,9.765625e-05
01101010110100010001,40.46667347857703,9.765625e-05
01010111101100000101,25.979980046071773,9.765625e-05
01110101100000101010,41.099137883990764,9.765625e-05
01010110001101011101,16.008411505666057,9.765625e-05
01000011111110110001,31.330767702614615,9.765625e-05
10011110110110010110,24.141081839104302,9.765625e-05
10010101001111111111,28.58749302560704,9.765625e-05
01111011111110010100,14.57689720114189,9.765625e-05
10011001111010111000,21.959847166969,9.765625e-05
10110111100000011000,24.180050075472366,9.765625e-05
00110000010001101000,24.347906252307283,9.765625e-05
10101110000001110101,52.78024649507278,9.765625e-05
01011001001110100000,20.829155953328208,9.765625e-05
11011110110100110110,15.823160809104522,9.765625e-05
00010100010101000111,22.120829967488028,9.765625e-05
10111010111001110000,40.718968036817245,9.765625e-05
00000101011011110011,37.79546830298754,9.765625e-05
00000101100101011100,26.427698059054492,9.765625e-05
00100110110101101010,31.384307797058028,9.765625e-05
00010110111110101100,30.311907160996054,9.765625e-05
11111001001001100101,20.46422725325771,9.765625e-05
10110111011010100110,26.321340645149117,9.765625e-05
01111101000000110101,24.59150184524261,9.765625e-05
00010010111110111011,46.079733330767205,9.765625e-05
00111011010001100110,25.806326566196283,9.765625e-05
00010001110010100100,31.51794224782114,9.765625e-05
10111110100001010101,38.70399848186177,9.765625e-05
01100001110110100110,25.16191432816222,9.765625e-05
01111101010101010000,13.585804026846567,9.765625e-05
00111101111111110000,11.801120830535325,9.765625e-05
10111101101111111101,15.591276474254977,9.765625e-05
00001010010111000001,49.05791154003116,9.765625e-05
10111010111011101011,33.605151170606476,9.765625e-05
00110100001001110101,19.074234328130405,9.765625e-05
10111001011001111000,22.85939527334378,9.765625e-05
00001010110110001111,51.47301248559939,9.765625e-05
00110000101110000111,29.60891932807816,9.765625e-05
01101010110001111011,39.44050119309064,9.765625e-05
00000011111000100000,26.611782796605933,9.765625e-05
00010100100100000001,17.422077473894515,9.765625e-05
10100101110101000001,15.495049961286107,9.765625e-05
00111001000010010000,18.90531785797465,9.765625e-05
11011101101000010101,22.630983424484285,9.765625e-05
11010110100011101110,23.04065379068493,9.765625e-05
10000011011110011001,33.61893246153318,9.765625e-05
10011010110111111100,39.466151505343,9.765625e-05
00000000000001011001,43.396308082001454,9.765625e-05
00111111101000000001,23.01701725064038,0.0001953125
00001010001010001000,27.57570906206833,9.765625e-05
11001101000000010011,18.298248285390272,9.765625e-05
11001010001100000010,30.254968053451602,9.765625e-05
01000011101100000101,21.62492592977467,9.765625e-05
10001011100100000100,29.94576906171347,9.765625e-05
10000011100101101110,26.311566220302346,9.765625e-05
00110111000000110000,23.733541549238595,9.765625e-05
11100101111110001010,20.64634182262759,9.765625e-05
00101001110110001100,30.700088770418645,9.765625e-05
01110100111000010101,10.695479656160453,9.765625e-05
10110100000000101101,18.000950986844302,9.765625e-05
11111111010010001001,40.9904202175356,9.765625e-05
01111010000000011000,28.50778354004568,9.765625e-05
11010101000011111101,24.373143136392883,9.765625e-05
00010010101101011001,34.71635399162301,9.765625e-05
01110110010001100111,18.183614394726035,9.765625e-05
11110101000101011001,17.20416463705013,9.765625e-05
10000001000111101110,32.19896121876777,9.765625e-05
01100001000111010001,22.830526180618623,9.765625e-05
00010111011110000100,15.88422783756143,9.765625e-05
00100011000001010101,29.040653790684928,9.765625e-05
11001111001011010111,18.899348632525303,9.765625e-05
01111100101100100001,10.679243063752969,9.765625e-05
11000101000111101101,18.184029037084994,9.765625e-05
00001100001000001110,23.006269669725654,9.765625e-05
10011010110101100001,35.27223113530606,9.765625e-05
10011001010101011100,24.071613099781686,9.765625e-05
00010111110010111110,30.02052370873189,9.765625e-05
11110111010110110001,22.411750238445066,9.765625e-05
10000010110111000110,52.901317782814914,9.765625e-05
01100100111111111101,35.75242772616061,9.765625e-05
11100011111010100000,17.249851859549338,9.765625e-05
01100111111101010011,15.413458609279447,9.765625e-05
01100101000100101100,21.94576906171347,9.765625e-05
10110000010111100001,29.18253464220408,9.765625e-05
10111100110000010011,15.821273081712015,9.765625e-05
11001101100001100101,12.281547183324607,9.765625e-05
11100001101110111001,25.896422704748225,9.765625e-05
11101000000111101010,30.18402903708499,9.765625e-05
11011101011111011001,13.068619260982528,9.765625e-05
10101100110110101100,30.064268129029823,9.765625e-05
01101101000001110110,13.984366477728694,9.765625e-05
01110100101111111100,27.466151505343007,9.765625e-05
01101001011000111010,17.89965117125798,9.765625e-05
01101011001110001110,21.063843800633915,9.765625e-05
00001001010000001000,21.227644691705265,9.765625e-05
10000001010110111011,40.90522116553748,9.765625e-05
11111001101100010011,17.871751790157166,9.765625e-05
01010111110110101011,30.135929316809502,9.765625e-05
10111100011000110011,15.393547656720688,9.765625e-05
00111011010000100100,26.47568503924964,9.765625e-05
11000110110101101110,20.358689340066277,9.765625e-05
00001110111110011100,31.26837562849905,9.765625e-05
00101110011001111111,38.75536333997465,9.765625e-05
10101010111000110111,60.63531926526072,9.765625e-05
10110100011110100010,16.71737868013256,9.765625e-05
10100011011111111110,42.36600869715088,9.765625e-05
10101011011011010111,51.2581959051435,9.765625e-05
11111000000001011110,25.638127571399423,9.765625e-05
01010011110011011001,18.402007788462107,9.765625e-05
00100011010110101111,36.017545612059166,9.765625e-05
11010010110000101110,15.075204687048616,9.765625e-05
10011000101110110000,24.1078768184755,9.765625e-05
01000101010101010100,12.735019009437073,9.765625e-05
01010010011001110101,24.216173688105567,9.765625e-05
10110101001000011000,22.030478126590836,9.765625e-05
11001011011100011010,24.67924306375297,9.765625e-05
10111111111011011111,23.163702827349418,9.765625e-05
01111101110111000011,12.839236867700947,9.765625e-05
11101111000110001100,36.77778140917837,9.765625e-05
11110001101011111110,22.845799390122313,9.765625e-05
01111011110000010011,21.600787828098145,9.765625e-05
11101100100111100110,16.386286182434418,9.765625e-05
10011000100000001000,18.383190649627178,9.765625e-05
10000101010001100001,15.430440891562576,9.765625e-05
11001001001001011110,16.740341223889235,9.765625e-05
01001001011111001001,26.050334015137192,9.765625e-05
11100111000001010000,25.510310665966912,9.765625e-05
10110010001101111110,38.68943121103376,9.765625e-05
10111010000001000000,50.97120543048837,9.765625e-05
00110101110101010000,9.811774945476605,9.765625e-05
00010100111000101101,38.66069505201111,9.765625e-05
11001011110100100100,19.89305024687557,9.765625e-05
10001111101011101111,19.405027731539484,9.765625e-05
10100110011000011100,35.19789289375598,9.765625e-05
01001101100110000111,20.73154994625445,9.765625e-05
11010011100100001000,14.11073945420554,9.765625e-05
11001011001111110100,20.968001119643557,9.765625e-05
10001110111111111111,39.795468302987544,9.765625e-05
10110011010100100100,25.02348567063426,9.765625e-05
10110000011011011010,30.740693738684516,9.765625e-05
00011011001101111010,22.409768321497868,9.765625e-05
10001100000100000001,19.439299629269264,9.765625e-05
11100101001000001111,21.507377849302618,9.765625e-05
00111101000010001110,23.394763896152153,9.765625e-05
10111110011110101101,29.266823732214267,9.765625e-05
10011001000101001000,18.048802225347384,9.765625e-05
11010011010110111101,12.643673720473082,9.765625e-05
01010000101011001010,44.26664063694527,9.765625e-05
11000001011111001011,30.555736189085955,9.765625e-05
10000100100011001010,27.69912809753739,9.765625e-05
00001011110110111011,36.82021300637105,9.765625e-05
00000001110011011101,48.26091273175004,9.765625e-05
10101100101000101010,18.427698059054492,0.0001953125
01100011000001000110,16.64464136936875,9.765625e-05
01010000101111111111,55.87747618541778,9.765625e-05
00111000011001000011,20.74542464260595,9.765625e-05
11101001001010101000,20.558207184478427,9.765625e-05
01110111010111111110,17.597738739782706,9.765625e-05
11111011100100001001,34.81193732952427,9.765625e-05
01001000010111000000,26.098433735412684,9.765625e-05
00010001110101011010,34.32027682025746,9.765625e-05
10010010101001000110,30.4335049984232,9.765625e-05
10101111111011101001,25.2027768277834,9.765625e-05
00111001100010001010,19.22561134028349,9.765625e-05
10010001110100110001,20.270215562160832,9.765625e-05
01011011111010001110,17.533879745939558,9.765625e-05
00010001000011101001,31.13522943422329,9.765625e-05
00001000101010100111,44.64687368903863,9.765625e-05
11111010011001100100,35.00304651408794,9.765625e-05
01111000101001100000,14.877672204027274,9.765625e-05
01000111000000101011,26.956759949323605,9.765625e-05
00101010001011001010,37.15535878175527,9.765625e-05
11001110011100110111,24.15021855759639,9.765625e-05
10010010010111111100,36.61978309351682,9.765625e-05
01101011101100100100,21.631571203444196,9.765625e-05
11111110110001011101,28.413926329209524,9.765625e-05
11011100010111010110,10.73154994625445,9.765625e-05
00010000010010111000,35.542131234645396,9.765625e-05
00101100011011000010,19.117181526111096,9.765625e-05
11011111010000101111,25.93860627714548,9.765625e-05
01000101110111010100,23.05417868226369,9.765625e-05
11110001110110110011,15.781883961391644,9.765625e-05
10010000001101111100,34.712975292157005,9.765625e-05
00101011000111000100,33.77635102992575,9.765625e-05
01011001010011000000,13.143841333663762,9.765625e-05
11011011110010100111,17.213129051285875,9.765625e-05
10100101100000000100,15.519320360211093,9.765625e-05
00100010100100001100,36.828397562285986,9.765625e-05
11110111010010011101,23.20661951930842,9.765625e-05
00000101001101110101,27.607051169103254,9.765625e-05
10010000100111011111,42.02787836552071,0.0001953125
10100001111111111000,37.86030806536711,9.765625e-05
10010110000010110110,24.94258868320171,9.765625e-05
10010011110111011000,18.427803735583552,9.765625e-05
01011011000100011111,21.221066241653595,9.765625e-05
11001011010010101100,15.917873125056262,9.765625e-05
00110111010000011100,18.619016670783648,9.765625e-05
11001110000010110000,17.786100493751142,9.765625e-05
11111110001011000110,33.36346291194063,9.765625e-05
00001000011000010101,44.05202091869298,9.765625e-05
00001100101010101000,28.316394671094876,9.765625e-05
11010011100001001000,15.182180151807323,9.765625e-05
10001001101111000100,26.008363417668065,9.765625e-05
00001110001110101100,22.82563806772653,9.765625e-05
10100001011001010011,32.018660871425396,0.0001953125
01010000000110000000,18.45528938341053,9.765625e-05
00000001100010100010,38.77291123199405,9.765625e-05
01100111010101010111,16.31536934613128,9.765625e-05
10110100111011101101,22.74069373868452,9.765625e-05
00001011110111100001,31.66928864589402,9.765625e-05
01000101110010100110,36.727153741433376,9.765625e-05
11000110011010000001,16.740341223889235,9.765625e-05
00101101000011000010,14.087442211348504,9.765625e-05
00110100000110100001,14.487241525756232,9.765625e-05
11101111001110000001,36.09511217352758,9.765625e-05
00110100001010100111,24.262015595056777,9.765625e-05
01000011010011111110,22.06628119929257,9.765625e-05
10011110010010101001,18.110391537497414,9.765625e-05
01011111111111000001,14.612308720633258,9.765625e-05
10111001000101100111,24.989694024689086,9.765625e-05
00000110000101111000,24.707126517223475,9.765625e-05
00000011000010010001,21.64559777625813,9.765625e-05
01011100011111011001,12.45305646017226,9.765625e-05
00001111110110000100,16.181228430541957,9.765625e-05
01110000000101101101,22.413719388734677,9.765625e-05
01011000100011111100,27.758485944451465,9.765625e-05
01111100100000001010,19.000950986844302,9.765625e-05
10010000101110100001,30.688879673339176,9.765625e-05
01011111111010100000,25.66111250235963,9.765625e-05
01100001110110011010,26.90087994254398,9.765625e-05
01111111000101100001,30.971213745650203,9.765625e-05
01011000111111111111,38.325898346978576,9.765625e-05
10110100000111011000,16.56341657172306,0.0001953125
10110011110100011001,21.644621910167636,9.765625e-05
11111111011010000010,37.95996009214356,9.765625e-05
10010111010001001100,15.273695132928673,9.765625e-05
10000111001101111111,23.13885860190299,9.765625e-05
10010010110111110101,40.17689459784299,9.765625e-05
01110100101111110000,21.533946471590397,9.765625e-05
10111000111100100110,24.020629276497573,9.765625e-05
10011000110010001100,24.243254379610544,9.765625e-05
10011101101000111110,24.698406231231395,9.765625e-05
10110100010011000011,16.58520284477501,9.765625e-05
10110000010100100000,19.435224051506857,9.765625e-05
11110101001111010101,16.81553278045729,9.765625e-05
10100111111011001111,23.36174564895456,9.765625e-05
01010110001101001000,17.313898763980205,9.765625e-05
11000110010000010111,19.230814660598824,9.765625e-05
11101110001011101100,29.38354688149714,9.765625e-05
00100000110111011110,63.28750154766001,9.765625e-05
01001011011110000000,15.02759684236814,9.765625e-05
11100111110110000111,20.06439254117875,9.765625e-05
01011010100100110100,20.51050244022072,9.765625e-05
00101011110110000010,28.931173467195663,9.765625e-05
00011001111001000001,18.98370128002884,9.765625e-05
00111000110010000001,18.91267251476347,9.765625e-05
01000010100100010100,24.386000942207165,9.765625e-05
01111111101010101011,33.05420468816522,9.765625e-05
10111010100101010001,50.07898563281408,9.765625e-05
00010111000111101001,16.368000300135037,9.765625e-05
01001010000111011011,33.70954183378568,9.765625e-05
00111110001010010000,19.788970312635655,9.765625e-05
01100100001011010111,20.80663210921876,9.765625e-05
10010111101011011100,21.468069406661904,9.765625e-05
11101010010110010100,53.59122107814729,9.765625e-05
00000011101001010111,34.197984618256214,9.765625e-05
01101000000101100101,32.877613695571256,9.765625e-05
10111111011111110011,24.9261997850178,9.765625e-05
11111110101101000000,27.683053154756493,9.765625e-05
10100101100011000010,17.27232876930435,9.765625e-05
00010011111101000000,18.23529156473575,9.765625e-05
10001001111010010101,32.203137140551014,9.765625e-05
00001001011011100110,28.41251804289317,9.765625e-05
11010100110111111110,22.393734941650724,9.765625e-05
10000011101000011001,24.962663701142336,9.765625e-05
11000100100101111110,20.992467765954288,9.765625e-05
11011100011111000110,11.64559777625813,9.765625e-05
10010100100110000001,14.695479656160455,9.765625e-05
00111000110100001010,21.183980949087,9.765625e-05
10101010001001000101,65.20095282175193,9.765625e-05
10111010101100000100,38.62780721399737,9.765625e-05
00110011110000001000,12.561509177989373,9.765625e-05
01000101001000011001,28.975253631474118,9.765625e-05
11001010101101110110,34.97773361095848,9.765625e-05
11011100011011010111,11.802983667841822,9.765625e-05
10001001101010101010,24.890240895856707,9.765625e-05
01111000001011100111,17.681494020666044,9.765625e-05
10110111001010011010,28.2896025442479,9.765625e-05
00000110101001000100,26.276861559411607,9.765625e-05
01011001101001000000,21.957345752682045,9.765625e-05
01000111001001011100,14.76232716713435,9.765625e-05
11100000000110100000,21.666328120357786,9.765625e-05
00111011100001001001,24.681851710538318,9.765625e-05
11111110100100001101,30.43221574307971,9.765625e-05
01100110001011101010,23.422478076687785,9.765625e-05
01010001010001011101,19.553545628693517,9.765625e-05
01001000100011011000,28.279671851991594,9.765625e-05
10011001111101010100,22.43408933293951,9.765625e-05
00110101000111101011,22.374449348055006,9.765625e-05
00001100010111011001,30.601116198477957,9.765625e-05
00010110001010100101,23.839417802274244,9.765625e-05
11000101010100000000,11.322994653916155,9.765625e-05
10100010111010101000,37.536400619427624,9.765625e-05
11011101110010001010,25.701197875318726,9.765625e-05
01011001101000100100,23.870552636739042,9.765625e-05
10101110110000101000,36.687418140771015,9.765625e-05
01101100011001010111,14.44243149046905,9.765625e-05
01010100010000110011,19.833822107200277,9.765625e-05
00011001001011000010,18.558675981764665,9.765625e-05
01011100011100000001,6.784553707052339,9.765625e-05
01110101110010000110,25.669308839516205,9.765625e-05
10110101100111010100,14.561498757531355,9.765625e-05
00111100101011111000,18.618944944719875,9.765625e-05
11010001001000100100,19.246519185352657,9.765625e-05
01110011000011010010,19.108290726003737,9.765625e-05
01011111011101011101,12.443625871135955,9.765625e-05
00110001010010110111,24.537517766858475,9.765625e-05
11011011100010011111,22.467163797793056,9.765625e-05
10101011111011101000,32.13690591732106,9.765625e-05
00101100001100001010,17.93818529522616,9.765625e-05
01111110101011010000,17.53587061450265,9.765625e-05
10101010010000000101,72.86367851516228,9.765625e-05
01000111010111010100,9.645597776258132,9.765625e-05
01111101011111101011,16.414695559932255,9.765625e-05
11101010101100101111,37.49889118396899,9.765625e-05
00111000001001000000,17.588508457393623,9.765625e-05
01101001100100001111,22.48628782888939,9.765625e-05
00101000100000001010,28.91057876682106,9.765625e-05
01101110000111010101,27.799335960885955,9.765625e-05
10010110100101000000,13.757596263212921,9.765625e-05
00001101100111111111,27.70952861617792,9.765625e-05
01010111100001101011,35.91688412848521,9.765625e-05
11010000001001010100,17.001197825110516,9.765625e-05
00010100000111001111,29.630009348491388,9.765625e-05
10100101010011011010,22.01267343763719,9.765625e-05
11001111001000110110,21.529968554857945,9.765625e-05
01011000100000101000,20.89372941824044,9.765625e-05
11011100001111010100,11.586709635715417,9.765625e-05
10011011010110111100,24.5998465272908,9.765625e-05
01000010000011111110,32.050334015137196,9.765625e-05
01011100100000011001,18.164348995162147,9.765625e-05
01010111111010101100,35.43022414009556,9.765625e-05
10110011000100101100,23.460660420281748,9.765625e-05
11000000100010011000,21.04130184656228,9.765625e-05
11000101100011111100,20.02759684236814,9.765625e-05
00010001111100000001,27.422899695061155,9.765625e-05
11000001010110010001,20.252723370607885,9.765625e-05
10000011010001000100,24.256391271185933,9.765625e-05
10011010110100100000,27.938807737436246,9.765625e-05
11010110000010111011,19.232313653566898,9.765625e-05
00000111101100010101,21.39102053079946,9.765625e-05
00110111111000100011,19.577834970378426,9.765625e-05
11010111010101011110,13.95387595507836,9.765625e-05
11111110111101100001,21.232313653566894,9.765625e-05
11001111001011100101,18.124504306003118,9.765625e-05
00110010000101100010,26.13690591732106,9.765625e-05
11000101000101000100,10.086254072274944,9.765625e-05
00010001010110111011,38.19612178094972,9.765625e-05
00100110000000001000,21.22544164812613,0.0001953125
00010001001011001100,31.665511966120437,9.765625e-05
10111001111110110011,20.515698904124847,9.765625e-05
10010011111110110000,22.329826488934472,9.765625e-05
11110011101000100000,21.76803914469928,9.765625e-05
10111110100101010110,36.24023565072537,9.765625e-05
10011110100000011000,22.45912436450007,9.765625e-05
01110101000011110100,25.995927230227153,9.765625e-05
01001010100011111111,34.30872678248429,9.765625e-05
10111111001111111000,26.6513339966152,9.765625e-05
00001011001111000010,21.84593086582251,0.0001953125
11101101111000100001,16.439665547176183,9.765625e-05
10101100100010000010,20.69386718869098,9.765625e-05
11011111101011111110,24.334602770831356,9.765625e-05
10101100010101011100,42.711271307327365,9.765625e-05
00011010110100101011,29.289638051092176,9.765625e-05
11111010101111111100,28.199976221240366,9.765625e-05
11010010110101001001,15.454803749408864,9.765625e-05
01111100010010001100,15.46848478344193,9.765625e-05
01011001000001101011,24.603845693365418,9.765625e-05
00010110110101000001,14.228761839136117,9.765625e-05
01001100010011111000,16.150830258049535,9.765625e-05
01110001111101101010,24.133064694638172,9.765625e-05
01110101011010000011,26.002376278147118,9.765625e-05
11010011111111111110,20.97935242878469,9.765625e-05
11111110000010010001,37.80133380546346,9.765625e-05
00010000100101010100,35.55461904165511,9.765625e-05
11011111000011000000,34.23378389278287,9.765625e-05
01001010101011110111,34.2008979757194,9.765625e-05
11101101010001001011,22.86236097395701,9.765625e-05
00101110011001101001,32.73154994625445,9.765625e-05
10100110001110100111,35.288073671620694,9.765625e-05
11110000110001001000,9.192418802841383,9.765625e-05
00111011001110111111,24.349768660299794,9.765625e-05
01101010100110001110,29.64231506728424,9.765625e-05
11101110011111111010,28.006561162386074,9.765625e-05
01101100000000001000,18.030112208683924,9.765625e-05
11110011001111000101,21.5538448209496,9.765625e-05
01110010111101010001,19.353530576178127,9.765625e-05
00001001000101010000,23.71303306619195,9.765625e-05
10011101110111100000,11.145748727397443,9.765625e-05
00100011111110100001,32.197984618256214,9.765625e-05
11001111000101001011,24.04647339874421,9.765625e-05
11111001010000110010,19.250603067437087,9.765625e-05
00110110010111111010,21.483280586978594,9.765625e-05
00100011010011101100,28.1690637859494,9.765625e-05
00001011101100101100,26.372205280029146,9.765625e-05
11100001111111000101,22.073706847724097,9.765625e-05
01001101100000010100,15.57197620430086,9.765625e-05
10111101111100100011,11.476615832471767,9.765625e-05
10011110111011011001,19.68756837372726,9.765625e-05
10100001011110101100,32.33856623412766,9.765625e-05
00101001111110000100,26.338566234127658,9.765625e-05
00110111100111100100,16.447930373092984,9.765625e-05
01101000110011101110,30.679942760835306,9.765625e-05
10000011101011101010,27.353530576178127,9.765625e-05
00001100011010011100,28.207573118208245,9.765625e-05
10111101111011101010,16.023389065324288,9.765625e-05
01001011111101010001,25.297504260657,9.765625e-05
11010110010101010001,10.539969303049833,9.765625e-05
00110011110101100001,17.619605603387125,9.765625e-05
11010101000001010011,23.133623393851046,9.765625e-05
00111100100110101101,17.64087311393005,9.765625e-05
11101001010011001111,26.09760445069477,9.765625e-05
10011001110000011010,20.181228430541957,9.765625e-05
10110010100101010101,37.97380627971103,9.765625e-05
10001000000111111001,46.55626087234253,9.765625e-05
00110110000010011101,19.768429767188334,9.765625e-05
11001110101100111101,18.369072695248114,9.765625e-05
11110100001011110010,18.646541787088015,9.765625e-05
01000011011110010110,22.007386817156505,9.765625e-05
00010110000001000100,16.91499881684798,9.765625e-05
01110110110110111001,13.527878360122529,9.765625e-05
11001010111111000101,39.46615150534301,9.765625e-05
11110111000101011101,23.142081648367665,9.765625e-05
00001001011010101111,34.71044744265453,9.765625e-05
01101101001100001011,19.740058057230478,9.765625e-05
01101100110100011010,14.952243734140517,9.765625e-05
01110111010101100101,15.968210671764268,9.765625e-05
01101001011101001110,19.577802810010745,9.765625e-05
11000011101011110010,22.554949572730607,9.765625e-05
00100011110001001101,28.151744730997418,9.765625e-05
01010010110001010111,24.136777151643404,9.765625e-05
11111011111000100100,23.697111593670854,9.765625e-05
00000111001100100101,20.566638062218395,9.765625e-05
11110001010100100001,12.163010008314476,9.765625e-05
01000100010100111101,26.590166215711342,9.765625e-05
00111010110101110110,42.49374834771114,9.765625e-05
01101100001100001110,15.268388111685752,9.765625e-05
00111001000000111010,21.508331546169455,9.765625e-05
11101001110000010100,18.741649079057545,9.765625e-05
10010100000111001101,18.567408750943443,9.765625e-05
01001101110001011010,17.498900870005947,9.765625e-05
10111010101100100011,33.01093863158728,9.765625e-05
10011111101000111100,24.501782154228643,9.765625e-05
01101111110011101000,20.087442211348495,9.765625e-05
10110111110101011000,15.3135294124695,9.765625e-05
10011100010010111101,17.474104634180843,9.765625e-05
10010011111110100100,20.44704060472724,9.765625e-05
11101010011111110010,46.31202551705551,9.765625e-05
11100000010111010001,36.12474032622501,9.765625e-05
10001110001011011000,25.230814660598824,9.765625e-05
01111110000101010111,23.711529992326227,9.765625e-05
01010011010010101110,19.533879745939558,9.765625e-05
11001110001101000000,22.64598930783231,9.765625e-05
00100110011100110101,36.161202147893185,9.765625e-05
11011100001000011100,15.410803419625623,9.765625e-05
11000100010011101100,18.276861559411607,9.765625e-05
10000110111000110011,32.126685827652466,9.765625e-05
11011011111111101100,14.012673437637194,9.765625e-05
10100001011011101010,30.00321089537326,9.765625e-05
01100011111000001110,15.569265346656588,9.765625e-05
01010001110100111010,34.11162215942967,9.765625e-05
01110110100000101010,24.626772839450865,9.765625e-05
11110110100011010100,19.624576037465076,9.765625e-05
01011001010011010100,12.654321593821011,9.765625e-05
01001011001101010110,19.759156474659548,9.765625e-05
11111111101111111010,24.400385820459555,9.765625e-05
11000101001001011100,14.534682475429085,9.765625e-05
11110111101001100010,31.41775162426211,9.765625e-05
11010101110111110101,16.129711179525444,9.765625e-05
00100111011011110011,23.06249358261977,9.765625e-05
01001010010001110000,28.513312732800713,9.765625e-05
00110011010111111100,24.12041532512907,9.765625e-05
11100000010001110011,29.72776649760651,9.765625e-05
11011000100111001111,22.25123874889113,9.765625e-05
11011001100111011110,19.066352190935277,9.765625e-05
11110011000011100010,26.101825750453457,9.765625e-05
00110000101010101010,33.25061277511023,9.765625e-05
01010001001010111000,40.28634376801671,9.765625e-05
11001001001010111011,21.47476268120223,9.765625e-05
11100110011100001100,23.130155701543536,9.765625e-05
00001110010010000100,23.08625407227494,9.765625e-05
01110110100101000001,12.867923785082041,9.765625e-05
11101010010001001111,54.73059353936507,9.765625e-05
11000110001111000101,19.885181534428266,9.765625e-05
01000001010010100001,26.423616239698738,9.765625e-05
10000001001100100100,24.237036242326486,9.765625e-05
01101001110110011000,22.57124717647659,9.765625e-05
00101010101000101000,34.42207747389451,9.765625e-05
01011111010101100001,15.968241803443629,9.765625e-05
10100000011011101011,49.04519117887935,9.765625e-05
00100111110101110010,21.093043337307368,9.765625e-05
00110010100101001001,23.90001066206767,9.765625e-05
01110110001111011111,16.60611184348773,9.765625e-05
10111011000010101010,33.363462911940616,9.765625e-05
01100010011111101000,34.02931498636668,9.765625e-05
01011100000000101001,18.959275315639378,9.765625e-05
10011110011010111110,23.280326454569376,9.765625e-05
01011100011011011010,16.61894494471987,9.765625e-05
00111001100000110011,18.86983117881572,9.765625e-05
10011010110001100101,36.421724909390406,9.765625e-05
11010001001111010101,20.330963095566435,9.765625e-05
11001010110001001000,28.409531892849856,9.765625e-05
10100111010011110011,28.706675840739234,9.765625e-05
10111000001000000110,25.300414690117766,9.765625e-05
11101010010011111011,47.62961529239854,9.765625e-05
00000111011100111011,28.231395474384147,9.765625e-05
01010101110110110001,32.63531926526072,9.765625e-05
01011001001101010101,16.644222461017918,9.765625e-05
01001010110111100010,31.896753959404972,9.765625e-05
00111111101101001001,16.12190003397303,9.765625e-05
00110010010011000001,24.861669133901568,9.765625e-05
11010101111111010101,18.774718368834094,9.765625e-05
01011111111111001011,18.303953395704173,9.765625e-05
10100000110100010010,41.30761036947451,9.765625e-05
10001000101001101000,32.282793732887164,9.765625e-05
10011100001110001011,14.731549946254452,9.765625e-05
01010011001101001011,22.94712065135104,9.765625e-05
11010011100001001001,15.842475754668715,9.765625e-05
11001111111111101100,12.3107280715054,9.765625e-05
11111000000010110011,19.871751790157166,9.765625e-05
00011100010011111000,18.315742142085593,9.765625e-05
11111000010100001010,18.955193496283627,9.765625e-05
00100100011110111010,37.56769463846456,9.765625e-05
10011001010000100101,16.899405926789118,9.765625e-05
01011100100100001101,17.08625407227494,9.765625e-05
01111001011000001011,15.48723881573369,9.765625e-05
11100010011011101100,31.68001375247801,9.765625e-05
11000010100110000000,19.001197825110516,9.765625e-05
11010001110100011111,17.34136684067069,9.765625e-05
01110001100011000110,20.328307007667306,9.765625e-05
01101101100000100001,21.81191963878457,9.765625e-05
01010100101100010000,24.551904630803836,9.765625e-05
10011111010010110011,22.395448895988213,9.765625e-05
01011011011000000100,13.855757252424866,9.765625e-05
00101000011011000010,35.38712433123137,9.765625e-05
01110000001100010110,14.670683420335346,9.765625e-05
10001110000011101000,23.140201843902712,9.765625e-05
11010100001100010001,10.749147705573074,9.765625e-05
10001011100000001000,24.318016911728506,9.765625e-05
00111001011011010001,17.8363652695152,9.765625e-05
10101110110110010100,46.977468858620675,9.765625e-05
01100100110000111101,22.41796277058982,9.765625e-05
10000111001100001000,16.504881855060745,9.765625e-05
10010111011100100100,17.724046857446805,9.765625e-05
01110100011001011011,13.7828605619032,9.765625e-05
01111101100010010000,27.670471245319305,9.765625e-05
11000001011111000001,24.050334015137192,9.765625e-05
01011000011111010011,22.463305825931602,9.765625e-05
10001111011111011101,25.219126171111036,9.765625e-05
11000101101011110100,23.15839809690654,9.765625e-05
10111010001001110111,49.28835517313708,9.765625e-05
00111010101011101100,29.19199718446801,9.765625e-05
00111000100010010101,24.97574281868278,9.765625e-05
11000101001000011101,18.164348995162143,9.765625e-05
00100111110001110011,21.47180425087067,9.765625e-05
11001110000010011011,20.292547756971693,9.765625e-05
00001110111100100111,33.05894863544002,9.765625e-05
11011000011011101110,18.14911120496588,9.765625e-05
00000010000000000110,31.666328120357786,9.765625e-05
01100100101111100010,27.93867646887611,9.765625e-05
01010110110101011100,14.34048060387575,9.765625e-05
00101100010111101111,35.15222712769554,9.765625e-05
11101001000100111010,24.439665547176183,9.765625e-05
01111101010000011010,22.46635126266338,9.765625e-05
10110111100101000100,18.951066396919437,9.765625e-05
11000111101101110100,13.594244590623493,9.765625e-05
01000001000001111100,24.064268129029823,9.765625e-05
00000110101111010010,33.035876785206796,9.765625e-05
11100000100110000001,22.43295625787836,9.765625e-05
01101110000101000000,28.800665985277917,9.765625e-05
11010011010111100001,13.885004044298572,9.765625e-05
10110010110000111100,30.092465967965648,9.765625e-05
10100011001101110011,39.58254641509875,9.765625e-05
11100011001100011110,23.076161915486264,9.765625e-05
11011001101010000000,21.35223134053042,0.0001953125
10011111110000001001,21.602105369303416,9.765625e-05
11101001100111110111,23.89262612561972,9.765625e-05
11111001110011011111,17.511728795751445,9.765625e-05
00011000001111001110,32.31712903142738,0.0001953125
10110011010010010001,26.866954160584896,9.765625e-05
00000101111000000000,28.048320944874447,9.765625e-05
00001011001011011100,23.64087311393005,9.765625e-05
11010111100100010011,22.79245113542372,9.765625e-05
00000000111001001010,57.25577153899838,9.765625e-05
00111000100101011110,31.465197808476166,9.765625e-05
00110101101111001101,22.695793132540654,9.765625e-05
11011111110101110101,14.947209557065346,9.765625e-05
00100011000001000001,23.5759372626817,9.765625e-05
11111111100000010101,41.90454101478346,9.765625e-05
01001000101010001010,29.08426246929079,9.765625e-05
00000101101110000000,33.25960652008792,9.765625e-05
00011010010010000100,23.10186376018022,0.0001953125
10101000000101110100,55.17090183154656,9.765625e-05
01110011011001111101,17.038635632472392,9.765625e-05
01100001010101010111,23.353530576178127,9.765625e-05
11001001011000111101,17.125043996965047,9.765625e-05
00101111000010000000,25.492381651991536,9.765625e-05
00100101000001001000,15.85198628696362,9.765625e-05
10011101110101010110,14.232596820225655,9.765625e-05
00010001101110110001,42.64405995201504,9.765625e-05
11011100100111000011,12.444284641738589,9.765625e-05
00001011111101000011,33.66928864589402,9.765625e-05
01100010100001111011,32.55675463600216,9.765625e-05
01011101011101010100,10.497288402536475,9.765625e-05
00010011011111010001,22.10066803027438,9.765625e-05
00001111010100010001,19.92916582781782,9.765625e-05
01111000011101000011,14.4936905736762,9.765625e-05
10010000101000000100,23.254291281650172,9.765625e-05
11101111011111111101,25.60549927281847,0.0001953125
01101110110111110100,24.518950274279316,9.765625e-05
00111001101010001010,19.111149743035767,9.765625e-05
10101110100111000100,41.82347414968968,9.765625e-05
00101011101101110011,34.807679184931835,9.765625e-05
11110111111110111011,19.206430787172433,9.765625e-05
10010110010100011001,14.760451846641159,9.765625e-05
10111000111110000110,25.746790271809203,9.765625e-05
11010000111111010010,28.281129940116152,9.765625e-05
00010010101111111001,42.527214278647854,9.765625e-05
00010011110111000111,24.079988091551325,9.765625e-05
11001011000010001100,19.4629219723169,9.765625e-05
01000101010101110100,16.893375259938974,9.765625e-05
11111011001011000010,34.1229157708667,9.765625e-05
10011010100111010110,38.68943121103375,9.765625e-05
00000111000111011010,17.52787836012253,9.765625e-05
11011011111000100100,16.359334696760904,9.765625e-05
00111011011110000110,18.72952283642602,9.765625e-05
00110101011001010010,14.199976221240362,9.765625e-05
11001000011010100001,20.513306491207363,9.765625e-05
11111110110000100001,27.73354154923861,9.765625e-05
01000011010011010000,13.220051239180997,9.765625e-05
11100110110010010111,21.78687565560812,9.765625e-05
11010011110101000101,11.00723223067153,9.765625e-05
10101000001110000100,42.08625407227494,9.765625e-05
00000101010100101100,27.094078435435122,9.765625e-05
00111011101011011011,21.744672798264155,9.765625e-05
10000111111101011000,18.25272337060788,9.765625e-05
11110010000000100010,23.93703284809109,9.765625e-05
00001000000001001100,35.678825613404456,9.765625e-05
11100011000001101110,22.199087274422887,9.765625e-05
00100001011101110110,38.10461648586532,9.765625e-05
00010011010101010101,20.421453388178232,9.765625e-05
11011111100111101001,20.74600374258106,9.765625e-05
01001011001101000011,22.51764866070436,9.765625e-05
00110010111110111000,30.91952027741209,9.765625e-05
11100110101011111101,21.271419628864695,9.765625e-05
00010100100011101001,35.93780000524533,9.765625e-05
00001111001100010010,16.276256100551805,9.765625e-05
01001000111000010000,22.316712501003803,9.765625e-05
00000110111000001010,30.645238099944564,9.765625e-05
00110011111110010111,22.04501368874965,9.765625e-05
11010110110101001001,8.451155308031929,9.765625e-05
01000000101100000011,39.69581435526081,9.765625e-05
01110110011010101000,18.67253033001154,9.765625e-05
11110010010100111001,22.74790282115289,9.765625e-05
10000101011011100011,27.77631835311687,9.765625e-05
11111111010011001011,35.57724177137342,9.765625e-05
11101101011011100111,15.675995225169302,9.765625e-05
01110100101000100011,23.902488106193548,9.765625e-05
11011111100010000100,32.73864077063039,9.765625e-05
00001000010010001101,42.54680436453188,9.765625e-05
00110010100100001010,19.505299119905388,9.765625e-05
10010100100011011101,23.746790271809203,9.765625e-05
10010111011111110111,21.062493582619773,9.765625e-05
00000010101010110010,46.02026085570817,9.765625e-05
00001111000111000001,12.867020886235734,9.765625e-05
11011110100010001110,23.088743824923462,9.765625e-05
11111101101110100000,24.842363102125233,9.765625e-05
01100100110011011111,26.776673370794633,9.765625e-05
00010010000111111010,34.197984618256214,9.765625e-05
00111101110001000010,11.48723881573369,9.765625e-05
00110010000101011001,29.975714407865777,9.765625e-05
11000010001001000111,30.42417122183692,9.765625e-05
01111010100101011000,27.349009115614017,9.765625e-05
10001110100000100010,24.351207696901035,9.765625e-05
11011011101101001011,23.304034073383836,9.765625e-05
10000101010001010000,13.73501900943707,9.765625e-05
10000110100001010001,22.206965880047207,9.765625e-05
00100010111101111100,60.596346245301625,9.765625e-05
10001110011100011110,37.73789405206642,9.765625e-05
01011011100111000111,18.71027972568899,9.765625e-05
00100011000001010100,25.104700695115795,9.765625e-05
01110100011101000000,7.803353753773594,9.765625e-05
00011110010010000001,12.66196313434327,9.765625e-05
01111101010101010111,10.368058074169983,9.765625e-05
10100110111010110101,35.45210276330542,9.765625e-05
11011100110101100011,7.532054281905774,9.765625e-05
11111110001010111101,27.736342155781635,9.765625e-05
01100100010010000010,15.87875374664683,9.765625e-05
11110111111100010101,15.268738101962363,9.765625e-05
01001011000010010000,15.409248726191095,9.765625e-05
10100100000000100010,20.114756523511932,9.765625e-05
00100110000101100001,27.106608088849477,9.765625e-05
11001110110111000010,20.141081839104302,9.765625e-05
11001111000111001000,19.262231280007448,9.765625e-05
10010001111111000000,23.678989063968462,9.765625e-05
00001110110011000100,25.849111244334267,9.765625e-05
00100110111110110000,30.634542149438452,9.765625e-05
01010010001000110000,19.306382457564794,9.765625e-05
01011111000110010000,21.96526806029962,9.765625e-05
01111000011011101100,18.4335049984232,9.765625e-05
00000011110001010110,30.619783093516823,9.765625e-05
10010010011110011111,38.62066308871841,9.765625e-05
11001110000010111010,17.07142581485165,9.765625e-05
01101000101000110000,18.50703682148171,9.765625e-05
01110100011110001111,17.899056230779767,9.765625e-05
01001100001111100010,17.45688864411206,9.765625e-05
11000000001010010010,24.55934370398319,9.765625e-05
01100110000101100001,21.82127308171201,9.765625e-05
00101000110111110110,56.643041505098836,9.765625e-05
01101110001001110110,22.110406741546473,9.765625e-05
10100011111011101100,28.656662180029638,9.765625e-05
11110011010001111110,19.51477788406688,9.765625e-05
01001011111001100010,19.121620224630675,9.765625e-05
11101010101010101000,27.134812169378648,9.765625e-05
00000000010101000111,57.582745888948224,9.765625e-05
00110100110000111101,22.582874654625876,9.765625e-05
00011101111010100101,23.65065442766403,9.765625e-05
11111000110011100111,17.7977537051709,9.765625e-05
01011101000000100001,29.21112222261648,9.765625e-05
01101001001001101110,17.468130625140464,9.765625e-05
01000101100001010110,24.02759684236814,9.765625e-05
11101110111000001101,29.333068173051984,9.765625e-05
10011000011111110100,35.50816365494951,9.765625e-05
00011110101111110010,18.739049514331107,9.765625e-05
11011101000001011110,23.09258504760635,9.765625e-05
11001000101110101100,24.38413810490067,9.765625e-05
10000101010011111010,24.931886480262435,9.765625e-05
01100000001110100110,30.442951809357066,9.765625e-05
11000011010100011000,14.879933756062423,9.765625e-05
01001100111110100011,24.518032095096572,9.765625e-05
10111111111110000010,23.389090320548263,0.0001953125
11100011110100001100,17.760407290213976,9.765625e-05
00000010000001011001,38.68887967333917,9.765625e-05
11001101000011111101,12.614306478083556,0.0001953125
10000100111011101111,47.14564307250457,9.765625e-05
01111000000101100000,17.233573420737216,9.765625e-05
01011000010101110000,17.012438995430472,9.765625e-05
01011101001011011011,28.72497149620278,9.765625e-05
01111011001011011110,20.793486353154684,9.765625e-05
00101011100100001100,31.267181334959343,9.765625e-05
00001111001100100110,17.291648302568994,9.765625e-05
10000110001001101100,25.39227685352617,9.765625e-05
01110010100000011101,17.404106624354313,9.765625e-05
10110101000100001100,18.24340354605044,9.765625e-05
01110010101110101000,20.253500300926277,9.765625e-05
10000011100001110101,27.165749309251755,9.765625e-05
00000010000101101000,38.098433735412684,9.765625e-05
10101101110101000010,19.395726544634883,9.765625e-05
11110000111011000000,12.428780336095114,9.765625e-05
11000111001011101000,18.906271554841492,9.765625e-05
11100001100010001010,18.153116601794025,9.765625e-05
00101111100100110010,22.276246414514844,9.765625e-05
01100010110111101100,36.505234369856026,9.765625e-05
10001000111111011100,58.580399061146245,9.765625e-05
10000011101000001011,25.64087311393005,9.765625e-05
10110100110110101010,16.677132468255316,9.765625e-05
01001000010001101101,31.45608496222159,9.765625e-05
11000011110000001110,12.293769416448239,9.765625e-05
10001000100100100001,33.663478702235516,9.765625e-05
01110000000110101110,23.454803749408864,9.765625e-05
01100100100110101101,28.258240890884665,9.765625e-05
10110110001101110011,23.85351390872858,9.765625e-05
11010000111110110110,29.44084557822796,9.765625e-05
00100100100101100010,24.203137140551018,9.765625e-05
10011001101000101010,21.141143792003923,9.765625e-05
00000111000000000000,13.900011571152792,9.765625e-05
01011110111111111001,14.424193609040454,9.765625e-05
00001001011000001100,24.12162718980527,9.765625e-05
01101010101010100110,23.726448956401242,9.765625e-05
00001011101011100010,22.914609271715094,9.765625e-05
10000011101100100001,26.45403306068382,9.765625e-05
11101000000000000110,27.085358149443046,9.765625e-05
01000000000111111010,44.468400574191456,9.765625e-05
11111111110011010100,29.24023294070284,9.765625e-05
01111010100110000100,21.294720403292537,9.765625e-05
00101111111001001000,19.39477284776804,9.765625e-05
11011000010010001010,12.958899711695508,9.765625e-05
01001001010001001000,15.91057876682106,9.765625e-05
00001101010101101110,20.2097246401856,9.765625e-05
10101011100101110010,43.13893583513905,9.765625e-05
11000111010110000000,14.142058439615866,9.765625e-05
10010101010001010001,12.281804001895035,9.765625e-05
10001000001010000110,32.82563806772653,9.765625e-05
10100101000001000000,15.821627240013484,9.765625e-05
11111000001101010100,23.783288421869923,9.765625e-05
01001110010000010101,17.862684958332085,9.765625e-05
10101011110011111101,46.40024529517645,9.765625e-05
00111000110111001100,32.240523121204035,9.765625e-05
10111011111100110001,32.276208306821076,9.765625e-05
11010011000000011111,19.28503944441921,9.765625e-05
00011001011011101100,23.07188285253244,9.765625e-05
01101101011001000111,11.423265612968073,9.765625e-05
00000001100001010100,29.065164051861718,9.765625e-05
10001000010011111011,49.326043040286535,9.765625e-05
11101001111111011110,22.733268090252984,9.765625e-05
01011100101010001110,30.17181815514069,9.765625e-05
11011010010111100001,24.23596209494383,9.765625e-05
00111010000100001110,33.80526541349914,9.765625e-05
01010111011100111001,20.95204424945122,9.765625e-05
00101110110100001010,30.06988600416726,9.765625e-05
00101101100001111001,19.28032645456937,9.765625e-05
00011110011010111010,17.568471754286826,9.765625e-05
10010101100110001010,27.690407811545313,9.765625e-05
01010011100001011001,20.33384437978913,9.765625e-05
11000110101000010010,17.931223970948935,9.765625e-05
11001011111011000010,18.69134558078185,9.765625e-05
01001100101100011100,19.304130591566604,9.765625e-05
00011101010111000000,9.606707507547188,9.765625e-05
10111011101000111000,29.620936547704027,9.765625e-05
11110010100100000000,17.221423844398668,9.765625e-05
01001100000011010101,13.3405383779107,9.765625e-05
11100011010101010001,33.47883376964086,0.0001953125
10011011110110011010,23.310660611433498,9.765625e-05
00101101111011100000,15.596063078642864,9.765625e-05
11011011001000111110,23.386077451861972,9.765625e-05
11011110011111011010,14.869831178815723,9.765625e-05
11110111001101000101,25.028535433152953,9.765625e-05
00011011100011000000,16.114031027258463,0.0001953125
11001010001011110111,33.946952945634976,9.765625e-05
11101001111110001000,19.516098135294687,9.765625e-05
11111001010001100101,20.06526879766947,9.765625e-05
10111100011110001001,16.128536258059647,9.765625e-05
11110100000010100000,19.666081282091568,9.765625e-05
00010111010011111101,18.346910279721804,9.765625e-05
10001000100110101001,36.85417684735606,9.765625e-05
00000011111001010101,34.983486504163295,9.765625e-05
01000111001110000111,22.53579962285994,9.765625e-05
10110000111111111101,42.42204116713816,9.765625e-05
10110010111100100110,30.459592427365244,9.765625e-05
10011100000101100001,10.68971615699375,9.765625e-05
01101001001101110101,22.016842383406022,9.765625e-05
11000111111111010111,18.40495673989677,9.765625e-05
10111101100101110100,16.457806823294806,9.765625e-05
11010110101001101010,24.7479028211529,9.765625e-05
00010111101111111111,32.055848308950246,9.765625e-05
10010011101011001010,22.60993506497182,9.765625e-05
00000111010010000000,14.072400636061975,9.765625e-05
01011110010110100001,9.87176147619412,9.765625e-05
00000111001101000010,16.73154994625445,9.765625e-05
10001111000101010100,27.009445880212564,9.765625e-05
11100100100010110011,16.82768924568305,9.765625e-05
01110011011011101101,17.12031227108569,9.765625e-05
00010101101011101100,48.33017169562005,9.765625e-05
00110101010001110000,14.740331537852272,9.765625e-05
10101000001001110001,44.9710945788823,9.765625e-05
10101101100001110001,18.997801740011898,9.765625e-05
00111101100111101001,16.368000300135037,9.765625e-05
00101101000001000100,15.955193496283627,9.765625e-05
00001000100010100010,32.708353694712116,9.765625e-05
00000011010001001110,25.030840327423075,9.765625e-05
00101111011010100000,20.61149618550357,9.765625e-05
11001001110010111101,18.315742142085593,9.765625e-05
00110011100000001010,16.317191071454197,9.765625e-05
10001100001110101101,24.150830258049538,9.765625e-05
01111000111111100011,18.204485198617782,9.765625e-05
11011011100011101001,20.88136257893605,9.765625e-05
10101110110101110010,44.85770649256319,9.765625e-05
11101101000011011100,21.574219118683168,9.765625e-05
00101001111101100001,31.078830224780834,9.765625e-05
01101010110010000001,29.9607466213717,9.765625e-05
10101000000101111101,60.309148400857666,9.765625e-05
01111101001111110001,16.423328905015126,9.765625e-05
00110100011000010000,11.39227685352617,9.765625e-05
10011101111000010110,19.23081466059882,9.765625e-05
11100000010000000100,18.825992226028,9.765625e-05
01001001111111001011,34.08537961672164,9.765625e-05
10011110111010110010,20.04169015167273,9.765625e-05
00101011010011111110,36.85745528992842,9.765625e-05
10100010010001100000,48.91595875530817,9.765625e-05
01101010110010010010,27.040312849991224,9.765625e-05
11100100101111000011,18.806632109218757,9.765625e-05
00010100100111000101,26.855560292254243,9.765625e-05
01101110110111000101,26.108397224490723,9.765625e-05
11010110010000001000,12.871502878322456,9.765625e-05
10100110100001011000,25.67732318683259,9.765625e-05
00101101110000111101,23.340538377910697,9.765625e-05
11101000100010100000,19.42207747389451,9.765625e-05
10001101100010110100,16.467555242240035,9.765625e-05
01010000100111111101,42.93772901360262,9.765625e-05
11111101010101101110,18.44621222909445,9.765625e-05
00010100000101000100,16.91057876682106,9.765625e-05
00011100010110010100,14.611789038199284,9.765625e-05
11001110010001100001,23.735300510953458,9.765625e-05
01001010101110001001,28.071433721587372,9.765625e-05
10000010011110011001,50.28722096606856,9.765625e-05
11110110101111110000,16.517648660704356,9.765625e-05
11101001100100001110,20.000950986844302,9.765625e-05
01010111000110111101,23.183745870426232,9.765625e-05
10001101010100010100,19.439299629269264,9.765625e-05
10000101100000111000,20.153964622131802,9.765625e-05
10101000000010111011,42.51895027427932,9.765625e-05
01000110110010010111,22.21617368810557,9.765625e-05
10001100001000001010,18.857311211438322,9.765625e-05
11000110110100110100,15.174023712442127,9.765625e-05
10100011101011100010,25.569232756974912,9.765625e-05
11011111000011111011,25.977778341640068,9.765625e-05
00101101101011110110,16.554949572730607,9.765625e-05
01000100110001000101,23.065164051861718,9.765625e-05
00000001100110000100,32.54680436453188,0.0001953125
01001100001001011011,17.348073332818775,9.765625e-05
10010110111101111110,28.217221487399897,9.765625e-05
00100010001101110111,56.37179084481025,9.765625e-05
00000011100110010000,24.14665433626629,9.765625e-05
11010101010101000110,14.517049122138992,9.765625e-05
01100110010000000001,18.204168805074982,9.765625e-05
10000001001111000111,36.26848057060705,9.765625e-05
01100000110101001001,34.09987215719607,9.765625e-05
00101100011011000000,19.624925929774673,9.765625e-05
10000000010000010111,46.29506405400878,9.765625e-05
00101011110100101000,33.13547093998128,9.765625e-05
10100010000100110001,52.33592375648023,9.765625e-05
11111101000101100011,24.488275263848692,9.765625e-05
01010010111101001100,24.393663742867957,9.765625e-05
11100011101011011100,16.85336349026845,9.765625e-05
01100101111101110101,19.251746770096325,9.765625e-05
00000100000011011100,32.68509528313011,9.765625e-05
10111110100101010001,34.03987341592293,9.765625e-05
11100101011100001111,17.332656240715576,9.765625e-05
00100001101010100111,35.68462307387627,9.765625e-05
01000000000111000111,39.10923808331021,9.765625e-05
00100101110000011100,21.180241849726183,9.765625e-05
11010000111101001110,25.61317592754107,9.765625e-05
10101101110000011010,21.724046857446805,9.765625e-05
10111001101000100100,17.4377456702558,9.765625e-05
11011110010101101111,18.700749614589768,9.765625e-05
10110100101011110010,20.86502928325158,9.765625e-05
10011101110100000110,14.983695947520616,9.765625e-05
11111110111110111011,14.623607664988159,9.765625e-05
10101010111111000011,62.27449371602954,9.765625e-05
00110101000101110000,14.055193684736281,9.765625e-05
11101011000000101100,36.84271726042671,9.765625e-05
11010001011110001011,23.555807180728664,9.765625e-05
01111000110000100100,11.930364376509583,9.765625e-05
01100100001101011111,22.02717242684503,9.765625e-05
11101110000010010010,35.34176815624885,9.765625e-05
10001101101101110000,13.383468630412574,9.765625e-05
11011111100100101010,29.55702809498777,9.765625e-05
11011010011111011101,28.020523708731897,9.765625e-05
10010000111110010100,36.98582873387811,9.765625e-05
11000111000010111000,17.00153710066185,9.765625e-05
11111111010000001010,45.27301863375831,9.765625e-05
00001001000010100000,18.32644778946847,9.765625e-05
01010011111010100100,22.838451622220706,9.765625e-05
10010111000110111100,18.110391537497417,9.765625e-05
10101110100100010000,41.67769879077647,9.765625e-05
10010111100001001001,15.684177278201762,9.765625e-05
11110011110100001101,13.581564823856095,9.765625e-05
10000010011000011111,51.26525374760349,9.765625e-05
10000000111011010111,64.05591993704701,9.765625e-05
00001100111101010010,30.123262778899342,9.765625e-05
01001110110110110011,18.404153901643856,9.765625e-05
11111101001101001001,24.460055979270464,9.765625e-05
11100100000101010000,13.199462791239561,9.765625e-05
00000101110010010100,29.48379183464752,9.765625e-05
10001010111010100000,36.34180366309312,9.765625e-05
10111011111011001001,26.736874783192302,9.765625e-05
11100000010100100011,27.26998465152492,9.765625e-05
01010000101011101010,50.609470653690316,9.765625e-05
00111101000000000111,18.860511354258275,9.765625e-05
11000010000101111101,32.467510892952916,9.765625e-05
00001001100001101000,25.06893501732296,9.765625e-05
11110101011011001100,20.22567609033285,9.765625e-05
11010110010111011101,10.844970927362318,9.765625e-05
10001000100100100010,30.952648690462517,9.765625e-05
11001001100001100101,14.864373749952495,9.765625e-05
10010001001000000100,17.623381656798166,9.765625e-05
10000000100111101011,52.16852493858158,9.765625e-05
00101000011010010111,44.75750934393991,9.765625e-05
01100100101111010111,25.631904259038368,9.765625e-05
00001101101111100100,21.314833736067005,9.765625e-05
11011101100110001100,23.863678515162277,9.765625e-05
11000011011111011011,26.66927271826372,9.765625e-05
01010011010100001100,10.11630226533057,9.765625e-05
01010111000101011100,16.584850329979727,9.765625e-05
10100100101111111001,30.84687552394626,9.765625e-05
01101001001001010110,13.997786535962845,9.765625e-05
11010110101010110111,24.667554574265182,9.765625e-05
01011110011000000010,15.585813712883525,9.765625e-05
10000111100011101000,15.151418124136658,9.765625e-05
10011100010000110101,15.931223970948935,9.765625e-05
01111010100001010101,29.263949424005983,9.765625e-05
11011010100100010000,22.88275653182911,9.765625e-05
10110001101010100000,19.23640411407944,9.765625e-05
10000101000000000100,15.136129710583916,9.765625e-05
00100000000001100100,35.28434498187808,9.765625e-05
00101001011110001101,33.46519780847617,9.765625e-05
10101101001110101001,21.871761476194123,9.765625e-05
00000100100101110111,43.332069316189575,9.765625e-05
10011001111110101100,20.810824693053373,9.765625e-05
11110010001011111000,22.57689720114189,9.765625e-05
01100011111010001001,19.59269595327844,9.765625e-05
01000110000010010000,12.532330265410057,9.765625e-05
11000011001001111100,14.740341223889235,9.765625e-05
11110011011010000110,18.414719197998032,9.765625e-05
00011010010111111100,37.46615150534301,9.765625e-05
00101011111011111011,35.10160579951092,9.765625e-05
01000010001010101101,30.42451216253063,9.765625e-05
10111110001010001010,30.437116339158507,9.765625e-05
10110110001111001011,20.710279725688995,9.765625e-05
01010100110110001001,25.748720569187604,9.765625e-05
10010000111110011100,39.81207403976567,9.765625e-05
10110111100011010101,20.841158213463448,9.765625e-05
10000011011110101010,30.16107617936527,9.765625e-05
01101000111000000111,22.58287465462588,9.765625e-05
11100011110010010110,18.247834435757866,9.765625e-05
01001110011011111011,18.428918271368538,9.765625e-05
11011111001110110101,21.777110465848132,9.765625e-05
00000010001001101101,45.099878398789414,9.765625e-05
00111110100100100001,18.956759949323597,9.765625e-05
11110110101110001111,17.911599101801883,9.765625e-05
01111010111000010000,17.69177344074857,9.765625e-05
00011110100000101111,22.554082795136782,9.765625e-05
01000111111111111101,26.48810206175671,9.765625e-05
10110110011110101000,19.606707507547192,9.765625e-05
01011011000001010010,22.00065813414858,9.765625e-05
10010011110011010000,17.44697938624868,9.765625e-05
11011000011011100101,16.48107651471113,9.765625e-05
10000011001100011000,24.32644778946847,9.765625e-05
10101111000100000100,45.70634071157658,9.765625e-05
11000010001000000001,21.767341237714547,9.765625e-05
11100011111000101010,17.24985185954934,0.00029296875
10101110001111010001,44.22301966065659,9.765625e-05
00100001110100100010,28.246084338531702,9.765625e-05
01000110000001010000,12.086870272891684,9.765625e-05
01100000110010111110,36.09538464709725,9.765625e-05
10101110110101100001,45.95297650067567,9.765625e-05
10110111101110111000,20.700749614589768,9.765625e-05
10100111100011100000,20.087442211348502,9.765625e-05
01001010011001000110,28.12850961570406,9.765625e-05
01100000101101111010,38.468400574191456,9.765625e-05
01011000100011010101,22.585617487133966,9.765625e-05
01111100101000000000,14.69589158849687,9.765625e-05
10001110000111111000,26.636289624178932,0.0001953125
10110000001010110000,22.914991840833565,9.765625e-05
00011011011100011110,22.487241525756232,9.765625e-05
11100000000100110010,22.431469024515735,9.765625e-05
01010100111001100110,36.10975381495089,9.765625e-05
01100100011010101000,24.247298091272526,9.765625e-05
11011000000111101111,20.921093706466483,9.765625e-05
01110000101100110010,20.4703211855329,9.765625e-05
11001011000001010101,29.342391529180244,9.765625e-05
00011011001000111010,22.428057735368057,9.765625e-05
01000101011010110101,30.073399623777064,9.765625e-05
11110111010111111110,19.01676876886797,9.765625e-05
00111011011001101010,20.727328744462774,9.765625e-05
01111100110000000100,10.917260368883131,9.765625e-05
00000110100110100001,26.341428059149244,9.765625e-05
01011010100111001000,19.821157533642122,9.765625e-05
10100001100101110101,31.048471177830695,9.765625e-05
11001110101000111000,15.526734570336089,9.765625e-05
11010001100001010000,15.465975658719497,9.765625e-05
10111111111101010011,24.439549569792298,9.765625e-05
11011011001011001000,22.88524357445509,9.765625e-05
00111110010000001000,25.52784887194936,9.765625e-05
01011011001000111101,21.37095873046659,9.765625e-05
10010010011011110100,35.828627738500835,9.765625e-05
10000100111000101011,34.62998529120311,9.765625e-05
01010010110100011000,16.03727780124147,9.765625e-05
10111000000101111010,32.731549946254454,9.765625e-05
10001000110001111111,54.1162180560801,9.765625e-05
10100000000001111101,46.26614967043538,9.765625e-05
00110011011011110100,21.25403935543416,9.765625e-05
01100000011011111111,45.01853210574774,9.765625e-05
01111011101011100000,21.579756316140937,9.765625e-05
00100111100110111001,22.31590113035749,9.765625e-05
11100101101100000111,16.599846527290808,9.765625e-05
00011011011100000011,17.98608462172723,9.765625e-05
10101000110110000010,41.88768721470709,9.765625e-05
11110000000110111100,17.51609813529469,9.765625e-05
10000100000111011100,28.415146236416483,9.765625e-05
01010001111000101101,36.28843825038018,9.765625e-05
01011110011010000111,13.599830599660503,9.765625e-05
11010000100010100100,18.363761919102487,9.765625e-05
10101001011011001100,31.939325346301725,9.765625e-05
01111111000101101010,31.132422858717987,9.765625e-05
01000111011100001110,19.226985921102635,9.765625e-05
10000011100000011000,18.547822811448082,9.765625e-05
01101101110011011001,17.10149367424845,9.765625e-05
11101001111100001100,18.409531892849856,9.765625e-05
10101100110110010111,34.74031281307224,9.765625e-05
10000010011000011101,47.871431886679744,9.765625e-05
01110110000011110001,18.450862455336214,9.765625e-05
11010001011000111000,17.244610322776843,9.765625e-05
00110101001111101011,25.23710588473027,9.765625e-05
00110110001010101001,19.622654691702564,9.765625e-05
01011110010100010011,11.876486138522205,9.765625e-05
10000111110110010111,24.56147929833024,9.765625e-05
00111100111011101110,20.86963839750977,9.765625e-05
11110110110100100101,14.66196313434327,9.765625e-05
01110001000001000000,15.182180151807323,9.765625e-05
10000100000110110101,28.107876818475503,9.765625e-05
01010110101111100011,29.99671677458492,9.765625e-05
01000110101001010100,19.213849029527246,9.765625e-05
01101110001110100001,21.35465738800975,9.765625e-05
01001001110011100110,21.13504028286482,9.765625e-05
00010010000111011001,28.86963839750977,9.765625e-05
11101000011001000011,31.08930151708419,9.765625e-05
00111010110100111110,37.627726536317695,9.765625e-05
01010000110010111000,33.542131234645396,9.765625e-05
11111000010110010101,24.924416275403726,9.765625e-05
00101011110001100010,29.45176806420506,9.765625e-05
01101111011110000011,19.75252025057293,9.765625e-05
01110101001111110100,23.398527151177912,9.765625e-05
11011111010001010001,26.17938088441172,9.765625e-05
10101011110100011100,50.19386884843517,9.765625e-05
11010001101110001101,26.230689426491974,9.765625e-05
00001111010110000001,15.821273081712013,9.765625e-05
10100011001111000110,32.88405034743173,9.765625e-05
00111110110111111110,24.47861369868545,9.765625e-05
11010100101000011000,20.481357146011405,9.765625e-05
00010001110010101011,42.0204596931036,9.765625e-05
11110110000100011101,20.686811637031045,9.765625e-05
01000110010001111010,20.45403306068382,9.765625e-05
00101001101010100011,23.708581160904426,9.765625e-05
00010111100101001100,15.942537885181176,9.765625e-05
00010000111000001101,40.12026156060202,9.765625e-05
01100001000011100000,19.884227837561426,9.765625e-05
11100001100100101001,18.64972216559978,9.765625e-05
00001001001110011100,30.055486537431996,9.765625e-05
11111110011011110101,26.186546476969266,9.765625e-05
10010011001001011001,20.463633429004684,9.765625e-05
00100001011101010111,38.83920835891692,9.765625e-05
01001100110100000010,14.36874590288348,9.765625e-05
11110001011110101001,17.06635219093528,9.765625e-05
11100001010111001010,21.34281848006184,9.765625e-05
11011010110101101010,21.45177775024202,9.765625e-05
11110000010000111100,12.409531892849856,9.765625e-05
01000110000101011001,15.594232107436794,9.765625e-05
00100000110110011101,59.28296062789478,9.765625e-05
01011000001001010000,15.938185295226155,9.765625e-05
11100001011111010111,26.979352428784694,9.765625e-05
01000011001101010101,20.717378680132555,9.765625e-05
11100000000001010100,22.784590035444882,9.765625e-05
01010110001111111101,21.977634284786156,0.0001953125
01011110010000010101,14.140201843902716,9.765625e-05
10010000100101011111,37.20767181872289,9.765625e-05
10110110010110101100,24.139174445370625,9.765625e-05
11010111111111111010,21.89262612561972,9.765625e-05
01101001000111000100,18.729642552520772,9.765625e-05
00001101010000000100,13.87456625076201,9.765625e-05
00111001110010000110,14.36479818171361,9.765625e-05
00001010000110001100,36.81906378569971,9.765625e-05
10000100001000001000,19.692679049617418,9.765625e-05
11001010010000010110,35.13584654392516,9.765625e-05
11000101110110100010,23.628683677628153,9.765625e-05
01111101111010100000,23.65638784003155,9.765625e-05
11000010101001001000,20.45528938341053,9.765625e-05
01010110011111011101,16.11395305960134,0.0001953125
01110110010000100101,16.90531785797465,9.765625e-05
00000111001000111000,21.67167522489596,9.765625e-05
11111001001010001000,25.165025456504473,9.765625e-05
00111101101000100110,19.371040349707386,9.765625e-05
01110001010110000010,14.00513848272912,9.765625e-05
00100011101111001111,32.07998809155133,9.765625e-05
00011110010110111001,14.44715615279713,9.765625e-05
01111011100000011011,27.11318943401791,9.765625e-05
01010011011111010011,20.659771137584702,9.765625e-05
10110010010100101101,35.82115753364212,9.765625e-05
00000010111110100100,53.305689023712,9.765625e-05
00010011110010000110,19.90001066206767,9.765625e-05
11001001010110010001,21.186900548143534,9.765625e-05
01110001000001101100,20.232604530661135,9.765625e-05
01111010011011101100,22.258844695441912,9.765625e-05
10100001101100001100,22.25865282322108,9.765625e-05
10001100010010110100,24.063339322248996,9.765625e-05
10111011100110110101,34.269624338757296,9.765625e-05
11011010000001100000,26.15893965429691,9.765625e-05
00101110111011000011,26.478613698685457,9.765625e-05
00111110111000100010,16.856694287240334,0.0001953125
10100100101100110100,24.01566122034688,9.765625e-05
11001110010101100010,23.981523301199772,9.765625e-05
11110100000000010100,14.453497537746742,9.765625e-05
11110010101101101011,21.604365277832375,9.765625e-05
11100011110001001001,20.06916321793633,9.765625e-05
10101111000111111010,31.66572993177966,9.765625e-05
01001100101111001001,24.227933376376125,9.765625e-05
11111101101101000011,18.74600374258106,9.765625e-05
11100001001010001011,23.27232876930435,9.765625e-05
10100001101101001100,24.033101879458226,9.765625e-05
00101110000110111010,28.34450121559277,9.765625e-05
11111100010100001010,15.889370673819279,9.765625e-05
11010111001110111011,27.32860138501432,9.765625e-05
01011111011101001011,16.724913722167834,9.765625e-05
01001100100011101001,23.26998465152492,9.765625e-05
00101101001111010101,15.979548654534252,9.765625e-05
11111100100001110010,13.984366477728695,9.765625e-05
10100111101101001001,18.51387842966418,9.765625e-05
11111100111001100100,10.638094687450485,9.765625e-05
11011110101111001111,18.069152797478313,9.765625e-05
00110011100010001000,15.72728139088585,9.765625e-05
11111010011111111010,30.101821484461592,9.765625e-05
01100011101010010000,16.509069350945566,9.765625e-05
00111100100010110010,14.434853965575083,9.765625e-05
00000010101111100100,51.62484869653861,9.765625e-05
01000100011101111101,34.662589962558094,9.765625e-05
00111100011000100000,10.086870272891685,9.765625e-05
00110010000101100000,25.08834782021735,9.765625e-05
01011011001110111001,20.184693325699726,9.765625e-05
11111100011110010011,9.47661583247177,9.765625e-05
01101101110101001101,16.45115530803193,9.765625e-05
01101000100000101000,21.60551936847363,9.765625e-05
11111011111101100011,24.408701150129623,9.765625e-05
01011000110011001101,24.29038907347605,9.765625e-05
11101011101011000110,25.035947863976713,9.765625e-05
10100000100100000100,32.38319064962718,9.765625e-05
11001101110101110100,7.550590534042184,9.765625e-05
01110011100010111111,23.509872200038295,9.765625e-05
11001110000111111101,20.559761154331703,9.765625e-05
10011101010000110000,16.15643397401808,9.765625e-05
01100110100011101100,22.367961898174002,9.765625e-05
01010010001110101001,23.772576532893694,9.765625e-05
11010100011111010001,12.45305646017226,9.765625e-05
00111111110101001010,16.912717892738918,9.765625e-05
11000111101001110010,20.189427674064763,9.765625e-05
11110101000011111011,27.06450464480504,9.765625e-05
10001101010101110101,19.754623597425095,9.765625e-05
00010010010000001010,20.941586898336876,9.765625e-05
01110100110000010000,8.35400278543197,9.765625e-05
00011010101111111111,41.06714173529305,9.765625e-05
00000011101100010011,34.221946149727984,9.765625e-05
01000001011001100001,27.739612196064957,9.765625e-05
01011011100001001100,20.18684704010046,9.765625e-05
00101111000101000000,26.058111297351523,9.765625e-05
01001110101101010000,15.628721785321925,9.765625e-05
11011110000011101000,21.262231280007448,9.765625e-05
10100011001110111001,35.02626681797618,9.765625e-05
11110000000100010000,11.900005329559445,9.765625e-05
11110001001111100011,20.99381591114825,9.765625e-05
01011110100000100101,20.632531876325455,9.765625e-05
01101101100011001000,21.02348567063426,9.765625e-05
01011000011110110000,16.107876818475503,9.765625e-05
01001001011111000101,22.07788276950734,9.765625e-05
10001000001111111010,44.648794300380075,9.765625e-05
01001001101011101101,30.672517846824842,9.765625e-05
10101000101000101000,29.164632161820904,9.765625e-05
10110011000010000000,24.838526145434223,9.765625e-05
10110001010010000111,19.326456653547506,9.765625e-05
00111011111010011011,20.530891228808812,9.765625e-05
11001100110100001000,11.362476233157826,9.765625e-05
10100010001010111000,39.15954438957546,9.765625e-05
11111110101101010111,24.98242649431334,9.765625e-05
10111111001110101111,27.37092967235573,9.765625e-05
10010101110000000000,16.72754880457836,9.765625e-05
01111101101011010000,22.333671243188164,9.765625e-05
11000001010001010101,15.00111714743085,9.765625e-05
01001110010110010011,16.135126478556586,9.765625e-05
10110100000101000000,12.311082229806871,9.765625e-05
11100110010101111111,30.174329353431617,9.765625e-05
10011010010100001101,39.183980949087,9.765625e-05
11101110011101010001,40.39960057497932,9.765625e-05
10010010111111010000,34.149426521152506,9.765625e-05
11101010110111110110,47.59449869917138,9.765625e-05
01011111011011100000,19.116060945076455,9.765625e-05
10100010001101111001,54.47788278279656,9.765625e-05
10000111011101000001,19.273681180899846,9.765625e-05
11010010111111110010,26.32973956966146,9.765625e-05
01101001110100101000,21.211038736947256,9.765625e-05
01010001010101000100,13.27765442820012,9.765625e-05
10000100111010010111,40.468400574191456,9.765625e-05
11001111110000011100,16.45912436450007,9.765625e-05
00001110011101000100,29.81590902085521,9.765625e-05
00001101001110101111,25.13043116860663,9.765625e-05
01001110001110011011,16.032821433661827,9.765625e-05
01101111011100111000,21.36125457368128,9.765625e-05
01101110100010111000,20.622939637662554,9.765625e-05
01110101011100011101,15.480682447778467,9.765625e-05
10011100001111100100,15.374668390322084,9.765625e-05
10110110010000111110,28.071495027193123,9.765625e-05
00111110110010111111,22.591218700220026,9.765625e-05
11101100101000000010,13.716816514839895,9.765625e-05
00000000101010111000,58.68953844394181,9.765625e-05
11010101001101111111,24.2890921185369,9.765625e-05
00010100011111100000,28.688879673339176,9.765625e-05
01010011000111101111,23.64343221471509,9.765625e-05
11010001010000000100,8.532762598508711,9.765625e-05
11010001010001110000,11.363664372231385,9.765625e-05
01101100100000001111,18.072400636061975,9.765625e-05
01010011111001111101,24.310833748034465,9.765625e-05
10110100010011100001,16.112109681495955,9.765625e-05
01100111100000101000,25.185005637596554,9.765625e-05
11011001000011000110,18.42703731285038,9.765625e-05
10001100110101010010,26.90375683581958,9.765625e-05
10010011001010101010,23.151395954913006,9.765625e-05
11110001111000100000,11.045806312979732,9.765625e-05
00000001000110100110,35.533333715417264,9.765625e-05
10111101101001110010,16.543463343445666,9.765625e-05
10000001011110100000,30.43335497260701,0.0001953125
11100011111010100010,18.840541191298442,9.765625e-05
01001001001011101110,23.44146531041551,9.765625e-05
01010010110110011100,20.169478428308356,9.765625e-05
11101010100000100011,37.724101187038144,9.765625e-05
01110100111000001010,19.229738439647676,9.765625e-05
11111010000010010000,38.79880667954223,9.765625e-05
10101000100110000100,40.81906378569971,9.765625e-05
01111111110000011000,27.686824120217743,9.765625e-05
01100011111010110111,24.344976450772602,9.765625e-05
01010011001100101000,22.733818474304016,9.765625e-05
11101101011110100110,15.83662895533666,9.765625e-05
10010110010001111100,21.22698592110263,9.765625e-05
01001101000100010101,12.351207696901035,9.765625e-05
11001111111011100111,15.878246128925383,9.765625e-05
01110100010001011001,10.54649902864947,9.765625e-05
01001111010000000000,17.43624874001641,9.765625e-05
11001110100011010010,18.03979524112574,9.765625e-05
00101101111001000001,13.67348402687838,9.765625e-05
00111100011010000111,11.978543425225816,9.765625e-05
11000110111110011000,16.043758715261866,9.765625e-05
01100000111011111001,44.349763055160494,0.0001953125
01100100110110111101,29.19521587781361,9.765625e-05
00001000110111111000,57.71120031568465,9.765625e-05
10100000111011110111,58.414609277113286,9.765625e-05
11000101101001111101,21.40391058410863,9.765625e-05
00111111001011111100,21.60078782809815,9.765625e-05
11100000111011000110,26.75043871318614,9.765625e-05
01011010111000101101,20.571247176476586,9.765625e-05
11101001010010001001,26.615245705322412,9.765625e-05
01000000011111101110,54.910183703676076,9.765625e-05
00110111011100000100,13.638127571399423,9.765625e-05
10101000101010101000,30.309472472359936,9.765625e-05
01111011101011010001,21.304024387346878,9.765625e-05
01001001110011100000,19.29471687172173,9.765625e-05
00011100100111001011,19.62258370005986,9.765625e-05
01010001101111101000,46.442711947105266,9.765625e-05
10110101000000111010,24.22299653903199,9.765625e-05
10000010100110111001,41.80428872586039,9.765625e-05
11111011110000001100,28.87872426931348,9.765625e-05
10101101011101111111,25.582556101135705,9.765625e-05
01011001101011001000,29.2919038691192,9.765625e-05
10111100111100111011,12.760097688339691,9.765625e-05
00010110001100001100,18.409531892849856,9.765625e-05
10100011101010101100,23.9195912690548,9.765625e-05
00001101010011110110,18.334551151262552,9.765625e-05
01111111101010100101,29.417751624262095,9.765625e-05
10111000111010100010,18.434847723981733,9.765625e-05
00011100010111011000,16.247998708279802,9.765625e-05
10000100100111111111,40.79261616400291,9.765625e-05
01111011001101100110,21.4840965449157,9.765625e-05
10110100100111010000,13.161705597589776,9.765625e-05
10110100001010111000,20.388158705777872,9.765625e-05
11010110011010111011,17.561543313958538,9.765625e-05
10100010010001001110,53.125632597473235,9.765625e-05
10001000001010001101,36.87892155073957,9.765625e-05
10100001001110000000,23.51609813529469,9.765625e-05
01110001101011111000,32.51004969016799,9.765625e-05
11000111001001111000,15.328981156983048,9.765625e-05
01010100101101010011,28.3643517716309,9.765625e-05
10101011101011011101,39.91264690109621,9.765625e-05
00011010111011101010,30.253133659438113,9.765625e-05
10101100100101110100,28.707132758816826,9.765625e-05
10010101110111110110,24.37365368211675,9.765625e-05
01001101000101000100,10.778933121892363,9.765625e-05
10001011001101001111,36.60629557521077,9.765625e-05
11010100000000111010,19.48762681573706,9.765625e-05
01100110110001011000,15.972958150609866,9.765625e-05
01110011101010100001,23.775374429414185,9.765625e-05
00011101100111100011,19.01118994298544,9.765625e-05
11001110110000010111,22.67924306375297,9.765625e-05
00100010001111111011,53.65228491796849,9.765625e-05
10111100100101110011,13.853523594765532,9.765625e-05
11111100000101101001,17.852936539386857,9.765625e-05
10000101010110011101,24.05608681041843,9.765625e-05
10011110111010000001,17.99778653596284,9.765625e-05
00011111101010001010,25.63715097088786,9.765625e-05
01010000011111000101,29.81626153565049,9.765625e-05
11100101111011110101,15.977634284786152,9.765625e-05
01001100011000100100,13.041664967319456,9.765625e-05
01101110111111000011,20.302100244434627,9.765625e-05
01010000011000011001,23.30947247235994,9.765625e-05
00000101111001001100,32.91057876682106,9.765625e-05
10110111001011111111,24.58458247613341,9.765625e-05
00101000001100001110,36.575709062068334,9.765625e-05
10010100111101110110,29.935992144824034,9.765625e-05
00011110000000010100,20.87994623924912,9.765625e-05
01101111000001011010,25.938606277145475,9.765625e-05
00010111111011000001,19.436575641144426,9.765625e-05
11001101101001010110,12.679243063752967,9.765625e-05
00000100111000000000,30.97711813392299,9.765625e-05
01110101100110001010,34.86366344690826,9.765625e-05
11110111101111000011,23.786852839090606,9.765625e-05
10101101000111011000,24.381340306347198,9.765625e-05
10011110000010101001,19.620936547704027,9.765625e-05
01110011000100011100,16.61901667078365,9.765625e-05
10010100010001001100,16.915245655114198,9.765625e-05
00000001010100000101,30.554619041655105,9.765625e-05
10011011111111010010,25.781883961391642,9.765625e-05
10011100110110001111,18.130328103723436,9.765625e-05
10111001011010110011,21.742771744500494,9.765625e-05
01010011000111011001,17.708490590047745,9.765625e-05
01000001110101100001,31.955353415276825,9.765625e-05
01010011101010000101,24.35360854383525,9.765625e-05
01100110101110101100,23.764292149399104,9.765625e-05
11111111010111111111,25.60573027058158,9.765625e-05
01111100100111110111,11.89262612561972,9.765625e-05
01011100000001010101,11.827491218996071,9.765625e-05
10111000101001000001,23.347896566270325,9.765625e-05
11000111001010101100,20.39984469238318,9.765625e-05
00110101000101101001,16.530480939978585,9.765625e-05
01110000100010101001,24.91267251476347,9.765625e-05
11101011110001100110,29.54526840671722,9.765625e-05
11101001110011111011,23.17982397006368,9.765625e-05
11010101100101010111,17.95417088134257,9.765625e-05
00000011001000100100,21.52775123795106,9.765625e-05
11011101000100000001,23.56324623227183,9.765625e-05
11010001011010100100,17.91690070340938,9.765625e-05
00111111001111111000,17.584486485641307,9.765625e-05
00001100011101011100,32.714334679766914,9.765625e-05
01101101111001010001,11.280326454569373,9.765625e-05
01101100011101000111,16.61894494471988,9.765625e-05
11110110011101100000,18.110391537497414,9.765625e-05
10100011100011100100,25.42787472722626,9.765625e-05
10011111010111111000,16.315449289389875,9.765625e-05
10000101011001010001,18.494458650755373,9.765625e-05
01001010111101010110,38.42456369497223,9.765625e-05
10101010111010100010,43.4630998925089,9.765625e-05
10001110111000100010,26.220445491617532,9.765625e-05
00001000111011100011,51.417545538221184,9.765625e-05
00000011011111001001,32.936363384399364,9.765625e-05
00000010111010000110,46.62694868607437,9.765625e-05
10010110000011101101,19.624511287415714,9.765625e-05
00100111010101111100,23.83941780227424,9.765625e-05
10011110110011111101,22.42319462132536,9.765625e-05
11110001011101110000,12.232596820225654,9.765625e-05
01010110011010111001,19.646551473124973,9.765625e-05
11000011111011101101,20.38294216785477,9.765625e-05
00100001001001111100,30.114380919568056,9.765625e-05
00101001000011011100,28.798275667565107,9.765625e-05
10001010101110100110,41.87705798985182,9.765625e-05
00000000100110001000,45.815202162254586,9.765625e-05
00111011010101100101,30.655662468733297,9.765625e-05
10010010111010011011,32.268480570607046,9.765625e-05
11011010000101000100,30.701113458928198,9.765625e-05
11001100101010010000,11.628021168314651,9.765625e-05
01100001111110010000,23.238169317387644,9.765625e-05
11010000101101101100,24.38092285599868,9.765625e-05
10000100100101101001,24.50891308353603,9.765625e-05
11011100110100110000,4.720554596352203,9.765625e-05
01100011101011101110,22.97267780273703,9.765625e-05
00001001001101110101,32.484616776676525,9.765625e-05
10010101100101100100,16.069886004167262,9.765625e-05
11110101110111110101,11.346968053756758,9.765625e-05
11100000110100011101,29.389447836166138,9.765625e-05
10111101100000010100,24.73292879306547,9.765625e-05
10001111100011000000,18.17250814454988,9.765625e-05
10000100101011001000,28.924679041300244,9.765625e-05
10100110001010100100,31.134812169378648,9.765625e-05
00111011110011101100,21.688932886705327,9.765625e-05
00111100000010100111,15.599830599660503,9.765625e-05
01110000001001110110,20.930932783395594,9.765625e-05
01010110101000000010,28.2872396908486,9.765625e-05
11101010111100100010,35.43433364668706,9.765625e-05
10111010001101111110,47.67320086021962,9.765625e-05
01010111010001110101,15.46746841009422,9.765625e-05
11000011100110011100,13.591318749973606,9.765625e-05
11111010010011000010,36.14670324581255,9.765625e-05
00010000101100100011,41.44180625110921,9.765625e-05
10011110101011111010,20.825917066360432,9.765625e-05
11001011011000100110,19.431802058473718,9.765625e-05
10111111011100011001,32.31084090955275,9.765625e-05
00110000011000010000,18.276861559411607,9.765625e-05
01110000000001101101,21.505299119905388,9.765625e-05
10101101001100001111,23.508331546169455,9.765625e-05
10010001110101000111,22.05759185947598,9.765625e-05
00100010111000110000,40.263708740205914,9.765625e-05
11110101111100111000,16.213565862868485,9.765625e-05
10010101011000101010,27.111686909479026,9.765625e-05
10111011001100111010,33.540659292459026,9.765625e-05
10001010111110110001,52.718445862340616,9.765625e-05
11001001110000010100,12.298198418091047,9.765625e-05
10101011100001100101,42.83336217399308,9.765625e-05
10101000101011010010,37.91587183603516,9.765625e-05
01011000100101101001,24.694756869929527,9.765625e-05
11101001000111010101,30.83940811623729,9.765625e-05
01010101010111110100,22.982719347009052,9.765625e-05
00011010110101000010,29.51568620295827,9.765625e-05
00001111010001100010,16.234237709351945,9.765625e-05
00001110100001101111,28.80018306129879,9.765625e-05
01100110000101100100,21.69177344074857,9.765625e-05
11111001111111110001,15.39367299959092,9.765625e-05
01001011000010100110,15.410180253834284,9.765625e-05
11010101010111110001,14.469369562234554,9.765625e-05
11110101101000001011,30.39764444595378,9.765625e-05
00000001110100011110,45.16706685045702,9.765625e-05
00001000010000001101,41.319159672826615,9.765625e-05
00111100010000010000,13.30076187240482,9.765625e-05
00000011000001010100,20.247051253006305,9.765625e-05
00100111111011010010,18.77891555075587,9.765625e-05
00001100001100101110,26.192226207039305,9.765625e-05
11100011111010001010,17.00723223067153,9.765625e-05
00111100000101010010,11.821273081712016,9.765625e-05
00101110101100111100,30.431469024515735,9.765625e-05
00110000110101100110,32.01070400387669,9.765625e-05
00100010010110001100,45.34635229329382,9.765625e-05
10001111001011010101,22.31544928938988,9.765625e-05
01010011100111011101,20.402007788462107,9.765625e-05
11111111010110101011,31.52558594903909,9.765625e-05
11011101111010000000,23.642303493182666,9.765625e-05
01000110011000101011,25.184986178395437,9.765625e-05
01010100001000101010,38.7140878415007,9.765625e-05
01011000000001001000,17.733111615703393,9.765625e-05
10000101111101100011,27.8509839856576,9.765625e-05
11001011000111111100,20.844154947789022,9.765625e-05
01000001000001101000,24.307622852661204,9.765625e-05
01000000001110110011,45.493235859271465,9.765625e-05
10111111011010101001,28.66763533907205,9.765625e-05
01100110000101111111,25.02626681797618,9.765625e-05
00001110110111100110,31.896753959404972,9.765625e-05
10010010011010001001,22.91267251476347,9.765625e-05
01010010011110110001,22.040708033149066,9.765625e-05
10010100001011000101,22.09801909305373,9.765625e-05
11011101101011101001,28.10415476256052,9.765625e-05
10110111111110100000,18.15421873067969,9.765625e-05
10100110110111110011,38.655217734632785,9.765625e-05
10001101000100000000,15.617733694861535,9.765625e-05
00100101101001100110,23.124752809411707,9.765625e-05
10001111101010010110,22.103761467876947,9.765625e-05
10101111110111110001,33.20569018524658,9.765625e-05
11100110111111111000,20.63800776817747,9.765625e-05
10111101101100101110,17.462567814015436,9.765625e-05
10010001010100001111,20.413719388734673,9.765625e-05
00000101111011101111,52.41275965741455,9.765625e-05
00000100100111100000,35.69581435526081,9.765625e-05
01111001101011101110,22.447911648312935,9.765625e-05
11011101000101100001,17.945677767275548,9.765625e-05
10010100111110001011,27.35354650380843,9.765625e-05
00001101101010100010,26.091595876780893,9.765625e-05
10110101011011000000,16.82210852048642,9.765625e-05
00111100110001101011,14.845873091787562,9.765625e-05
10100111010000110100,29.761431244302457,9.765625e-05
11110000101001100110,15.848751578860519,9.765625e-05
10100100110011001000,24.173249393769602,9.765625e-05
00100011001011110101,31.0690818058356,9.765625e-05
00010011010101011110,22.982191866602744,9.765625e-05
00111111101111100011,13.540726137713069,9.765625e-05
11010011111000011010,17.151418124136658,9.765625e-05
00101111000101100001,26.42805429092445,9.765625e-05
00110001100100011011,21.901028374562806,9.765625e-05
00011111001011101000,18.509276291420406,9.765625e-05
01111011010101001000,25.39476389615215,9.765625e-05
00111001000000010001,20.270941879962564,9.765625e-05
01111110111100000000,14.248075941515857,9.765625e-05
00001010010110101010,40.66726588959432,9.765625e-05
01010111000111111111,23.90607116106708,9.765625e-05
10100100110000010110,25.06893501732296,9.765625e-05
01110101001010001100,35.77264825895747,9.765625e-05
10101100101011101000,20.914991840833565,9.765625e-05
01001001001100110001,21.383468630412573,9.765625e-05
11011100100011001010,18.79271285644008,9.765625e-05
10101100001111011101,34.52741748041183,9.765625e-05
10111001000101011000,29.155520344254654,9.765625e-05
01000010111111010101,45.14564307250457,9.765625e-05
00010101011101111101,28.61289025799983,9.765625e-05
01101010100111001000,32.58753883289647,9.765625e-05
00001111110111000100,15.640873113930047,9.765625e-05
10010001001111110001,27.042792095054523,9.765625e-05
11001110111110000010,18.143243047118617,9.765625e-05
00011010110110000000,21.849111244334267,9.765625e-05
10000001001100100001,26.31886402298116,9.765625e-05
01111000100101101001,21.141919987901254,9.765625e-05
11110010101110100010,18.840541191298442,9.765625e-05
10010000110111001011,36.70043430919951,9.765625e-05
00001100011000100011,22.006583978903592,9.765625e-05
01010010110010110110,24.670596501062334,9.765625e-05
10010111001011101100,22.108461974540088,9.765625e-05
10101100001000101001,23.48762681573706,9.765625e-05
00101110101011010001,25.02626681797618,0.0001953125
11110011011000001110,17.444292352174067,9.765625e-05
01101011011001101101,26.720757172458498,9.765625e-05
01001111010011010101,10.867020886235732,9.765625e-05
11110100000000000010,17.909436005722952,9.765625e-05
10101011111011011111,43.81622623594628,9.765625e-05
01100011101111000110,18.95447530813986,9.765625e-05
01000101000001010110,18.583899343135425,9.765625e-05
01010011010100101010,18.128536258059647,9.765625e-05
01111100011001010101,8.229786527645668,9.765625e-05
00111111111110111000,16.51764866070436,9.765625e-05
10011100110000111001,13.097495242594897,9.765625e-05
10001010010100101110,52.16434899516214,9.765625e-05
11011000111101110000,16.23853243814482,9.765625e-05
11000010101111001100,28.27549593020835,9.765625e-05
11100100011100010010,13.617374029387786,9.765625e-05
11011111100011101101,23.69833261669335,9.765625e-05
00110100111010100000,22.26614967043538,9.765625e-05
11100111101011111101,17.986074935690272,9.765625e-05
10010000110010101110,34.09987215719607,9.765625e-05
10001011100111111010,29.80112083053532,9.765625e-05
10000100011011100000,28.43335497260701,9.765625e-05
00100100010111010001,30.800158094925393,9.765625e-05
10000000101011111111,62.67528650014025,9.765625e-05
11010011111000001100,11.760407290213974,9.765625e-05
11100011111101000100,19.821157533642122,9.765625e-05
00111111011010100111,18.37462964617426,9.765625e-05
01100100101100000101,17.438034344086844,9.765625e-05
01000101000010101011,40.731549946254454,9.765625e-05
01000100000000010100,14.566596215813751,9.765625e-05
11001111001111100000,17.193211122712707,9.765625e-05
00001011010100011100,32.98403688821432,9.765625e-05
01111001011000001110,13.108471660577042,0.0001953125
11011001100110001111,19.976693805527077,9.765625e-05
11110001111111101110,18.211924064657072,9.765625e-05
11000001111000000111,21.758485944451465,9.765625e-05
00011011111111111000,24.021471164005384,9.765625e-05
10001111110101111100,22.343348670490688,9.765625e-05
00100111001100100001,19.871761476194123,9.765625e-05
01101011011111000110,22.30492999621573,9.765625e-05
00011110111101110010,20.23139547438415,9.765625e-05
00000010001100000000,31.094078435435122,9.765625e-05
11010111100011111101,20.38909032054826,9.765625e-05
11011001101010001100,21.286344502437778,9.765625e-05
01001101101110011111,26.742791116574402,9.765625e-05
00000011110000001101,26.033101879458226,9.765625e-05
10010000011010011110,36.82802122392105,9.765625e-05
00011110110000000100,18.54501251886809,9.765625e-05
00010100011110000000,22.098433735412684,9.765625e-05
00100110011010101111,34.309873075153206,9.765625e-05
11101111111101011101,25.13138839704428,9.765625e-05
00101100000110101110,25.15858371669421,9.765625e-05
11101111100100100010,32.59993896457593,9.765625e-05
10101110110010010101,46.15839538688401,9.765625e-05
01100111110100100101,17.997786535962845,9.765625e-05
01111010110101111100,29.64087311393005,9.765625e-05
01110110010001100101,17.135056297622327,9.765625e-05
01001011100111111111,26.223718623317858,9.765625e-05
01010001100101010101,23.281746227860094,9.765625e-05
00001101110100000001,16.82563806772653,9.765625e-05
00101001011011111111,37.046128948115886,9.765625e-05
01101010001110000111,32.35205311597966,9.765625e-05
11110101101001110110,21.951117194939968,9.765625e-05
10100110101101101110,31.117181526111093,9.765625e-05
10101000010001111111,60.5063399431853,9.765625e-05
11011100100110110101,9.59424459062349,9.765625e-05
11001000111100000010,22.633119655285377,9.765625e-05
11111101000001001111,30.003803947377207,9.765625e-05
10101110000101100010,44.79375899059204,9.765625e-05
00101011010000100000,32.87493216866892,9.765625e-05
00101001110011001010,26.188168444971822,9.765625e-05
10110011100000001000,18.572299241762785,9.765625e-05
10001010001110001110,43.13481216937865,9.765625e-05
00111100000000100100,17.058367821654695,9.765625e-05
00010001011010101101,36.967199113735276,9.765625e-05
00001011010010010100,25.135470939981282,9.765625e-05
11011111000111011110,22.66763533907205,9.765625e-05
11111010011100111001,32.6676414935382,9.765625e-05
11111100100101110111,11.2304508162604,9.765625e-05
11110101111010101010,30.570303459913966,9.765625e-05
11101000111000001111,25.84911124433427,9.765625e-05
01010110001110111110,26.76594646327322,9.765625e-05
00111101000110000001,15.02072346605226,9.765625e-05
11010011111101000011,17.772399042763997,9.765625e-05
11100000101000100110,18.50891308353603,9.765625e-05
01011111101111101101,22.32134064514912,9.765625e-05
10110111111111110000,16.84873147236554,9.765625e-05
11011100110101100111,9.000490242928647,9.765625e-05
11101111000001100010,39.38428840334794,9.765625e-05
11101100110101011010,17.920670934449557,9.765625e-05
11011110100000100111,23.38607745186198,9.765625e-05
10001000001100100111,40.45777114219613,9.765625e-05
01101001101111111101,28.308726782484293,9.765625e-05
01110000011011101000,22.98130562980781,9.765625e-05
10100011011011011110,36.196934108939345,9.765625e-05
11111001001111000101,20.72856913955918,9.765625e-05
01010011000011100101,19.108294170447344,9.765625e-05
00010011100111001101,20.945606590128957,9.765625e-05
00100100110110000111,33.17125434634184,9.765625e-05
11100011100010000100,17.273695132928673,9.765625e-05
01011110111111110110,16.31350297725397,9.765625e-05
10001111010110111101,24.559761154331703,9.765625e-05
11001111100111000111,18.2696243387573,9.765625e-05
11011111100001100000,31.302390365471624,9.765625e-05
11001000011011111111,34.10934114819341,9.765625e-05
01110101101111100011,33.097970575741755,9.765625e-05
11011100001010010010,16.216376155448476,9.765625e-05
10001100111000110001,22.1432721160693,9.765625e-05
11010111111111100001,18.323190264847856,9.765625e-05
11100100100110111010,17.52151803241299,9.765625e-05
01111011110100111001,22.867020886235732,9.765625e-05
00101001011001010000,25.35868934006628,9.765625e-05
01011001000100000101,15.604208803282777,9.765625e-05
10101100001010101010,21.47344586357821,9.765625e-05
01010110000000011001,15.547539644789325,9.765625e-05
10101010001000010010,54.42686344182835,9.765625e-05
00111101011111100101,10.197945579841134,9.765625e-05
01111010110100000010,19.693620350424762,9.765625e-05
10110000001110011010,26.192344366755066,9.765625e-05
01001000110100010001,29.82974373228813,9.765625e-05
10110001100100010000,13.80526812352169,9.765625e-05
00110100010011011000,18.4335049984232,9.765625e-05
11110000100011011111,20.553387510637734,9.765625e-05
00000000001010001111,53.317476213714436,9.765625e-05
01111110101011101110,21.698190633407933,9.765625e-05
11010111010111110111,15.062570815855832,9.765625e-05
10000110011011000010,29.117181526111093,9.765625e-05
00001010101101110111,56.802065488659075,9.765625e-05
11101001011001100110,17.085215235436323,0.0001953125
00011000101001101010,32.16581126215137,9.765625e-05
01111101010001110010,16.651343682652158,9.765625e-05
01111101011111111101,13.591276474254979,9.765625e-05
10101111010110011100,41.204217627494046,9.765625e-05
00001001111010001011,36.149426521152506,9.765625e-05
01111011010000101100,24.129561680990257,0.0001953125
11001111001000100110,24.13898362886978,9.765625e-05
01110010011101010011,21.444139948430628,9.765625e-05
10001111001110010001,22.664508908757163,9.765625e-05
10101011111100111000,40.91882058032975,9.765625e-05
01001000000001010110,23.213849029527246,9.765625e-05
01101100110100111111,20.411079621109785,9.765625e-05
10111001010111011001,31.075040621666744,9.765625e-05
01110100110101010110,10.311566220302346,9.765625e-05
01111011000101000010,27.842292932030794,9.765625e-05
01000000111111010011,57.36328617827783,9.765625e-05
01011000111010101101,27.050402209630164,9.765625e-05
00110000001111001011,30.394960268493122,9.765625e-05
01011100000101101001,14.497288402536478,9.765625e-05
00000011111110111010,45.15818241195588,9.765625e-05
10101110010100001111,54.48489198793171,9.765625e-05
00110000100011111110,39.60891932807816,9.765625e-05
00111001001010011000,19.996832839096,9.765625e-05
10000011011010000010,25.295609350110016,9.765625e-05
00100111100011111010,21.493580543618407,9.765625e-05
11011011110111000111,18.960157198905588,9.765625e-05
00111100100100011111,15.645597776258132,0.0001953125
01111100101001101000,18.733818474304016,9.765625e-05
10000011101110110000,28.164914604898414,9.765625e-05
01010011001110000110,21.040653790684928,9.765625e-05
11111011011010000000,30.97029982161952,9.765625e-05
00100100000110100000,22.427640285019542,9.765625e-05
01011000110000010110,16.23391436143092,9.765625e-05
01011110000101010000,15.16780837230781,9.765625e-05
10110010110110010101,36.62258443448092,9.765625e-05
10010110010010001101,17.64369038252445,9.765625e-05
11101010110111010100,51.46380196751849,9.765625e-05
10110001001110101000,19.88422783756143,9.765625e-05
11110111001100111011,27.35155424273404,9.765625e-05
11111000110000101100,13.927554083929595,9.765625e-05
11011100001010110100,14.182213993509226,9.765625e-05
00010110110111111101,28.99757085101217,9.765625e-05
10111011011011001001,32.59960231151028,9.765625e-05
00110000000101110000,24.80238683929899,9.765625e-05
01101110011011001011,21.191429071849264,9.765625e-05
01011100000001001000,17.727548804578362,9.765625e-05
01000001010000101010,27.029794378774994,9.765625e-05
10011000010001010100,32.38834777000914,9.765625e-05
10001011010001011111,43.531068718938506,9.765625e-05
00111010100011010111,34.95356969927101,9.765625e-05
10111001111101010010,20.42319462132536,9.765625e-05
01100111110110101101,20.608152170923923,9.765625e-05
10010010100000100010,22.11820965906425,9.765625e-05
10100011001110000100,30.139174445370625,9.765625e-05
11100110010111011001,26.297216321247024,9.765625e-05
00001100000110101011,24.164914604898417,9.765625e-05
11100011001001110111,26.517638974667406,9.765625e-05
01101001000100011010,21.724046857446805,9.765625e-05
01001000111111011110,45.773807154825946,0.0001953125
10100100011100011010,27.544003768828667,9.765625e-05
11111100101100100001,10.43966554717618,9.765625e-05
00011101111101110110,20.10373650150355,9.765625e-05
10111011010110000001,40.17338542972894,9.765625e-05
00010001111110000111,40.15773216478563,9.765625e-05
11010001101000100110,26.97625230873011,9.765625e-05
11111000111101111011,19.17797081879414,9.765625e-05
00101100101100010101,22.707126517223475,9.765625e-05
00000110010111000001,26.216267790533056,9.765625e-05
01111100011111101101,12.845873091787563,9.765625e-05
11111101001000110101,25.93391274649676,9.765625e-05
01111101111101011101,11.509448693600305,9.765625e-05
11010111011101001010,19.04168472078783,9.765625e-05
11100000110001001001,23.320351256343784,9.765625e-05
00000111101000001100,22.409531892849856,9.765625e-05
10001110001011010101,32.55503649200362,9.765625e-05
10111100101011011111,19.604365277832375,9.765625e-05
00110001001010010110,21.890676885481394,9.765625e-05
00000000001010001000,40.319159672826615,9.765625e-05
00011100001110110110,19.45688864411206,9.765625e-05
11010110101000011100,17.94576906171347,9.765625e-05
01010110110100111011,19.53867113391848,9.765625e-05
01110111111011000100,17.98506419920956,9.765625e-05
10110001100001100011,15.951787539644176,9.765625e-05
11010100000011111101,18.184029037084994,9.765625e-05
01001010100100101000,25.25525122011036,9.765625e-05
10100011101111111101,36.979352428784686,9.765625e-05
11011101101111111111,20.613307708348348,9.765625e-05
11000001010010100010,18.202241217719127,9.765625e-05
10111101110010000010,19.72873694365192,9.765625e-05
01101001010110001011,24.358274697707323,9.765625e-05
10010001001101001001,19.46292657040406,9.765625e-05
10001010100000001000,34.136129710583916,9.765625e-05
10000101101111000001,23.273681180899846,9.765625e-05
01001111001001111100,14.439665547176178,9.765625e-05
01110000001010100001,20.01593125652507,9.765625e-05
10100001110000010101,27.58005812045254,9.765625e-05
11100011100111110000,21.73620714851063,9.765625e-05
10101011000011010001,51.74884412196024,9.765625e-05
01110101011111011000,19.56993587686467,9.765625e-05
01000101000110001001,28.8431746085666,9.765625e-05
01001011111110000100,16.5371171640652,9.765625e-05
11100001000100001100,15.69774194261667,0.0001953125
11011101111101100011,14.30315055745126,9.765625e-05
01101101011110110011,14.533666025793998,9.765625e-05
01101100000000011010,15.440815284288709,0.0001953125
11000001011111101011,33.306806171142846,9.765625e-05
11110100000100001001,12.050537216901166,9.765625e-05
01010001001101001011,32.374870966428375,9.765625e-05
00011000101111010100,35.40252621928551,9.765625e-05
10101110111010100111,36.51231676021524,9.765625e-05
10101101111010001001,21.332656240715572,9.765625e-05
11101100001011000110,18.316699370523242,9.765625e-05
01100001111001100010,22.216267790533056,9.765625e-05
00100001011000000111,26.06725779980413,9.765625e-05
01101100011111110101,19.44337270414919,9.765625e-05
00101010000100000110,48.93076317836544,9.765625e-05
11010001101001100001,23.66249668167887,9.765625e-05
11111101011010101000,26.058111297351523,0.0001953125
11010001111010000110,23.617025067799496,9.765625e-05
00100010101011001010,36.28177717403558,9.765625e-05
01011111111001000010,22.509276291420406,9.765625e-05
11100101000110000100,18.451235985711598,9.765625e-05
11000110011110001010,18.898876852585452,9.765625e-05
01110101110111100100,20.466148795320468,9.765625e-05
11110001001111000001,17.792535366310382,9.765625e-05
11111111010101100001,37.06272872677157,9.765625e-05
11011011100001001001,24.595414815625453,9.765625e-05
10111111001101001001,31.938870071730335,9.765625e-05
00011101101111100000,21.20510033271817,9.765625e-05
00110011101001110111,23.57478588206299,9.765625e-05
00101111011110011111,24.90703527839194,9.765625e-05
00101110000110000101,33.78052695170899,9.765625e-05
00111110011010010111,20.61230872063326,9.765625e-05
10010000010101110001,31.13652054021303,9.765625e-05
11100100011101100100,17.213849029527246,9.765625e-05
10010010100100100000,19.39227685352617,9.765625e-05
01110000110001001010,16.54694814875472,9.765625e-05
11111010000001111011,39.33647184973121,9.765625e-05
11001100111100000011,14.289121176647765,9.765625e-05
11011001101101000111,17.78687565560812,9.765625e-05
01011001000001011000,20.465975658719497,9.765625e-05
00100111110100001100,18.43391693075961,9.765625e-05
00000110010011010001,25.618932461533177,9.765625e-05
10101101101010100100,18.871148720020983,9.765625e-05
00001001101000000111,27.29471687172173,9.765625e-05
11000000011001000101,27.184227787353215,9.765625e-05
00110000100100101100,26.304410313781755,9.765625e-05
00111011101101000111,20.960157198905588,9.765625e-05
00110001111011101100,29.731818779080264,9.765625e-05
10011100001100101111,16.039798685569355,9.765625e-05
00010100100100101111,35.26525374760349,9.765625e-05
11100110011111011010,23.743922216034086,9.765625e-05
10000110101100111110,32.029745567195754,9.765625e-05
11010101101101111100,25.155895948198527,9.765625e-05
11111001110000110000,15.409248726191095,9.765625e-05
11011100010011010000,9.583899343135428,9.765625e-05
10011011000110111101,25.602647133833834,9.765625e-05
01011010111101000000,19.166725909763315,9.765625e-05
01110100000111111011,20.746420185877433,9.765625e-05
10010011110110111001,20.177023363520647,9.765625e-05
00010110101111101110,35.68462307387627,9.765625e-05
01011101011111101101,19.26609470439,9.765625e-05
01111100011111010110,7.37743713076469,9.765625e-05
00110100100111111011,26.010665172601673,9.765625e-05
10001110010011101100,30.808084657695026,9.765625e-05
00001110110111010011,31.441436165177443,9.765625e-05
00000001101010101101,51.441760960260964,9.765625e-05
11111011100010001111,30.258274607221686,9.765625e-05
10010011111001110001,22.40521679577075,9.765625e-05
00011011110001011001,22.442543408591458,9.765625e-05
10011101111110010010,17.470038018874142,9.765625e-05
01001000100111000111,34.75148651248047,9.765625e-05
11011001000011101100,17.169592000776774,9.765625e-05
01100100111110110101,28.185869618040634,9.765625e-05
01001010010101111001,39.71462336443777,9.765625e-05
00110000111110111000,37.8919812090789,9.765625e-05
10000101010001001010,17.803353753773592,9.765625e-05
00100101110011010010,21.058366178148503,9.765625e-05
10000111010110111100,19.72026965039221,9.765625e-05
00010111110111110110,23.510916467761817,9.765625e-05
01001000011110001011,33.044774648455764,9.765625e-05
00100100010010000001,22.43295625787836,9.765625e-05
00111100010110100000,11.027596842368142,9.765625e-05
10111011011110000010,31.23450503550761,9.765625e-05
01010001000000110111,27.850113763620165,9.765625e-05
00110110010111000110,19.644408815226647,9.765625e-05
01000011110010100110,21.826142458984243,9.765625e-05
01111110010111101100,20.376554425540554,9.765625e-05
01110011101011001111,20.807196689857044,9.765625e-05
11111110101001100110,27.985311222979647,9.765625e-05
01101001101101100001,21.21252524672863,9.765625e-05
00000001101011001110,47.96021560939458,9.765625e-05
11000100110110011101,20.780432762154298,9.765625e-05
10000110100001011000,19.52775123795106,9.765625e-05
00110101011010000001,17.468069406661908,9.765625e-05
01001010101001011100,28.654736236179968,9.765625e-05
11101100011101001110,21.135470939981282,9.765625e-05
10000111111001111001,20.410109262191575,9.765625e-05
00111100101101100101,12.680961207751508,9.765625e-05
01110100110001100100,14.782328483409731,9.765625e-05
01000010100111011101,37.425950584314016,9.765625e-05
00101111111001101000,19.997786535962838,9.765625e-05
01010010101011110110,34.77248337202733,9.765625e-05
11101000101100111101,29.548770266721576,9.765625e-05
00001011110110001011,30.733268090252984,9.765625e-05
10110001001100110110,20.3107280715054,9.765625e-05
00111011110001011010,24.44793037309298,9.765625e-05
00100010101111000000,37.678989063968466,9.765625e-05
10010110101010000011,23.087371219705794,9.765625e-05
11010000010111111010,24.393734941650727,9.765625e-05
11101001001000000100,20.453497537746745,9.765625e-05
00000010110000000010,35.065164051861714,9.765625e-05
11010000011100011101,18.196867470825364,9.765625e-05
11010101000001010111,20.92944563716017,9.765625e-05
11000000001101010000,24.474757163190127,9.765625e-05
01110001100100010000,14.565690606944901,0.0001953125
10111100111011101010,15.02243807847999,9.765625e-05
10110001110011010101,20.4705831294715,9.765625e-05
10010100011101000100,18.092712806231866,9.765625e-05
11100001110010101100,15.385284397569588,9.765625e-05
10010110100010000000,17.046708477404977,9.765625e-05
01001001010001100001,17.351972144032732,9.765625e-05
00101011101111011010,29.483280586978594,9.765625e-05
10101100011111110001,33.8231555090723,9.765625e-05
01111100001100011101,11.631571203444201,9.765625e-05
00011100110100010010,14.150830258049536,9.765625e-05
10101000000100011001,51.826680359848574,9.765625e-05
10110000000000001010,18.116302265330567,9.765625e-05
10010101111010001101,28.230689426491974,9.765625e-05
11110011111100100110,14.513878429664183,9.765625e-05
00111101110000010010,14.110391537497414,0.0001953125
00011001101100110110,26.61148090516713,9.765625e-05
01101100011101100100,15.954199939453435,9.765625e-05
11010001100011001010,26.892598231243905,9.765625e-05
10100110111011111100,35.38430779705803,9.765625e-05
01001011111100011001,24.630598047376246,9.765625e-05
00010110011010111111,30.752424281717005,9.765625e-05
01110100111010101110,30.602795293221593,9.765625e-05
10111011110101000001,37.67993036477581,9.765625e-05
11100011010011100000,22.376554425540554,9.765625e-05
01000100110001000001,21.309472472359936,9.765625e-05
01111110100000111001,23.250603067437087,9.765625e-05
00010000000100100000,22.38600094220717,9.765625e-05
00001001111101010110,38.468400574191456,9.765625e-05
01001101110101011001,16.877057989851824,9.765625e-05
00100011001010001010,21.00723223067153,9.765625e-05
00010100101101101010,40.43900220012257,9.765625e-05
10100100011000011001,25.484797798377024,9.765625e-05
00110000001010000010,19.454803749408864,9.765625e-05
10001110100100011001,28.136444019761853,9.765625e-05
01001100001111101011,23.44337270414919,9.765625e-05
00000110001011101111,36.50811586121878,9.765625e-05
01011001100101101001,25.040312849991224,9.765625e-05
11100110011000111101,23.230814660598824,9.765625e-05
01111111111011111101,17.37080090667807,9.765625e-05
00100001001111011010,34.343701185285965,9.765625e-05
11111011110010110001,27.336471849731197,9.765625e-05
00110110101011011001,17.7977537051709,9.765625e-05
00100011110111110001,38.398305224633894,9.765625e-05
11100101010011101000,17.996832839096,9.765625e-05
00011110101100001111,19.88518153442827,9.765625e-05
10010010101111010101,36.99943368831867,9.765625e-05
10101011001101001100,45.63812757139942,9.765625e-05
01001010101111100010,30.053247372600378,9.765625e-05
11010001011110110110,22.28406275678045,9.765625e-05
11101001110000001000,18.91726036888313,9.765625e-05
11010011100111101011,20.88307374692017,9.765625e-05
10101100111001100111,27.896422704748225,9.765625e-05
00001100001110111111,32.809960843461965,9.765625e-05
00101110001011111101,32.155166185953185,9.765625e-05
00001101000010000000,14.323643738481831,9.765625e-05
10000100101111100010,35.39789838024728,9.765625e-05
00010000101111100010,50.07699747427353,9.765625e-05
00111101001100101010,17.331818091918628,9.765625e-05
11000101000100001101,15.023241542390583,9.765625e-05
10001011111001000111,35.77303117101105,9.765625e-05
11111111110001100010,32.89283910054785,9.765625e-05
01011101101001001111,32.12416232042924,9.765625e-05
11001101011110000110,13.896840878677988,9.765625e-05
11111011000011010000,41.102960469020815,9.765625e-05
00101011010101110100,46.73154994625445,9.765625e-05
01111000001100000000,11.343709070385508,9.765625e-05
10001011110110010010,34.51895027427932,9.765625e-05
11100100101011100001,18.61894494471988,9.765625e-05
01110001000011011000,21.590008184782757,9.765625e-05
11101011101000100110,25.681147747464106,9.765625e-05
11111111100011100111,33.181209156435074,9.765625e-05
10100101000011100010,20.15421873067969,9.765625e-05
11111101100101100100,20.097251935899493,9.765625e-05
11000011010100111111,22.442431490469048,9.765625e-05
10001001000100100100,21.849396190294264,9.765625e-05
10110110001000011000,23.362531297170232,9.765625e-05
10111011100100011001,37.12672848476556,9.765625e-05
10100111111110111111,28.285734886349484,9.765625e-05
01001010100110110110,28.56219584296782,9.765625e-05
00000001110010100011,44.65618808271118,9.765625e-05
10100010110101010000,55.90282978130833,0.0001953125
01111111011101111010,18.899348632525303,9.765625e-05
10010011110010110101,20.84587309178756,9.765625e-05
00011111010010111000,16.956759949323594,9.765625e-05
01111011111110010110,13.857455289928422,9.765625e-05
11101110111001100110,27.17341927143083,9.765625e-05
10100110010011010011,39.16763879975366,9.765625e-05
10111110010010111100,36.53628254683907,9.765625e-05
10010000100101001110,30.393663742867957,9.765625e-05
00000000011000001110,49.18559341655647,9.765625e-05
11010011100110111010,20.535799622859937,9.765625e-05
01011101111110100011,27.57513118712524,9.765625e-05
10100011000100011110,35.8052591719058,9.765625e-05
01111001100101001010,18.82210852048642,9.765625e-05
10000011101111100000,26.08551806843625,9.765625e-05
01101010010111101000,38.95889002565855,9.765625e-05
01100010110111011110,38.05854629076389,9.765625e-05
00100001100111111111,46.04977738949282,9.765625e-05
01111101000111100011,20.10469308264734,9.765625e-05
00011100100010001001,19.359656254540884,9.765625e-05
11110011011111110011,21.94045799204889,9.765625e-05
11110011010101010000,22.413926329209517,9.765625e-05
00001111111100001100,19.211038736947256,9.765625e-05
10001011001001010101,37.48247429344225,9.765625e-05
11100010001001010000,30.733818474304016,9.765625e-05
10011010000000100101,33.85251462674623,9.765625e-05
00010010000110100001,22.374636524221653,9.765625e-05
10110100010010111110,23.141919987901254,9.765625e-05
11111001000111111110,21.13600030845221,9.765625e-05
00101000101000100010,26.025078678902617,9.765625e-05
11110100001010001101,19.154235392731067,9.765625e-05
11001011111101100011,26.130943580758924,9.765625e-05
11110001010000111011,15.710521231446979,9.765625e-05
00110010111011111001,35.00588273623863,9.765625e-05
10010111110000010010,20.110391537497414,9.765625e-05
00011001100000110000,21.095645622896164,0.0001953125
01001101100001011100,16.534682475429086,9.765625e-05
00011111011001011110,17.42326561296807,9.765625e-05
01010010100111100011,28.97935242878469,9.765625e-05
11111001001000100100,20.902533189901746,9.765625e-05
11010101011101100000,17.47536720934072,9.765625e-05
10000101001010100101,25.47039217717561,0.0001953125
11110000111001100111,16.037340907784642,9.765625e-05
11111110110101000010,27.50647224043376,9.765625e-05
01000101100001000001,24.20165968035255,9.765625e-05
00011110010111010100,19.283121543100307,9.765625e-05
10101000110010001001,42.22602598264245,9.765625e-05
11110000110011000110,14.31010722309267,9.765625e-05
10101101110101010101,26.26900180942001,9.765625e-05
01010110001011000000,20.79271285644008,9.765625e-05
10100011000101010101,43.78891348016183,9.765625e-05
11101000010110010100,36.68178507242434,9.765625e-05
10101100100010011011,24.512891848848408,9.765625e-05
00010111010011101011,20.88307374692017,9.765625e-05
00000011101100010000,26.193777456030222,9.765625e-05
10100111111001011010,20.783821234784455,9.765625e-05
01101010111011000101,34.09479686813732,9.765625e-05
00000001000001110110,32.449302156762386,9.765625e-05
00100100101111010101,33.801962423775876,9.765625e-05
10110000010010111110,30.809802801693564,9.765625e-05
11111011000001000011,44.85483580305291,9.765625e-05
01001011000001010001,21.498891183968993,9.765625e-05
10110011100001011001,21.8145088263688,9.765625e-05
11101110110100010000,33.67769879077647,9.765625e-05
00101011111010111010,28.664923659879506,9.765625e-05
01011010111101011001,25.048471177830695,9.765625e-05
11111100101110111101,11.759156474659545,9.765625e-05
10010111000100000000,18.73292879306547,9.765625e-05
10001110100110000101,29.092523742000594,9.765625e-05
00010000000000101000,25.87174971658867,9.765625e-05
10100100001011110010,26.25641989998281,9.765625e-05
00001101101111000001,18.628673991591196,9.765625e-05
11110100111111011011,12.727186761177354,9.765625e-05
11101000001010000100,23.574813139236433,9.765625e-05
01000011111111101000,30.149426521152506,9.765625e-05
01110111110000100010,26.70399848186176,9.765625e-05
00011010000110101101,26.42417122183692,9.765625e-05
11010110000101010101,13.916896524544708,9.765625e-05
11110010101110111011,20.99567521688394,9.765625e-05
10110100001111111010,20.736136156867925,9.765625e-05
01000100000100110001,19.12321302575898,9.765625e-05
10001101010110001011,20.3107280715054,9.765625e-05
00001010111000001100,40.29819841809105,9.765625e-05
11010101011111000010,23.662843129544864,9.765625e-05
11100000001010100100,20.798031539321432,9.765625e-05
10101010110010010110,59.187485704208115,9.765625e-05
00100001100011011111,36.75743650165095,9.765625e-05
00011011111001011101,24.649415909792424,9.765625e-05
11010111001001001100,25.241544240314752,9.765625e-05
10110011110101001100,19.549749489718817,9.765625e-05
11000111110000010100,10.504881855060745,9.765625e-05
10001010010111101010,50.38628618243442,9.765625e-05
01001100010100001001,15.144560588323882,9.765625e-05
10000110100111110100,28.693610577260607,9.765625e-05
11100000011111001100,32.74584626097932,9.765625e-05
11010111100111000010,24.467163797793063,9.765625e-05
11000111111111010110,16.736136156867925,9.765625e-05
01000111011010100000,21.738478386582738,9.765625e-05
10101000000111111010,48.75852779085611,9.765625e-05
11101101010100100001,22.931041148311017,9.765625e-05
01000100010000000010,17.74189591732376,9.765625e-05
11001110010001011011,24.621877761384177,9.765625e-05
00111110110001100010,20.36025308308371,9.765625e-05
01010000001011100100,32.452113183763444,9.765625e-05
00011111110000101100,20.204168805074982,9.765625e-05
01101110001111010010,18.76692587177434,9.765625e-05
00110011010101011001,21.568266576921374,9.765625e-05
10001110001110100100,26.749147705573076,9.765625e-05
11010100110000101111,18.666970963330115,9.765625e-05
10110101111011010001,15.283897749837445,9.765625e-05
11111001000101010001,27.37217622191828,9.765625e-05
00110100000101100001,11.673484026878382,9.765625e-05
10000110101100110010,28.066743646222076,9.765625e-05
00000111001000001010,21.78328842186992,9.765625e-05
10011101010001011110,18.163010008314473,9.765625e-05
01010000111110100000,35.09093782975951,9.765625e-05
10001100101111111101,31.092491799612787,9.765625e-05
00101100101111100001,22.04070803314907,9.765625e-05
10101110000110100101,46.2747768610521,9.765625e-05
00110000100110001001,24.484831541702253,9.765625e-05
11101011000010100110,33.26347719311596,9.765625e-05
11010101011111110100,18.51895027427932,9.765625e-05
11100010111111111100,38.22594530496278,9.765625e-05
11100110111111111001,22.828657101718775,9.765625e-05
00010100001101111100,32.263708740205914,9.765625e-05
10111011100101000100,36.913688251657135,9.765625e-05
10010100010110110001,16.031348348628274,9.765625e-05
11000111111010001011,22.606295575210776,9.765625e-05
11101011010010101100,31.31395382799262,9.765625e-05
01101000001111000000,23.624925929774673,9.765625e-05
11100000111011111001,33.86030806536711,9.765625e-05
01101100011101000110,14.471294341600855,9.765625e-05
10100010111011101000,42.85556029225424,9.765625e-05
11110001111001010100,8.276446917052649,9.765625e-05
00010001010010100101,26.125561605830526,9.765625e-05
11000010001001011101,28.378754671969954,9.765625e-05
11100010110101011100,37.222307284043865,9.765625e-05
10110000111110101000,24.82802122392105,9.765625e-05
11111011000010110010,37.12490310785897,9.765625e-05
01011101000001000101,20.968934192416256,9.765625e-05
10000101100000110010,22.049543660070974,9.765625e-05
00000011001000011110,26.670683420335344,9.765625e-05
01110101000000110000,29.365411846971874,0.0001953125
11000011000001110000,14.745072127810667,9.765625e-05
10001111101011111111,20.184606406426713,9.765625e-05
01011110111110010001,9.651276135453056,9.765625e-05
11110110110100000101,14.615245705322408,9.765625e-05
01110011001011101000,22.33539012160777,9.765625e-05
11000001110000100100,11.54154690012908,9.765625e-05
00101011011110000110,30.57623843053926,9.765625e-05
00100100000101000000,17.389460319352832,9.765625e-05
00110000010000100000,16.636527499989445,9.765625e-05
00011011111000110001,21.532054281905772,9.765625e-05
01010101011110010011,31.030037049016354,9.765625e-05
00101100101100100000,16.50703682148171,9.765625e-05
01100100110110011010,22.797984321539552,9.765625e-05
00111011100100001101,25.08833886860146,9.765625e-05
10110000111101110100,33.05034370117415,9.765625e-05
10011001000001010101,22.75766561134944,9.765625e-05
11100111000010101111,27.478755681970878,9.765625e-05
01110010110001000000,13.159798203856093,9.765625e-05
10100011101011111101,32.53751776685847,9.765625e-05
11110011111011100000,15.606286623594883,9.765625e-05
01011001100111001101,23.91571724955018,9.765625e-05
10011110011101011011,24.667554574265182,9.765625e-05
01011110000011000010,18.86236097395701,9.765625e-05
11010000100111110101,24.849024325061258,0.0001953125
01100001000000110001,20.055203370773235,9.765625e-05
00000100111111111101,63.922810903961526,9.765625e-05
00001001110001110101,34.94366118707818,9.765625e-05
10100101011100011000,19.8472802731282,9.765625e-05
11110001100010101010,23.41757477058645,9.765625e-05
10111010010101110100,61.80396650994674,9.765625e-05
10111111001111000010,29.78990192740605,9.765625e-05
10000011011001001110,27.695970622670348,9.765625e-05
00110110101010101010,24.375695897617558,9.765625e-05
00100010110101011000,50.69169070034023,9.765625e-05
10101000000100100000,39.9699162129729,9.765625e-05
01110011111100110001,16.090239286320728,9.765625e-05
10011000000000111010,22.510502440220723,9.765625e-05
10111000111111111000,32.39373494165073,9.765625e-05
11111010100100100000,30.82917467810826,9.765625e-05
11110100110111111110,14.381085572141622,9.765625e-05
00011101011100111001,16.684198636716964,9.765625e-05
11001010101011010110,29.829983681667134,9.765625e-05
00110100100101010010,12.737112757379483,9.765625e-05
01101101011010000000,15.293833432076536,9.765625e-05
10110011101010010111,24.46411470947762,9.765625e-05
00001100110000111101,32.54249435540257,9.765625e-05
00110101101111110000,23.533936785553443,9.765625e-05
01100011110010001110,15.752192254855911,9.765625e-05
00001110000111111000,22.52368462264436,9.765625e-05
00111011011010000010,17.03594786397671,9.765625e-05
00100110110111010010,30.564469703525614,9.765625e-05
00111010101101110110,35.22942612775085,9.765625e-05
01010111100011001000,31.75724637090333,9.765625e-05
00001001010000110001,26.83592554117964,9.765625e-05
11111000101111001010,17.446979386248685,9.765625e-05
00100100101000001000,22.37150466302187,9.765625e-05
10111011100000001100,34.87872426931348,9.765625e-05
10111110110000000100,37.01922447308419,9.765625e-05
00100001011011111110,41.488888678112055,9.765625e-05
11111011011111111110,24.441354633063852,9.765625e-05
11011001010000111000,13.652850288088693,9.765625e-05
11000001100010101111,27.9033262549905,9.765625e-05
00111111000001010001,27.54098783709324,9.765625e-05
10110011010010111011,25.949921257894072,9.765625e-05
01111111101011101101,26.344219801203593,9.765625e-05
00000010100001000010,34.338566234127654,9.765625e-05
01011001001111000001,18.888226269214975,9.765625e-05
00010111110000010010,20.5998465272908,9.765625e-05
00001010110000110111,51.03134834862827,9.765625e-05
00011100001111101010,20.28406275678045,9.765625e-05
00000001100100000100,27.227644691705265,9.765625e-05
11001100111111111110,21.092491799612787,9.765625e-05
01101011100110011100,23.70295412701104,9.765625e-05
00111101111100011100,14.649722165599776,9.765625e-05
11000101000001010010,14.769868363635773,9.765625e-05
11011110011101011001,16.121963962474123,9.765625e-05
01010110000101001010,17.996832839096,9.765625e-05
10100001001011110111,34.11297645908978,9.765625e-05
11010110011000001100,14.917260368883131,9.765625e-05
01001010001000101100,22.39354213870859,9.765625e-05
00101110110101101101,41.17051654156573,9.765625e-05
00111101000000001110,23.16502545650448,9.765625e-05
10000011011101011100,34.26614967043538,9.765625e-05
11000001010111001001,22.032125278946666,9.765625e-05
01110100011001010111,11.133128710266469,9.765625e-05
00001100110010010110,28.355223721327263,9.765625e-05
01101110110100001010,22.274005986823184,9.765625e-05
11100001001101011110,19.220051239181,9.765625e-05
00010100110000000101,21.91057876682106,9.765625e-05
10001101100000000010,16.88275653182911,9.765625e-05
00101011110000101010,28.362456861083913,0.0001953125
10011001100111111001,22.664923659879506,0.0001953125
10101010001101110100,68.56855867355983,9.765625e-05
00010110011000101111,26.930932783395594,9.765625e-05
00100001111111100110,41.867653036118966,9.765625e-05
10101111111111010111,32.43570834710942,9.765625e-05
00110010101101011100,30.98130562980781,9.765625e-05
11110010110011000000,16.965008553342837,9.765625e-05
00110001111011010010,24.143226199563372,9.765625e-05
11001101111000000011,16.67924306375297,9.765625e-05
00100001101010000000,23.27549593020835,9.765625e-05
00100010111101011100,56.95786878159261,9.765625e-05
01001011110111010001,23.708581160904423,9.765625e-05
10010011101011101110,25.78930410265089,9.765625e-05
00001101110111011001,24.277432687159976,9.765625e-05
00100001010000011100,26.814949082395017,9.765625e-05
00111101111111111101,16.855521460979215,9.765625e-05
01000000111101101110,57.18245281088086,9.765625e-05
00111001010010111000,21.151418124136658,9.765625e-05
01001000100001100000,22.237036242326486,9.765625e-05
10011010011111110011,40.524129781864815,9.765625e-05
01000111111010100110,29.998034315790186,9.765625e-05
11101100110000110010,12.265255526904719,9.765625e-05
11101110101111111001,24.345853627188262,9.765625e-05
01001100101010101000,25.91845466242284,9.765625e-05
10010011010100001010,16.72964255252077,9.765625e-05
00101100011100110010,21.975228665100722,9.765625e-05
10110001010000100010,15.155189089597902,9.765625e-05
01110011100010111011,25.245556221671347,9.765625e-05
01111011101110000100,18.040724782327636,9.765625e-05
01111000101010100001,15.839417802274244,9.765625e-05
00111011010010101111,23.580490676473435,9.765625e-05
11100111000011110000,23.630324653881644,9.765625e-05
00111001110110001001,18.963087207580326,9.765625e-05
11110010001001010100,25.638127571399423,9.765625e-05
10110110011011110011,25.39366331355397,9.765625e-05
11110001100010111011,23.273272780134235,9.765625e-05
00000011011101001001,31.161914328162215,9.765625e-05
00010011000000100101,17.70295412701104,9.765625e-05
10011101101101010001,12.825576125666727,9.765625e-05
00111101100010101100,25.411125722666483,9.765625e-05
00000101101101110111,39.78048179171342,9.765625e-05
10101001011010101011,29.84593086582251,9.765625e-05
00001010001100111000,39.108194648384426,9.765625e-05
11110101010000010000,19.382660644702213,9.765625e-05
00110100110110000010,14.928866537185066,9.765625e-05
11101001000011111100,22.661963134343274,9.765625e-05
00111001011000011011,18.643673720473082,9.765625e-05
01110011111111000011,15.506823111722857,9.765625e-05
00110101110110010110,18.745424642605947,9.765625e-05
01011000011101111011,26.544558958106915,9.765625e-05
01100000001001010111,28.26203152268708,9.765625e-05
00101100001101011111,28.28406275678045,9.765625e-05
01110011111011000101,12.769986348687478,9.765625e-05
11011011000000001101,27.88936172220339,9.765625e-05
11001101011100010010,12.731555169999288,9.765625e-05
00010000100100001011,34.38432372468833,9.765625e-05
10111000111001101010,22.85528057003909,9.765625e-05
01010001000110010111,26.689431211033757,9.765625e-05
10100100000010011010,24.09322595280523,9.765625e-05
00000100111101010000,38.625623749632204,9.765625e-05
10100011010010011011,36.81917571466194,9.765625e-05
10010101100001011111,22.576238430539256,0.0001953125
01010000000001110101,24.694756869929527,9.765625e-05
01101010111110011001,35.787926899346054,9.765625e-05
00111010001010010010,24.908355616746945,9.765625e-05
01100011001101100101,22.958478093322135,9.765625e-05
01010111101001010000,28.31772405903279,9.765625e-05
10001010110011111110,52.717378680132555,9.765625e-05
01011100100100011110,18.372211521622496,9.765625e-05
11110001110011111110,16.12041532512907,9.765625e-05
01011001001101111011,25.383411150644886,9.765625e-05
10110011111011000100,18.736546972979156,9.765625e-05
11111011100110010010,30.83566910400367,9.765625e-05
11011110101010101010,22.494211812489162,9.765625e-05
01100101110100101100,21.435224051506857,9.765625e-05
10110111100110101111,20.92890222912356,9.765625e-05
00000011011001010110,30.864091514015044,9.765625e-05
11000101011110100100,19.54595997414159,9.765625e-05
10000111010110111000,18.03979868556935,9.765625e-05
00001111111111000001,16.421331784018868,9.765625e-05
10000101011101001111,26.050334015137192,9.765625e-05
01101111111010101110,18.794783700737767,9.765625e-05
10110001101100100101,16.05507189507304,9.765625e-05
00001111101110101000,18.34334867049069,9.765625e-05
10110011110100100000,17.996832839096,9.765625e-05
11110001101011011000,19.586237219321514,9.765625e-05
01001000010101010000,28.316394671094876,9.765625e-05
01100010100001011000,23.83466723201164,9.765625e-05
10111010011110100010,35.96171207784399,9.765625e-05
01110011000000100001,22.86051135425828,9.765625e-05
10100111001010010000,25.576935308835665,9.765625e-05
11100001110101011100,16.962599685514043,9.765625e-05
01011110011101100110,15.040405200149136,9.765625e-05
01000011010100000101,16.24705125300631,9.765625e-05
11110100101010100010,22.53332402938031,9.765625e-05
00000100001010111000,38.505116210140265,9.765625e-05
00111111101111001100,15.960331979012745,9.765625e-05
00011101111110001110,25.9033262549905,9.765625e-05
11011010101011001010,21.80107627410814,9.765625e-05
00101011001011011111,32.883073746920175,9.765625e-05
11000100101110000010,24.650858685104538,9.765625e-05
00010111001101010110,18.44428464173859,9.765625e-05
01110001101011000000,22.892598231243905,9.765625e-05
01101110111101101001,24.442431490469044,9.765625e-05
11110001100000101010,19.411125722666483,9.765625e-05
10001000110111111001,56.081173396056776,9.765625e-05
10010110000111111100,19.88518153442827,9.765625e-05
00111011110100110010,23.759146788622587,9.765625e-05
01111011111000100111,17.213129051285875,9.765625e-05
01000100110011100011,36.900496503209396,9.765625e-05
00110001100010111011,31.741637749514396,9.765625e-05
10010111000010101000,23.21174288552534,9.765625e-05
00110010110010001100,22.70335443553705,9.765625e-05
01100110111010100000,19.69379619704827,9.765625e-05
00101000111110101100,48.19686747082536,9.765625e-05
01101001111001110000,16.45403306068382,9.765625e-05
00100110110000011001,25.93000471103583,9.765625e-05
00100000111011111010,59.556966811018206,9.765625e-05
10110110010000011010,24.96362166400105,9.765625e-05
11101101111101111010,12.076822672530191,9.765625e-05
11110010011000011101,21.104700695115795,9.765625e-05
10100100100101001001,20.786086231263212,9.765625e-05
00110110111010000110,19.427087190945976,9.765625e-05
10101110001100111111,43.22018896731436,9.765625e-05
10111011010100011001,45.764246010014375,9.765625e-05
11001101000001011100,12.534682475429086,9.765625e-05
00001100110001111000,28.54249435540257,9.765625e-05
11011101000001010001,21.822843066322797,9.765625e-05
01010101011110111011,41.536798610575026,9.765625e-05
01011111100001101001,28.884648819480752,9.765625e-05
11011100001010011011,16.473821467522086,9.765625e-05
11010011111011010010,19.00230528650441,9.765625e-05
01111000011111110000,16.931886480262435,9.765625e-05
01100010111011100110,32.71432959181712,9.765625e-05
10000100101011010101,33.51326838351359,9.765625e-05
11001101110010101011,18.555036492003623,9.765625e-05
00100010000110100100,40.00118813907356,9.765625e-05
01110010001001010010,18.57689720114189,9.765625e-05
00111000111001101011,26.343701185285973,9.765625e-05
10111000000011101000,27.512940660427645,9.765625e-05
11011011100011000110,22.139772008334518,9.765625e-05
11100101000110010100,16.398517170873696,9.765625e-05
10000100100011011001,26.703904292307072,9.765625e-05
01011100100011100100,21.423674748154752,9.765625e-05
10100101111001110001,18.410109262191572,9.765625e-05
00100000000011110001,43.37085307557371,9.765625e-05
00001011111000000000,21.39227685352617,9.765625e-05
00110000011011011101,37.727087140737765,9.765625e-05
01101001111011000010,14.911695914251911,9.765625e-05
10101111110100000100,38.24155319193064,9.765625e-05
00001101011001101000,17.58510061268955,0.00029296875
10010001111011101001,30.514889715062097,9.765625e-05
00100110111011100000,28.05033401513719,9.765625e-05
10000011110111000111,36.14322619956337,9.765625e-05
01010000010001101110,28.971939703693664,9.765625e-05
00110000011001101000,26.169478428308356,9.765625e-05
00110011110100110001,19.68756837372726,9.765625e-05
00000110001001011101,28.2479987082798,9.765625e-05
10100011101100011010,28.193362813671264,9.765625e-05
11000111011101001000,12.603964675039103,9.765625e-05
01000011100000011011,23.45177775024202,9.765625e-05
00110110111111101110,26.241659934976052,9.765625e-05
00100100010001100001,24.80238683929899,9.765625e-05
10101101011110000010,21.299444331199556,9.765625e-05
01101011001011010110,19.87854531034165,9.765625e-05
11110011010000000100,20.878724269313473,9.765625e-05
10010110100010001001,15.512940660427645,9.765625e-05
10111111100101110011,27.581681711073415,9.765625e-05
01000001001010001010,35.18020374203241,9.765625e-05
00100100011110101110,39.422828703418446,9.765625e-05
11010010001000001100,15.69774194261667,9.765625e-05
00100011100110001100,22.915389439337037,9.765625e-05
01111110010001010100,25.21174288552534,9.765625e-05
00010110010101000011,15.576826209499181,9.765625e-05
00010000000100110011,32.4044921214752,9.765625e-05
11111010110111001001,31.870602601961835,9.765625e-05
00100100110110000010,26.481703419213336,9.765625e-05
10100110000101111100,37.111686909479026,9.765625e-05
00010001101010101100,46.063944791948614,9.765625e-05
11001011101011000110,18.51387842966418,9.765625e-05
01101010010000111011,37.58579778525321,9.765625e-05
11101101111100110101,13.24678673484021,9.765625e-05
11100001110001001101,14.951806911718089,9.765625e-05
01110111011000001010,25.6848360488044,9.765625e-05
01000110000000010000,11.803638699733586,9.765625e-05
00000101001101101010,33.04579309537197,9.765625e-05
10001000001010100000,26.46408962350102,9.765625e-05
10010111000001100101,18.782279758957696,9.765625e-05
01010000101100100010,35.55852940039209,9.765625e-05
01111110100001101010,24.86236097395701,9.765625e-05
01000001001010001110,33.77944719918703,9.765625e-05
10001011110010011001,31.83941780227424,9.765625e-05
11001010001110101111,30.72402395380209,9.765625e-05
10010010000100101011,24.48724152575623,9.765625e-05
01101001100010000001,19.996832839096,9.765625e-05
00010110000100000000,11.343709070385508,9.765625e-05
01000101100110000111,33.57875650687758,9.765625e-05
10001000111111001010,49.13347933699713,9.765625e-05
01100110100001101010,21.698222488668538,9.765625e-05
11111000111111111000,18.5063399431853,9.765625e-05
00101011111111111000,36.373653682116746,9.765625e-05
00001001001111110000,28.12196116532438,9.765625e-05
11001110000110101100,18.227361525046504,9.765625e-05
10111100110011100111,17.966841510990204,9.765625e-05
01010110001011111100,25.283121543100307,9.765625e-05
00100000011101000000,41.16425655787703,9.765625e-05
00111111011101011011,16.70386554815925,9.765625e-05
01001111101101011011,18.05955794716955,9.765625e-05
01101111010000010000,27.30143937862732,9.765625e-05
01110100000001100001,16.07149502719313,9.765625e-05
01100100001111011111,26.348425847614052,9.765625e-05
01011010100110010100,18.181228430541957,9.765625e-05
01000000010100110101,36.78207187197936,9.765625e-05
01001101000011111000,18.170618664887797,9.765625e-05
01000110001100001111,23.229796213682622,9.765625e-05
11001011111001010010,21.759156474659548,9.765625e-05
11100100001010011111,20.091057768776505,9.765625e-05
00111001101110001110,18.80472471548508,9.765625e-05
11100110000000111101,24.63253187632545,9.765625e-05
00000011000000100000,17.346519362965495,9.765625e-05
00100001101101111000,35.513268383513584,9.765625e-05
01111100100010010100,14.628703136829266,9.765625e-05
00000111100110000100,17.163915617183324,9.765625e-05
10100011100001000100,25.46622323140678,9.765625e-05
11101010111111010010,42.92655186975078,9.765625e-05
10101001111011011010,30.733268090252988,9.765625e-05
11010111100001111010,26.577979663686385,9.765625e-05
10100001111010100101,30.198961218767774,9.765625e-05
01100100111011110101,28.10461648586532,9.765625e-05
01110100000111101011,22.206425269160338,9.765625e-05
00111111000000100000,32.28332130042067,9.765625e-05
00111011010101010110,32.002376278147125,9.765625e-05
01100101100100101100,23.991526552274145,9.765625e-05
00010011011011000011,20.82646217695779,9.765625e-05
11010110010110010001,9.160867448792828,9.765625e-05
11110011000011100001,25.92526076376103,9.765625e-05
11100110011100000010,23.82845189187732,9.765625e-05
11110110001111111101,18.78195495303435,9.765625e-05
00000011011000011110,30.114380919568056,9.765625e-05
10010010111001010100,33.69912809753739,9.765625e-05
11100110101110011000,16.727559360831428,9.765625e-05
10111011111111111110,29.353417101676726,9.765625e-05
00111001001001011110,19.624511287415714,9.765625e-05
01000101011101010100,17.223578076398567,9.765625e-05
01010111111111111001,26.54736236179969,9.765625e-05
11000100011111101010,27.311958693437653,0.0001953125
01010110010001100101,15.213434387168292,9.765625e-05
01001011100000001011,22.661963134343274,9.765625e-05
11010110011100100001,12.327060545641608,9.765625e-05
01010100010011100011,26.30687716278556,9.765625e-05
01011001110100111011,24.16490491886146,9.765625e-05
11110010010100000000,21.57360636251003,9.765625e-05
01101000100011111101,34.26203152268708,9.765625e-05
01011101111011100111,26.832756611814233,9.765625e-05
00001001101110010000,28.992467765954288,9.765625e-05
11111101100000010101,26.404636901910365,9.765625e-05
11101101101001100100,14.632531876325451,9.765625e-05
10111110100100000001,32.05811129735153,9.765625e-05
10100011001011000100,28.33821634181806,9.765625e-05
00110000011100111100,33.542131234645396,9.765625e-05
11110001100001110010,15.775448131079436,9.765625e-05
01011111110111101011,18.414695559932248,9.765625e-05
11110100010110010001,8.07491527879651,9.765625e-05
01010001110001000000,19.538321965190132,9.765625e-05
10010111100011111111,22.303953395704166,9.765625e-05
10001001100101111111,34.587512397680946,9.765625e-05
10110011100101001000,17.581564823856095,9.765625e-05
11000111010001111100,9.583899343135426,0.0001953125
01100011101110101001,26.493690573676197,9.765625e-05
01010000011000011110,27.72055905864432,9.765625e-05
10100010011000011100,49.92603571888761,9.765625e-05
01001110010111101100,18.471294341600853,9.765625e-05
11000011101011100101,20.069156241921917,9.765625e-05
00011010111101010100,38.2087061932694,9.765625e-05
10000110011111001110,36.02931498636668,9.765625e-05
11111101101011010001,22.103813087445744,9.765625e-05
10001100011011111011,28.73343237361474,9.765625e-05
10111011011111000110,34.34091315989666,9.765625e-05
11001100011111011010,16.411079621109785,9.765625e-05
00110001011111011101,28.35982774763566,9.765625e-05
11000000111011100000,30.8971178037434,9.765625e-05
11110101101110001111,26.25411034707687,9.765625e-05
10100000110100001100,40.76573221468868,9.765625e-05
01111101111100001011,17.266823732214267,9.765625e-05
11110111001101100101,24.83566910400367,9.765625e-05
10001110011101101100,35.15831992210936,9.765625e-05
01111001100101011110,17.91176690589462,9.765625e-05
11001101001100010110,13.570388626917397,9.765625e-05
11001110110000001001,19.30076187240482,9.765625e-05
10111001100010000000,20.858600428953785,9.765625e-05
01010111101100100100,32.020171928357684,9.765625e-05
00101111010001110110,27.428054290924447,9.765625e-05
11111001000001110011,24.467185243435466,9.765625e-05
01010110101101100011,26.84316586409077,9.765625e-05
11001101100000001010,20.879946239249122,9.765625e-05
01110011111101010101,13.171234974267927,9.765625e-05
00001111100100010011,18.551903907222588,9.765625e-05
11111011111001100111,23.529686231383632,9.765625e-05
00001110111011000100,26.58287465462588,9.765625e-05
10001110011100010000,34.11478214801901,9.765625e-05
11000000010010101011,28.246084338531706,9.765625e-05
10000110110000011101,27.767328754527846,9.765625e-05
01011101110111110100,16.51895027427932,9.765625e-05
00100100100010001100,27.419667489840535,9.765625e-05
10010011101100100111,24.073880904250004,9.765625e-05
00000110000011100110,28.339504003364194,9.765625e-05
10110101101011110000,21.39852715117791,9.765625e-05
11100101000011110011,20.013739238130317,9.765625e-05
01101001011010100010,14.585726793610512,9.765625e-05
11100011101111100101,23.604365277832372,9.765625e-05
00010010001010101011,31.353530576178127,9.765625e-05
01110000010111001111,24.340334059921545,9.765625e-05
11101110101010101000,23.42955121032403,9.765625e-05
10111000000001000000,30.517058808175946,9.765625e-05
00001101001110100101,18.52368462264436,9.765625e-05
01110100101011101000,31.771622836026854,9.765625e-05
10110101000110101011,21.738060299780173,9.765625e-05
10000001101100100101,31.26837562849905,9.765625e-05
00110101110010010110,21.409601240986376,9.765625e-05
11001000010001100000,19.89515368085494,9.765625e-05
01011010010100000000,15.94576906171347,9.765625e-05
00101000101000101000,30.006269669725654,9.765625e-05
00010101100101001001,23.99551529789074,9.765625e-05
11101111000010011001,39.03491067064428,9.765625e-05
11010100010110111010,16.101850542572457,9.765625e-05
00011000011001000010,22.264822148925898,9.765625e-05
10101010001011101000,47.47506186261849,9.765625e-05
00000111111100000001,20.78423587714341,9.765625e-05
11001100010011011010,13.720269650392211,9.765625e-05
00000101000001000010,19.135470939981282,9.765625e-05
10110101110101111011,13.303053941301467,9.765625e-05
10111101011010100010,19.4023558906741,9.765625e-05
11000000111011010001,34.79860339065105,9.765625e-05
01000110111100100010,27.070829927869944,9.765625e-05
01011011111001101100,17.4909128816177,9.765625e-05
10100010010110100000,48.352474734353024,9.765625e-05
00110010100000010000,19.338630984177016,9.765625e-05
00010010001101000000,22.60761311641604,9.765625e-05
00110100111101011100,22.875693084229816,9.765625e-05
01110100100011001111,24.66784910788546,9.765625e-05
00111011001011101100,21.481164462672474,9.765625e-05
10010001110101111010,26.849024325061254,9.765625e-05
10100010100011000100,41.217147578594584,9.765625e-05
00011010011100101010,25.615205845359057,9.765625e-05
00100100010111000011,29.491763720741407,9.765625e-05
00011110000101010001,16.121963962474126,9.765625e-05
11000001001111100011,29.77631835311687,9.765625e-05
01111110110100011100,18.204168805074982,9.765625e-05
10101000001010011001,42.20320189060038,9.765625e-05
11001010011011000100,31.21350808883354,9.765625e-05
01011010011110001101,17.57780281001074,9.765625e-05
01010000110101000101,25.323347168711436,9.765625e-05
11011001011010001100,14.138281966982337,9.765625e-05
10011011101111010001,25.080731464048366,9.765625e-05
10000110000110100100,24.51269653218397,9.765625e-05
01010111000000010001,24.969376522010975,9.765625e-05
10111001010001100001,24.306702175538344,9.765625e-05
01011001001010110010,24.889055564772708,9.765625e-05
10101110111010100110,34.4630998925089,9.765625e-05
11101100101011001010,15.69822248866854,9.765625e-05
01100111100001111011,21.48217519915319,9.765625e-05
00101011111001100001,31.52129710208129,9.765625e-05
10011111000111101001,16.837518723702402,9.765625e-05
00111100011001101011,13.271419628864697,9.765625e-05
01111011100001010111,24.347932258208818,9.765625e-05
01001001011111110010,24.312610498865688,9.765625e-05
01011101111100001011,26.049566857982953,9.765625e-05
00111001111000100101,15.422215016524003,9.765625e-05
11100000101111111000,30.938757146555776,9.765625e-05
00110110011001011110,22.1139662772091,9.765625e-05
10110001001111111010,25.0690818058356,9.765625e-05
11011010000111101011,23.986074935690276,9.765625e-05
10110100011010010111,20.84587309178756,9.765625e-05
11111001000010111111,23.60078782809815,9.765625e-05
11101010011100011100,49.59027009130299,9.765625e-05
11111010101000100100,27.680203736634226,9.765625e-05
11011011101010010010,24.37756589644235,9.765625e-05
01100111010100101000,20.142058439615862,9.765625e-05
01001000011111011010,36.82058309230282,9.765625e-05
01100010101011110010,30.041773648138317,9.765625e-05
01111000001110100101,15.645597776258134,9.765625e-05
11000011001111011000,17.645597776258132,9.765625e-05
10101000100010000001,35.868280653406046,9.765625e-05
10100001101101100101,28.07788276950734,9.765625e-05
00100000100100100000,32.537775934667835,9.765625e-05
00111111111001011100,18.820251924773267,9.765625e-05
00111011110101101001,25.130150613593738,9.765625e-05
10101110001111111111,42.613307708348344,9.765625e-05
00110111000110001100,18.07390109787218,9.765625e-05
10010100110011001000,19.589404380225513,9.765625e-05
11100001010111100101,23.647322161850017,9.765625e-05
10100010111011101101,52.721524329612734,9.765625e-05
00011100000010101010,20.156483727158452,9.765625e-05
10011001001010111010,23.11133275117756,9.765625e-05
00000100000011101101,37.55807841880077,9.765625e-05
11111101001011101111,25.057021956759634,9.765625e-05
00110001000111000111,19.01141972655635,9.765625e-05
11011001001000001000,21.038640720422187,9.765625e-05
10101010011011101000,53.520819353179164,9.765625e-05
10111110000100101110,36.45039439247105,9.765625e-05
10010111001001000011,22.723064102469095,9.765625e-05
10001110101100100010,24.4923026664859,9.765625e-05
10011110001110100010,18.91190734405053,9.765625e-05
01110110111010100111,19.854567764112375,9.765625e-05
11011111110000010011,25.653264293993608,9.765625e-05
11010101110011011000,21.880485293757,9.765625e-05
01110010110000010010,12.654321593821013,9.765625e-05
01100111100011111110,20.57857901674788,9.765625e-05
11100010110110010101,37.162037586667594,9.765625e-05
00000001111101110100,50.481294071944234,9.765625e-05
01111110001110101100,20.270941879962567,9.765625e-05
00011000110010111101,37.40252621928551,9.765625e-05
00100100100000111000,25.088973706871048,9.765625e-05
10011100100101010010,13.899651171257977,9.765625e-05
00001111101011011100,16.48724152575623,9.765625e-05
11000101101101100001,20.652885892899988,9.765625e-05
11101000010100000001,36.938279397653645,9.765625e-05
11010011011010101110,17.644621910167636,0.0001953125
00101011101110111000,29.21252524672863,9.765625e-05
10001111111101110111,26.26269853216417,9.765625e-05
01000100000101010010,18.513306491207363,9.765625e-05
10000111000011010101,17.5998305996605,9.765625e-05
11110010101110000100,17.43199287497456,9.765625e-05
00001001101010011011,36.81928147872786,9.765625e-05
00000111001110110010,24.95944419708829,9.765625e-05
11000000111111111011,51.98265274137108,9.765625e-05
10011000111111000100,31.820106202776984,9.765625e-05
10001001000110010101,31.182175885815447,9.765625e-05
11000111101011000100,16.792712856440076,9.765625e-05
01011001011010010000,15.092523742000594,9.765625e-05
10101100011000100001,25.67167522489596,9.765625e-05
01010100110101110111,26.735574933136384,9.765625e-05
10011100101110100011,14.71433395618567,9.765625e-05
11001010101001100101,30.828665846194603,9.765625e-05
10110010000101001001,33.30874073451312,9.765625e-05
11100100001111101110,22.60663651590448,9.765625e-05
00101110011110111111,37.020928675893714,9.765625e-05
10101010001111110110,63.377854581113205,9.765625e-05
01100010101100111101,34.449302156762386,9.765625e-05
00100011010100111010,33.38532624397423,9.765625e-05
10010010010110000011,27.555807180728664,9.765625e-05
10001011101011100110,25.303744578004526,9.765625e-05
11100010110011101101,33.14241095441115,9.765625e-05
11011100001010000000,17.255004381844145,9.765625e-05
11010101011011011100,21.739377840985437,9.765625e-05
11111011010001000111,38.97946234966943,9.765625e-05
00111000000001100001,22.509069350945566,9.765625e-05
11010100011001101100,16.891467866205293,9.765625e-05
10100100101001001100,22.25865282322108,9.765625e-05
01100100110101010100,16.415146236416486,9.765625e-05
01011010000001111001,23.390959312320906,9.765625e-05
10000100100001001010,22.87892155073957,9.765625e-05
01100000111101010000,30.8971178037434,9.765625e-05
11111100101010010010,14.549321804416156,9.765625e-05
10000100001110110000,26.425803072220123,9.765625e-05
00111110101100110111,19.409826095532814,9.765625e-05
00010011111110111001,32.19612178094972,9.765625e-05
10110111111001110111,20.06251304182088,9.765625e-05
00100100001010100100,27.196867470825364,9.765625e-05
01000001110111000010,33.10923808331021,9.765625e-05
00000010100111101010,48.42718400339601,9.765625e-05
00001010100111100001,42.81928147872786,9.765625e-05
00010100001001110000,25.625289050531848,9.765625e-05
11010000100011011100,21.589404380225513,9.765625e-05
00000001110100001100,35.96608123188336,9.765625e-05
00111101011000000110,13.461614117148592,9.765625e-05
00101010110101000000,53.66416067075012,9.765625e-05
00111000010111001010,27.142410954411147,9.765625e-05
11001000110000011000,19.158356250501903,9.765625e-05
10001111111101100010,20.439298905688013,9.765625e-05
10100000001011101001,40.61978309351682,9.765625e-05
01100110000000100001,21.409248726191095,9.765625e-05
10010111011001100010,21.25333341675848,9.765625e-05
11110110110101000111,16.447930373092984,9.765625e-05
10011010011001010110,43.2579577242259,9.765625e-05
10001100111011101001,26.58100557572603,9.765625e-05
11111001110010000010,16.04072478232764,9.765625e-05
11101100011011001110,19.228832830778828,9.765625e-05
00101100110101001100,30.876105016566232,9.765625e-05
01011000000001001001,19.048802225347387,0.0001953125
11100101000110110011,21.116576067251287,9.765625e-05
11011101001110011111,21.42805429092445,9.765625e-05
00010011001010100000,21.05989065982861,9.765625e-05
10001011010001100101,37.74917520730496,9.765625e-05
00111110000001100101,28.696089702311045,9.765625e-05
00011100110010011101,22.58287465462588,9.765625e-05
00000011010011001100,22.54694814875472,9.765625e-05
11011011010100110110,21.550962693542445,9.765625e-05
00100111111010111100,25.23624526160259,9.765625e-05
11101010111011111101,42.21907463866944,9.765625e-05
11000111100111011010,14.844603344313029,9.765625e-05
10111100111011111101,20.31058961979079,9.765625e-05
00001111111010010000,16.214455544107032,9.765625e-05
10111111101100010000,30.761148077643696,9.765625e-05
01101001000011001010,19.867866011047095,9.765625e-05
00100110010111011100,35.97006791477128,9.765625e-05
11111010000100010000,43.70915100415657,9.765625e-05
11011010111011000101,22.43906436510462,9.765625e-05
11011110000010011100,22.44567317458656,9.765625e-05
11001001110100001110,16.833164060178895,9.765625e-05
01110101001011010111,24.395539368468228,9.765625e-05
01010110001011010110,23.087371219705794,9.765625e-05
10010000011011011001,35.20767181872289,9.765625e-05
10010000010001001100,24.90822655680203,9.765625e-05
01010001011001111101,29.417162838250036,9.765625e-05
00000001001011011111,47.04519117887934,9.765625e-05
01101101010101010110,11.821273081712016,9.765625e-05
11000111010011001001,12.867923785082038,9.765625e-05
01010100100000011000,27.174036195628823,9.765625e-05
10001100000011111100,23.17090183154656,9.765625e-05
00111001010010010101,20.355464405127336,9.765625e-05
00010100010001001011,22.809802801693564,9.765625e-05
00100110001011001000,21.88317379667375,9.765625e-05
10110001000011100110,20.41431695169857,9.765625e-05
00100111010001001100,18.44334136532977,9.765625e-05
11001101100001011000,13.164348995162143,9.765625e-05
01011010111011000010,18.53854589981163,9.765625e-05
01101110010111000110,26.350203496280926,9.765625e-05
10000100110010100100,28.847907177630404,9.765625e-05
01100001001001111110,23.77257653289369,9.765625e-05
01101000101001000000,18.833164060178895,9.765625e-05
01010000101100001000,30.18188720114459,9.765625e-05
01111000001010100100,14.250873750909152,9.765625e-05
00001000100011010000,36.897124045336746,9.765625e-05
10110001010110110010,21.377437130764687,9.765625e-05
11111111111000110010,29.593062056689234,9.765625e-05
01111000011101010111,19.356347110351468,9.765625e-05
10100000001011100100,38.98829808576439,9.765625e-05
11101000100101110010,27.833822107200277,9.765625e-05
10111111111010101011,22.747779660614537,9.765625e-05
00110110001011010010,17.885004044298572,9.765625e-05
11010010101010101000,18.932240638563904,9.765625e-05
10111111011011110000,29.253393987943163,9.765625e-05
10111100101001010101,18.22978652764567,9.765625e-05
11101000000110001010,28.002148811954818,9.765625e-05
00011110100110011001,14.252382429914178,9.765625e-05
00001001001010101100,25.767328754527846,9.765625e-05
11110100100110000001,10.961369063581792,9.765625e-05
11011001100010011001,21.429304372057814,9.765625e-05
10010110111111001011,22.07273024721254,9.765625e-05
01110100010101110001,9.009358960939545,9.765625e-05
01110101001010101011,43.32982033446832,9.765625e-05
01111110000101010000,25.085717825756618,9.765625e-05
10001010111000000000,39.322994653916155,9.765625e-05
10000010111010100000,37.02035401657454,9.765625e-05
10000101111010010110,31.248894631111693,9.765625e-05
10000111000111000111,20.06915279747831,9.765625e-05
10101110100000100110,38.11858181856452,9.765625e-05
00000111010011000010,16.11210968149595,9.765625e-05
01010111110111111101,19.836423043550145,9.765625e-05
11000000010000010001,19.38413810490067,9.765625e-05
00000100001010000110,35.08426246929079,9.765625e-05
11110011001010101010,25.62770789866486,9.765625e-05
10001110101111010010,27.882373962710638,9.765625e-05
01111101100111101001,24.389090320548267,9.765625e-05
11110111001000100011,37.84522501427402,9.765625e-05
10000101010100001010,19.39227685352617,9.765625e-05
00001111011001010111,19.561543313958538,9.765625e-05
01011100100101111110,20.806215578795182,9.765625e-05
10010011000101001011,19.28199035610377,9.765625e-05
11000010011010101000,20.30947247235994,9.765625e-05
11001101000111011010,14.234237709351948,9.765625e-05
10001000111100100000,36.928164042952986,0.0001953125
00001001011110001100,30.322619049972282,9.765625e-05
00101001110110000001,29.107446237646425,9.765625e-05
01010110000111001111,19.187262836102974,9.765625e-05
10111101011011111011,17.06257081585583,9.765625e-05
10011010011111011001,39.860298379330146,9.765625e-05
00010001001000110011,33.87393684337732,9.765625e-05
10011011000010100101,24.70267096035228,9.765625e-05
11000111000000100011,24.096971479263274,9.765625e-05
00000101101011100111,45.07609186540468,9.765625e-05
00011000000010110111,28.090242730764338,9.765625e-05
11011011101001011010,23.88805313261401,9.765625e-05
01110001000011111111,26.953569699271007,9.765625e-05
01011110111000100000,16.600219334084937,9.765625e-05
01001000000001001000,21.227644691705265,9.765625e-05
10100010100000001000,31.53276259850871,0.0001953125
01010010000111001001,18.963087207580326,9.765625e-05
00111100110111001011,14.187191844460266,9.765625e-05
10000101110010110010,27.210672095459092,9.765625e-05
00011010110111010011,35.842008965459954,9.765625e-05
00001110001000001010,20.114756523511932,9.765625e-05
10011100000100100001,10.043828972483512,9.765625e-05
11110010101000100010,18.516139981699332,9.765625e-05
11110100011100110111,9.470038018874144,9.765625e-05
11011001100010011111,21.531139710581215,9.765625e-05
11110011010100000000,21.165025456504473,9.765625e-05
00001011010100100001,29.86227302599567,0.0001953125
10001100101010000101,22.611789038199284,9.765625e-05
00100101111011000001,22.16157338746851,9.765625e-05
11111111101110110011,27.67984196586429,9.765625e-05
00010110010010010110,21.14191998790125,9.765625e-05
11101010000111011010,47.66039324769951,9.765625e-05
10011101110010001111,19.976693805527077,9.765625e-05
00110100001011000010,17.890676885481398,9.765625e-05
10011001110110011001,22.339504003364194,9.765625e-05
00111111001110000011,17.50449592862587,9.765625e-05
01100110010000110010,18.95038369398376,9.765625e-05
11100100100011000100,14.608573789297294,9.765625e-05
11100000001011101010,26.228761839136116,9.765625e-05
11100110001010010111,24.786939671236418,9.765625e-05
01110101110010101001,33.02437190742919,9.765625e-05
11101111000011110101,33.7181815075891,9.765625e-05
01010100111000011101,28.42207747389451,9.765625e-05
10111100010000111111,22.844154947789026,9.765625e-05
01010110110100010001,9.569448354798384,9.765625e-05
11110001101011010100,15.91362350160777,9.765625e-05
10111110111011101010,22.1923827687161,9.765625e-05
00011110011110111110,20.410109262191575,9.765625e-05
01001011010100100011,22.968001119643557,9.765625e-05
00111110000100111011,22.543463343445666,9.765625e-05
00100000010001000001,38.42726468107567,9.765625e-05
01110011101011110001,22.303953395704166,9.765625e-05
01011110000011000000,17.813802876853302,9.765625e-05
11010010110101011110,21.46519780847617,9.765625e-05
10011010000011110101,38.23596209494383,9.765625e-05
00010111100001010110,21.53113971058121,9.765625e-05
11110111110001100101,19.545539177316478,9.765625e-05
01100101101101000110,17.64087311393005,9.765625e-05
01001011010010011100,14.424583154173337,9.765625e-05
00101011010001001010,33.77635102992574,9.765625e-05
00110110111111101101,24.143226199563372,9.765625e-05
01100111101110101101,24.606295575210773,9.765625e-05
10000111101111110110,24.867891108273167,9.765625e-05
01100100100000110101,17.954199939453435,9.765625e-05
01010000100011100001,33.73834691088254,9.765625e-05
00101010001101100011,49.03003704901636,9.765625e-05
00000001001000010000,25.653191228782397,9.765625e-05
01011101001111101101,24.685124733475256,9.765625e-05
10100111011111000010,25.191429071849257,9.765625e-05
01111010101111010110,22.34691027972181,9.765625e-05
11110101101110110001,23.413609544180755,9.765625e-05
00011001111011011101,31.536810908257852,9.765625e-05
01011111110001010100,16.62779752796041,9.765625e-05
11100111110101110110,16.869831178815723,9.765625e-05
10101001000011111010,30.44428464173859,9.765625e-05
10110010110000011000,25.58197946621505,0.0001953125
10010010000000010000,22.741649079057545,9.765625e-05
11010110110101111001,9.009358960939545,9.765625e-05
01100110111111101000,24.07788276950734,9.765625e-05
00001101100101000101,15.158583716694208,9.765625e-05
00000101111010000100,35.11849906731636,9.765625e-05
10100110101000110110,30.143243047118617,9.765625e-05
10001111101101000001,20.103761467876947,9.765625e-05
01110010111011010000,16.251238748891126,9.765625e-05
01000100111001000110,31.91718937724042,9.765625e-05
10101100000110101011,26.279372757702532,9.765625e-05
01110100001011101110,29.97380627971103,9.765625e-05
01110010111100011101,18.623554058978065,9.765625e-05
01100110001000110110,20.34736302977454,9.765625e-05
10000100010000000111,26.654736236179968,9.765625e-05
00111010011011000110,30.722503738113854,9.765625e-05
01100001000011001100,18.85714414176665,9.765625e-05
01011100101011100000,24.466673478577036,9.765625e-05
11101110011110101101,31.207929350078203,9.765625e-05
11011100101000100100,16.12922065316936,9.765625e-05
11010101000101101011,24.330195938412203,9.765625e-05
11100100111100110101,16.107876818475503,9.765625e-05
11100101011110101110,21.16293901667177,9.765625e-05
00110001110001000010,13.279748176142531,9.765625e-05
00010000100101001000,31.69477279755983,9.765625e-05
00011000011100101000,24.28279373288716,9.765625e-05
01011110110010010001,11.025393064367938,0.0001953125
11011111101000011000,31.92171434773916,9.765625e-05
01001000101000000001,22.76387561897553,9.765625e-05
00110111011110100111,17.659842129227414,9.765625e-05
00100001110110101010,37.65604244784209,0.0001953125
01010110100010010011,22.235962094943833,9.765625e-05
01000111111111010101,18.958458634121026,9.765625e-05
00101001000111101111,33.13957775818644,9.765625e-05
11000111000111111000,12.234237709351948,9.765625e-05
11011010001010100000,19.39390181502216,9.765625e-05
00101001100101001110,26.91267251476347,9.765625e-05
00001010111011001000,40.384323724688336,9.765625e-05
10101000111110111010,46.508890914312374,9.765625e-05
11100101010000101110,17.711838772652246,9.765625e-05
00111100001100001010,10.73753093130925,9.765625e-05
10000111101110011110,23.97659617152878,9.765625e-05
10000111100001000010,16.661963134343274,9.765625e-05
11110001101010110000,20.793666553306917,9.765625e-05
00101000111110001110,46.071613099781686,9.765625e-05
01001001000110010001,19.947323031566746,9.765625e-05
10101011111100110011,45.65412827443768,9.765625e-05
11111101101101111101,15.069586175457133,9.765625e-05
00001010111000101010,39.02507867890262,9.765625e-05
10010010001001111010,30.80018306129879,9.765625e-05
00011011100111001001,18.37350533722512,9.765625e-05
00000011000110101101,28.130328103723436,9.765625e-05
10011111111111010101,17.080731464048363,9.765625e-05
00000101110101010001,25.004030504894036,9.765625e-05
11110100110110010000,6.331669659899797,9.765625e-05
10110001111101001001,16.074904672834613,9.765625e-05
01110000000101010101,17.384307797058028,9.765625e-05
11011100011111010111,10.846878321096,9.765625e-05
10110000011110110011,31.417548335370924,9.765625e-05
10100111110100010011,26.122571211474973,9.765625e-05
01111110110001101110,20.867923785082038,9.765625e-05
11001010000110000110,31.20165968035255,9.765625e-05
11100110010111001001,26.025313855530403,9.765625e-05
01011001100101010001,19.372423060184495,9.765625e-05
01010111110111001001,18.42309780887534,9.765625e-05
10011001001000011111,24.165820300894463,9.765625e-05
01100110010001110101,23.106608088849477,9.765625e-05
10010001111000110000,22.778920638705664,9.765625e-05
00000011110010101100,28.58562717317092,9.765625e-05
11111010110000110100,30.874932168668934,9.765625e-05
11000100001110111011,26.270545798969074,9.765625e-05
10000111000100111010,19.24864957214671,9.765625e-05
10111101010101010111,21.255453072635405,9.765625e-05
00001111001000011111,19.871761476194123,9.765625e-05
11111011110010101100,22.998738257228204,9.765625e-05
01011011101101010101,19.446378389680998,0.0001953125
11011101001100100101,19.380668110996737,9.765625e-05
00101111001011111110,19.703881475789554,9.765625e-05
01001010100011010010,25.074234328130405,9.765625e-05
11000010000100000000,20.22674876887337,9.765625e-05
11101101110110110101,15.763881136987628,9.765625e-05
01111101101101100100,17.918817870307223,9.765625e-05
00000010101011100000,41.57909120597794,9.765625e-05
10010100111001011111,29.494031514369905,9.765625e-05
01111000100100011010,16.075210928641965,9.765625e-05
00101011000001011100,37.41112572266648,9.765625e-05
00010000001110010100,35.542131234645396,9.765625e-05
00000010001000010100,35.09407843543512,9.765625e-05
10111111010111111000,29.711529992326227,9.765625e-05
00100011001001001101,24.9191863127328,9.765625e-05
00011010010000100000,21.69641368668612,9.765625e-05
00000100101101100001,38.41738561922798,9.765625e-05
11110000001011101110,21.829514709716836,9.765625e-05
11110110010100000001,19.76803914469928,9.765625e-05
01011000000001000010,15.897743777524296,9.765625e-05
00000001000111011010,39.1139627456383,9.765625e-05
01100110111111011101,24.72534058592223,9.765625e-05
00100001101010111101,41.35354650380843,9.765625e-05
11011001101010010000,20.603068752207207,9.765625e-05
01010101101011000001,44.656628523831614,9.765625e-05
01100011110010110111,22.570128679806807,9.765625e-05
01110101111111111100,27.178886200827144,9.765625e-05
11111101111100101011,15.936678689789623,9.765625e-05
01010100110000000010,23.62904407752297,9.765625e-05
00100100100110011000,26.46133245715999,9.765625e-05
00010100011000010100,23.094078435435122,9.765625e-05
01100011110110110011,26.285734886349488,9.765625e-05
11010110101100011001,12.886173338988883,9.765625e-05
01111110011110010011,11.644639911366438,9.765625e-05
00000111011011111001,24.60070706329128,9.765625e-05
10011100111011001001,16.585617487133966,9.765625e-05
01000111101000110001,26.359391736374786,9.765625e-05
11110001110111110100,12.60156467128934,9.765625e-05
10001011111111010110,39.86502928325158,9.765625e-05
10111010001000101100,39.41301969165234,9.765625e-05
01111000101100010110,12.914991840833569,9.765625e-05
00000010110000000101,40.54680436453188,9.765625e-05
01100000000110100100,26.065164051861718,9.765625e-05
10100111010100010000,29.810051294305786,9.765625e-05
10010101010000011100,17.574813139236433,9.765625e-05
10001011101010100011,26.452767051920155,9.765625e-05
01111000010000100000,11.706185303543332,9.765625e-05
01111001000011000010,18.800177641253708,9.765625e-05
10100010111011110010,50.348198675689005,9.765625e-05
10111011101111010110,30.839236867700947,9.765625e-05
00111101101100111101,17.455943985988313,9.765625e-05
00011001011100011001,22.202478369948384,9.765625e-05
01000110011110110001,22.02066832575247,9.765625e-05
01000011101000100001,25.47039217717561,9.765625e-05
01001111010111110101,11.853523594765528,9.765625e-05
00010101111010111110,52.96261311026186,9.765625e-05
10010100111011101100,32.11623127368786,9.765625e-05
10000111110110011001,18.637728045962316,9.765625e-05
10110100010111011101,22.27134937164305,9.765625e-05
10100010111001000110,48.327831234366656,9.765625e-05
10010010100000100011,23.645597776258132,9.765625e-05
00000100100100111100,38.895890626254754,9.765625e-05
01100110110010100001,19.70103278124853,9.765625e-05
11100001101001100110,14.753465632277925,9.765625e-05
01110010101011110010,23.611213040480994,9.765625e-05
10100101011010101010,25.162939016671768,9.765625e-05
01000010000110001000,20.51730564644216,9.765625e-05
00111100110111000000,10.975742818682779,9.765625e-05
10010110001001101011,21.736207148510633,9.765625e-05
01001110110011011001,16.935657445723677,9.765625e-05
01001000000101011010,28.989657473374297,9.765625e-05
11010010000010111111,20.643673720473082,9.765625e-05
00000110100111010000,24.103700896692256,9.765625e-05
11000110010110001001,14.877672204027274,9.765625e-05
01101110000101000101,31.945506295816948,9.765625e-05
01011010100000101000,19.900005329559445,9.765625e-05
01011011101110110111,22.138842674272688,9.765625e-05
01011010001111111111,26.404956739896775,9.765625e-05
01100000101110101010,37.95804118377251,9.765625e-05
01110011110100011001,13.609164376246774,9.765625e-05
11111101101100010010,21.301091461919192,9.765625e-05
10111100111110110111,16.42419360904045,9.765625e-05
11000101010011110100,12.428347143620165,9.765625e-05
01010011000011111100,19.976693805527077,9.765625e-05
01111000101101010010,14.618944944719878,9.765625e-05
01010001110001001101,24.276590701275488,9.765625e-05
10101011001111000110,42.32602001662896,9.765625e-05
10000101010000110100,17.527108394978733,9.765625e-05
01001100101101011011,23.058948635440018,9.765625e-05
01010110011111111010,23.177970818794137,9.765625e-05
00111001111001000100,13.293264116105401,9.765625e-05
11010011111110111101,17.264832129230115,9.765625e-05
00111110100000100001,21.620936547704027,9.765625e-05
01111011110101010001,23.38620279473221,9.765625e-05
11000111010011000001,13.95387595507836,9.765625e-05
01100101000110011100,19.789438081233563,9.765625e-05
00110110010111100000,17.066352190935277,9.765625e-05
11100101110000101110,16.201293762445633,9.765625e-05
00010001110010010011,34.11203868985324,9.765625e-05
10000110111101100010,32.87298585653303,9.765625e-05
01101110000101110110,27.26314240688839,9.765625e-05
00110111101111011010,17.458049308032294,9.765625e-05
01100000111101100000,32.34082154456946,9.765625e-05
00100001110011110100,35.10923808331021,9.765625e-05
11001101011000001011,17.699314637249994,9.765625e-05
00001110101110000110,24.202478369948384,9.765625e-05
10101010001011001000,50.04765946424928,0.0001953125
11111000101110111111,18.421331784018868,9.765625e-05
00110110000100101110,21.183075340218153,9.765625e-05
10110110110110010100,22.54459163491579,9.765625e-05
11111100111010111010,10.434853965575083,9.765625e-05
00001000010101111110,58.67574278176379,9.765625e-05
11011101111100100010,18.59711339165949,9.765625e-05
01010110101000101101,29.575455982208766,9.765625e-05
00111101000011001000,20.507368897686725,9.765625e-05
10001011100001010110,32.59984652729081,9.765625e-05
11111101101011111101,20.633398741046477,0.0001953125
10100000111011111101,58.52627650941132,9.765625e-05
10011001011000000100,16.394993778099735,9.765625e-05
11001011001000101010,20.794658357867533,9.765625e-05
10110001010101010010,19.82018093313056,9.765625e-05
01110110011101110000,13.157096483331582,9.765625e-05
00110101101101000001,12.57623843053926,9.765625e-05
01100110000001011100,18.697394760329615,9.765625e-05
11010110001011001100,19.950115410075142,9.765625e-05
01110100110010001010,20.892449064804012,9.765625e-05
00000101010001101000,24.064268129029823,9.765625e-05
11110011110000001100,13.065525197017418,0.0001953125
01101000110101000000,27.674801568083645,9.765625e-05
01111111001111101011,23.60573027058159,9.765625e-05
10011101110000100101,14.727101278270467,9.765625e-05
10011111101111101001,15.037855257710392,9.765625e-05
10101000111110001000,41.79707784245459,9.765625e-05
10010001100111000110,23.832273469855227,9.765625e-05
01111111110100100000,25.131481557910632,9.765625e-05
10011101101011000000,19.78052695170899,9.765625e-05
10110011011010000110,22.710354161775307,9.765625e-05
10110111000001101000,26.501806086561693,9.765625e-05
01011111000101010101,17.623078383644433,9.765625e-05
11001001010111101110,18.73711275737948,9.765625e-05
01000011111101110011,34.84122579354821,9.765625e-05
00001111101000000001,17.69931463724999,9.765625e-05
01110111010001101100,21.61805328787986,9.765625e-05
01001011000001000100,16.451235985711595,9.765625e-05
01000100010100111110,28.857298728251628,9.765625e-05
11111111101111101011,25.60573027058159,9.765625e-05
01100110001110011110,19.64091655413205,9.765625e-05
00011100011011111010,23.01782616707206,9.765625e-05
01100111110101110110,15.802983667841822,9.765625e-05
11111110101111011101,21.692296567626155,9.765625e-05
11101110010111000011,39.740370674234384,9.765625e-05
01001111001100101000,19.386340217758498,9.765625e-05
10000010110000001111,43.229738439647676,9.765625e-05
10001000101010000010,30.020354016574533,9.765625e-05
00110110110010001110,19.752192254855913,9.765625e-05
11011101100111100011,20.349004947589165,9.765625e-05
11100110011011111011,24.306824906762714,9.765625e-05
01100100100101001110,20.725780929075643,9.765625e-05
01110001001111010111,20.35335932764178,9.765625e-05
01101011001111101001,27.202776827783403,9.765625e-05
00010010000110111110,34.05033401513719,9.765625e-05
00000100001101001100,33.04921686770634,9.765625e-05
00110000101011111101,43.11568713123018,9.765625e-05
11111101100111000011,21.32511440776011,9.765625e-05
11100001011111110101,26.752424281717005,9.765625e-05
00001001011110000000,24.055486537431996,9.765625e-05
10011001010100110001,19.733610810247924,9.765625e-05
11001111001010101110,20.765179306118988,9.765625e-05
10001111100010010110,22.457806823294803,9.765625e-05
01101100111000110001,12.608650211824905,9.765625e-05
00100100111111101011,45.17311114919505,9.765625e-05
11011101110100011000,15.164348995162143,9.765625e-05
11010011111101110000,15.212525246728632,9.765625e-05
11110000010011110000,15.640873113930049,9.765625e-05
11000011010001011111,19.820180933130562,9.765625e-05
11100101000111110110,16.51764866070436,9.765625e-05
10010101000000011010,24.874932168668924,9.765625e-05
00111011101011101101,21.65187631006282,9.765625e-05
00110010110000100000,19.606717193584146,9.765625e-05
11001111000111101000,17.069364950858173,9.765625e-05
11110111110101001001,15.835598846782034,0.0001953125
01101110101111110110,19.38245047776363,9.765625e-05
01010111111100010100,18.58389934313543,9.765625e-05
01011000011110001001,18.11438091956806,9.765625e-05
00100001101110010001,33.11868740796638,9.765625e-05
10111110101110100101,25.025383378330986,9.765625e-05
11101101101110001111,19.07108309485671,9.765625e-05
11001001011110011110,20.315742142085597,9.765625e-05
00110010111001001010,24.306336257631425,9.765625e-05
11000111101011011110,18.606295575210773,9.765625e-05
00100001011100000010,24.114380919568056,9.765625e-05
10001010101001011111,52.5063399431853,9.765625e-05
01100101101010001010,34.73504651116895,9.765625e-05
11010111110100111100,13.140201843902716,9.765625e-05
10100001011001010000,26.378754671969954,9.765625e-05
11100011111101100110,21.782860561903203,9.765625e-05
10010111010001001011,16.701020385189032,9.765625e-05
01101011010101000011,33.931880325796286,9.765625e-05
00100111010110000011,20.37733407672131,9.765625e-05
00001110110011000000,21.62492592977467,9.765625e-05
01111010100111011111,27.64343221471509,9.765625e-05
01110100110000100000,14.185346578290257,9.765625e-05
11011101101101111111,18.006561162386078,9.765625e-05
00000110011000011010,28.07455560248294,9.765625e-05
01011110000011000101,16.997783825940303,9.765625e-05
11010101010111111011,20.659967363334264,9.765625e-05
01110110010011001100,16.079463908997212,9.765625e-05
11000010110101000001,30.26614967043538,9.765625e-05
11011011111110101111,16.45264181781331,9.765625e-05
00101001100100001001,27.692663121987117,9.765625e-05
10100110000110000110,34.54990416333099,9.765625e-05
00101110001001100010,25.551293948199195,9.765625e-05
10000100001001000000,18.696138426763085,9.765625e-05
00100100011111101100,40.04753340859416,9.765625e-05
11111011000000001100,42.88951433308688,9.765625e-05
10001011000010000100,27.97998973210873,9.765625e-05
01001100110000010011,14.470359293226677,9.765625e-05
11000111010010101100,13.711838772652246,9.765625e-05
11101111000111001111,33.411067312177494,9.765625e-05
11011011100010001010,24.347149809878324,9.765625e-05
01011000111001010100,20.160449998444314,9.765625e-05
00011111110000011100,19.26814127341953,9.765625e-05
11100001111101010011,22.198036150697813,9.765625e-05
00110001111011010100,23.27968342609317,9.765625e-05
10100011011001010101,41.661818441035315,9.765625e-05
10101110101110111011,31.282118311072978,9.765625e-05
00001110111111100110,33.496944871833094,9.765625e-05
11100101001010111010,25.42694518602437,9.765625e-05
00010011000001000100,13.52823949443841,9.765625e-05
00001000001101010000,38.98619185463529,9.765625e-05
00001101110001100101,18.545792170048845,9.765625e-05
11111101010111000000,22.193524463297862,9.765625e-05
10111100101111110000,13.470038018874142,9.765625e-05
00010000010000010001,24.196867470825364,9.765625e-05
11010111101000001110,33.71755075021717,9.765625e-05
01011101001111001010,28.1276306491908,9.765625e-05
11111000110001010100,20.138223458526326,9.765625e-05
00001100000001110000,16.96013211292899,9.765625e-05
11111101001010101011,32.17631751197216,9.765625e-05
10100011000001001011,32.33539012160777,9.765625e-05
01010010011110010111,24.197984618256214,9.765625e-05
01100110110101001000,17.83466723201164,9.765625e-05
11000110001111010100,17.72026965039221,9.765625e-05
00000110111100100011,37.09249179961279,9.765625e-05
01001011000011111100,15.997786535962842,9.765625e-05
11101101001000110001,21.640659186644427,9.765625e-05
10011110100111110000,18.18470301173668,9.765625e-05
10101101111101110111,21.474675761929213,9.765625e-05
01110100011001111010,18.618944944719875,9.765625e-05
10100010011010111010,46.23598249570607,9.765625e-05
01011011001100010001,19.772668970178806,9.765625e-05
01110111110011100100,20.335390121607773,9.765625e-05
01011101110111111100,20.982719347009052,9.765625e-05
00001111011101011110,20.442431490469048,9.765625e-05
10000110010101011001,31.108844674511232,9.765625e-05
00111111101011011111,17.765762818677377,9.765625e-05
01000011001101111011,30.424193609040454,9.765625e-05
00010101110111101011,38.253403695616306,9.765625e-05
00111101010010010100,16.90531785797465,9.765625e-05
00010111110001011111,20.2838399758025,9.765625e-05
10000110100011010010,24.680961207751505,9.765625e-05
10111011010110010011,41.83187596931877,9.765625e-05
01000111011101100101,17.21252524672863,9.765625e-05
00000100010100000010,26.20757311820824,9.765625e-05
00000100111010111000,50.54057374406113,9.765625e-05
10100100001100110001,23.164946470998842,9.765625e-05
11010011011010101100,13.842235070868647,9.765625e-05
00101001001111000100,23.57780281001074,9.765625e-05
01101010111011001110,30.141752183808514,9.765625e-05
10100000111111110110,60.97413400279697,9.765625e-05
11101010010101011110,59.32652949583646,9.765625e-05
00100111010010010010,19.547298139031334,9.765625e-05
10010101010010100011,23.48632967529403,9.765625e-05
00100000010001010010,40.600123452356215,9.765625e-05
00111101111110101101,17.198055609898926,9.765625e-05
10111100101101110100,16.214455544107032,9.765625e-05
00001110001100101001,22.049543660070974,9.765625e-05
01110010001111011110,22.890509081388657,9.765625e-05
01011110100010100001,19.33181809191862,9.765625e-05
11100111111001110001,17.096884559990258,9.765625e-05
01100101000001110100,15.140201843902712,9.765625e-05
10101100100101010111,31.794607766987063,9.765625e-05
10111000100111001001,28.80472471548508,9.765625e-05
10101111010110111001,38.14180463617505,9.765625e-05
00101110111110011000,28.68222722735499,9.765625e-05
00010111100100011101,17.48068244777847,9.765625e-05
00010100110011101011,40.50805808718384,9.765625e-05
01110100100111011100,18.84174496373505,9.765625e-05
10000111011111000011,23.17982397006368,9.765625e-05
00011110000011000111,18.183614394726035,9.765625e-05
11011000111101010010,18.341428059149244,9.765625e-05
11101010110010101000,31.465975658719497,9.765625e-05
10110101111011100010,20.354481563022425,9.765625e-05
10011101010000001011,18.62779752796041,9.765625e-05
11101011010010110001,39.003526200763524,9.765625e-05
01111011000100000011,29.396738837084932,9.765625e-05
00101111100101010101,25.13138839704428,9.765625e-05
11100010010111000000,37.291903869119196,9.765625e-05
00000001001111110100,42.82058309230282,9.765625e-05
01100010010101010101,41.630560674103535,9.765625e-05
01111000110111111011,24.44406895678792,9.765625e-05
00011000000000010101,23.757843101479136,9.765625e-05
11101100101100010110,13.237648998499623,9.765625e-05
00110011110000001011,15.326456653547504,9.765625e-05
01011111110111010100,11.710521231446975,9.765625e-05
01010101111001011110,38.40258752489126,9.765625e-05
10011111101000001010,28.058111297351523,9.765625e-05
00100001000101000100,21.38528439756959,9.765625e-05
00100010100101110101,54.16673309291779,9.765625e-05
10100110101111111000,28.63800776817747,9.765625e-05
00111011100000110000,25.620936547704023,9.765625e-05
01011000010100001000,13.227644691705265,9.765625e-05
01001100111101110101,23.341778696719725,9.765625e-05
01101111100010001000,26.81274883596563,9.765625e-05
01010110010000011100,12.545012518868093,9.765625e-05
00010000101111111000,54.72804966426527,9.765625e-05
10000111101111111001,21.073925460677184,9.765625e-05
11101001001100100000,20.827227424411223,9.765625e-05
01001111010001101101,15.324182792989713,9.765625e-05
11100000000101000101,29.289992209393645,9.765625e-05
01010101110000000111,31.267171648922385,9.765625e-05
01100001011101011010,24.022447764516944,9.765625e-05
11110010101110111010,19.425288369267772,9.765625e-05
10000000101010110000,40.78207187197936,9.765625e-05
11100001010100001000,16.12137410994571,9.765625e-05
00011111111101100101,13.927016193905082,9.765625e-05
01000010010000010100,20.670446268106083,9.765625e-05
00110101100001000101,14.490293236557356,9.765625e-05
01110010111101100001,20.381085572141625,9.765625e-05
00101000100110000100,35.91057876682106,9.765625e-05
00000100110111100010,45.438931208479865,9.765625e-05
01001101100100010101,14.749147705573073,9.765625e-05
11110101010100010001,13.681147747464106,9.765625e-05
00111011010101100010,25.30465651559392,9.765625e-05
00101110111111010111,37.67337493838171,9.765625e-05
10010011110111010011,24.571904597840287,9.765625e-05
10100011110110000000,28.587538832896474,9.765625e-05
00100110101011010100,26.192344366755066,9.765625e-05
10101101110110000110,21.606707507547192,9.765625e-05
01000110101010010000,20.1763705402441,9.765625e-05
11000100101001000101,18.064268129029823,9.765625e-05
10011101000100110111,16.27624641451485,9.765625e-05
01000010101011011000,31.099878398789414,9.765625e-05
10110010100111000100,30.65858352579215,9.765625e-05
01000000001011101011,48.65618808271118,9.765625e-05
00001100010110101001,26.390407774626325,9.765625e-05
11000000101100001110,29.492914366939054,9.765625e-05
00110100010011011110,24.082150943071827,9.765625e-05
10111011000011010111,43.182943228063905,9.765625e-05
11011001010101011011,17.82047585939477,9.765625e-05
01010101110110010001,27.26493425255218,9.765625e-05
10110101001111100001,16.61230872063326,9.765625e-05
01100001111010101110,31.25061277511023,9.765625e-05
11010000110000111110,19.07555186933567,9.765625e-05
10111001111101000110,18.43906436510462,9.765625e-05
01101111001111110010,17.121628539792518,9.765625e-05
01011100010110011000,10.132627763452358,9.765625e-05
10000001011111001010,37.10923808331021,9.765625e-05
00011010010001001100,30.55579720042445,9.765625e-05
11110110011100010001,16.06935246767148,9.765625e-05
00101110001011110100,29.455943985988306,9.765625e-05
11101011001011001001,34.7754454210569,9.765625e-05
10010100111011110110,35.45679276238334,9.765625e-05
10111000001011001100,29.94309631176297,9.765625e-05
11001001111111010110,22.217221487399897,9.765625e-05
00000111010101011011,20.914609271715094,9.765625e-05
00011000010001011110,33.69912809753739,9.765625e-05
00011011100001000111,21.00598912555258,9.765625e-05
01110100000100100100,14.741649079057545,9.765625e-05
00110011101101000011,15.999327189831682,9.765625e-05
10010000000010101111,30.62355405897807,9.765625e-05
00011010010001011101,37.742955290719664,9.765625e-05
11011101000111110110,16.543463343445666,9.765625e-05
11101000101011101110,24.142867443174744,9.765625e-05
01110011010001011001,15.814508826368801,9.765625e-05
01001001001110001111,25.772576532893694,9.765625e-05
10111111000010001000,42.695690862627174,9.765625e-05
11100110000111111001,24.122571211474977,9.765625e-05
00101001011100010001,31.870175563953037,9.765625e-05
11110010110001110000,19.151418124136658,9.765625e-05
10100011101000100010,23.962654015105382,9.765625e-05
00111010101001110000,29.514848054161327,9.765625e-05
11011001101110010000,18.54095214515474,9.765625e-05
01101101011001101100,14.983695947520614,9.765625e-05
01000000000110001110,35.09360872906376,9.765625e-05
00111111100000110101,25.736342155781628,9.765625e-05
11000001110111011010,27.113962745638293,9.765625e-05
00011001001100000100,15.095587848861218,9.765625e-05
10110011110000000000,17.772648258957467,9.765625e-05
11010110000001101010,21.149626278472873,9.765625e-05
00100010111000101011,43.4940315143699,9.765625e-05
10011011110000001000,20.869241326287305,9.765625e-05
01101000110100001100,28.383190649627178,9.765625e-05
00111111111110101101,16.069152797478313,0.0001953125
11010000001110011010,23.71925120347601,9.765625e-05
11010101110010100010,32.94172284716901,9.765625e-05
10010011010101001001,16.77926970905734,9.765625e-05
01001010000000100000,20.665405555170306,9.765625e-05
11111000000101010011,26.708658394140482,9.765625e-05
00010000110101010110,44.53698839838755,9.765625e-05
11101111100100101001,32.7611480776437,9.765625e-05
00001100010001010100,24.540586227247825,9.765625e-05
00000110101011000011,31.24374210881689,9.765625e-05
11010101010100101011,21.207929350078203,9.765625e-05
10000101100111101100,23.068623429007385,9.765625e-05
01011000111011110010,26.43863555863441,9.765625e-05
00001011100001110101,29.906100219177944,9.765625e-05
01100110000010110110,20.848342443673843,9.765625e-05
00111110001101110110,23.255247052085508,9.765625e-05
10000010110010001000,31.4266865881527,9.765625e-05
10011100100101011101,17.111859311658932,9.765625e-05
01101110100100001001,24.94451971500117,9.765625e-05
01000001000010100100,23.583280345368948,9.765625e-05
00100101010010010000,18.331669659899795,9.765625e-05
11100011001010101111,24.100810013559805,9.765625e-05
10000111001000001100,18.318016911728506,9.765625e-05
10111001000000110100,27.300420931711113,9.765625e-05
10110111010011010011,23.74108910693657,9.765625e-05
11100111100000101000,24.093490656475197,9.765625e-05
10001001110101000010,27.71925120347601,9.765625e-05
01001001101000101001,28.289465648912277,9.765625e-05
10011011011101110001,29.22455855141603,9.765625e-05
01000111000011101000,20.66196313434327,9.765625e-05
00100111010101001001,19.644621910167636,9.765625e-05
10011010000001000001,36.460501567804904,9.765625e-05
01110001001100110011,21.470028332837188,9.765625e-05
01001011100011000000,15.394772847768039,9.765625e-05
00011100111000101111,26.64970344081973,9.765625e-05
10011100000000000110,19.058367821654695,9.765625e-05
11111110011010000111,28.14299005438626,9.765625e-05
00111000000000100011,18.36026276912067,9.765625e-05
00100100011010010100,28.160449998444314,9.765625e-05
11100100111110101000,18.917095274812933,9.765625e-05
10101101001111111010,19.12257047705391,9.765625e-05
10101110011000010110,48.42686344182835,9.765625e-05
00011011100000100100,19.4377456702558,9.765625e-05
11001011000111100111,25.48217519915319,9.765625e-05
10000110111110000011,32.38525525233152,9.765625e-05
10001101100000101100,16.498605943741744,9.765625e-05
10100111010110011100,28.14952042727975,9.765625e-05
01111000101101010000,14.914991840833569,9.765625e-05
11100010100000100001,25.69177344074857,9.765625e-05
11100010010000100001,32.646015950187895,9.765625e-05
00101011101110001100,26.27644691705265,9.765625e-05
01001100001001010100,11.52710839497873,9.765625e-05
00011100001111011100,20.35868934006628,9.765625e-05
11000101000010001100,20.121380351539056,9.765625e-05
11101100001011100110,16.856694287240334,9.765625e-05
01110101010101000000,12.849166308346678,9.765625e-05
10011001111011000110,20.708098764206305,9.765625e-05
11001101100111110110,11.474762681202227,9.765625e-05
00000101000111111011,34.96132045914261,9.765625e-05
01110111001111011110,20.02700470987949,9.765625e-05
10101010011001101010,55.43774149139113,9.765625e-05
01010001000111111101,31.774660594799148,9.765625e-05
00001101111011001111,28.62066308871841,9.765625e-05
00011001010011010101,20.649415909792427,9.765625e-05
10101001010110101010,32.18402903708499,9.765625e-05
00011110101111001000,15.640873113930049,0.0001953125
10110101110100111010,15.514848054161327,9.765625e-05
01001110011001011111,20.442431490469048,9.765625e-05
10111101011111101001,14.703823701754606,9.765625e-05
11101100010111000101,26.924416275403722,9.765625e-05
00101000111011001001,45.046167779390906,9.765625e-05
00100101111001101000,25.06862342900738,9.765625e-05
00111110000000000001,26.722287895731952,9.765625e-05
00000101100011000000,25.40541374510156,9.765625e-05
00101000010110000000,38.70556286133324,9.765625e-05
01001010100110000000,21.666328120357786,9.765625e-05
01000011111001000110,20.623554058978065,9.765625e-05
10101001100001001111,30.005138482729123,9.765625e-05
01011100001100011111,15.455953672025265,9.765625e-05
01011011111000000100,14.697394760329615,9.765625e-05
00010101110001010011,24.774718368834087,9.765625e-05
11101111111010111010,20.947209557065346,9.765625e-05
11110011001011001000,22.337311467370277,9.765625e-05
10000011010101011101,37.50941747479375,9.765625e-05
00001110010100110100,30.86861713180764,9.765625e-05
00100111010100100110,22.740331537852278,9.765625e-05
10011101010101010010,14.103761467876943,9.765625e-05
00010001001001000101,23.072470718619563,9.765625e-05
11100011110000000101,19.95011541007514,9.765625e-05
11110101101011011110,26.25411034707687,9.765625e-05
11101110111110111011,23.282118311072978,9.765625e-05
00010100101000010111,34.11162215942967,9.765625e-05
01010111111101100011,27.011189942985443,9.765625e-05
00010101010010101110,37.123799112544866,9.765625e-05
10011110010111111000,20.55503649200362,9.765625e-05
01111000000110000100,15.20225443532689,9.765625e-05
11010000101000110011,24.161202147893185,9.765625e-05
11110100010100010100,7.900005329559445,9.765625e-05
11000010100100010000,20.191278751765815,9.765625e-05
01111101100011001101,25.702941730951544,9.765625e-05
01000000100001001010,34.54680436453188,9.765625e-05
00001101110111011111,28.6874911404912,9.765625e-05
00001111110011001001,15.978543425225809,9.765625e-05
01001110101000011101,18.510502440220723,9.765625e-05
00101010011001011001,57.31857283542782,9.765625e-05
11011100111001001001,11.091807197363018,9.765625e-05
00010011000110101000,17.884227837561426,9.765625e-05
11010110010100001111,13.394772847768042,9.765625e-05
10110001010011001011,20.102999457727062,9.765625e-05
11101111100010111001,29.44122929019362,9.765625e-05
00011010001010000010,19.16395746358797,9.765625e-05
10101110011111100010,40.536217073208455,9.765625e-05
00111111101111010001,13.464288031582461,9.765625e-05
01100100101010111010,31.48917362407205,9.765625e-05
00101110110001010000,33.111686909479026,9.765625e-05
10001001100010111101,28.315742142085593,9.765625e-05
00101101000001010101,17.916896524544704,9.765625e-05
10001100011110001010,24.46782872286184,9.765625e-05
11001111110111110110,13.409826095532816,9.765625e-05
01111011101010011001,23.250461905699932,9.765625e-05
11001110110100000000,20.080600603166033,9.765625e-05
01010111001011101101,31.473122613624202,9.765625e-05
10000000011000011101,47.689544685535154,9.765625e-05
10110110101100101001,15.997786535962844,9.765625e-05
01011111100010111111,28.38036650298538,9.765625e-05
10001011010000100000,29.653472730298784,9.765625e-05
11011011110111100111,17.500152115622683,9.765625e-05
01000110001000010000,14.227270867062625,9.765625e-05
11100111101010111001,22.511654250901742,9.765625e-05
11001101011101001010,13.586709635715417,9.765625e-05
10000011010110011011,34.7571559200595,9.765625e-05
00011011010110011000,18.128536258059647,9.765625e-05
10100001000101010101,33.178324977095606,9.765625e-05
00100111100110100001,19.98608462172723,9.765625e-05
10100000101100110010,37.223565593211866,9.765625e-05
10101101011100101000,21.48762681573706,9.765625e-05
00100001000011000100,20.853373176305407,9.765625e-05
10001111010010011001,24.069352467671475,9.765625e-05
11001111100001110110,17.193211122712704,9.765625e-05
11111011101010101110,24.518931636626476,9.765625e-05
00011010110010100100,24.750628697342346,9.765625e-05
11101011111011110010,24.772572364868836,9.765625e-05
10010010111000000010,24.340480603875754,9.765625e-05
10011000110101011010,32.689781837764414,9.765625e-05
01010011001110001001,21.468069406661908,9.765625e-05
01110111101000010101,23.179085958147517,9.765625e-05
11000011000001011111,18.887028444104462,9.765625e-05
10010001100110110101,25.915871836035155,9.765625e-05
11011101011010011100,19.202318450955183,9.765625e-05
00111111100111100011,15.584640250168354,9.765625e-05
01010001100010100010,41.93698570165422,9.765625e-05
00000001011100100011,41.935992144824034,9.765625e-05
10011001100100111110,21.72026965039221,9.765625e-05
10011100100010100010,16.161208389486532,9.765625e-05
10101100101010100010,18.096518642083335,9.765625e-05
11100000001110101010,26.09173620572031,9.765625e-05
01001010000110110011,28.77641423484559,9.765625e-05
00100001001010111010,34.09890179827786,9.765625e-05
11100101001011110100,16.844154947789022,9.765625e-05
11111110110110111011,17.644639911366433,9.765625e-05
11111110011000011100,30.79785569269793,9.765625e-05
11111000010011010001,24.728665952009216,9.765625e-05
10101001101010000101,26.486287828889388,9.765625e-05
01100111011010011010,18.490750584697246,9.765625e-05
10110101011111100110,18.160661537006312,9.765625e-05
10111111010111111110,29.391890927091293,9.765625e-05
01000011000111111110,24.31058961979079,9.765625e-05
11010000010100111110,18.055486537431996,9.765625e-05
00111110110101110010,21.47002833283718,9.765625e-05
00000011001101010110,30.5063399431853,9.765625e-05
01110101001101011001,19.719318027093866,9.765625e-05
10110101000111100100,17.48723881573369,9.765625e-05
10001110111000010000,28.332386204537375,9.765625e-05
11101011001001001001,38.637221962530575,9.765625e-05
10000111101001100010,21.111332751177564,9.765625e-05
00100101010110000000,17.59131874997361,9.765625e-05
01110111011111011110,14.960157198905588,9.765625e-05
01000110011011110101,24.040708033149066,9.765625e-05
01001011110100001110,19.803353753773596,9.765625e-05
00111010001100111010,29.455943985988306,9.765625e-05
10010100011011001000,21.183980949087,9.765625e-05
00100101111010111000,32.949057103195585,9.765625e-05
11110110000001100000,27.324347887059915,9.765625e-05
10000011001001000111,28.608152170923923,9.765625e-05
10011100011001101000,13.72615029142617,9.765625e-05
10011100101000110111,18.422391783072452,9.765625e-05
10111110100001000001,34.637221962530575,9.765625e-05
11101001110011010101,23.82018093313056,9.765625e-05
11100111011010000011,25.416639074918407,9.765625e-05
01010000011011001100,30.443192198889875,9.765625e-05
01100001101101010101,22.38526149392487,9.765625e-05
10001101010101011101,22.132872098836096,9.765625e-05
10101110110011101000,35.515192526425835,9.765625e-05
10011010100010000010,25.518002819005826,9.765625e-05
01100010110011011101,34.77200721692256,9.765625e-05
01101111010011011001,22.473796588275892,9.765625e-05
11001100001010111111,15.930061750649713,9.765625e-05
11010100000010011101,16.565690606944905,9.765625e-05
01001011100011110111,21.47180425087067,9.765625e-05
01101011010110111101,31.486329675294026,9.765625e-05
10111011111110100011,24.999500511936525,9.765625e-05
00101010100010001000,34.538321965190136,9.765625e-05
11110001001001100000,16.96362166400105,9.765625e-05
01110011000101001001,18.414719197998032,9.765625e-05
00100100010101000011,26.216267790533056,9.765625e-05
11011111110110000101,18.55222973099444,9.765625e-05
10111011111010110100,28.360253083083713,9.765625e-05
00101000110000110100,42.051131237454435,0.0001953125
10001111101000000011,23.9843664777287,9.765625e-05
00101011100001011001,35.151395954913006,9.765625e-05
10101111000010000100,41.77311452088523,9.765625e-05
10001000000111010010,43.04579309537197,9.765625e-05
01010000101110001001,37.94062622545562,9.765625e-05
11001001001000100100,12.185278100369846,9.765625e-05
11101001001111110001,25.85352359476553,9.765625e-05
10111010100101010100,52.19065286511212,9.765625e-05
10111110011111101100,31.20375342829496,9.765625e-05
11010100111011000110,24.817374084994178,9.765625e-05
11000110011100111010,18.776683976756527,9.765625e-05
01000110101100001011,26.459602113402198,9.765625e-05
11100010011001010001,38.03323782829036,9.765625e-05
11010100101101110001,15.87801866273308,9.765625e-05
11001001000101110001,20.025591091054917,9.765625e-05
01000111101010010001,24.529872673129223,9.765625e-05
10100110100100111110,31.01057968969478,9.765625e-05
10110001111011000000,15.279748176142531,9.765625e-05
00011000101000000001,21.06893501732296,9.765625e-05
01011000100101101100,24.58504283865461,9.765625e-05
10001010011001110101,61.160712040759584,9.765625e-05
10100011011011110111,42.21607363835199,9.765625e-05
10110000001011101011,28.187191844460262,9.765625e-05
00010010010010010100,25.183980949086997,9.765625e-05
01010100011111011111,31.15593334310742,9.765625e-05
00110010000011110110,32.2838399758025,9.765625e-05
01111100101010011100,17.720218117950616,9.765625e-05
00001011000101011001,32.26900180942001,9.765625e-05
00010111100111111000,22.00429335791776,9.765625e-05
01100000000001111111,34.26203152268708,9.765625e-05
01101110000111010100,25.918817870307215,9.765625e-05
00010000100111100111,48.9143711995609,9.765625e-05
00110111101101101011,18.30395339570417,9.765625e-05
00011001100111110100,24.920538724328292,9.765625e-05
11010111101111111101,20.10182148446159,9.765625e-05
01000011011100010000,16.75007995679751,9.765625e-05
00000111100011111111,28.71503645041774,9.765625e-05
10101111111000100000,29.32617086440306,9.765625e-05
00101101001111110010,13.745643255559042,9.765625e-05
00010000111111101111,66.33697867838038,9.765625e-05
10001101000110010101,18.503625532334034,9.765625e-05
01011001000101100001,17.69752812409443,9.765625e-05
00011001010101111100,24.43408933293951,9.765625e-05
00011111110111000001,9.857455289928422,9.765625e-05
10000011101100001001,24.5371171640652,9.765625e-05
00001011010011000000,21.08834782021735,9.765625e-05
01111011110110100001,19.136000308452203,9.765625e-05
00000110001110000100,24.155783110151173,9.765625e-05
00001101011011100101,18.63800776817747,9.765625e-05
00100111001111010010,16.804730233497178,9.765625e-05
11000001000001011100,12.064268129029823,9.765625e-05
10001010100101010101,60.309148400857666,9.765625e-05
11111100001110011101,15.268747787999319,9.765625e-05
10010111101111001011,20.374449348055006,9.765625e-05
10110100010110000000,13.338630984177021,9.765625e-05
10001101000001100101,14.622939637662558,9.765625e-05
10011000000101010111,35.25726429037311,9.765625e-05
01101100010001101101,21.226985921102635,9.765625e-05
01111111011100101010,24.046473398744205,9.765625e-05
01000011011100011010,22.2097246401856,9.765625e-05
00100110001110001011,24.969905617850824,9.765625e-05
00101110011111011101,41.30315846418698,9.765625e-05
10110111101010101011,26.191419385812303,9.765625e-05
01110011111011100101,16.585028799088917,9.765625e-05
01010010100110111101,26.864091514015044,9.765625e-05
01000100100101111111,37.71462336443778,9.765625e-05
11111000001010000111,18.86792378508204,9.765625e-05
01101000011001011111,33.65997153135912,9.765625e-05
00110110101110110001,17.342920810523967,9.765625e-05
11100110111101010101,24.527417480411827,9.765625e-05
11011100101011010000,14.54095214515474,9.765625e-05
01010100011110011101,25.05417868226369,9.765625e-05
01110111011101001101,13.615068215192721,9.765625e-05
10101110110001000000,43.685250691163354,9.765625e-05
00010010000000110111,30.80018306129879,9.765625e-05
11000110010001011111,19.839417802274244,9.765625e-05
10111001010101100001,25.525253687330203,9.765625e-05
00101000011001110110,46.27841552926488,9.765625e-05
01111010111010101010,16.04184463978103,9.765625e-05
01101110011101101010,23.455943985988306,9.765625e-05
11100001011011101000,18.97574281868278,9.765625e-05
10100111010100100100,29.202318450955183,9.765625e-05
11111000101011000000,16.30882067777172,9.765625e-05
00001111011100111110,21.486364251416997,9.765625e-05
01111101001010100111,26.040824402767228,9.765625e-05
01000100101010111010,47.49811053657592,9.765625e-05
11101011011010001001,33.349966344051666,9.765625e-05
01001001010100100101,18.880735576466826,9.765625e-05
11010111001001000000,28.79880667954223,9.765625e-05
01111010101101011110,25.06635219093528,9.765625e-05
00010010110100111110,39.689781837764414,9.765625e-05
10110101101100011100,16.5656906069449,9.765625e-05
10011101010001100001,12.50370809807832,9.765625e-05
10110010010010101001,27.91362350160777,9.765625e-05
00001100101100101011,29.883685262322555,9.765625e-05
10011110001001100000,23.00811835870308,9.765625e-05
00111000110011111100,35.15877278092548,9.765625e-05
11000111000011101101,15.041684720787828,9.765625e-05
11101011101001000111,31.250461905699932,9.765625e-05
10110100101010100100,20.932240638563904,9.765625e-05
11000101001011010101,17.498891183968993,9.765625e-05
00111110010000101111,26.112238447173606,0.0001953125
01110101011010111011,32.05285145502147,9.765625e-05
11110111100000011101,25.80126978983516,9.765625e-05
10110010100010110111,32.34691027972181,9.765625e-05
00000010110101001100,50.39592529490311,9.765625e-05
01101011000100101100,28.77868628362614,9.765625e-05
00000100100111110011,44.88328051314061,9.765625e-05
10001001000111111011,32.86789110827316,9.765625e-05
10111101011111110111,15.333461076249595,9.765625e-05
10110011010110001101,24.19103453598528,9.765625e-05
00011000001101101100,30.129653111223238,9.765625e-05
01010111000001001111,26.1868339096199,9.765625e-05
00111010011010000111,28.423097808875333,9.765625e-05
00011100001111111011,21.11219328717804,9.765625e-05
10000010111000011101,47.91718937724042,9.765625e-05
11000001110101100001,20.159473397932754,9.765625e-05
00000001010000001100,26.12162718980527,9.765625e-05
00000001010110111111,53.38995149300278,9.765625e-05
00111101010010111101,19.710521231446975,9.765625e-05
01001011000111000010,17.71052123144698,9.765625e-05
11110000110010101010,13.454803749408864,9.765625e-05
01111110001010111101,20.66949464480774,9.765625e-05
11100011101111101100,19.44697938624868,9.765625e-05
00110001001000000000,13.267181334959343,9.765625e-05
01011101010001000101,14.151964154658959,9.765625e-05
10000101000000100010,19.862684958332085,9.765625e-05
01111111001100110111,24.064356398290087,9.765625e-05
00000011110110001000,26.169478428308356,9.765625e-05
00000000010011111011,64.67528650014025,9.765625e-05
11010011011101001110,14.853363490268451,9.765625e-05
10101000010110001100,53.03953664325408,9.765625e-05
00010010111010100011,35.86399835314868,9.765625e-05
11000010101110110011,34.234479247585945,9.765625e-05
00001000111010000000,35.847907177630404,9.765625e-05
01001110101100100100,18.156768673118442,9.765625e-05
11000101011101000101,13.158583716694208,9.765625e-05
01001110011000100011,17.29445859514898,9.765625e-05
00010101110110001100,31.1457068809928,9.765625e-05
00111001110110111011,24.11297645908978,9.765625e-05
11001000010000000010,18.322994653916155,9.765625e-05
01110010101101001101,20.612761285182113,9.765625e-05
00101001110010001110,26.217082828545227,9.765625e-05
10110000111011101101,33.310938395875205,9.765625e-05
00101110110000100001,30.540952145154737,9.765625e-05
01001010010001001101,33.229738439647676,9.765625e-05
11101000111011001001,29.465197808476166,9.765625e-05
01100011011111100001,25.0690818058356,9.765625e-05
01111111001111110101,19.35462832989888,9.765625e-05
01101111110100111010,20.96138426763084,9.765625e-05
11010000111101100101,23.526558745348773,9.765625e-05
00100001111101010110,36.63888151094589,9.765625e-05
00011110101111111011,20.536711691302017,9.765625e-05
01000101011111010101,23.896753959404975,9.765625e-05
11000101011000000011,20.540952145154744,9.765625e-05
01010111001111100100,25.79461129855787,9.765625e-05
01111001101100011101,18.362456861083917,9.765625e-05
11111010101110100010,22.64498709365349,9.765625e-05
10011111010100001001,22.22518438940189,9.765625e-05
10101011110011010101,50.70852691844029,9.765625e-05
01111001100011000100,16.91553860577693,9.765625e-05
10011010000110101001,26.5998465272908,9.765625e-05
01110000010111110000,20.26203152268708,9.765625e-05
10111011101011010101,32.928902229123565,9.765625e-05
01111001111111111000,19.26483212923011,9.765625e-05
11111101010101111101,16.999928371903245,9.765625e-05
11101000101001110110,23.39102053079946,9.765625e-05
01001111010111101011,15.561533627921582,9.765625e-05
01010010111001001111,28.571605932865214,9.765625e-05
00000100110101111100,47.51021469711099,9.765625e-05
11001110001100100001,21.09403764475046,9.765625e-05
10111101001111110011,15.137906978604644,9.765625e-05
00101001110001011110,31.465197808476166,9.765625e-05
01001100001010001101,19.211038736947256,9.765625e-05
01101010101001011100,31.868280653406053,9.765625e-05
00100001101110100001,34.39373494165073,9.765625e-05
10111111001100001110,34.6583119829438,9.765625e-05
00001001100001110010,26.411079621109785,9.765625e-05
00101101010001010101,20.24798902224284,9.765625e-05
01010110101010010001,22.71896803681725,9.765625e-05
01001011110011101110,18.53854589981163,9.765625e-05
10111011000011111111,37.7868528390906,9.765625e-05
00111100101100110101,12.879579597760955,9.765625e-05
10000110000110101010,23.430440891562576,9.765625e-05
11111011111010101000,21.174348812632726,9.765625e-05
10000011001111111111,38.554811121015995,9.765625e-05
10111010101101111111,44.383943952719605,9.765625e-05
10011111010100110001,22.100635124689262,9.765625e-05
01101010100000110001,32.67924306375296,9.765625e-05
11111111111010101010,28.917837825352052,9.765625e-05
11010000000111001000,16.941586898336876,9.765625e-05
00111010011011010111,37.90966182840907,9.765625e-05
10110111011011100010,23.1933337555604,9.765625e-05
10001100000100000100,21.38535809923484,9.765625e-05
00110110010100110101,21.106608088849477,9.765625e-05
11111001110100011000,17.157450641633055,9.765625e-05
01100010101100100101,30.358689340066277,9.765625e-05
11100001101010110010,20.765946463273224,9.765625e-05
01011110010010000100,13.821627240013484,9.765625e-05
11110010111101110000,20.61894494471988,9.765625e-05
11000110101100111010,19.470258949205842,9.765625e-05
01000110001110100011,26.037855170583185,9.765625e-05
01110000011111001111,26.646694337422872,9.765625e-05
01010100111010011101,34.7869946372818,9.765625e-05
00110101000000010000,18.030478126590836,9.765625e-05
11001111000011101100,17.26223128000744,9.765625e-05
11110110101101110010,17.2304508162604,9.765625e-05
01101100001010111010,15.73361081024793,9.765625e-05
10011100000110101111,16.310728071505405,9.765625e-05
11001010101110100100,25.341803663093117,9.765625e-05
10110101010010111111,22.671212788806272,9.765625e-05
00100101101101001101,21.746790271809203,9.765625e-05
01001101100100000101,16.625301533718545,9.765625e-05
01011101010111000000,14.07149502719313,9.765625e-05
11111010001110100111,30.598888662399112,9.765625e-05
11011011101110011111,21.202776827783403,9.765625e-05
01010110010100100010,15.896840878677986,9.765625e-05
01101001110111000010,18.601564671289342,9.765625e-05
00011010011111111110,39.44791362391442,9.765625e-05
01111010010001010010,27.995927230227153,9.765625e-05
01001101100101000000,14.625301533718542,9.765625e-05
00101101000001110010,14.899368004599216,9.765625e-05
01000110001000111111,25.925337088321626,9.765625e-05
01110010110101010100,19.287730657358495,9.765625e-05
01010101001100110110,36.386412150962336,9.765625e-05
00010111011111100000,17.021542155648092,9.765625e-05
10010110100100001100,15.56507785077177,9.765625e-05
00110100000101100101,15.141919987901256,9.765625e-05
00011110001101010100,18.632467126276094,9.765625e-05
00000000010111011110,67.62479092250366,9.765625e-05
01000101001001100110,30.46667347857703,9.765625e-05
11001111110110010010,16.96138426763084,9.765625e-05
11011111100010010000,31.846146550773184,9.765625e-05
00110110110110101000,16.79159406550304,9.765625e-05
11111111111000100010,32.58180840318258,9.765625e-05
11100100101011111101,21.28963805109218,9.765625e-05
01000111100001010100,12.76232716713435,9.765625e-05
01000011100110001001,22.54233903449653,9.765625e-05
10111010101010000010,29.6860268979005,9.765625e-05
11000100011100000001,14.23517964661334,9.765625e-05
00101010000000100011,43.16779868627086,9.765625e-05
10011101111111000000,13.007457808799215,9.765625e-05
01101110001000100010,22.240513620670953,9.765625e-05
10101101100111001100,20.30882067777172,9.765625e-05
10100100010111110111,40.45959336892637,9.765625e-05
00100100100111001110,32.80553622192644,9.765625e-05
10011101011010011110,21.395726544634876,9.765625e-05
00011101110010000110,21.23640411407944,9.765625e-05
10001101000101010010,15.664798317009273,9.765625e-05
01100010110110100010,28.74921527440836,9.765625e-05
00110011101000110110,21.930923097358637,9.765625e-05
01100001000011111010,26.4936905736762,9.765625e-05
11101011101010010010,26.625830902189477,9.765625e-05
00111111010011001101,21.44130456946439,9.765625e-05
11011100101111101110,18.527417480411827,9.765625e-05
00000010111001110110,59.64496556088388,9.765625e-05
01001111110111101111,17.17982397006368,9.765625e-05
00101101101110110010,16.959444197088292,9.765625e-05
11011001011000100110,12.497619373765785,9.765625e-05
10010110111000001101,19.138223458526326,9.765625e-05
00010100101011000100,35.66972348187516,9.765625e-05
00100011111100010101,34.21626779053305,9.765625e-05
11011100111101111110,12.411079621109785,9.765625e-05
11000100010100111101,16.192226207039305,9.765625e-05
01011000011000001110,16.772001884414333,9.765625e-05
00000111000100111000,17.432091466725822,9.765625e-05
00101110101001110011,26.699885764998363,9.765625e-05
01010110111001111100,24.423616239698735,9.765625e-05
10000101101110001011,32.4937580337481,9.765625e-05
01010110010110001000,11.588508457393619,9.765625e-05
01110000011000000000,7.610835341332443,9.765625e-05
10101001010100100100,35.754759328277345,9.765625e-05
11101000101011111111,30.308726782484293,9.765625e-05
01110001011001000110,11.411516345155537,9.765625e-05
10011100000111101110,17.645597776258136,9.765625e-05
11011010001110001000,19.268141273419534,9.765625e-05
01100101100011010110,18.858029644140522,9.765625e-05
10101001011011111111,38.71503645041774,9.765625e-05
00010100001110101011,37.01310150474397,9.765625e-05
00100100111010010100,31.251964979565663,9.765625e-05
11001110001001110101,21.92407358244044,9.765625e-05
00111001110100101110,18.73615906051264,0.0001953125
00110010110000000101,22.853373176305404,9.765625e-05
00101010000001011111,57.858519751274116,9.765625e-05
00000110110101011101,37.422636842037434,9.765625e-05
00101100011101000110,25.91499184083357,9.765625e-05
01101000101100000100,20.60551936847363,9.765625e-05
11101001010010110110,20.05519368473628,9.765625e-05
10010000110000110110,30.657540287166608,9.765625e-05
11100010001000110101,32.54095214515474,9.765625e-05
11001110101010101011,18.726834246382076,9.765625e-05
10000100110000001110,28.27340218226594,9.765625e-05
11111100101101101111,11.736207148510635,9.765625e-05
11000100100000111000,14.110310565550492,9.765625e-05
10101000000001001000,42.36095786811585,9.765625e-05
01010010001101000110,22.73615906051264,9.765625e-05
00100010100010001001,32.73696161533811,9.765625e-05
01010001111110010001,32.717378680132555,9.765625e-05
01010000101001010101,31.422899695061155,9.765625e-05
00101000011000111111,48.42456369497223,9.765625e-05
11110100010011010011,11.829569039308176,9.765625e-05
11001101110101111110,10.879579597760957,9.765625e-05
10011101100100100100,15.543120329183473,9.765625e-05
01110011000101010100,16.040724782327636,9.765625e-05
01011010000010100110,18.190661827567823,9.765625e-05
00000010011001110010,49.71462336443777,9.765625e-05
00110011001010011001,19.41246659757877,9.765625e-05
10011110101111011111,23.179823970063683,9.765625e-05
01000000010000000100,20.090619058289455,0.0001953125
00110100110010111101,27.4030812014237,9.765625e-05
11110110011001001010,19.730593539365067,9.765625e-05
10101101000001110101,25.262123959972193,0.0001953125
10111010010001100010,46.9077508814684,9.765625e-05
11010011110110011101,11.494651246557453,9.765625e-05
00110011101110100111,22.08430620376005,9.765625e-05
00011000111111011011,44.85830677634599,9.765625e-05
00100110111111001100,33.50990125814916,9.765625e-05
10000101111101000101,22.489676214392343,9.765625e-05
00100011001110110111,34.67900800672839,9.765625e-05
00001110010101000001,29.0238133937202,9.765625e-05
00011111101111101011,18.435708347109415,9.765625e-05
01011100000001000000,14.42022785419578,9.765625e-05
01101110011011100010,19.06861926098253,9.765625e-05
10010100000110110011,19.362157679667654,9.765625e-05
00111000001011100010,18.830526180618627,9.765625e-05
00001101110001000010,15.581978731793983,9.765625e-05
11000011000101010001,20.539969303049837,9.765625e-05
00000100010100100001,28.54249435540257,9.765625e-05
10010000001100100000,20.237036242326486,9.765625e-05
11101000101101000100,27.435224051506857,9.765625e-05
11010000110011100100,18.971939703693664,9.765625e-05
10110010101100001101,26.735205363645804,9.765625e-05
00100000100000101010,34.5546190416551,9.765625e-05
00000101111110001100,40.97043653186092,9.765625e-05
01010001110000110010,29.7099696937524,9.765625e-05
11000100001010110000,18.005889603489667,9.765625e-05
11011111100010010010,32.89470464787689,9.765625e-05
11101010010100101010,44.75706625828795,9.765625e-05
01100110111100011000,16.46835155547216,9.765625e-05
11101011001001011111,36.998727836770186,9.765625e-05
00011110111110100101,18.090242730764338,9.765625e-05
00001100001001001000,18.696138426763085,9.765625e-05
01001011101001010100,16.740341223889235,9.765625e-05
00011111110110010001,12.250516148164072,9.765625e-05
11101010111100101100,37.534682475429086,9.765625e-05
01100111101110111000,23.260667672785054,9.765625e-05
01011000001010011001,20.471294341600853,9.765625e-05
00001010101010000010,30.11185931165893,9.765625e-05
01001111101111000011,17.561533627921584,9.765625e-05
00010111101111010010,24.383943952719605,9.765625e-05
01111100011000010010,6.745072127810669,9.765625e-05
10110110101110000000,17.2106240945883,9.765625e-05
00000000010000101011,48.34082154456946,9.765625e-05
10110110100001100011,21.13600030845221,9.765625e-05
11011100110110100100,8.326447789468471,9.765625e-05
11111001111111010011,15.726618648558603,9.765625e-05
00110011010100001011,17.074722584617756,9.765625e-05
00111110011010000011,15.87854531034165,9.765625e-05
00101101101101000011,12.090239286320731,9.765625e-05
00111101001101111011,13.198118901945973,9.765625e-05
01111001000001010011,19.38909032054826,9.765625e-05
00000011000010000100,16.293769416448235,9.765625e-05
01010001110011011000,30.32783123436665,9.765625e-05
11010010011011010111,25.139577758186437,9.765625e-05
00001101000100100100,13.977393393846025,9.765625e-05
00000011000000000100,15.565077850771766,9.765625e-05
00110000011101001001,27.637833711651567,9.765625e-05
00011011101100101001,21.14574872739744,9.765625e-05
11011110110100111111,14.184703011736682,9.765625e-05
00111101011001001101,13.824202268428833,9.765625e-05
10011101111011110011,17.574060484186187,9.765625e-05
01001000100110010010,26.206259021446584,9.765625e-05
01010011001011111001,26.49970371909868,9.765625e-05
11110100010011111011,14.317167433388416,9.765625e-05
11110101010001000011,18.120050414274296,9.765625e-05
11000101001110100111,27.24303617014121,9.765625e-05
00010110010101100011,18.73613615686792,9.765625e-05
11011101101011101010,32.34533850501343,9.765625e-05
01111101110111101011,18.303953395704177,9.765625e-05
00011100101111111101,28.73557493313639,9.765625e-05
11100111001011000000,24.508328836146916,9.765625e-05
01000111011110100011,25.582556101135705,9.765625e-05
10000101101001100010,24.825378746273614,9.765625e-05
00101001000010011000,25.897743777524298,9.765625e-05
11110110001000011010,23.392886899676768,9.765625e-05
00011000011000010110,26.41796277058982,9.765625e-05
10111110111010101100,25.518002819005826,9.765625e-05
00001100101101111011,34.031381156289825,9.765625e-05
10101010000001101101,65.20095282175194,9.765625e-05
11111001110111011100,17.269512235131014,9.765625e-05
00001011110011011111,35.47067025588457,0.0001953125
11001001100111111110,20.329826488934472,9.765625e-05
10001000100100100100,33.81557152460511,9.765625e-05
10111011110011000000,31.05191171018346,9.765625e-05
01000100011111110111,40.09998240523374,9.765625e-05
11110010100001010000,20.61524570532241,9.765625e-05
00111110010100101110,25.42930437205781,9.765625e-05
11010001101001101011,31.083000726518996,9.765625e-05
11110001111100110010,12.442431490469048,9.765625e-05
01100010101111011010,32.392513096670314,9.765625e-05
00110001010011111011,28.332269307228554,9.765625e-05
10011011010110001000,21.638127571399416,9.765625e-05
10110011011001100001,23.360027504956026,9.765625e-05
10001010011011110011,54.34110950565908,9.765625e-05
10001010011101000010,55.10096086133392,9.765625e-05
11111110100010000100,33.861812967833245,9.765625e-05
00011011010000101000,17.056106269619544,9.765625e-05
10000100111011101011,42.78789150167482,9.765625e-05
10101001000011010100,34.792712856440076,9.765625e-05
10100001100100100000,19.211038736947256,9.765625e-05
00011110111011101000,18.930932783395598,9.765625e-05
01001011000101100100,18.575984321991367,9.765625e-05
11001101011101010100,9.301615225250826,9.765625e-05
01000110000111111010,22.46520677093187,9.765625e-05
10001111111111010111,25.913638912796884,9.765625e-05
11011100010110110010,7.246786734840212,9.765625e-05
11011000100000100011,14.283153409200732,9.765625e-05
11101000001001000000,25.94576906171347,9.765625e-05
00100110110010110101,32.92053872432829,9.765625e-05
11111110111010110010,18.786094546425055,9.765625e-05
01111111101110100001,26.049274005287238,9.765625e-05
01111100000011100001,15.888053132614012,9.765625e-05
01010000100000101000,29.621872243372074,9.765625e-05
00100111100000011000,17.493803117456288,9.765625e-05
10001111000110101110,20.61149618550357,0.0001953125
11101111001011111110,24.439636489065315,9.765625e-05
11100011101111101010,21.8363652695152,9.765625e-05
10011100110000111100,16.967995601631454,9.765625e-05
01111100111000100010,10.161208389486534,9.765625e-05
11110101101001011000,22.299515322842268,9.765625e-05
01000110011101101010,26.026623686300187,9.765625e-05
11000110111111000100,20.114380919568056,9.765625e-05
10011011110111000110,24.151799060588758,9.765625e-05
00100100111110101100,41.53263309840999,9.765625e-05
00001111001000001110,18.558207184478427,9.765625e-05
00111000101101001010,22.06725779980413,9.765625e-05
11100101100111111010,18.730141747065307,9.765625e-05
00011011100001001010,20.114031027258463,9.765625e-05
11100110011010010101,24.05609034198924,9.765625e-05
00001011101011000011,24.648259931086553,9.765625e-05
10010101001011100100,26.18312760708082,9.765625e-05
10101101011000010110,23.69931463724999,9.765625e-05
11010100001000011001,16.164348995162147,9.765625e-05
00010110001011111000,24.618944944719875,9.765625e-05
00100101101000001010,24.811733099071965,9.765625e-05
00101001111111111100,40.28112994011615,9.765625e-05
10010001111101010100,24.56017216674318,9.765625e-05
10011101111011100001,14.983563748239167,9.765625e-05
01101010100000000000,27.72754880457836,9.765625e-05
01011101010101010101,8.97448305151246,9.765625e-05
01110101101111101110,37.64167940746639,9.765625e-05
00000101010111101100,31.558078418800772,9.765625e-05
11000101101100000000,19.969916212972898,9.765625e-05
00101110000001000000,32.24155319193064,9.765625e-05
11101010001101111111,50.42427084227651,9.765625e-05
00110001010101110111,24.54903865939358,9.765625e-05
00011010101000111000,26.750079956797506,9.765625e-05
01101100100101101011,19.04449148179701,9.765625e-05
10110001110000010101,15.9195912690548,9.765625e-05
01000110001110011101,20.46618337144343,9.765625e-05
11111001001011111100,20.333607227559874,9.765625e-05
00111101111010001011,17.537588758501187,9.765625e-05
11100101111101110100,10.741288679162729,9.765625e-05
00001001101110111010,39.5361892988455,9.765625e-05
11110010011110110111,25.478671472720404,9.765625e-05
00010110010010000010,16.718287820572215,9.765625e-05
01001001111001100100,19.060111590160307,9.765625e-05
00001100011001110110,28.84822148680834,9.765625e-05
11010111010100010101,13.585804026846567,9.765625e-05
00100010100011101011,42.5985155829739,9.765625e-05
11100100011100010001,14.182201510322528,9.765625e-05
11111110110010010101,26.19633475587785,9.765625e-05
01010101001101100011,36.06305094268522,9.765625e-05
11100111110110000100,17.70014383443105,9.765625e-05
10000110001000001011,24.740341223889235,9.765625e-05
00011101100010000000,23.68525069116335,9.765625e-05
10011001101000000000,17.402012876411902,9.765625e-05
11110001100010101100,19.239221382673847,9.765625e-05
00110110001110110100,20.232596820225655,9.765625e-05
00010000101000100011,40.28722096606856,9.765625e-05
11111010000110001101,37.97023580599122,9.765625e-05
10111101000100000011,23.7984587628341,9.765625e-05
01101000101010100111,24.36051679054136,9.765625e-05
10111111111100011100,27.149626278472866,9.765625e-05
11000111111111000001,15.84593086582251,9.765625e-05
01001001010110111001,26.031348348628274,9.765625e-05
10111100000100110101,22.21637615544848,9.765625e-05
11110010110000100010,15.518002819005826,9.765625e-05
10000111001101111010,20.076822672530188,9.765625e-05
00101001100001110101,29.165749309251755,9.765625e-05
01001111111000010000,14.83003771699121,9.765625e-05
00000111110001011000,16.766027140952886,9.765625e-05
10110100011110001010,16.79159406550304,9.765625e-05
00100000111000000001,35.766316549204994,9.765625e-05
10100000110010101100,39.69477279755983,9.765625e-05
10011010011111110000,36.74279111657441,9.765625e-05
11001011001110001110,20.316699370523242,9.765625e-05
00100000101100000100,35.27340218226594,9.765625e-05
01110110000110011101,14.79603629559343,9.765625e-05
01101100010010011001,17.197201239204414,9.765625e-05
11000001011101110010,24.12196116532438,9.765625e-05
10100001000000010100,23.340892536212166,9.765625e-05
10011100001101000011,12.972947730151848,9.765625e-05
11110111111000010001,20.937645604264226,9.765625e-05
01100011010111100000,21.066352190935277,9.765625e-05
10100000111011011100,51.056873426773784,9.765625e-05
11001100110100000011,13.309192750144787,9.765625e-05
00111111111010000011,15.74772188657959,9.765625e-05
00100111100001100010,18.15421873067969,9.765625e-05
11100010100000000001,25.645056011727707,9.765625e-05
00110001100110101010,27.42588936583546,9.765625e-05
11101101001000101111,22.046483084781165,9.765625e-05
01101000111010001111,28.345015282047626,9.765625e-05
11000111101011000001,19.266823732214267,9.765625e-05
11000011110101010100,16.37875467196995,9.765625e-05
00001001010011010010,26.5063399431853,9.765625e-05
00111000001111111000,28.506339943185303,9.765625e-05
01010100101101110011,34.05144928534324,9.765625e-05
11111001110011111101,17.03863563247239,9.765625e-05
01111100000111000100,13.638127571399423,9.765625e-05
01000110011100110001,20.14487489750182,9.765625e-05
10001000010100100000,36.50825057422253,9.765625e-05
10010101111100001100,20.81906378569971,9.765625e-05
10111001010001000000,25.368026648223363,9.765625e-05
00111011010011110000,25.738060299780166,9.765625e-05
01110001000110010101,16.561498757531353,9.765625e-05
01100101101011010001,22.039383308789326,9.765625e-05
01111000110011110010,16.177023363520647,9.765625e-05
11110010011010000100,18.67726196835404,9.765625e-05
11111010101001110110,29.856353346546626,9.765625e-05
10100011001111100110,33.28389774983745,9.765625e-05
01101100011001111110,16.74128867916273,9.765625e-05
11111011100010110001,32.4033193607051,0.0001953125
01110111100110000000,25.38499852088829,9.765625e-05
01100111010100000101,17.461614117148592,9.765625e-05
10011111100111110111,17.956611087990783,9.765625e-05
11010100010111011101,12.142867443174744,9.765625e-05
01111011010000110001,26.782099646342303,9.765625e-05
11100000001001001100,21.414198781142993,9.765625e-05
10011101111111100011,14.574002710151248,9.765625e-05
11101110101100010101,31.060888705982578,9.765625e-05
01011011111101001111,19.13481750188688,9.765625e-05
11101001110000000101,21.046708477404977,9.765625e-05
11111100100101000110,14.905317857974651,9.765625e-05
10100010010000111011,52.08969128019695,9.765625e-05
01110101110011011001,22.324621503476763,9.765625e-05
00000011001011111011,36.554811121015995,9.765625e-05
01111010011010011011,19.191429071849264,9.765625e-05
11011101110101110101,8.09737552650015,9.765625e-05
11100100011100110111,18.83662615818692,9.765625e-05
01110000111111000011,23.678438679917434,9.765625e-05
00111110110010110100,22.74033153785227,9.765625e-05
00110000101011101110,39.99145465154631,9.765625e-05
00000000110101010011,63.567818093270176,9.765625e-05
10000000101101101100,48.27339594067259,9.765625e-05
11101101001111000001,20.53592838853759,9.765625e-05
00010000001111010101,42.42718400339601,9.765625e-05
01001110100011011110,17.70103278124853,9.765625e-05
01111000100111010101,20.911695914251915,9.765625e-05
00010000000010100010,30.688879673339173,9.765625e-05
01111001110110000001,13.911766905894622,9.765625e-05
10011010100001111111,37.52129710208129,9.765625e-05
11000010010011100000,22.69547965616045,9.765625e-05
11100101000111101011,21.98607493569028,9.765625e-05
10101100110111010001,34.1925352924724,9.765625e-05
11110101001011010111,22.860326888114166,9.765625e-05
10010000111001011001,33.93426963645695,9.765625e-05
00011101000010010000,19.252806845437288,9.765625e-05
01111010000000110101,30.22299653903199,9.765625e-05
01000101000110011001,26.727437022250992,9.765625e-05
11111110011100011111,26.665782187802513,9.765625e-05
00000100010111010101,39.66503089278756,9.765625e-05
00001111011011101110,17.314418359286982,9.765625e-05
11111011100100010100,34.72228789573195,0.0001953125
01011110001011100111,18.788587743517184,9.765625e-05
00110111010101010100,14.107501301658829,9.765625e-05
00100010001001111111,51.15222712769554,9.765625e-05
11001001101111011111,26.308726782484293,9.765625e-05
11100011111110101000,19.14191998790125,9.765625e-05
11001110011110000000,18.897158708586915,9.765625e-05
01100000011010000001,24.051310615648752,9.765625e-05
10000100110010011100,30.837181863906356,9.765625e-05
10111010100110011001,39.81934351875468,9.765625e-05
10100001111101000101,31.834470271841017,9.765625e-05
11000111000001000111,18.55222973099444,9.765625e-05
00111001011110011000,19.220051239181,9.765625e-05
00010100000101011100,22.400091530649394,9.765625e-05
11000011010001101100,11.588508457393619,9.765625e-05
00100110101100000100,23.001197825110516,9.765625e-05
10100001100100010011,26.935657445723677,9.765625e-05
01011101010111011111,15.346968053756758,9.765625e-05
11000001010110100000,16.611789038199284,9.765625e-05
01010100100010111011,42.13600646291836,9.765625e-05
11100010100001001000,23.760407290213976,9.765625e-05
01011001110100101000,19.97742003620161,9.765625e-05
11111011101011001001,28.3708148587069,9.765625e-05
01001101100011111100,21.38258965305949,9.765625e-05
01101111110100010111,20.807779321812614,9.765625e-05
00000110001110001111,32.07788276950734,9.765625e-05
10101101101101010110,17.157096483331586,9.765625e-05
00110001011000110000,17.58197873179398,9.765625e-05
00001111100011010101,15.35647587602912,9.765625e-05
11011100110001000101,9.741481274964805,9.765625e-05
10010100111000011010,24.65754652875996,9.765625e-05
01010101111111011110,41.66834119062053,9.765625e-05
00011111010001001100,16.67445167577405,9.765625e-05
00010101111001001000,31.91152975366536,9.765625e-05
11100111100101011100,14.982446600808316,9.765625e-05
00001000011001000001,39.406550264606324,9.765625e-05
01001110110100010010,16.463742441213967,9.765625e-05
01000111101011100010,32.45870368768782,9.765625e-05
11011110010110111101,13.269701484866157,9.765625e-05
01101001011100011111,23.596063078642867,9.765625e-05
11100000000101011110,29.581018793333797,9.765625e-05
11111010010000001100,38.418118913044125,9.765625e-05
01001110010001000000,16.32364373848183,9.765625e-05
10011111110010000001,20.55222973099444,9.765625e-05
01000000011001010001,33.79424809067349,9.765625e-05
11100100101110100001,18.101850542572457,9.765625e-05
00001000010101010100,52.22386124305733,9.765625e-05
00110010011011110000,29.622583700059856,9.765625e-05
11100001011101010111,24.018660871425396,9.765625e-05
10111010111111110001,44.22371862331786,9.765625e-05
00110111000101000001,13.342372891527397,9.765625e-05
11001011010100000000,26.879946239249122,9.765625e-05
11001010010010001000,24.72754880457836,9.765625e-05
10101001001111110101,37.892635811656675,9.765625e-05
11000001101111110001,31.02755521394338,9.765625e-05
01000110110010000101,18.607613116416037,9.765625e-05
10111010101010101100,30.900544384067327,9.765625e-05
00000110000111000011,24.556754636002157,9.765625e-05
01001110101000000000,16.459371202766285,9.765625e-05
10001101100101011100,15.735019009437073,9.765625e-05
10000001110000101100,24.51956719847731,9.765625e-05
11110111001111111100,22.20284781942611,9.765625e-05
10001110000111010001,32.889055564772704,9.765625e-05
10001010010000100111,52.29441330430073,9.765625e-05
00101001111101101010,30.574973058229638,9.765625e-05
11001110001011010010,19.35465738800975,9.765625e-05
00101011110000001100,31.070544774769893,9.765625e-05
01011110001110000011,14.315449289389878,9.765625e-05
11010100000100100001,10.897158708586913,9.765625e-05
01011000001110011111,24.5063399431853,9.765625e-05
00011000101110111010,37.39789838024728,9.765625e-05
01110110011100100001,12.844154947789026,9.765625e-05
00010001111110111011,53.98821834964585,9.765625e-05
11000001101111001101,28.85556029225424,9.765625e-05
11111111010111101111,27.20588286817587,9.765625e-05
11100110010110111101,26.013136902415205,9.765625e-05
00111001001001000100,14.508174162534738,9.765625e-05
01000001101011010000,33.35868934006628,9.765625e-05
01111111110111110110,15.416616171273681,9.765625e-05
01110000101011011011,29.52858429879821,9.765625e-05
00011100011011011000,18.35868934006628,9.765625e-05
11001100100011111010,13.92533708832163,9.765625e-05
11000100101100101011,26.528698693224552,9.765625e-05
11101111011111000001,31.711529992326234,9.765625e-05
01011000111111101110,33.51189027112363,9.765625e-05
11111010011000101010,26.501772468191692,9.765625e-05
10100011101010010000,25.213434387168288,9.765625e-05
11011011101011001100,19.580668901024197,9.765625e-05
00101000111010001101,44.321253420769025,9.765625e-05
00100100101011111000,35.18863461977237,9.765625e-05
11111111111010101101,25.909069451361987,9.765625e-05
11110101001001110101,19.488558430507446,9.765625e-05
10011100011010001001,14.181228430541957,9.765625e-05
10010011000100001011,18.82025192477327,9.765625e-05
00001010001010101011,34.45305646017226,9.765625e-05
00001110011110010011,26.816538657059592,9.765625e-05
00001101110110100011,23.44337270414919,9.765625e-05
01100101100010110011,28.90952326793107,9.765625e-05
00010000100000001100,30.458411264306097,9.765625e-05
01111011110010001100,18.071084563698843,9.765625e-05
11111100010001100000,17.300420931711116,9.765625e-05
01101101011100100001,15.354667074046706,9.765625e-05
10000010111001010100,49.542131234645396,9.765625e-05
01101010110101110100,44.22422716096424,9.765625e-05
01000001100010101000,37.07274157675568,9.765625e-05
00110001011011001001,20.945606590128957,9.765625e-05
10111100110101101000,15.226985921102635,9.765625e-05
01101110111101011001,24.111320267990866,9.765625e-05
10100100001001001010,21.51609813529469,9.765625e-05
11000001001101100001,21.07735620902597,9.765625e-05
11010001100000010101,15.465975658719497,9.765625e-05
01010010001111110000,24.329826488934472,9.765625e-05
00001001101111101011,41.39274585795247,9.765625e-05
11111100011010010101,13.508331546169451,0.0001953125
00000101101011011000,37.814601165686895,9.765625e-05
10111111111001110110,25.94696271879912,9.765625e-05
11000001000101101110,18.916848436546715,9.765625e-05
01111111101000110010,31.434699564593984,9.765625e-05
11011010111011101101,20.752005900647184,9.765625e-05
00101000001001001111,40.669317791132094,9.765625e-05
10100101111001001010,17.577802810010738,9.765625e-05
10111001111011001000,18.18823319502118,9.765625e-05
01111101111011000001,16.366150680436302,9.765625e-05
00011110110101110101,22.34793488110416,9.765625e-05
00010001000010110100,28.666970963330115,9.765625e-05
00101011001100001010,28.071495027193127,9.765625e-05
01000001001011110110,34.96733777258995,9.765625e-05
10101111110000000001,38.05811129735152,9.765625e-05
11110110001100111010,19.800217724548958,9.765625e-05
11111101110010010101,19.02072346605226,9.765625e-05
11011010011011111111,24.746420185877433,9.765625e-05
01100101000010000010,24.460501567804904,9.765625e-05
01110001110000000100,9.563770730024524,9.765625e-05
00110111010101100101,14.549180642679001,9.765625e-05
01101001000011110010,18.202844287855307,9.765625e-05
00110111001000001010,23.684836048804392,9.765625e-05
11100111001000001011,28.558817230629025,9.765625e-05
01001101010101011110,13.3405383779107,9.765625e-05
00100111001110111110,24.16563927919396,9.765625e-05
01001000011000111011,30.485745253650517,9.765625e-05
00010111110011100001,19.078824070314685,9.765625e-05
01011001000011011010,23.531139710581215,9.765625e-05
00110111011111001101,12.740580998604184,9.765625e-05
11000011001100111000,17.069615233567998,9.765625e-05
01111100111110000101,7.6408731139300485,9.765625e-05
10110001000010100000,18.61524570532241,9.765625e-05
10000011010101001011,32.753333422156665,9.765625e-05
00000111000011101100,17.884227837561426,9.765625e-05
00111110001110000001,15.888053132614015,9.765625e-05
01100011001101110010,22.515785823397863,9.765625e-05
10011100000101100110,15.737150865073259,9.765625e-05
01111010111101100111,24.99815425480718,9.765625e-05
00100001010001010000,23.58005812045254,9.765625e-05
11111010010110001001,35.124821091031876,9.765625e-05
01111101000101010100,17.337789390936464,9.765625e-05
10011010001001101010,29.08521523543632,9.765625e-05
01010111010010101000,27.701197875318726,9.765625e-05
01100011010101001000,19.597926650370425,9.765625e-05
00101010110001101011,51.17888620082714,9.765625e-05
01101011001000001111,25.28503944441921,9.765625e-05
11001111001110101111,19.209489561524833,9.765625e-05
01101010100011011111,35.839182538109604,9.765625e-05
11010101001001010000,24.359126249615905,9.765625e-05
00110111110110110001,15.211207705523366,9.765625e-05
11011110111111000100,15.332656240715572,9.765625e-05
11010011000101011110,16.82025192477327,9.765625e-05
10100000100101010001,42.7748193601488,9.765625e-05
10010010101010111111,36.50811586121878,9.765625e-05
10100000101100110011,41.759478690573204,9.765625e-05
11001100010010100010,11.034482712710538,9.765625e-05
10011111110111011101,16.47771777585356,9.765625e-05
10000001101111101100,37.691638433477564,9.765625e-05
10011110001110010111,24.184693325699726,9.765625e-05
11110101000010101111,32.17338542972893,9.765625e-05
10011000110101101010,27.238169317387644,9.765625e-05
01011100111011101110,28.12474032622501,9.765625e-05
00010011111010100110,29.690302167492256,9.765625e-05
10100111100100001100,20.694584467749625,9.765625e-05
00010101110110010000,25.768843675126224,9.765625e-05
11101101101101101000,15.69931463724999,9.765625e-05
11110101000100010100,19.3826606447022,9.765625e-05
11000111101001101111,21.48632967529403,9.765625e-05
11101001001111101110,20.69134558078185,9.765625e-05
01101001101100101110,20.202241217719127,9.765625e-05
10011000100101111001,28.805428042514894,9.765625e-05
01001101010100100110,13.625911492741938,9.765625e-05
01111001101010101110,23.680079444088502,9.765625e-05
00110110110000100111,19.978543425225812,9.765625e-05
00011111010001110011,15.940332649178654,9.765625e-05
11110101011011101011,24.30210377600544,9.765625e-05
01001110110111000101,19.77257653289369,9.765625e-05
01110100100111010111,16.104113982672228,9.765625e-05
11110000010100001000,9.743499433177345,9.765625e-05
11001001111100100000,14.647184335793085,9.765625e-05
01001010010111111110,37.47031149949595,9.765625e-05
10010011000110011010,20.470879699241898,9.765625e-05
10001011110000001100,28.16713784209973,9.765625e-05
10001011110101010110,42.61894494471988,9.765625e-05
11001001000011110111,18.409768321497868,9.765625e-05
01111101100101111110,19.511132152712484,9.765625e-05
11010111111111101100,18.108397224490723,9.765625e-05
10111101000101010011,21.059898974990453,9.765625e-05
01010010001001010110,23.220051239180997,9.765625e-05
11010011111010000110,17.533879745939558,9.765625e-05
00010000011101110001,41.977255883692536,9.765625e-05
01011111000110010100,19.733541549238602,9.765625e-05
11101111001100111101,31.30581612424728,9.765625e-05
00101100000010001000,20.42579066532081,9.765625e-05
11110100111111101010,16.50997869852528,9.765625e-05
11101001010111111010,26.155166185953185,9.765625e-05
00000101111011111000,45.26620120287698,0.0001953125
01011111100010011100,27.017922859509234,9.765625e-05
11010000101111011100,28.384323724688333,9.765625e-05
10110100011011001101,20.612761285182117,9.765625e-05
11011110101010100110,22.964613675701727,9.765625e-05
11010011111101110101,16.40521679577075,9.765625e-05
11111101111100100100,14.632531876325451,9.765625e-05
00110100101111111100,31.35354650380843,9.765625e-05
01100010011100111011,36.80708933240342,9.765625e-05
10110111000110101001,23.11318943401791,9.765625e-05
11000101111011111111,30.37179084481025,9.765625e-05
01001011111011110111,24.005147652324887,9.765625e-05
11110010000101011101,29.23824478216229,9.765625e-05
10000000010010001000,33.03100813151582,9.765625e-05
01010111001010101000,40.74138631316102,9.765625e-05
11111001000010011101,26.50551230197358,9.765625e-05
01011010000100010100,20.32364373848183,9.765625e-05
10001101101011001001,18.18402903708499,9.765625e-05
01101111001101101100,21.62093654770403,9.765625e-05
11001101111111011111,16.60070706329128,9.765625e-05
10111000000111010100,39.28216784623346,9.765625e-05
11111111101011011111,27.20588286817587,9.765625e-05
00101100011110111010,26.745284313666538,9.765625e-05
00011000010110001010,24.338566234127658,9.765625e-05
01101101001011011110,15.07108309485671,9.765625e-05
01101011000111010111,30.412845940233513,9.765625e-05
00101100010111101011,30.37365368211675,9.765625e-05
01010100101000010111,32.22422716096425,9.765625e-05
00001101100111000100,15.624925929774673,9.765625e-05
11010000011111000111,26.5202146395368,9.765625e-05
00101010000100111011,52.940784354351216,9.765625e-05
10101001001000000010,24.716569676573677,9.765625e-05
11011100000101110100,10.04382897248351,9.765625e-05
11101111111100110111,24.287578242818682,9.765625e-05
10000111001001000000,16.248075941515857,9.765625e-05
00110010110000101101,27.030840327423075,9.765625e-05
00000101010111000111,28.555736189085955,9.765625e-05
01110101101100011001,25.895567686759843,9.765625e-05
10011000111000111111,32.65622619040495,9.765625e-05
00001100001000101111,26.707126517223475,9.765625e-05
00001011111000001100,24.63652749998944,9.765625e-05
11110011111010001100,12.81041702670883,9.765625e-05
11001111101000010000,21.748822692509677,9.765625e-05
10011100000101100000,11.19746056065733,9.765625e-05
00101110001011000110,26.530480939978585,9.765625e-05
10111100101000101101,16.983695947520616,9.765625e-05
01101110101111111110,20.803214578477732,9.765625e-05
00001000001111111010,49.332069316189575,9.765625e-05
00000010101001111101,54.932169646921196,9.765625e-05
10001000110001100000,35.13473119743173,9.765625e-05
11100010010001100001,37.151418124136654,9.765625e-05
11010101010110111111,21.646541787088015,9.765625e-05
11000101011100011110,17.95419993945343,9.765625e-05
11100011001010101101,22.82025192477327,9.765625e-05
01011011000110000000,17.813802876853302,9.765625e-05
01010000110111010101,33.25342930928357,9.765625e-05
00001010010000100101,43.984565227996924,9.765625e-05
00101011001001010011,33.31351899201148,9.765625e-05
00010100110111010110,35.240941502273856,9.765625e-05
01111001100000100010,20.080980680241836,9.765625e-05
01011100001110011010,17.86227302599567,9.765625e-05
01010001110010110001,31.824356854913802,9.765625e-05
10001010101001000000,38.596396836182095,9.765625e-05
00100110111110010110,33.24710811795613,9.765625e-05
00111100110111000001,10.911695914251915,9.765625e-05
10011110111001011101,25.16293901667177,9.765625e-05
00010111100100010111,19.514838368124373,9.765625e-05
01111010001001101010,24.182785931966045,9.765625e-05
11101111100100001010,33.25561442799474,9.765625e-05
00010110001110111011,25.784755472450186,9.765625e-05
01011011000010111010,22.37756589644234,9.765625e-05
00010000110000010000,27.049216867706342,9.765625e-05
00110100000110100100,18.247051253006312,9.765625e-05
00101001001100101111,28.80018306129879,9.765625e-05
01110100110101000001,7.098972789920566,9.765625e-05
10100110110110100111,37.129653405490494,9.765625e-05
11011010110100101000,16.55063934562142,9.765625e-05
10111111110011000001,28.65621388147266,9.765625e-05
01010000000001000010,20.78232848340973,9.765625e-05
11111011111001000000,27.13512104767169,9.765625e-05
00000100101001010000,31.031059663957414,9.765625e-05
11100011111010011111,21.13481750188688,9.765625e-05
11000101010110101111,22.61894494471988,9.765625e-05
11111100000101000010,19.683053154756493,9.765625e-05
10110110101001100010,21.599830599660503,9.765625e-05
00001000011001101000,40.32855122344784,9.765625e-05
00000101010110000010,25.71925120347601,9.765625e-05
01101011101010001000,20.1849319359313,9.765625e-05
10111100010000101011,18.11039153749742,9.765625e-05
11011010000100001000,24.27225942116783,9.765625e-05
10011011110010000111,23.41246659757877,9.765625e-05
00001000110100010010,44.4033012723791,0.0001953125
00001111010101011111,23.219126171111036,9.765625e-05
10101011011000101010,37.34622651026978,9.765625e-05
00000100011001101100,40.22763845011192,9.765625e-05
10101101100001010101,21.916896524544704,9.765625e-05
01010011111101010000,17.11718152611109,9.765625e-05
11100011010011100010,23.213415015094377,9.765625e-05
11001011010010000001,24.172508144549884,9.765625e-05
11101111100010111111,26.46718524343546,9.765625e-05
00000111111001101100,25.758485944451465,9.765625e-05
01010101100011111010,52.240164659082666,9.765625e-05
11000010001100111011,30.836626158186917,9.765625e-05
01011110011111101110,15.31441835928698,9.765625e-05
10001110101100010010,27.491348969619068,9.765625e-05
10001110000101011101,38.79872591473536,9.765625e-05
11101110000000010010,40.01730219660037,9.765625e-05
00100001100001000100,18.457694719668517,9.765625e-05
11110011101010110100,19.79551346298311,9.765625e-05
00010100110001101011,34.22594530496278,9.765625e-05
01101101011111110100,11.470038018874146,9.765625e-05
01100111011111010000,13.390605888440504,9.765625e-05
01011101111111010101,16.129711179525444,9.765625e-05
11100010010111101000,35.40444412060441,9.765625e-05
00100001011011111101,43.488888678112055,9.765625e-05
00110011111010101010,20.97267780273703,9.765625e-05
11010011001011000110,21.07292449736062,9.765625e-05
11110001000001010110,15.730593539365067,9.765625e-05
10100100011110100100,30.798031539321432,9.765625e-05
01110000011011000110,18.195645625844946,9.765625e-05
01010111110111100001,20.499703719098687,9.765625e-05
01100001111100110101,26.86826119420494,9.765625e-05
01101110000010101011,24.62583090218947,9.765625e-05
00100000101110101100,50.044074031448496,9.765625e-05
11100111000000001111,28.3957885846617,9.765625e-05
01011110110110110000,10.640002081184162,9.765625e-05
01000010010001010000,23.029794378774994,9.765625e-05
11101001010110000101,28.792712856440076,9.765625e-05
11001110010001100101,25.490992090455237,9.765625e-05
11011001011100010011,15.685749885707885,9.765625e-05
00001101000101100001,12.5963383385659,9.765625e-05
10011011111100110010,24.439298905688013,9.765625e-05
01101111101111111100,16.51764866070436,9.765625e-05
01101111010000110100,24.97028213087981,9.765625e-05
11010000100111001111,27.27968342609317,9.765625e-05
01010110111111010101,18.666478353314034,9.765625e-05
11000010011001001100,24.860712814549043,9.765625e-05
00110110111101000100,16.91267251476347,9.765625e-05
01011100100000110000,17.490748696632625,0.0001953125
01101110101011110111,19.97290889887682,9.765625e-05
01110101100111001011,29.080245622906645,9.765625e-05
11010110110111110101,12.421331784018866,9.765625e-05
11100110001100000011,25.37095873046659,9.765625e-05
01100000100110011010,30.76571090484132,9.765625e-05
11011101111010110100,18.698406231231402,9.765625e-05
00010101100011001110,39.98411321236526,9.765625e-05
10000000110100111111,59.71120031568465,9.765625e-05
01100011111010111000,21.23624526160259,9.765625e-05
11011100110011110101,9.212525246728633,9.765625e-05
11110001001001000111,16.374530760155736,9.765625e-05
11101101100011001101,20.199087274422887,9.765625e-05
01111101100000111101,26.874026559800086,9.765625e-05
00111001100000101000,19.645056011727704,9.765625e-05
00010111100111011010,21.773021484974088,9.765625e-05
01110101010000010110,17.507377849302618,9.765625e-05
01000010011101001011,38.149426521152506,9.765625e-05
11011011001001111110,22.570058400948973,9.765625e-05
00110010110001000111,28.80512157956748,9.765625e-05
11110000101010001110,17.839201910183515,9.765625e-05
00000000111110010100,64.68672815136182,9.765625e-05
01101010011110010011,36.04196092227199,9.765625e-05
01100110010010100101,21.606707507547185,9.765625e-05
00110011000000000100,16.572299241762785,9.765625e-05
10000011011001011001,30.624839010501656,0.0001953125
10000011000001001100,19.162059755891242,9.765625e-05
11011001101100010000,16.897158708586915,9.765625e-05
00110001011101111110,28.268480570607046,9.765625e-05
01000110111011010101,24.574973058229638,9.765625e-05
11100101001101011111,15.585385852916808,9.765625e-05
10000010110000100100,36.85731121143832,9.765625e-05
01110110110110101111,17.61960560338713,9.765625e-05
00110011101110110000,20.42319462132536,9.765625e-05
00001011011100001000,25.211038736947256,9.765625e-05
01100001010100001100,16.993376906393944,9.765625e-05
01101110001011010010,18.207819320020413,9.765625e-05
00110000111101100110,35.11952555676332,9.765625e-05
11000001001010101010,27.441818734295914,9.765625e-05
11111100101011011101,15.045390936199711,9.765625e-05
01010010101110101011,34.34975336912353,9.765625e-05
00010001101111101101,47.35652722296685,9.765625e-05
10001010110100000110,52.53468247542909,9.765625e-05
11111100110010110010,10.103761467876947,9.765625e-05
11101101010111010101,21.131388397044283,9.765625e-05
00110011100001100000,16.114031027258463,9.765625e-05
00101011101100010001,33.11133275117756,9.765625e-05
01011100011000101000,16.145521261205136,9.765625e-05
10010100100001000111,20.09801909305373,9.765625e-05
01010111111111100111,28.743861204695598,9.765625e-05
00111000001000110000,18.510502440220723,9.765625e-05
10010100011000001010,20.231104068850932,9.765625e-05
00101100000001110101,26.34334867049069,9.765625e-05
00001010111011101100,47.34699711186762,9.765625e-05
01101111011111011100,16.646548763102434,9.765625e-05
11011110011000100010,20.184741119430456,9.765625e-05
00011101100111101101,21.729863777119732,9.765625e-05
10010111111001011101,16.509390919565355,9.765625e-05
00101010011111000010,49.23944811444508,9.765625e-05
01000011110001111010,24.5063399431853,9.765625e-05
11000010110100110011,32.47414368343574,9.765625e-05
00010010100010010100,26.229738439647676,9.765625e-05
10000111010101001100,16.80053721960026,9.765625e-05
01111111001010010010,31.062728726771567,9.765625e-05
00011100101111110010,23.108490516209763,9.765625e-05
01011101110111111101,20.129711179525444,9.765625e-05
01001100100110101001,22.752890249377497,9.765625e-05
11111010000101000000,45.455097609156724,9.765625e-05
11110001001000110011,19.93667868978962,9.765625e-05
11111001001010011000,24.415862868181264,9.765625e-05
00010000000000100101,26.585042838654605,9.765625e-05
10001011011110100010,29.79930234251595,9.765625e-05
01100011110100001100,16.05604225399125,9.765625e-05
11100001011010000001,18.48628782888939,9.765625e-05
01011010000011101001,20.470879699241898,9.765625e-05
10110110110010100101,21.91176690589462,9.765625e-05
01110111001000011110,28.15614631803556,9.765625e-05
00101100001110111011,24.11217362083687,9.765625e-05
11010110000111010101,13.5998305996605,9.765625e-05
11010111001101110001,19.593292967325144,9.765625e-05
00101111011000011001,26.06935246767148,9.765625e-05
11111111100110010001,34.99099935533873,9.765625e-05
00101000011001001010,37.89486873489495,9.765625e-05
01011101110011100000,24.15839538688401,9.765625e-05
10011101010001010101,15.57648526880547,9.765625e-05
10111111100111111000,24.915649974982152,9.765625e-05
11100101100101011101,11.440539300784426,9.765625e-05
10001011000110101101,30.5998465272908,9.765625e-05
01001110101011111100,19.18498617839544,9.765625e-05
00100111011011101000,20.11210968149595,9.765625e-05
10101010111101010110,71.73284187379245,9.765625e-05
10000010110010101101,42.38432372468833,9.765625e-05
11111101100100100001,24.591501845242604,9.765625e-05
11001100101011001000,15.211038736947256,9.765625e-05
01001001000100000101,17.268388111685752,9.765625e-05
00001011000110001011,25.310660611433498,9.765625e-05
00100001011100011101,37.33669715522781,9.765625e-05
01000010001010011110,28.162232158071145,9.765625e-05
10010010101111101110,36.56321336995909,9.765625e-05
00101101001001011101,17.962654015105382,9.765625e-05
10110011111100011011,22.160661537006312,9.765625e-05
10100101100100011100,16.670715286435772,9.765625e-05
00101101100101101100,18.181228430541957,9.765625e-05
00110101101110111101,30.493748347711147,9.765625e-05
00101101101110011000,18.828665846194607,9.765625e-05
10010100111011001101,28.505234369856026,9.765625e-05
01101111011101011010,18.807779321812617,9.765625e-05
01000011100011011101,21.18822621900677,9.765625e-05
10110001001111001010,20.234876922376795,9.765625e-05
00010011110100011000,18.340480603875754,9.765625e-05
11011110000001100110,27.0147902747282,9.765625e-05
10110100101101111000,14.784235877143413,9.765625e-05
00110001010010110001,21.13312871026647,9.765625e-05
00011001000101111101,24.623132440604696,9.765625e-05
11101100010101101011,22.555036492003623,9.765625e-05
10101100010111011001,39.41300815002677,9.765625e-05
10011001110000001000,15.73311161570339,9.765625e-05
01100010011101001000,30.226025982642447,9.765625e-05
11011010100111110101,25.45080114973046,9.765625e-05
11010011000011110101,17.304034073383832,9.765625e-05
00000000111101000001,58.85815654338975,9.765625e-05
00000111010101101100,18.670683420335344,9.765625e-05
00010010010100101000,22.87892155073957,9.765625e-05
11000010110100000110,26.57570906206833,9.765625e-05
10100110001110000101,33.91779942339102,9.765625e-05
01001100010001011100,15.006269669725654,9.765625e-05
01001001110101101100,24.160449998444314,9.765625e-05
10110010100001000101,31.056523534464187,9.765625e-05
01010000111100000111,31.691638433477564,9.765625e-05
10010100111110100110,31.619273402226884,9.765625e-05
10000010101101101010,43.51326838351359,9.765625e-05
01110111111011000001,18.487061325603996,9.765625e-05
00110111011011000001,12.930758824836705,9.765625e-05
11011011100001001000,23.935119212764064,9.765625e-05
00110110110101010000,14.753465632277923,9.765625e-05
11011110000101011011,21.2716061685773,9.765625e-05
10000001111101110001,41.06511618184361,9.765625e-05
11111101100011111101,21.899635330754872,9.765625e-05
00010001101010000000,33.97614850942584,9.765625e-05
10010110010000010011,19.821273081712015,9.765625e-05
00001010111111111110,62.664054292276006,9.765625e-05
01001100010001110100,12.821841194330764,9.765625e-05
01101111111110111101,18.409768321497868,9.765625e-05
11111111000101001001,43.97631296704199,0.0001953125
01101011101111111001,27.471804250870672,9.765625e-05
10111000000100100100,29.51236527752722,9.765625e-05
10111011001000000010,37.30804383458053,9.765625e-05
10100101100000100000,16.32364373848183,9.765625e-05
11011010111000000000,17.706185303543332,9.765625e-05
10111111000110000100,40.364533614879676,9.765625e-05
00100101001100001010,20.325088401858565,9.765625e-05
01011000000111001001,20.76404531113289,9.765625e-05
01001000000010010111,24.315742142085593,9.765625e-05
01011010000011111000,19.99778653596284,9.765625e-05
11110101000010000011,32.44435292335876,9.765625e-05
10011011000111110011,27.604428569879417,9.765625e-05
01111110110100110001,15.876486138522203,9.765625e-05
00111001110001001100,18.07093539725895,9.765625e-05
10011110100111100001,16.51764866070436,9.765625e-05
10111110110110000100,32.001901973688604,9.765625e-05
10110101000011011001,19.733351575922207,9.765625e-05
01000001011001100011,32.2755252934263,9.765625e-05
00111011000110010011,26.081753442535376,9.765625e-05
10100001001011111111,36.0022342948617,9.765625e-05
01110000111100100111,21.307782771654406,9.765625e-05
00011110100010000001,14.66196313434327,9.765625e-05
11010010011010100101,17.161705597589776,9.765625e-05
01001111100110000111,17.602647133833838,9.765625e-05
01001001011100101010,22.707126517223475,9.765625e-05
01111110011010101010,17.417933712478955,9.765625e-05
10101111100000010000,37.30143937862732,9.765625e-05
11000010000001001000,18.963017859443806,9.765625e-05
11110101011110111011,20.94689172715642,0.0001953125
00100101011011011110,26.63281964107137,9.765625e-05
00011010000000000001,22.628703136829262,9.765625e-05
10001000110100100000,35.70207060023864,9.765625e-05
01001000101100111000,31.212603127258557,9.765625e-05
01111001000010100000,21.76803914469928,9.765625e-05
10010111011001000000,17.073351622906277,9.765625e-05
00001001110011011010,34.75148651248047,9.765625e-05
11001000001010100011,20.816560826283244,9.765625e-05
10110101001101011011,15.373678659329961,9.765625e-05
00010001111000100000,31.130143218356835,9.765625e-05
00011010101111111101,38.95462365303149,9.765625e-05
10011110101111111110,22.71331206482586,9.765625e-05
11111111111101001111,22.34793225820883,9.765625e-05
01011001110101000110,15.283924097925775,9.765625e-05
10111100100111000100,18.729642552520772,9.765625e-05
01010000111001110010,37.44180625110921,9.765625e-05
11110000100000101000,10.963017859443806,9.765625e-05
00011110001111101110,19.314418359286982,9.765625e-05
00000001001010100010,37.573515911666206,9.765625e-05
11000101010101010101,9.403839592465921,9.765625e-05
11100101110000010000,11.048596204797484,9.765625e-05
00101011101100011110,31.007457808799217,9.765625e-05
11100010100001010000,27.04580631297973,9.765625e-05
10000011101110011001,30.027172426845027,9.765625e-05
11111101111101000011,12.724913722167834,9.765625e-05
11110010110001001000,15.959449186661413,9.765625e-05
00100001000101001100,24.76782596263109,9.765625e-05
01000110001110101100,23.88954652044278,9.765625e-05
10100011011111001110,36.735923796348004,9.765625e-05
11101001000111011011,30.31536934613128,9.765625e-05
11011001101101000000,16.274005986823184,9.765625e-05
01001100111000000010,16.07681715451809,9.765625e-05
10010111110000001001,14.849166308346675,9.765625e-05
10011111110001011100,21.13731784965747,9.765625e-05
11010101000001000001,22.720016657659848,9.765625e-05
10010010101010010000,24.670683420335344,9.765625e-05
10100010000000110000,42.75515533298345,9.765625e-05
00111100011011111100,20.374636524221657,9.765625e-05
11110101000101101011,21.89963533075488,9.765625e-05
00011011101010011100,21.884227837561426,9.765625e-05
00110111010000010000,17.57421911868316,9.765625e-05
01110111011000100110,25.126728484765557,9.765625e-05
10000000001111011100,51.962946867801094,9.765625e-05
10010000000101110101,31.296745869614778,9.765625e-05
10010000111011000000,29.61317592754107,9.765625e-05
10000000100111001110,49.412768401890375,9.765625e-05
11101100111110011101,19.012185915570907,9.765625e-05
10000110001110100111,32.410109262191575,9.765625e-05
00010000111111001100,52.17875369643862,9.765625e-05
11010101101011001100,35.37881671199678,9.765625e-05
01001011010011001110,15.427874727226264,9.765625e-05
00110101110000000001,13.496983790235312,9.765625e-05
11100111011111111101,19.405027731539484,9.765625e-05
01111000111110100101,16.022447764516944,9.765625e-05
01101001110110100000,18.914991840833565,9.765625e-05
01110100100010010011,18.487696163873583,9.765625e-05
00100101110010011101,27.154686499277606,9.765625e-05
00100010111010111100,48.958112175415216,9.765625e-05
01010001110111101011,41.434584038160274,9.765625e-05
11100101111110011001,18.25008799393009,9.765625e-05
01001011101100000110,18.91690621058166,9.765625e-05
00110111100000010000,19.380399092667048,9.765625e-05
01111111110111010111,14.16376060138436,9.765625e-05
10101001011011100000,27.45177775024202,9.765625e-05
11001101001110001111,18.844154947789026,9.765625e-05
01100001100010111100,26.255430598304677,9.765625e-05
10111011000111110100,40.804907810754074,9.765625e-05
01111010100101000001,27.263949424005983,9.765625e-05
11110000011111111000,20.26203152268708,9.765625e-05
11010010001010111001,18.73154994625445,9.765625e-05
10011010011011110100,37.75213737634738,9.765625e-05
00110010011111101101,36.997020259821085,9.765625e-05
01011000110010010100,16.276861559411607,9.765625e-05
00000011000001010111,27.57682620949918,9.765625e-05
00010100001011011010,35.46615150534301,9.765625e-05
00100010001010100011,36.70787085786019,9.765625e-05
11000100000111100101,18.315742142085593,9.765625e-05
00101111100110010011,21.011783032817398,9.765625e-05
11000010011101110000,32.528698693224555,0.0001953125
11100111100001001100,18.260311403087066,9.765625e-05
00001010010101000100,52.083041533395495,9.765625e-05
11111101100001000100,27.195786749754078,9.765625e-05
01101001110001001111,21.09665346385047,9.765625e-05
01110101011111011011,20.786447061220336,9.765625e-05
00111101110000010111,13.710521231446975,9.765625e-05
01000100101101011101,34.02507867890262,9.765625e-05
01001010001011100011,26.942222041713542,9.765625e-05
11010100011000101010,20.520267815484587,9.765625e-05
11101110011111001011,32.32134064514912,9.765625e-05
11000110111011110001,20.045432695477153,9.765625e-05
00001001100000000101,23.001197825110516,9.765625e-05
01111010001001110111,27.482175199153193,9.765625e-05
01011000000000001101,17.733111615703393,9.765625e-05
11111110101111100010,21.54935396478384,9.765625e-05
00100000110111001000,49.3562793560123,9.765625e-05
11001101010110001101,14.603964675039105,9.765625e-05
11011000100001000000,14.425790665320811,9.765625e-05
11000001000100101100,14.272506259434047,9.765625e-05
10000001001110010010,32.341428059149244,9.765625e-05
11010011111101110100,14.680961207751505,9.765625e-05
11101111110011110100,23.62373715424706,9.765625e-05
11100101010101101100,13.757596263212918,9.765625e-05
01000101110000000001,23.53468247542909,9.765625e-05
01010100101100111010,40.528698693224555,9.765625e-05
11110010010011101010,21.308643187642026,9.765625e-05
01010110010011110011,17.89262612561972,9.765625e-05
10011111010101010111,25.305941467117517,9.765625e-05
01001101100110111100,22.51331273280071,9.765625e-05
00100010111001101001,47.10923808331021,9.765625e-05
11001110000100100001,23.330811110340612,9.765625e-05
01101100001100001001,16.086870272891687,9.765625e-05
10111111011011010110,31.325114407760104,9.765625e-05
00101101010001010000,16.871148720020983,9.765625e-05
01011011111110100111,18.05283273024142,9.765625e-05
11110000000101001000,14.42643350829314,9.765625e-05
00100001000110110100,30.071433721587372,9.765625e-05
11110011001000010101,24.193524463297862,9.765625e-05
00110000111110010000,27.941515906694164,9.765625e-05
00101101001101100111,14.40976832149787,9.765625e-05
01011011100011010010,20.533940317124248,9.765625e-05
10010110000101011100,19.04484564009848,9.765625e-05
01001010110111110000,33.358734630914526,9.765625e-05
11111100000100011111,18.17723280687797,9.765625e-05
00000100010111100000,33.69581435526081,9.765625e-05
00110001100100100011,19.198055609898923,9.765625e-05
01011100111011110110,21.949180568841022,9.765625e-05
10101000000111110011,52.841303026784274,9.765625e-05
01111101111111010010,11.450791463693504,9.765625e-05
11110111001000101111,33.77179697967996,9.765625e-05
10101101011011000010,19.710521231446982,9.765625e-05
01010110100100010000,13.893050246875571,9.765625e-05
00011000111011111000,39.17833466313256,9.765625e-05
11000000110000011000,18.24897530879136,9.765625e-05
11100100111010111000,17.370190566260217,9.765625e-05
10110110001111011111,25.754174378943173,9.765625e-05
01101010111101001100,38.138223458526326,9.765625e-05
10001000011010100010,33.211041457809614,9.765625e-05
00001001101011110110,34.43863555863441,9.765625e-05
01101110110101101010,24.141081839104302,9.765625e-05
10010111001001111101,19.46746841009422,9.765625e-05
10011011110100001100,22.56281629873662,9.765625e-05
10100000110101001100,47.13064937807597,9.765625e-05
11000100011011101111,29.370853075573716,9.765625e-05
10000010100000101010,30.309472472359936,9.765625e-05
11101111111100011100,24.632531876325448,9.765625e-05
10000111010110101010,20.232596820225655,9.765625e-05
00000011101100110001,34.40921678380329,9.765625e-05
01101101111010001001,20.5367762233715,9.765625e-05
00111010110001001011,32.2348769223768,9.765625e-05
01001010100001100110,27.372811794608932,9.765625e-05
11110000001111000000,15.821157533642122,9.765625e-05
01011111011001001011,20.723064102469095,9.765625e-05
11101010011000011000,41.794390073958915,9.765625e-05
00001100100100010100,22.10001060891068,9.765625e-05
01010110011010110001,17.470038018874142,9.765625e-05
00011110100111001001,13.978543425225812,9.765625e-05
00001011000100000100,23.94576906171347,9.765625e-05
11011000000111111101,21.16574930925176,9.765625e-05
11010010000110111101,17.88518153442827,9.765625e-05
00010011000011111010,25.00230528650441,9.765625e-05
01100010011011011010,29.673252207157347,9.765625e-05
11000101001011111010,27.470038018874142,9.765625e-05
11111010000100000111,43.30612946483243,9.765625e-05
11101011110010101000,25.647862859864087,9.765625e-05
11101101011000000110,18.670812186013002,9.765625e-05
01011100001110101011,21.243036170141206,9.765625e-05
00000111101010011110,29.929820234051903,9.765625e-05
10011011101101111110,25.87820428252074,9.765625e-05
00111010010000100100,34.66289716486894,9.765625e-05
01000001100101110000,28.68925527728305,9.765625e-05
01101111111111111110,15.393672999590924,9.765625e-05
01101101111111101000,18.618944944719875,9.765625e-05
01010000100000001101,26.42579066532081,9.765625e-05
11100010110100111111,37.624903760551014,9.765625e-05
11101100111100111010,12.776683976756528,9.765625e-05
01110101110111101001,25.396444977337083,9.765625e-05
00101001110000001101,29.38528439756959,9.765625e-05
01100101011111011001,20.99731955045384,9.765625e-05
11001100101011010111,16.755373026011604,9.765625e-05
00000010010010111111,53.69066183296601,9.765625e-05
01111110010100110101,21.38230648640073,9.765625e-05
01110000110111000110,20.443608729313453,9.765625e-05
01110110000101011100,15.954840072403222,9.765625e-05
11000100011110011101,22.37500933101579,9.765625e-05
11001111110101110110,15.393547656720692,9.765625e-05
01011001000101000001,16.57463564910674,9.765625e-05
11101001011010011110,19.606707507547192,9.765625e-05
01110011000001011100,17.444292352174067,9.765625e-05
10100010011011110000,51.8243568549138,9.765625e-05
10110100000110101011,16.95847809332214,9.765625e-05
10111010001001111111,47.1901949183462,9.765625e-05
01111110010010101011,19.389090320548256,9.765625e-05
00001011111111001101,35.67198963199747,9.765625e-05
11110100011100000000,7.343709070385508,9.765625e-05
01100000110111101000,38.586523096002814,9.765625e-05
00011001001001000101,16.9463878848159,9.765625e-05
00010011011001001001,17.052989721232205,9.765625e-05
01111101001101000111,14.723064102469102,9.765625e-05
00010100000110000010,21.716440910896022,9.765625e-05
01010010010111000001,16.982191866602747,9.765625e-05
10011110101110101111,19.979548654534256,9.765625e-05
01010010000110111000,19.229796213682622,9.765625e-05
01100110110100110000,17.617374029387783,9.765625e-05
10010011101010001010,23.111149743035764,9.765625e-05
01011000010000100101,13.242258112757813,9.765625e-05
10110011101011101101,21.12031227108569,9.765625e-05
10010111100010011000,21.07397406511636,9.765625e-05
00001111010001100001,16.733370213575057,9.765625e-05
10000010010000000001,37.62904407752297,9.765625e-05
11110000001000000000,10.917260368883131,9.765625e-05
10101000011110111010,48.17779841661424,9.765625e-05
11101010100110000010,36.39160568686404,9.765625e-05
10110000000100100111,24.42417122183692,9.765625e-05
11111100010111110110,13.75914678862259,9.765625e-05
11000001001010000100,16.784590035444882,9.765625e-05
11100001001001111100,16.181228430541957,9.765625e-05
10010100011011100010,25.61893246153318,9.765625e-05
10100000001000011000,31.541546900129077,9.765625e-05
00010100010010101000,27.674801568083645,9.765625e-05
01100111100110001101,19.222427223060862,9.765625e-05
11101100111111011111,21.244754314139744,9.765625e-05
01111001000101110111,17.731430230159702,9.765625e-05
01100000100011110001,32.57497305822964,9.765625e-05
11010100001110010000,15.714622422876648,9.765625e-05
01101001011000001100,15.56507785077177,9.765625e-05
10001000011010110000,36.418325891346996,9.765625e-05
00110010100001001101,25.845384453496095,9.765625e-05
11100101000001110101,14.611496185503565,9.765625e-05
11010011110000001100,8.915953248135887,0.0001953125
00010101100100111010,37.8538936806973,9.765625e-05
10100010001110100100,45.13481216937865,9.765625e-05
10011001101000100000,17.081201610573533,9.765625e-05
11000100101110001000,22.885755888640368,9.765625e-05
01001011010000000111,19.445261242250147,9.765625e-05
11010110011010101100,17.04484564009848,9.765625e-05
10001111011110000100,23.140201843902716,9.765625e-05
00100011110001001110,25.397915988802136,9.765625e-05
10000011101111100001,30.021471164005384,9.765625e-05
00110111111101101111,17.46404371783491,9.765625e-05
11110000111110000010,12.299257791486951,9.765625e-05
00111001110001110000,17.70103278124853,9.765625e-05
00110010000111101001,28.12041532512907,9.765625e-05
01110011101010110001,23.202776827783396,9.765625e-05
01101100011000001110,14.575709062068332,9.765625e-05
10100101000001010100,17.15745064163305,9.765625e-05
00110110110000110100,20.181228430541957,9.765625e-05
11011100100001000010,15.892180966399266,9.765625e-05
11001011100100000010,23.696504344670007,9.765625e-05
10000100110010111100,33.65127061744096,9.765625e-05
10010001100000000001,15.91152975366536,9.765625e-05
10111001000101111010,25.602647133833838,9.765625e-05
00010001011110000101,27.678989063968462,9.765625e-05
01010100001101111111,32.40448243543825,9.765625e-05
00001111000110000100,14.248075941515857,9.765625e-05
11011101101111010100,17.207929350078203,9.765625e-05
00111000010111111111,40.93538678388781,9.765625e-05
00100101110010100010,26.096091505697867,9.765625e-05
00110111000001011010,19.739981645542684,9.765625e-05
01110001111010000100,16.62637132757247,9.765625e-05
11000010010101101010,29.914991840833565,9.765625e-05
10111100101010101011,15.198113383933872,9.765625e-05
01000110010010110001,16.77356209586096,9.765625e-05
10110101000111001100,17.73992731595135,9.765625e-05
00100100001010010011,24.535702723282707,9.765625e-05
10011001110001110011,20.72474583094789,9.765625e-05
11101110111100010101,32.6984062312314,9.765625e-05
01001101010111001100,13.803353753773594,9.765625e-05
10001010111011100010,43.19621766267844,9.765625e-05
10110100101111100011,17.51091646776182,9.765625e-05
11010000101100001011,23.06862342900738,9.765625e-05
10111010110011101101,42.2222950129396,9.765625e-05
11110111001101101010,28.065575347744087,9.765625e-05
01000011101110101110,32.9559315081998,9.765625e-05
11001010000000111010,26.52682522831997,9.765625e-05
00001111101010111001,20.678882663858154,9.765625e-05
10010010101111111111,43.377221445814016,9.765625e-05
01011011010010101110,15.3135294124695,9.765625e-05
01010100111011100100,37.59640475375764,9.765625e-05
10000100101110011100,34.32855122344784,9.765625e-05
01000101000110011000,25.86788018640782,9.765625e-05
11111010100010000100,31.29011202345542,9.765625e-05
11111001110010101110,14.600727256913462,9.765625e-05
11010001110101000110,13.32687129590646,9.765625e-05
01000110110111010001,20.29435023023356,9.765625e-05
00110101101111000011,19.90966182840907,9.765625e-05
11000001100111000000,17.84911124433427,9.765625e-05
00010101101111100010,43.54087938505062,9.765625e-05
01011000110111011000,24.470269653091304,9.765625e-05
11000011100001001001,14.384378788700738,9.765625e-05
00100000110000001111,44.43942123342863,9.765625e-05
11100110111111100000,21.0742343281304,9.765625e-05
11101010001110010011,44.4255334174364,9.765625e-05
10101011100011001010,33.3698638718626,9.765625e-05
10111001001111011100,26.355464405127332,9.765625e-05
11011110001111111000,14.899368004599218,9.765625e-05
11011011100011010111,23.01676876886797,9.765625e-05
10100011100111100110,30.2838399758025,9.765625e-05
00110100100100100001,12.471294341600855,9.765625e-05
11110110010010101111,20.701020385189032,9.765625e-05
11110110010110110101,18.200994668156568,9.765625e-05
00101010100100111000,46.28946564891227,9.765625e-05
11111001101111111101,18.59121870022003,9.765625e-05
11111000101011101010,16.84497092736232,9.765625e-05
01111110100100100000,22.25280684543729,9.765625e-05
01100101010001100101,15.606707507547187,9.765625e-05
00110001010001111001,22.488300899152133,9.765625e-05
00110110111100011011,16.211153375932028,9.765625e-05
11110001001111010000,17.04539093619971,9.765625e-05
01111110011000101000,20.670812186013002,9.765625e-05
01000011011010000100,13.448354701488896,9.765625e-05
00100111101101000101,15.97854342522581,9.765625e-05
10111101111010100110,17.443376235719995,9.765625e-05
11100100011010001001,17.59131874997361,9.765625e-05
10001010100000101010,33.449684002299605,9.765625e-05
01010001001111111011,43.8728280327445,9.765625e-05
01100001110111100001,28.555736189085955,9.765625e-05
11110011011101111010,19.202776827783403,9.765625e-05
00001001101101111110,39.935992144824034,9.765625e-05
01110111001010011010,31.585237508025187,9.765625e-05
00101111001100111110,23.35465738800975,9.765625e-05
11100111011001101101,20.087442211348502,9.765625e-05
01010101100001110101,32.27816253653252,9.765625e-05
11010000110101010010,18.246084338531706,9.765625e-05
01100010001001111100,29.624925929774673,9.765625e-05
00011010001011100100,25.465836189156377,9.765625e-05
01100000100101101011,36.75148651248047,9.765625e-05
11101001000101010101,32.20223153168217,9.765625e-05
01101010111111001010,32.95584093734311,0.0001953125
11011100110010101001,11.092523742000598,9.765625e-05
01001001000100010111,19.899651171257975,9.765625e-05
01010001111110111101,43.59914685184466,9.765625e-05
00110111100100011001,14.774172142011551,9.765625e-05
01011000101010101110,30.9074834519937,9.765625e-05
00100010101001110111,50.19612178094972,9.765625e-05
00110111010110101011,17.597738739782706,9.765625e-05
00101010110101101101,64.61978309351682,9.765625e-05
11011000110000101101,12.78916282131053,9.765625e-05
00110110100110111011,19.38570020441192,9.765625e-05
01111010111111111000,23.264832129230115,9.765625e-05
11110100110110110001,7.4069677149548365,9.765625e-05
10111111100000011010,36.42154475894699,9.765625e-05
01101111000011111111,21.752510564535964,9.765625e-05
01111000011110111001,18.329826488934472,9.765625e-05
10010100011011101100,27.27459376578311,9.765625e-05
00100011110001010101,31.66738125216034,9.765625e-05
00111011011010001111,20.159611027689444,9.765625e-05
01000100010101011000,20.192226207039305,9.765625e-05
00000110011000100100,28.14456058832388,9.765625e-05
10111001011100000000,20.628703136829266,9.765625e-05
01100100010111000000,16.43295625787836,9.765625e-05
01111010001010010010,19.464658117514233,9.765625e-05
01010011001010101011,32.2172090913404,9.765625e-05
01100011101111111010,26.974585196470713,9.765625e-05
11001011111111011001,25.708581160904423,9.765625e-05
10111101010111100001,16.81642870328918,9.765625e-05
01001001100010001101,24.09246596796565,9.765625e-05
00010000100100101000,33.114143767338795,9.765625e-05
00011111000011101110,19.579756316140937,9.765625e-05
00111001001010000000,14.615245705322408,9.765625e-05
00001011000110101000,21.02759684236814,9.765625e-05
00111101111101000000,7.60670750754719,9.765625e-05
00101110100010001101,29.14384133366376,9.765625e-05
01100011011001110110,19.84593086582251,9.765625e-05
00001011110001011111,36.50997869852528,9.765625e-05
01110000110011000010,16.750033756864138,9.765625e-05
01010000001011100011,37.440430935869,9.765625e-05
10010000010011000110,30.484831541702253,9.765625e-05
01001101100100010001,16.139230467135995,9.765625e-05
11100111011011100000,21.22106624165359,9.765625e-05
11001011111111000111,25.852379913742478,9.765625e-05
01010111001110110001,27.237096089929924,9.765625e-05
11100110001010010000,21.533281252254355,9.765625e-05
10110111010111010101,22.457643492333997,9.765625e-05
10101111111110111010,25.74589362539606,9.765625e-05
11010111011000111000,21.811919638784573,9.765625e-05
01110111010010010010,22.289602544247906,9.765625e-05
00011010010011110000,28.004303043954714,9.765625e-05
00111000011000001110,21.59131874997361,9.765625e-05
10000110100100001011,23.05513935514494,9.765625e-05
11000001101011011111,32.11203868985324,0.0001953125
10011111110100011001,18.81093679667966,9.765625e-05
10111110001100001011,30.352840652259957,9.765625e-05
01100111001011011110,17.360027504956026,9.765625e-05
11010001000000000001,16.774257281983335,9.765625e-05
11110001110101101111,12.890509081388657,9.765625e-05
00111001100000001010,17.95011541007514,9.765625e-05
00000101010001010000,16.735019009437067,9.765625e-05
10000111101100100011,23.47476268120223,9.765625e-05
01011110010101010000,12.453143379445272,9.765625e-05
11000001101011000110,24.817374084994178,9.765625e-05
10001101001100110101,16.791708595724423,9.765625e-05
01000111000010010011,20.511654250901742,9.765625e-05
11000011110000001100,8.766381299254355,9.765625e-05
01110100111101110101,14.959766489289333,9.765625e-05
10010001011001000000,15.368273486489578,9.765625e-05
11100101111000111011,18.85539611810898,9.765625e-05
00011000111001101011,36.06247184271011,9.765625e-05
11101001101001000010,16.241141259594222,9.765625e-05
01101100000110101011,18.972947730151844,9.765625e-05
00100010011110100100,47.06796465840475,9.765625e-05
10101111100100100100,33.809109346204586,9.765625e-05
10001011000110011011,35.49105433762212,9.765625e-05
00001100111000010101,28.54249435540257,9.765625e-05
11011000000100001000,14.18188720114459,9.765625e-05
10100000011110111110,55.75123343262091,9.765625e-05
11110111001100111110,26.782099646342317,9.765625e-05
01010100101001011111,37.07142403555042,9.765625e-05
00110010111111110010,36.119766447703455,9.765625e-05
10010001100111011111,31.354264936510628,9.765625e-05
11101110001000110110,31.783338289169144,9.765625e-05
01001111111001000011,16.86983117881572,9.765625e-05
11001111011001110100,15.611132046897879,9.765625e-05
10101010110101011110,74.30543947542324,9.765625e-05
11111000001111101000,19.332656240715572,9.765625e-05
11000111001001011100,12.716569676573675,9.765625e-05
10110111011111101011,18.563492455720187,9.765625e-05
00101011101100100000,26.055203370773235,9.765625e-05
00110010111000000110,22.5520103073329,9.765625e-05
01111100010110010100,8.983695947520616,9.765625e-05
10010011001110101000,18.128536258059647,9.765625e-05
10010000100010101110,32.84999468397947,9.765625e-05
10001101010111000001,17.273681180899843,9.765625e-05
00111110001000101011,20.535928388537595,9.765625e-05
11100110101010110010,20.28040548874285,9.765625e-05
00101111100000000000,24.44567317458656,9.765625e-05
11010110100101100001,13.299444331199556,9.765625e-05
00000110101110100011,36.006465193530154,9.765625e-05
10111011101001010100,34.64560130782894,9.765625e-05
01000001001001001010,29.311978152638765,9.765625e-05
11000110010101000100,18.185346578290257,9.765625e-05
01010010011010101000,19.58005812045254,9.765625e-05
00001010011010011001,42.199424683545786,9.765625e-05
01000111111101001100,17.849111244334267,9.765625e-05
00001010111000001110,42.00215152197735,9.765625e-05
10110111000011110001,25.37092967235572,9.765625e-05
01100100000000110000,14.227270867062625,9.765625e-05
10011111100010001011,24.931951317438994,9.765625e-05
01011110111110111110,17.297504260657,9.765625e-05
01110110000100010011,14.570058400948977,9.765625e-05
11001011000010000001,25.683053154756493,9.765625e-05
11110100111110000001,8.424171221836923,9.765625e-05
01111010100111011101,28.539439112620986,9.765625e-05
01110010100111011110,22.434165657090453,9.765625e-05
11100011010010100000,21.647862859864087,9.765625e-05
00110011000111111110,23.999327189831682,9.765625e-05
00111101011001000010,10.333607227559874,9.765625e-05
00111111011110011101,17.69229656762615,9.765625e-05
10011011000000000100,29.807189469284204,9.765625e-05
00010101110001111011,34.97134868743019,9.765625e-05
00000011101101011000,30.293756198840473,9.765625e-05
11110001110101001000,8.814534440036063,9.765625e-05
01010000101000101100,37.26597102666213,9.765625e-05
11000011001001111110,18.3107280715054,9.765625e-05
11111010001011100010,30.421421511281444,9.765625e-05
10000101010100000010,17.770151530294534,9.765625e-05
11011110111001110001,14.607338912212985,9.765625e-05
00100100111111101100,44.53698839838755,9.765625e-05
11010001100000010111,19.515192526425835,9.765625e-05
10010111011101101001,13.446378389680998,9.765625e-05
01110000000101110100,18.670683420335347,9.765625e-05
11110111000111001101,24.30594646753046,9.765625e-05
10000001000010000100,19.610835341332443,9.765625e-05
01001001101100000110,20.566025306045262,0.0001953125
00110011100010110010,21.346910279721808,9.765625e-05
00011000011111011100,39.09329089915484,9.765625e-05
00010001100010001010,37.22466035343919,9.765625e-05
11110001111101010101,10.488300899152133,9.765625e-05
11010001110100011001,13.871385872250247,9.765625e-05
00100100011111011001,36.493733067374706,9.765625e-05
01101101010111110001,15.299135463746337,9.765625e-05
01011101101011011101,29.816840635625596,9.765625e-05
11001100101010101110,18.70835369471212,9.765625e-05
10001111110100111110,23.59424459062349,9.765625e-05
00011101111110101010,28.477882782796563,9.765625e-05
11010010110111110100,20.864091514015044,9.765625e-05
10010100100000010101,16.422077473894515,9.765625e-05
00010011011011110100,24.20642871360394,9.765625e-05
01011010100110000010,17.24985185954934,9.765625e-05
11000101111110110010,28.218200808773815,9.765625e-05
11000101011100101011,23.83382210720028,9.765625e-05
00011001010011001011,20.890509081388657,9.765625e-05
10010110111111010101,24.508115861218783,9.765625e-05
00010011110100010000,16.5371171640652,9.765625e-05
01001011001110010101,19.157096483331586,9.765625e-05
10100100100100111011,24.065478361039656,9.765625e-05
10011101010101100100,11.670553723936381,9.765625e-05
10001011011100011100,38.56603154763861,9.765625e-05
00000110011101001001,29.53333371541726,9.765625e-05
11101011011010100110,27.07150054520523,9.765625e-05
01000110100111101000,23.71925120347601,9.765625e-05
01100100010111110011,24.293373629722005,9.765625e-05
11010000101001000010,21.581018793333797,9.765625e-05
11100101101001011100,12.5656906069449,9.765625e-05
00100100110011011000,30.803805594741206,9.765625e-05
00110100110000000101,12.941586898336876,9.765625e-05
11100111000001111100,21.26223128000744,9.765625e-05
00101100011111110010,26.142964266464595,9.765625e-05
10001010001001011111,54.61894494471987,9.765625e-05
11000010110101101100,28.924679041300244,9.765625e-05
10000110101010001100,25.00209374794241,9.765625e-05
11100000010010001000,19.828397562285986,9.765625e-05
10000100110011110110,38.1535962013424,9.765625e-05
00011101100001101000,23.932613532485238,9.765625e-05
10001111010001100111,26.511654250901742,9.765625e-05
01111000111100001101,16.229738439647676,9.765625e-05
10011100010010101001,12.740341223889235,9.765625e-05
11010111000000010000,28.89602218908216,9.765625e-05
10000110010001101000,23.211038736947256,9.765625e-05
10100110100001000000,25.645056011727707,9.765625e-05
10000001010001000010,22.607613116416037,9.765625e-05
11101110110000110000,29.46285900156878,9.765625e-05
00100101011100100001,20.741288679162725,9.765625e-05
01010000000100000011,19.62492592977467,9.765625e-05
00010101111100111001,36.42492337128579,9.765625e-05
01011010111101111000,24.341428059149244,9.765625e-05
00110110010101100100,21.08834782021735,9.765625e-05
11010011000111000101,15.461378852983948,9.765625e-05
11110001101111000010,17.983142853447045,9.765625e-05
01010100110101111110,31.99901715789509,9.765625e-05
01001000010111010101,37.19654339932309,9.765625e-05
01110111101010101110,37.89195288538909,9.765625e-05
01111011100001100111,24.248496014350053,9.765625e-05
11110010111111011000,19.474521899025483,9.765625e-05
01100110010000000100,18.039536643254078,9.765625e-05
00100111000001010011,18.586336839761103,9.765625e-05
00101100101010000000,15.757843101479137,9.765625e-05
10000111110100010111,23.600787740970947,9.765625e-05
00110100001011000011,17.07280123885525,9.765625e-05
11111101000101100110,23.93860627714548,9.765625e-05
10011001001111111111,26.285734886349488,9.765625e-05
11011010101001010000,23.898703715984485,9.765625e-05
11000110000000010101,16.041112782331012,9.765625e-05
00101000110111000010,43.47301248559939,9.765625e-05
11000101001110000111,24.73154994625445,9.765625e-05
11000111100110010000,14.099633339824429,9.765625e-05
00011111110011110110,17.405027731539477,9.765625e-05
11010000010101101011,20.07788276950734,9.765625e-05
10010011001001101111,23.31893066109514,9.765625e-05
00000100100010001100,36.32664309529309,9.765625e-05
00001001110111001100,35.3670109113297,9.765625e-05
10100110101111101001,28.556754636002157,9.765625e-05
11100000000001011101,27.712722212297443,9.765625e-05
01100000110111001010,36.24923372115915,9.765625e-05
00001001101010001011,33.65997153135912,9.765625e-05
11111011010111000011,35.182943228063905,9.765625e-05
01111001100101101111,19.95178753964418,9.765625e-05
11101111111100001101,27.149626278472873,9.765625e-05
11000011111101000101,20.677132468255316,9.765625e-05
01110100010010000111,14.005138482729121,9.765625e-05
11111111001011101001,36.9216763380124,9.765625e-05
10001000100000001010,28.60551936847363,9.765625e-05
01101011101010010011,21.731430230159702,9.765625e-05
01101111110001011011,20.586336839761103,9.765625e-05
00000010000001011110,42.403493133760115,9.765625e-05
10011111101101101000,17.37095873046659,9.765625e-05
01001101010111001001,16.008411505666057,9.765625e-05
11000101111100001001,20.449684002299612,9.765625e-05
11111011000001010000,46.01049450105516,9.765625e-05
10100011101010111000,25.70103278124853,9.765625e-05
00011111100011100110,20.202829094646066,9.765625e-05
00111111100011011111,19.945151315557556,9.765625e-05
01100011011011101010,21.17123497426793,9.765625e-05
00001001111100000011,32.58100557572603,9.765625e-05
10010111011000001110,22.61524570532241,9.765625e-05
11100010111101010000,34.44277940717717,9.765625e-05
11000111001001111110,17.269701484866154,9.765625e-05
10100101010001110001,19.56566146170683,9.765625e-05
00100001011100101010,32.2460843385317,9.765625e-05
10110101111010111101,22.689431211033753,9.765625e-05
00010000110011011100,46.42025182435685,9.765625e-05
00111011111000000001,19.135056297622324,9.765625e-05
11011001010011010110,14.470879699241896,9.765625e-05
00010110101011000101,24.603421267002492,9.765625e-05
11110110011111101110,19.19232499468115,9.765625e-05
10011100111110101111,20.773517746573837,9.765625e-05
11111001101000100000,19.25094474255186,9.765625e-05
11110001111010100000,15.236404114079441,9.765625e-05
00100111111110100100,22.606636515904476,9.765625e-05
00011011000110011011,20.78195495303435,9.765625e-05
01110101000000010101,21.65169784095363,9.765625e-05
11101001110111100010,19.84593086582251,9.765625e-05
11000110111010100110,23.132872098836096,9.765625e-05
00111101101111101001,16.499703719098683,9.765625e-05
00000110000001000100,20.409531892849856,9.765625e-05
01011000011111011010,24.393734941650727,9.765625e-05
11000100110110001011,23.238169317387644,9.765625e-05
11101110111110111101,26.236419318128497,9.765625e-05
00111011111101101101,24.43045246566415,9.765625e-05
11011000010001000100,15.418771567008642,9.765625e-05
10100011101101011100,30.929979086528753,9.765625e-05
01000111000011001000,17.023485670634255,9.765625e-05
11111101101111100011,18.727765861152466,9.765625e-05
00100000001010101011,42.983486504163295,9.765625e-05
00101111010100101110,27.80717904882617,9.765625e-05
10000111000111101100,15.151418124136661,9.765625e-05
11111111101101001011,29.78990192740605,9.765625e-05
01111011101110110001,21.230441130223443,9.765625e-05
00011010000011111010,27.84593086582251,9.765625e-05
10010000101110100011,35.45679276238334,9.765625e-05
10001100101011101110,26.935998386417385,9.765625e-05
10001001110100101101,30.917095274812933,9.765625e-05
10110011001000010101,27.728736943651924,9.765625e-05
00010010010101011010,32.994841236111846,9.765625e-05
00111101000101110011,11.91278389480851,9.765625e-05
00001001000111011110,32.26203152268708,9.765625e-05
10000101010011011011,24.40593334040833,9.765625e-05
01001111110011011111,14.317167433388413,9.765625e-05
01011000111110000010,19.533333715417264,9.765625e-05
01011101110010100100,25.73009977570544,9.765625e-05
01100011010001111110,21.066352190935277,9.765625e-05
00001001110000101110,30.415146236416483,9.765625e-05
00001110001111101100,24.784235877143416,9.765625e-05
11100110110100011100,19.54215414912993,9.765625e-05
00100101001010010000,19.667499303112717,9.765625e-05
10011100111001111110,22.166771200611564,9.765625e-05
10010001101111011110,35.58047465087612,9.765625e-05
00011010010111111000,32.5063399431853,9.765625e-05
01100100011110101001,26.69917962997899,9.765625e-05
11110101110101001001,11.068568462962002,0.0001953125
10001000000100000100,36.29473904094538,9.765625e-05
01110111000110000110,25.27834889074125,9.765625e-05
10110001111111110111,28.682517996390708,9.765625e-05
01110101000101000000,19.31395382799262,9.765625e-05
11001100101010010010,13.642105515163532,9.765625e-05
00111011101001011101,25.281990356103773,9.765625e-05
00110010111101010110,35.58047465087611,9.765625e-05
10001100100000010010,17.980203686426012,9.765625e-05
11111010111001010100,32.598892830423964,9.765625e-05
10101100001000100000,21.358084604787724,9.765625e-05
10011101101101101001,14.312227798894542,9.765625e-05
01010110110001001000,15.850071917215525,9.765625e-05
11001100100111111111,18.045432695477153,9.765625e-05
01101111100100010100,22.392954359748664,9.765625e-05
11110011000011011100,21.91648959262123,9.765625e-05
00111110001111001001,16.979494412070114,9.765625e-05
11001010100001010011,34.55503649200362,9.765625e-05
00010001001000000000,21.528095710215574,9.765625e-05
00000001100111010100,38.51602714365198,9.765625e-05
00101111101010111100,21.390959312320906,9.765625e-05
11111111000011111111,34.64785253737308,9.765625e-05
01101101010101111101,17.56566146170684,9.765625e-05
01010101011101101100,29.86576602151134,9.765625e-05
01000001000100001101,23.666328120357786,9.765625e-05
10000010101110101000,36.68542653778685,9.765625e-05
11100011101011101010,20.079719993146576,9.765625e-05
11100111010111011111,21.202661290553326,9.765625e-05
11100111010010110000,23.131381213889803,9.765625e-05
11011100111101010001,6.766315825623745,9.765625e-05
11110011111010111110,16.079719993146576,9.765625e-05
01110010100000000010,14.784175393085924,9.765625e-05
01011100011110000100,10.188156870870245,9.765625e-05
00011011101011111101,25.483280586978594,9.765625e-05
00101101111000101101,21.58197873179399,9.765625e-05
01000001011000111111,36.933188093837394,9.765625e-05
01100010100101100000,27.62492592977467,9.765625e-05
11111100110000011101,13.157450641633055,9.765625e-05
00010111011011000010,19.91264690109621,9.765625e-05
01111110101011101010,21.386202794732213,9.765625e-05
01111001111001110111,13.488005249306678,9.765625e-05
10010011010001100000,15.600649082116275,9.765625e-05
01101111001101110110,18.395458582025178,9.765625e-05
01011011011100000110,14.182795618002999,9.765625e-05
01011111010101000110,16.44621222909445,9.765625e-05
11100000101111000101,30.556712789597515,9.765625e-05
01000001001101110111,35.8509839856576,9.765625e-05
11000111110001100101,12.165820300894463,9.765625e-05
11101100110111101000,17.581978731793985,9.765625e-05
00010100001011001101,32.367961898174,9.765625e-05
00110100111000110100,21.453426546104033,9.765625e-05
01101101001100001010,19.05706620807974,9.765625e-05
11011010001101000001,28.01775776543903,9.765625e-05
10110101010101010000,12.516139981699332,0.0001953125
10001100100101011111,29.313873063185746,9.765625e-05
01110110001111000011,15.597738739782713,9.765625e-05
00100010010000011101,49.222307284043865,9.765625e-05
11100011111011111010,20.570128679806807,9.765625e-05
10100100101010100011,25.607583971177974,9.765625e-05
11010110011010100101,16.554082795136782,9.765625e-05
11110010011001011101,25.111149743035764,9.765625e-05
10101010010101100101,82.29342149974013,9.765625e-05
00111100011011010011,11.179823970063683,9.765625e-05
01110100011011101111,24.983071861804337,9.765625e-05
00110111010010100100,20.040724782327636,9.765625e-05
11110110100111100110,20.1008100135598,9.765625e-05
01101100001001111111,17.470038018874146,9.765625e-05
00001101001000011110,20.32926432364181,9.765625e-05
11100001110001110001,16.71737868013256,9.765625e-05
10100101001110111011,26.13094358075893,9.765625e-05
01101111011000100010,22.663898949733777,9.765625e-05
00111010011111000110,34.11667278132465,9.765625e-05
11110111100010010111,27.910822258610693,9.765625e-05
11101110111111101001,26.15516618595318,9.765625e-05
11100110010110110000,23.507640626038953,9.765625e-05
00001110100101010101,29.870175563953033,9.765625e-05
01100001111011000011,26.143226199563372,9.765625e-05
10001111001001000000,22.567611218286345,9.765625e-05
11001111100001110010,18.82287764244576,9.765625e-05
00010010110001001100,28.45067562135635,9.765625e-05
01011111110111111001,14.772572364868836,9.765625e-05
10101001000110111010,32.27937275770253,9.765625e-05
11000110000001010100,15.30076187240482,9.765625e-05
10010100110011100010,24.21626779053306,9.765625e-05
01110011110000011011,15.412466597578769,9.765625e-05
00000101111010101100,46.713069394584494,9.765625e-05
00011011010111111101,24.661643660928153,9.765625e-05
00001111100111111100,17.044491481797007,9.765625e-05
11001111101011111110,14.938522067895006,9.765625e-05
10101000001110001001,42.666970963330115,9.765625e-05
00110000000111111001,34.44504555729948,9.765625e-05
01100111111111011101,16.42082648367603,9.765625e-05
00111100111011101001,16.733268090252988,9.765625e-05
00010010000100000101,22.183980949087,9.765625e-05
00000100000010000000,21.966081231883358,9.765625e-05
01100011111110100001,24.310589619790786,9.765625e-05
10000111100111101101,17.13312871026647,9.765625e-05
11101111110101110101,29.05112706942959,9.765625e-05
11001001111101001111,24.07788276950734,9.765625e-05
11110110000011111000,22.446212229094446,9.765625e-05
01000111110100000110,17.226985921102635,9.765625e-05
11001011111000011011,23.157096483331586,9.765625e-05
00000110110100000001,24.611782796605933,9.765625e-05
10111100011101000110,20.536776223371497,9.765625e-05
01111110000011111101,23.600787828098145,9.765625e-05
00010101111010111100,47.617436265714844,9.765625e-05
10011100101011110001,15.882373962710638,9.765625e-05
00001011000101100100,25.667499303112717,9.765625e-05
01000101100011010110,29.57875650687758,9.765625e-05
01111111110010100010,26.917837825352045,9.765625e-05
01100101110111111111,28.01066517260167,9.765625e-05
11010000110010011100,16.906470305109718,9.765625e-05
10001011010001100100,33.54608959919554,9.765625e-05
01101001110110000110,16.76404531113289,9.765625e-05
00001001111110001010,36.13347933699713,9.765625e-05
01100011011011000010,16.37350533722512,9.765625e-05
11010000000010001000,14.766381299254355,9.765625e-05
10110111001110001010,24.239114149765797,9.765625e-05
11111110000010100000,38.35887941134969,9.765625e-05
10000111101011010010,21.45080114973046,9.765625e-05
11010011111010010111,19.00230528650441,9.765625e-05
00111011111110101001,19.604365277832372,9.765625e-05
11001111011010000000,20.25280684543729,9.765625e-05
10010000001111010101,36.983486504163295,9.765625e-05
10011000001000100010,18.348047424884253,9.765625e-05
11000110101001010001,15.947323031566746,9.765625e-05
01111100011011010010,7.490042132299266,9.765625e-05
11100011000011101010,22.701020385189032,9.765625e-05
10100010110000010101,52.729081328789235,9.765625e-05
00010100010110111110,36.090532139016446,9.765625e-05
10011010101101100001,30.89818519803388,9.765625e-05
10001100111111100010,27.14016365992156,9.765625e-05
01000010100000110100,24.09688872801511,9.765625e-05
11110010110010000011,16.552893834105298,9.765625e-05
10010001010000110100,17.273054999978886,9.765625e-05
10110100001110101010,19.16293901667177,9.765625e-05
00010001110100111001,34.99835838729246,9.765625e-05
00110001011001000110,14.75290879949349,9.765625e-05
10000111101010010001,20.723692699145335,9.765625e-05
10010110111100101011,20.329826488934472,9.765625e-05
00110001001100001011,19.003281887015973,9.765625e-05
10100010011110010001,57.28817195291286,9.765625e-05
10100010111001001001,45.77718564715188,9.765625e-05
00001110000101010001,26.010380852299356,9.765625e-05
11001000001001001010,21.39227685352617,9.765625e-05
00010110110100101100,22.276861559411607,9.765625e-05
00000100000100001101,28.096888728015113,9.765625e-05
01011000000011000000,15.33863098417702,9.765625e-05
01011110111110010100,11.474104634180842,9.765625e-05
01101111011101100010,19.367852053620084,9.765625e-05
10110101111011101110,23.472591601647085,9.765625e-05
10110100110111000010,14.251238748891128,9.765625e-05
10110001000000000000,15.774909810992618,9.765625e-05
01110011110010000100,10.81041702670883,9.765625e-05
00010111000010111000,24.712451528825376,9.765625e-05
01010111010000100010,28.37105283289408,9.765625e-05
11110101001101001011,21.23450503550761,9.765625e-05
00111011001101111000,25.602647133833838,9.765625e-05
11100010111111101000,32.02931498636668,9.765625e-05
11110010001000110000,21.696504344670004,9.765625e-05
10111000111010011100,29.183980949087,9.765625e-05
10100111100100001101,21.954840072403222,9.765625e-05
11111100010101010101,18.20223153168217,9.765625e-05
11010001111011100000,23.162037586667587,9.765625e-05
01000100111100101001,37.89467687351393,9.765625e-05
10011010111000110010,30.179043301034415,9.765625e-05
00011001110100110001,22.12125086228015,9.765625e-05
11100101111100100011,17.470038018874146,9.765625e-05
00000000111011000000,53.25577153899838,9.765625e-05
01110110000000000011,20.508328836146916,9.765625e-05
11100001000101010000,17.47039217717561,9.765625e-05
10101000011010011000,43.77330005354568,9.765625e-05
11110010100101010101,25.040653790684928,9.765625e-05
01001111110010110100,13.058013663353224,9.765625e-05
01100100100111010010,18.787436792212457,9.765625e-05
10011101000100101101,16.03257187453325,9.765625e-05
10101001100101010101,38.579081519940985,9.765625e-05
11111111000010011000,47.819549517668406,9.765625e-05
10100100110111111110,38.695328721259145,9.765625e-05
00100001000110010100,26.43295625787836,9.765625e-05
10001110111010001010,25.15858371669421,9.765625e-05
00000111000011010000,12.360262769120666,9.765625e-05
00111011010001110100,30.833362173993066,9.765625e-05
00100010110111101110,56.40881370470609,9.765625e-05
10000111001110110000,19.561591107689267,9.765625e-05
00011110110101111000,19.18498617839544,9.765625e-05
10010110111101001001,16.22876183913612,9.765625e-05
00000100110000000101,31.049216867706342,9.765625e-05
11000100000111010100,14.372205280029146,9.765625e-05
00000110100110100000,24.55934370398319,9.765625e-05
01000000100101101010,43.738761553241496,9.765625e-05
01100000101011010000,27.099878398789414,9.765625e-05
01001100011000010010,10.960132112928992,9.765625e-05
00000010100000010010,34.22352030236362,9.765625e-05
00110010100011011100,28.689838495574183,9.765625e-05
01011110111001000001,14.165820300894467,9.765625e-05
01101111000100011100,27.01136722597507,9.765625e-05
00100001000010101000,26.183980949087,9.765625e-05
01011001110001111111,23.84706467530473,9.765625e-05
11110011101011101111,21.059477905534273,9.765625e-05
10001010110110010110,55.8849284545687,9.765625e-05
11010001001000000101,17.8896085604696,9.765625e-05
01011100110100011010,13.954199939453433,9.765625e-05
00000010101010000101,40.82802122392105,9.765625e-05
11011011000111111000,20.669494644807735,0.0001953125
11000000101010001010,30.044074031448496,9.765625e-05
11101111110010010000,29.439662837153648,9.765625e-05
11011111100101101110,23.223941284282944,9.765625e-05
11001011010010111001,21.269701484866157,9.765625e-05
00100000000010010001,34.81082469305337,9.765625e-05
11000111001100000001,19.326170864403064,9.765625e-05
00011101101010101001,32.5544787998429,9.765625e-05
11111010101100001011,27.041684720787828,9.765625e-05
10010111100100111101,16.05519368473628,9.765625e-05
01101001011100010101,21.182175885815454,9.765625e-05
00000101011111100100,32.68887967333917,9.765625e-05
10010111000011001101,17.19239672074493,9.765625e-05
00010000110110011110,49.678038077124164,9.765625e-05
10000100100100111001,24.48887337613943,9.765625e-05
10001001101111111011,36.84122579354821,9.765625e-05
00010110110101011110,26.198961218767774,9.765625e-05
10111111111010000110,27.342372891527404,9.765625e-05
11011111010111111000,15.984356791691738,9.765625e-05
10001101001101110010,14.306660438350194,9.765625e-05
01000010100000001001,22.636527499989445,9.765625e-05
00110101000100100001,15.807179048826178,9.765625e-05
10101101010001110001,25.885196738477322,9.765625e-05
01000110110000111111,26.341428059149244,9.765625e-05
11001110000001110110,23.139885793295022,9.765625e-05
00001111111100001101,20.914991840833565,9.765625e-05
01011011110011100010,16.94216155765605,9.765625e-05
00011001101000101011,29.65065442766403,9.765625e-05
10100011000111010001,39.93186160101624,9.765625e-05
01101110101100000110,19.827491218996066,9.765625e-05
10000110100100001100,21.473809707916633,9.765625e-05
10011110111110111110,22.410109262191575,9.765625e-05
11100100101011111110,22.098901798277858,9.765625e-05
00011000010111011000,32.31190716099606,9.765625e-05
01011010100111010101,23.57682620949918,0.0001953125
00000000001000000010,34.847907177630404,9.765625e-05
11101110111111011010,24.983563748239174,9.765625e-05
11000100111111000010,26.090532139016442,9.765625e-05
10010001100000001000,17.130155701543536,9.765625e-05
01001001010000111101,20.671948705517764,9.765625e-05
00010101110101111111,34.348198675689005,9.765625e-05
01110001000101100000,16.51704912213899,9.765625e-05
00000110000011000010,21.14191998790125,9.765625e-05
11100111011110000111,23.304034073383836,9.765625e-05
10100010000101110101,63.187823113331014,9.765625e-05
01111010110111100010,21.283897749837443,9.765625e-05
11100011111101111111,27.510916467761817,9.765625e-05
00110100110011001101,22.605742186869946,9.765625e-05
00000001000001100100,24.585042838654605,0.0001953125
01001011010011110101,19.45080114973046,9.765625e-05
11000000111101111000,36.57795188932344,9.765625e-05
01001000111010001010,30.08426246929079,9.765625e-05
11101110000001100010,37.9493111901073,9.765625e-05
01101000000000001010,20.81906378569971,9.765625e-05
11000001110011100100,17.27459376578311,9.765625e-05
10001101101001101010,17.18786122102479,9.765625e-05
01110100100101101100,20.09246596796565,9.765625e-05
11100110110101011001,21.825019080799862,9.765625e-05
01011001001010010110,20.74790282115289,9.765625e-05
00001100111010100110,32.37347150677269,9.765625e-05
01110001100111111100,26.094796868137323,9.765625e-05
11010110101010001011,24.66841218226324,9.765625e-05
00111101011110111001,14.984279558455682,9.765625e-05
10010011000100010011,22.867020886235732,9.765625e-05
10100100110111101011,33.377302123493685,9.765625e-05
01000111110111001011,22.104113982672228,9.765625e-05
11100000100111111111,37.377302123493685,9.765625e-05
11110011011111101110,17.559400656060212,9.765625e-05
11100010101101010101,37.1247528094117,9.765625e-05
11101011111011001111,27.06803129651874,9.765625e-05
01101100011110001100,17.00119782511052,9.765625e-05
01011111101101111111,21.930032692538845,9.765625e-05
01001101111101000100,13.73406531257023,9.765625e-05
11010111010011011010,19.250461905699932,9.765625e-05
00111001110101111011,24.3449764507726,9.765625e-05
01111011110000100000,21.57421911868316,9.765625e-05
00001010101100000100,38.164632161820904,9.765625e-05
01010011101101000011,25.078824070314685,9.765625e-05
11011110111000100011,17.216080505603017,9.765625e-05
10110011101001111011,23.349710886264845,9.765625e-05
10001111010100110110,28.119814219798,9.765625e-05
00000000010111111111,77.96062150727771,9.765625e-05
00010001000000100110,25.91690070340938,9.765625e-05
11100011000010101011,25.96821067176426,9.765625e-05
10101100111010101011,24.118128981384583,9.765625e-05
00010010110110000000,22.27549593020835,9.765625e-05
11101000100101110110,30.297591179930016,9.765625e-05
01111101101110011010,24.950627087806367,9.765625e-05
00110000010101111100,37.27171872315376,9.765625e-05
00010111010010101110,25.040653790684928,9.765625e-05
00110100011000101000,18.231104068850932,9.765625e-05
00110100110010101000,23.27549593020835,9.765625e-05
01011001010011101110,19.366706309868356,9.765625e-05
01010111001100100001,28.413067779650333,9.765625e-05
00110100000100000000,8.545012518868095,9.765625e-05
11011010111001100000,19.253258686404898,9.765625e-05
11111101000001111100,27.648887548373636,9.765625e-05
11010101010011011111,20.304929996215726,9.765625e-05
00001101110100010011,20.217311127535268,9.765625e-05
11010000010011010011,20.06628119929257,9.765625e-05
00001011101110111111,36.15322611541063,9.765625e-05
10110111101001010100,21.285039444419205,9.765625e-05
11111100100101011111,13.599830599660503,9.765625e-05
01001001100001111110,23.959847166969,9.765625e-05
01100111001101010001,15.56914926050932,9.765625e-05
10111001011110110011,22.786666397754672,0.0001953125
00000110111010101111,44.82326117476155,9.765625e-05
10010000111000010010,28.897124045336746,9.765625e-05
11111101110111101101,14.457665661557659,9.765625e-05
11101101000001110110,18.69903147059123,9.765625e-05
01110100111110011111,21.195638649830535,9.765625e-05
11011011110100001100,16.86924132628731,9.765625e-05
00000101110000101100,33.06838627677812,9.765625e-05
01110011001111000010,17.37445632406942,9.765625e-05
11000110110010110011,18.57594893515995,9.765625e-05
01000101111000111100,36.07311093910621,9.765625e-05
10010101011010100010,29.435902499290478,9.765625e-05
01111001011110111000,16.731549946254454,9.765625e-05
10111111010110111000,31.380447180665044,9.765625e-05
11010011010010101111,15.606286623594885,9.765625e-05
00000100101101001101,42.19686747082536,9.765625e-05
01000101010001111111,26.628673991591192,9.765625e-05
01100010110100101010,29.024959686389117,9.765625e-05
00000110111000000000,24.139835925995797,9.765625e-05
01011010110011000101,19.592695953278437,9.765625e-05
01100010000011110110,30.33096309556643,9.765625e-05
10011101001010101111,23.79933596088595,9.765625e-05
11010110000011101111,20.97949441207011,9.765625e-05
00001010010010101110,39.473445863578206,9.765625e-05
01100010010010111100,28.53736129230888,9.765625e-05
11000010111110010110,33.955353415276825,9.765625e-05
01110100000100000001,9.917873125056264,9.765625e-05
00100111100001001010,16.363908500475063,9.765625e-05
10100001010100000110,28.09246596796565,9.765625e-05
10000001000110010111,34.08551806843625,9.765625e-05
10110001111000011000,15.606717193584144,9.765625e-05
10011001001010000010,19.77455565269115,9.765625e-05
01000010100011011001,30.14061557717655,9.765625e-05
00110111111011111100,21.07280123885524,9.765625e-05
00100110001110110011,28.65896829933179,9.765625e-05
11010100100111101001,19.627726536317706,9.765625e-05
10001110110101101100,33.81590902085521,9.765625e-05
01001010111000110000,24.62244587400292,9.765625e-05
10011110101100000010,20.61150587154053,9.765625e-05
00000001010110111001,46.20126806165117,9.765625e-05
10001011100110000110,28.362456861083913,9.765625e-05
00000000001111110001,60.015344331999074,9.765625e-05
10110010000101010111,44.708526918440285,9.765625e-05
00101101010000001001,21.157450641633055,9.765625e-05
01110000111111110100,28.638881510945893,9.765625e-05
10101110011101100011,46.52243109706739,9.765625e-05
01110011011111110110,17.195054609581476,9.765625e-05
01111101011100010011,11.36785205362008,9.765625e-05
00111011111011010100,21.18726283610297,9.765625e-05
11001100101001110110,13.164946470998842,9.765625e-05
11100011010000100100,21.97998973210873,9.765625e-05
01100111110110110100,16.441383691174714,9.765625e-05
11001000000001000010,20.55063934562142,9.765625e-05
01100101100110101001,31.257957724225907,9.765625e-05
10111110001100010001,35.44914775578128,9.765625e-05
10111011011100011011,38.04262249002437,9.765625e-05
10010101110111111100,22.560879025343805,9.765625e-05
10010100000000000101,14.819063785699711,9.765625e-05
11110111101001111101,21.89963533075487,9.765625e-05
10001000110101001001,48.971657467756216,9.765625e-05
01110010110001100000,16.002395650221032,9.765625e-05
00010111100101001001,14.333844379789134,9.765625e-05
00100101100011111101,28.874375543024552,9.765625e-05
11100000000011111001,28.930932783395594,9.765625e-05
11100100110110100110,18.09173620572031,0.0001953125
01001111111100000011,18.18470301173668,9.765625e-05
01101011000001110100,28.22299653903199,9.765625e-05
11101000010011001001,35.59415568490918,9.765625e-05
11001000111110001000,24.537775934667835,9.765625e-05
11000011001011000100,14.30882067777172,9.765625e-05
01110100100011000010,21.050895973289798,9.765625e-05
11000100100011101010,25.246084338531706,9.765625e-05
00000100011101101101,46.03849873713676,9.765625e-05
00110111100101110111,16.34976866029979,9.765625e-05
00001001011000101011,30.166771200611564,9.765625e-05
01110011110000010000,11.81936568797833,9.765625e-05
10111000100111101010,25.07005840634716,9.765625e-05
11110110100100010100,17.362531297170232,9.765625e-05
01110110011001011000,13.155189089597902,9.765625e-05
01111010001111100010,21.37367865932996,9.765625e-05
00101100101001110001,20.1696392672265,9.765625e-05
01011011101001010101,20.046588761310225,9.765625e-05
00110101110001001100,16.55393165309541,9.765625e-05
10001001110001001110,26.725780929075643,9.765625e-05
00011101111001000001,15.040312849991222,9.765625e-05
00010100000111111110,36.39373494165073,9.765625e-05
00111111110000001100,24.079073286508155,9.765625e-05
11101101011001110011,15.33333573337936,9.765625e-05
00110011101001001110,17.53242699032323,9.765625e-05
00011111110101110101,14.563637061900945,9.765625e-05
11111011110001001100,28.692313964098588,9.765625e-05
01101110100000101110,24.134812169378648,9.765625e-05
00001000011011101010,45.02751336753873,9.765625e-05
11000000101111100111,43.946247752176724,9.765625e-05
01001010000100100000,23.756024613459765,9.765625e-05
01001101011011001000,17.135470939981282,9.765625e-05
01110110100111011110,16.791079079123246,9.765625e-05
11101011111110001101,29.976693805527077,9.765625e-05
11010110101011010000,18.599846527290804,9.765625e-05
10011101011011001100,17.14384133366376,9.765625e-05
00011010011010000000,18.45308560541033,9.765625e-05
01101001100101101001,25.673484026878377,9.765625e-05
11001100101000111111,16.006590220496943,9.765625e-05
10000000000101001110,42.54680436453188,9.765625e-05
10111011011111110101,39.35814800559815,9.765625e-05
00010011101001100101,24.968049756558738,9.765625e-05
00100101011010101111,32.50997869852528,9.765625e-05
11000011000011011101,15.80107627410814,9.765625e-05
00011001000110010010,18.73154994625445,9.765625e-05
10010101101110111000,31.8538936806973,9.765625e-05
01101001110001011100,19.448354701488896,9.765625e-05
11110100000101010001,9.410180253834284,9.765625e-05
10000011101001011111,32.06628119929257,9.765625e-05
01010100011010000101,23.311978152638765,9.765625e-05
11000111000010111100,15.057066208079736,9.765625e-05
11000001000001010101,14.067964658404751,9.765625e-05
01111101111111001011,16.37444934805501,9.765625e-05
10011000110101001100,30.81383653305133,9.765625e-05
01110010010111001010,18.58600539960048,9.765625e-05
10000011000010101011,24.643673720473082,9.765625e-05
01010001100101101111,37.3318597528194,9.765625e-05
01001100010011001111,20.130328103723436,9.765625e-05
10100011100101000100,29.041630391196488,9.765625e-05
01011000011101111000,22.206259021446584,9.765625e-05
01010010001111101101,28.382942167854775,9.765625e-05
11111100100000010000,17.61748685659532,9.765625e-05
01100100101100111000,22.94281929957036,9.765625e-05
11111111101010111000,34.89470464787689,9.765625e-05
11111001111001100011,12.984118730377356,9.765625e-05
01000101101100111000,38.93917085819342,9.765625e-05
11001110110101011011,23.3785105545661,9.765625e-05
10011001000101110101,21.882407706035867,9.765625e-05
11001010011011100100,29.337354260688073,9.765625e-05
11100110100110001111,21.74854381347897,9.765625e-05
11100001010111000010,20.1139662772091,9.765625e-05
10000110110011001100,26.700088770418642,9.765625e-05
00111110100100110100,23.69931463724999,9.765625e-05
11000010100001000000,18.409531892849856,9.765625e-05
01001101111110100010,24.696466160688846,9.765625e-05
01110011101010001000,21.362948562014875,9.765625e-05
11011110110011010111,17.2027768277834,9.765625e-05
00000110100111111011,37.226526118748104,9.765625e-05
00111001001011101111,20.695770963317003,9.765625e-05
11000011001000000000,15.297951579824833,9.765625e-05
00101010000000000000,41.63603382345701,9.765625e-05
01110001100101000010,15.91362350160777,9.765625e-05
11000100001100010001,13.055475833546533,9.765625e-05
00111011010001011000,29.882362290232386,9.765625e-05
00101011010000010000,37.642303493182666,9.765625e-05
01101010111011110101,37.86502928325158,9.765625e-05
01011011000001110101,20.547362154659627,9.765625e-05
00010111111100101110,29.12475280941171,9.765625e-05
00011000101000001100,27.254291281650172,9.765625e-05
01011100000100000000,11.410803419625623,9.765625e-05
01110011110110101101,16.234876922376795,9.765625e-05
00111101000100010000,16.30047870574606,9.765625e-05
00000011110101110111,44.79439832362974,9.765625e-05
11101000001101110000,30.049543660070974,9.765625e-05
11010111101000100101,29.78154539862519,9.765625e-05
01010111100010001101,31.757246370903324,9.765625e-05
00011101001010101001,26.314901283266103,9.765625e-05
10100111001011100101,25.13600030845221,9.765625e-05
11100011101111111010,22.99567521688394,9.765625e-05
01000100111010010000,29.752183390776878,9.765625e-05
01010001110101011001,26.35133303977127,9.765625e-05
11110001101000000101,14.02663419388541,9.765625e-05
00000100111011010100,45.78451904380217,9.765625e-05
01010001010100101110,25.581018793333797,9.765625e-05
00100100001010000000,19.69477279755983,9.765625e-05
00100000110000100101,42.36837654053296,9.765625e-05
11111101011010000010,25.77084599283566,9.765625e-05
10101100101100010100,25.171213419862138,9.765625e-05
00100000011011100011,49.48702584080556,9.765625e-05
01001000110111001100,36.592561855092555,9.765625e-05
01110111011010101001,26.467163797793056,9.765625e-05
01101101101010011100,19.483450893953815,9.765625e-05
10010010111100100011,30.579697720557725,9.765625e-05
00011001000010010111,21.310660611433498,9.765625e-05
10100100010101100001,28.467510892952912,9.765625e-05
01010000111101100000,32.39912535059586,9.765625e-05
10001111100000111010,21.115089557469915,9.765625e-05
00101011010100110100,43.49519465459406,9.765625e-05
10100110101011110100,31.0742343281304,9.765625e-05
10011100111100010110,18.150830258049538,9.765625e-05
11111110111001100101,24.21315122050953,9.765625e-05
11010000110111011000,20.875693084229816,9.765625e-05
00110100001110101111,26.509978698525284,9.765625e-05
10110100010001011010,17.04258408806333,9.765625e-05
10100111010101100001,28.708658394140482,9.765625e-05
11000000111010001000,26.319159672826615,9.765625e-05
10001001010011101000,23.166725909763315,9.765625e-05
11100100011100000010,13.938185295226155,9.765625e-05
00001110011101010101,35.71462336443777,9.765625e-05
10010001100110110001,24.628673991591196,9.765625e-05
00100111111000100000,19.471294341600853,9.765625e-05
10110110110000001000,17.7146497996533,9.765625e-05
11100010100000011111,28.54459163491579,9.765625e-05
01110001010011101001,21.644408815226647,9.765625e-05
00001111001001111010,16.791487665392726,9.765625e-05
00101010000110010000,46.97746885862067,9.765625e-05
10001011110010111000,26.428347143620165,9.765625e-05
10011000111111111100,39.42821213634916,9.765625e-05
00011010110010110110,30.677241774731858,9.765625e-05
10101001000001010011,36.708658394140485,9.765625e-05
00001001000110101011,30.329826488934472,9.765625e-05
01101001110000011010,18.075210928641965,9.765625e-05
10010011101111110010,27.200836757240843,9.765625e-05
00000110001000000011,23.47410463418084,9.765625e-05
11100101111111110100,14.931886480262438,9.765625e-05
11110111111110011001,16.223429007925688,9.765625e-05
11010001010101111110,16.54267028915328,9.765625e-05
01010010110101110100,24.560888711380763,9.765625e-05
10110100011111010101,21.353530576178127,9.765625e-05
11010110100000011101,13.917873125056266,9.765625e-05
00000100111101110110,54.00035782072496,9.765625e-05
11010010000000000000,14.871502878322456,9.765625e-05
01101110101111110011,19.448931347249363,9.765625e-05
11000000011101101100,32.47751592332852,9.765625e-05
10000110001100011100,26.191278751765815,9.765625e-05
00111011100111011000,23.606286623594883,9.765625e-05
11100101000011101000,21.507377849302614,9.765625e-05
11100010100100000000,25.130155701543533,9.765625e-05
11001101110000100100,10.951701235189027,9.765625e-05
01100101110111011100,19.15468649927761,9.765625e-05
11000010010111001111,37.092876256795876,9.765625e-05
10001111000101010010,25.989091140056782,9.765625e-05
10101001110011010101,38.75333342215666,9.765625e-05
11111101100100111110,21.069364950858173,9.765625e-05
01010011010101010110,14.112109681495951,9.765625e-05
01000000011011111000,44.53745186316556,9.765625e-05
11100011011110010110,24.88822626921498,9.765625e-05
10101100110110010110,32.2043997157109,9.765625e-05
10000111101110100010,24.45586675275225,9.765625e-05
11110101101011011111,24.647273437397978,9.765625e-05
00000100001001011101,35.02035401657454,9.765625e-05
01110101111111100101,22.966219068780116,9.765625e-05
11110100110001110101,7.673484026878381,9.765625e-05
01001001001000110100,15.203486836560371,9.765625e-05
10011110110000100100,23.048596204797484,9.765625e-05
10011010101111010110,38.3353858556159,9.765625e-05
00100000011010000010,35.071613099781686,9.765625e-05
00111110001100101001,18.9567599493236,9.765625e-05
10001000010001100001,40.665825530037495,9.765625e-05
01000100101111010100,33.08117245449565,9.765625e-05
10001110100101100101,31.86227302599567,9.765625e-05
10010100011001011010,22.358689340066277,9.765625e-05
11110110011100010100,17.892180966399266,9.765625e-05
00111001001101010011,17.080731464048366,9.765625e-05
10000011010001011100,27.289992209393645,9.765625e-05
01000111011010010010,19.666522702601156,9.765625e-05
01000001011011110000,30.933188093837394,9.765625e-05
11101010111001111010,36.297581493893055,9.765625e-05
10011100111110101010,17.31387306318575,9.765625e-05
11110101000100000001,23.003880359064993,9.765625e-05
01000101011011111000,33.13922868783476,9.765625e-05
11100011111010100110,18.04184463978103,9.765625e-05
00111010000010001101,32.225676090332854,9.765625e-05
00111110100001000101,24.776351029925745,9.765625e-05
10000111100100000101,16.6039646750391,9.765625e-05
11111110100100000111,31.01701725064037,9.765625e-05
11111010001110001000,29.95614448312793,9.765625e-05
10011110100001011100,25.711838772652246,9.765625e-05
01000000101000010010,34.05202091869298,9.765625e-05
01101110101000101001,22.745072127810666,9.765625e-05
01000011101111001000,24.66931779113209,9.765625e-05
00001010101001110100,43.95700399044007,9.765625e-05
11001001110101000001,19.693796197048272,9.765625e-05
11010100001011101000,25.575455982208766,9.765625e-05
00110101000110100000,20.66196313434327,9.765625e-05
00010001111011011010,46.0699296406695,9.765625e-05
01000011010000100101,16.075210928641965,9.765625e-05
11001001000001110100,13.197460560657326,9.765625e-05
00111111001111000011,14.605672496546639,9.765625e-05
01101100100000011000,15.004942148216175,9.765625e-05
01000110000101000101,16.491359673504526,9.765625e-05
11010010010000001111,16.245750373852417,9.765625e-05
01001010001000100110,22.61838550028957,9.765625e-05
00101101101101100000,12.566638062218395,9.765625e-05
11010010011001110101,21.976596171528783,9.765625e-05
00111101110100000011,9.710521231446979,9.765625e-05
01101101101111010101,12.739971137957465,9.765625e-05
11001100111011111000,14.528698693224552,9.765625e-05
01100001010111100110,24.00321089537326,9.765625e-05
10010100111010100111,32.30220747734268,9.765625e-05
01111100111011111111,15.510916467761819,9.765625e-05
00110010101100000000,17.138223458526326,9.765625e-05
11100100000110000001,16.638094687450483,9.765625e-05
00000011011110001000,26.051310615648752,9.765625e-05
00110111011010100110,21.69819063340793,9.765625e-05
11100101101001000101,13.693620350424762,9.765625e-05
11110011001010110011,26.48346368224759,9.765625e-05
11110001010010100001,15.48723881573369,9.765625e-05
11101110001011111011,27.246757676729345,9.765625e-05
10111100001110000111,17.710521231446982,9.765625e-05
00011110110101000011,16.423194621325365,9.765625e-05
00011101101101100001,16.936261250280925,9.765625e-05
01100111101011110110,20.57018645384175,9.765625e-05
01010110000001000000,16.909436005722952,9.765625e-05
00001010101000010000,33.32298841232281,9.765625e-05
00011111000100100110,19.38607745186198,9.765625e-05
01000000101010110110,48.16552278462058,9.765625e-05
11100100010110010001,16.73342592488133,9.765625e-05
10000111000011011000,14.182795618002999,9.765625e-05
01110000110110000100,14.15126969211783,9.765625e-05
00000000000001111111,56.932169646921196,9.765625e-05
11111110000111001110,33.09531892849855,9.765625e-05
11011111000001110101,27.749754307280057,9.765625e-05
10100110001001101000,27.69177344074857,9.765625e-05
11011011110011000011,19.777127236662885,9.765625e-05
00010011000100001110,17.64369038252445,9.765625e-05
00110101010101000100,9.431992874974561,9.765625e-05
00010111010101000111,13.03863563247239,9.765625e-05
11100110110011110101,23.021542155648092,9.765625e-05
11000100111101100001,21.223565593211866,9.765625e-05
01000000111001010111,47.773807154825946,9.765625e-05
00110101100010110001,25.673200860219616,9.765625e-05
10101000101011111011,43.417548335370924,9.765625e-05
01100011101110101010,25.40138805627456,9.765625e-05
11110101010000100100,20.507783540045686,9.765625e-05
10000100011011010100,32.897124045336746,9.765625e-05
01000000011101111011,54.015344331999074,9.765625e-05
11100000110000010010,17.06893501732296,9.765625e-05
00000111100001010100,14.649722165599776,9.765625e-05
11011101100011011111,22.38909032054826,9.765625e-05
11101100010101101010,20.54095214515474,9.765625e-05
01010001010111111110,32.62066308871841,9.765625e-05
01010011100001011111,22.88405034743173,9.765625e-05
10110011100101001011,20.001248535594193,9.765625e-05
00101000010111011100,59.2642938091433,9.765625e-05
01101010111110011100,34.00303849319336,9.765625e-05
00100110111111110001,36.37458865420354,9.765625e-05
00000110000100000101,22.188156870870245,9.765625e-05
10001101001010110111,19.660725460109227,9.765625e-05
10000101100010010010,24.22002459682541,9.765625e-05
01000000001011000100,31.52392249845487,9.765625e-05
01101100111000111001,16.47035929322668,9.765625e-05
01110100010011010001,10.207453402113494,9.765625e-05
01101000001000110010,17.704279896250945,9.765625e-05
11011101110000100001,18.746334702970543,9.765625e-05
00001000000110000100,33.60551936847363,9.765625e-05
00001100011001101000,24.058608418327562,9.765625e-05
00110001101101101001,24.955840937343112,9.765625e-05
11111111001011111101,31.52558594903909,9.765625e-05
01101001100111000000,18.48628782888939,9.765625e-05
00101101100011000100,14.72964255252077,9.765625e-05
01110111100001110000,25.844216253394777,9.765625e-05
00010011000000001000,14.422727292881255,9.765625e-05
00000110000010000000,16.60325781643848,0.0001953125
00011100101011001011,25.08545060836435,9.765625e-05
00101011001110000000,26.07149502719313,9.765625e-05
10111010101000001000,32.110739454205536,9.765625e-05
01110011010101000101,13.864881672781017,9.765625e-05
10001110110010001000,23.909682843989167,9.765625e-05
00010000111010000100,38.95222155407704,9.765625e-05
01010110100000111111,26.73154994625445,9.765625e-05
11111001001000100000,23.01136722597507,9.765625e-05
10110000001000001100,20.148922864315857,9.765625e-05
11100001101011001010,20.142410954411144,9.765625e-05
11010011110111001110,13.46372912522953,9.765625e-05
11110111101101100000,24.35284065225995,9.765625e-05
11110010111010001001,14.18823319502118,9.765625e-05
10011101100111000010,15.775448131079436,9.765625e-05
10100101001011100010,21.198113383933872,9.765625e-05
00000101111011110101,42.97515244971317,9.765625e-05
01000011011001100100,16.571247176476582,9.765625e-05
01110101011000101110,29.54282914163013,9.765625e-05
00010100111011010101,36.93772901360262,9.765625e-05
00111001101110001100,18.735205363645804,9.765625e-05
00110100110001100000,14.959795634527401,9.765625e-05
11111101001111010101,18.99120808591117,9.765625e-05
00001011111001110101,35.39835925995797,9.765625e-05
11111011001111111111,28.18670024149632,9.765625e-05
01011101100011010111,24.520793739511905,9.765625e-05
00110110100101001100,16.738976329107047,9.765625e-05
11111011001011011111,31.182943228063912,9.765625e-05
11000000010011100001,26.56088871138076,9.765625e-05
01110110111101111110,18.310589619790786,9.765625e-05
11011111100000101010,35.99420284463527,9.765625e-05
01101111110101111100,19.821273081712015,9.765625e-05
00010101011101110010,27.519891487959462,9.765625e-05
10010001110101011110,26.345015282047626,9.765625e-05
10010000001001111111,38.45575120468236,9.765625e-05
10111101000101100011,18.467185243435466,9.765625e-05
10001100110010000100,22.60551936847363,9.765625e-05
00110101011100010000,11.677328694004872,9.765625e-05
00011110100100011011,16.91751272516145,9.765625e-05
00110111100101000001,11.035947863976709,9.765625e-05
01111111101110011000,24.92781621337207,9.765625e-05
01110100111011010000,15.515686202958271,9.765625e-05
11001001001001001000,15.51174283531713,9.765625e-05
11011101011000100101,17.22416221461464,9.765625e-05
01000101110111001100,28.90235215736142,9.765625e-05
11011010101010001010,19.80333782614329,9.765625e-05
00100101001011101000,25.64087311393005,9.765625e-05
10100100100100000110,21.001197825110516,9.765625e-05
00010001000010111000,32.579168439213994,9.765625e-05
01110010010100011000,15.539032268234365,9.765625e-05
01010100010000010101,12.422077473894513,9.765625e-05
10010010110001101010,26.429734032961953,9.765625e-05
10010010011000100101,28.02524463234911,9.765625e-05
01011111110010101000,25.945506295816948,9.765625e-05
01110111111110110100,18.535799622859933,9.765625e-05
10000111010010111111,23.802983667841822,9.765625e-05
11110001001100010000,14.716569676573677,9.765625e-05
11111000111111001110,18.65666218002964,9.765625e-05
10110100101100001001,10.45308560541033,9.765625e-05
00000110111001101011,39.50255649453736,9.765625e-05
00100001100111110001,36.6874911404912,9.765625e-05
10011000110110001110,28.74398966526617,9.765625e-05
10011111111110101001,14.869831178815721,9.765625e-05
00110101111101100010,18.306877162785558,9.765625e-05
00011011101001110110,24.259843683156998,9.765625e-05
10110010011110101111,35.37535495692386,9.765625e-05
10100110101010110010,27.47422551475896,9.765625e-05
00001001000111010101,31.048471177830695,9.765625e-05
01100110010000010100,17.402012876411902,9.765625e-05
01111101111111101000,19.662843129544864,9.765625e-05
00010100111000010101,29.19597154799347,9.765625e-05
00110000000100101110,26.096172183377533,9.765625e-05
11011111101101110100,20.02823177860474,9.765625e-05
11010110001111001011,18.671212788806276,9.765625e-05
11111001001011110110,18.586336839761103,9.765625e-05
00010111000101010100,12.316699370523242,9.765625e-05
00001010110010110000,38.689255277283046,9.765625e-05
10011011101011101101,21.318930661095145,9.765625e-05
01101110100100101111,25.299444331199552,9.765625e-05
00000101010000101101,28.064268129029827,9.765625e-05
01010001101001111000,41.21609194390955,9.765625e-05
01011001111110110011,26.154238320733484,9.765625e-05
00000101010100100010,25.548770266721576,9.765625e-05
11100000100101011001,27.4740859094008,9.765625e-05
01011101101010101101,40.260700431778766,9.765625e-05
10011010101011101111,32.42082648367603,9.765625e-05
10100111101100110001,22.551903907222588,9.765625e-05
10100011011110011110,38.49022224491465,9.765625e-05
11100011001001011101,24.10750130165883,9.765625e-05
11000000110000001011,24.322619049972282,9.765625e-05
10010010100001110011,30.73613615686792,9.765625e-05
01010001110000101010,34.729081328789235,9.765625e-05
11011111001010001000,35.6307729146106,9.765625e-05
11101010010111001011,53.36051761208963,9.765625e-05
11010001111000001110,21.025676965447765,9.765625e-05
00011000011101100010,27.093923038241698,9.765625e-05
10001100000000010000,18.110310565550492,0.0001953125
01011100001101010111,11.925327402284672,9.765625e-05
01000001000100000101,19.57570906206833,9.765625e-05
00010010010000011001,23.58005812045254,9.765625e-05
01111101101001000000,24.242504178774944,9.765625e-05
11001111010011111101,14.315449289389875,9.765625e-05
01000100010100110000,18.200021217821355,9.765625e-05
00110101100101011000,15.46528400416793,9.765625e-05
11111001101001110111,16.223760262582438,9.765625e-05
01110101011110101101,26.020594700374602,9.765625e-05
01100011101101000100,15.821157533642118,9.765625e-05
01011001110100010001,15.871385872250249,9.765625e-05
10101000111110000100,45.57570906206833,9.765625e-05
01110111010100011110,17.073004440619222,9.765625e-05
01010000010111100110,31.425950584314013,9.765625e-05
10011110100010001100,22.55443695343825,9.765625e-05
00100011001101100000,24.48724152575623,9.765625e-05
10001000111010001011,41.689781837764414,9.765625e-05
00010101000111110010,28.75536333997465,9.765625e-05
00101001010001010011,31.52920588163201,9.765625e-05
10001101011001110110,17.27432924761701,9.765625e-05
10000110110011000000,22.9597956345274,9.765625e-05
01001101101100110010,22.224826416102168,9.765625e-05
00101101100111010101,17.314418359286982,9.765625e-05
10011000001011000001,23.350706858850316,9.765625e-05
11100101010111110100,14.310728071505405,9.765625e-05
11100010001011100011,33.346968053756754,9.765625e-05
11110001111000110110,11.839417802274241,9.765625e-05
00000100100111011101,44.03499679000521,9.765625e-05
00001000110010100001,39.877052471839725,9.765625e-05
11101101001101101010,17.9843664777287,9.765625e-05
11010000011111101011,29.377302123493685,9.765625e-05
01010101001110010101,30.61149618550357,9.765625e-05
11011100110000100000,8.951701235189027,9.765625e-05
10000011110011011010,28.38294216785477,9.765625e-05
11110111111000011111,19.250461905699936,9.765625e-05
10100001110010011010,28.023256560935764,9.765625e-05
11111111100000110010,41.878474297062766,9.765625e-05
01000011110110011101,24.14061557717655,9.765625e-05
00000110011100111001,33.042041512824454,9.765625e-05
11110011101011010100,17.960331979012743,9.765625e-05
00100101111001100111,25.84208964313962,9.765625e-05
01000011111010101100,25.467453118917966,9.765625e-05
01101101101110010001,16.113775460708254,9.765625e-05
01111001101000000000,17.951481039278395,9.765625e-05
01110000101010100101,24.817374084994178,9.765625e-05
10001000100111101011,44.10461648586532,9.765625e-05
00101111100000101000,24.804378442283145,9.765625e-05
10011001011011001011,21.13481750188688,9.765625e-05
00011011010011010100,19.27232876930435,9.765625e-05
10011000011101111110,37.50816365494951,9.765625e-05
00110110000111101100,20.959380992168445,9.765625e-05
01010101110111111111,39.253461469651256,9.765625e-05
00011000111111111111,53.25905083600467,9.765625e-05
10111011110100000001,36.17243444288464,0.0001953125
00010010001101011001,30.67059650106233,9.765625e-05
11000001000111001000,17.606717193584146,9.765625e-05
00110011110111100010,18.446730904476276,9.765625e-05
11100111010110110000,22.292547756971693,9.765625e-05
11101001101001010100,16.737530931309244,9.765625e-05
11001010001010101011,25.280326454569376,9.765625e-05
10001000001000100011,31.014073642963417,9.765625e-05
00001010011000101111,45.66096333591973,9.765625e-05
00011000101010110010,30.97899087524632,9.765625e-05
11110101000100001000,25.62319883416025,9.765625e-05
00000011000111001100,22.428780336095112,9.765625e-05
10010010010000000000,20.16713784209973,9.765625e-05
00010101000111111100,29.627726536317706,9.765625e-05
10100011010001011111,42.733259138637095,9.765625e-05
10001011111000101100,25.93599120326291,9.765625e-05
00010000000001001100,28.214651584352715,9.765625e-05
11001110111110111010,16.445504559785377,9.765625e-05
00011111000111000001,11.389090320548263,9.765625e-05
11011011111010000101,16.960399439084647,9.765625e-05
10101010010101110111,86.6638483588533,9.765625e-05
11011101111010100110,23.638218153095924,9.765625e-05
11010000010111101001,20.120829967488028,9.765625e-05
00001010000110111100,42.37631374174049,9.765625e-05
10010000101100100000,23.4308562683426,9.765625e-05
11110000111101100111,18.34370118528597,9.765625e-05
11010100000000011001,12.65290806212364,9.765625e-05
00100110000001000110,26.139174445370625,9.765625e-05
00010111110101101011,20.478613698685457,9.765625e-05
10001100000111110000,20.006590220496943,9.765625e-05
00110100000101111000,16.96266370114234,9.765625e-05
00111111000101101011,21.504495928625865,9.765625e-05
10100010000000110100,47.085358149443046,9.765625e-05
10000101010001101100,17.001197825110516,9.765625e-05
00100011100001001001,22.364798181713606,9.765625e-05
00110101011111101111,24.39719620686101,9.765625e-05
00101100100101100000,19.17090183154656,9.765625e-05
00111001101000101010,19.05989065982861,9.765625e-05
11000010110101010010,32.199424683545786,9.765625e-05
11110101000011001111,26.553909570998968,9.765625e-05
01100100010100100101,18.611789038199284,9.765625e-05
01111001110000010011,13.710521231446979,9.765625e-05
01101110100110010001,20.876386528922435,9.765625e-05
00110011010000000100,14.86793420554006,9.765625e-05
00000111100000000000,15.945769061713468,9.765625e-05
11100011011110101111,26.34691027972181,9.765625e-05
01100101000100001011,22.591035583314852,9.765625e-05
10100111010010100000,26.62779752796041,9.765625e-05
00001001110100101000,30.20757311820824,9.765625e-05
11010011001111101010,22.023389065324288,9.765625e-05
11110011110101001000,13.581564823856091,9.765625e-05
10111010000111111010,44.5207937395119,9.765625e-05
01000111111111010111,23.338109228922875,9.765625e-05
01010110001110110100,20.343348670490688,9.765625e-05
11011100100110011111,13.514848054161327,9.765625e-05
01101001100011001100,19.159798203856095,9.765625e-05
01111110100101111111,19.915578983339437,9.765625e-05
11000110110110001100,14.51730564644216,9.765625e-05
10100010010001011110,58.73560136835191,9.765625e-05
11001100000001110000,9.526734570336092,9.765625e-05
01011010010001010000,19.78328842186992,9.765625e-05
00100110011000000011,25.007457808799217,9.765625e-05
10000101101111101000,28.11162215942967,9.765625e-05
00000001011010000100,31.52392249845487,9.765625e-05
01011101000001010101,18.01660531830396,9.765625e-05
11001111011101100110,17.624320470914867,9.765625e-05
10100111000100010101,30.687765333897882,9.765625e-05
01101010111000000010,24.134812169378648,9.765625e-05
00111111100101101001,19.38909032054826,9.765625e-05
01111000101101011100,20.292808743566983,9.765625e-05
00001110111111000010,26.959766489289333,9.765625e-05
10000010011100011110,53.32582534725838,0.0001953125
11111111111011111001,22.039766183014876,9.765625e-05
11101100011100111111,19.551291151049455,9.765625e-05
01110011101001100111,20.910681009746334,9.765625e-05
10101100000110001101,33.045806312979735,9.765625e-05
01000101101011111010,50.040708033149066,9.765625e-05
00100001000001011110,26.49185064001442,9.765625e-05
10001101000111101001,14.945398975781696,9.765625e-05
11110010100001000100,20.867934205540063,9.765625e-05
01000101000101110010,23.04266675218429,9.765625e-05
01111100000101000000,13.222383782858856,9.765625e-05
11111111001000111000,43.40717995546191,9.765625e-05
00111001010010010001,18.887028444104462,9.765625e-05
10101011100111010001,47.907129380819434,9.765625e-05
10010001011000010001,19.158583716694206,9.765625e-05
11100101011110100000,18.632467126276094,9.765625e-05
00000011110101011000,31.33669715522781,9.765625e-05
01001000100001011111,34.2460843385317,9.765625e-05
00011000000101000111,27.48797933053234,9.765625e-05
11000001101101011100,21.30947247235994,9.765625e-05
00100110010001000010,25.9607466213717,9.765625e-05
11110100101000100110,18.107909702424436,9.765625e-05
00001111111011101001,19.088318674979284,9.765625e-05
10011100000011101110,19.468130625140464,9.765625e-05
00011010011110111110,33.896753959404975,9.765625e-05
11011011111000100000,17.866108741506274,9.765625e-05
00110011100100001100,14.561509177989375,9.765625e-05
01010110101110111100,28.407257123206943,9.765625e-05
10010000010011101111,36.953186825045464,9.765625e-05
10101001101011101110,24.53854589981163,9.765625e-05
10110011000000000000,26.385498314058843,9.765625e-05
11110001100110101001,19.468069406661908,9.765625e-05
11001010111101100011,38.21408890261886,9.765625e-05
10100010110010000001,42.03123633212918,9.765625e-05
10010000011001101110,34.803805594741206,9.765625e-05
01101101101011010100,12.599846527290802,9.765625e-05
10000011010110101100,25.84911124433427,9.765625e-05
01010111000000001001,29.778741347638544,9.765625e-05
11111001100100110011,18.899358318562264,9.765625e-05
00001100110110010100,29.252428444343675,9.765625e-05
11111111110110111001,24.411750238445066,9.765625e-05
01101011010100011010,29.918817870307215,9.765625e-05
11110100010011000101,12.781913841050777,9.765625e-05
01110000101111101101,33.23014872847791,9.765625e-05
01011001010110100101,14.193362813671268,9.765625e-05
00000100100011010001,32.34423835172923,9.765625e-05
00011110101111110001,16.42891827136854,9.765625e-05
11100010011010010111,35.729863777119725,9.765625e-05
11010001001110011101,22.40821435164459,9.765625e-05
00101011011011000111,32.62618341698476,9.765625e-05
10001000111111001011,54.16852493858158,9.765625e-05
00011110101100010001,14.506435824914023,9.765625e-05
10100111111011100010,22.23436305222218,9.765625e-05
11001000110111010010,30.933188093837394,9.765625e-05
11001011111101001100,21.163915617183328,9.765625e-05
01011101101110000011,31.574196215038448,9.765625e-05
01110001000001011111,19.308643187642026,9.765625e-05
10000110011111000010,31.91587183603516,9.765625e-05
00110101101011001110,30.25960914257361,9.765625e-05
10111101111101101110,12.783821234784456,9.765625e-05
01010100110111110110,32.900496503209396,9.765625e-05
00010011011111000010,20.18719184446026,9.765625e-05
11011100110011011010,12.487241525756229,9.765625e-05
11100100110101111011,18.357420534152872,9.765625e-05
11111001101000110001,19.106642752099642,9.765625e-05
01000101111110100010,44.39789838024728,9.765625e-05
01001101001010100100,20.191979368773087,9.765625e-05
11100000001000111010,20.671948705517764,9.765625e-05
00101010101101011110,52.690732824608716,9.765625e-05
11111100010001010101,19.158336878427992,9.765625e-05
00010010100010110010,31.048471177830695,9.765625e-05
11111111010100001001,40.854046378708006,9.765625e-05
11101100000011000111,23.04168472078783,9.765625e-05
11000101111100000000,16.811553720877647,9.765625e-05
00110111011110110000,16.517648660704356,9.765625e-05
00010000010111101110,47.89809900234212,9.765625e-05
00111010011011101100,32.55447965921918,9.765625e-05
00001011110100001001,30.378754671969954,9.765625e-05
00011010011001111101,37.511808651882845,9.765625e-05
10010110000100100001,14.74507212781067,9.765625e-05
00001100110001010100,26.938526235919863,9.765625e-05
00011111000101100001,13.968241803443625,9.765625e-05
01111111010000001010,33.41029110544034,9.765625e-05
10000101100101100001,15.939123064462693,9.765625e-05
11011011101110010111,21.915578983339444,9.765625e-05
01000001100000000110,24.228287534677595,9.765625e-05
11001101111001111100,10.431469024515733,9.765625e-05
10011100110010010101,16.914991840833565,9.765625e-05
01101011001110000010,21.464658117514237,9.765625e-05
01100001000011101100,22.7352053636458,9.765625e-05
01111011101000001100,23.056191420431148,9.765625e-05
00000010111011100011,56.905978636654766,9.765625e-05
00000100000100010000,20.041664967319456,0.0001953125
00000100000110000100,26.364021240555395,9.765625e-05
01110000101001110100,21.758485944451465,9.765625e-05
00110111010100110001,15.761061158370683,9.765625e-05
00000010000100000010,32.06426812902983,9.765625e-05
11010001101010100000,29.969677292282224,9.765625e-05
01100010100010111000,24.548550930187236,9.765625e-05
10100010111101001000,47.66972348187516,9.765625e-05
01010101011001110110,31.205100332718168,9.765625e-05
01001111100110111101,16.968001119643553,9.765625e-05
01110110110110011011,11.710805268321852,9.765625e-05
01100101110001001001,18.150421857283927,9.765625e-05
10110100001010001011,19.27232876930435,9.765625e-05
10000010111000110001,44.76827620980134,9.765625e-05
10000101000111010101,18.631484284171187,9.765625e-05
11111011001011010010,33.78990192740605,9.765625e-05
11010011111000100010,19.064615322156698,9.765625e-05
00100111100000011110,19.600649082116277,9.765625e-05
11111100011010100011,11.761061158370687,9.765625e-05
10110001011110000101,19.096653463850473,9.765625e-05
01111011110010101110,17.814508826368797,9.765625e-05
01100001100100111000,24.178385254013033,9.765625e-05
01011100001101111011,16.77641423484559,9.765625e-05
10000000011111011011,64.62952276798623,9.765625e-05
11010110110100011100,8.547822811448082,9.765625e-05
10000010111001010000,44.29506405400878,9.765625e-05
10100101111100011011,22.213135205752025,9.765625e-05
11001010100101110110,35.50643582491402,9.765625e-05
01010000111001111101,41.82172938497174,9.765625e-05
00010001010111111000,33.4940315143699,9.765625e-05
01100110000011110001,20.34299180216668,9.765625e-05
10001001001011110111,30.212158605240468,9.765625e-05
10111001011110001001,22.355464405127332,9.765625e-05
01001111000001000000,18.314923452489758,9.765625e-05
00011001000111011010,23.13312871026647,9.765625e-05
11011000010011101100,15.288664687884165,9.765625e-05
11010100011101001101,12.536400619427624,9.765625e-05
01011000110111111010,29.50255649453736,9.765625e-05
01101111010010011010,22.124690660211847,9.765625e-05
00111101011001100000,11.816512825412453,9.765625e-05
00001010101110010010,39.31507088829626,9.765625e-05
01011100100000000101,16.818167862867817,9.765625e-05
10010011101111010101,24.325820259308585,9.765625e-05
11000100010010001100,15.031008131515815,9.765625e-05
01011111101111100010,25.934793683259475,9.765625e-05
10010110111010000100,21.448354701488896,9.765625e-05
10000101101110001111,33.46615150534301,9.765625e-05
11000010001011010010,27.074234328130405,9.765625e-05
11101011001100000010,37.43032906056737,9.765625e-05
01000000111100111010,52.06650471469158,9.765625e-05
00101111000011101110,22.121900033973024,9.765625e-05
01001000100011000011,28.26203152268708,9.765625e-05
10010010010010100010,23.811774945476607,9.765625e-05
00010111000101000101,11.063843800633915,9.765625e-05
01011110100001000010,21.149626278472873,9.765625e-05
10001010011011111111,58.64646455385196,9.765625e-05
01000011000111101111,26.537517766858475,9.765625e-05
00010001110101010000,25.001117147430847,9.765625e-05
11001000010011010011,29.72776649760651,9.765625e-05
10011100100000111000,14.685470887073981,9.765625e-05
11101010000100110110,48.94584557136829,9.765625e-05
01011111100010011000,29.670471245319305,9.765625e-05
10101010101000100110,45.03639363801502,9.765625e-05
01111110100101100101,21.535870614502645,9.765625e-05
11110010010110110100,23.51519252642584,9.765625e-05
11000000000000010011,20.75007995679751,9.765625e-05
00011101011101000011,10.426306816183976,0.0001953125
10001100000110000000,17.524298102398742,9.765625e-05
11101101100010111011,21.04321828987887,9.765625e-05
00011111001111000011,12.083603062234111,9.765625e-05
01010110101110101011,33.30872678248429,0.0001953125
10111110101100000001,27.01887655637607,9.765625e-05
11000110100000110111,18.640002081184164,9.765625e-05
00011111111111011111,16.659771137584702,9.765625e-05
11011010011110010010,21.45594398598831,9.765625e-05
01011000001110110000,17.26623931057075,9.765625e-05
01001011111101100101,24.535702723282707,9.765625e-05
01011110101001100010,22.938590262387976,9.765625e-05
00011110101010111101,22.442431490469048,9.765625e-05
00001100001111101001,26.404492121475204,9.765625e-05
11011010000001110000,27.00153710066185,9.765625e-05
01011110010010010000,11.409248726191095,9.765625e-05
11101000101100011010,23.58510061268955,9.765625e-05
10010111001011110000,21.93667868978962,9.765625e-05
10100000000001110001,40.467510892952916,9.765625e-05
10111010110101111101,54.46422120796461,9.765625e-05
00101000111111111110,60.97413400279697,9.765625e-05
11111011000000010100,45.272067646914024,9.765625e-05
01100111000101110101,17.761061158370687,9.765625e-05
00000101001111101010,39.01310150474397,9.765625e-05
01110000111000001100,15.444557828093131,9.765625e-05
11000011111101011001,22.36051679054136,9.765625e-05
11111011001001110000,36.34498964674418,9.765625e-05
10011011111110111000,21.04449148179701,9.765625e-05
10100011011111101111,41.888571807995845,9.765625e-05
10010011111100010001,20.71737868013256,9.765625e-05
11001101011110011101,13.947323031566745,9.765625e-05
00110010000100000100,23.070544774769893,9.765625e-05
00001011111001101100,28.264822148925898,9.765625e-05
10111001001110101001,21.423265612968073,9.765625e-05
00111000110111001000,27.520295317216465,9.765625e-05
01011100010111010000,7.340538377910699,9.765625e-05
11001111011010010110,17.772668970178806,9.765625e-05
01111001001000100010,18.687765333897886,9.765625e-05
01011011001011010100,16.333607227559874,9.765625e-05
10000001001111111100,37.04477464845577,9.765625e-05
00001111011011101001,15.802983667841822,9.765625e-05
01001000101111001100,35.766316549204994,9.765625e-05
00100000110010011011,49.380034975697555,9.765625e-05
11110001000000000101,16.534362669918686,9.765625e-05
11001101001011000100,13.892180966399263,9.765625e-05
01001111001111010100,9.871761476194122,9.765625e-05
00111101000111000010,12.467163797793063,9.765625e-05
01001100010100010100,11.702070600238642,9.765625e-05
01110011111110111001,19.852379913742475,9.765625e-05
10100011010100111111,44.77166468243149,9.765625e-05
11010110100010011011,18.350423692191555,9.765625e-05
10011001001000100000,16.489441575885383,9.765625e-05
11000011101111101111,26.979352428784694,9.765625e-05
10010100101011111111,37.658988689254215,9.765625e-05
10110100101111110110,22.752424281717005,9.765625e-05
00100111010101100100,21.151418124136658,9.765625e-05
00101011100011001100,26.965008553342837,9.765625e-05
11111001111101110111,13.602459870539986,9.765625e-05
00001110110100011001,29.21765904424339,9.765625e-05
00111101010011110011,13.062570815855826,9.765625e-05
11011011111010000110,17.3135294124695,9.765625e-05
01100001110100101011,28.864091514015044,9.765625e-05
10100010100100001100,40.53276259850871,9.765625e-05
01001110101110010001,15.274329247617013,9.765625e-05
01000010001011110101,34.2172214873999,9.765625e-05
00011101110001110010,18.23641931812849,9.765625e-05
10101111010000111111,41.00352620076353,9.765625e-05
10000011001101011001,30.314759299980686,9.765625e-05
01111001010001000100,13.482482003877735,9.765625e-05
01011000111111001101,29.81626153565049,9.765625e-05
00000001111100110000,44.78116970755411,9.765625e-05
01001101110001101100,17.977420036201607,9.765625e-05
01011010111011101011,24.318946795865507,9.765625e-05
01100100001001110110,19.184986178395437,9.765625e-05
00000010001101001110,46.38432372468833,9.765625e-05
10100000101101001100,40.35016780434243,9.765625e-05
00110111000110101011,20.66458625075661,9.765625e-05
00001111110101101010,19.04449148179701,9.765625e-05
00011100010001011100,19.065164051861718,9.765625e-05
00010101111000111010,45.397975613483325,9.765625e-05
00101011110100001001,37.23640411407944,9.765625e-05
10000001100110010011,34.579697720557725,9.765625e-05
00101011000101111111,43.64461148970961,9.765625e-05
10101000010111001110,58.27644691705265,9.765625e-05
01001000001001011101,30.28748652911482,9.765625e-05
11101011111110101000,24.740331537852278,9.765625e-05
01100110110000000100,15.73311161570339,9.765625e-05
11011010011010000001,19.445261242250147,9.765625e-05
01110010010011011000,17.41151634515554,9.765625e-05
00010011110010111001,25.622583700059856,9.765625e-05
11100000111000011010,20.160449998444314,9.765625e-05
11110111111000100010,27.416800637417808,9.765625e-05
10000100000101010010,22.707126517223475,9.765625e-05
00100110001110001100,25.368273486489578,9.765625e-05
01100110110101010001,19.025368097994544,9.765625e-05
01010101111110110101,38.3129674543169,9.765625e-05
00110110111010000011,15.619605603387129,9.765625e-05
10001001010110111011,35.44337270414919,9.765625e-05
10110100010111110010,19.088318674979284,9.765625e-05
01000110110111011101,24.828615255314133,9.765625e-05
01111011001111100000,21.361204069928014,9.765625e-05
01111001001101000000,15.073351622906277,9.765625e-05
11011011100001111111,22.33164060178893,9.765625e-05
00100000111110010110,55.3569418653258,9.765625e-05
10001101111100011101,22.11569773719207,9.765625e-05
01001101001100011101,16.749147705573073,9.765625e-05
01101010111100100010,29.16336615305724,9.765625e-05
11000000010001001010,22.501046873971205,9.765625e-05
01010001110000001100,23.22544164812613,9.765625e-05
10100010000111100001,51.550238128010285,9.765625e-05
10100110001111001110,33.69153193499058,9.765625e-05
10011101000001001110,20.960811371421066,9.765625e-05
00111001100010010010,17.622654691702564,9.765625e-05
10010100101111100001,23.69168027988221,9.765625e-05
01110110010101010011,12.315369346131277,9.765625e-05
10000111000010011100,17.056106269619544,9.765625e-05
11111000100011000001,19.867866011047095,9.765625e-05
11001101100011001001,17.429304372057814,9.765625e-05
11001011000010000111,25.02072346605226,9.765625e-05
10010101011100100000,17.09564562289616,9.765625e-05
01010001000111101100,30.031236332129186,9.765625e-05
10101111111011101000,23.710521231446975,9.765625e-05
01110001101001000110,18.559578880610974,9.765625e-05
00110000111010111100,39.317476213714436,9.765625e-05
11111100111111111010,8.846878321096,9.765625e-05
00111011010110101010,21.213415015094373,9.765625e-05
11111000000111010001,26.83940811623729,9.765625e-05
11000000000100010101,23.38413810490067,9.765625e-05
01101101111110111010,19.269523907609262,9.765625e-05
11111001011101101110,14.72733843049973,9.765625e-05
01011101011010101001,28.314901283266103,9.765625e-05
11000111101111001011,21.521287416044338,9.765625e-05
10000100111110011001,37.354931515925415,9.765625e-05
00110111100111010011,13.28844492203584,9.765625e-05
00011000010011110011,30.95934831535957,9.765625e-05
10001111011110110110,23.894646063133493,9.765625e-05
11001000000000000001,19.90025840941901,9.765625e-05
00001100011110011011,31.23263931392416,9.765625e-05
01100001010001001010,17.337265354973763,9.765625e-05
10011010101101101011,31.413416762874803,9.765625e-05
10101110001000100110,40.21674207335539,9.765625e-05
00111101010110110001,13.096884559990256,9.765625e-05
00111010001110001000,24.139174445370628,9.765625e-05
01011101001111111001,24.072448000478722,9.765625e-05
01110101100011011011,31.284423379597513,9.765625e-05
01100111101101110110,17.561543313958538,9.765625e-05
11001100110000000101,12.298198418091047,9.765625e-05
00110000111000100001,22.850000925572814,9.765625e-05
10000110001001011110,29.581978731793985,9.765625e-05
01000010000111000000,22.9597956345274,9.765625e-05
11000011000100101000,14.323643738481831,9.765625e-05
11010011001001110101,18.786939671236414,9.765625e-05
00010111101000010010,28.844154947789022,9.765625e-05
11011010100110001101,20.72964255252077,9.765625e-05
01010011001001001101,19.02646638979267,9.765625e-05
10000111101010000011,24.535799622859937,9.765625e-05
00011101011100010000,11.812160235457434,9.765625e-05
11111001111000100110,10.874566261601828,9.765625e-05
10010111101000110000,24.791848065287542,9.765625e-05
00000110000111010000,21.012185915570907,9.765625e-05
11110001000101000001,15.617329767227861,9.765625e-05
10001101000001000100,15.113802826645092,9.765625e-05
01100000101001100100,26.87891530914622,9.765625e-05
11101110011101101010,31.12485148829017,0.0001953125
01010100010111100011,24.373653682116746,9.765625e-05
10000100101110000101,31.49918403666471,9.765625e-05
01010000100011010111,35.58047465087612,9.765625e-05
00011110110001010011,18.533936785553443,9.765625e-05
10001001110011110001,30.58751239768095,9.765625e-05
10011110110101100000,19.730569607032024,9.765625e-05
11101001100000101000,19.297951579824833,9.765625e-05
11110010000000000100,24.861816412276845,9.765625e-05
00100110001110111011,30.260970516624806,9.765625e-05
00100101100110000100,19.28208342984293,9.765625e-05
00111111010000110000,27.18196995239274,9.765625e-05
00001100100100111100,28.167747801123124,9.765625e-05
00111010101101000100,31.206515632876958,9.765625e-05
01101111111111111100,15.802983667841824,9.765625e-05
11111001000001110000,24.947332804730905,9.765625e-05
11101100101101011100,16.32644778946847,9.765625e-05
01110101110101011101,13.297413689800319,9.765625e-05
00111111011010000100,20.50551230197358,9.765625e-05
01100111111011001011,20.14318716114829,9.765625e-05
00000010001111101000,43.689781837764414,9.765625e-05
11101011100000000000,35.77216353404093,9.765625e-05
11001101100100100101,13.350254000034198,9.765625e-05
00010011000100000000,12.000950986844298,9.765625e-05
00000000010010101010,49.08426246929079,9.765625e-05
11110100010111101010,14.112109681495955,9.765625e-05
10001001111100000000,24.411693100864166,9.765625e-05
